VCD: disabled (pass +dump_vcd to enable)
=========================================
PCPI Vedic Multiplier Testbench Starting
=========================================

[1] MUL Instruction Tests
PCPI_METRIC funct3=0 rs1=00000000 rs2=00000000 latency=7 wait_cycles=6 result=00000000
PCPI_METRIC funct3=0 rs1=00000001 rs2=00000001 latency=7 wait_cycles=6 result=00000001
PCPI_METRIC funct3=0 rs1=00000005 rs2=00000007 latency=7 wait_cycles=6 result=00000023
PCPI_METRIC funct3=0 rs1=ffffffff rs2=00000001 latency=7 wait_cycles=6 result=ffffffff
PCPI_METRIC funct3=0 rs1=ffffffff rs2=ffffffff latency=7 wait_cycles=6 result=00000001
PCPI_METRIC funct3=0 rs1=80000000 rs2=00000002 latency=7 wait_cycles=6 result=00000000

[2] MULH Instruction Tests
PCPI_METRIC funct3=1 rs1=ffffffff rs2=ffffffff latency=7 wait_cycles=6 result=00000000
PCPI_METRIC funct3=1 rs1=80000000 rs2=80000000 latency=7 wait_cycles=6 result=40000000
PCPI_METRIC funct3=1 rs1=7fffffff rs2=7fffffff latency=7 wait_cycles=6 result=3fffffff
PCPI_METRIC funct3=1 rs1=ffffffff rs2=80000000 latency=7 wait_cycles=6 result=00000000
PCPI_METRIC funct3=1 rs1=00000064 rs2=000000c8 latency=7 wait_cycles=6 result=00000000

[3] MULHSU Instruction Tests
PCPI_METRIC funct3=2 rs1=ffffffff rs2=ffffffff latency=7 wait_cycles=6 result=ffffffff
PCPI_METRIC funct3=2 rs1=80000000 rs2=ffffffff latency=7 wait_cycles=6 result=80000000
PCPI_METRIC funct3=2 rs1=7fffffff rs2=ffffffff latency=7 wait_cycles=6 result=7ffffffe
PCPI_METRIC funct3=2 rs1=ffffffff rs2=00000001 latency=7 wait_cycles=6 result=ffffffff
PCPI_METRIC funct3=2 rs1=00000001 rs2=ffffffff latency=7 wait_cycles=6 result=00000000

[4] MULHU Instruction Tests
PCPI_METRIC funct3=3 rs1=ffffffff rs2=ffffffff latency=7 wait_cycles=6 result=fffffffe
PCPI_METRIC funct3=3 rs1=80000000 rs2=80000000 latency=7 wait_cycles=6 result=40000000
PCPI_METRIC funct3=3 rs1=00010000 rs2=00010000 latency=7 wait_cycles=6 result=00000001
PCPI_METRIC funct3=3 rs1=00010000 rs2=00010000 latency=7 wait_cycles=6 result=00000001

[5] Back-to-Back Transaction Test
PCPI_METRIC funct3=0 rs1=0000000a rs2=0000000a latency=7 wait_cycles=6 result=00000064
PCPI_METRIC funct3=0 rs1=00000014 rs2=00000014 latency=7 wait_cycles=6 result=00000190
PCPI_METRIC funct3=0 rs1=0000001e rs2=0000001e latency=7 wait_cycles=6 result=00000384
PCPI_METRIC funct3=0 rs1=00000028 rs2=00000028 latency=7 wait_cycles=6 result=00000640
PCPI_METRIC funct3=0 rs1=00000032 rs2=00000032 latency=7 wait_cycles=6 result=000009c4

[5b] Back-to-Back Stress Test (20 ops, no inserted idle cycles)
PCPI_METRIC funct3=0 rs1=01010001 rs2=80000001 latency=7 wait_cycles=6 result=81010001 stress=1
PCPI_METRIC funct3=1 rs1=01000020 rs2=80000012 latency=7 wait_cycles=6 result=ff7ffff0 stress=1
PCPI_METRIC funct3=2 rs1=01030043 rs2=80000023 latency=7 wait_cycles=6 result=00818021 stress=1
PCPI_METRIC funct3=3 rs1=01020062 rs2=80000034 latency=7 wait_cycles=6 result=00810031 stress=1
PCPI_METRIC funct3=0 rs1=01050085 rs2=80000045 latency=7 wait_cycles=6 result=c65923d9 stress=1
PCPI_METRIC funct3=1 rs1=010400a4 rs2=80000056 latency=7 wait_cycles=6 result=ff7dffae stress=1
PCPI_METRIC funct3=2 rs1=010700c7 rs2=80000067 latency=7 wait_cycles=6 result=00838063 stress=1
PCPI_METRIC funct3=3 rs1=010600e6 rs2=80000078 latency=7 wait_cycles=6 result=00830073 stress=1
PCPI_METRIC funct3=0 rs1=01090109 rs2=80000089 latency=7 wait_cycles=6 result=0dd18dd1 stress=1
PCPI_METRIC funct3=1 rs1=01080128 rs2=8000009a latency=7 wait_cycles=6 result=ff7bff6c stress=1
PCPI_METRIC funct3=2 rs1=010b014b rs2=800000ab latency=7 wait_cycles=6 result=008580a6 stress=1
PCPI_METRIC funct3=3 rs1=010a016a rs2=800000bc latency=7 wait_cycles=6 result=008500b5 stress=1
PCPI_METRIC funct3=0 rs1=010d018d rs2=800000cd latency=7 wait_cycles=6 result=576a3de9 stress=1
PCPI_METRIC funct3=1 rs1=010c01ac rs2=800000de latency=7 wait_cycles=6 result=ff79ff2a stress=1
PCPI_METRIC funct3=2 rs1=010f01cf rs2=800000ef latency=7 wait_cycles=6 result=008780e8 stress=1
PCPI_METRIC funct3=3 rs1=010e01ee rs2=80000100 latency=7 wait_cycles=6 result=008700f8 stress=1
PCPI_METRIC funct3=0 rs1=01110211 rs2=80000111 latency=7 wait_cycles=6 result=a3233421 stress=1
PCPI_METRIC funct3=1 rs1=01100230 rs2=80000122 latency=7 wait_cycles=6 result=ff77fee9 stress=1
PCPI_METRIC funct3=2 rs1=01130253 rs2=80000133 latency=7 wait_cycles=6 result=0089812a stress=1
PCPI_METRIC funct3=3 rs1=01120272 rs2=80000144 latency=7 wait_cycles=6 result=0089013a stress=1

[6] Random Tests (1000 vectors x 4 variants)
PCPI_METRIC funct3=0 rs1=12153524 rs2=c0895e81 latency=7 wait_cycles=6 result=5676ff24
PCPI_METRIC funct3=1 rs1=12153524 rs2=c0895e81 latency=7 wait_cycles=6 result=fb8466bd
PCPI_METRIC funct3=2 rs1=12153524 rs2=c0895e81 latency=7 wait_cycles=6 result=0d999be1
PCPI_METRIC funct3=3 rs1=12153524 rs2=c0895e81 latency=7 wait_cycles=6 result=0d999be1
PCPI_METRIC funct3=0 rs1=8484d609 rs2=b1f05663 latency=7 wait_cycles=6 result=c0b5cb7b
PCPI_METRIC funct3=1 rs1=8484d609 rs2=b1f05663 latency=7 wait_cycles=6 result=25a714d0
PCPI_METRIC funct3=2 rs1=8484d609 rs2=b1f05663 latency=7 wait_cycles=6 result=aa2bead9
PCPI_METRIC funct3=3 rs1=8484d609 rs2=b1f05663 latency=7 wait_cycles=6 result=5c1c413c
PCPI_METRIC funct3=0 rs1=06b97b0d rs2=46df998d latency=7 wait_cycles=6 result=4d068b29
PCPI_METRIC funct3=1 rs1=06b97b0d rs2=46df998d latency=7 wait_cycles=6 result=01dc9740
PCPI_METRIC funct3=2 rs1=06b97b0d rs2=46df998d latency=7 wait_cycles=6 result=01dc9740
PCPI_METRIC funct3=3 rs1=06b97b0d rs2=46df998d latency=7 wait_cycles=6 result=01dc9740
PCPI_METRIC funct3=0 rs1=b2c28465 rs2=89375212 latency=7 wait_cycles=6 result=5ec8a91a
PCPI_METRIC funct3=1 rs1=b2c28465 rs2=89375212 latency=7 wait_cycles=6 result=23d6e37c
PCPI_METRIC funct3=2 rs1=b2c28465 rs2=89375212 latency=7 wait_cycles=6 result=d69967e1
PCPI_METRIC funct3=3 rs1=b2c28465 rs2=89375212 latency=7 wait_cycles=6 result=5fd0b9f3
PCPI_METRIC funct3=0 rs1=00f3e301 rs2=06d7cd0d latency=7 wait_cycles=6 result=0501540d
PCPI_METRIC funct3=1 rs1=00f3e301 rs2=06d7cd0d latency=7 wait_cycles=6 result=000684e9
PCPI_METRIC funct3=2 rs1=00f3e301 rs2=06d7cd0d latency=7 wait_cycles=6 result=000684e9
PCPI_METRIC funct3=3 rs1=00f3e301 rs2=06d7cd0d latency=7 wait_cycles=6 result=000684e9
PCPI_METRIC funct3=0 rs1=3b23f176 rs2=1e8dcd3d latency=7 wait_cycles=6 result=b1ea071e
PCPI_METRIC funct3=1 rs1=3b23f176 rs2=1e8dcd3d latency=7 wait_cycles=6 result=070ef881
PCPI_METRIC funct3=2 rs1=3b23f176 rs2=1e8dcd3d latency=7 wait_cycles=6 result=070ef881
PCPI_METRIC funct3=3 rs1=3b23f176 rs2=1e8dcd3d latency=7 wait_cycles=6 result=070ef881
PCPI_METRIC funct3=0 rs1=76d457ed rs2=462df78c latency=7 wait_cycles=6 result=1f9ec09c
PCPI_METRIC funct3=1 rs1=76d457ed rs2=462df78c latency=7 wait_cycles=6 result=20936646
PCPI_METRIC funct3=2 rs1=76d457ed rs2=462df78c latency=7 wait_cycles=6 result=20936646
PCPI_METRIC funct3=3 rs1=76d457ed rs2=462df78c latency=7 wait_cycles=6 result=20936646
PCPI_METRIC funct3=0 rs1=7cfde9f9 rs2=e33724c6 latency=7 wait_cycles=6 result=70c8fa96
PCPI_METRIC funct3=1 rs1=7cfde9f9 rs2=e33724c6 latency=7 wait_cycles=6 result=f1f22900
PCPI_METRIC funct3=2 rs1=7cfde9f9 rs2=e33724c6 latency=7 wait_cycles=6 result=6ef012f9
PCPI_METRIC funct3=3 rs1=7cfde9f9 rs2=e33724c6 latency=7 wait_cycles=6 result=6ef012f9
PCPI_METRIC funct3=0 rs1=e2f784c5 rs2=d513d2aa latency=7 wait_cycles=6 result=86e6c4d2
PCPI_METRIC funct3=1 rs1=e2f784c5 rs2=d513d2aa latency=7 wait_cycles=6 result=04de2d2d
PCPI_METRIC funct3=2 rs1=e2f784c5 rs2=d513d2aa latency=7 wait_cycles=6 result=e7d5b1f2
PCPI_METRIC funct3=3 rs1=e2f784c5 rs2=d513d2aa latency=7 wait_cycles=6 result=bce9849c
PCPI_METRIC funct3=0 rs1=72aff7e5 rs2=bbd27277 latency=7 wait_cycles=6 result=4d0a3573
PCPI_METRIC funct3=1 rs1=72aff7e5 rs2=bbd27277 latency=7 wait_cycles=6 result=e174d9d0
PCPI_METRIC funct3=2 rs1=72aff7e5 rs2=bbd27277 latency=7 wait_cycles=6 result=5424d1b5
PCPI_METRIC funct3=3 rs1=72aff7e5 rs2=bbd27277 latency=7 wait_cycles=6 result=5424d1b5
PCPI_METRIC funct3=0 rs1=8932d612 rs2=47ecdb8f latency=7 wait_cycles=6 result=771efa0e
PCPI_METRIC funct3=1 rs1=8932d612 rs2=47ecdb8f latency=7 wait_cycles=6 result=de9f2e58
PCPI_METRIC funct3=2 rs1=8932d612 rs2=47ecdb8f latency=7 wait_cycles=6 result=de9f2e58
PCPI_METRIC funct3=3 rs1=8932d612 rs2=47ecdb8f latency=7 wait_cycles=6 result=268c09e7
PCPI_METRIC funct3=0 rs1=793069f2 rs2=e77696ce latency=7 wait_cycles=6 result=16950cbc
PCPI_METRIC funct3=1 rs1=793069f2 rs2=e77696ce latency=7 wait_cycles=6 result=f462695c
PCPI_METRIC funct3=2 rs1=793069f2 rs2=e77696ce latency=7 wait_cycles=6 result=6d92d34e
PCPI_METRIC funct3=3 rs1=793069f2 rs2=e77696ce latency=7 wait_cycles=6 result=6d92d34e
PCPI_METRIC funct3=0 rs1=f4007ae8 rs2=e2ca4ec5 latency=7 wait_cycles=6 result=b4e14488
PCPI_METRIC funct3=1 rs1=f4007ae8 rs2=e2ca4ec5 latency=7 wait_cycles=6 result=015e7648
PCPI_METRIC funct3=2 rs1=f4007ae8 rs2=e2ca4ec5 latency=7 wait_cycles=6 result=f55ef130
PCPI_METRIC funct3=3 rs1=f4007ae8 rs2=e2ca4ec5 latency=7 wait_cycles=6 result=d8293ff5
PCPI_METRIC funct3=0 rs1=2e58495c rs2=de8e28bd latency=7 wait_cycles=6 result=7bac88ec
PCPI_METRIC funct3=1 rs1=2e58495c rs2=de8e28bd latency=7 wait_cycles=6 result=f9f2029a
PCPI_METRIC funct3=2 rs1=2e58495c rs2=de8e28bd latency=7 wait_cycles=6 result=284a4bf6
PCPI_METRIC funct3=3 rs1=2e58495c rs2=de8e28bd latency=7 wait_cycles=6 result=284a4bf6
PCPI_METRIC funct3=0 rs1=96ab582d rs2=b2a72665 latency=7 wait_cycles=6 result=b00b77c1
PCPI_METRIC funct3=1 rs1=96ab582d rs2=b2a72665 latency=7 wait_cycles=6 result=1fd3051c
PCPI_METRIC funct3=2 rs1=96ab582d rs2=b2a72665 latency=7 wait_cycles=6 result=b67e5d49
PCPI_METRIC funct3=3 rs1=96ab582d rs2=b2a72665 latency=7 wait_cycles=6 result=692583ae
PCPI_METRIC funct3=0 rs1=b1ef6263 rs2=0573870a latency=7 wait_cycles=6 result=51b50cde
PCPI_METRIC funct3=1 rs1=b1ef6263 rs2=0573870a latency=7 wait_cycles=6 result=fe567247
PCPI_METRIC funct3=2 rs1=b1ef6263 rs2=0573870a latency=7 wait_cycles=6 result=fe567247
PCPI_METRIC funct3=3 rs1=b1ef6263 rs2=0573870a latency=7 wait_cycles=6 result=03c9f951
PCPI_METRIC funct3=0 rs1=c03b2280 rs2=10642120 latency=7 wait_cycles=6 result=20d6d000
PCPI_METRIC funct3=1 rs1=c03b2280 rs2=10642120 latency=7 wait_cycles=6 result=fbeac101
PCPI_METRIC funct3=2 rs1=c03b2280 rs2=10642120 latency=7 wait_cycles=6 result=fbeac101
PCPI_METRIC funct3=3 rs1=c03b2280 rs2=10642120 latency=7 wait_cycles=6 result=0c4ee221
PCPI_METRIC funct3=0 rs1=557845aa rs2=cecccc9d latency=7 wait_cycles=6 result=91be3142
PCPI_METRIC funct3=1 rs1=557845aa rs2=cecccc9d latency=7 wait_cycles=6 result=ef92e28c
PCPI_METRIC funct3=2 rs1=557845aa rs2=cecccc9d latency=7 wait_cycles=6 result=450b2836
PCPI_METRIC funct3=3 rs1=557845aa rs2=cecccc9d latency=7 wait_cycles=6 result=450b2836
PCPI_METRIC funct3=0 rs1=cb203e96 rs2=8983b813 latency=7 wait_cycles=6 result=8d227522
PCPI_METRIC funct3=1 rs1=cb203e96 rs2=8983b813 latency=7 wait_cycles=6 result=1878ce63
PCPI_METRIC funct3=2 rs1=cb203e96 rs2=8983b813 latency=7 wait_cycles=6 result=e3990cf9
PCPI_METRIC funct3=3 rs1=cb203e96 rs2=8983b813 latency=7 wait_cycles=6 result=6d1cc50c
PCPI_METRIC funct3=0 rs1=86bc380d rs2=a9a7d653 latency=7 wait_cycles=6 result=2b5c0a37
PCPI_METRIC funct3=1 rs1=86bc380d rs2=a9a7d653 latency=7 wait_cycles=6 result=28e68836
PCPI_METRIC funct3=2 rs1=86bc380d rs2=a9a7d653 latency=7 wait_cycles=6 result=afa2c043
PCPI_METRIC funct3=3 rs1=86bc380d rs2=a9a7d653 latency=7 wait_cycles=6 result=594a9696
PCPI_METRIC funct3=0 rs1=359fdd6b rs2=eaa62ad5 latency=7 wait_cycles=6 result=39b8c807
PCPI_METRIC funct3=1 rs1=359fdd6b rs2=eaa62ad5 latency=7 wait_cycles=6 result=fb87119b
PCPI_METRIC funct3=2 rs1=359fdd6b rs2=eaa62ad5 latency=7 wait_cycles=6 result=3126ef06
PCPI_METRIC funct3=3 rs1=359fdd6b rs2=eaa62ad5 latency=7 wait_cycles=6 result=3126ef06
PCPI_METRIC funct3=0 rs1=81174a02 rs2=d7563eae latency=7 wait_cycles=6 result=ec6cc95c
PCPI_METRIC funct3=1 rs1=81174a02 rs2=d7563eae latency=7 wait_cycles=6 result=142883e5
PCPI_METRIC funct3=2 rs1=81174a02 rs2=d7563eae latency=7 wait_cycles=6 result=953fcde7
PCPI_METRIC funct3=3 rs1=81174a02 rs2=d7563eae latency=7 wait_cycles=6 result=6c960c95
PCPI_METRIC funct3=0 rs1=0effe91d rs2=e7c572cf latency=7 wait_cycles=6 result=a50d6873
PCPI_METRIC funct3=1 rs1=0effe91d rs2=e7c572cf latency=7 wait_cycles=6 result=fe9493e4
PCPI_METRIC funct3=2 rs1=0effe91d rs2=e7c572cf latency=7 wait_cycles=6 result=0d947d01
PCPI_METRIC funct3=3 rs1=0effe91d rs2=e7c572cf latency=7 wait_cycles=6 result=0d947d01
PCPI_METRIC funct3=0 rs1=11844923 rs2=0509650a latency=7 wait_cycles=6 result=2140aa5e
PCPI_METRIC funct3=1 rs1=11844923 rs2=0509650a latency=7 wait_cycles=6 result=005839fe
PCPI_METRIC funct3=2 rs1=11844923 rs2=0509650a latency=7 wait_cycles=6 result=005839fe
PCPI_METRIC funct3=3 rs1=11844923 rs2=0509650a latency=7 wait_cycles=6 result=005839fe
PCPI_METRIC funct3=0 rs1=e5730aca rs2=9e314c3c latency=7 wait_cycles=6 result=aad47f58
PCPI_METRIC funct3=1 rs1=e5730aca rs2=9e314c3c latency=7 wait_cycles=6 result=0a24d8fb
PCPI_METRIC funct3=2 rs1=e5730aca rs2=9e314c3c latency=7 wait_cycles=6 result=ef97e3c5
PCPI_METRIC funct3=3 rs1=e5730aca rs2=9e314c3c latency=7 wait_cycles=6 result=8dc93001
PCPI_METRIC funct3=0 rs1=7968bdf2 rs2=452e618a latency=7 wait_cycles=6 result=7deb1674
PCPI_METRIC funct3=1 rs1=7968bdf2 rs2=452e618a latency=7 wait_cycles=6 result=20cf3a46
PCPI_METRIC funct3=2 rs1=7968bdf2 rs2=452e618a latency=7 wait_cycles=6 result=20cf3a46
PCPI_METRIC funct3=3 rs1=7968bdf2 rs2=452e618a latency=7 wait_cycles=6 result=20cf3a46
PCPI_METRIC funct3=0 rs1=20c4b341 rs2=ec4b34d8 latency=7 wait_cycles=6 result=0a6b72d8
PCPI_METRIC funct3=1 rs1=20c4b341 rs2=ec4b34d8 latency=7 wait_cycles=6 result=fd7a4263
PCPI_METRIC funct3=2 rs1=20c4b341 rs2=ec4b34d8 latency=7 wait_cycles=6 result=1e3ef5a4
PCPI_METRIC funct3=3 rs1=20c4b341 rs2=ec4b34d8 latency=7 wait_cycles=6 result=1e3ef5a4
PCPI_METRIC funct3=0 rs1=3c20f378 rs2=c48a1289 latency=7 wait_cycles=6 result=9d70bb38
PCPI_METRIC funct3=1 rs1=3c20f378 rs2=c48a1289 latency=7 wait_cycles=6 result=f208b50d
PCPI_METRIC funct3=2 rs1=3c20f378 rs2=c48a1289 latency=7 wait_cycles=6 result=2e29a885
PCPI_METRIC funct3=3 rs1=3c20f378 rs2=c48a1289 latency=7 wait_cycles=6 result=2e29a885
PCPI_METRIC funct3=0 rs1=75c50deb rs2=5b0265b6 latency=7 wait_cycles=6 result=1d6b9c12
PCPI_METRIC funct3=1 rs1=75c50deb rs2=5b0265b6 latency=7 wait_cycles=6 result=29de2647
PCPI_METRIC funct3=2 rs1=75c50deb rs2=5b0265b6 latency=7 wait_cycles=6 result=29de2647
PCPI_METRIC funct3=3 rs1=75c50deb rs2=5b0265b6 latency=7 wait_cycles=6 result=29de2647
PCPI_METRIC funct3=0 rs1=634bf9c6 rs2=571513ae latency=7 wait_cycles=6 result=e86b7694
PCPI_METRIC funct3=1 rs1=634bf9c6 rs2=571513ae latency=7 wait_cycles=6 result=21c6febf
PCPI_METRIC funct3=2 rs1=634bf9c6 rs2=571513ae latency=7 wait_cycles=6 result=21c6febf
PCPI_METRIC funct3=3 rs1=634bf9c6 rs2=571513ae latency=7 wait_cycles=6 result=21c6febf
PCPI_METRIC funct3=0 rs1=de7502bc rs2=150fdd2a latency=7 wait_cycles=6 result=1792bed8
PCPI_METRIC funct3=1 rs1=de7502bc rs2=150fdd2a latency=7 wait_cycles=6 result=fd3d851a
PCPI_METRIC funct3=2 rs1=de7502bc rs2=150fdd2a latency=7 wait_cycles=6 result=fd3d851a
PCPI_METRIC funct3=3 rs1=de7502bc rs2=150fdd2a latency=7 wait_cycles=6 result=124d6244
PCPI_METRIC funct3=0 rs1=85d79a0b rs2=b897be71 latency=7 wait_cycles=6 result=dcfc28db
PCPI_METRIC funct3=1 rs1=85d79a0b rs2=b897be71 latency=7 wait_cycles=6 result=2212f3f8
PCPI_METRIC funct3=2 rs1=85d79a0b rs2=b897be71 latency=7 wait_cycles=6 result=a7ea8e03
PCPI_METRIC funct3=3 rs1=85d79a0b rs2=b897be71 latency=7 wait_cycles=6 result=60824c74
PCPI_METRIC funct3=0 rs1=42f24185 rs2=27f2554f latency=7 wait_cycles=6 result=4b3d610b
PCPI_METRIC funct3=1 rs1=42f24185 rs2=27f2554f latency=7 wait_cycles=6 result=0a72474c
PCPI_METRIC funct3=2 rs1=42f24185 rs2=27f2554f latency=7 wait_cycles=6 result=0a72474c
PCPI_METRIC funct3=3 rs1=42f24185 rs2=27f2554f latency=7 wait_cycles=6 result=0a72474c
PCPI_METRIC funct3=0 rs1=9dcc603b rs2=1d06333a latency=7 wait_cycles=6 result=67db8e5e
PCPI_METRIC funct3=1 rs1=9dcc603b rs2=1d06333a latency=7 wait_cycles=6 result=f4ddc60a
PCPI_METRIC funct3=2 rs1=9dcc603b rs2=1d06333a latency=7 wait_cycles=6 result=f4ddc60a
PCPI_METRIC funct3=3 rs1=9dcc603b rs2=1d06333a latency=7 wait_cycles=6 result=11e3f944
PCPI_METRIC funct3=0 rs1=bf23327e rs2=0aaa4b15 latency=7 wait_cycles=6 result=715a0e56
PCPI_METRIC funct3=1 rs1=bf23327e rs2=0aaa4b15 latency=7 wait_cycles=6 result=fd4c3a52
PCPI_METRIC funct3=2 rs1=bf23327e rs2=0aaa4b15 latency=7 wait_cycles=6 result=fd4c3a52
PCPI_METRIC funct3=3 rs1=bf23327e rs2=0aaa4b15 latency=7 wait_cycles=6 result=07f68567
PCPI_METRIC funct3=0 rs1=78d99bf1 rs2=6c9c4bd9 latency=7 wait_cycles=6 result=e400ca49
PCPI_METRIC funct3=1 rs1=78d99bf1 rs2=6c9c4bd9 latency=7 wait_cycles=6 result=33459632
PCPI_METRIC funct3=2 rs1=78d99bf1 rs2=6c9c4bd9 latency=7 wait_cycles=6 result=33459632
PCPI_METRIC funct3=3 rs1=78d99bf1 rs2=6c9c4bd9 latency=7 wait_cycles=6 result=33459632
PCPI_METRIC funct3=0 rs1=31230762 rs2=2635fb4c latency=7 wait_cycles=6 result=01ed4718
PCPI_METRIC funct3=1 rs1=31230762 rs2=2635fb4c latency=7 wait_cycles=6 result=07558f95
PCPI_METRIC funct3=2 rs1=31230762 rs2=2635fb4c latency=7 wait_cycles=6 result=07558f95
PCPI_METRIC funct3=3 rs1=31230762 rs2=2635fb4c latency=7 wait_cycles=6 result=07558f95
PCPI_METRIC funct3=0 rs1=4fa1559f rs2=47b9a18f latency=7 wait_cycles=6 result=eaded2d1
PCPI_METRIC funct3=1 rs1=4fa1559f rs2=47b9a18f latency=7 wait_cycles=6 result=164f7c96
PCPI_METRIC funct3=2 rs1=4fa1559f rs2=47b9a18f latency=7 wait_cycles=6 result=164f7c96
PCPI_METRIC funct3=3 rs1=4fa1559f rs2=47b9a18f latency=7 wait_cycles=6 result=164f7c96
PCPI_METRIC funct3=0 rs1=7c6da9f8 rs2=dbcd60b7 latency=7 wait_cycles=6 result=55b98048
PCPI_METRIC funct3=1 rs1=7c6da9f8 rs2=dbcd60b7 latency=7 wait_cycles=6 result=ee67f942
PCPI_METRIC funct3=2 rs1=7c6da9f8 rs2=dbcd60b7 latency=7 wait_cycles=6 result=6ad5a33a
PCPI_METRIC funct3=3 rs1=7c6da9f8 rs2=dbcd60b7 latency=7 wait_cycles=6 result=6ad5a33a
PCPI_METRIC funct3=0 rs1=cfc4569f rs2=ae7d945c latency=7 wait_cycles=6 result=8a460d24
PCPI_METRIC funct3=1 rs1=cfc4569f rs2=ae7d945c latency=7 wait_cycles=6 result=0f5b732b
PCPI_METRIC funct3=2 rs1=cfc4569f rs2=ae7d945c latency=7 wait_cycles=6 result=df1fc9ca
PCPI_METRIC funct3=3 rs1=cfc4569f rs2=ae7d945c latency=7 wait_cycles=6 result=8d9d5e26
PCPI_METRIC funct3=0 rs1=adcbc05b rs2=44de3789 latency=7 wait_cycles=6 result=c3477db3
PCPI_METRIC funct3=1 rs1=adcbc05b rs2=44de3789 latency=7 wait_cycles=6 result=e9e2c3f3
PCPI_METRIC funct3=2 rs1=adcbc05b rs2=44de3789 latency=7 wait_cycles=6 result=e9e2c3f3
PCPI_METRIC funct3=3 rs1=adcbc05b rs2=44de3789 latency=7 wait_cycles=6 result=2ec0fb7c
PCPI_METRIC funct3=0 rs1=a4ae3249 rs2=e8233ed0 latency=7 wait_cycles=6 result=05b18950
PCPI_METRIC funct3=1 rs1=a4ae3249 rs2=e8233ed0 latency=7 wait_cycles=6 result=088318b2
PCPI_METRIC funct3=2 rs1=a4ae3249 rs2=e8233ed0 latency=7 wait_cycles=6 result=ad314afb
PCPI_METRIC funct3=3 rs1=a4ae3249 rs2=e8233ed0 latency=7 wait_cycles=6 result=955489cb
PCPI_METRIC funct3=0 rs1=ebfec0d7 rs2=a8c7fc51 latency=7 wait_cycles=6 result=708fa807
PCPI_METRIC funct3=1 rs1=ebfec0d7 rs2=a8c7fc51 latency=7 wait_cycles=6 result=06d0cd06
PCPI_METRIC funct3=2 rs1=ebfec0d7 rs2=a8c7fc51 latency=7 wait_cycles=6 result=f2cf8ddd
PCPI_METRIC funct3=3 rs1=ebfec0d7 rs2=a8c7fc51 latency=7 wait_cycles=6 result=9b978a2e
PCPI_METRIC funct3=0 rs1=4b212f96 rs2=061d7f0c latency=7 wait_cycles=6 result=e427a508
PCPI_METRIC funct3=1 rs1=4b212f96 rs2=061d7f0c latency=7 wait_cycles=6 result=01cb6f28
PCPI_METRIC funct3=2 rs1=4b212f96 rs2=061d7f0c latency=7 wait_cycles=6 result=01cb6f28
PCPI_METRIC funct3=3 rs1=4b212f96 rs2=061d7f0c latency=7 wait_cycles=6 result=01cb6f28
PCPI_METRIC funct3=0 rs1=e12ccec2 rs2=6457edc8 latency=7 wait_cycles=6 result=72592190
PCPI_METRIC funct3=1 rs1=e12ccec2 rs2=6457edc8 latency=7 wait_cycles=6 result=f3eaea5c
PCPI_METRIC funct3=2 rs1=e12ccec2 rs2=6457edc8 latency=7 wait_cycles=6 result=f3eaea5c
PCPI_METRIC funct3=3 rs1=e12ccec2 rs2=6457edc8 latency=7 wait_cycles=6 result=5842d824
PCPI_METRIC funct3=0 rs1=bb825a77 rs2=1ef2ed3d latency=7 wait_cycles=6 result=d24db95b
PCPI_METRIC funct3=1 rs1=bb825a77 rs2=1ef2ed3d latency=7 wait_cycles=6 result=f7b8485a
PCPI_METRIC funct3=2 rs1=bb825a77 rs2=1ef2ed3d latency=7 wait_cycles=6 result=f7b8485a
PCPI_METRIC funct3=3 rs1=bb825a77 rs2=1ef2ed3d latency=7 wait_cycles=6 result=16ab3597
PCPI_METRIC funct3=0 rs1=090cdb12 rs2=bf05007e latency=7 wait_cycles=6 result=29add2dc
PCPI_METRIC funct3=1 rs1=090cdb12 rs2=bf05007e latency=7 wait_cycles=6 result=fdb3e9a5
PCPI_METRIC funct3=2 rs1=090cdb12 rs2=bf05007e latency=7 wait_cycles=6 result=06c0c4b7
PCPI_METRIC funct3=3 rs1=090cdb12 rs2=bf05007e latency=7 wait_cycles=6 result=06c0c4b7
PCPI_METRIC funct3=0 rs1=36e5816d rs2=1cd9e739 latency=7 wait_cycles=6 result=f2482c45
PCPI_METRIC funct3=1 rs1=36e5816d rs2=1cd9e739 latency=7 wait_cycles=6 result=062fd447
PCPI_METRIC funct3=2 rs1=36e5816d rs2=1cd9e739 latency=7 wait_cycles=6 result=062fd447
PCPI_METRIC funct3=3 rs1=36e5816d rs2=1cd9e739 latency=7 wait_cycles=6 result=062fd447
PCPI_METRIC funct3=0 rs1=0fd28f1f rs2=e9ebf6d3 latency=7 wait_cycles=6 result=f888c08d
PCPI_METRIC funct3=1 rs1=0fd28f1f rs2=e9ebf6d3 latency=7 wait_cycles=6 result=fea2aaae
PCPI_METRIC funct3=2 rs1=0fd28f1f rs2=e9ebf6d3 latency=7 wait_cycles=6 result=0e7539cd
PCPI_METRIC funct3=3 rs1=0fd28f1f rs2=e9ebf6d3 latency=7 wait_cycles=6 result=0e7539cd
PCPI_METRIC funct3=0 rs1=42d92f85 rs2=bc148878 latency=7 wait_cycles=6 result=1970ee58
PCPI_METRIC funct3=1 rs1=42d92f85 rs2=bc148878 latency=7 wait_cycles=6 result=ee43abfb
PCPI_METRIC funct3=2 rs1=42d92f85 rs2=bc148878 latency=7 wait_cycles=6 result=311cdb80
PCPI_METRIC funct3=3 rs1=42d92f85 rs2=bc148878 latency=7 wait_cycles=6 result=311cdb80
PCPI_METRIC funct3=0 rs1=2dda595b rs2=248b4b49 latency=7 wait_cycles=6 result=5bda23f3
PCPI_METRIC funct3=1 rs1=2dda595b rs2=248b4b49 latency=7 wait_cycles=6 result=068ba79b
PCPI_METRIC funct3=2 rs1=2dda595b rs2=248b4b49 latency=7 wait_cycles=6 result=068ba79b
PCPI_METRIC funct3=3 rs1=2dda595b rs2=248b4b49 latency=7 wait_cycles=6 result=068ba79b
PCPI_METRIC funct3=0 rs1=9ff2ae3f rs2=150caf2a latency=7 wait_cycles=6 result=78e1a756
PCPI_METRIC funct3=1 rs1=9ff2ae3f rs2=150caf2a latency=7 wait_cycles=6 result=f81a25f2
PCPI_METRIC funct3=2 rs1=9ff2ae3f rs2=150caf2a latency=7 wait_cycles=6 result=f81a25f2
PCPI_METRIC funct3=3 rs1=9ff2ae3f rs2=150caf2a latency=7 wait_cycles=6 result=0d26d51c
PCPI_METRIC funct3=0 rs1=2c156358 rs2=c33f3886 latency=7 wait_cycles=6 result=3b954010
PCPI_METRIC funct3=1 rs1=2c156358 rs2=c33f3886 latency=7 wait_cycles=6 result=f589ca53
PCPI_METRIC funct3=2 rs1=2c156358 rs2=c33f3886 latency=7 wait_cycles=6 result=219f2dab
PCPI_METRIC funct3=3 rs1=2c156358 rs2=c33f3886 latency=7 wait_cycles=6 result=219f2dab
PCPI_METRIC funct3=0 rs1=c71a0c8e rs2=ce2ff29c latency=7 wait_cycles=6 result=85cfe288
PCPI_METRIC funct3=1 rs1=c71a0c8e rs2=ce2ff29c latency=7 wait_cycles=6 result=0b124168
PCPI_METRIC funct3=2 rs1=c71a0c8e rs2=ce2ff29c latency=7 wait_cycles=6 result=d22c4df6
PCPI_METRIC funct3=3 rs1=c71a0c8e rs2=ce2ff29c latency=7 wait_cycles=6 result=a05c4092
PCPI_METRIC funct3=0 rs1=7d3599fa rs2=937dbc26 latency=7 wait_cycles=6 result=b01a731c
PCPI_METRIC funct3=1 rs1=7d3599fa rs2=937dbc26 latency=7 wait_cycles=6 result=caedaca2
PCPI_METRIC funct3=2 rs1=7d3599fa rs2=937dbc26 latency=7 wait_cycles=6 result=4823469c
PCPI_METRIC funct3=3 rs1=7d3599fa rs2=937dbc26 latency=7 wait_cycles=6 result=4823469c
PCPI_METRIC funct3=0 rs1=39961773 rs2=d18bb4a3 latency=7 wait_cycles=6 result=d17eca39
PCPI_METRIC funct3=1 rs1=39961773 rs2=d18bb4a3 latency=7 wait_cycles=6 result=f58cded2
PCPI_METRIC funct3=2 rs1=39961773 rs2=d18bb4a3 latency=7 wait_cycles=6 result=2f22f645
PCPI_METRIC funct3=3 rs1=39961773 rs2=d18bb4a3 latency=7 wait_cycles=6 result=2f22f645
PCPI_METRIC funct3=0 rs1=9799a82f rs2=d9d292b3 latency=7 wait_cycles=6 result=6fe966dd
PCPI_METRIC funct3=1 rs1=9799a82f rs2=d9d292b3 latency=7 wait_cycles=6 result=0f91b799
PCPI_METRIC funct3=2 rs1=9799a82f rs2=d9d292b3 latency=7 wait_cycles=6 result=a72b5fc8
PCPI_METRIC funct3=3 rs1=9799a82f rs2=d9d292b3 latency=7 wait_cycles=6 result=80fdf27b
PCPI_METRIC funct3=0 rs1=afd8565f rs2=22290d44 latency=7 wait_cycles=6 result=2510c43c
PCPI_METRIC funct3=1 rs1=afd8565f rs2=22290d44 latency=7 wait_cycles=6 result=f54de0f7
PCPI_METRIC funct3=2 rs1=afd8565f rs2=22290d44 latency=7 wait_cycles=6 result=f54de0f7
PCPI_METRIC funct3=3 rs1=afd8565f rs2=22290d44 latency=7 wait_cycles=6 result=1776ee3b
PCPI_METRIC funct3=0 rs1=7bf8fdf7 rs2=e59b36cb latency=7 wait_cycles=6 result=8b907cdd
PCPI_METRIC funct3=1 rs1=7bf8fdf7 rs2=e59b36cb latency=7 wait_cycles=6 result=f337e781
PCPI_METRIC funct3=2 rs1=7bf8fdf7 rs2=e59b36cb latency=7 wait_cycles=6 result=6f30e578
PCPI_METRIC funct3=3 rs1=7bf8fdf7 rs2=e59b36cb latency=7 wait_cycles=6 result=6f30e578
PCPI_METRIC funct3=0 rs1=f3091ae6 rs2=2d28db5a latency=7 wait_cycles=6 result=dd2636dc
PCPI_METRIC funct3=1 rs1=f3091ae6 rs2=2d28db5a latency=7 wait_cycles=6 result=fdb6880a
PCPI_METRIC funct3=2 rs1=f3091ae6 rs2=2d28db5a latency=7 wait_cycles=6 result=fdb6880a
PCPI_METRIC funct3=3 rs1=f3091ae6 rs2=2d28db5a latency=7 wait_cycles=6 result=2adf6364
PCPI_METRIC funct3=0 rs1=14cfc129 rs2=f682e2ed latency=7 wait_cycles=6 result=29ae04f5
PCPI_METRIC funct3=1 rs1=14cfc129 rs2=f682e2ed latency=7 wait_cycles=6 result=ff3a8667
PCPI_METRIC funct3=2 rs1=14cfc129 rs2=f682e2ed latency=7 wait_cycles=6 result=140a4790
PCPI_METRIC funct3=3 rs1=14cfc129 rs2=f682e2ed latency=7 wait_cycles=6 result=140a4790
PCPI_METRIC funct3=0 rs1=ed536cda rs2=b29fb665 latency=7 wait_cycles=6 result=20b2ee02
PCPI_METRIC funct3=1 rs1=ed536cda rs2=b29fb665 latency=7 wait_cycles=6 result=05a4ee58
PCPI_METRIC funct3=2 rs1=ed536cda rs2=b29fb665 latency=7 wait_cycles=6 result=f2f85b32
PCPI_METRIC funct3=3 rs1=ed536cda rs2=b29fb665 latency=7 wait_cycles=6 result=a5981197
PCPI_METRIC funct3=0 rs1=da8ae2b5 rs2=efbe94df latency=7 wait_cycles=6 result=e7621fab
PCPI_METRIC funct3=1 rs1=da8ae2b5 rs2=efbe94df latency=7 wait_cycles=6 result=0260e43d
PCPI_METRIC funct3=2 rs1=da8ae2b5 rs2=efbe94df latency=7 wait_cycles=6 result=dcebc6f2
PCPI_METRIC funct3=3 rs1=da8ae2b5 rs2=efbe94df latency=7 wait_cycles=6 result=ccaa5bd1
PCPI_METRIC funct3=0 rs1=3cf11979 rs2=2231ff44 latency=7 wait_cycles=6 result=4a934b24
PCPI_METRIC funct3=1 rs1=3cf11979 rs2=2231ff44 latency=7 wait_cycles=6 result=0823ec4c
PCPI_METRIC funct3=2 rs1=3cf11979 rs2=2231ff44 latency=7 wait_cycles=6 result=0823ec4c
PCPI_METRIC funct3=3 rs1=3cf11979 rs2=2231ff44 latency=7 wait_cycles=6 result=0823ec4c
PCPI_METRIC funct3=0 rs1=e8740cd0 rs2=15090b2a latency=7 wait_cycles=6 result=a2e70a20
PCPI_METRIC funct3=1 rs1=e8740cd0 rs2=15090b2a latency=7 wait_cycles=6 result=fe10b01a
PCPI_METRIC funct3=2 rs1=e8740cd0 rs2=15090b2a latency=7 wait_cycles=6 result=fe10b01a
PCPI_METRIC funct3=3 rs1=e8740cd0 rs2=15090b2a latency=7 wait_cycles=6 result=1319bb44
PCPI_METRIC funct3=0 rs1=55f6adab rs2=076fcf0e latency=7 wait_cycles=6 result=240fc45a
PCPI_METRIC funct3=1 rs1=55f6adab rs2=076fcf0e latency=7 wait_cycles=6 result=027f4a3c
PCPI_METRIC funct3=2 rs1=55f6adab rs2=076fcf0e latency=7 wait_cycles=6 result=027f4a3c
PCPI_METRIC funct3=3 rs1=55f6adab rs2=076fcf0e latency=7 wait_cycles=6 result=027f4a3c
PCPI_METRIC funct3=0 rs1=6e5daddc rs2=cd5ebc9a latency=7 wait_cycles=6 result=32d02658
PCPI_METRIC funct3=1 rs1=6e5daddc rs2=cd5ebc9a latency=7 wait_cycles=6 result=ea2c2e12
PCPI_METRIC funct3=2 rs1=6e5daddc rs2=cd5ebc9a latency=7 wait_cycles=6 result=5889dbee
PCPI_METRIC funct3=3 rs1=6e5daddc rs2=cd5ebc9a latency=7 wait_cycles=6 result=5889dbee
PCPI_METRIC funct3=0 rs1=fedf72fd rs2=e1f102c3 latency=7 wait_cycles=6 result=804790b7
PCPI_METRIC funct3=1 rs1=fedf72fd rs2=e1f102c3 latency=7 wait_cycles=6 result=0021e16b
PCPI_METRIC funct3=2 rs1=fedf72fd rs2=e1f102c3 latency=7 wait_cycles=6 result=ff015468
PCPI_METRIC funct3=3 rs1=fedf72fd rs2=e1f102c3 latency=7 wait_cycles=6 result=e0f2572b
PCPI_METRIC funct3=0 rs1=2b0eed56 rs2=2779e94e latency=7 wait_cycles=6 result=fc359634
PCPI_METRIC funct3=1 rs1=2b0eed56 rs2=2779e94e latency=7 wait_cycles=6 result=06a3c773
PCPI_METRIC funct3=2 rs1=2b0eed56 rs2=2779e94e latency=7 wait_cycles=6 result=06a3c773
PCPI_METRIC funct3=3 rs1=2b0eed56 rs2=2779e94e latency=7 wait_cycles=6 result=06a3c773
PCPI_METRIC funct3=0 rs1=b3d97667 rs2=8531340a latency=7 wait_cycles=6 result=5f428c06
PCPI_METRIC funct3=1 rs1=b3d97667 rs2=8531340a latency=7 wait_cycles=6 result=2487e141
PCPI_METRIC funct3=2 rs1=b3d97667 rs2=8531340a latency=7 wait_cycles=6 result=d86157a8
PCPI_METRIC funct3=3 rs1=b3d97667 rs2=8531340a latency=7 wait_cycles=6 result=5d928bb2
PCPI_METRIC funct3=0 rs1=5b6fb9b6 rs2=9c0e8a38 latency=7 wait_cycles=6 result=4a80bbd0
PCPI_METRIC funct3=1 rs1=5b6fb9b6 rs2=9c0e8a38 latency=7 wait_cycles=6 result=dc4d8cef
PCPI_METRIC funct3=2 rs1=5b6fb9b6 rs2=9c0e8a38 latency=7 wait_cycles=6 result=37bd46a5
PCPI_METRIC funct3=3 rs1=5b6fb9b6 rs2=9c0e8a38 latency=7 wait_cycles=6 result=37bd46a5
PCPI_METRIC funct3=0 rs1=3cd18779 rs2=dc2bc4b8 latency=7 wait_cycles=6 result=dfa502f8
PCPI_METRIC funct3=1 rs1=3cd18779 rs2=dc2bc4b8 latency=7 wait_cycles=6 result=f77ceee0
PCPI_METRIC funct3=2 rs1=3cd18779 rs2=dc2bc4b8 latency=7 wait_cycles=6 result=344e7659
PCPI_METRIC funct3=3 rs1=3cd18779 rs2=dc2bc4b8 latency=7 wait_cycles=6 result=344e7659
PCPI_METRIC funct3=0 rs1=4a74bf94 rs2=49c65d93 latency=7 wait_cycles=6 result=8b1ac5fc
PCPI_METRIC funct3=1 rs1=4a74bf94 rs2=49c65d93 latency=7 wait_cycles=6 result=1574fc24
PCPI_METRIC funct3=2 rs1=4a74bf94 rs2=49c65d93 latency=7 wait_cycles=6 result=1574fc24
PCPI_METRIC funct3=3 rs1=4a74bf94 rs2=49c65d93 latency=7 wait_cycles=6 result=1574fc24
PCPI_METRIC funct3=0 rs1=823f2c04 rs2=acb7ca59 latency=7 wait_cycles=6 result=478d7564
PCPI_METRIC funct3=1 rs1=823f2c04 rs2=acb7ca59 latency=7 wait_cycles=6 result=28e8fd51
PCPI_METRIC funct3=2 rs1=823f2c04 rs2=acb7ca59 latency=7 wait_cycles=6 result=ab282955
PCPI_METRIC funct3=3 rs1=823f2c04 rs2=acb7ca59 latency=7 wait_cycles=6 result=57dff3ae
PCPI_METRIC funct3=0 rs1=6dcb69db rs2=a6fcde4d latency=7 wait_cycles=6 result=a18ec0df
PCPI_METRIC funct3=1 rs1=6dcb69db rs2=a6fcde4d latency=7 wait_cycles=6 result=d9d2f05c
PCPI_METRIC funct3=2 rs1=6dcb69db rs2=a6fcde4d latency=7 wait_cycles=6 result=479e5a37
PCPI_METRIC funct3=3 rs1=6dcb69db rs2=a6fcde4d latency=7 wait_cycles=6 result=479e5a37
PCPI_METRIC funct3=0 rs1=6cb0b7d9 rs2=b6a4266d latency=7 wait_cycles=6 result=8f8c7d65
PCPI_METRIC funct3=1 rs1=6cb0b7d9 rs2=b6a4266d latency=7 wait_cycles=6 result=e0da9c61
PCPI_METRIC funct3=2 rs1=6cb0b7d9 rs2=b6a4266d latency=7 wait_cycles=6 result=4d8b543a
PCPI_METRIC funct3=3 rs1=6cb0b7d9 rs2=b6a4266d latency=7 wait_cycles=6 result=4d8b543a
PCPI_METRIC funct3=0 rs1=bb45e276 rs2=653b49ca latency=7 wait_cycles=6 result=71ea571c
PCPI_METRIC funct3=1 rs1=bb45e276 rs2=653b49ca latency=7 wait_cycles=6 result=e4d2a7a4
PCPI_METRIC funct3=2 rs1=bb45e276 rs2=653b49ca latency=7 wait_cycles=6 result=e4d2a7a4
PCPI_METRIC funct3=3 rs1=bb45e276 rs2=653b49ca latency=7 wait_cycles=6 result=4a0df16e
PCPI_METRIC funct3=0 rs1=5b172db6 rs2=4a937195 latency=7 wait_cycles=6 result=1b2cf0ee
PCPI_METRIC funct3=1 rs1=5b172db6 rs2=4a937195 latency=7 wait_cycles=6 result=1a8929f0
PCPI_METRIC funct3=2 rs1=5b172db6 rs2=4a937195 latency=7 wait_cycles=6 result=1a8929f0
PCPI_METRIC funct3=3 rs1=5b172db6 rs2=4a937195 latency=7 wait_cycles=6 result=1a8929f0
PCPI_METRIC funct3=0 rs1=a3071a46 rs2=02749b04 latency=7 wait_cycles=6 result=4cbccb18
PCPI_METRIC funct3=1 rs1=a3071a46 rs2=02749b04 latency=7 wait_cycles=6 result=ff1bb520
PCPI_METRIC funct3=2 rs1=a3071a46 rs2=02749b04 latency=7 wait_cycles=6 result=ff1bb520
PCPI_METRIC funct3=3 rs1=a3071a46 rs2=02749b04 latency=7 wait_cycles=6 result=01905024
PCPI_METRIC funct3=0 rs1=7bd261f7 rs2=34980769 latency=7 wait_cycles=6 result=e09fef4f
PCPI_METRIC funct3=1 rs1=7bd261f7 rs2=34980769 latency=7 wait_cycles=6 result=19704465
PCPI_METRIC funct3=2 rs1=7bd261f7 rs2=34980769 latency=7 wait_cycles=6 result=19704465
PCPI_METRIC funct3=3 rs1=7bd261f7 rs2=34980769 latency=7 wait_cycles=6 result=19704465
PCPI_METRIC funct3=0 rs1=da6ebab4 rs2=44018d88 latency=7 wait_cycles=6 result=925c53a0
PCPI_METRIC funct3=1 rs1=da6ebab4 rs2=44018d88 latency=7 wait_cycles=6 result=f6052f41
PCPI_METRIC funct3=2 rs1=da6ebab4 rs2=44018d88 latency=7 wait_cycles=6 result=f6052f41
PCPI_METRIC funct3=3 rs1=da6ebab4 rs2=44018d88 latency=7 wait_cycles=6 result=3a06bcc9
PCPI_METRIC funct3=0 rs1=147cd928 rs2=9690042d latency=7 wait_cycles=6 result=23d6cc08
PCPI_METRIC funct3=1 rs1=147cd928 rs2=9690042d latency=7 wait_cycles=6 result=f78fd4a5
PCPI_METRIC funct3=2 rs1=147cd928 rs2=9690042d latency=7 wait_cycles=6 result=0c0cadcd
PCPI_METRIC funct3=3 rs1=147cd928 rs2=9690042d latency=7 wait_cycles=6 result=0c0cadcd
PCPI_METRIC funct3=0 rs1=e3c530c7 rs2=975c9c2e latency=7 wait_cycles=6 result=ffac07c2
PCPI_METRIC funct3=1 rs1=e3c530c7 rs2=975c9c2e latency=7 wait_cycles=6 result=0b89e8a2
PCPI_METRIC funct3=2 rs1=e3c530c7 rs2=975c9c2e latency=7 wait_cycles=6 result=ef4f1969
PCPI_METRIC funct3=3 rs1=e3c530c7 rs2=975c9c2e latency=7 wait_cycles=6 result=86abb597
PCPI_METRIC funct3=0 rs1=8477e408 rs2=0e41451c latency=7 wait_cycles=6 result=239b18e0
PCPI_METRIC funct3=1 rs1=8477e408 rs2=0e41451c latency=7 wait_cycles=6 result=f91f0f90
PCPI_METRIC funct3=2 rs1=8477e408 rs2=0e41451c latency=7 wait_cycles=6 result=f91f0f90
PCPI_METRIC funct3=3 rs1=8477e408 rs2=0e41451c latency=7 wait_cycles=6 result=076054ac
PCPI_METRIC funct3=0 rs1=fea7a6fd rs2=149e0729 latency=7 wait_cycles=6 result=3290a985
PCPI_METRIC funct3=1 rs1=fea7a6fd rs2=149e0729 latency=7 wait_cycles=6 result=ffe4447b
PCPI_METRIC funct3=2 rs1=fea7a6fd rs2=149e0729 latency=7 wait_cycles=6 result=ffe4447b
PCPI_METRIC funct3=3 rs1=fea7a6fd rs2=149e0729 latency=7 wait_cycles=6 result=14824ba4
PCPI_METRIC funct3=0 rs1=8e37901c rs2=43356786 latency=7 wait_cycles=6 result=f5dcb2a8
PCPI_METRIC funct3=1 rs1=8e37901c rs2=43356786 latency=7 wait_cycles=6 result=e220ce34
PCPI_METRIC funct3=2 rs1=8e37901c rs2=43356786 latency=7 wait_cycles=6 result=e220ce34
PCPI_METRIC funct3=3 rs1=8e37901c rs2=43356786 latency=7 wait_cycles=6 result=255635ba
PCPI_METRIC funct3=0 rs1=ed3408da rs2=9eb7c63d latency=7 wait_cycles=6 result=a414b7f2
PCPI_METRIC funct3=1 rs1=ed3408da rs2=9eb7c63d latency=7 wait_cycles=6 result=07249640
PCPI_METRIC funct3=2 rs1=ed3408da rs2=9eb7c63d latency=7 wait_cycles=6 result=f4589f1a
PCPI_METRIC funct3=3 rs1=ed3408da rs2=9eb7c63d latency=7 wait_cycles=6 result=93106557
PCPI_METRIC funct3=0 rs1=334ea766 rs2=b855c470 latency=7 wait_cycles=6 result=8f7154a0
PCPI_METRIC funct3=1 rs1=334ea766 rs2=b855c470 latency=7 wait_cycles=6 result=f1a31167
PCPI_METRIC funct3=2 rs1=334ea766 rs2=b855c470 latency=7 wait_cycles=6 result=24f1b8cd
PCPI_METRIC funct3=3 rs1=334ea766 rs2=b855c470 latency=7 wait_cycles=6 result=24f1b8cd
PCPI_METRIC funct3=0 rs1=b9f50473 rs2=5d7199ba latency=7 wait_cycles=6 result=4970f68e
PCPI_METRIC funct3=1 rs1=b9f50473 rs2=5d7199ba latency=7 wait_cycles=6 result=e66eedb5
PCPI_METRIC funct3=2 rs1=b9f50473 rs2=5d7199ba latency=7 wait_cycles=6 result=e66eedb5
PCPI_METRIC funct3=3 rs1=b9f50473 rs2=5d7199ba latency=7 wait_cycles=6 result=43e0876f
PCPI_METRIC funct3=0 rs1=2f3ab35e rs2=7d4779fa latency=7 wait_cycles=6 result=832c97cc
PCPI_METRIC funct3=1 rs1=2f3ab35e rs2=7d4779fa latency=7 wait_cycles=6 result=171cd95d
PCPI_METRIC funct3=2 rs1=2f3ab35e rs2=7d4779fa latency=7 wait_cycles=6 result=171cd95d
PCPI_METRIC funct3=3 rs1=2f3ab35e rs2=7d4779fa latency=7 wait_cycles=6 result=171cd95d
PCPI_METRIC funct3=0 rs1=6a8e05d5 rs2=8d24f61a latency=7 wait_cycles=6 result=6efb45a2
PCPI_METRIC funct3=1 rs1=6a8e05d5 rs2=8d24f61a latency=7 wait_cycles=6 result=d03195c9
PCPI_METRIC funct3=2 rs1=6a8e05d5 rs2=8d24f61a latency=7 wait_cycles=6 result=3abf9b9e
PCPI_METRIC funct3=3 rs1=6a8e05d5 rs2=8d24f61a latency=7 wait_cycles=6 result=3abf9b9e
PCPI_METRIC funct3=0 rs1=dcf000b9 rs2=1b876137 latency=7 wait_cycles=6 result=4c6540bf
PCPI_METRIC funct3=1 rs1=dcf000b9 rs2=1b876137 latency=7 wait_cycles=6 result=fc3ac553
PCPI_METRIC funct3=2 rs1=dcf000b9 rs2=1b876137 latency=7 wait_cycles=6 result=fc3ac553
PCPI_METRIC funct3=3 rs1=dcf000b9 rs2=1b876137 latency=7 wait_cycles=6 result=17c2268a
PCPI_METRIC funct3=0 rs1=4b273796 rs2=603921c0 latency=7 wait_cycles=6 result=0bfa0680
PCPI_METRIC funct3=1 rs1=4b273796 rs2=603921c0 latency=7 wait_cycles=6 result=1c3f7a7c
PCPI_METRIC funct3=2 rs1=4b273796 rs2=603921c0 latency=7 wait_cycles=6 result=1c3f7a7c
PCPI_METRIC funct3=3 rs1=4b273796 rs2=603921c0 latency=7 wait_cycles=6 result=1c3f7a7c
PCPI_METRIC funct3=0 rs1=13259f26 rs2=db461ab6 latency=7 wait_cycles=6 result=754d0104
PCPI_METRIC funct3=1 rs1=13259f26 rs2=db461ab6 latency=7 wait_cycles=6 result=fd40ce48
PCPI_METRIC funct3=2 rs1=13259f26 rs2=db461ab6 latency=7 wait_cycles=6 result=10666d6e
PCPI_METRIC funct3=3 rs1=13259f26 rs2=db461ab6 latency=7 wait_cycles=6 result=10666d6e
PCPI_METRIC funct3=0 rs1=3e99837d rs2=6e5f0fdc latency=7 wait_cycles=6 result=4c04526c
PCPI_METRIC funct3=1 rs1=3e99837d rs2=6e5f0fdc latency=7 wait_cycles=6 result=1afd3558
PCPI_METRIC funct3=2 rs1=3e99837d rs2=6e5f0fdc latency=7 wait_cycles=6 result=1afd3558
PCPI_METRIC funct3=3 rs1=3e99837d rs2=6e5f0fdc latency=7 wait_cycles=6 result=1afd3558
PCPI_METRIC funct3=0 rs1=43615786 rs2=3c03ff78 latency=7 wait_cycles=6 result=fa6180d0
PCPI_METRIC funct3=1 rs1=43615786 rs2=3c03ff78 latency=7 wait_cycles=6 result=0fcbdde4
PCPI_METRIC funct3=2 rs1=43615786 rs2=3c03ff78 latency=7 wait_cycles=6 result=0fcbdde4
PCPI_METRIC funct3=3 rs1=43615786 rs2=3c03ff78 latency=7 wait_cycles=6 result=0fcbdde4
PCPI_METRIC funct3=0 rs1=3f5a9b7e rs2=ed8d80db latency=7 wait_cycles=6 result=caa804ca
PCPI_METRIC funct3=1 rs1=3f5a9b7e rs2=ed8d80db latency=7 wait_cycles=6 result=fb6f4b40
PCPI_METRIC funct3=2 rs1=3f5a9b7e rs2=ed8d80db latency=7 wait_cycles=6 result=3ac9e6be
PCPI_METRIC funct3=3 rs1=3f5a9b7e rs2=ed8d80db latency=7 wait_cycles=6 result=3ac9e6be
PCPI_METRIC funct3=0 rs1=e7c3b6cf rs2=3ced2b79 latency=7 wait_cycles=6 result=2cd92cd7
PCPI_METRIC funct3=1 rs1=e7c3b6cf rs2=3ced2b79 latency=7 wait_cycles=6 result=fa3b6aeb
PCPI_METRIC funct3=2 rs1=e7c3b6cf rs2=3ced2b79 latency=7 wait_cycles=6 result=fa3b6aeb
PCPI_METRIC funct3=3 rs1=e7c3b6cf rs2=3ced2b79 latency=7 wait_cycles=6 result=37289664
PCPI_METRIC funct3=0 rs1=fd28e4fa rs2=b0bcee61 latency=7 wait_cycles=6 result=f8f72eba
PCPI_METRIC funct3=1 rs1=fd28e4fa rs2=b0bcee61 latency=7 wait_cycles=6 result=00e11fd4
PCPI_METRIC funct3=2 rs1=fd28e4fa rs2=b0bcee61 latency=7 wait_cycles=6 result=fe0a04ce
PCPI_METRIC funct3=3 rs1=fd28e4fa rs2=b0bcee61 latency=7 wait_cycles=6 result=aec6f32f
PCPI_METRIC funct3=0 rs1=0b940917 rs2=d0f578a1 latency=7 wait_cycles=6 result=0f5f7f77
PCPI_METRIC funct3=1 rs1=0b940917 rs2=d0f578a1 latency=7 wait_cycles=6 result=fddf586d
PCPI_METRIC funct3=2 rs1=0b940917 rs2=d0f578a1 latency=7 wait_cycles=6 result=09736184
PCPI_METRIC funct3=3 rs1=0b940917 rs2=d0f578a1 latency=7 wait_cycles=6 result=09736184
[6] Progress: 100/1000 groups
PCPI_METRIC funct3=0 rs1=43779186 rs2=a8639650 latency=7 wait_cycles=6 result=5b73fde0
PCPI_METRIC funct3=1 rs1=43779186 rs2=a8639650 latency=7 wait_cycles=6 result=e8e924d4
PCPI_METRIC funct3=2 rs1=43779186 rs2=a8639650 latency=7 wait_cycles=6 result=2c60b65a
PCPI_METRIC funct3=3 rs1=43779186 rs2=a8639650 latency=7 wait_cycles=6 result=2c60b65a
PCPI_METRIC funct3=0 rs1=7a8c59f5 rs2=9ab48835 latency=7 wait_cycles=6 result=911cc7b9
PCPI_METRIC funct3=1 rs1=7a8c59f5 rs2=9ab48835 latency=7 wait_cycles=6 result=cf82800b
PCPI_METRIC funct3=2 rs1=7a8c59f5 rs2=9ab48835 latency=7 wait_cycles=6 result=4a0eda00
PCPI_METRIC funct3=3 rs1=7a8c59f5 rs2=9ab48835 latency=7 wait_cycles=6 result=4a0eda00
PCPI_METRIC funct3=0 rs1=949a8a29 rs2=60b175c1 latency=7 wait_cycles=6 result=8fffe5e9
PCPI_METRIC funct3=1 rs1=949a8a29 rs2=60b175c1 latency=7 wait_cycles=6 result=d76f8142
PCPI_METRIC funct3=2 rs1=949a8a29 rs2=60b175c1 latency=7 wait_cycles=6 result=d76f8142
PCPI_METRIC funct3=3 rs1=949a8a29 rs2=60b175c1 latency=7 wait_cycles=6 result=3820f703
PCPI_METRIC funct3=0 rs1=e2e574c5 rs2=cc01b498 latency=7 wait_cycles=6 result=7f1cd8f8
PCPI_METRIC funct3=1 rs1=e2e574c5 rs2=cc01b498 latency=7 wait_cycles=6 result=05e932a5
PCPI_METRIC funct3=2 rs1=e2e574c5 rs2=cc01b498 latency=7 wait_cycles=6 result=e8cea76a
PCPI_METRIC funct3=3 rs1=e2e574c5 rs2=cc01b498 latency=7 wait_cycles=6 result=b4d05c02
PCPI_METRIC funct3=0 rs1=25b27b4b rs2=b98c4273 latency=7 wait_cycles=6 result=92fab8b1
PCPI_METRIC funct3=1 rs1=25b27b4b rs2=b98c4273 latency=7 wait_cycles=6 result=f5a02732
PCPI_METRIC funct3=2 rs1=25b27b4b rs2=b98c4273 latency=7 wait_cycles=6 result=1b52a27d
PCPI_METRIC funct3=3 rs1=25b27b4b rs2=b98c4273 latency=7 wait_cycles=6 result=1b52a27d
PCPI_METRIC funct3=0 rs1=f622e6ec rs2=c550168a latency=7 wait_cycles=6 result=7468c338
PCPI_METRIC funct3=1 rs1=f622e6ec rs2=c550168a latency=7 wait_cycles=6 result=0242ded1
PCPI_METRIC funct3=2 rs1=f622e6ec rs2=c550168a latency=7 wait_cycles=6 result=f865c5bd
PCPI_METRIC funct3=3 rs1=f622e6ec rs2=c550168a latency=7 wait_cycles=6 result=bdb5dc47
PCPI_METRIC funct3=0 rs1=2758d14e rs2=d44b80a8 latency=7 wait_cycles=6 result=24ca5b30
PCPI_METRIC funct3=1 rs1=2758d14e rs2=d44b80a8 latency=7 wait_cycles=6 result=f94856d2
PCPI_METRIC funct3=2 rs1=2758d14e rs2=d44b80a8 latency=7 wait_cycles=6 result=20a12820
PCPI_METRIC funct3=3 rs1=2758d14e rs2=d44b80a8 latency=7 wait_cycles=6 result=20a12820
PCPI_METRIC funct3=0 rs1=549efda9 rs2=d0ca8ca1 latency=7 wait_cycles=6 result=a20ff349
PCPI_METRIC funct3=1 rs1=549efda9 rs2=d0ca8ca1 latency=7 wait_cycles=6 result=f0652460
PCPI_METRIC funct3=2 rs1=549efda9 rs2=d0ca8ca1 latency=7 wait_cycles=6 result=45042209
PCPI_METRIC funct3=3 rs1=549efda9 rs2=d0ca8ca1 latency=7 wait_cycles=6 result=45042209
PCPI_METRIC funct3=0 rs1=070bb90e rs2=f33466e6 latency=7 wait_cycles=6 result=e11bd694
PCPI_METRIC funct3=1 rs1=070bb90e rs2=f33466e6 latency=7 wait_cycles=6 result=ffa5d8d0
PCPI_METRIC funct3=2 rs1=070bb90e rs2=f33466e6 latency=7 wait_cycles=6 result=06b191de
PCPI_METRIC funct3=3 rs1=070bb90e rs2=f33466e6 latency=7 wait_cycles=6 result=06b191de
PCPI_METRIC funct3=0 rs1=cfd6c09f rs2=152fb52a latency=7 wait_cycles=6 result=579d0516
PCPI_METRIC funct3=1 rs1=cfd6c09f rs2=152fb52a latency=7 wait_cycles=6 result=fc03a425
PCPI_METRIC funct3=2 rs1=cfd6c09f rs2=152fb52a latency=7 wait_cycles=6 result=fc03a425
PCPI_METRIC funct3=3 rs1=cfd6c09f rs2=152fb52a latency=7 wait_cycles=6 result=1133594f
PCPI_METRIC funct3=0 rs1=155a1d2a rs2=c6b5f48d latency=7 wait_cycles=6 result=c1201822
PCPI_METRIC funct3=1 rs1=155a1d2a rs2=c6b5f48d latency=7 wait_cycles=6 result=fb38c280
PCPI_METRIC funct3=2 rs1=155a1d2a rs2=c6b5f48d latency=7 wait_cycles=6 result=1092dfaa
PCPI_METRIC funct3=3 rs1=155a1d2a rs2=c6b5f48d latency=7 wait_cycles=6 result=1092dfaa
PCPI_METRIC funct3=0 rs1=4f75ff9e rs2=9c6de638 latency=7 wait_cycles=6 result=83bdde90
PCPI_METRIC funct3=1 rs1=4f75ff9e rs2=9c6de638 latency=7 wait_cycles=6 result=e11804d9
PCPI_METRIC funct3=2 rs1=4f75ff9e rs2=9c6de638 latency=7 wait_cycles=6 result=308e0477
PCPI_METRIC funct3=3 rs1=4f75ff9e rs2=9c6de638 latency=7 wait_cycles=6 result=308e0477
PCPI_METRIC funct3=0 rs1=bccfa879 rs2=6464e3c8 latency=7 wait_cycles=6 result=b7e2e988
PCPI_METRIC funct3=1 rs1=bccfa879 rs2=6464e3c8 latency=7 wait_cycles=6 result=e5a6a324
PCPI_METRIC funct3=2 rs1=bccfa879 rs2=6464e3c8 latency=7 wait_cycles=6 result=e5a6a324
PCPI_METRIC funct3=3 rs1=bccfa879 rs2=6464e3c8 latency=7 wait_cycles=6 result=4a0b86ec
PCPI_METRIC funct3=0 rs1=652345ca rs2=09ff4113 latency=7 wait_cycles=6 result=148c77fe
PCPI_METRIC funct3=1 rs1=652345ca rs2=09ff4113 latency=7 wait_cycles=6 result=03f3154c
PCPI_METRIC funct3=2 rs1=652345ca rs2=09ff4113 latency=7 wait_cycles=6 result=03f3154c
PCPI_METRIC funct3=3 rs1=652345ca rs2=09ff4113 latency=7 wait_cycles=6 result=03f3154c
PCPI_METRIC funct3=0 rs1=35a0c96b rs2=e3b7aec7 latency=7 wait_cycles=6 result=d5604c2d
PCPI_METRIC funct3=1 rs1=35a0c96b rs2=e3b7aec7 latency=7 wait_cycles=6 result=fa1343bb
PCPI_METRIC funct3=2 rs1=35a0c96b rs2=e3b7aec7 latency=7 wait_cycles=6 result=2fb40d26
PCPI_METRIC funct3=3 rs1=35a0c96b rs2=e3b7aec7 latency=7 wait_cycles=6 result=2fb40d26
PCPI_METRIC funct3=0 rs1=5b0bddb6 rs2=5d059dba latency=7 wait_cycles=6 result=e025b43c
PCPI_METRIC funct3=1 rs1=5b0bddb6 rs2=5d059dba latency=7 wait_cycles=6 result=21154ede
PCPI_METRIC funct3=2 rs1=5b0bddb6 rs2=5d059dba latency=7 wait_cycles=6 result=21154ede
PCPI_METRIC funct3=3 rs1=5b0bddb6 rs2=5d059dba latency=7 wait_cycles=6 result=21154ede
PCPI_METRIC funct3=0 rs1=6216abc4 rs2=5c8295b9 latency=7 wait_cycles=6 result=bde334a4
PCPI_METRIC funct3=1 rs1=6216abc4 rs2=5c8295b9 latency=7 wait_cycles=6 result=23722e9b
PCPI_METRIC funct3=2 rs1=6216abc4 rs2=5c8295b9 latency=7 wait_cycles=6 result=23722e9b
PCPI_METRIC funct3=3 rs1=6216abc4 rs2=5c8295b9 latency=7 wait_cycles=6 result=23722e9b
PCPI_METRIC funct3=0 rs1=492fd392 rs2=da269ab4 latency=7 wait_cycles=6 result=f69296a8
PCPI_METRIC funct3=1 rs1=492fd392 rs2=da269ab4 latency=7 wait_cycles=6 result=f52defeb
PCPI_METRIC funct3=2 rs1=492fd392 rs2=da269ab4 latency=7 wait_cycles=6 result=3e5dc37d
PCPI_METRIC funct3=3 rs1=492fd392 rs2=da269ab4 latency=7 wait_cycles=6 result=3e5dc37d
PCPI_METRIC funct3=0 rs1=3fbb3b7f rs2=c3339086 latency=7 wait_cycles=6 result=44c5947a
PCPI_METRIC funct3=1 rs1=3fbb3b7f rs2=c3339086 latency=7 wait_cycles=6 result=f0dd391a
PCPI_METRIC funct3=2 rs1=3fbb3b7f rs2=c3339086 latency=7 wait_cycles=6 result=30987499
PCPI_METRIC funct3=3 rs1=3fbb3b7f rs2=c3339086 latency=7 wait_cycles=6 result=30987499
PCPI_METRIC funct3=0 rs1=7d6df5fa rs2=f92794f2 latency=7 wait_cycles=6 result=c73d0e54
PCPI_METRIC funct3=1 rs1=7d6df5fa rs2=f92794f2 latency=7 wait_cycles=6 result=fca56300
PCPI_METRIC funct3=2 rs1=7d6df5fa rs2=f92794f2 latency=7 wait_cycles=6 result=7a1358fa
PCPI_METRIC funct3=3 rs1=7d6df5fa rs2=f92794f2 latency=7 wait_cycles=6 result=7a1358fa
PCPI_METRIC funct3=0 rs1=19452132 rs2=dece5ebd latency=7 wait_cycles=6 result=1c75ddea
PCPI_METRIC funct3=1 rs1=19452132 rs2=dece5ebd latency=7 wait_cycles=6 result=fcb93092
PCPI_METRIC funct3=2 rs1=19452132 rs2=dece5ebd latency=7 wait_cycles=6 result=15fe51c4
PCPI_METRIC funct3=3 rs1=19452132 rs2=dece5ebd latency=7 wait_cycles=6 result=15fe51c4
PCPI_METRIC funct3=0 rs1=424fcd84 rs2=f249a4e4 latency=7 wait_cycles=6 result=915f9990
PCPI_METRIC funct3=1 rs1=424fcd84 rs2=f249a4e4 latency=7 wait_cycles=6 result=fc72b63a
PCPI_METRIC funct3=2 rs1=424fcd84 rs2=f249a4e4 latency=7 wait_cycles=6 result=3ec283be
PCPI_METRIC funct3=3 rs1=424fcd84 rs2=f249a4e4 latency=7 wait_cycles=6 result=3ec283be
PCPI_METRIC funct3=0 rs1=6543cfca rs2=54a879a9 latency=7 wait_cycles=6 result=8b8aa65a
PCPI_METRIC funct3=1 rs1=6543cfca rs2=54a879a9 latency=7 wait_cycles=6 result=217ce4ce
PCPI_METRIC funct3=2 rs1=6543cfca rs2=54a879a9 latency=7 wait_cycles=6 result=217ce4ce
PCPI_METRIC funct3=3 rs1=6543cfca rs2=54a879a9 latency=7 wait_cycles=6 result=217ce4ce
PCPI_METRIC funct3=0 rs1=d095a8a1 rs2=4765a98e latency=7 wait_cycles=6 result=addad24e
PCPI_METRIC funct3=1 rs1=d095a8a1 rs2=4765a98e latency=7 wait_cycles=6 result=f2c6ad68
PCPI_METRIC funct3=2 rs1=d095a8a1 rs2=4765a98e latency=7 wait_cycles=6 result=f2c6ad68
PCPI_METRIC funct3=3 rs1=d095a8a1 rs2=4765a98e latency=7 wait_cycles=6 result=3a2c56f6
PCPI_METRIC funct3=0 rs1=fd8b6afb rs2=85e51e0b latency=7 wait_cycles=6 result=550e02c9
PCPI_METRIC funct3=1 rs1=fd8b6afb rs2=85e51e0b latency=7 wait_cycles=6 result=012bd106
PCPI_METRIC funct3=2 rs1=fd8b6afb rs2=85e51e0b latency=7 wait_cycles=6 result=feb73c01
PCPI_METRIC funct3=3 rs1=fd8b6afb rs2=85e51e0b latency=7 wait_cycles=6 result=849c5a0c
PCPI_METRIC funct3=0 rs1=f78290ef rs2=64c83dc9 latency=7 wait_cycles=6 result=08c4bea7
PCPI_METRIC funct3=1 rs1=f78290ef rs2=64c83dc9 latency=7 wait_cycles=6 result=fca85c92
PCPI_METRIC funct3=2 rs1=f78290ef rs2=64c83dc9 latency=7 wait_cycles=6 result=fca85c92
PCPI_METRIC funct3=3 rs1=f78290ef rs2=64c83dc9 latency=7 wait_cycles=6 result=61709a5b
PCPI_METRIC funct3=0 rs1=1b60e536 rs2=bab14875 latency=7 wait_cycles=6 result=7a15f1ae
PCPI_METRIC funct3=1 rs1=1b60e536 rs2=bab14875 latency=7 wait_cycles=6 result=f8967711
PCPI_METRIC funct3=2 rs1=1b60e536 rs2=bab14875 latency=7 wait_cycles=6 result=13f75c47
PCPI_METRIC funct3=3 rs1=1b60e536 rs2=bab14875 latency=7 wait_cycles=6 result=13f75c47
PCPI_METRIC funct3=0 rs1=c7e8568f rs2=35cdbf6b latency=7 wait_cycles=6 result=d233dec5
PCPI_METRIC funct3=1 rs1=c7e8568f rs2=35cdbf6b latency=7 wait_cycles=6 result=f4360507
PCPI_METRIC funct3=2 rs1=c7e8568f rs2=35cdbf6b latency=7 wait_cycles=6 result=f4360507
PCPI_METRIC funct3=3 rs1=c7e8568f rs2=35cdbf6b latency=7 wait_cycles=6 result=2a03c472
PCPI_METRIC funct3=0 rs1=4465e788 rs2=d73fb4ae latency=7 wait_cycles=6 result=5686fe70
PCPI_METRIC funct3=1 rs1=4465e788 rs2=d73fb4ae latency=7 wait_cycles=6 result=f51cb345
PCPI_METRIC funct3=2 rs1=4465e788 rs2=d73fb4ae latency=7 wait_cycles=6 result=39829acd
PCPI_METRIC funct3=3 rs1=4465e788 rs2=d73fb4ae latency=7 wait_cycles=6 result=39829acd
PCPI_METRIC funct3=0 rs1=4df3819b rs2=493e4592 latency=7 wait_cycles=6 result=ad58b166
PCPI_METRIC funct3=1 rs1=4df3819b rs2=493e4592 latency=7 wait_cycles=6 result=164d661d
PCPI_METRIC funct3=2 rs1=4df3819b rs2=493e4592 latency=7 wait_cycles=6 result=164d661d
PCPI_METRIC funct3=3 rs1=4df3819b rs2=493e4592 latency=7 wait_cycles=6 result=164d661d
PCPI_METRIC funct3=0 rs1=1444df28 rs2=9684e02d latency=7 wait_cycles=6 result=53fe3a08
PCPI_METRIC funct3=1 rs1=1444df28 rs2=9684e02d latency=7 wait_cycles=6 result=f7a600dc
PCPI_METRIC funct3=2 rs1=1444df28 rs2=9684e02d latency=7 wait_cycles=6 result=0beae004
PCPI_METRIC funct3=3 rs1=1444df28 rs2=9684e02d latency=7 wait_cycles=6 result=0beae004
PCPI_METRIC funct3=0 rs1=25b75f4b rs2=e169b0c2 latency=7 wait_cycles=6 result=a73cc6d6
PCPI_METRIC funct3=1 rs1=25b75f4b rs2=e169b0c2 latency=7 wait_cycles=6 result=fb7e5db6
PCPI_METRIC funct3=2 rs1=25b75f4b rs2=e169b0c2 latency=7 wait_cycles=6 result=2135bd01
PCPI_METRIC funct3=3 rs1=25b75f4b rs2=e169b0c2 latency=7 wait_cycles=6 result=2135bd01
PCPI_METRIC funct3=0 rs1=8f1cf61e rs2=06b3050d latency=7 wait_cycles=6 result=a0411586
PCPI_METRIC funct3=1 rs1=8f1cf61e rs2=06b3050d latency=7 wait_cycles=6 result=fd0bbcca
PCPI_METRIC funct3=2 rs1=8f1cf61e rs2=06b3050d latency=7 wait_cycles=6 result=fd0bbcca
PCPI_METRIC funct3=3 rs1=8f1cf61e rs2=06b3050d latency=7 wait_cycles=6 result=03bec1d7
PCPI_METRIC funct3=0 rs1=7679fdec rs2=0c039d18 latency=7 wait_cycles=6 result=f5ed8a20
PCPI_METRIC funct3=1 rs1=7679fdec rs2=0c039d18 latency=7 wait_cycles=6 result=058f6408
PCPI_METRIC funct3=2 rs1=7679fdec rs2=0c039d18 latency=7 wait_cycles=6 result=058f6408
PCPI_METRIC funct3=3 rs1=7679fdec rs2=0c039d18 latency=7 wait_cycles=6 result=058f6408
PCPI_METRIC funct3=0 rs1=68ae1bd1 rs2=c3761c86 latency=7 wait_cycles=6 result=db836b66
PCPI_METRIC funct3=1 rs1=68ae1bd1 rs2=c3761c86 latency=7 wait_cycles=6 result=e73ecf49
PCPI_METRIC funct3=2 rs1=68ae1bd1 rs2=c3761c86 latency=7 wait_cycles=6 result=4feceb1a
PCPI_METRIC funct3=3 rs1=68ae1bd1 rs2=c3761c86 latency=7 wait_cycles=6 result=4feceb1a
PCPI_METRIC funct3=0 rs1=a0c02441 rs2=9dbf643b latency=7 wait_cycles=6 result=03f0befb
PCPI_METRIC funct3=1 rs1=a0c02441 rs2=9dbf643b latency=7 wait_cycles=6 result=248e7c0b
PCPI_METRIC funct3=2 rs1=a0c02441 rs2=9dbf643b latency=7 wait_cycles=6 result=c54ea04c
PCPI_METRIC funct3=3 rs1=a0c02441 rs2=9dbf643b latency=7 wait_cycles=6 result=630e0487
PCPI_METRIC funct3=0 rs1=6c44f9d8 rs2=29efe953 latency=7 wait_cycles=6 result=ba6a9908
PCPI_METRIC funct3=1 rs1=6c44f9d8 rs2=29efe953 latency=7 wait_cycles=6 result=11bc8316
PCPI_METRIC funct3=2 rs1=6c44f9d8 rs2=29efe953 latency=7 wait_cycles=6 result=11bc8316
PCPI_METRIC funct3=3 rs1=6c44f9d8 rs2=29efe953 latency=7 wait_cycles=6 result=11bc8316
PCPI_METRIC funct3=0 rs1=ab196256 rs2=adac225b latency=7 wait_cycles=6 result=60dd6092
PCPI_METRIC funct3=1 rs1=ab196256 rs2=adac225b latency=7 wait_cycles=6 result=1b4daec7
PCPI_METRIC funct3=2 rs1=ab196256 rs2=adac225b latency=7 wait_cycles=6 result=c667111d
PCPI_METRIC funct3=3 rs1=ab196256 rs2=adac225b latency=7 wait_cycles=6 result=74133378
PCPI_METRIC funct3=0 rs1=f166fae2 rs2=8273e204 latency=7 wait_cycles=6 result=269d6f88
PCPI_METRIC funct3=1 rs1=f166fae2 rs2=8273e204 latency=7 wait_cycles=6 result=0728b4e4
PCPI_METRIC funct3=2 rs1=f166fae2 rs2=8273e204 latency=7 wait_cycles=6 result=f88fafc6
PCPI_METRIC funct3=3 rs1=f166fae2 rs2=8273e204 latency=7 wait_cycles=6 result=7b0391ca
PCPI_METRIC funct3=0 rs1=39ac0373 rs2=ec50b4d8 latency=7 wait_cycles=6 result=b37fc508
PCPI_METRIC funct3=1 rs1=39ac0373 rs2=ec50b4d8 latency=7 wait_cycles=6 result=fb90be39
PCPI_METRIC funct3=2 rs1=39ac0373 rs2=ec50b4d8 latency=7 wait_cycles=6 result=353cc1ac
PCPI_METRIC funct3=3 rs1=39ac0373 rs2=ec50b4d8 latency=7 wait_cycles=6 result=353cc1ac
PCPI_METRIC funct3=0 rs1=093e4d12 rs2=dc0344b8 latency=7 wait_cycles=6 result=90762cf0
PCPI_METRIC funct3=1 rs1=093e4d12 rs2=dc0344b8 latency=7 wait_cycles=6 result=feb35b5f
PCPI_METRIC funct3=2 rs1=093e4d12 rs2=dc0344b8 latency=7 wait_cycles=6 result=07f1a871
PCPI_METRIC funct3=3 rs1=093e4d12 rs2=dc0344b8 latency=7 wait_cycles=6 result=07f1a871
PCPI_METRIC funct3=0 rs1=9c811239 rs2=f287b6e5 latency=7 wait_cycles=6 result=4078d2fd
PCPI_METRIC funct3=1 rs1=9c811239 rs2=f287b6e5 latency=7 wait_cycles=6 result=053c31fc
PCPI_METRIC funct3=2 rs1=9c811239 rs2=f287b6e5 latency=7 wait_cycles=6 result=a1bd4435
PCPI_METRIC funct3=3 rs1=9c811239 rs2=f287b6e5 latency=7 wait_cycles=6 result=9444fb1a
PCPI_METRIC funct3=0 rs1=d0c5dca1 rs2=15890f2b latency=7 wait_cycles=6 result=f0527e0b
PCPI_METRIC funct3=1 rs1=d0c5dca1 rs2=15890f2b latency=7 wait_cycles=6 result=fc06f22f
PCPI_METRIC funct3=2 rs1=d0c5dca1 rs2=15890f2b latency=7 wait_cycles=6 result=fc06f22f
PCPI_METRIC funct3=3 rs1=d0c5dca1 rs2=15890f2b latency=7 wait_cycles=6 result=1190015a
PCPI_METRIC funct3=0 rs1=40905d81 rs2=641b85c8 latency=7 wait_cycles=6 result=b1f811c8
PCPI_METRIC funct3=1 rs1=40905d81 rs2=641b85c8 latency=7 wait_cycles=6 result=193f557d
PCPI_METRIC funct3=2 rs1=40905d81 rs2=641b85c8 latency=7 wait_cycles=6 result=193f557d
PCPI_METRIC funct3=3 rs1=40905d81 rs2=641b85c8 latency=7 wait_cycles=6 result=193f557d
PCPI_METRIC funct3=0 rs1=13b55527 rs2=50d5f9a1 latency=7 wait_cycles=6 result=ce507c87
PCPI_METRIC funct3=1 rs1=13b55527 rs2=50d5f9a1 latency=7 wait_cycles=6 result=063923b3
PCPI_METRIC funct3=2 rs1=13b55527 rs2=50d5f9a1 latency=7 wait_cycles=6 result=063923b3
PCPI_METRIC funct3=3 rs1=13b55527 rs2=50d5f9a1 latency=7 wait_cycles=6 result=063923b3
PCPI_METRIC funct3=0 rs1=8f8c6e1f rs2=82223a04 latency=7 wait_cycles=6 result=6d42be7c
PCPI_METRIC funct3=1 rs1=8f8c6e1f rs2=82223a04 latency=7 wait_cycles=6 result=3749d8f7
PCPI_METRIC funct3=2 rs1=8f8c6e1f rs2=82223a04 latency=7 wait_cycles=6 result=c6d64716
PCPI_METRIC funct3=3 rs1=8f8c6e1f rs2=82223a04 latency=7 wait_cycles=6 result=48f8811a
PCPI_METRIC funct3=0 rs1=2c2d2358 rs2=cb5c8096 latency=7 wait_cycles=6 result=efbeb590
PCPI_METRIC funct3=1 rs1=2c2d2358 rs2=cb5c8096 latency=7 wait_cycles=6 result=f6ea9e17
PCPI_METRIC funct3=2 rs1=2c2d2358 rs2=cb5c8096 latency=7 wait_cycles=6 result=2317c16f
PCPI_METRIC funct3=3 rs1=2c2d2358 rs2=cb5c8096 latency=7 wait_cycles=6 result=2317c16f
PCPI_METRIC funct3=0 rs1=0a6e9314 rs2=8919b412 latency=7 wait_cycles=6 result=8c246768
PCPI_METRIC funct3=1 rs1=0a6e9314 rs2=8919b412 latency=7 wait_cycles=6 result=fb27a5c4
PCPI_METRIC funct3=2 rs1=0a6e9314 rs2=8919b412 latency=7 wait_cycles=6 result=059638d8
PCPI_METRIC funct3=3 rs1=0a6e9314 rs2=8919b412 latency=7 wait_cycles=6 result=059638d8
PCPI_METRIC funct3=0 rs1=cb227096 rs2=d8ace2b1 latency=7 wait_cycles=6 result=0efc43b6
PCPI_METRIC funct3=1 rs1=cb227096 rs2=d8ace2b1 latency=7 wait_cycles=6 result=081eeabc
PCPI_METRIC funct3=2 rs1=cb227096 rs2=d8ace2b1 latency=7 wait_cycles=6 result=d3415b52
PCPI_METRIC funct3=3 rs1=cb227096 rs2=d8ace2b1 latency=7 wait_cycles=6 result=abee3e03
PCPI_METRIC funct3=0 rs1=2ac2d555 rs2=f6c38eed latency=7 wait_cycles=6 result=d673a5b1
PCPI_METRIC funct3=1 rs1=2ac2d555 rs2=f6c38eed latency=7 wait_cycles=6 result=fe750df2
PCPI_METRIC funct3=2 rs1=2ac2d555 rs2=f6c38eed latency=7 wait_cycles=6 result=2937e347
PCPI_METRIC funct3=3 rs1=2ac2d555 rs2=f6c38eed latency=7 wait_cycles=6 result=2937e347
PCPI_METRIC funct3=0 rs1=158b2b2b rs2=7ab11bf5 latency=7 wait_cycles=6 result=a278d927
PCPI_METRIC funct3=1 rs1=158b2b2b rs2=7ab11bf5 latency=7 wait_cycles=6 result=0a533a25
PCPI_METRIC funct3=2 rs1=158b2b2b rs2=7ab11bf5 latency=7 wait_cycles=6 result=0a533a25
PCPI_METRIC funct3=3 rs1=158b2b2b rs2=7ab11bf5 latency=7 wait_cycles=6 result=0a533a25
PCPI_METRIC funct3=0 rs1=56b403ad rs2=93c12227 latency=7 wait_cycles=6 result=3a56895b
PCPI_METRIC funct3=1 rs1=56b403ad rs2=93c12227 latency=7 wait_cycles=6 result=db56c3b7
PCPI_METRIC funct3=2 rs1=56b403ad rs2=93c12227 latency=7 wait_cycles=6 result=320ac764
PCPI_METRIC funct3=3 rs1=56b403ad rs2=93c12227 latency=7 wait_cycles=6 result=320ac764
PCPI_METRIC funct3=0 rs1=4249ff84 rs2=d3a8e4a7 latency=7 wait_cycles=6 result=a0773f1c
PCPI_METRIC funct3=1 rs1=4249ff84 rs2=d3a8e4a7 latency=7 wait_cycles=6 result=f484b9da
PCPI_METRIC funct3=2 rs1=4249ff84 rs2=d3a8e4a7 latency=7 wait_cycles=6 result=36ceb95e
PCPI_METRIC funct3=3 rs1=4249ff84 rs2=d3a8e4a7 latency=7 wait_cycles=6 result=36ceb95e
PCPI_METRIC funct3=0 rs1=f3d7a6e7 rs2=dcef90b9 latency=7 wait_cycles=6 result=da628cef
PCPI_METRIC funct3=1 rs1=f3d7a6e7 rs2=dcef90b9 latency=7 wait_cycles=6 result=01aa4bfc
PCPI_METRIC funct3=2 rs1=f3d7a6e7 rs2=dcef90b9 latency=7 wait_cycles=6 result=f581f2e3
PCPI_METRIC funct3=3 rs1=f3d7a6e7 rs2=dcef90b9 latency=7 wait_cycles=6 result=d271839c
PCPI_METRIC funct3=0 rs1=a4da5649 rs2=6de5bbdb latency=7 wait_cycles=6 result=c81c2373
PCPI_METRIC funct3=1 rs1=a4da5649 rs2=6de5bbdb latency=7 wait_cycles=6 result=d8df2b29
PCPI_METRIC funct3=2 rs1=a4da5649 rs2=6de5bbdb latency=7 wait_cycles=6 result=d8df2b29
PCPI_METRIC funct3=3 rs1=a4da5649 rs2=6de5bbdb latency=7 wait_cycles=6 result=46c4e704
PCPI_METRIC funct3=0 rs1=64ba0fc9 rs2=2883b151 latency=7 wait_cycles=6 result=ffa3f799
PCPI_METRIC funct3=1 rs1=64ba0fc9 rs2=2883b151 latency=7 wait_cycles=6 result=0ff0e371
PCPI_METRIC funct3=2 rs1=64ba0fc9 rs2=2883b151 latency=7 wait_cycles=6 result=0ff0e371
PCPI_METRIC funct3=3 rs1=64ba0fc9 rs2=2883b151 latency=7 wait_cycles=6 result=0ff0e371
PCPI_METRIC funct3=0 rs1=d0bc5ea1 rs2=1546dd2a latency=7 wait_cycles=6 result=f19e836a
PCPI_METRIC funct3=1 rs1=d0bc5ea1 rs2=1546dd2a latency=7 wait_cycles=6 result=fc125e6f
PCPI_METRIC funct3=2 rs1=d0bc5ea1 rs2=1546dd2a latency=7 wait_cycles=6 result=fc125e6f
PCPI_METRIC funct3=3 rs1=d0bc5ea1 rs2=1546dd2a latency=7 wait_cycles=6 result=11593b99
PCPI_METRIC funct3=0 rs1=7d2a45fa rs2=a2e62045 latency=7 wait_cycles=6 result=17c01c62
PCPI_METRIC funct3=1 rs1=7d2a45fa rs2=a2e62045 latency=7 wait_cycles=6 result=d27afe10
PCPI_METRIC funct3=2 rs1=7d2a45fa rs2=a2e62045 latency=7 wait_cycles=6 result=4fa5440a
PCPI_METRIC funct3=3 rs1=7d2a45fa rs2=a2e62045 latency=7 wait_cycles=6 result=4fa5440a
PCPI_METRIC funct3=0 rs1=41a10583 rs2=be75427c latency=7 wait_cycles=6 result=0c497174
PCPI_METRIC funct3=1 rs1=41a10583 rs2=be75427c latency=7 wait_cycles=6 result=ef328c37
PCPI_METRIC funct3=2 rs1=41a10583 rs2=be75427c latency=7 wait_cycles=6 result=30d391ba
PCPI_METRIC funct3=3 rs1=41a10583 rs2=be75427c latency=7 wait_cycles=6 result=30d391ba
PCPI_METRIC funct3=0 rs1=b9461472 rs2=ff4f3cfe latency=7 wait_cycles=6 result=1d81011c
PCPI_METRIC funct3=1 rs1=b9461472 rs2=ff4f3cfe latency=7 wait_cycles=6 result=0030d5b2
PCPI_METRIC funct3=2 rs1=b9461472 rs2=ff4f3cfe latency=7 wait_cycles=6 result=b976ea24
PCPI_METRIC funct3=3 rs1=b9461472 rs2=ff4f3cfe latency=7 wait_cycles=6 result=b8c62722
PCPI_METRIC funct3=0 rs1=b455f268 rs2=b7dfaa6f latency=7 wait_cycles=6 result=c4d52b18
PCPI_METRIC funct3=1 rs1=b455f268 rs2=b7dfaa6f latency=7 wait_cycles=6 result=1551625e
PCPI_METRIC funct3=2 rs1=b455f268 rs2=b7dfaa6f latency=7 wait_cycles=6 result=c9a754c6
PCPI_METRIC funct3=3 rs1=b455f268 rs2=b7dfaa6f latency=7 wait_cycles=6 result=8186ff35
PCPI_METRIC funct3=0 rs1=43460d86 rs2=782321f0 latency=7 wait_cycles=6 result=c2bcf3a0
PCPI_METRIC funct3=1 rs1=43460d86 rs2=782321f0 latency=7 wait_cycles=6 result=1f9211d5
PCPI_METRIC funct3=2 rs1=43460d86 rs2=782321f0 latency=7 wait_cycles=6 result=1f9211d5
PCPI_METRIC funct3=3 rs1=43460d86 rs2=782321f0 latency=7 wait_cycles=6 result=1f9211d5
PCPI_METRIC funct3=0 rs1=1c719738 rs2=20769140 latency=7 wait_cycles=6 result=26dc8600
PCPI_METRIC funct3=1 rs1=1c719738 rs2=20769140 latency=7 wait_cycles=6 result=039b5f66
PCPI_METRIC funct3=2 rs1=1c719738 rs2=20769140 latency=7 wait_cycles=6 result=039b5f66
PCPI_METRIC funct3=3 rs1=1c719738 rs2=20769140 latency=7 wait_cycles=6 result=039b5f66
PCPI_METRIC funct3=0 rs1=94097628 rs2=7b0da9f6 latency=7 wait_cycles=6 result=b81ff270
PCPI_METRIC funct3=1 rs1=94097628 rs2=7b0da9f6 latency=7 wait_cycles=6 result=cc1ac892
PCPI_METRIC funct3=2 rs1=94097628 rs2=7b0da9f6 latency=7 wait_cycles=6 result=cc1ac892
PCPI_METRIC funct3=3 rs1=94097628 rs2=7b0da9f6 latency=7 wait_cycles=6 result=47287288
PCPI_METRIC funct3=0 rs1=e2bf1ac5 rs2=602831c0 latency=7 wait_cycles=6 result=b23bc8c0
PCPI_METRIC funct3=1 rs1=e2bf1ac5 rs2=602831c0 latency=7 wait_cycles=6 result=f5031236
PCPI_METRIC funct3=2 rs1=e2bf1ac5 rs2=602831c0 latency=7 wait_cycles=6 result=f5031236
PCPI_METRIC funct3=3 rs1=e2bf1ac5 rs2=602831c0 latency=7 wait_cycles=6 result=552b43f6
PCPI_METRIC funct3=0 rs1=3a625f74 rs2=1cde7139 latency=7 wait_cycles=6 result=e2a174d4
PCPI_METRIC funct3=1 rs1=3a625f74 rs2=1cde7139 latency=7 wait_cycles=6 result=06957d91
PCPI_METRIC funct3=2 rs1=3a625f74 rs2=1cde7139 latency=7 wait_cycles=6 result=06957d91
PCPI_METRIC funct3=3 rs1=3a625f74 rs2=1cde7139 latency=7 wait_cycles=6 result=06957d91
PCPI_METRIC funct3=0 rs1=d86a6ab0 rs2=1e1c873c latency=7 wait_cycles=6 result=2273d140
PCPI_METRIC funct3=1 rs1=d86a6ab0 rs2=1e1c873c latency=7 wait_cycles=6 result=fb580f3b
PCPI_METRIC funct3=2 rs1=d86a6ab0 rs2=1e1c873c latency=7 wait_cycles=6 result=fb580f3b
PCPI_METRIC funct3=3 rs1=d86a6ab0 rs2=1e1c873c latency=7 wait_cycles=6 result=19749677
PCPI_METRIC funct3=0 rs1=1521932a rs2=3124d362 latency=7 wait_cycles=6 result=7f0df414
PCPI_METRIC funct3=1 rs1=1521932a rs2=3124d362 latency=7 wait_cycles=6 result=040e7756
PCPI_METRIC funct3=2 rs1=1521932a rs2=3124d362 latency=7 wait_cycles=6 result=040e7756
PCPI_METRIC funct3=3 rs1=1521932a rs2=3124d362 latency=7 wait_cycles=6 result=040e7756
PCPI_METRIC funct3=0 rs1=0aec3515 rs2=f0b14ee1 latency=7 wait_cycles=6 result=f54c0d75
PCPI_METRIC funct3=1 rs1=0aec3515 rs2=f0b14ee1 latency=7 wait_cycles=6 result=ff58cd5c
PCPI_METRIC funct3=2 rs1=0aec3515 rs2=f0b14ee1 latency=7 wait_cycles=6 result=0a450271
PCPI_METRIC funct3=3 rs1=0aec3515 rs2=f0b14ee1 latency=7 wait_cycles=6 result=0a450271
PCPI_METRIC funct3=0 rs1=0be29d17 rs2=a18bee43 latency=7 wait_cycles=6 result=8cd77f05
PCPI_METRIC funct3=1 rs1=0be29d17 rs2=a18bee43 latency=7 wait_cycles=6 result=fb9d66cf
PCPI_METRIC funct3=2 rs1=0be29d17 rs2=a18bee43 latency=7 wait_cycles=6 result=078003e6
PCPI_METRIC funct3=3 rs1=0be29d17 rs2=a18bee43 latency=7 wait_cycles=6 result=078003e6
PCPI_METRIC funct3=0 rs1=64b5e3c9 rs2=c3360486 latency=7 wait_cycles=6 result=b62a5f36
PCPI_METRIC funct3=1 rs1=64b5e3c9 rs2=c3360486 latency=7 wait_cycles=6 result=e815e8de
PCPI_METRIC funct3=2 rs1=64b5e3c9 rs2=c3360486 latency=7 wait_cycles=6 result=4ccbcca7
PCPI_METRIC funct3=3 rs1=64b5e3c9 rs2=c3360486 latency=7 wait_cycles=6 result=4ccbcca7
PCPI_METRIC funct3=0 rs1=1297cb25 rs2=60f69dc1 latency=7 wait_cycles=6 result=3193d7e5
PCPI_METRIC funct3=1 rs1=1297cb25 rs2=60f69dc1 latency=7 wait_cycles=6 result=070ad580
PCPI_METRIC funct3=2 rs1=1297cb25 rs2=60f69dc1 latency=7 wait_cycles=6 result=070ad580
PCPI_METRIC funct3=3 rs1=1297cb25 rs2=60f69dc1 latency=7 wait_cycles=6 result=070ad580
PCPI_METRIC funct3=0 rs1=c69da28d rs2=ad67e25a latency=7 wait_cycles=6 result=aca69f92
PCPI_METRIC funct3=1 rs1=c69da28d rs2=ad67e25a latency=7 wait_cycles=6 result=12839afb
PCPI_METRIC funct3=2 rs1=c69da28d rs2=ad67e25a latency=7 wait_cycles=6 result=d9213d88
PCPI_METRIC funct3=3 rs1=c69da28d rs2=ad67e25a latency=7 wait_cycles=6 result=86891fe2
PCPI_METRIC funct3=0 rs1=03d62707 rs2=165b7b2c latency=7 wait_cycles=6 result=070c1234
PCPI_METRIC funct3=1 rs1=03d62707 rs2=165b7b2c latency=7 wait_cycles=6 result=0055c653
PCPI_METRIC funct3=2 rs1=03d62707 rs2=165b7b2c latency=7 wait_cycles=6 result=0055c653
PCPI_METRIC funct3=3 rs1=03d62707 rs2=165b7b2c latency=7 wait_cycles=6 result=0055c653
PCPI_METRIC funct3=0 rs1=060a5d0c rs2=b8ade671 latency=7 wait_cycles=6 result=7b47da4c
PCPI_METRIC funct3=1 rs1=060a5d0c rs2=b8ade671 latency=7 wait_cycles=6 result=fe513045
PCPI_METRIC funct3=2 rs1=060a5d0c rs2=b8ade671 latency=7 wait_cycles=6 result=045b8d51
PCPI_METRIC funct3=3 rs1=060a5d0c rs2=b8ade671 latency=7 wait_cycles=6 result=045b8d51
PCPI_METRIC funct3=0 rs1=9de17c3b rs2=5b60e5b6 latency=7 wait_cycles=6 result=818f18f2
PCPI_METRIC funct3=1 rs1=9de17c3b rs2=5b60e5b6 latency=7 wait_cycles=6 result=dcfa03ac
PCPI_METRIC funct3=2 rs1=9de17c3b rs2=5b60e5b6 latency=7 wait_cycles=6 result=dcfa03ac
PCPI_METRIC funct3=3 rs1=9de17c3b rs2=5b60e5b6 latency=7 wait_cycles=6 result=385ae962
PCPI_METRIC funct3=0 rs1=fbdfc2f7 rs2=cf14ce9e latency=7 wait_cycles=6 result=77491672
PCPI_METRIC funct3=1 rs1=fbdfc2f7 rs2=cf14ce9e latency=7 wait_cycles=6 result=00c9d5d5
PCPI_METRIC funct3=2 rs1=fbdfc2f7 rs2=cf14ce9e latency=7 wait_cycles=6 result=fca998cc
PCPI_METRIC funct3=3 rs1=fbdfc2f7 rs2=cf14ce9e latency=7 wait_cycles=6 result=cbbe676a
PCPI_METRIC funct3=0 rs1=ae78585c rs2=2ab8f755 latency=7 wait_cycles=6 result=a5561a8c
PCPI_METRIC funct3=1 rs1=ae78585c rs2=2ab8f755 latency=7 wait_cycles=6 result=f264d639
PCPI_METRIC funct3=2 rs1=ae78585c rs2=2ab8f755 latency=7 wait_cycles=6 result=f264d639
PCPI_METRIC funct3=3 rs1=ae78585c rs2=2ab8f755 latency=7 wait_cycles=6 result=1d1dcd8e
PCPI_METRIC funct3=0 rs1=902a3a20 rs2=d00b12a0 latency=7 wait_cycles=6 result=91da9400
PCPI_METRIC funct3=1 rs1=902a3a20 rs2=d00b12a0 latency=7 wait_cycles=6 result=14f33ec7
PCPI_METRIC funct3=2 rs1=902a3a20 rs2=d00b12a0 latency=7 wait_cycles=6 result=a51d78e7
PCPI_METRIC funct3=3 rs1=902a3a20 rs2=d00b12a0 latency=7 wait_cycles=6 result=75288b87
PCPI_METRIC funct3=0 rs1=39600972 rs2=da3d8cb4 latency=7 wait_cycles=6 result=30dafc28
PCPI_METRIC funct3=1 rs1=39600972 rs2=da3d8cb4 latency=7 wait_cycles=6 result=f7898a04
PCPI_METRIC funct3=2 rs1=39600972 rs2=da3d8cb4 latency=7 wait_cycles=6 result=30e99376
PCPI_METRIC funct3=3 rs1=39600972 rs2=da3d8cb4 latency=7 wait_cycles=6 result=30e99376
PCPI_METRIC funct3=0 rs1=6e8af5dd rs2=86dcf00d latency=7 wait_cycles=6 result=db79ac39
PCPI_METRIC funct3=1 rs1=6e8af5dd rs2=86dcf00d latency=7 wait_cycles=6 result=cbb12de7
PCPI_METRIC funct3=2 rs1=6e8af5dd rs2=86dcf00d latency=7 wait_cycles=6 result=3a3c23c4
PCPI_METRIC funct3=3 rs1=6e8af5dd rs2=86dcf00d latency=7 wait_cycles=6 result=3a3c23c4
PCPI_METRIC funct3=0 rs1=25b0994b rs2=bccc4279 latency=7 wait_cycles=6 result=93c1ca73
PCPI_METRIC funct3=1 rs1=25b0994b rs2=bccc4279 latency=7 wait_cycles=6 result=f61b29cb
PCPI_METRIC funct3=2 rs1=25b0994b rs2=bccc4279 latency=7 wait_cycles=6 result=1bcbc316
PCPI_METRIC funct3=3 rs1=25b0994b rs2=bccc4279 latency=7 wait_cycles=6 result=1bcbc316
PCPI_METRIC funct3=0 rs1=cf63da9e rs2=fef064fd latency=7 wait_cycles=6 result=af34c626
PCPI_METRIC funct3=1 rs1=cf63da9e rs2=fef064fd latency=7 wait_cycles=6 result=003392ba
PCPI_METRIC funct3=2 rs1=cf63da9e rs2=fef064fd latency=7 wait_cycles=6 result=cf976d58
PCPI_METRIC funct3=3 rs1=cf63da9e rs2=fef064fd latency=7 wait_cycles=6 result=ce87d255
PCPI_METRIC funct3=0 rs1=bde0d27b rs2=47e2738f latency=7 wait_cycles=6 result=fcb8d3b5
PCPI_METRIC funct3=1 rs1=bde0d27b rs2=47e2738f latency=7 wait_cycles=6 result=ed6edd00
PCPI_METRIC funct3=2 rs1=bde0d27b rs2=47e2738f latency=7 wait_cycles=6 result=ed6edd00
PCPI_METRIC funct3=3 rs1=bde0d27b rs2=47e2738f latency=7 wait_cycles=6 result=3551508f
PCPI_METRIC funct3=0 rs1=81c39a03 rs2=71c129e3 latency=7 wait_cycles=6 result=d35f0ba9
PCPI_METRIC funct3=1 rs1=81c39a03 rs2=71c129e3 latency=7 wait_cycles=6 result=c7e816ca
PCPI_METRIC funct3=2 rs1=81c39a03 rs2=71c129e3 latency=7 wait_cycles=6 result=c7e816ca
PCPI_METRIC funct3=3 rs1=81c39a03 rs2=71c129e3 latency=7 wait_cycles=6 result=39a940ad
PCPI_METRIC funct3=0 rs1=0e92431d rs2=58f93db1 latency=7 wait_cycles=6 result=2c53500d
PCPI_METRIC funct3=1 rs1=0e92431d rs2=58f93db1 latency=7 wait_cycles=6 result=051076d8
PCPI_METRIC funct3=2 rs1=0e92431d rs2=58f93db1 latency=7 wait_cycles=6 result=051076d8
PCPI_METRIC funct3=3 rs1=0e92431d rs2=58f93db1 latency=7 wait_cycles=6 result=051076d8
PCPI_METRIC funct3=0 rs1=22119f44 rs2=ca9cbc95 latency=7 wait_cycles=6 result=7aa7a294
PCPI_METRIC funct3=1 rs1=22119f44 rs2=ca9cbc95 latency=7 wait_cycles=6 result=f8e5243d
PCPI_METRIC funct3=2 rs1=22119f44 rs2=ca9cbc95 latency=7 wait_cycles=6 result=1af6c381
PCPI_METRIC funct3=3 rs1=22119f44 rs2=ca9cbc95 latency=7 wait_cycles=6 result=1af6c381
PCPI_METRIC funct3=0 rs1=f01d34e0 rs2=f6a178ed latency=7 wait_cycles=6 result=7cb2f360
PCPI_METRIC funct3=1 rs1=f01d34e0 rs2=f6a178ed latency=7 wait_cycles=6 result=0094d6cc
PCPI_METRIC funct3=2 rs1=f01d34e0 rs2=f6a178ed latency=7 wait_cycles=6 result=f0b20bac
PCPI_METRIC funct3=3 rs1=f01d34e0 rs2=f6a178ed latency=7 wait_cycles=6 result=e7538499
PCPI_METRIC funct3=0 rs1=297a1552 rs2=7c1e5bf8 latency=7 wait_cycles=6 result=cb74cd70
PCPI_METRIC funct3=1 rs1=297a1552 rs2=7c1e5bf8 latency=7 wait_cycles=6 result=141c0d88
PCPI_METRIC funct3=2 rs1=297a1552 rs2=7c1e5bf8 latency=7 wait_cycles=6 result=141c0d88
PCPI_METRIC funct3=3 rs1=297a1552 rs2=7c1e5bf8 latency=7 wait_cycles=6 result=141c0d88
PCPI_METRIC funct3=0 rs1=46dcb78d rs2=a95fc452 latency=7 wait_cycles=6 result=e18dbf2a
PCPI_METRIC funct3=1 rs1=46dcb78d rs2=a95fc452 latency=7 wait_cycles=6 result=e8057fde
PCPI_METRIC funct3=2 rs1=46dcb78d rs2=a95fc452 latency=7 wait_cycles=6 result=2ee2376b
PCPI_METRIC funct3=3 rs1=46dcb78d rs2=a95fc452 latency=7 wait_cycles=6 result=2ee2376b
PCPI_METRIC funct3=0 rs1=4219e784 rs2=236afd46 latency=7 wait_cycles=6 result=958ac218
PCPI_METRIC funct3=1 rs1=4219e784 rs2=236afd46 latency=7 wait_cycles=6 result=09252ac6
PCPI_METRIC funct3=2 rs1=4219e784 rs2=236afd46 latency=7 wait_cycles=6 result=09252ac6
PCPI_METRIC funct3=3 rs1=4219e784 rs2=236afd46 latency=7 wait_cycles=6 result=09252ac6
PCPI_METRIC funct3=0 rs1=c63a928c rs2=48487d90 latency=7 wait_cycles=6 result=b1e0cac0
PCPI_METRIC funct3=1 rs1=c63a928c rs2=48487d90 latency=7 wait_cycles=6 result=efb01d5a
PCPI_METRIC funct3=2 rs1=c63a928c rs2=48487d90 latency=7 wait_cycles=6 result=efb01d5a
PCPI_METRIC funct3=3 rs1=c63a928c rs2=48487d90 latency=7 wait_cycles=6 result=37f89aea
PCPI_METRIC funct3=0 rs1=0beac117 rs2=352d616a latency=7 wait_cycles=6 result=9668aa86
PCPI_METRIC funct3=1 rs1=0beac117 rs2=352d616a latency=7 wait_cycles=6 result=0279b6c6
PCPI_METRIC funct3=2 rs1=0beac117 rs2=352d616a latency=7 wait_cycles=6 result=0279b6c6
PCPI_METRIC funct3=3 rs1=0beac117 rs2=352d616a latency=7 wait_cycles=6 result=0279b6c6
PCPI_METRIC funct3=0 rs1=427b5784 rs2=d55bbcaa latency=7 wait_cycles=6 result=aa190da8
PCPI_METRIC funct3=1 rs1=427b5784 rs2=d55bbcaa latency=7 wait_cycles=6 result=f4ed1b23
PCPI_METRIC funct3=2 rs1=427b5784 rs2=d55bbcaa latency=7 wait_cycles=6 result=376872a7
PCPI_METRIC funct3=3 rs1=427b5784 rs2=d55bbcaa latency=7 wait_cycles=6 result=376872a7
PCPI_METRIC funct3=0 rs1=3e6f0f7c rs2=b0520260 latency=7 wait_cycles=6 result=7d7cc680
PCPI_METRIC funct3=1 rs1=3e6f0f7c rs2=b0520260 latency=7 wait_cycles=6 result=ec914b50
PCPI_METRIC funct3=2 rs1=3e6f0f7c rs2=b0520260 latency=7 wait_cycles=6 result=2b005acc
PCPI_METRIC funct3=3 rs1=3e6f0f7c rs2=b0520260 latency=7 wait_cycles=6 result=2b005acc
PCPI_METRIC funct3=0 rs1=5d4a4dba rs2=c5a1608b latency=7 wait_cycles=6 result=8877f3fe
PCPI_METRIC funct3=1 rs1=5d4a4dba rs2=c5a1608b latency=7 wait_cycles=6 result=eabaaeff
PCPI_METRIC funct3=2 rs1=5d4a4dba rs2=c5a1608b latency=7 wait_cycles=6 result=4804fcb9
PCPI_METRIC funct3=3 rs1=5d4a4dba rs2=c5a1608b latency=7 wait_cycles=6 result=4804fcb9
PCPI_METRIC funct3=0 rs1=d31dfea6 rs2=92831e25 latency=7 wait_cycles=6 result=021f41fe
PCPI_METRIC funct3=1 rs1=d31dfea6 rs2=92831e25 latency=7 wait_cycles=6 result=13321fa5
PCPI_METRIC funct3=2 rs1=d31dfea6 rs2=92831e25 latency=7 wait_cycles=6 result=e6501e4b
PCPI_METRIC funct3=3 rs1=d31dfea6 rs2=92831e25 latency=7 wait_cycles=6 result=78d33c70
PCPI_METRIC funct3=0 rs1=19058332 rs2=d10504a2 latency=7 wait_cycles=6 result=4d83cda4
PCPI_METRIC funct3=1 rs1=19058332 rs2=d10504a2 latency=7 wait_cycles=6 result=fb687a79
PCPI_METRIC funct3=2 rs1=19058332 rs2=d10504a2 latency=7 wait_cycles=6 result=146dfdab
PCPI_METRIC funct3=3 rs1=19058332 rs2=d10504a2 latency=7 wait_cycles=6 result=146dfdab
PCPI_METRIC funct3=0 rs1=a48f7c49 rs2=8a64b014 latency=7 wait_cycles=6 result=672be5b4
PCPI_METRIC funct3=1 rs1=a48f7c49 rs2=8a64b014 latency=7 wait_cycles=6 result=2a01e5de
PCPI_METRIC funct3=2 rs1=a48f7c49 rs2=8a64b014 latency=7 wait_cycles=6 result=ce916227
PCPI_METRIC funct3=3 rs1=a48f7c49 rs2=8a64b014 latency=7 wait_cycles=6 result=58f6123b
PCPI_METRIC funct3=0 rs1=9ec9c03d rs2=25f2034b latency=7 wait_cycles=6 result=6d0608df
PCPI_METRIC funct3=1 rs1=9ec9c03d rs2=25f2034b latency=7 wait_cycles=6 result=f1974240
PCPI_METRIC funct3=2 rs1=9ec9c03d rs2=25f2034b latency=7 wait_cycles=6 result=f1974240
PCPI_METRIC funct3=3 rs1=9ec9c03d rs2=25f2034b latency=7 wait_cycles=6 result=1789458b
[6] Progress: 200/1000 groups
PCPI_METRIC funct3=0 rs1=ae68305c rs2=23907547 latency=7 wait_cycles=6 result=c4bf7584
PCPI_METRIC funct3=1 rs1=ae68305c rs2=23907547 latency=7 wait_cycles=6 result=f4aa33d6
PCPI_METRIC funct3=2 rs1=ae68305c rs2=23907547 latency=7 wait_cycles=6 result=f4aa33d6
PCPI_METRIC funct3=3 rs1=ae68305c rs2=23907547 latency=7 wait_cycles=6 result=183aa91d
PCPI_METRIC funct3=0 rs1=433e9786 rs2=9caf7a39 latency=7 wait_cycles=6 result=09bf98d6
PCPI_METRIC funct3=1 rs1=433e9786 rs2=9caf7a39 latency=7 wait_cycles=6 result=e5e9a4b4
PCPI_METRIC funct3=2 rs1=433e9786 rs2=9caf7a39 latency=7 wait_cycles=6 result=29283c3a
PCPI_METRIC funct3=3 rs1=433e9786 rs2=9caf7a39 latency=7 wait_cycles=6 result=29283c3a
PCPI_METRIC funct3=0 rs1=da058ab4 rs2=6851e5d0 latency=7 wait_cycles=6 result=1c87b640
PCPI_METRIC funct3=1 rs1=da058ab4 rs2=6851e5d0 latency=7 wait_cycles=6 result=f0861a02
PCPI_METRIC funct3=2 rs1=da058ab4 rs2=6851e5d0 latency=7 wait_cycles=6 result=f0861a02
PCPI_METRIC funct3=3 rs1=da058ab4 rs2=6851e5d0 latency=7 wait_cycles=6 result=58d7ffd2
PCPI_METRIC funct3=0 rs1=9622502c rs2=467c458c latency=7 wait_cycles=6 result=37afb410
PCPI_METRIC funct3=1 rs1=9622502c rs2=467c458c latency=7 wait_cycles=6 result=e2d9fdc8
PCPI_METRIC funct3=2 rs1=9622502c rs2=467c458c latency=7 wait_cycles=6 result=e2d9fdc8
PCPI_METRIC funct3=3 rs1=9622502c rs2=467c458c latency=7 wait_cycles=6 result=29564354
PCPI_METRIC funct3=0 rs1=03e9b707 rs2=b522406a latency=7 wait_cycles=6 result=4e7588e6
PCPI_METRIC funct3=1 rs1=03e9b707 rs2=b522406a latency=7 wait_cycles=6 result=fedb0d67
PCPI_METRIC funct3=2 rs1=03e9b707 rs2=b522406a latency=7 wait_cycles=6 result=02c4c46e
PCPI_METRIC funct3=3 rs1=03e9b707 rs2=b522406a latency=7 wait_cycles=6 result=02c4c46e
PCPI_METRIC funct3=0 rs1=0895f911 rs2=746affe8 latency=7 wait_cycles=6 result=000ba668
PCPI_METRIC funct3=1 rs1=0895f911 rs2=746affe8 latency=7 wait_cycles=6 result=03e78b8a
PCPI_METRIC funct3=2 rs1=0895f911 rs2=746affe8 latency=7 wait_cycles=6 result=03e78b8a
PCPI_METRIC funct3=3 rs1=0895f911 rs2=746affe8 latency=7 wait_cycles=6 result=03e78b8a
PCPI_METRIC funct3=0 rs1=a5e79e4b rs2=39e48173 latency=7 wait_cycles=6 result=eb9be6b1
PCPI_METRIC funct3=1 rs1=a5e79e4b rs2=39e48173 latency=7 wait_cycles=6 result=eba026f8
PCPI_METRIC funct3=2 rs1=a5e79e4b rs2=39e48173 latency=7 wait_cycles=6 result=eba026f8
PCPI_METRIC funct3=3 rs1=a5e79e4b rs2=39e48173 latency=7 wait_cycles=6 result=2584a86b
PCPI_METRIC funct3=0 rs1=76295bec rs2=11fe0523 latency=7 wait_cycles=6 result=d69b2d44
PCPI_METRIC funct3=1 rs1=76295bec rs2=11fe0523 latency=7 wait_cycles=6 result=084dfe82
PCPI_METRIC funct3=2 rs1=76295bec rs2=11fe0523 latency=7 wait_cycles=6 result=084dfe82
PCPI_METRIC funct3=3 rs1=76295bec rs2=11fe0523 latency=7 wait_cycles=6 result=084dfe82
PCPI_METRIC funct3=0 rs1=520eefa4 rs2=64e165c9 latency=7 wait_cycles=6 result=0169dbc4
PCPI_METRIC funct3=1 rs1=520eefa4 rs2=64e165c9 latency=7 wait_cycles=6 result=2056155d
PCPI_METRIC funct3=2 rs1=520eefa4 rs2=64e165c9 latency=7 wait_cycles=6 result=2056155d
PCPI_METRIC funct3=3 rs1=520eefa4 rs2=64e165c9 latency=7 wait_cycles=6 result=2056155d
PCPI_METRIC funct3=0 rs1=9ca70439 rs2=ef8372df latency=7 wait_cycles=6 result=35890fa7
PCPI_METRIC funct3=1 rs1=9ca70439 rs2=ef8372df latency=7 wait_cycles=6 result=0665e59b
PCPI_METRIC funct3=2 rs1=9ca70439 rs2=ef8372df latency=7 wait_cycles=6 result=a30ce9d4
PCPI_METRIC funct3=3 rs1=9ca70439 rs2=ef8372df latency=7 wait_cycles=6 result=92905cb3
PCPI_METRIC funct3=0 rs1=ea5814d4 rs2=33836567 latency=7 wait_cycles=6 result=ee24054c
PCPI_METRIC funct3=1 rs1=ea5814d4 rs2=33836567 latency=7 wait_cycles=6 result=fba46ea4
PCPI_METRIC funct3=2 rs1=ea5814d4 rs2=33836567 latency=7 wait_cycles=6 result=fba46ea4
PCPI_METRIC funct3=3 rs1=ea5814d4 rs2=33836567 latency=7 wait_cycles=6 result=2f27d40b
PCPI_METRIC funct3=0 rs1=4ea0419d rs2=583125b0 latency=7 wait_cycles=6 result=beb5ccf0
PCPI_METRIC funct3=1 rs1=4ea0419d rs2=583125b0 latency=7 wait_cycles=6 result=1b162ecd
PCPI_METRIC funct3=2 rs1=4ea0419d rs2=583125b0 latency=7 wait_cycles=6 result=1b162ecd
PCPI_METRIC funct3=3 rs1=4ea0419d rs2=583125b0 latency=7 wait_cycles=6 result=1b162ecd
PCPI_METRIC funct3=0 rs1=41103982 rs2=24d2bf49 latency=7 wait_cycles=6 result=1d2c6412
PCPI_METRIC funct3=1 rs1=41103982 rs2=24d2bf49 latency=7 wait_cycles=6 result=095bd803
PCPI_METRIC funct3=2 rs1=41103982 rs2=24d2bf49 latency=7 wait_cycles=6 result=095bd803
PCPI_METRIC funct3=3 rs1=41103982 rs2=24d2bf49 latency=7 wait_cycles=6 result=095bd803
PCPI_METRIC funct3=0 rs1=ecb91ad9 rs2=1000b720 latency=7 wait_cycles=6 result=79547a20
PCPI_METRIC funct3=1 rs1=ecb91ad9 rs2=1000b720 latency=7 wait_cycles=6 result=fecb83e3
PCPI_METRIC funct3=2 rs1=ecb91ad9 rs2=1000b720 latency=7 wait_cycles=6 result=fecb83e3
PCPI_METRIC funct3=3 rs1=ecb91ad9 rs2=1000b720 latency=7 wait_cycles=6 result=0ecc3b03
PCPI_METRIC funct3=0 rs1=8e054c1c rs2=49b16f93 latency=7 wait_cycles=6 result=7466d814
PCPI_METRIC funct3=1 rs1=8e054c1c rs2=49b16f93 latency=7 wait_cycles=6 result=df3082b0
PCPI_METRIC funct3=2 rs1=8e054c1c rs2=49b16f93 latency=7 wait_cycles=6 result=df3082b0
PCPI_METRIC funct3=3 rs1=8e054c1c rs2=49b16f93 latency=7 wait_cycles=6 result=28e1f243
PCPI_METRIC funct3=0 rs1=71b461e3 rs2=954b822a latency=7 wait_cycles=6 result=0dce553e
PCPI_METRIC funct3=1 rs1=71b461e3 rs2=954b822a latency=7 wait_cycles=6 result=d09b24bf
PCPI_METRIC funct3=2 rs1=71b461e3 rs2=954b822a latency=7 wait_cycles=6 result=424f86a2
PCPI_METRIC funct3=3 rs1=71b461e3 rs2=954b822a latency=7 wait_cycles=6 result=424f86a2
PCPI_METRIC funct3=0 rs1=e471f8c8 rs2=aed72e5d latency=7 wait_cycles=6 result=581350a8
PCPI_METRIC funct3=1 rs1=e471f8c8 rs2=aed72e5d latency=7 wait_cycles=6 result=08bc550a
PCPI_METRIC funct3=2 rs1=e471f8c8 rs2=aed72e5d latency=7 wait_cycles=6 result=ed2e4dd2
PCPI_METRIC funct3=3 rs1=e471f8c8 rs2=aed72e5d latency=7 wait_cycles=6 result=9c057c2f
PCPI_METRIC funct3=0 rs1=1d3f9d3a rs2=4226a984 latency=7 wait_cycles=6 result=5e345be8
PCPI_METRIC funct3=1 rs1=1d3f9d3a rs2=4226a984 latency=7 wait_cycles=6 result=078ed158
PCPI_METRIC funct3=2 rs1=1d3f9d3a rs2=4226a984 latency=7 wait_cycles=6 result=078ed158
PCPI_METRIC funct3=3 rs1=1d3f9d3a rs2=4226a984 latency=7 wait_cycles=6 result=078ed158
PCPI_METRIC funct3=0 rs1=95a9a82b rs2=1c8d7f39 latency=7 wait_cycles=6 result=d0e2c693
PCPI_METRIC funct3=1 rs1=95a9a82b rs2=1c8d7f39 latency=7 wait_cycles=6 result=f423c7fd
PCPI_METRIC funct3=2 rs1=95a9a82b rs2=1c8d7f39 latency=7 wait_cycles=6 result=f423c7fd
PCPI_METRIC funct3=3 rs1=95a9a82b rs2=1c8d7f39 latency=7 wait_cycles=6 result=10b14736
PCPI_METRIC funct3=0 rs1=897f1c12 rs2=a97f0052 latency=7 wait_cycles=6 result=d9a4fdc4
PCPI_METRIC funct3=1 rs1=897f1c12 rs2=a97f0052 latency=7 wait_cycles=6 result=280b035e
PCPI_METRIC funct3=2 rs1=897f1c12 rs2=a97f0052 latency=7 wait_cycles=6 result=b18a1f70
PCPI_METRIC funct3=3 rs1=897f1c12 rs2=a97f0052 latency=7 wait_cycles=6 result=5b091fc2
PCPI_METRIC funct3=0 rs1=2c848959 rs2=e82b96d0 latency=7 wait_cycles=6 result=8e1cbe50
PCPI_METRIC funct3=1 rs1=2c848959 rs2=e82b96d0 latency=7 wait_cycles=6 result=fbdb279c
PCPI_METRIC funct3=2 rs1=2c848959 rs2=e82b96d0 latency=7 wait_cycles=6 result=285fb0f5
PCPI_METRIC funct3=3 rs1=2c848959 rs2=e82b96d0 latency=7 wait_cycles=6 result=285fb0f5
PCPI_METRIC funct3=0 rs1=b759ea6e rs2=4bf52997 latency=7 wait_cycles=6 result=21dae4e2
PCPI_METRIC funct3=1 rs1=b759ea6e rs2=4bf52997 latency=7 wait_cycles=6 result=ea71c4ee
PCPI_METRIC funct3=2 rs1=b759ea6e rs2=4bf52997 latency=7 wait_cycles=6 result=ea71c4ee
PCPI_METRIC funct3=3 rs1=b759ea6e rs2=4bf52997 latency=7 wait_cycles=6 result=3666ee85
PCPI_METRIC funct3=0 rs1=6d8b87db rs2=535277a6 latency=7 wait_cycles=6 result=69c6e502
PCPI_METRIC funct3=1 rs1=6d8b87db rs2=535277a6 latency=7 wait_cycles=6 result=23a786f0
PCPI_METRIC funct3=2 rs1=6d8b87db rs2=535277a6 latency=7 wait_cycles=6 result=23a786f0
PCPI_METRIC funct3=3 rs1=6d8b87db rs2=535277a6 latency=7 wait_cycles=6 result=23a786f0
PCPI_METRIC funct3=0 rs1=5d85d3bb rs2=80797c00 latency=7 wait_cycles=6 result=65f19400
PCPI_METRIC funct3=1 rs1=5d85d3bb rs2=80797c00 latency=7 wait_cycles=6 result=d16977b0
PCPI_METRIC funct3=2 rs1=5d85d3bb rs2=80797c00 latency=7 wait_cycles=6 result=2eef4b6b
PCPI_METRIC funct3=3 rs1=5d85d3bb rs2=80797c00 latency=7 wait_cycles=6 result=2eef4b6b
PCPI_METRIC funct3=0 rs1=87e44c0f rs2=b4e8d669 latency=7 wait_cycles=6 result=0dcfbc27
PCPI_METRIC funct3=1 rs1=87e44c0f rs2=b4e8d669 latency=7 wait_cycles=6 result=233afbb8
PCPI_METRIC funct3=2 rs1=87e44c0f rs2=b4e8d669 latency=7 wait_cycles=6 result=ab1f47c7
PCPI_METRIC funct3=3 rs1=87e44c0f rs2=b4e8d669 latency=7 wait_cycles=6 result=60081e30
PCPI_METRIC funct3=0 rs1=8653620c rs2=2ca81959 latency=7 wait_cycles=6 result=3f70422c
PCPI_METRIC funct3=1 rs1=8653620c rs2=2ca81959 latency=7 wait_cycles=6 result=eac66f86
PCPI_METRIC funct3=2 rs1=8653620c rs2=2ca81959 latency=7 wait_cycles=6 result=eac66f86
PCPI_METRIC funct3=3 rs1=8653620c rs2=2ca81959 latency=7 wait_cycles=6 result=176e88df
PCPI_METRIC funct3=0 rs1=62fd49c5 rs2=67d735cf latency=7 wait_cycles=6 result=b2876f4b
PCPI_METRIC funct3=1 rs1=62fd49c5 rs2=67d735cf latency=7 wait_cycles=6 result=28272035
PCPI_METRIC funct3=2 rs1=62fd49c5 rs2=67d735cf latency=7 wait_cycles=6 result=28272035
PCPI_METRIC funct3=3 rs1=62fd49c5 rs2=67d735cf latency=7 wait_cycles=6 result=28272035
PCPI_METRIC funct3=0 rs1=4839e590 rs2=a8e4d851 latency=7 wait_cycles=6 result=a8432290
PCPI_METRIC funct3=1 rs1=4839e590 rs2=a8e4d851 latency=7 wait_cycles=6 result=e76ca9ae
PCPI_METRIC funct3=2 rs1=4839e590 rs2=a8e4d851 latency=7 wait_cycles=6 result=2fa68f3e
PCPI_METRIC funct3=3 rs1=4839e590 rs2=a8e4d851 latency=7 wait_cycles=6 result=2fa68f3e
PCPI_METRIC funct3=0 rs1=b4f9a469 rs2=3b83cd77 latency=7 wait_cycles=6 result=5d6e81cf
PCPI_METRIC funct3=1 rs1=b4f9a469 rs2=3b83cd77 latency=7 wait_cycles=6 result=ee8ee86c
PCPI_METRIC funct3=2 rs1=b4f9a469 rs2=3b83cd77 latency=7 wait_cycles=6 result=ee8ee86c
PCPI_METRIC funct3=3 rs1=b4f9a469 rs2=3b83cd77 latency=7 wait_cycles=6 result=2a12b5e3
PCPI_METRIC funct3=0 rs1=2523654a rs2=ec3758d8 latency=7 wait_cycles=6 result=7b94e670
PCPI_METRIC funct3=1 rs1=2523654a rs2=ec3758d8 latency=7 wait_cycles=6 result=fd214394
PCPI_METRIC funct3=2 rs1=2523654a rs2=ec3758d8 latency=7 wait_cycles=6 result=2244a8de
PCPI_METRIC funct3=3 rs1=2523654a rs2=ec3758d8 latency=7 wait_cycles=6 result=2244a8de
PCPI_METRIC funct3=0 rs1=4ddd4d9b rs2=e20e9ac4 latency=7 wait_cycles=6 result=d298a8ac
PCPI_METRIC funct3=1 rs1=4ddd4d9b rs2=e20e9ac4 latency=7 wait_cycles=6 result=f6e48214
PCPI_METRIC funct3=2 rs1=4ddd4d9b rs2=e20e9ac4 latency=7 wait_cycles=6 result=44c1cfaf
PCPI_METRIC funct3=3 rs1=4ddd4d9b rs2=e20e9ac4 latency=7 wait_cycles=6 result=44c1cfaf
PCPI_METRIC funct3=0 rs1=5c78b1b8 rs2=dbe6f2b7 latency=7 wait_cycles=6 result=4596fa88
PCPI_METRIC funct3=1 rs1=5c78b1b8 rs2=dbe6f2b7 latency=7 wait_cycles=6 result=f2f5fa6c
PCPI_METRIC funct3=2 rs1=5c78b1b8 rs2=dbe6f2b7 latency=7 wait_cycles=6 result=4f6eac24
PCPI_METRIC funct3=3 rs1=5c78b1b8 rs2=dbe6f2b7 latency=7 wait_cycles=6 result=4f6eac24
PCPI_METRIC funct3=0 rs1=c378ee86 rs2=984d5a30 latency=7 wait_cycles=6 result=78d5d520
PCPI_METRIC funct3=1 rs1=c378ee86 rs2=984d5a30 latency=7 wait_cycles=6 result=18849526
PCPI_METRIC funct3=2 rs1=c378ee86 rs2=984d5a30 latency=7 wait_cycles=6 result=dbfd83ac
PCPI_METRIC funct3=3 rs1=c378ee86 rs2=984d5a30 latency=7 wait_cycles=6 result=744adddc
PCPI_METRIC funct3=0 rs1=3bed5377 rs2=5ad6c7b5 latency=7 wait_cycles=6 result=76278423
PCPI_METRIC funct3=1 rs1=3bed5377 rs2=5ad6c7b5 latency=7 wait_cycles=6 result=1543b67b
PCPI_METRIC funct3=2 rs1=3bed5377 rs2=5ad6c7b5 latency=7 wait_cycles=6 result=1543b67b
PCPI_METRIC funct3=3 rs1=3bed5377 rs2=5ad6c7b5 latency=7 wait_cycles=6 result=1543b67b
PCPI_METRIC funct3=0 rs1=6a15f5d4 rs2=03878707 latency=7 wait_cycles=6 result=9a0884cc
PCPI_METRIC funct3=1 rs1=6a15f5d4 rs2=03878707 latency=7 wait_cycles=6 result=01766b6a
PCPI_METRIC funct3=2 rs1=6a15f5d4 rs2=03878707 latency=7 wait_cycles=6 result=01766b6a
PCPI_METRIC funct3=3 rs1=6a15f5d4 rs2=03878707 latency=7 wait_cycles=6 result=01766b6a
PCPI_METRIC funct3=0 rs1=3b0b9776 rs2=74a1ade9 latency=7 wait_cycles=6 result=4c1d9866
PCPI_METRIC funct3=1 rs1=3b0b9776 rs2=74a1ade9 latency=7 wait_cycles=6 result=1ae68b08
PCPI_METRIC funct3=2 rs1=3b0b9776 rs2=74a1ade9 latency=7 wait_cycles=6 result=1ae68b08
PCPI_METRIC funct3=3 rs1=3b0b9776 rs2=74a1ade9 latency=7 wait_cycles=6 result=1ae68b08
PCPI_METRIC funct3=0 rs1=45e28b8b rs2=00f25f01 latency=7 wait_cycles=6 result=4111208b
PCPI_METRIC funct3=1 rs1=45e28b8b rs2=00f25f01 latency=7 wait_cycles=6 result=00422a17
PCPI_METRIC funct3=2 rs1=45e28b8b rs2=00f25f01 latency=7 wait_cycles=6 result=00422a17
PCPI_METRIC funct3=3 rs1=45e28b8b rs2=00f25f01 latency=7 wait_cycles=6 result=00422a17
PCPI_METRIC funct3=0 rs1=6d808bdb rs2=c0764280 latency=7 wait_cycles=6 result=9b466380
PCPI_METRIC funct3=1 rs1=6d808bdb rs2=c0764280 latency=7 wait_cycles=6 result=e4d272bb
PCPI_METRIC funct3=2 rs1=6d808bdb rs2=c0764280 latency=7 wait_cycles=6 result=5252fe96
PCPI_METRIC funct3=3 rs1=6d808bdb rs2=c0764280 latency=7 wait_cycles=6 result=5252fe96
PCPI_METRIC funct3=0 rs1=611d9fc2 rs2=e2ecdac5 latency=7 wait_cycles=6 result=80af244a
PCPI_METRIC funct3=1 rs1=611d9fc2 rs2=e2ecdac5 latency=7 wait_cycles=6 result=f4f86194
PCPI_METRIC funct3=2 rs1=611d9fc2 rs2=e2ecdac5 latency=7 wait_cycles=6 result=56160156
PCPI_METRIC funct3=3 rs1=611d9fc2 rs2=e2ecdac5 latency=7 wait_cycles=6 result=56160156
PCPI_METRIC funct3=0 rs1=9827fa30 rs2=d7b2e4af latency=7 wait_cycles=6 result=e386c6d0
PCPI_METRIC funct3=1 rs1=9827fa30 rs2=d7b2e4af latency=7 wait_cycles=6 result=105907f6
PCPI_METRIC funct3=2 rs1=9827fa30 rs2=d7b2e4af latency=7 wait_cycles=6 result=a8810226
PCPI_METRIC funct3=3 rs1=9827fa30 rs2=d7b2e4af latency=7 wait_cycles=6 result=8033e6d5
PCPI_METRIC funct3=0 rs1=b302da66 rs2=57fbb9af latency=7 wait_cycles=6 result=3ac901ba
PCPI_METRIC funct3=1 rs1=b302da66 rs2=57fbb9af latency=7 wait_cycles=6 result=e58a442d
PCPI_METRIC funct3=2 rs1=b302da66 rs2=57fbb9af latency=7 wait_cycles=6 result=e58a442d
PCPI_METRIC funct3=3 rs1=b302da66 rs2=57fbb9af latency=7 wait_cycles=6 result=3d85fddc
PCPI_METRIC funct3=0 rs1=f4d86ee9 rs2=7c41aff8 latency=7 wait_cycles=6 result=2aa5b8b8
PCPI_METRIC funct3=1 rs1=f4d86ee9 rs2=7c41aff8 latency=7 wait_cycles=6 result=fa95f902
PCPI_METRIC funct3=2 rs1=f4d86ee9 rs2=7c41aff8 latency=7 wait_cycles=6 result=fa95f902
PCPI_METRIC funct3=3 rs1=f4d86ee9 rs2=7c41aff8 latency=7 wait_cycles=6 result=76d7a8fa
PCPI_METRIC funct3=0 rs1=8376ac06 rs2=f78576ef latency=7 wait_cycles=6 result=98335d9a
PCPI_METRIC funct3=1 rs1=8376ac06 rs2=f78576ef latency=7 wait_cycles=6 result=041fe6bf
PCPI_METRIC funct3=2 rs1=8376ac06 rs2=f78576ef latency=7 wait_cycles=6 result=879692c5
PCPI_METRIC funct3=3 rs1=8376ac06 rs2=f78576ef latency=7 wait_cycles=6 result=7f1c09b4
PCPI_METRIC funct3=0 rs1=70ef37e1 rs2=cab47c95 latency=7 wait_cycles=6 result=6e8081f5
PCPI_METRIC funct3=1 rs1=70ef37e1 rs2=cab47c95 latency=7 wait_cycles=6 result=e87d295f
PCPI_METRIC funct3=2 rs1=70ef37e1 rs2=cab47c95 latency=7 wait_cycles=6 result=596c6140
PCPI_METRIC funct3=3 rs1=70ef37e1 rs2=cab47c95 latency=7 wait_cycles=6 result=596c6140
PCPI_METRIC funct3=0 rs1=f7723eee rs2=304e4d60 latency=7 wait_cycles=6 result=f4492f40
PCPI_METRIC funct3=1 rs1=f7723eee rs2=304e4d60 latency=7 wait_cycles=6 result=fe62ce05
PCPI_METRIC funct3=2 rs1=f7723eee rs2=304e4d60 latency=7 wait_cycles=6 result=fe62ce05
PCPI_METRIC funct3=3 rs1=f7723eee rs2=304e4d60 latency=7 wait_cycles=6 result=2eb11b65
PCPI_METRIC funct3=0 rs1=f29c5ee5 rs2=9420ea28 latency=7 wait_cycles=6 result=17cc25c8
PCPI_METRIC funct3=1 rs1=f29c5ee5 rs2=9420ea28 latency=7 wait_cycles=6 result=05a44f44
PCPI_METRIC funct3=2 rs1=f29c5ee5 rs2=9420ea28 latency=7 wait_cycles=6 result=f840ae29
PCPI_METRIC funct3=3 rs1=f29c5ee5 rs2=9420ea28 latency=7 wait_cycles=6 result=8c619851
PCPI_METRIC funct3=0 rs1=322f7d64 rs2=14b43729 latency=7 wait_cycles=6 result=37db9104
PCPI_METRIC funct3=1 rs1=322f7d64 rs2=14b43729 latency=7 wait_cycles=6 result=040f0a00
PCPI_METRIC funct3=2 rs1=322f7d64 rs2=14b43729 latency=7 wait_cycles=6 result=040f0a00
PCPI_METRIC funct3=3 rs1=322f7d64 rs2=14b43729 latency=7 wait_cycles=6 result=040f0a00
PCPI_METRIC funct3=0 rs1=f0eeaee1 rs2=bbbc5277 latency=7 wait_cycles=6 result=3b335c97
PCPI_METRIC funct3=1 rs1=f0eeaee1 rs2=bbbc5277 latency=7 wait_cycles=6 result=0404954b
PCPI_METRIC funct3=2 rs1=f0eeaee1 rs2=bbbc5277 latency=7 wait_cycles=6 result=f4f3442c
PCPI_METRIC funct3=3 rs1=f0eeaee1 rs2=bbbc5277 latency=7 wait_cycles=6 result=b0af96a3
PCPI_METRIC funct3=0 rs1=3715156e rs2=40aaf581 latency=7 wait_cycles=6 result=aa2e126e
PCPI_METRIC funct3=1 rs1=3715156e rs2=40aaf581 latency=7 wait_cycles=6 result=0dea0e2e
PCPI_METRIC funct3=2 rs1=3715156e rs2=40aaf581 latency=7 wait_cycles=6 result=0dea0e2e
PCPI_METRIC funct3=3 rs1=3715156e rs2=40aaf581 latency=7 wait_cycles=6 result=0dea0e2e
PCPI_METRIC funct3=0 rs1=6a9fb9d5 rs2=3437d568 latency=7 wait_cycles=6 result=6744b788
PCPI_METRIC funct3=1 rs1=6a9fb9d5 rs2=3437d568 latency=7 wait_cycles=6 result=15bfb2f2
PCPI_METRIC funct3=2 rs1=6a9fb9d5 rs2=3437d568 latency=7 wait_cycles=6 result=15bfb2f2
PCPI_METRIC funct3=3 rs1=6a9fb9d5 rs2=3437d568 latency=7 wait_cycles=6 result=15bfb2f2
PCPI_METRIC funct3=0 rs1=786271f0 rs2=d57800aa latency=7 wait_cycles=6 result=09dfa960
PCPI_METRIC funct3=1 rs1=786271f0 rs2=d57800aa latency=7 wait_cycles=6 result=ebffe552
PCPI_METRIC funct3=2 rs1=786271f0 rs2=d57800aa latency=7 wait_cycles=6 result=64625742
PCPI_METRIC funct3=3 rs1=786271f0 rs2=d57800aa latency=7 wait_cycles=6 result=64625742
PCPI_METRIC funct3=0 rs1=079fc30f rs2=f8dc48f1 latency=7 wait_cycles=6 result=4526d91f
PCPI_METRIC funct3=1 rs1=079fc30f rs2=f8dc48f1 latency=7 wait_cycles=6 result=ffc9915f
PCPI_METRIC funct3=2 rs1=079fc30f rs2=f8dc48f1 latency=7 wait_cycles=6 result=0769546e
PCPI_METRIC funct3=3 rs1=079fc30f rs2=f8dc48f1 latency=7 wait_cycles=6 result=0769546e
PCPI_METRIC funct3=0 rs1=be9bbc7d rs2=472e958e latency=7 wait_cycles=6 result=e88d4e56
PCPI_METRIC funct3=1 rs1=be9bbc7d rs2=472e958e latency=7 wait_cycles=6 result=edd14b0e
PCPI_METRIC funct3=2 rs1=be9bbc7d rs2=472e958e latency=7 wait_cycles=6 result=edd14b0e
PCPI_METRIC funct3=3 rs1=be9bbc7d rs2=472e958e latency=7 wait_cycles=6 result=34ffe09c
PCPI_METRIC funct3=0 rs1=f161dce2 rs2=1e664d3c latency=7 wait_cycles=6 result=806bbef8
PCPI_METRIC funct3=1 rs1=f161dce2 rs2=1e664d3c latency=7 wait_cycles=6 result=fe43a077
PCPI_METRIC funct3=2 rs1=f161dce2 rs2=1e664d3c latency=7 wait_cycles=6 result=fe43a077
PCPI_METRIC funct3=3 rs1=f161dce2 rs2=1e664d3c latency=7 wait_cycles=6 result=1ca9edb3
PCPI_METRIC funct3=0 rs1=d4b5e6a9 rs2=77ebb1ef latency=7 wait_cycles=6 result=a67030c7
PCPI_METRIC funct3=1 rs1=d4b5e6a9 rs2=77ebb1ef latency=7 wait_cycles=6 result=ebb8b31c
PCPI_METRIC funct3=2 rs1=d4b5e6a9 rs2=77ebb1ef latency=7 wait_cycles=6 result=ebb8b31c
PCPI_METRIC funct3=3 rs1=d4b5e6a9 rs2=77ebb1ef latency=7 wait_cycles=6 result=63a4650b
PCPI_METRIC funct3=0 rs1=ade7d05b rs2=d7a23caf latency=7 wait_cycles=6 result=7ce2c235
PCPI_METRIC funct3=1 rs1=ade7d05b rs2=d7a23caf latency=7 wait_cycles=6 result=0cf1d8dd
PCPI_METRIC funct3=2 rs1=ade7d05b rs2=d7a23caf latency=7 wait_cycles=6 result=bad9a938
PCPI_METRIC funct3=3 rs1=ade7d05b rs2=d7a23caf latency=7 wait_cycles=6 result=927be5e7
PCPI_METRIC funct3=0 rs1=25029b4a rs2=5cd20db9 latency=7 wait_cycles=6 result=db78fa7a
PCPI_METRIC funct3=1 rs1=25029b4a rs2=5cd20db9 latency=7 wait_cycles=6 result=0d6b4ded
PCPI_METRIC funct3=2 rs1=25029b4a rs2=5cd20db9 latency=7 wait_cycles=6 result=0d6b4ded
PCPI_METRIC funct3=3 rs1=25029b4a rs2=5cd20db9 latency=7 wait_cycles=6 result=0d6b4ded
PCPI_METRIC funct3=0 rs1=098e2d13 rs2=09c83513 latency=7 wait_cycles=6 result=06ba4769
PCPI_METRIC funct3=1 rs1=098e2d13 rs2=09c83513 latency=7 wait_cycles=6 result=005d78a4
PCPI_METRIC funct3=2 rs1=098e2d13 rs2=09c83513 latency=7 wait_cycles=6 result=005d78a4
PCPI_METRIC funct3=3 rs1=098e2d13 rs2=09c83513 latency=7 wait_cycles=6 result=005d78a4
PCPI_METRIC funct3=0 rs1=32dc4165 rs2=28c62751 latency=7 wait_cycles=6 result=01c513f5
PCPI_METRIC funct3=1 rs1=32dc4165 rs2=28c62751 latency=7 wait_cycles=6 result=0819c862
PCPI_METRIC funct3=2 rs1=32dc4165 rs2=28c62751 latency=7 wait_cycles=6 result=0819c862
PCPI_METRIC funct3=3 rs1=32dc4165 rs2=28c62751 latency=7 wait_cycles=6 result=0819c862
PCPI_METRIC funct3=0 rs1=db983ab7 rs2=cc981099 latency=7 wait_cycles=6 result=724e875f
PCPI_METRIC funct3=1 rs1=db983ab7 rs2=cc981099 latency=7 wait_cycles=6 result=074f7419
PCPI_METRIC funct3=2 rs1=db983ab7 rs2=cc981099 latency=7 wait_cycles=6 result=e2e7aed0
PCPI_METRIC funct3=3 rs1=db983ab7 rs2=cc981099 latency=7 wait_cycles=6 result=af7fbf69
PCPI_METRIC funct3=0 rs1=9d12083a rs2=b8ea3a71 latency=7 wait_cycles=6 result=9fd6c59a
PCPI_METRIC funct3=1 rs1=9d12083a rs2=b8ea3a71 latency=7 wait_cycles=6 result=1b786995
PCPI_METRIC funct3=2 rs1=9d12083a rs2=b8ea3a71 latency=7 wait_cycles=6 result=b88a71cf
PCPI_METRIC funct3=3 rs1=9d12083a rs2=b8ea3a71 latency=7 wait_cycles=6 result=7174ac40
PCPI_METRIC funct3=0 rs1=317c0762 rs2=f2356ae4 latency=7 wait_cycles=6 result=98cf2748
PCPI_METRIC funct3=1 rs1=317c0762 rs2=f2356ae4 latency=7 wait_cycles=6 result=fd558aef
PCPI_METRIC funct3=2 rs1=317c0762 rs2=f2356ae4 latency=7 wait_cycles=6 result=2ed19251
PCPI_METRIC funct3=3 rs1=317c0762 rs2=f2356ae4 latency=7 wait_cycles=6 result=2ed19251
PCPI_METRIC funct3=0 rs1=1513dd2a rs2=beda447d latency=7 wait_cycles=6 result=13362582
PCPI_METRIC funct3=1 rs1=1513dd2a rs2=beda447d latency=7 wait_cycles=6 result=faa2d989
PCPI_METRIC funct3=2 rs1=1513dd2a rs2=beda447d latency=7 wait_cycles=6 result=0fb6b6b3
PCPI_METRIC funct3=3 rs1=1513dd2a rs2=beda447d latency=7 wait_cycles=6 result=0fb6b6b3
PCPI_METRIC funct3=0 rs1=2cee5f59 rs2=72c3a3e5 latency=7 wait_cycles=6 result=3abbf59d
PCPI_METRIC funct3=1 rs1=2cee5f59 rs2=72c3a3e5 latency=7 wait_cycles=6 result=14247ccc
PCPI_METRIC funct3=2 rs1=2cee5f59 rs2=72c3a3e5 latency=7 wait_cycles=6 result=14247ccc
PCPI_METRIC funct3=3 rs1=2cee5f59 rs2=72c3a3e5 latency=7 wait_cycles=6 result=14247ccc
PCPI_METRIC funct3=0 rs1=76de6bed rs2=e4a800c9 latency=7 wait_cycles=6 result=3c2abd15
PCPI_METRIC funct3=1 rs1=76de6bed rs2=e4a800c9 latency=7 wait_cycles=6 result=f34dae86
PCPI_METRIC funct3=2 rs1=76de6bed rs2=e4a800c9 latency=7 wait_cycles=6 result=6a2c1a73
PCPI_METRIC funct3=3 rs1=76de6bed rs2=e4a800c9 latency=7 wait_cycles=6 result=6a2c1a73
PCPI_METRIC funct3=0 rs1=a0aecc41 rs2=57c1d1af latency=7 wait_cycles=6 result=a03fb16f
PCPI_METRIC funct3=1 rs1=a0aecc41 rs2=57c1d1af latency=7 wait_cycles=6 result=df533d1f
PCPI_METRIC funct3=2 rs1=a0aecc41 rs2=57c1d1af latency=7 wait_cycles=6 result=df533d1f
PCPI_METRIC funct3=3 rs1=a0aecc41 rs2=57c1d1af latency=7 wait_cycles=6 result=37150ece
PCPI_METRIC funct3=0 rs1=eda71cdb rs2=e696e8cd latency=7 wait_cycles=6 result=6b4a935f
PCPI_METRIC funct3=1 rs1=eda71cdb rs2=e696e8cd latency=7 wait_cycles=6 result=01d2364d
PCPI_METRIC funct3=2 rs1=eda71cdb rs2=e696e8cd latency=7 wait_cycles=6 result=ef795328
PCPI_METRIC funct3=3 rs1=eda71cdb rs2=e696e8cd latency=7 wait_cycles=6 result=d6103bf5
PCPI_METRIC funct3=0 rs1=38139f70 rs2=8326d406 latency=7 wait_cycles=6 result=8b1e7ca0
PCPI_METRIC funct3=1 rs1=38139f70 rs2=8326d406 latency=7 wait_cycles=6 result=e4a6ec81
PCPI_METRIC funct3=2 rs1=38139f70 rs2=8326d406 latency=7 wait_cycles=6 result=1cba8bf1
PCPI_METRIC funct3=3 rs1=38139f70 rs2=8326d406 latency=7 wait_cycles=6 result=1cba8bf1
PCPI_METRIC funct3=0 rs1=d14820a2 rs2=5e983dbd latency=7 wait_cycles=6 result=8e36b19a
PCPI_METRIC funct3=1 rs1=d14820a2 rs2=5e983dbd latency=7 wait_cycles=6 result=eebcb38a
PCPI_METRIC funct3=2 rs1=d14820a2 rs2=5e983dbd latency=7 wait_cycles=6 result=eebcb38a
PCPI_METRIC funct3=3 rs1=d14820a2 rs2=5e983dbd latency=7 wait_cycles=6 result=4d54f147
PCPI_METRIC funct3=0 rs1=b555de6a rs2=6e3d47dc latency=7 wait_cycles=6 result=31bc8918
PCPI_METRIC funct3=1 rs1=b555de6a rs2=6e3d47dc latency=7 wait_cycles=6 result=dfd90612
PCPI_METRIC funct3=2 rs1=b555de6a rs2=6e3d47dc latency=7 wait_cycles=6 result=dfd90612
PCPI_METRIC funct3=3 rs1=b555de6a rs2=6e3d47dc latency=7 wait_cycles=6 result=4e164dee
PCPI_METRIC funct3=0 rs1=a86c5e50 rs2=bd86f47b latency=7 wait_cycles=6 result=a3d59070
PCPI_METRIC funct3=1 rs1=a86c5e50 rs2=bd86f47b latency=7 wait_cycles=6 result=16bd7867
PCPI_METRIC funct3=2 rs1=a86c5e50 rs2=bd86f47b latency=7 wait_cycles=6 result=bf29d6b7
PCPI_METRIC funct3=3 rs1=a86c5e50 rs2=bd86f47b latency=7 wait_cycles=6 result=7cb0cb32
PCPI_METRIC funct3=0 rs1=929d5825 rs2=bc3f8478 latency=7 wait_cycles=6 result=b84f6558
PCPI_METRIC funct3=1 rs1=929d5825 rs2=bc3f8478 latency=7 wait_cycles=6 result=1cf310b4
PCPI_METRIC funct3=2 rs1=929d5825 rs2=bc3f8478 latency=7 wait_cycles=6 result=af9068d9
PCPI_METRIC funct3=3 rs1=929d5825 rs2=bc3f8478 latency=7 wait_cycles=6 result=6bcfed51
PCPI_METRIC funct3=0 rs1=7b7b89f6 rs2=ae23ce5c latency=7 wait_cycles=6 result=da0b8868
PCPI_METRIC funct3=1 rs1=7b7b89f6 rs2=ae23ce5c latency=7 wait_cycles=6 result=d883b33c
PCPI_METRIC funct3=2 rs1=7b7b89f6 rs2=ae23ce5c latency=7 wait_cycles=6 result=53ff3d32
PCPI_METRIC funct3=3 rs1=7b7b89f6 rs2=ae23ce5c latency=7 wait_cycles=6 result=53ff3d32
PCPI_METRIC funct3=0 rs1=11cc9b23 rs2=3cb3ab79 latency=7 wait_cycles=6 result=c2ceb48b
PCPI_METRIC funct3=1 rs1=11cc9b23 rs2=3cb3ab79 latency=7 wait_cycles=6 result=04387258
PCPI_METRIC funct3=2 rs1=11cc9b23 rs2=3cb3ab79 latency=7 wait_cycles=6 result=04387258
PCPI_METRIC funct3=3 rs1=11cc9b23 rs2=3cb3ab79 latency=7 wait_cycles=6 result=04387258
PCPI_METRIC funct3=0 rs1=644605c8 rs2=ddd146bb latency=7 wait_cycles=6 result=c502e918
PCPI_METRIC funct3=1 rs1=644605c8 rs2=ddd146bb latency=7 wait_cycles=6 result=f29c6614
PCPI_METRIC funct3=2 rs1=644605c8 rs2=ddd146bb latency=7 wait_cycles=6 result=56e26bdc
PCPI_METRIC funct3=3 rs1=644605c8 rs2=ddd146bb latency=7 wait_cycles=6 result=56e26bdc
PCPI_METRIC funct3=0 rs1=870cee0e rs2=b9879473 latency=7 wait_cycles=6 result=cbd1084a
PCPI_METRIC funct3=1 rs1=870cee0e rs2=b9879473 latency=7 wait_cycles=6 result=214b5ba8
PCPI_METRIC funct3=2 rs1=870cee0e rs2=b9879473 latency=7 wait_cycles=6 result=a85849b6
PCPI_METRIC funct3=3 rs1=870cee0e rs2=b9879473 latency=7 wait_cycles=6 result=61dfde29
PCPI_METRIC funct3=0 rs1=0671030c rs2=e70f98ce latency=7 wait_cycles=6 result=4a7393a8
PCPI_METRIC funct3=1 rs1=0671030c rs2=e70f98ce latency=7 wait_cycles=6 result=ff5f5b2b
PCPI_METRIC funct3=2 rs1=0671030c rs2=e70f98ce latency=7 wait_cycles=6 result=05d05e37
PCPI_METRIC funct3=3 rs1=0671030c rs2=e70f98ce latency=7 wait_cycles=6 result=05d05e37
PCPI_METRIC funct3=0 rs1=6a1a61d4 rs2=acecdc59 latency=7 wait_cycles=6 result=2eae32b4
PCPI_METRIC funct3=1 rs1=6a1a61d4 rs2=acecdc59 latency=7 wait_cycles=6 result=dd91838c
PCPI_METRIC funct3=2 rs1=6a1a61d4 rs2=acecdc59 latency=7 wait_cycles=6 result=47abe560
PCPI_METRIC funct3=3 rs1=6a1a61d4 rs2=acecdc59 latency=7 wait_cycles=6 result=47abe560
PCPI_METRIC funct3=0 rs1=5ca26fb9 rs2=d9b8c0b3 latency=7 wait_cycles=6 result=b756de5b
PCPI_METRIC funct3=1 rs1=5ca26fb9 rs2=d9b8c0b3 latency=7 wait_cycles=6 result=f2261b75
PCPI_METRIC funct3=2 rs1=5ca26fb9 rs2=d9b8c0b3 latency=7 wait_cycles=6 result=4ec88b2e
PCPI_METRIC funct3=3 rs1=5ca26fb9 rs2=d9b8c0b3 latency=7 wait_cycles=6 result=4ec88b2e
PCPI_METRIC funct3=0 rs1=7a4fbff4 rs2=baf4e275 latency=7 wait_cycles=6 result=8a782284
PCPI_METRIC funct3=1 rs1=7a4fbff4 rs2=baf4e275 latency=7 wait_cycles=6 result=df0331b8
PCPI_METRIC funct3=2 rs1=7a4fbff4 rs2=baf4e275 latency=7 wait_cycles=6 result=5952f1ac
PCPI_METRIC funct3=3 rs1=7a4fbff4 rs2=baf4e275 latency=7 wait_cycles=6 result=5952f1ac
PCPI_METRIC funct3=0 rs1=066cf10c rs2=9cfc7a39 latency=7 wait_cycles=6 result=f0f163ac
PCPI_METRIC funct3=1 rs1=066cf10c rs2=9cfc7a39 latency=7 wait_cycles=6 result=fd83c825
PCPI_METRIC funct3=2 rs1=066cf10c rs2=9cfc7a39 latency=7 wait_cycles=6 result=03f0b931
PCPI_METRIC funct3=3 rs1=066cf10c rs2=9cfc7a39 latency=7 wait_cycles=6 result=03f0b931
PCPI_METRIC funct3=0 rs1=01729302 rs2=8aecbe15 latency=7 wait_cycles=6 result=c1598b2a
PCPI_METRIC funct3=1 rs1=01729302 rs2=8aecbe15 latency=7 wait_cycles=6 result=ff5686ef
PCPI_METRIC funct3=2 rs1=01729302 rs2=8aecbe15 latency=7 wait_cycles=6 result=00c919f1
PCPI_METRIC funct3=3 rs1=01729302 rs2=8aecbe15 latency=7 wait_cycles=6 result=00c919f1
PCPI_METRIC funct3=0 rs1=02fbf905 rs2=271c434e latency=7 wait_cycles=6 result=da7e2e86
PCPI_METRIC funct3=1 rs1=02fbf905 rs2=271c434e latency=7 wait_cycles=6 result=0074b747
PCPI_METRIC funct3=2 rs1=02fbf905 rs2=271c434e latency=7 wait_cycles=6 result=0074b747
PCPI_METRIC funct3=3 rs1=02fbf905 rs2=271c434e latency=7 wait_cycles=6 result=0074b747
PCPI_METRIC funct3=0 rs1=013f2902 rs2=5c7951b8 latency=7 wait_cycles=6 result=fb511b70
PCPI_METRIC funct3=1 rs1=013f2902 rs2=5c7951b8 latency=7 wait_cycles=6 result=007349fc
PCPI_METRIC funct3=2 rs1=013f2902 rs2=5c7951b8 latency=7 wait_cycles=6 result=007349fc
PCPI_METRIC funct3=3 rs1=013f2902 rs2=5c7951b8 latency=7 wait_cycles=6 result=007349fc
PCPI_METRIC funct3=0 rs1=847fb208 rs2=46e7538d latency=7 wait_cycles=6 result=3645a668
PCPI_METRIC funct3=1 rs1=847fb208 rs2=46e7538d latency=7 wait_cycles=6 result=ddcb5199
PCPI_METRIC funct3=2 rs1=847fb208 rs2=46e7538d latency=7 wait_cycles=6 result=ddcb5199
PCPI_METRIC funct3=3 rs1=847fb208 rs2=46e7538d latency=7 wait_cycles=6 result=24b2a526
PCPI_METRIC funct3=0 rs1=d7b48eaf rs2=747331e8 latency=7 wait_cycles=6 result=6f8dcd98
PCPI_METRIC funct3=1 rs1=d7b48eaf rs2=747331e8 latency=7 wait_cycles=6 result=edabaee8
PCPI_METRIC funct3=2 rs1=d7b48eaf rs2=747331e8 latency=7 wait_cycles=6 result=edabaee8
PCPI_METRIC funct3=3 rs1=d7b48eaf rs2=747331e8 latency=7 wait_cycles=6 result=621ee0d0
PCPI_METRIC funct3=0 rs1=48590990 rs2=7af6abf5 latency=7 wait_cycles=6 result=86f956d0
PCPI_METRIC funct3=1 rs1=48590990 rs2=7af6abf5 latency=7 wait_cycles=6 result=22c024b6
PCPI_METRIC funct3=2 rs1=48590990 rs2=7af6abf5 latency=7 wait_cycles=6 result=22c024b6
PCPI_METRIC funct3=3 rs1=48590990 rs2=7af6abf5 latency=7 wait_cycles=6 result=22c024b6
PCPI_METRIC funct3=0 rs1=a620904c rs2=3d82bd7b latency=7 wait_cycles=6 result=3ec57084
PCPI_METRIC funct3=1 rs1=a620904c rs2=3d82bd7b latency=7 wait_cycles=6 result=ea67dc66
PCPI_METRIC funct3=2 rs1=a620904c rs2=3d82bd7b latency=7 wait_cycles=6 result=ea67dc66
PCPI_METRIC funct3=3 rs1=a620904c rs2=3d82bd7b latency=7 wait_cycles=6 result=27ea99e1
PCPI_METRIC funct3=0 rs1=a005a640 rs2=12a90325 latency=7 wait_cycles=6 result=7203c740
PCPI_METRIC funct3=1 rs1=a005a640 rs2=12a90325 latency=7 wait_cycles=6 result=f901083d
PCPI_METRIC funct3=2 rs1=a005a640 rs2=12a90325 latency=7 wait_cycles=6 result=f901083d
PCPI_METRIC funct3=3 rs1=a005a640 rs2=12a90325 latency=7 wait_cycles=6 result=0baa0b62
PCPI_METRIC funct3=0 rs1=86ebb60d rs2=b87c1070 latency=7 wait_cycles=6 result=48cc75b0
PCPI_METRIC funct3=1 rs1=86ebb60d rs2=b87c1070 latency=7 wait_cycles=6 result=21d30732
PCPI_METRIC funct3=2 rs1=86ebb60d rs2=b87c1070 latency=7 wait_cycles=6 result=a8bebd3f
PCPI_METRIC funct3=3 rs1=86ebb60d rs2=b87c1070 latency=7 wait_cycles=6 result=613acdaf
PCPI_METRIC funct3=0 rs1=16cbf92d rs2=94ded829 latency=7 wait_cycles=6 result=d9eee035
PCPI_METRIC funct3=1 rs1=16cbf92d rs2=94ded829 latency=7 wait_cycles=6 result=f675cb02
PCPI_METRIC funct3=2 rs1=16cbf92d rs2=94ded829 latency=7 wait_cycles=6 result=0d41c42f
PCPI_METRIC funct3=3 rs1=16cbf92d rs2=94ded829 latency=7 wait_cycles=6 result=0d41c42f
PCPI_METRIC funct3=0 rs1=5e2551bc rs2=987b0830 latency=7 wait_cycles=6 result=b6e13340
PCPI_METRIC funct3=1 rs1=5e2551bc rs2=987b0830 latency=7 wait_cycles=6 result=d9ee15bc
PCPI_METRIC funct3=2 rs1=5e2551bc rs2=987b0830 latency=7 wait_cycles=6 result=38136778
PCPI_METRIC funct3=3 rs1=5e2551bc rs2=987b0830 latency=7 wait_cycles=6 result=38136778
PCPI_METRIC funct3=0 rs1=60272dc0 rs2=28766950 latency=7 wait_cycles=6 result=34820c00
PCPI_METRIC funct3=1 rs1=60272dc0 rs2=28766950 latency=7 wait_cycles=6 result=0f3298c3
PCPI_METRIC funct3=2 rs1=60272dc0 rs2=28766950 latency=7 wait_cycles=6 result=0f3298c3
PCPI_METRIC funct3=3 rs1=60272dc0 rs2=28766950 latency=7 wait_cycles=6 result=0f3298c3
PCPI_METRIC funct3=0 rs1=d0cf6aa1 rs2=26bf3f4d latency=7 wait_cycles=6 result=4dbfb16d
PCPI_METRIC funct3=1 rs1=d0cf6aa1 rs2=26bf3f4d latency=7 wait_cycles=6 result=f8db88e9
PCPI_METRIC funct3=2 rs1=d0cf6aa1 rs2=26bf3f4d latency=7 wait_cycles=6 result=f8db88e9
PCPI_METRIC funct3=3 rs1=d0cf6aa1 rs2=26bf3f4d latency=7 wait_cycles=6 result=1f9ac836
PCPI_METRIC funct3=0 rs1=faf32ef5 rs2=7a87aff5 latency=7 wait_cycles=6 result=ed086b79
PCPI_METRIC funct3=1 rs1=faf32ef5 rs2=7a87aff5 latency=7 wait_cycles=6 result=fd953725
PCPI_METRIC funct3=2 rs1=faf32ef5 rs2=7a87aff5 latency=7 wait_cycles=6 result=fd953725
PCPI_METRIC funct3=3 rs1=faf32ef5 rs2=7a87aff5 latency=7 wait_cycles=6 result=781ce71a
PCPI_METRIC funct3=0 rs1=aeeacc5d rs2=ca481294 latency=7 wait_cycles=6 result=7e44afc4
PCPI_METRIC funct3=1 rs1=aeeacc5d rs2=ca481294 latency=7 wait_cycles=6 result=1103a50b
PCPI_METRIC funct3=2 rs1=aeeacc5d rs2=ca481294 latency=7 wait_cycles=6 result=bfee7168
PCPI_METRIC funct3=3 rs1=aeeacc5d rs2=ca481294 latency=7 wait_cycles=6 result=8a3683fc
PCPI_METRIC funct3=0 rs1=b558a66a rs2=5e6065bc latency=7 wait_cycles=6 result=7a8207d8
PCPI_METRIC funct3=1 rs1=b558a66a rs2=5e6065bc latency=7 wait_cycles=6 result=e47a70ae
PCPI_METRIC funct3=2 rs1=b558a66a rs2=5e6065bc latency=7 wait_cycles=6 result=e47a70ae
PCPI_METRIC funct3=3 rs1=b558a66a rs2=5e6065bc latency=7 wait_cycles=6 result=42dad66a
PCPI_METRIC funct3=0 rs1=dc4308b8 rs2=cf309c9e latency=7 wait_cycles=6 result=352f8190
PCPI_METRIC funct3=1 rs1=dc4308b8 rs2=cf309c9e latency=7 wait_cycles=6 result=06d06209
PCPI_METRIC funct3=2 rs1=dc4308b8 rs2=cf309c9e latency=7 wait_cycles=6 result=e3136ac1
PCPI_METRIC funct3=3 rs1=dc4308b8 rs2=cf309c9e latency=7 wait_cycles=6 result=b244075f
PCPI_METRIC funct3=0 rs1=fd7906fa rs2=23400b46 latency=7 wait_cycles=6 result=6ee4a65c
PCPI_METRIC funct3=1 rs1=fd7906fa rs2=23400b46 latency=7 wait_cycles=6 result=ffa6ea19
PCPI_METRIC funct3=2 rs1=fd7906fa rs2=23400b46 latency=7 wait_cycles=6 result=ffa6ea19
PCPI_METRIC funct3=3 rs1=fd7906fa rs2=23400b46 latency=7 wait_cycles=6 result=22e6f55f
PCPI_METRIC funct3=0 rs1=83fa6407 rs2=c9cbbc93 latency=7 wait_cycles=6 result=7ac99405
PCPI_METRIC funct3=1 rs1=83fa6407 rs2=c9cbbc93 latency=7 wait_cycles=6 result=1a4280b4
PCPI_METRIC funct3=2 rs1=83fa6407 rs2=c9cbbc93 latency=7 wait_cycles=6 result=9e3ce4bb
PCPI_METRIC funct3=3 rs1=83fa6407 rs2=c9cbbc93 latency=7 wait_cycles=6 result=6808a14e
[6] Progress: 300/1000 groups
PCPI_METRIC funct3=0 rs1=aada7455 rs2=5bd3dbb7 latency=7 wait_cycles=6 result=1cbcdfc3
PCPI_METRIC funct3=1 rs1=aada7455 rs2=5bd3dbb7 latency=7 wait_cycles=6 result=e1753054
PCPI_METRIC funct3=2 rs1=aada7455 rs2=5bd3dbb7 latency=7 wait_cycles=6 result=e1753054
PCPI_METRIC funct3=3 rs1=aada7455 rs2=5bd3dbb7 latency=7 wait_cycles=6 result=3d490c0b
PCPI_METRIC funct3=0 rs1=22d5f145 rs2=b1800a63 latency=7 wait_cycles=6 result=2ba8ffaf
PCPI_METRIC funct3=1 rs1=22d5f145 rs2=b1800a63 latency=7 wait_cycles=6 result=f55166ee
PCPI_METRIC funct3=2 rs1=22d5f145 rs2=b1800a63 latency=7 wait_cycles=6 result=18275833
PCPI_METRIC funct3=3 rs1=22d5f145 rs2=b1800a63 latency=7 wait_cycles=6 result=18275833
PCPI_METRIC funct3=0 rs1=ac93e059 rs2=9372ce26 latency=7 wait_cycles=6 result=9f1ceb36
PCPI_METRIC funct3=1 rs1=ac93e059 rs2=9372ce26 latency=7 wait_cycles=6 result=235fa026
PCPI_METRIC funct3=2 rs1=ac93e059 rs2=9372ce26 latency=7 wait_cycles=6 result=cff3807f
PCPI_METRIC funct3=3 rs1=ac93e059 rs2=9372ce26 latency=7 wait_cycles=6 result=63664ea5
PCPI_METRIC funct3=0 rs1=b4497668 rs2=8f63e41e latency=7 wait_cycles=6 result=70488030
PCPI_METRIC funct3=1 rs1=b4497668 rs2=8f63e41e latency=7 wait_cycles=6 result=214e07ad
PCPI_METRIC funct3=2 rs1=b4497668 rs2=8f63e41e latency=7 wait_cycles=6 result=d5977e15
PCPI_METRIC funct3=3 rs1=b4497668 rs2=8f63e41e latency=7 wait_cycles=6 result=64fb6233
PCPI_METRIC funct3=0 rs1=c838f490 rs2=2d19a55a latency=7 wait_cycles=6 result=4bb6caa0
PCPI_METRIC funct3=1 rs1=c838f490 rs2=2d19a55a latency=7 wait_cycles=6 result=f62c6c86
PCPI_METRIC funct3=2 rs1=c838f490 rs2=2d19a55a latency=7 wait_cycles=6 result=f62c6c86
PCPI_METRIC funct3=3 rs1=c838f490 rs2=2d19a55a latency=7 wait_cycles=6 result=234611e0
PCPI_METRIC funct3=0 rs1=0e43851c rs2=5c9967b9 latency=7 wait_cycles=6 result=1715753c
PCPI_METRIC funct3=1 rs1=0e43851c rs2=5c9967b9 latency=7 wait_cycles=6 result=0528cff8
PCPI_METRIC funct3=2 rs1=0e43851c rs2=5c9967b9 latency=7 wait_cycles=6 result=0528cff8
PCPI_METRIC funct3=3 rs1=0e43851c rs2=5c9967b9 latency=7 wait_cycles=6 result=0528cff8
PCPI_METRIC funct3=0 rs1=55861fab rs2=6826d9d0 latency=7 wait_cycles=6 result=5933adf0
PCPI_METRIC funct3=1 rs1=55861fab rs2=6826d9d0 latency=7 wait_cycles=6 result=22cb778a
PCPI_METRIC funct3=2 rs1=55861fab rs2=6826d9d0 latency=7 wait_cycles=6 result=22cb778a
PCPI_METRIC funct3=3 rs1=55861fab rs2=6826d9d0 latency=7 wait_cycles=6 result=22cb778a
PCPI_METRIC funct3=0 rs1=37b9656f rs2=6c6a6dd8 latency=7 wait_cycles=6 result=c893d8a8
PCPI_METRIC funct3=1 rs1=37b9656f rs2=6c6a6dd8 latency=7 wait_cycles=6 result=17996177
PCPI_METRIC funct3=2 rs1=37b9656f rs2=6c6a6dd8 latency=7 wait_cycles=6 result=17996177
PCPI_METRIC funct3=3 rs1=37b9656f rs2=6c6a6dd8 latency=7 wait_cycles=6 result=17996177
PCPI_METRIC funct3=0 rs1=a2cc8845 rs2=46d6a78d latency=7 wait_cycles=6 result=df3a1101
PCPI_METRIC funct3=1 rs1=a2cc8845 rs2=46d6a78d latency=7 wait_cycles=6 result=e635c73c
PCPI_METRIC funct3=2 rs1=a2cc8845 rs2=46d6a78d latency=7 wait_cycles=6 result=e635c73c
PCPI_METRIC funct3=3 rs1=a2cc8845 rs2=46d6a78d latency=7 wait_cycles=6 result=2d0c6ec9
PCPI_METRIC funct3=0 rs1=45f3238b rs2=7e2491fc latency=7 wait_cycles=6 result=fc04b7d4
PCPI_METRIC funct3=1 rs1=45f3238b rs2=7e2491fc latency=7 wait_cycles=6 result=2277a992
PCPI_METRIC funct3=2 rs1=45f3238b rs2=7e2491fc latency=7 wait_cycles=6 result=2277a992
PCPI_METRIC funct3=3 rs1=45f3238b rs2=7e2491fc latency=7 wait_cycles=6 result=2277a992
PCPI_METRIC funct3=0 rs1=6e1e1fdc rs2=d27f0aa4 latency=7 wait_cycles=6 result=feaf00f0
PCPI_METRIC funct3=1 rs1=6e1e1fdc rs2=d27f0aa4 latency=7 wait_cycles=6 result=ec6d3bcb
PCPI_METRIC funct3=2 rs1=6e1e1fdc rs2=d27f0aa4 latency=7 wait_cycles=6 result=5a8b5ba7
PCPI_METRIC funct3=3 rs1=6e1e1fdc rs2=d27f0aa4 latency=7 wait_cycles=6 result=5a8b5ba7
PCPI_METRIC funct3=0 rs1=0c978d19 rs2=52b533a5 latency=7 wait_cycles=6 result=1376ec1d
PCPI_METRIC funct3=1 rs1=0c978d19 rs2=52b533a5 latency=7 wait_cycles=6 result=041174e3
PCPI_METRIC funct3=2 rs1=0c978d19 rs2=52b533a5 latency=7 wait_cycles=6 result=041174e3
PCPI_METRIC funct3=3 rs1=0c978d19 rs2=52b533a5 latency=7 wait_cycles=6 result=041174e3
PCPI_METRIC funct3=0 rs1=9f398e3e rs2=f98bc0f3 latency=7 wait_cycles=6 result=d7fa84da
PCPI_METRIC funct3=1 rs1=9f398e3e rs2=f98bc0f3 latency=7 wait_cycles=6 result=0270986b
PCPI_METRIC funct3=2 rs1=9f398e3e rs2=f98bc0f3 latency=7 wait_cycles=6 result=a1aa26a9
PCPI_METRIC funct3=3 rs1=9f398e3e rs2=f98bc0f3 latency=7 wait_cycles=6 result=9b35e79c
PCPI_METRIC funct3=0 rs1=ac782c58 rs2=62056bc4 latency=7 wait_cycles=6 result=d442bb60
PCPI_METRIC funct3=1 rs1=ac782c58 rs2=62056bc4 latency=7 wait_cycles=6 result=e0043c28
PCPI_METRIC funct3=2 rs1=ac782c58 rs2=62056bc4 latency=7 wait_cycles=6 result=e0043c28
PCPI_METRIC funct3=3 rs1=ac782c58 rs2=62056bc4 latency=7 wait_cycles=6 result=4209a7ec
PCPI_METRIC funct3=0 rs1=2e36435c rs2=033a4506 latency=7 wait_cycles=6 result=0c456028
PCPI_METRIC funct3=1 rs1=2e36435c rs2=033a4506 latency=7 wait_cycles=6 result=0095278b
PCPI_METRIC funct3=2 rs1=2e36435c rs2=033a4506 latency=7 wait_cycles=6 result=0095278b
PCPI_METRIC funct3=3 rs1=2e36435c rs2=033a4506 latency=7 wait_cycles=6 result=0095278b
PCPI_METRIC funct3=0 rs1=cd1d509a rs2=0c161918 latency=7 wait_cycles=6 result=3cda9870
PCPI_METRIC funct3=1 rs1=cd1d509a rs2=0c161918 latency=7 wait_cycles=6 result=fd98fb4f
PCPI_METRIC funct3=2 rs1=cd1d509a rs2=0c161918 latency=7 wait_cycles=6 result=fd98fb4f
PCPI_METRIC funct3=3 rs1=cd1d509a rs2=0c161918 latency=7 wait_cycles=6 result=09af1467
PCPI_METRIC funct3=0 rs1=e2f066c5 rs2=5515d1aa latency=7 wait_cycles=6 result=ceb413d2
PCPI_METRIC funct3=1 rs1=e2f066c5 rs2=5515d1aa latency=7 wait_cycles=6 result=f657580a
PCPI_METRIC funct3=2 rs1=e2f066c5 rs2=5515d1aa latency=7 wait_cycles=6 result=f657580a
PCPI_METRIC funct3=3 rs1=e2f066c5 rs2=5515d1aa latency=7 wait_cycles=6 result=4b6d29b4
PCPI_METRIC funct3=0 rs1=0d12031a rs2=61dbd5c3 latency=7 wait_cycles=6 result=728afece
PCPI_METRIC funct3=1 rs1=0d12031a rs2=61dbd5c3 latency=7 wait_cycles=6 result=04ff0c7f
PCPI_METRIC funct3=2 rs1=0d12031a rs2=61dbd5c3 latency=7 wait_cycles=6 result=04ff0c7f
PCPI_METRIC funct3=3 rs1=0d12031a rs2=61dbd5c3 latency=7 wait_cycles=6 result=04ff0c7f
PCPI_METRIC funct3=0 rs1=5934e9b2 rs2=0633630c latency=7 wait_cycles=6 result=5f50ca58
PCPI_METRIC funct3=1 rs1=5934e9b2 rs2=0633630c latency=7 wait_cycles=6 result=02292588
PCPI_METRIC funct3=2 rs1=5934e9b2 rs2=0633630c latency=7 wait_cycles=6 result=02292588
PCPI_METRIC funct3=3 rs1=5934e9b2 rs2=0633630c latency=7 wait_cycles=6 result=02292588
PCPI_METRIC funct3=0 rs1=f4f00ee9 rs2=61dafdc3 latency=7 wait_cycles=6 result=cd01a07b
PCPI_METRIC funct3=1 rs1=f4f00ee9 rs2=61dafdc3 latency=7 wait_cycles=6 result=fbc57f1b
PCPI_METRIC funct3=2 rs1=f4f00ee9 rs2=61dafdc3 latency=7 wait_cycles=6 result=fbc57f1b
PCPI_METRIC funct3=3 rs1=f4f00ee9 rs2=61dafdc3 latency=7 wait_cycles=6 result=5da07cde
PCPI_METRIC funct3=0 rs1=75ad73eb rs2=7c2db9f8 latency=7 wait_cycles=6 result=8d1c1ea8
PCPI_METRIC funct3=1 rs1=75ad73eb rs2=7c2db9f8 latency=7 wait_cycles=6 result=3915091f
PCPI_METRIC funct3=2 rs1=75ad73eb rs2=7c2db9f8 latency=7 wait_cycles=6 result=3915091f
PCPI_METRIC funct3=3 rs1=75ad73eb rs2=7c2db9f8 latency=7 wait_cycles=6 result=3915091f
PCPI_METRIC funct3=0 rs1=792c03f2 rs2=4483ad89 latency=7 wait_cycles=6 result=e40ea682
PCPI_METRIC funct3=1 rs1=792c03f2 rs2=4483ad89 latency=7 wait_cycles=6 result=206e04b5
PCPI_METRIC funct3=2 rs1=792c03f2 rs2=4483ad89 latency=7 wait_cycles=6 result=206e04b5
PCPI_METRIC funct3=3 rs1=792c03f2 rs2=4483ad89 latency=7 wait_cycles=6 result=206e04b5
PCPI_METRIC funct3=0 rs1=378c736f rs2=0de14b1b latency=7 wait_cycles=6 result=1930b1b5
PCPI_METRIC funct3=1 rs1=378c736f rs2=0de14b1b latency=7 wait_cycles=6 result=0303049a
PCPI_METRIC funct3=2 rs1=378c736f rs2=0de14b1b latency=7 wait_cycles=6 result=0303049a
PCPI_METRIC funct3=3 rs1=378c736f rs2=0de14b1b latency=7 wait_cycles=6 result=0303049a
PCPI_METRIC funct3=0 rs1=d6a128ad rs2=344dc168 latency=7 wait_cycles=6 result=112bf348
PCPI_METRIC funct3=1 rs1=d6a128ad rs2=344dc168 latency=7 wait_cycles=6 result=f78c2b7b
PCPI_METRIC funct3=2 rs1=d6a128ad rs2=344dc168 latency=7 wait_cycles=6 result=f78c2b7b
PCPI_METRIC funct3=3 rs1=d6a128ad rs2=344dc168 latency=7 wait_cycles=6 result=2bd9ece3
PCPI_METRIC funct3=0 rs1=92f91225 rs2=67e857cf latency=7 wait_cycles=6 result=d1183eeb
PCPI_METRIC funct3=1 rs1=92f91225 rs2=67e857cf latency=7 wait_cycles=6 result=d3bf429f
PCPI_METRIC funct3=2 rs1=92f91225 rs2=67e857cf latency=7 wait_cycles=6 result=d3bf429f
PCPI_METRIC funct3=3 rs1=92f91225 rs2=67e857cf latency=7 wait_cycles=6 result=3ba79a6e
PCPI_METRIC funct3=0 rs1=55dd8dab rs2=8d94d21b latency=7 wait_cycles=6 result=e2703709
PCPI_METRIC funct3=1 rs1=55dd8dab rs2=8d94d21b latency=7 wait_cycles=6 result=d99f63ea
PCPI_METRIC funct3=2 rs1=55dd8dab rs2=8d94d21b latency=7 wait_cycles=6 result=2f7cf195
PCPI_METRIC funct3=3 rs1=55dd8dab rs2=8d94d21b latency=7 wait_cycles=6 result=2f7cf195
PCPI_METRIC funct3=0 rs1=c03b3e80 rs2=2ed6d95d latency=7 wait_cycles=6 result=4c803480
PCPI_METRIC funct3=1 rs1=c03b3e80 rs2=2ed6d95d latency=7 wait_cycles=6 result=f455209c
PCPI_METRIC funct3=2 rs1=c03b3e80 rs2=2ed6d95d latency=7 wait_cycles=6 result=f455209c
PCPI_METRIC funct3=3 rs1=c03b3e80 rs2=2ed6d95d latency=7 wait_cycles=6 result=232bf9f9
PCPI_METRIC funct3=0 rs1=412dfd82 rs2=82344204 latency=7 wait_cycles=6 result=627b7a08
PCPI_METRIC funct3=1 rs1=412dfd82 rs2=82344204 latency=7 wait_cycles=6 result=dff8ab60
PCPI_METRIC funct3=2 rs1=412dfd82 rs2=82344204 latency=7 wait_cycles=6 result=2126a8e2
PCPI_METRIC funct3=3 rs1=412dfd82 rs2=82344204 latency=7 wait_cycles=6 result=2126a8e2
PCPI_METRIC funct3=0 rs1=2ba7a557 rs2=1b368b36 latency=7 wait_cycles=6 result=497d1d5a
PCPI_METRIC funct3=1 rs1=2ba7a557 rs2=1b368b36 latency=7 wait_cycles=6 result=04a3fb8a
PCPI_METRIC funct3=2 rs1=2ba7a557 rs2=1b368b36 latency=7 wait_cycles=6 result=04a3fb8a
PCPI_METRIC funct3=3 rs1=2ba7a557 rs2=1b368b36 latency=7 wait_cycles=6 result=04a3fb8a
PCPI_METRIC funct3=0 rs1=196a0332 rs2=bce32879 latency=7 wait_cycles=6 result=20f152a2
PCPI_METRIC funct3=1 rs1=196a0332 rs2=bce32879 latency=7 wait_cycles=6 result=f956642c
PCPI_METRIC funct3=2 rs1=196a0332 rs2=bce32879 latency=7 wait_cycles=6 result=12c0675e
PCPI_METRIC funct3=3 rs1=196a0332 rs2=bce32879 latency=7 wait_cycles=6 result=12c0675e
PCPI_METRIC funct3=0 rs1=f24baee4 rs2=8b42ec16 latency=7 wait_cycles=6 result=7a833798
PCPI_METRIC funct3=1 rs1=f24baee4 rs2=8b42ec16 latency=7 wait_cycles=6 result=063fd3f1
PCPI_METRIC funct3=2 rs1=f24baee4 rs2=8b42ec16 latency=7 wait_cycles=6 result=f88b82d5
PCPI_METRIC funct3=3 rs1=f24baee4 rs2=8b42ec16 latency=7 wait_cycles=6 result=83ce6eeb
PCPI_METRIC funct3=0 rs1=d57fecaa rs2=605065c0 latency=7 wait_cycles=6 result=4d709180
PCPI_METRIC funct3=1 rs1=d57fecaa rs2=605065c0 latency=7 wait_cycles=6 result=f0029fd5
PCPI_METRIC funct3=2 rs1=d57fecaa rs2=605065c0 latency=7 wait_cycles=6 result=f0029fd5
PCPI_METRIC funct3=3 rs1=d57fecaa rs2=605065c0 latency=7 wait_cycles=6 result=50530595
PCPI_METRIC funct3=0 rs1=9759882e rs2=4665378c latency=7 wait_cycles=6 result=4f5e5b28
PCPI_METRIC funct3=1 rs1=9759882e rs2=4665378c latency=7 wait_cycles=6 result=e3391ada
PCPI_METRIC funct3=2 rs1=9759882e rs2=4665378c latency=7 wait_cycles=6 result=e3391ada
PCPI_METRIC funct3=3 rs1=9759882e rs2=4665378c latency=7 wait_cycles=6 result=299e5266
PCPI_METRIC funct3=0 rs1=b8c0c271 rs2=7dfe8ffb latency=7 wait_cycles=6 result=eab9c3cb
PCPI_METRIC funct3=1 rs1=b8c0c271 rs2=7dfe8ffb latency=7 wait_cycles=6 result=dcef461f
PCPI_METRIC funct3=2 rs1=b8c0c271 rs2=7dfe8ffb latency=7 wait_cycles=6 result=dcef461f
PCPI_METRIC funct3=3 rs1=b8c0c271 rs2=7dfe8ffb latency=7 wait_cycles=6 result=5aedd61a
PCPI_METRIC funct3=0 rs1=5e5421bc rs2=ee7068dc latency=7 wait_cycles=6 result=c8415d90
PCPI_METRIC funct3=1 rs1=5e5421bc rs2=ee7068dc latency=7 wait_cycles=6 result=f9878112
PCPI_METRIC funct3=2 rs1=5e5421bc rs2=ee7068dc latency=7 wait_cycles=6 result=57dba2ce
PCPI_METRIC funct3=3 rs1=5e5421bc rs2=ee7068dc latency=7 wait_cycles=6 result=57dba2ce
PCPI_METRIC funct3=0 rs1=0bec5717 rs2=e0e004c1 latency=7 wait_cycles=6 result=02aa0457
PCPI_METRIC funct3=1 rs1=0bec5717 rs2=e0e004c1 latency=7 wait_cycles=6 result=fe8ce422
PCPI_METRIC funct3=2 rs1=0bec5717 rs2=e0e004c1 latency=7 wait_cycles=6 result=0a793b39
PCPI_METRIC funct3=3 rs1=0bec5717 rs2=e0e004c1 latency=7 wait_cycles=6 result=0a793b39
PCPI_METRIC funct3=0 rs1=75fb21eb rs2=5a9d3bb5 latency=7 wait_cycles=6 result=b67f2427
PCPI_METRIC funct3=1 rs1=75fb21eb rs2=5a9d3bb5 latency=7 wait_cycles=6 result=29c2c074
PCPI_METRIC funct3=2 rs1=75fb21eb rs2=5a9d3bb5 latency=7 wait_cycles=6 result=29c2c074
PCPI_METRIC funct3=3 rs1=75fb21eb rs2=5a9d3bb5 latency=7 wait_cycles=6 result=29c2c074
PCPI_METRIC funct3=0 rs1=c4fd2e89 rs2=c7b2e28f latency=7 wait_cycles=6 result=66c3f087
PCPI_METRIC funct3=1 rs1=c4fd2e89 rs2=c7b2e28f latency=7 wait_cycles=6 result=0cfa6474
PCPI_METRIC funct3=2 rs1=c4fd2e89 rs2=c7b2e28f latency=7 wait_cycles=6 result=d1f792fd
PCPI_METRIC funct3=3 rs1=c4fd2e89 rs2=c7b2e28f latency=7 wait_cycles=6 result=99aa758c
PCPI_METRIC funct3=0 rs1=dff6f6bf rs2=d8462ab0 latency=7 wait_cycles=6 result=1e7ef950
PCPI_METRIC funct3=1 rs1=dff6f6bf rs2=d8462ab0 latency=7 wait_cycles=6 result=04f8a1a2
PCPI_METRIC funct3=2 rs1=dff6f6bf rs2=d8462ab0 latency=7 wait_cycles=6 result=e4ef9861
PCPI_METRIC funct3=3 rs1=dff6f6bf rs2=d8462ab0 latency=7 wait_cycles=6 result=bd35c311
PCPI_METRIC funct3=0 rs1=e9b49ad3 rs2=eb1d02d6 latency=7 wait_cycles=6 result=01161262
PCPI_METRIC funct3=1 rs1=e9b49ad3 rs2=eb1d02d6 latency=7 wait_cycles=6 result=01d1a883
PCPI_METRIC funct3=2 rs1=e9b49ad3 rs2=eb1d02d6 latency=7 wait_cycles=6 result=eb864356
PCPI_METRIC funct3=3 rs1=e9b49ad3 rs2=eb1d02d6 latency=7 wait_cycles=6 result=d6a3462c
PCPI_METRIC funct3=0 rs1=c144cc82 rs2=0d63751a latency=7 wait_cycles=6 result=c2ba2f34
PCPI_METRIC funct3=1 rs1=c144cc82 rs2=0d63751a latency=7 wait_cycles=6 result=fcb81f4b
PCPI_METRIC funct3=2 rs1=c144cc82 rs2=0d63751a latency=7 wait_cycles=6 result=fcb81f4b
PCPI_METRIC funct3=3 rs1=c144cc82 rs2=0d63751a latency=7 wait_cycles=6 result=0a1b9465
PCPI_METRIC funct3=0 rs1=38e6a771 rs2=eb8804d7 latency=7 wait_cycles=6 result=135c63e7
PCPI_METRIC funct3=1 rs1=38e6a771 rs2=eb8804d7 latency=7 wait_cycles=6 result=fb734fe0
PCPI_METRIC funct3=2 rs1=38e6a771 rs2=eb8804d7 latency=7 wait_cycles=6 result=3459f751
PCPI_METRIC funct3=3 rs1=38e6a771 rs2=eb8804d7 latency=7 wait_cycles=6 result=3459f751
PCPI_METRIC funct3=0 rs1=87628e0e rs2=f8c714f1 latency=7 wait_cycles=6 result=23c2d32e
PCPI_METRIC funct3=1 rs1=87628e0e rs2=f8c714f1 latency=7 wait_cycles=6 result=03671f4e
PCPI_METRIC funct3=2 rs1=87628e0e rs2=f8c714f1 latency=7 wait_cycles=6 result=8ac9ad5c
PCPI_METRIC funct3=3 rs1=87628e0e rs2=f8c714f1 latency=7 wait_cycles=6 result=8390c24d
PCPI_METRIC funct3=0 rs1=66861dcd rs2=02bd4305 latency=7 wait_cycles=6 result=b4c43c01
PCPI_METRIC funct3=1 rs1=66861dcd rs2=02bd4305 latency=7 wait_cycles=6 result=0118d816
PCPI_METRIC funct3=2 rs1=66861dcd rs2=02bd4305 latency=7 wait_cycles=6 result=0118d816
PCPI_METRIC funct3=3 rs1=66861dcd rs2=02bd4305 latency=7 wait_cycles=6 result=0118d816
PCPI_METRIC funct3=0 rs1=0e3aeb1c rs2=4c18c798 latency=7 wait_cycles=6 result=9a5e5ca0
PCPI_METRIC funct3=1 rs1=0e3aeb1c rs2=4c18c798 latency=7 wait_cycles=6 result=043ade6a
PCPI_METRIC funct3=2 rs1=0e3aeb1c rs2=4c18c798 latency=7 wait_cycles=6 result=043ade6a
PCPI_METRIC funct3=3 rs1=0e3aeb1c rs2=4c18c798 latency=7 wait_cycles=6 result=043ade6a
PCPI_METRIC funct3=0 rs1=f67088ec rs2=9541d62a latency=7 wait_cycles=6 result=a0d7beb8
PCPI_METRIC funct3=1 rs1=f67088ec rs2=9541d62a latency=7 wait_cycles=6 result=03fc8158
PCPI_METRIC funct3=2 rs1=f67088ec rs2=9541d62a latency=7 wait_cycles=6 result=fa6d0a44
PCPI_METRIC funct3=3 rs1=f67088ec rs2=9541d62a latency=7 wait_cycles=6 result=8faee06e
PCPI_METRIC funct3=0 rs1=b2d14a65 rs2=1b920537 latency=7 wait_cycles=6 result=9604f4b3
PCPI_METRIC funct3=1 rs1=b2d14a65 rs2=1b920537 latency=7 wait_cycles=6 result=f7b00ca2
PCPI_METRIC funct3=2 rs1=b2d14a65 rs2=1b920537 latency=7 wait_cycles=6 result=f7b00ca2
PCPI_METRIC funct3=3 rs1=b2d14a65 rs2=1b920537 latency=7 wait_cycles=6 result=134211d9
PCPI_METRIC funct3=0 rs1=81fa3603 rs2=ff729efe latency=7 wait_cycles=6 result=6ded70fa
PCPI_METRIC funct3=1 rs1=81fa3603 rs2=ff729efe latency=7 wait_cycles=6 result=004598f1
PCPI_METRIC funct3=2 rs1=81fa3603 rs2=ff729efe latency=7 wait_cycles=6 result=823fcef4
PCPI_METRIC funct3=3 rs1=81fa3603 rs2=ff729efe latency=7 wait_cycles=6 result=81b26df2
PCPI_METRIC funct3=0 rs1=feaddcfd rs2=9f7a0e3e latency=7 wait_cycles=6 result=a3c35b46
PCPI_METRIC funct3=1 rs1=feaddcfd rs2=9f7a0e3e latency=7 wait_cycles=6 result=007f7e0c
PCPI_METRIC funct3=2 rs1=feaddcfd rs2=9f7a0e3e latency=7 wait_cycles=6 result=ff2d5b09
PCPI_METRIC funct3=3 rs1=feaddcfd rs2=9f7a0e3e latency=7 wait_cycles=6 result=9ea76947
PCPI_METRIC funct3=0 rs1=f43a34e8 rs2=ba603874 latency=7 wait_cycles=6 result=ccf2b920
PCPI_METRIC funct3=1 rs1=f43a34e8 rs2=ba603874 latency=7 wait_cycles=6 result=0333a8c3
PCPI_METRIC funct3=2 rs1=f43a34e8 rs2=ba603874 latency=7 wait_cycles=6 result=f76dddab
PCPI_METRIC funct3=3 rs1=f43a34e8 rs2=ba603874 latency=7 wait_cycles=6 result=b1ce161f
PCPI_METRIC funct3=0 rs1=580989b0 rs2=8361dc06 latency=7 wait_cycles=6 result=7e3c7a20
PCPI_METRIC funct3=1 rs1=580989b0 rs2=8361dc06 latency=7 wait_cycles=6 result=d524ff0c
PCPI_METRIC funct3=2 rs1=580989b0 rs2=8361dc06 latency=7 wait_cycles=6 result=2d2e88bc
PCPI_METRIC funct3=3 rs1=580989b0 rs2=8361dc06 latency=7 wait_cycles=6 result=2d2e88bc
PCPI_METRIC funct3=0 rs1=09164d12 rs2=b46afc68 latency=7 wait_cycles=6 result=36610750
PCPI_METRIC funct3=1 rs1=09164d12 rs2=b46afc68 latency=7 wait_cycles=6 result=fd512d50
PCPI_METRIC funct3=2 rs1=09164d12 rs2=b46afc68 latency=7 wait_cycles=6 result=06677a62
PCPI_METRIC funct3=3 rs1=09164d12 rs2=b46afc68 latency=7 wait_cycles=6 result=06677a62
PCPI_METRIC funct3=0 rs1=e2ba00c5 rs2=ff202efe latency=7 wait_cycles=6 result=b4502976
PCPI_METRIC funct3=1 rs1=e2ba00c5 rs2=ff202efe latency=7 wait_cycles=6 result=001997df
PCPI_METRIC funct3=2 rs1=e2ba00c5 rs2=ff202efe latency=7 wait_cycles=6 result=e2d398a4
PCPI_METRIC funct3=3 rs1=e2ba00c5 rs2=ff202efe latency=7 wait_cycles=6 result=e1f3c7a2
PCPI_METRIC funct3=0 rs1=1b0f0d36 rs2=799f09f3 latency=7 wait_cycles=6 result=f14a7042
PCPI_METRIC funct3=1 rs1=1b0f0d36 rs2=799f09f3 latency=7 wait_cycles=6 result=0cdaeca4
PCPI_METRIC funct3=2 rs1=1b0f0d36 rs2=799f09f3 latency=7 wait_cycles=6 result=0cdaeca4
PCPI_METRIC funct3=3 rs1=1b0f0d36 rs2=799f09f3 latency=7 wait_cycles=6 result=0cdaeca4
PCPI_METRIC funct3=0 rs1=7dddabfb rs2=b58d7c6b latency=7 wait_cycles=6 result=2b3375e9
PCPI_METRIC funct3=1 rs1=7dddabfb rs2=b58d7c6b latency=7 wait_cycles=6 result=db659ee1
PCPI_METRIC funct3=2 rs1=7dddabfb rs2=b58d7c6b latency=7 wait_cycles=6 result=59434adc
PCPI_METRIC funct3=3 rs1=7dddabfb rs2=b58d7c6b latency=7 wait_cycles=6 result=59434adc
PCPI_METRIC funct3=0 rs1=0bcbbf17 rs2=87d0360f latency=7 wait_cycles=6 result=0eef0c59
PCPI_METRIC funct3=1 rs1=0bcbbf17 rs2=87d0360f latency=7 wait_cycles=6 result=fa764ab7
PCPI_METRIC funct3=2 rs1=0bcbbf17 rs2=87d0360f latency=7 wait_cycles=6 result=064209ce
PCPI_METRIC funct3=3 rs1=0bcbbf17 rs2=87d0360f latency=7 wait_cycles=6 result=064209ce
PCPI_METRIC funct3=0 rs1=8a47b614 rs2=1500052a latency=7 wait_cycles=6 result=ba524348
PCPI_METRIC funct3=1 rs1=8a47b614 rs2=1500052a latency=7 wait_cycles=6 result=f657df8f
PCPI_METRIC funct3=2 rs1=8a47b614 rs2=1500052a latency=7 wait_cycles=6 result=f657df8f
PCPI_METRIC funct3=3 rs1=8a47b614 rs2=1500052a latency=7 wait_cycles=6 result=0b57e4b9
PCPI_METRIC funct3=0 rs1=d3666ea6 rs2=ea7626d4 latency=7 wait_cycles=6 result=01c44578
PCPI_METRIC funct3=1 rs1=d3666ea6 rs2=ea7626d4 latency=7 wait_cycles=6 result=03c09cf1
PCPI_METRIC funct3=2 rs1=d3666ea6 rs2=ea7626d4 latency=7 wait_cycles=6 result=d7270b97
PCPI_METRIC funct3=3 rs1=d3666ea6 rs2=ea7626d4 latency=7 wait_cycles=6 result=c19d326b
PCPI_METRIC funct3=0 rs1=e5ac10cb rs2=b587c26b latency=7 wait_cycles=6 result=c5b1dad9
PCPI_METRIC funct3=1 rs1=e5ac10cb rs2=b587c26b latency=7 wait_cycles=6 result=07a8a0d2
PCPI_METRIC funct3=2 rs1=e5ac10cb rs2=b587c26b latency=7 wait_cycles=6 result=ed54b19d
PCPI_METRIC funct3=3 rs1=e5ac10cb rs2=b587c26b latency=7 wait_cycles=6 result=a2dc7408
PCPI_METRIC funct3=0 rs1=0277eb04 rs2=fa4832f4 latency=7 wait_cycles=6 result=c752c7d0
PCPI_METRIC funct3=1 rs1=0277eb04 rs2=fa4832f4 latency=7 wait_cycles=6 result=fff1e2b5
PCPI_METRIC funct3=2 rs1=0277eb04 rs2=fa4832f4 latency=7 wait_cycles=6 result=0269cdb9
PCPI_METRIC funct3=3 rs1=0277eb04 rs2=fa4832f4 latency=7 wait_cycles=6 result=0269cdb9
PCPI_METRIC funct3=0 rs1=468b618d rs2=f0ea70e1 latency=7 wait_cycles=6 result=56106ced
PCPI_METRIC funct3=1 rs1=468b618d rs2=f0ea70e1 latency=7 wait_cycles=6 result=fbd7e469
PCPI_METRIC funct3=2 rs1=468b618d rs2=f0ea70e1 latency=7 wait_cycles=6 result=426345f6
PCPI_METRIC funct3=3 rs1=468b618d rs2=f0ea70e1 latency=7 wait_cycles=6 result=426345f6
PCPI_METRIC funct3=0 rs1=42e3bd85 rs2=dc9974b9 latency=7 wait_cycles=6 result=18f1391d
PCPI_METRIC funct3=1 rs1=42e3bd85 rs2=dc9974b9 latency=7 wait_cycles=6 result=f6c011f5
PCPI_METRIC funct3=2 rs1=42e3bd85 rs2=dc9974b9 latency=7 wait_cycles=6 result=39a3cf7a
PCPI_METRIC funct3=3 rs1=42e3bd85 rs2=dc9974b9 latency=7 wait_cycles=6 result=39a3cf7a
PCPI_METRIC funct3=0 rs1=e4df16c9 rs2=b05f8e60 latency=7 wait_cycles=6 result=36e30960
PCPI_METRIC funct3=1 rs1=e4df16c9 rs2=b05f8e60 latency=7 wait_cycles=6 result=08702894
PCPI_METRIC funct3=2 rs1=e4df16c9 rs2=b05f8e60 latency=7 wait_cycles=6 result=ed4f3f5d
PCPI_METRIC funct3=3 rs1=e4df16c9 rs2=b05f8e60 latency=7 wait_cycles=6 result=9daecdbd
PCPI_METRIC funct3=0 rs1=a3643246 rs2=1e74cb3c latency=7 wait_cycles=6 result=bb114a68
PCPI_METRIC funct3=1 rs1=a3643246 rs2=1e74cb3c latency=7 wait_cycles=6 result=f4fb7dc5
PCPI_METRIC funct3=2 rs1=a3643246 rs2=1e74cb3c latency=7 wait_cycles=6 result=f4fb7dc5
PCPI_METRIC funct3=3 rs1=a3643246 rs2=1e74cb3c latency=7 wait_cycles=6 result=13704901
PCPI_METRIC funct3=0 rs1=1b855f37 rs2=2c0c5558 latency=7 wait_cycles=6 result=a909fde8
PCPI_METRIC funct3=1 rs1=1b855f37 rs2=2c0c5558 latency=7 wait_cycles=6 result=04bc3fca
PCPI_METRIC funct3=2 rs1=1b855f37 rs2=2c0c5558 latency=7 wait_cycles=6 result=04bc3fca
PCPI_METRIC funct3=3 rs1=1b855f37 rs2=2c0c5558 latency=7 wait_cycles=6 result=04bc3fca
PCPI_METRIC funct3=0 rs1=39d65773 rs2=8778d20e latency=7 wait_cycles=6 result=a05d1e4a
PCPI_METRIC funct3=1 rs1=39d65773 rs2=8778d20e latency=7 wait_cycles=6 result=e4c4fc98
PCPI_METRIC funct3=2 rs1=39d65773 rs2=8778d20e latency=7 wait_cycles=6 result=1e9b540b
PCPI_METRIC funct3=3 rs1=39d65773 rs2=8778d20e latency=7 wait_cycles=6 result=1e9b540b
PCPI_METRIC funct3=0 rs1=6e6d23dc rs2=183fc330 latency=7 wait_cycles=6 result=49eb4d40
PCPI_METRIC funct3=1 rs1=6e6d23dc rs2=183fc330 latency=7 wait_cycles=6 result=0a75bc6a
PCPI_METRIC funct3=2 rs1=6e6d23dc rs2=183fc330 latency=7 wait_cycles=6 result=0a75bc6a
PCPI_METRIC funct3=3 rs1=6e6d23dc rs2=183fc330 latency=7 wait_cycles=6 result=0a75bc6a
PCPI_METRIC funct3=0 rs1=6845f5d0 rs2=0073e500 latency=7 wait_cycles=6 result=01531000
PCPI_METRIC funct3=1 rs1=6845f5d0 rs2=0073e500 latency=7 wait_cycles=6 result=002f34b4
PCPI_METRIC funct3=2 rs1=6845f5d0 rs2=0073e500 latency=7 wait_cycles=6 result=002f34b4
PCPI_METRIC funct3=3 rs1=6845f5d0 rs2=0073e500 latency=7 wait_cycles=6 result=002f34b4
PCPI_METRIC funct3=0 rs1=21820f43 rs2=7c6e91f8 latency=7 wait_cycles=6 result=236dbbe8
PCPI_METRIC funct3=1 rs1=21820f43 rs2=7c6e91f8 latency=7 wait_cycles=6 result=10497862
PCPI_METRIC funct3=2 rs1=21820f43 rs2=7c6e91f8 latency=7 wait_cycles=6 result=10497862
PCPI_METRIC funct3=3 rs1=21820f43 rs2=7c6e91f8 latency=7 wait_cycles=6 result=10497862
PCPI_METRIC funct3=0 rs1=d0b99aa1 rs2=29c01f53 latency=7 wait_cycles=6 result=e7a6a133
PCPI_METRIC funct3=1 rs1=d0b99aa1 rs2=29c01f53 latency=7 wait_cycles=6 result=f84a3f2e
PCPI_METRIC funct3=2 rs1=d0b99aa1 rs2=29c01f53 latency=7 wait_cycles=6 result=f84a3f2e
PCPI_METRIC funct3=3 rs1=d0b99aa1 rs2=29c01f53 latency=7 wait_cycles=6 result=220a5e81
PCPI_METRIC funct3=0 rs1=4c588f98 rs2=2fef3d5f latency=7 wait_cycles=6 result=65fc8168
PCPI_METRIC funct3=1 rs1=4c588f98 rs2=2fef3d5f latency=7 wait_cycles=6 result=0e4b9b58
PCPI_METRIC funct3=2 rs1=4c588f98 rs2=2fef3d5f latency=7 wait_cycles=6 result=0e4b9b58
PCPI_METRIC funct3=3 rs1=4c588f98 rs2=2fef3d5f latency=7 wait_cycles=6 result=0e4b9b58
PCPI_METRIC funct3=0 rs1=c3be9287 rs2=fd5f5afa latency=7 wait_cycles=6 result=f2b78dd6
PCPI_METRIC funct3=1 rs1=c3be9287 rs2=fd5f5afa latency=7 wait_cycles=6 result=009e5296
PCPI_METRIC funct3=2 rs1=c3be9287 rs2=fd5f5afa latency=7 wait_cycles=6 result=c45ce51d
PCPI_METRIC funct3=3 rs1=c3be9287 rs2=fd5f5afa latency=7 wait_cycles=6 result=c1bc4017
PCPI_METRIC funct3=0 rs1=1699d12d rs2=b8760270 latency=7 wait_cycles=6 result=d9abddb0
PCPI_METRIC funct3=1 rs1=1699d12d rs2=b8760270 latency=7 wait_cycles=6 result=f9af2848
PCPI_METRIC funct3=2 rs1=1699d12d rs2=b8760270 latency=7 wait_cycles=6 result=1048f975
PCPI_METRIC funct3=3 rs1=1699d12d rs2=b8760270 latency=7 wait_cycles=6 result=1048f975
PCPI_METRIC funct3=0 rs1=b5b4e86b rs2=98d73831 latency=7 wait_cycles=6 result=1454e47b
PCPI_METRIC funct3=1 rs1=b5b4e86b rs2=98d73831 latency=7 wait_cycles=6 result=1df00c35
PCPI_METRIC funct3=2 rs1=b5b4e86b rs2=98d73831 latency=7 wait_cycles=6 result=d3a4f4a0
PCPI_METRIC funct3=3 rs1=b5b4e86b rs2=98d73831 latency=7 wait_cycles=6 result=6c7c2cd1
PCPI_METRIC funct3=0 rs1=892fc012 rs2=0650df0c latency=7 wait_cycles=6 result=782caed8
PCPI_METRIC funct3=1 rs1=892fc012 rs2=0650df0c latency=7 wait_cycles=6 result=fd1195e7
PCPI_METRIC funct3=2 rs1=892fc012 rs2=0650df0c latency=7 wait_cycles=6 result=fd1195e7
PCPI_METRIC funct3=3 rs1=892fc012 rs2=0650df0c latency=7 wait_cycles=6 result=036274f3
PCPI_METRIC funct3=0 rs1=06db6b0d rs2=0acd1315 latency=7 wait_cycles=6 result=145abf11
PCPI_METRIC funct3=1 rs1=06db6b0d rs2=0acd1315 latency=7 wait_cycles=6 result=004a1066
PCPI_METRIC funct3=2 rs1=06db6b0d rs2=0acd1315 latency=7 wait_cycles=6 result=004a1066
PCPI_METRIC funct3=3 rs1=06db6b0d rs2=0acd1315 latency=7 wait_cycles=6 result=004a1066
PCPI_METRIC funct3=0 rs1=20310740 rs2=4a638d94 latency=7 wait_cycles=6 result=eb167100
PCPI_METRIC funct3=1 rs1=20310740 rs2=4a638d94 latency=7 wait_cycles=6 result=095ab0db
PCPI_METRIC funct3=2 rs1=20310740 rs2=4a638d94 latency=7 wait_cycles=6 result=095ab0db
PCPI_METRIC funct3=3 rs1=20310740 rs2=4a638d94 latency=7 wait_cycles=6 result=095ab0db
PCPI_METRIC funct3=0 rs1=2a1ba354 rs2=c0620280 latency=7 wait_cycles=6 result=cb405200
PCPI_METRIC funct3=1 rs1=2a1ba354 rs2=c0620280 latency=7 wait_cycles=6 result=f5893628
PCPI_METRIC funct3=2 rs1=2a1ba354 rs2=c0620280 latency=7 wait_cycles=6 result=1fa4d97c
PCPI_METRIC funct3=3 rs1=2a1ba354 rs2=c0620280 latency=7 wait_cycles=6 result=1fa4d97c
PCPI_METRIC funct3=0 rs1=098d1513 rs2=e1e386c3 latency=7 wait_cycles=6 result=8257ff79
PCPI_METRIC funct3=1 rs1=098d1513 rs2=e1e386c3 latency=7 wait_cycles=6 result=fee06793
PCPI_METRIC funct3=2 rs1=098d1513 rs2=e1e386c3 latency=7 wait_cycles=6 result=086d7ca6
PCPI_METRIC funct3=3 rs1=098d1513 rs2=e1e386c3 latency=7 wait_cycles=6 result=086d7ca6
PCPI_METRIC funct3=0 rs1=f695deed rs2=ee4ee6dc latency=7 wait_cycles=6 result=d14a81ac
PCPI_METRIC funct3=1 rs1=f695deed rs2=ee4ee6dc latency=7 wait_cycles=6 result=00a68f7f
PCPI_METRIC funct3=2 rs1=f695deed rs2=ee4ee6dc latency=7 wait_cycles=6 result=f73c6e6c
PCPI_METRIC funct3=3 rs1=f695deed rs2=ee4ee6dc latency=7 wait_cycles=6 result=e58b5548
PCPI_METRIC funct3=0 rs1=bc781078 rs2=13d40d27 latency=7 wait_cycles=6 result=5a809a48
PCPI_METRIC funct3=1 rs1=bc781078 rs2=13d40d27 latency=7 wait_cycles=6 result=fac4f92e
PCPI_METRIC funct3=2 rs1=bc781078 rs2=13d40d27 latency=7 wait_cycles=6 result=fac4f92e
PCPI_METRIC funct3=3 rs1=bc781078 rs2=13d40d27 latency=7 wait_cycles=6 result=0e990655
PCPI_METRIC funct3=0 rs1=afed265f rs2=11c05b23 latency=7 wait_cycles=6 result=705003fd
PCPI_METRIC funct3=1 rs1=afed265f rs2=11c05b23 latency=7 wait_cycles=6 result=fa7294e7
PCPI_METRIC funct3=2 rs1=afed265f rs2=11c05b23 latency=7 wait_cycles=6 result=fa7294e7
PCPI_METRIC funct3=3 rs1=afed265f rs2=11c05b23 latency=7 wait_cycles=6 result=0c32f00a
PCPI_METRIC funct3=0 rs1=5596ebab rs2=1c421738 latency=7 wait_cycles=6 result=be45ea68
PCPI_METRIC funct3=1 rs1=5596ebab rs2=1c421738 latency=7 wait_cycles=6 result=09729a72
PCPI_METRIC funct3=2 rs1=5596ebab rs2=1c421738 latency=7 wait_cycles=6 result=09729a72
PCPI_METRIC funct3=3 rs1=5596ebab rs2=1c421738 latency=7 wait_cycles=6 result=09729a72
PCPI_METRIC funct3=0 rs1=11534d22 rs2=64f2bdc9 latency=7 wait_cycles=6 result=4c7da9b2
PCPI_METRIC funct3=1 rs1=11534d22 rs2=64f2bdc9 latency=7 wait_cycles=6 result=06d4f7b8
PCPI_METRIC funct3=2 rs1=11534d22 rs2=64f2bdc9 latency=7 wait_cycles=6 result=06d4f7b8
PCPI_METRIC funct3=3 rs1=11534d22 rs2=64f2bdc9 latency=7 wait_cycles=6 result=06d4f7b8
PCPI_METRIC funct3=0 rs1=e3eb4cc7 rs2=c1406282 latency=7 wait_cycles=6 result=09a12b0e
PCPI_METRIC funct3=1 rs1=e3eb4cc7 rs2=c1406282 latency=7 wait_cycles=6 result=06e20820
PCPI_METRIC funct3=2 rs1=e3eb4cc7 rs2=c1406282 latency=7 wait_cycles=6 result=eacd54e7
PCPI_METRIC funct3=3 rs1=e3eb4cc7 rs2=c1406282 latency=7 wait_cycles=6 result=ac0db769
PCPI_METRIC funct3=0 rs1=6754d7ce rs2=e38e22c7 latency=7 wait_cycles=6 result=f5e11d22
PCPI_METRIC funct3=1 rs1=6754d7ce rs2=e38e22c7 latency=7 wait_cycles=6 result=f484c2a6
PCPI_METRIC funct3=2 rs1=6754d7ce rs2=e38e22c7 latency=7 wait_cycles=6 result=5bd99a74
PCPI_METRIC funct3=3 rs1=6754d7ce rs2=e38e22c7 latency=7 wait_cycles=6 result=5bd99a74
PCPI_METRIC funct3=0 rs1=927fa424 rs2=6da36fdb latency=7 wait_cycles=6 result=824906cc
PCPI_METRIC funct3=1 rs1=927fa424 rs2=6da36fdb latency=7 wait_cycles=6 result=d11a7050
PCPI_METRIC funct3=2 rs1=927fa424 rs2=6da36fdb latency=7 wait_cycles=6 result=d11a7050
PCPI_METRIC funct3=3 rs1=927fa424 rs2=6da36fdb latency=7 wait_cycles=6 result=3ebde02b
PCPI_METRIC funct3=0 rs1=84651408 rs2=3ac26f75 latency=7 wait_cycles=6 result=53f19fa8
PCPI_METRIC funct3=1 rs1=84651408 rs2=3ac26f75 latency=7 wait_cycles=6 result=e3a10552
PCPI_METRIC funct3=2 rs1=84651408 rs2=3ac26f75 latency=7 wait_cycles=6 result=e3a10552
PCPI_METRIC funct3=3 rs1=84651408 rs2=3ac26f75 latency=7 wait_cycles=6 result=1e6374c7
PCPI_METRIC funct3=0 rs1=5ad31db5 rs2=8d7d721a latency=7 wait_cycles=6 result=6f0c9e62
PCPI_METRIC funct3=1 rs1=5ad31db5 rs2=8d7d721a latency=7 wait_cycles=6 result=d75fab38
PCPI_METRIC funct3=2 rs1=5ad31db5 rs2=8d7d721a latency=7 wait_cycles=6 result=3232c8ed
PCPI_METRIC funct3=3 rs1=5ad31db5 rs2=8d7d721a latency=7 wait_cycles=6 result=3232c8ed
PCPI_METRIC funct3=0 rs1=1c2a1338 rs2=c1233a82 latency=7 wait_cycles=6 result=ae607270
PCPI_METRIC funct3=1 rs1=1c2a1338 rs2=c1233a82 latency=7 wait_cycles=6 result=f9158575
PCPI_METRIC funct3=2 rs1=1c2a1338 rs2=c1233a82 latency=7 wait_cycles=6 result=153f98ad
PCPI_METRIC funct3=3 rs1=1c2a1338 rs2=c1233a82 latency=7 wait_cycles=6 result=153f98ad
PCPI_METRIC funct3=0 rs1=ac05a058 rs2=a85a6a50 latency=7 wait_cycles=6 result=35168b80
PCPI_METRIC funct3=1 rs1=ac05a058 rs2=a85a6a50 latency=7 wait_cycles=6 result=1cc067fc
PCPI_METRIC funct3=2 rs1=ac05a058 rs2=a85a6a50 latency=7 wait_cycles=6 result=c8c60854
PCPI_METRIC funct3=3 rs1=ac05a058 rs2=a85a6a50 latency=7 wait_cycles=6 result=712072a4
PCPI_METRIC funct3=0 rs1=d1889aa3 rs2=5243e3a4 latency=7 wait_cycles=6 result=0b4a996c
PCPI_METRIC funct3=1 rs1=d1889aa3 rs2=5243e3a4 latency=7 wait_cycles=6 result=f1116ef7
PCPI_METRIC funct3=2 rs1=d1889aa3 rs2=5243e3a4 latency=7 wait_cycles=6 result=f1116ef7
PCPI_METRIC funct3=3 rs1=d1889aa3 rs2=5243e3a4 latency=7 wait_cycles=6 result=4355529b
PCPI_METRIC funct3=0 rs1=32c3df65 rs2=753c17ea latency=7 wait_cycles=6 result=84c84552
PCPI_METRIC funct3=1 rs1=32c3df65 rs2=753c17ea latency=7 wait_cycles=6 result=173f6fbf
PCPI_METRIC funct3=2 rs1=32c3df65 rs2=753c17ea latency=7 wait_cycles=6 result=173f6fbf
PCPI_METRIC funct3=3 rs1=32c3df65 rs2=753c17ea latency=7 wait_cycles=6 result=173f6fbf
PCPI_METRIC funct3=0 rs1=03703906 rs2=aa138054 latency=7 wait_cycles=6 result=74c7b5f8
PCPI_METRIC funct3=1 rs1=03703906 rs2=aa138054 latency=7 wait_cycles=6 result=fed88fe5
PCPI_METRIC funct3=2 rs1=03703906 rs2=aa138054 latency=7 wait_cycles=6 result=0248c8eb
PCPI_METRIC funct3=3 rs1=03703906 rs2=aa138054 latency=7 wait_cycles=6 result=0248c8eb
PCPI_METRIC funct3=0 rs1=adf3405b rs2=e455f0c8 latency=7 wait_cycles=6 result=5c969718
PCPI_METRIC funct3=1 rs1=adf3405b rs2=e455f0c8 latency=7 wait_cycles=6 result=08ddd98e
PCPI_METRIC funct3=2 rs1=adf3405b rs2=e455f0c8 latency=7 wait_cycles=6 result=b6d119e9
PCPI_METRIC funct3=3 rs1=adf3405b rs2=e455f0c8 latency=7 wait_cycles=6 result=9b270ab1
PCPI_METRIC funct3=0 rs1=24673948 rs2=9bf8f237 latency=7 wait_cycles=6 result=7c135e78
PCPI_METRIC funct3=1 rs1=24673948 rs2=9bf8f237 latency=7 wait_cycles=6 result=f1c6acd7
PCPI_METRIC funct3=2 rs1=24673948 rs2=9bf8f237 latency=7 wait_cycles=6 result=162de61f
PCPI_METRIC funct3=3 rs1=24673948 rs2=9bf8f237 latency=7 wait_cycles=6 result=162de61f
PCPI_METRIC funct3=0 rs1=7c1df3f8 rs2=da8932b5 latency=7 wait_cycles=6 result=5a8bee58
PCPI_METRIC funct3=1 rs1=7c1df3f8 rs2=da8932b5 latency=7 wait_cycles=6 result=edd61266
PCPI_METRIC funct3=2 rs1=7c1df3f8 rs2=da8932b5 latency=7 wait_cycles=6 result=69f4065e
PCPI_METRIC funct3=3 rs1=7c1df3f8 rs2=da8932b5 latency=7 wait_cycles=6 result=69f4065e
PCPI_METRIC funct3=0 rs1=28d6a951 rs2=41aed583 latency=7 wait_cycles=6 result=26c70973
PCPI_METRIC funct3=1 rs1=28d6a951 rs2=41aed583 latency=7 wait_cycles=6 result=0a7a64f4
PCPI_METRIC funct3=2 rs1=28d6a951 rs2=41aed583 latency=7 wait_cycles=6 result=0a7a64f4
PCPI_METRIC funct3=3 rs1=28d6a951 rs2=41aed583 latency=7 wait_cycles=6 result=0a7a64f4
PCPI_METRIC funct3=0 rs1=4d9ee39b rs2=1aa0dd35 latency=7 wait_cycles=6 result=3b41ee17
PCPI_METRIC funct3=1 rs1=4d9ee39b rs2=1aa0dd35 latency=7 wait_cycles=6 result=0812e97e
PCPI_METRIC funct3=2 rs1=4d9ee39b rs2=1aa0dd35 latency=7 wait_cycles=6 result=0812e97e
PCPI_METRIC funct3=3 rs1=4d9ee39b rs2=1aa0dd35 latency=7 wait_cycles=6 result=0812e97e
PCPI_METRIC funct3=0 rs1=581653b0 rs2=fddf82fb latency=7 wait_cycles=6 result=8ab36d90
PCPI_METRIC funct3=1 rs1=581653b0 rs2=fddf82fb latency=7 wait_cycles=6 result=ff44a589
PCPI_METRIC funct3=2 rs1=581653b0 rs2=fddf82fb latency=7 wait_cycles=6 result=575af939
PCPI_METRIC funct3=3 rs1=581653b0 rs2=fddf82fb latency=7 wait_cycles=6 result=575af939
[6] Progress: 400/1000 groups
PCPI_METRIC funct3=0 rs1=278dbb4f rs2=984da630 latency=7 wait_cycles=6 result=90cb58d0
PCPI_METRIC funct3=1 rs1=278dbb4f rs2=984da630 latency=7 wait_cycles=6 result=effa6b36
PCPI_METRIC funct3=2 rs1=278dbb4f rs2=984da630 latency=7 wait_cycles=6 result=17882685
PCPI_METRIC funct3=3 rs1=278dbb4f rs2=984da630 latency=7 wait_cycles=6 result=17882685
PCPI_METRIC funct3=0 rs1=8c38c418 rs2=ee8118dd latency=7 wait_cycles=6 result=7f7b88b8
PCPI_METRIC funct3=1 rs1=8c38c418 rs2=ee8118dd latency=7 wait_cycles=6 result=07e99f92
PCPI_METRIC funct3=2 rs1=8c38c418 rs2=ee8118dd latency=7 wait_cycles=6 result=942263aa
PCPI_METRIC funct3=3 rs1=8c38c418 rs2=ee8118dd latency=7 wait_cycles=6 result=82a37c87
PCPI_METRIC funct3=0 rs1=a36ae846 rs2=30e20f61 latency=7 wait_cycles=6 result=5cea1c86
PCPI_METRIC funct3=1 rs1=a36ae846 rs2=30e20f61 latency=7 wait_cycles=6 result=ee524a5e
PCPI_METRIC funct3=2 rs1=a36ae846 rs2=30e20f61 latency=7 wait_cycles=6 result=ee524a5e
PCPI_METRIC funct3=3 rs1=a36ae846 rs2=30e20f61 latency=7 wait_cycles=6 result=1f3459bf
PCPI_METRIC funct3=0 rs1=ac974859 rs2=2af17355 latency=7 wait_cycles=6 result=f984008d
PCPI_METRIC funct3=1 rs1=ac974859 rs2=2af17355 latency=7 wait_cycles=6 result=f20226b5
PCPI_METRIC funct3=2 rs1=ac974859 rs2=2af17355 latency=7 wait_cycles=6 result=f20226b5
PCPI_METRIC funct3=3 rs1=ac974859 rs2=2af17355 latency=7 wait_cycles=6 result=1cf39a0a
PCPI_METRIC funct3=0 rs1=178b972f rs2=85ce500b latency=7 wait_cycles=6 result=b5102f05
PCPI_METRIC funct3=1 rs1=178b972f rs2=85ce500b latency=7 wait_cycles=6 result=f4c2e80c
PCPI_METRIC funct3=2 rs1=178b972f rs2=85ce500b latency=7 wait_cycles=6 result=0c4e7f3b
PCPI_METRIC funct3=3 rs1=178b972f rs2=85ce500b latency=7 wait_cycles=6 result=0c4e7f3b
PCPI_METRIC funct3=0 rs1=ef1deade rs2=e9d22cd3 latency=7 wait_cycles=6 result=f222bcfa
PCPI_METRIC funct3=1 rs1=ef1deade rs2=e9d22cd3 latency=7 wait_cycles=6 result=0176737b
PCPI_METRIC funct3=2 rs1=ef1deade rs2=e9d22cd3 latency=7 wait_cycles=6 result=f0945e59
PCPI_METRIC funct3=3 rs1=ef1deade rs2=e9d22cd3 latency=7 wait_cycles=6 result=da668b2c
PCPI_METRIC funct3=0 rs1=1445b128 rs2=74dc69e9 latency=7 wait_cycles=6 result=6777a568
PCPI_METRIC funct3=1 rs1=1445b128 rs2=74dc69e9 latency=7 wait_cycles=6 result=0941088d
PCPI_METRIC funct3=2 rs1=1445b128 rs2=74dc69e9 latency=7 wait_cycles=6 result=0941088d
PCPI_METRIC funct3=3 rs1=1445b128 rs2=74dc69e9 latency=7 wait_cycles=6 result=0941088d
PCPI_METRIC funct3=0 rs1=2c577958 rs2=6aa4a1d5 latency=7 wait_cycles=6 result=14784e38
PCPI_METRIC funct3=1 rs1=2c577958 rs2=6aa4a1d5 latency=7 wait_cycles=6 result=1278bc50
PCPI_METRIC funct3=2 rs1=2c577958 rs2=6aa4a1d5 latency=7 wait_cycles=6 result=1278bc50
PCPI_METRIC funct3=3 rs1=2c577958 rs2=6aa4a1d5 latency=7 wait_cycles=6 result=1278bc50
PCPI_METRIC funct3=0 rs1=61dbe5c3 rs2=6a2c13d4 latency=7 wait_cycles=6 result=97abbe7c
PCPI_METRIC funct3=1 rs1=61dbe5c3 rs2=6a2c13d4 latency=7 wait_cycles=6 result=2895e682
PCPI_METRIC funct3=2 rs1=61dbe5c3 rs2=6a2c13d4 latency=7 wait_cycles=6 result=2895e682
PCPI_METRIC funct3=3 rs1=61dbe5c3 rs2=6a2c13d4 latency=7 wait_cycles=6 result=2895e682
PCPI_METRIC funct3=0 rs1=52397da4 rs2=3f25ef7e latency=7 wait_cycles=6 result=a94bf2b8
PCPI_METRIC funct3=1 rs1=52397da4 rs2=3f25ef7e latency=7 wait_cycles=6 result=14485526
PCPI_METRIC funct3=2 rs1=52397da4 rs2=3f25ef7e latency=7 wait_cycles=6 result=14485526
PCPI_METRIC funct3=3 rs1=52397da4 rs2=3f25ef7e latency=7 wait_cycles=6 result=14485526
PCPI_METRIC funct3=0 rs1=6b299dd6 rs2=87eec80f latency=7 wait_cycles=6 result=61b36f8a
PCPI_METRIC funct3=1 rs1=6b299dd6 rs2=87eec80f latency=7 wait_cycles=6 result=cdbd48d5
PCPI_METRIC funct3=2 rs1=6b299dd6 rs2=87eec80f latency=7 wait_cycles=6 result=38e6e6ab
PCPI_METRIC funct3=3 rs1=6b299dd6 rs2=87eec80f latency=7 wait_cycles=6 result=38e6e6ab
PCPI_METRIC funct3=0 rs1=c1b04483 rs2=506aefa0 latency=7 wait_cycles=6 result=ec5f1ee0
PCPI_METRIC funct3=1 rs1=c1b04483 rs2=506aefa0 latency=7 wait_cycles=6 result=ec6d0e11
PCPI_METRIC funct3=2 rs1=c1b04483 rs2=506aefa0 latency=7 wait_cycles=6 result=ec6d0e11
PCPI_METRIC funct3=3 rs1=c1b04483 rs2=506aefa0 latency=7 wait_cycles=6 result=3cd7fdb1
PCPI_METRIC funct3=0 rs1=c10f0482 rs2=5fe3cbbf latency=7 wait_cycles=6 result=300d72fe
PCPI_METRIC funct3=1 rs1=c10f0482 rs2=5fe3cbbf latency=7 wait_cycles=6 result=e86c90e5
PCPI_METRIC funct3=2 rs1=c10f0482 rs2=5fe3cbbf latency=7 wait_cycles=6 result=e86c90e5
PCPI_METRIC funct3=3 rs1=c10f0482 rs2=5fe3cbbf latency=7 wait_cycles=6 result=48505ca4
PCPI_METRIC funct3=0 rs1=22eadb45 rs2=bbbc3e77 latency=7 wait_cycles=6 result=89f2a313
PCPI_METRIC funct3=1 rs1=22eadb45 rs2=bbbc3e77 latency=7 wait_cycles=6 result=f6b05fe4
PCPI_METRIC funct3=2 rs1=22eadb45 rs2=bbbc3e77 latency=7 wait_cycles=6 result=199b3b29
PCPI_METRIC funct3=3 rs1=22eadb45 rs2=bbbc3e77 latency=7 wait_cycles=6 result=199b3b29
PCPI_METRIC funct3=0 rs1=229d0b45 rs2=ba941075 latency=7 wait_cycles=6 result=485e7689
PCPI_METRIC funct3=1 rs1=229d0b45 rs2=ba941075 latency=7 wait_cycles=6 result=f69d13ef
PCPI_METRIC funct3=2 rs1=229d0b45 rs2=ba941075 latency=7 wait_cycles=6 result=193a1f34
PCPI_METRIC funct3=3 rs1=229d0b45 rs2=ba941075 latency=7 wait_cycles=6 result=193a1f34
PCPI_METRIC funct3=0 rs1=fc670af8 rs2=63323bc6 latency=7 wait_cycles=6 result=03a9a3d0
PCPI_METRIC funct3=1 rs1=fc670af8 rs2=63323bc6 latency=7 wait_cycles=6 result=fe9b2487
PCPI_METRIC funct3=2 rs1=fc670af8 rs2=63323bc6 latency=7 wait_cycles=6 result=fe9b2487
PCPI_METRIC funct3=3 rs1=fc670af8 rs2=63323bc6 latency=7 wait_cycles=6 result=61cd604d
PCPI_METRIC funct3=0 rs1=3601596c rs2=a84e5850 latency=7 wait_cycles=6 result=761111c0
PCPI_METRIC funct3=1 rs1=3601596c rs2=a84e5850 latency=7 wait_cycles=6 result=ed80104d
PCPI_METRIC funct3=2 rs1=3601596c rs2=a84e5850 latency=7 wait_cycles=6 result=238169b9
PCPI_METRIC funct3=3 rs1=3601596c rs2=a84e5850 latency=7 wait_cycles=6 result=238169b9
PCPI_METRIC funct3=0 rs1=18bd6331 rs2=ce10fe9c latency=7 wait_cycles=6 result=9ce30fdc
PCPI_METRIC funct3=1 rs1=18bd6331 rs2=ce10fe9c latency=7 wait_cycles=6 result=fb2ca711
PCPI_METRIC funct3=2 rs1=18bd6331 rs2=ce10fe9c latency=7 wait_cycles=6 result=13ea0a42
PCPI_METRIC funct3=3 rs1=18bd6331 rs2=ce10fe9c latency=7 wait_cycles=6 result=13ea0a42
PCPI_METRIC funct3=0 rs1=de325cbc rs2=d7e31eaf latency=7 wait_cycles=6 result=e9ff6c84
PCPI_METRIC funct3=1 rs1=de325cbc rs2=d7e31eaf latency=7 wait_cycles=6 result=054bf1c0
PCPI_METRIC funct3=2 rs1=de325cbc rs2=d7e31eaf latency=7 wait_cycles=6 result=e37e4e7c
PCPI_METRIC funct3=3 rs1=de325cbc rs2=d7e31eaf latency=7 wait_cycles=6 result=bb616d2b
PCPI_METRIC funct3=0 rs1=872d2c0e rs2=b4e46669 latency=7 wait_cycles=6 result=858ca5be
PCPI_METRIC funct3=1 rs1=872d2c0e rs2=b4e46669 latency=7 wait_cycles=6 result=2372cad1
PCPI_METRIC funct3=2 rs1=872d2c0e rs2=b4e46669 latency=7 wait_cycles=6 result=aa9ff6df
PCPI_METRIC funct3=3 rs1=872d2c0e rs2=b4e46669 latency=7 wait_cycles=6 result=5f845d48
PCPI_METRIC funct3=0 rs1=d95b40b2 rs2=ef209ede latency=7 wait_cycles=6 result=134ff65c
PCPI_METRIC funct3=1 rs1=d95b40b2 rs2=ef209ede latency=7 wait_cycles=6 result=028c0421
PCPI_METRIC funct3=2 rs1=d95b40b2 rs2=ef209ede latency=7 wait_cycles=6 result=dbe744d3
PCPI_METRIC funct3=3 rs1=d95b40b2 rs2=ef209ede latency=7 wait_cycles=6 result=cb07e3b1
PCPI_METRIC funct3=0 rs1=c2e87485 rs2=555c0faa latency=7 wait_cycles=6 result=15fd2b52
PCPI_METRIC funct3=1 rs1=c2e87485 rs2=555c0faa latency=7 wait_cycles=6 result=eba1367d
PCPI_METRIC funct3=2 rs1=c2e87485 rs2=555c0faa latency=7 wait_cycles=6 result=eba1367d
PCPI_METRIC funct3=3 rs1=c2e87485 rs2=555c0faa latency=7 wait_cycles=6 result=40fd4627
PCPI_METRIC funct3=0 rs1=1407f128 rs2=610ed5c2 latency=7 wait_cycles=6 result=21db0850
PCPI_METRIC funct3=1 rs1=1407f128 rs2=610ed5c2 latency=7 wait_cycles=6 result=07982b89
PCPI_METRIC funct3=2 rs1=1407f128 rs2=610ed5c2 latency=7 wait_cycles=6 result=07982b89
PCPI_METRIC funct3=3 rs1=1407f128 rs2=610ed5c2 latency=7 wait_cycles=6 result=07982b89
PCPI_METRIC funct3=0 rs1=4d20099a rs2=69e751d3 latency=7 wait_cycles=6 result=8867a3ee
PCPI_METRIC funct3=1 rs1=4d20099a rs2=69e751d3 latency=7 wait_cycles=6 result=1fe7d47f
PCPI_METRIC funct3=2 rs1=4d20099a rs2=69e751d3 latency=7 wait_cycles=6 result=1fe7d47f
PCPI_METRIC funct3=3 rs1=4d20099a rs2=69e751d3 latency=7 wait_cycles=6 result=1fe7d47f
PCPI_METRIC funct3=0 rs1=dd111aba rs2=fdeb7cfb latency=7 wait_cycles=6 result=63754c5e
PCPI_METRIC funct3=1 rs1=dd111aba rs2=fdeb7cfb latency=7 wait_cycles=6 result=0048aa55
PCPI_METRIC funct3=2 rs1=dd111aba rs2=fdeb7cfb latency=7 wait_cycles=6 result=dd59c50f
PCPI_METRIC funct3=3 rs1=dd111aba rs2=fdeb7cfb latency=7 wait_cycles=6 result=db45420a
PCPI_METRIC funct3=0 rs1=c5cf728b rs2=61114dc2 latency=7 wait_cycles=6 result=92e39c56
PCPI_METRIC funct3=1 rs1=c5cf728b rs2=61114dc2 latency=7 wait_cycles=6 result=e9efab80
PCPI_METRIC funct3=2 rs1=c5cf728b rs2=61114dc2 latency=7 wait_cycles=6 result=e9efab80
PCPI_METRIC funct3=3 rs1=c5cf728b rs2=61114dc2 latency=7 wait_cycles=6 result=4b00f942
PCPI_METRIC funct3=0 rs1=e64828cc rs2=38e61371 latency=7 wait_cycles=6 result=4829260c
PCPI_METRIC funct3=1 rs1=e64828cc rs2=38e61371 latency=7 wait_cycles=6 result=fa48abcd
PCPI_METRIC funct3=2 rs1=e64828cc rs2=38e61371 latency=7 wait_cycles=6 result=fa48abcd
PCPI_METRIC funct3=3 rs1=e64828cc rs2=38e61371 latency=7 wait_cycles=6 result=332ebf3e
PCPI_METRIC funct3=0 rs1=4f49019e rs2=309cdb61 latency=7 wait_cycles=6 result=1b53c6de
PCPI_METRIC funct3=1 rs1=4f49019e rs2=309cdb61 latency=7 wait_cycles=6 result=0f0e44bc
PCPI_METRIC funct3=2 rs1=4f49019e rs2=309cdb61 latency=7 wait_cycles=6 result=0f0e44bc
PCPI_METRIC funct3=3 rs1=4f49019e rs2=309cdb61 latency=7 wait_cycles=6 result=0f0e44bc
PCPI_METRIC funct3=0 rs1=bde3487b rs2=df9bd0bf latency=7 wait_cycles=6 result=5ef003c5
PCPI_METRIC funct3=1 rs1=bde3487b rs2=df9bd0bf latency=7 wait_cycles=6 result=085d765c
PCPI_METRIC funct3=2 rs1=bde3487b rs2=df9bd0bf latency=7 wait_cycles=6 result=c640bed7
PCPI_METRIC funct3=3 rs1=bde3487b rs2=df9bd0bf latency=7 wait_cycles=6 result=a5dc8f96
PCPI_METRIC funct3=0 rs1=c881bc91 rs2=e06098c0 latency=7 wait_cycles=6 result=ffa384c0
PCPI_METRIC funct3=1 rs1=c881bc91 rs2=e06098c0 latency=7 wait_cycles=6 result=06dad7f7
PCPI_METRIC funct3=2 rs1=c881bc91 rs2=e06098c0 latency=7 wait_cycles=6 result=cf5c9488
PCPI_METRIC funct3=3 rs1=c881bc91 rs2=e06098c0 latency=7 wait_cycles=6 result=afbd2d48
PCPI_METRIC funct3=0 rs1=2ca96359 rs2=bf53b47e latency=7 wait_cycles=6 result=b21479ce
PCPI_METRIC funct3=1 rs1=2ca96359 rs2=bf53b47e latency=7 wait_cycles=6 result=f4b7982e
PCPI_METRIC funct3=2 rs1=2ca96359 rs2=bf53b47e latency=7 wait_cycles=6 result=2160fb87
PCPI_METRIC funct3=3 rs1=2ca96359 rs2=bf53b47e latency=7 wait_cycles=6 result=2160fb87
PCPI_METRIC funct3=0 rs1=2a1d7354 rs2=a8e2e251 latency=7 wait_cycles=6 result=4349a594
PCPI_METRIC funct3=1 rs1=2a1d7354 rs2=a8e2e251 latency=7 wait_cycles=6 result=f1ab3396
PCPI_METRIC funct3=2 rs1=2a1d7354 rs2=a8e2e251 latency=7 wait_cycles=6 result=1bc8a6ea
PCPI_METRIC funct3=3 rs1=2a1d7354 rs2=a8e2e251 latency=7 wait_cycles=6 result=1bc8a6ea
PCPI_METRIC funct3=0 rs1=a4de2849 rs2=73fa7de7 latency=7 wait_cycles=6 result=606bfedf
PCPI_METRIC funct3=1 rs1=a4de2849 rs2=73fa7de7 latency=7 wait_cycles=6 result=d6b6a03a
PCPI_METRIC funct3=2 rs1=a4de2849 rs2=73fa7de7 latency=7 wait_cycles=6 result=d6b6a03a
PCPI_METRIC funct3=3 rs1=a4de2849 rs2=73fa7de7 latency=7 wait_cycles=6 result=4ab11e21
PCPI_METRIC funct3=0 rs1=123aaf24 rs2=41b5d583 latency=7 wait_cycles=6 result=2034936c
PCPI_METRIC funct3=1 rs1=123aaf24 rs2=41b5d583 latency=7 wait_cycles=6 result=04add92a
PCPI_METRIC funct3=2 rs1=123aaf24 rs2=41b5d583 latency=7 wait_cycles=6 result=04add92a
PCPI_METRIC funct3=3 rs1=123aaf24 rs2=41b5d583 latency=7 wait_cycles=6 result=04add92a
PCPI_METRIC funct3=0 rs1=adee005b rs2=5cdea1b9 latency=7 wait_cycles=6 result=62217cc3
PCPI_METRIC funct3=1 rs1=adee005b rs2=5cdea1b9 latency=7 wait_cycles=6 result=e23a28ac
PCPI_METRIC funct3=2 rs1=adee005b rs2=5cdea1b9 latency=7 wait_cycles=6 result=e23a28ac
PCPI_METRIC funct3=3 rs1=adee005b rs2=5cdea1b9 latency=7 wait_cycles=6 result=3f18ca65
PCPI_METRIC funct3=0 rs1=4afebf95 rs2=bb934a77 latency=7 wait_cycles=6 result=595b2043
PCPI_METRIC funct3=1 rs1=4afebf95 rs2=bb934a77 latency=7 wait_cycles=6 result=ebf47c75
PCPI_METRIC funct3=2 rs1=4afebf95 rs2=bb934a77 latency=7 wait_cycles=6 result=36f33c0a
PCPI_METRIC funct3=3 rs1=4afebf95 rs2=bb934a77 latency=7 wait_cycles=6 result=36f33c0a
PCPI_METRIC funct3=0 rs1=f8da1af1 rs2=732c5fe6 latency=7 wait_cycles=6 result=685fa386
PCPI_METRIC funct3=1 rs1=f8da1af1 rs2=732c5fe6 latency=7 wait_cycles=6 result=fcc8bce9
PCPI_METRIC funct3=2 rs1=f8da1af1 rs2=732c5fe6 latency=7 wait_cycles=6 result=fcc8bce9
PCPI_METRIC funct3=3 rs1=f8da1af1 rs2=732c5fe6 latency=7 wait_cycles=6 result=6ff51ccf
PCPI_METRIC funct3=0 rs1=d7e1aeaf rs2=0238e104 latency=7 wait_cycles=6 result=4e5689bc
PCPI_METRIC funct3=1 rs1=d7e1aeaf rs2=0238e104 latency=7 wait_cycles=6 result=ffa6d978
PCPI_METRIC funct3=2 rs1=d7e1aeaf rs2=0238e104 latency=7 wait_cycles=6 result=ffa6d978
PCPI_METRIC funct3=3 rs1=d7e1aeaf rs2=0238e104 latency=7 wait_cycles=6 result=01dfba7c
PCPI_METRIC funct3=0 rs1=89646012 rs2=7e29b3fc latency=7 wait_cycles=6 result=acdd27b8
PCPI_METRIC funct3=1 rs1=89646012 rs2=7e29b3fc latency=7 wait_cycles=6 result=c58c14f8
PCPI_METRIC funct3=2 rs1=89646012 rs2=7e29b3fc latency=7 wait_cycles=6 result=c58c14f8
PCPI_METRIC funct3=3 rs1=89646012 rs2=7e29b3fc latency=7 wait_cycles=6 result=43b5c8f4
PCPI_METRIC funct3=0 rs1=d5ba48ab rs2=e203f0c4 latency=7 wait_cycles=6 result=16c0f2ec
PCPI_METRIC funct3=1 rs1=d5ba48ab rs2=e203f0c4 latency=7 wait_cycles=6 result=04f384e9
PCPI_METRIC funct3=2 rs1=d5ba48ab rs2=e203f0c4 latency=7 wait_cycles=6 result=daadcd94
PCPI_METRIC funct3=3 rs1=d5ba48ab rs2=e203f0c4 latency=7 wait_cycles=6 result=bcb1be58
PCPI_METRIC funct3=0 rs1=1ffb813f rs2=e13256c2 latency=7 wait_cycles=6 result=57511bbe
PCPI_METRIC funct3=1 rs1=1ffb813f rs2=e13256c2 latency=7 wait_cycles=6 result=fc26d54f
PCPI_METRIC funct3=2 rs1=1ffb813f rs2=e13256c2 latency=7 wait_cycles=6 result=1c22568e
PCPI_METRIC funct3=3 rs1=1ffb813f rs2=e13256c2 latency=7 wait_cycles=6 result=1c22568e
PCPI_METRIC funct3=0 rs1=398a1973 rs2=2d4d9b5a latency=7 wait_cycles=6 result=b68c936e
PCPI_METRIC funct3=1 rs1=398a1973 rs2=2d4d9b5a latency=7 wait_cycles=6 result=0a2eb7ed
PCPI_METRIC funct3=2 rs1=398a1973 rs2=2d4d9b5a latency=7 wait_cycles=6 result=0a2eb7ed
PCPI_METRIC funct3=3 rs1=398a1973 rs2=2d4d9b5a latency=7 wait_cycles=6 result=0a2eb7ed
PCPI_METRIC funct3=0 rs1=d066e4a0 rs2=ff73cafe latency=7 wait_cycles=6 result=0a5d16c0
PCPI_METRIC funct3=1 rs1=d066e4a0 rs2=ff73cafe latency=7 wait_cycles=6 result=001a1196
PCPI_METRIC funct3=2 rs1=d066e4a0 rs2=ff73cafe latency=7 wait_cycles=6 result=d080f636
PCPI_METRIC funct3=3 rs1=d066e4a0 rs2=ff73cafe latency=7 wait_cycles=6 result=cff4c134
PCPI_METRIC funct3=0 rs1=3a096b74 rs2=5d86b7bb latency=7 wait_cycles=6 result=836969bc
PCPI_METRIC funct3=1 rs1=3a096b74 rs2=5d86b7bb latency=7 wait_cycles=6 result=1533f69e
PCPI_METRIC funct3=2 rs1=3a096b74 rs2=5d86b7bb latency=7 wait_cycles=6 result=1533f69e
PCPI_METRIC funct3=3 rs1=3a096b74 rs2=5d86b7bb latency=7 wait_cycles=6 result=1533f69e
PCPI_METRIC funct3=0 rs1=7132bbe2 rs2=f16948e2 latency=7 wait_cycles=6 result=05536d84
PCPI_METRIC funct3=1 rs1=7132bbe2 rs2=f16948e2 latency=7 wait_cycles=6 result=f98c9507
PCPI_METRIC funct3=2 rs1=7132bbe2 rs2=f16948e2 latency=7 wait_cycles=6 result=6abf50e9
PCPI_METRIC funct3=3 rs1=7132bbe2 rs2=f16948e2 latency=7 wait_cycles=6 result=6abf50e9
PCPI_METRIC funct3=0 rs1=eff34cdf rs2=cc13e298 latency=7 wait_cycles=6 result=aadf8268
PCPI_METRIC funct3=1 rs1=eff34cdf rs2=cc13e298 latency=7 wait_cycles=6 result=0341553c
PCPI_METRIC funct3=2 rs1=eff34cdf rs2=cc13e298 latency=7 wait_cycles=6 result=f334a21b
PCPI_METRIC funct3=3 rs1=eff34cdf rs2=cc13e298 latency=7 wait_cycles=6 result=bf4884b3
PCPI_METRIC funct3=0 rs1=4fdbed9f rs2=0817cb10 latency=7 wait_cycles=6 result=b474eef0
PCPI_METRIC funct3=1 rs1=4fdbed9f rs2=0817cb10 latency=7 wait_cycles=6 result=02864b87
PCPI_METRIC funct3=2 rs1=4fdbed9f rs2=0817cb10 latency=7 wait_cycles=6 result=02864b87
PCPI_METRIC funct3=3 rs1=4fdbed9f rs2=0817cb10 latency=7 wait_cycles=6 result=02864b87
PCPI_METRIC funct3=0 rs1=791189f2 rs2=5ee97bbd latency=7 wait_cycles=6 result=387c1daa
PCPI_METRIC funct3=1 rs1=791189f2 rs2=5ee97bbd latency=7 wait_cycles=6 result=2ce2dc22
PCPI_METRIC funct3=2 rs1=791189f2 rs2=5ee97bbd latency=7 wait_cycles=6 result=2ce2dc22
PCPI_METRIC funct3=3 rs1=791189f2 rs2=5ee97bbd latency=7 wait_cycles=6 result=2ce2dc22
PCPI_METRIC funct3=0 rs1=55bc27ab rs2=5a0a0fb4 latency=7 wait_cycles=6 result=f94ce93c
PCPI_METRIC funct3=1 rs1=55bc27ab rs2=5a0a0fb4 latency=7 wait_cycles=6 result=1e27848d
PCPI_METRIC funct3=2 rs1=55bc27ab rs2=5a0a0fb4 latency=7 wait_cycles=6 result=1e27848d
PCPI_METRIC funct3=3 rs1=55bc27ab rs2=5a0a0fb4 latency=7 wait_cycles=6 result=1e27848d
PCPI_METRIC funct3=0 rs1=aa08ac54 rs2=44e79b89 latency=7 wait_cycles=6 result=0ec714f4
PCPI_METRIC funct3=1 rs1=aa08ac54 rs2=44e79b89 latency=7 wait_cycles=6 result=e8dc875f
PCPI_METRIC funct3=2 rs1=aa08ac54 rs2=44e79b89 latency=7 wait_cycles=6 result=e8dc875f
PCPI_METRIC funct3=3 rs1=aa08ac54 rs2=44e79b89 latency=7 wait_cycles=6 result=2dc422e8
PCPI_METRIC funct3=0 rs1=89b5d413 rs2=560c91ac latency=7 wait_cycles=6 result=d62d3fc4
PCPI_METRIC funct3=1 rs1=89b5d413 rs2=560c91ac latency=7 wait_cycles=6 result=d83d4674
PCPI_METRIC funct3=2 rs1=89b5d413 rs2=560c91ac latency=7 wait_cycles=6 result=d83d4674
PCPI_METRIC funct3=3 rs1=89b5d413 rs2=560c91ac latency=7 wait_cycles=6 result=2e49d820
PCPI_METRIC funct3=0 rs1=1ae40335 rs2=1df61f3b latency=7 wait_cycles=6 result=e4de2837
PCPI_METRIC funct3=1 rs1=1ae40335 rs2=1df61f3b latency=7 wait_cycles=6 result=0325aebf
PCPI_METRIC funct3=2 rs1=1ae40335 rs2=1df61f3b latency=7 wait_cycles=6 result=0325aebf
PCPI_METRIC funct3=3 rs1=1ae40335 rs2=1df61f3b latency=7 wait_cycles=6 result=0325aebf
PCPI_METRIC funct3=0 rs1=9aa02435 rs2=17a98d2f latency=7 wait_cycles=6 result=4154d6bb
PCPI_METRIC funct3=1 rs1=9aa02435 rs2=17a98d2f latency=7 wait_cycles=6 result=f6a13f10
PCPI_METRIC funct3=2 rs1=9aa02435 rs2=17a98d2f latency=7 wait_cycles=6 result=f6a13f10
PCPI_METRIC funct3=3 rs1=9aa02435 rs2=17a98d2f latency=7 wait_cycles=6 result=0e4acc3f
PCPI_METRIC funct3=0 rs1=1a619934 rs2=aae0a255 latency=7 wait_cycles=6 result=1adac644
PCPI_METRIC funct3=1 rs1=1a619934 rs2=aae0a255 latency=7 wait_cycles=6 result=f73a5ca9
PCPI_METRIC funct3=2 rs1=1a619934 rs2=aae0a255 latency=7 wait_cycles=6 result=119bf5dd
PCPI_METRIC funct3=3 rs1=1a619934 rs2=aae0a255 latency=7 wait_cycles=6 result=119bf5dd
PCPI_METRIC funct3=0 rs1=de7302bc rs2=f964fef2 latency=7 wait_cycles=6 result=52df1db8
PCPI_METRIC funct3=1 rs1=de7302bc rs2=f964fef2 latency=7 wait_cycles=6 result=00dd9e70
PCPI_METRIC funct3=2 rs1=de7302bc rs2=f964fef2 latency=7 wait_cycles=6 result=df50a12c
PCPI_METRIC funct3=3 rs1=de7302bc rs2=f964fef2 latency=7 wait_cycles=6 result=d8b5a01e
PCPI_METRIC funct3=0 rs1=d3fe36a7 rs2=e0f280c1 latency=7 wait_cycles=6 result=b7d8b3e7
PCPI_METRIC funct3=1 rs1=d3fe36a7 rs2=e0f280c1 latency=7 wait_cycles=6 result=05568958
PCPI_METRIC funct3=2 rs1=d3fe36a7 rs2=e0f280c1 latency=7 wait_cycles=6 result=d954bfff
PCPI_METRIC funct3=3 rs1=d3fe36a7 rs2=e0f280c1 latency=7 wait_cycles=6 result=ba4740c0
PCPI_METRIC funct3=0 rs1=f23316e4 rs2=a0b8a241 latency=7 wait_cycles=6 result=c75517e4
PCPI_METRIC funct3=1 rs1=f23316e4 rs2=a0b8a241 latency=7 wait_cycles=6 result=0522e363
PCPI_METRIC funct3=2 rs1=f23316e4 rs2=a0b8a241 latency=7 wait_cycles=6 result=f755fa47
PCPI_METRIC funct3=3 rs1=f23316e4 rs2=a0b8a241 latency=7 wait_cycles=6 result=980e9c88
PCPI_METRIC funct3=0 rs1=b4c16c69 rs2=fd52d8fa latency=7 wait_cycles=6 result=36fe768a
PCPI_METRIC funct3=1 rs1=b4c16c69 rs2=fd52d8fa latency=7 wait_cycles=6 result=00c961e9
PCPI_METRIC funct3=2 rs1=b4c16c69 rs2=fd52d8fa latency=7 wait_cycles=6 result=b58ace52
PCPI_METRIC funct3=3 rs1=b4c16c69 rs2=fd52d8fa latency=7 wait_cycles=6 result=b2dda74c
PCPI_METRIC funct3=0 rs1=e69dd0cd rs2=7fcff3ff latency=7 wait_cycles=6 result=0d289333
PCPI_METRIC funct3=1 rs1=e69dd0cd rs2=7fcff3ff latency=7 wait_cycles=6 result=f353ac00
PCPI_METRIC funct3=2 rs1=e69dd0cd rs2=7fcff3ff latency=7 wait_cycles=6 result=f353ac00
PCPI_METRIC funct3=3 rs1=e69dd0cd rs2=7fcff3ff latency=7 wait_cycles=6 result=73239fff
PCPI_METRIC funct3=0 rs1=dac986b5 rs2=f42082e8 latency=7 wait_cycles=6 result=f7a9fe08
PCPI_METRIC funct3=1 rs1=dac986b5 rs2=f42082e8 latency=7 wait_cycles=6 result=01b9d3d8
PCPI_METRIC funct3=2 rs1=dac986b5 rs2=f42082e8 latency=7 wait_cycles=6 result=dc835a8d
PCPI_METRIC funct3=3 rs1=dac986b5 rs2=f42082e8 latency=7 wait_cycles=6 result=d0a3dd75
PCPI_METRIC funct3=0 rs1=a5955c4b rs2=89042e12 latency=7 wait_cycles=6 result=0f41f746
PCPI_METRIC funct3=1 rs1=a5955c4b rs2=89042e12 latency=7 wait_cycles=6 result=2a061829
PCPI_METRIC funct3=2 rs1=a5955c4b rs2=89042e12 latency=7 wait_cycles=6 result=cf9b7474
PCPI_METRIC funct3=3 rs1=a5955c4b rs2=89042e12 latency=7 wait_cycles=6 result=589fa286
PCPI_METRIC funct3=0 rs1=1b978f37 rs2=574e1dae latency=7 wait_cycles=6 result=3ffe9262
PCPI_METRIC funct3=1 rs1=1b978f37 rs2=574e1dae latency=7 wait_cycles=6 result=0968ed0c
PCPI_METRIC funct3=2 rs1=1b978f37 rs2=574e1dae latency=7 wait_cycles=6 result=0968ed0c
PCPI_METRIC funct3=3 rs1=1b978f37 rs2=574e1dae latency=7 wait_cycles=6 result=0968ed0c
PCPI_METRIC funct3=0 rs1=fc4ca4f8 rs2=90184e20 latency=7 wait_cycles=6 result=db182f00
PCPI_METRIC funct3=1 rs1=fc4ca4f8 rs2=90184e20 latency=7 wait_cycles=6 result=019e1de1
PCPI_METRIC funct3=2 rs1=fc4ca4f8 rs2=90184e20 latency=7 wait_cycles=6 result=fdeac2d9
PCPI_METRIC funct3=3 rs1=fc4ca4f8 rs2=90184e20 latency=7 wait_cycles=6 result=8e0310f9
PCPI_METRIC funct3=0 rs1=ed1b50da rs2=913e0222 latency=7 wait_cycles=6 result=c30e70f4
PCPI_METRIC funct3=1 rs1=ed1b50da rs2=913e0222 latency=7 wait_cycles=6 result=082c9466
PCPI_METRIC funct3=2 rs1=ed1b50da rs2=913e0222 latency=7 wait_cycles=6 result=f547e540
PCPI_METRIC funct3=3 rs1=ed1b50da rs2=913e0222 latency=7 wait_cycles=6 result=8685e762
PCPI_METRIC funct3=0 rs1=763355ec rs2=9535122a latency=7 wait_cycles=6 result=2652b0b8
PCPI_METRIC funct3=1 rs1=763355ec rs2=9535122a latency=7 wait_cycles=6 result=ceb10c1a
PCPI_METRIC funct3=2 rs1=763355ec rs2=9535122a latency=7 wait_cycles=6 result=44e46206
PCPI_METRIC funct3=3 rs1=763355ec rs2=9535122a latency=7 wait_cycles=6 result=44e46206
PCPI_METRIC funct3=0 rs1=3d7f5b7a rs2=0f1e511e latency=7 wait_cycles=6 result=5f2a524c
PCPI_METRIC funct3=1 rs1=3d7f5b7a rs2=0f1e511e latency=7 wait_cycles=6 result=03a1bec5
PCPI_METRIC funct3=2 rs1=3d7f5b7a rs2=0f1e511e latency=7 wait_cycles=6 result=03a1bec5
PCPI_METRIC funct3=3 rs1=3d7f5b7a rs2=0f1e511e latency=7 wait_cycles=6 result=03a1bec5
PCPI_METRIC funct3=0 rs1=f4a1dae9 rs2=f5a4f2eb latency=7 wait_cycles=6 result=cbc835e3
PCPI_METRIC funct3=1 rs1=f4a1dae9 rs2=f5a4f2eb latency=7 wait_cycles=6 result=0075b87e
PCPI_METRIC funct3=2 rs1=f4a1dae9 rs2=f5a4f2eb latency=7 wait_cycles=6 result=f5179367
PCPI_METRIC funct3=3 rs1=f4a1dae9 rs2=f5a4f2eb latency=7 wait_cycles=6 result=eabc8652
PCPI_METRIC funct3=0 rs1=05b4f70b rs2=b704e26e latency=7 wait_cycles=6 result=ef05dcba
PCPI_METRIC funct3=1 rs1=05b4f70b rs2=b704e26e latency=7 wait_cycles=6 result=fe5f816d
PCPI_METRIC funct3=2 rs1=05b4f70b rs2=b704e26e latency=7 wait_cycles=6 result=04147878
PCPI_METRIC funct3=3 rs1=05b4f70b rs2=b704e26e latency=7 wait_cycles=6 result=04147878
PCPI_METRIC funct3=0 rs1=af455e5e rs2=3e502d7c latency=7 wait_cycles=6 result=58903b88
PCPI_METRIC funct3=1 rs1=af455e5e rs2=3e502d7c latency=7 wait_cycles=6 result=ec598430
PCPI_METRIC funct3=2 rs1=af455e5e rs2=3e502d7c latency=7 wait_cycles=6 result=ec598430
PCPI_METRIC funct3=3 rs1=af455e5e rs2=3e502d7c latency=7 wait_cycles=6 result=2aa9b1ac
PCPI_METRIC funct3=0 rs1=22c03145 rs2=c5cb548b latency=7 wait_cycles=6 result=193c6477
PCPI_METRIC funct3=1 rs1=22c03145 rs2=c5cb548b latency=7 wait_cycles=6 result=f8194e86
PCPI_METRIC funct3=2 rs1=22c03145 rs2=c5cb548b latency=7 wait_cycles=6 result=1ad97fcb
PCPI_METRIC funct3=3 rs1=22c03145 rs2=c5cb548b latency=7 wait_cycles=6 result=1ad97fcb
PCPI_METRIC funct3=0 rs1=094bd312 rs2=1bf8bd37 latency=7 wait_cycles=6 result=598ea2de
PCPI_METRIC funct3=1 rs1=094bd312 rs2=1bf8bd37 latency=7 wait_cycles=6 result=01040796
PCPI_METRIC funct3=2 rs1=094bd312 rs2=1bf8bd37 latency=7 wait_cycles=6 result=01040796
PCPI_METRIC funct3=3 rs1=094bd312 rs2=1bf8bd37 latency=7 wait_cycles=6 result=01040796
PCPI_METRIC funct3=0 rs1=c1c3d683 rs2=f0ab00e1 latency=7 wait_cycles=6 result=66a08923
PCPI_METRIC funct3=1 rs1=c1c3d683 rs2=f0ab00e1 latency=7 wait_cycles=6 result=03ba3031
PCPI_METRIC funct3=2 rs1=c1c3d683 rs2=f0ab00e1 latency=7 wait_cycles=6 result=c57e06b4
PCPI_METRIC funct3=3 rs1=c1c3d683 rs2=f0ab00e1 latency=7 wait_cycles=6 result=b6290795
PCPI_METRIC funct3=0 rs1=674fdfce rs2=a5365c4a latency=7 wait_cycles=6 result=8cf8b98c
PCPI_METRIC funct3=1 rs1=674fdfce rs2=a5365c4a latency=7 wait_cycles=6 result=db5c8b89
PCPI_METRIC funct3=2 rs1=674fdfce rs2=a5365c4a latency=7 wait_cycles=6 result=42ac6b57
PCPI_METRIC funct3=3 rs1=674fdfce rs2=a5365c4a latency=7 wait_cycles=6 result=42ac6b57
PCPI_METRIC funct3=0 rs1=6acd73d5 rs2=669907cd latency=7 wait_cycles=6 result=3cfd9491
PCPI_METRIC funct3=1 rs1=6acd73d5 rs2=669907cd latency=7 wait_cycles=6 result=2acdb432
PCPI_METRIC funct3=2 rs1=6acd73d5 rs2=669907cd latency=7 wait_cycles=6 result=2acdb432
PCPI_METRIC funct3=3 rs1=6acd73d5 rs2=669907cd latency=7 wait_cycles=6 result=2acdb432
PCPI_METRIC funct3=0 rs1=f204eee4 rs2=fa328cf4 latency=7 wait_cycles=6 result=afe06150
PCPI_METRIC funct3=1 rs1=f204eee4 rs2=fa328cf4 latency=7 wait_cycles=6 result=00511faa
PCPI_METRIC funct3=2 rs1=f204eee4 rs2=fa328cf4 latency=7 wait_cycles=6 result=f2560e8e
PCPI_METRIC funct3=3 rs1=f204eee4 rs2=fa328cf4 latency=7 wait_cycles=6 result=ec889b82
PCPI_METRIC funct3=0 rs1=766153ec rs2=0d623f1a latency=7 wait_cycles=6 result=15e199f8
PCPI_METRIC funct3=1 rs1=766153ec rs2=0d623f1a latency=7 wait_cycles=6 result=06305fb3
PCPI_METRIC funct3=2 rs1=766153ec rs2=0d623f1a latency=7 wait_cycles=6 result=06305fb3
PCPI_METRIC funct3=3 rs1=766153ec rs2=0d623f1a latency=7 wait_cycles=6 result=06305fb3
PCPI_METRIC funct3=0 rs1=f1a32ee3 rs2=f62484ec latency=7 wait_cycles=6 result=a0884544
PCPI_METRIC funct3=1 rs1=f1a32ee3 rs2=f62484ec latency=7 wait_cycles=6 result=008d93a8
PCPI_METRIC funct3=2 rs1=f1a32ee3 rs2=f62484ec latency=7 wait_cycles=6 result=f230c28b
PCPI_METRIC funct3=3 rs1=f1a32ee3 rs2=f62484ec latency=7 wait_cycles=6 result=e8554777
PCPI_METRIC funct3=0 rs1=79c681f3 rs2=1687472d latency=7 wait_cycles=6 result=df143cb7
PCPI_METRIC funct3=1 rs1=79c681f3 rs2=1687472d latency=7 wait_cycles=6 result=0ab768b4
PCPI_METRIC funct3=2 rs1=79c681f3 rs2=1687472d latency=7 wait_cycles=6 result=0ab768b4
PCPI_METRIC funct3=3 rs1=79c681f3 rs2=1687472d latency=7 wait_cycles=6 result=0ab768b4
PCPI_METRIC funct3=0 rs1=2e138d5c rs2=6e8d45dd latency=7 wait_cycles=6 result=6fa6d46c
PCPI_METRIC funct3=1 rs1=2e138d5c rs2=6e8d45dd latency=7 wait_cycles=6 result=13e5d415
PCPI_METRIC funct3=2 rs1=2e138d5c rs2=6e8d45dd latency=7 wait_cycles=6 result=13e5d415
PCPI_METRIC funct3=3 rs1=2e138d5c rs2=6e8d45dd latency=7 wait_cycles=6 result=13e5d415
PCPI_METRIC funct3=0 rs1=f612c8ec rs2=c7d87a8f latency=7 wait_cycles=6 result=635eb3d4
PCPI_METRIC funct3=1 rs1=f612c8ec rs2=c7d87a8f latency=7 wait_cycles=6 result=022d6c5c
PCPI_METRIC funct3=2 rs1=f612c8ec rs2=c7d87a8f latency=7 wait_cycles=6 result=f8403548
PCPI_METRIC funct3=3 rs1=f612c8ec rs2=c7d87a8f latency=7 wait_cycles=6 result=c018afd7
PCPI_METRIC funct3=0 rs1=7fdbb3ff rs2=3c338578 latency=7 wait_cycles=6 result=b34cda88
PCPI_METRIC funct3=1 rs1=7fdbb3ff rs2=3c338578 latency=7 wait_cycles=6 result=1e11399d
PCPI_METRIC funct3=2 rs1=7fdbb3ff rs2=3c338578 latency=7 wait_cycles=6 result=1e11399d
PCPI_METRIC funct3=3 rs1=7fdbb3ff rs2=3c338578 latency=7 wait_cycles=6 result=1e11399d
PCPI_METRIC funct3=0 rs1=55f6b9ab rs2=13d1f727 latency=7 wait_cycles=6 result=6b55460d
PCPI_METRIC funct3=1 rs1=55f6b9ab rs2=13d1f727 latency=7 wait_cycles=6 result=06a7d133
PCPI_METRIC funct3=2 rs1=55f6b9ab rs2=13d1f727 latency=7 wait_cycles=6 result=06a7d133
PCPI_METRIC funct3=3 rs1=55f6b9ab rs2=13d1f727 latency=7 wait_cycles=6 result=06a7d133
PCPI_METRIC funct3=0 rs1=7dca0ffb rs2=09dfc313 latency=7 wait_cycles=6 result=fed060a1
PCPI_METRIC funct3=1 rs1=7dca0ffb rs2=09dfc313 latency=7 wait_cycles=6 result=04da0d6d
PCPI_METRIC funct3=2 rs1=7dca0ffb rs2=09dfc313 latency=7 wait_cycles=6 result=04da0d6d
PCPI_METRIC funct3=3 rs1=7dca0ffb rs2=09dfc313 latency=7 wait_cycles=6 result=04da0d6d
PCPI_METRIC funct3=0 rs1=06499b0c rs2=5db797bb latency=7 wait_cycles=6 result=33cc55c4
PCPI_METRIC funct3=1 rs1=06499b0c rs2=5db797bb latency=7 wait_cycles=6 result=024d3fab
PCPI_METRIC funct3=2 rs1=06499b0c rs2=5db797bb latency=7 wait_cycles=6 result=024d3fab
PCPI_METRIC funct3=3 rs1=06499b0c rs2=5db797bb latency=7 wait_cycles=6 result=024d3fab
PCPI_METRIC funct3=0 rs1=f361cae6 rs2=a4d83a49 latency=7 wait_cycles=6 result=18eaf796
PCPI_METRIC funct3=1 rs1=f361cae6 rs2=a4d83a49 latency=7 wait_cycles=6 result=047e32b9
PCPI_METRIC funct3=2 rs1=f361cae6 rs2=a4d83a49 latency=7 wait_cycles=6 result=f7dffd9f
PCPI_METRIC funct3=3 rs1=f361cae6 rs2=a4d83a49 latency=7 wait_cycles=6 result=9cb837e8
PCPI_METRIC funct3=0 rs1=35557b6a rs2=8570f60a latency=7 wait_cycles=6 result=4a4eae24
PCPI_METRIC funct3=1 rs1=35557b6a rs2=8570f60a latency=7 wait_cycles=6 result=e677765c
PCPI_METRIC funct3=2 rs1=35557b6a rs2=8570f60a latency=7 wait_cycles=6 result=1bccf1c6
PCPI_METRIC funct3=3 rs1=35557b6a rs2=8570f60a latency=7 wait_cycles=6 result=1bccf1c6
PCPI_METRIC funct3=0 rs1=8c06d218 rs2=4b1ce996 latency=7 wait_cycles=6 result=43d6f210
PCPI_METRIC funct3=1 rs1=8c06d218 rs2=4b1ce996 latency=7 wait_cycles=6 result=ddf8e67a
PCPI_METRIC funct3=2 rs1=8c06d218 rs2=4b1ce996 latency=7 wait_cycles=6 result=ddf8e67a
PCPI_METRIC funct3=3 rs1=8c06d218 rs2=4b1ce996 latency=7 wait_cycles=6 result=2915d010
PCPI_METRIC funct3=0 rs1=84e32609 rs2=1725712e latency=7 wait_cycles=6 result=72e7ce9e
PCPI_METRIC funct3=1 rs1=84e32609 rs2=1725712e latency=7 wait_cycles=6 result=f4de66d1
PCPI_METRIC funct3=2 rs1=84e32609 rs2=1725712e latency=7 wait_cycles=6 result=f4de66d1
PCPI_METRIC funct3=3 rs1=84e32609 rs2=1725712e latency=7 wait_cycles=6 result=0c03d7ff
PCPI_METRIC funct3=0 rs1=dee9d4bd rs2=33638966 latency=7 wait_cycles=6 result=e01ae84e
PCPI_METRIC funct3=1 rs1=dee9d4bd rs2=33638966 latency=7 wait_cycles=6 result=f95bb80c
PCPI_METRIC funct3=2 rs1=dee9d4bd rs2=33638966 latency=7 wait_cycles=6 result=f95bb80c
PCPI_METRIC funct3=3 rs1=dee9d4bd rs2=33638966 latency=7 wait_cycles=6 result=2cbf4172
PCPI_METRIC funct3=0 rs1=bb062876 rs2=3a982575 latency=7 wait_cycles=6 result=1fb98bee
PCPI_METRIC funct3=1 rs1=bb062876 rs2=3a982575 latency=7 wait_cycles=6 result=f03666bb
PCPI_METRIC funct3=2 rs1=bb062876 rs2=3a982575 latency=7 wait_cycles=6 result=f03666bb
PCPI_METRIC funct3=3 rs1=bb062876 rs2=3a982575 latency=7 wait_cycles=6 result=2ace8c30
PCPI_METRIC funct3=0 rs1=c7b43a8f rs2=4ad39595 latency=7 wait_cycles=6 result=bbd8503b
PCPI_METRIC funct3=1 rs1=c7b43a8f rs2=4ad39595 latency=7 wait_cycles=6 result=ef8b9194
PCPI_METRIC funct3=2 rs1=c7b43a8f rs2=4ad39595 latency=7 wait_cycles=6 result=ef8b9194
PCPI_METRIC funct3=3 rs1=c7b43a8f rs2=4ad39595 latency=7 wait_cycles=6 result=3a5f2729
PCPI_METRIC funct3=0 rs1=3da8cd7b rs2=be43ea7c latency=7 wait_cycles=6 result=3ac6f594
PCPI_METRIC funct3=1 rs1=3da8cd7b rs2=be43ea7c latency=7 wait_cycles=6 result=f02ad6ae
PCPI_METRIC funct3=2 rs1=3da8cd7b rs2=be43ea7c latency=7 wait_cycles=6 result=2dd3a429
PCPI_METRIC funct3=3 rs1=3da8cd7b rs2=be43ea7c latency=7 wait_cycles=6 result=2dd3a429
PCPI_METRIC funct3=0 rs1=b7f4306f rs2=e4824cc9 latency=7 wait_cycles=6 result=6178fb27
PCPI_METRIC funct3=1 rs1=b7f4306f rs2=e4824cc9 latency=7 wait_cycles=6 result=07bc9f18
PCPI_METRIC funct3=2 rs1=b7f4306f rs2=e4824cc9 latency=7 wait_cycles=6 result=bfb0cf87
PCPI_METRIC funct3=3 rs1=b7f4306f rs2=e4824cc9 latency=7 wait_cycles=6 result=a4331c50
PCPI_METRIC funct3=0 rs1=e4d820c9 rs2=5a3761b4 latency=7 wait_cycles=6 result=81923654
PCPI_METRIC funct3=1 rs1=e4d820c9 rs2=5a3761b4 latency=7 wait_cycles=6 result=f66e1b98
PCPI_METRIC funct3=2 rs1=e4d820c9 rs2=5a3761b4 latency=7 wait_cycles=6 result=f66e1b98
PCPI_METRIC funct3=3 rs1=e4d820c9 rs2=5a3761b4 latency=7 wait_cycles=6 result=50a57d4c
PCPI_METRIC funct3=0 rs1=6d48a5da rs2=d6aea8ad latency=7 wait_cycles=6 result=7d1b2452
PCPI_METRIC funct3=1 rs1=6d48a5da rs2=d6aea8ad latency=7 wait_cycles=6 result=ee5ca42c
PCPI_METRIC funct3=2 rs1=6d48a5da rs2=d6aea8ad latency=7 wait_cycles=6 result=5ba54a06
PCPI_METRIC funct3=3 rs1=6d48a5da rs2=d6aea8ad latency=7 wait_cycles=6 result=5ba54a06
PCPI_METRIC funct3=0 rs1=6fcff1df rs2=06b0e30d latency=7 wait_cycles=6 result=94580553
PCPI_METRIC funct3=1 rs1=6fcff1df rs2=06b0e30d latency=7 wait_cycles=6 result=02ec21cc
PCPI_METRIC funct3=2 rs1=6fcff1df rs2=06b0e30d latency=7 wait_cycles=6 result=02ec21cc
PCPI_METRIC funct3=3 rs1=6fcff1df rs2=06b0e30d latency=7 wait_cycles=6 result=02ec21cc
PCPI_METRIC funct3=0 rs1=384d4170 rs2=41bd6783 latency=7 wait_cycles=6 result=a48c8c50
PCPI_METRIC funct3=1 rs1=384d4170 rs2=41bd6783 latency=7 wait_cycles=6 result=0e75456a
PCPI_METRIC funct3=2 rs1=384d4170 rs2=41bd6783 latency=7 wait_cycles=6 result=0e75456a
PCPI_METRIC funct3=3 rs1=384d4170 rs2=41bd6783 latency=7 wait_cycles=6 result=0e75456a
PCPI_METRIC funct3=0 rs1=a8c6c451 rs2=027a8d04 latency=7 wait_cycles=6 result=4dd5ae44
PCPI_METRIC funct3=1 rs1=a8c6c451 rs2=027a8d04 latency=7 wait_cycles=6 result=ff27cc36
PCPI_METRIC funct3=2 rs1=a8c6c451 rs2=027a8d04 latency=7 wait_cycles=6 result=ff27cc36
PCPI_METRIC funct3=3 rs1=a8c6c451 rs2=027a8d04 latency=7 wait_cycles=6 result=01a2593a
PCPI_METRIC funct3=0 rs1=c0467280 rs2=fcf504f9 latency=7 wait_cycles=6 result=b2cf5e80
PCPI_METRIC funct3=1 rs1=c0467280 rs2=fcf504f9 latency=7 wait_cycles=6 result=00c1e864
PCPI_METRIC funct3=2 rs1=c0467280 rs2=fcf504f9 latency=7 wait_cycles=6 result=c1085ae4
PCPI_METRIC funct3=3 rs1=c0467280 rs2=fcf504f9 latency=7 wait_cycles=6 result=bdfd5fdd
PCPI_METRIC funct3=0 rs1=0379ed06 rs2=e5063aca latency=7 wait_cycles=6 result=4a0c62bc
PCPI_METRIC funct3=1 rs1=0379ed06 rs2=e5063aca latency=7 wait_cycles=6 result=ffa239a8
PCPI_METRIC funct3=2 rs1=0379ed06 rs2=e5063aca latency=7 wait_cycles=6 result=031c26ae
PCPI_METRIC funct3=3 rs1=0379ed06 rs2=e5063aca latency=7 wait_cycles=6 result=031c26ae
[6] Progress: 500/1000 groups
PCPI_METRIC funct3=0 rs1=ef8d64df rs2=64f9bbc9 latency=7 wait_cycles=6 result=979a1817
PCPI_METRIC funct3=1 rs1=ef8d64df rs2=64f9bbc9 latency=7 wait_cycles=6 result=f9832fdd
PCPI_METRIC funct3=2 rs1=ef8d64df rs2=64f9bbc9 latency=7 wait_cycles=6 result=f9832fdd
PCPI_METRIC funct3=3 rs1=ef8d64df rs2=64f9bbc9 latency=7 wait_cycles=6 result=5e7ceba6
PCPI_METRIC funct3=0 rs1=42797584 rs2=d84988b0 latency=7 wait_cycles=6 result=1c92eac0
PCPI_METRIC funct3=1 rs1=42797584 rs2=d84988b0 latency=7 wait_cycles=6 result=f5b01dc4
PCPI_METRIC funct3=2 rs1=42797584 rs2=d84988b0 latency=7 wait_cycles=6 result=38299348
PCPI_METRIC funct3=3 rs1=42797584 rs2=d84988b0 latency=7 wait_cycles=6 result=38299348
PCPI_METRIC funct3=0 rs1=74bc03e9 rs2=08098510 latency=7 wait_cycles=6 result=64f94b90
PCPI_METRIC funct3=1 rs1=74bc03e9 rs2=08098510 latency=7 wait_cycles=6 result=03aa3768
PCPI_METRIC funct3=2 rs1=74bc03e9 rs2=08098510 latency=7 wait_cycles=6 result=03aa3768
PCPI_METRIC funct3=3 rs1=74bc03e9 rs2=08098510 latency=7 wait_cycles=6 result=03aa3768
PCPI_METRIC funct3=0 rs1=6f3425de rs2=d659d0ac latency=7 wait_cycles=6 result=d3fbd128
PCPI_METRIC funct3=1 rs1=6f3425de rs2=d659d0ac latency=7 wait_cycles=6 result=ede8758f
PCPI_METRIC funct3=2 rs1=6f3425de rs2=d659d0ac latency=7 wait_cycles=6 result=5d1c9b6d
PCPI_METRIC funct3=3 rs1=6f3425de rs2=d659d0ac latency=7 wait_cycles=6 result=5d1c9b6d
PCPI_METRIC funct3=0 rs1=0498fb09 rs2=6bf823d7 latency=7 wait_cycles=6 result=ba850f8f
PCPI_METRIC funct3=1 rs1=0498fb09 rs2=6bf823d7 latency=7 wait_cycles=6 result=01f065c4
PCPI_METRIC funct3=2 rs1=0498fb09 rs2=6bf823d7 latency=7 wait_cycles=6 result=01f065c4
PCPI_METRIC funct3=3 rs1=0498fb09 rs2=6bf823d7 latency=7 wait_cycles=6 result=01f065c4
PCPI_METRIC funct3=0 rs1=30c38f61 rs2=86c8320d latency=7 wait_cycles=6 result=75b739ed
PCPI_METRIC funct3=1 rs1=30c38f61 rs2=86c8320d latency=7 wait_cycles=6 result=e8e8effc
PCPI_METRIC funct3=2 rs1=30c38f61 rs2=86c8320d latency=7 wait_cycles=6 result=19ac7f5d
PCPI_METRIC funct3=3 rs1=30c38f61 rs2=86c8320d latency=7 wait_cycles=6 result=19ac7f5d
PCPI_METRIC funct3=0 rs1=48c3b791 rs2=e9eb0ed3 latency=7 wait_cycles=6 result=28753a83
PCPI_METRIC funct3=1 rs1=48c3b791 rs2=e9eb0ed3 latency=7 wait_cycles=6 result=f9b93a62
PCPI_METRIC funct3=2 rs1=48c3b791 rs2=e9eb0ed3 latency=7 wait_cycles=6 result=427cf1f3
PCPI_METRIC funct3=3 rs1=48c3b791 rs2=e9eb0ed3 latency=7 wait_cycles=6 result=427cf1f3
PCPI_METRIC funct3=0 rs1=4d77f99a rs2=17bd872f latency=7 wait_cycles=6 result=9a590946
PCPI_METRIC funct3=1 rs1=4d77f99a rs2=17bd872f latency=7 wait_cycles=6 result=072f21e8
PCPI_METRIC funct3=2 rs1=4d77f99a rs2=17bd872f latency=7 wait_cycles=6 result=072f21e8
PCPI_METRIC funct3=3 rs1=4d77f99a rs2=17bd872f latency=7 wait_cycles=6 result=072f21e8
PCPI_METRIC funct3=0 rs1=2720634e rs2=5bd583b7 latency=7 wait_cycles=6 result=e4dde6c2
PCPI_METRIC funct3=1 rs1=2720634e rs2=5bd583b7 latency=7 wait_cycles=6 result=0e092560
PCPI_METRIC funct3=2 rs1=2720634e rs2=5bd583b7 latency=7 wait_cycles=6 result=0e092560
PCPI_METRIC funct3=3 rs1=2720634e rs2=5bd583b7 latency=7 wait_cycles=6 result=0e092560
PCPI_METRIC funct3=0 rs1=e32472c6 rs2=2ed66b5d latency=7 wait_cycles=6 result=45ba73ee
PCPI_METRIC funct3=1 rs1=e32472c6 rs2=2ed66b5d latency=7 wait_cycles=6 result=fab860fd
PCPI_METRIC funct3=2 rs1=e32472c6 rs2=2ed66b5d latency=7 wait_cycles=6 result=fab860fd
PCPI_METRIC funct3=3 rs1=e32472c6 rs2=2ed66b5d latency=7 wait_cycles=6 result=298ecc5a
PCPI_METRIC funct3=0 rs1=ce03ec9c rs2=17b47f2f latency=7 wait_cycles=6 result=26c9d4a4
PCPI_METRIC funct3=1 rs1=ce03ec9c rs2=17b47f2f latency=7 wait_cycles=6 result=fb5f1c2f
PCPI_METRIC funct3=2 rs1=ce03ec9c rs2=17b47f2f latency=7 wait_cycles=6 result=fb5f1c2f
PCPI_METRIC funct3=3 rs1=ce03ec9c rs2=17b47f2f latency=7 wait_cycles=6 result=13139b5e
PCPI_METRIC funct3=0 rs1=a22ac644 rs2=cdbf3a9b latency=7 wait_cycles=6 result=418d732c
PCPI_METRIC funct3=1 rs1=a22ac644 rs2=cdbf3a9b latency=7 wait_cycles=6 result=126b62ef
PCPI_METRIC funct3=2 rs1=a22ac644 rs2=cdbf3a9b latency=7 wait_cycles=6 result=b4962933
PCPI_METRIC funct3=3 rs1=a22ac644 rs2=cdbf3a9b latency=7 wait_cycles=6 result=825563ce
PCPI_METRIC funct3=0 rs1=b1200062 rs2=748abbe9 latency=7 wait_cycles=6 result=333bef32
PCPI_METRIC funct3=1 rs1=b1200062 rs2=748abbe9 latency=7 wait_cycles=6 result=dc17c187
PCPI_METRIC funct3=2 rs1=b1200062 rs2=748abbe9 latency=7 wait_cycles=6 result=dc17c187
PCPI_METRIC funct3=3 rs1=b1200062 rs2=748abbe9 latency=7 wait_cycles=6 result=50a27d70
PCPI_METRIC funct3=0 rs1=1747832e rs2=c690128d latency=7 wait_cycles=6 result=377c7c56
PCPI_METRIC funct3=1 rs1=1747832e rs2=c690128d latency=7 wait_cycles=6 result=fac6e631
PCPI_METRIC funct3=2 rs1=1747832e rs2=c690128d latency=7 wait_cycles=6 result=120e695f
PCPI_METRIC funct3=3 rs1=1747832e rs2=c690128d latency=7 wait_cycles=6 result=120e695f
PCPI_METRIC funct3=0 rs1=632f07c6 rs2=d51cb4aa latency=7 wait_cycles=6 result=865a617c
PCPI_METRIC funct3=1 rs1=632f07c6 rs2=d51cb4aa latency=7 wait_cycles=6 result=ef6238d5
PCPI_METRIC funct3=2 rs1=632f07c6 rs2=d51cb4aa latency=7 wait_cycles=6 result=5291409b
PCPI_METRIC funct3=3 rs1=632f07c6 rs2=d51cb4aa latency=7 wait_cycles=6 result=5291409b
PCPI_METRIC funct3=0 rs1=d01df0a0 rs2=1be8cf37 latency=7 wait_cycles=6 result=dd001260
PCPI_METRIC funct3=1 rs1=d01df0a0 rs2=1be8cf37 latency=7 wait_cycles=6 result=fac79cc0
PCPI_METRIC funct3=2 rs1=d01df0a0 rs2=1be8cf37 latency=7 wait_cycles=6 result=fac79cc0
PCPI_METRIC funct3=3 rs1=d01df0a0 rs2=1be8cf37 latency=7 wait_cycles=6 result=16b06bf7
PCPI_METRIC funct3=0 rs1=f8602ef0 rs2=f46ca8e8 latency=7 wait_cycles=6 result=c3380980
PCPI_METRIC funct3=1 rs1=f8602ef0 rs2=f46ca8e8 latency=7 wait_cycles=6 result=00584158
PCPI_METRIC funct3=2 rs1=f8602ef0 rs2=f46ca8e8 latency=7 wait_cycles=6 result=f8b87048
PCPI_METRIC funct3=3 rs1=f8602ef0 rs2=f46ca8e8 latency=7 wait_cycles=6 result=ed251930
PCPI_METRIC funct3=0 rs1=e6841ccd rs2=68cd09d1 latency=7 wait_cycles=6 result=2f07b85d
PCPI_METRIC funct3=1 rs1=e6841ccd rs2=68cd09d1 latency=7 wait_cycles=6 result=f5914284
PCPI_METRIC funct3=2 rs1=e6841ccd rs2=68cd09d1 latency=7 wait_cycles=6 result=f5914284
PCPI_METRIC funct3=3 rs1=e6841ccd rs2=68cd09d1 latency=7 wait_cycles=6 result=5e5e4c55
PCPI_METRIC funct3=0 rs1=5d8363bb rs2=eff692df latency=7 wait_cycles=6 result=cf0685e5
PCPI_METRIC funct3=1 rs1=5d8363bb rs2=eff692df latency=7 wait_cycles=6 result=fa245848
PCPI_METRIC funct3=2 rs1=5d8363bb rs2=eff692df latency=7 wait_cycles=6 result=57a7bc03
PCPI_METRIC funct3=3 rs1=5d8363bb rs2=eff692df latency=7 wait_cycles=6 result=57a7bc03
PCPI_METRIC funct3=0 rs1=3e8ed57d rs2=2c402158 latency=7 wait_cycles=6 result=c5de7ff8
PCPI_METRIC funct3=1 rs1=3e8ed57d rs2=2c402158 latency=7 wait_cycles=6 result=0ad0388c
PCPI_METRIC funct3=2 rs1=3e8ed57d rs2=2c402158 latency=7 wait_cycles=6 result=0ad0388c
PCPI_METRIC funct3=3 rs1=3e8ed57d rs2=2c402158 latency=7 wait_cycles=6 result=0ad0388c
PCPI_METRIC funct3=0 rs1=cff5509f rs2=4bac2f97 latency=7 wait_cycles=6 result=7353bec9
PCPI_METRIC funct3=1 rs1=cff5509f rs2=4bac2f97 latency=7 wait_cycles=6 result=f1cc8e82
PCPI_METRIC funct3=2 rs1=cff5509f rs2=4bac2f97 latency=7 wait_cycles=6 result=f1cc8e82
PCPI_METRIC funct3=3 rs1=cff5509f rs2=4bac2f97 latency=7 wait_cycles=6 result=3d78be19
PCPI_METRIC funct3=0 rs1=835da206 rs2=94a12e29 latency=7 wait_cycles=6 result=3ae206f6
PCPI_METRIC funct3=1 rs1=835da206 rs2=94a12e29 latency=7 wait_cycles=6 result=3446070f
PCPI_METRIC funct3=2 rs1=835da206 rs2=94a12e29 latency=7 wait_cycles=6 result=b7a3a915
PCPI_METRIC funct3=3 rs1=835da206 rs2=94a12e29 latency=7 wait_cycles=6 result=4c44d73e
PCPI_METRIC funct3=0 rs1=624b63c4 rs2=ebb0f6d7 latency=7 wait_cycles=6 result=81ef219c
PCPI_METRIC funct3=1 rs1=624b63c4 rs2=ebb0f6d7 latency=7 wait_cycles=6 result=f833c36c
PCPI_METRIC funct3=2 rs1=624b63c4 rs2=ebb0f6d7 latency=7 wait_cycles=6 result=5a7f2730
PCPI_METRIC funct3=3 rs1=624b63c4 rs2=ebb0f6d7 latency=7 wait_cycles=6 result=5a7f2730
PCPI_METRIC funct3=0 rs1=aea6d45d rs2=26c7134d latency=7 wait_cycles=6 result=cc3bc6f9
PCPI_METRIC funct3=1 rs1=aea6d45d rs2=26c7134d latency=7 wait_cycles=6 result=f3ad8112
PCPI_METRIC funct3=2 rs1=aea6d45d rs2=26c7134d latency=7 wait_cycles=6 result=f3ad8112
PCPI_METRIC funct3=3 rs1=aea6d45d rs2=26c7134d latency=7 wait_cycles=6 result=1a74945f
PCPI_METRIC funct3=0 rs1=39bfc773 rs2=bfd62a7f latency=7 wait_cycles=6 result=a3fed00d
PCPI_METRIC funct3=1 rs1=39bfc773 rs2=bfd62a7f latency=7 wait_cycles=6 result=f1869e42
PCPI_METRIC funct3=2 rs1=39bfc773 rs2=bfd62a7f latency=7 wait_cycles=6 result=2b4665b5
PCPI_METRIC funct3=3 rs1=39bfc773 rs2=bfd62a7f latency=7 wait_cycles=6 result=2b4665b5
PCPI_METRIC funct3=0 rs1=a703744e rs2=5cdc65b9 latency=7 wait_cycles=6 result=0969d25e
PCPI_METRIC funct3=1 rs1=a703744e rs2=5cdc65b9 latency=7 wait_cycles=6 result=dfb8a168
PCPI_METRIC funct3=2 rs1=a703744e rs2=5cdc65b9 latency=7 wait_cycles=6 result=dfb8a168
PCPI_METRIC funct3=3 rs1=a703744e rs2=5cdc65b9 latency=7 wait_cycles=6 result=3c950721
PCPI_METRIC funct3=0 rs1=f05d64e0 rs2=9cd6c239 latency=7 wait_cycles=6 result=1e7d35e0
PCPI_METRIC funct3=1 rs1=f05d64e0 rs2=9cd6c239 latency=7 wait_cycles=6 result=060e66ce
PCPI_METRIC funct3=2 rs1=f05d64e0 rs2=9cd6c239 latency=7 wait_cycles=6 result=f66bcbae
PCPI_METRIC funct3=3 rs1=f05d64e0 rs2=9cd6c239 latency=7 wait_cycles=6 result=93428de7
PCPI_METRIC funct3=0 rs1=40fb4f81 rs2=18fb8331 latency=7 wait_cycles=6 result=15443ab1
PCPI_METRIC funct3=1 rs1=40fb4f81 rs2=18fb8331 latency=7 wait_cycles=6 result=06576728
PCPI_METRIC funct3=2 rs1=40fb4f81 rs2=18fb8331 latency=7 wait_cycles=6 result=06576728
PCPI_METRIC funct3=3 rs1=40fb4f81 rs2=18fb8331 latency=7 wait_cycles=6 result=06576728
PCPI_METRIC funct3=0 rs1=47ebef8f rs2=7f537dfe latency=7 wait_cycles=6 result=2c6d82e2
PCPI_METRIC funct3=1 rs1=47ebef8f rs2=7f537dfe latency=7 wait_cycles=6 result=23c580bc
PCPI_METRIC funct3=2 rs1=47ebef8f rs2=7f537dfe latency=7 wait_cycles=6 result=23c580bc
PCPI_METRIC funct3=3 rs1=47ebef8f rs2=7f537dfe latency=7 wait_cycles=6 result=23c580bc
PCPI_METRIC funct3=0 rs1=aed0f05d rs2=878a880f latency=7 wait_cycles=6 result=db117d73
PCPI_METRIC funct3=1 rs1=aed0f05d rs2=878a880f latency=7 wait_cycles=6 result=26334fdf
PCPI_METRIC funct3=2 rs1=aed0f05d rs2=878a880f latency=7 wait_cycles=6 result=d504403c
PCPI_METRIC funct3=3 rs1=aed0f05d rs2=878a880f latency=7 wait_cycles=6 result=5c8ec84b
PCPI_METRIC funct3=0 rs1=199bcb33 rs2=348ed569 latency=7 wait_cycles=6 result=3341c6eb
PCPI_METRIC funct3=1 rs1=199bcb33 rs2=348ed569 latency=7 wait_cycles=6 result=0541ef0a
PCPI_METRIC funct3=2 rs1=199bcb33 rs2=348ed569 latency=7 wait_cycles=6 result=0541ef0a
PCPI_METRIC funct3=3 rs1=199bcb33 rs2=348ed569 latency=7 wait_cycles=6 result=0541ef0a
PCPI_METRIC funct3=0 rs1=2b0da556 rs2=cd57529a latency=7 wait_cycles=6 result=536501bc
PCPI_METRIC funct3=1 rs1=2b0da556 rs2=cd57529a latency=7 wait_cycles=6 result=f77af797
PCPI_METRIC funct3=2 rs1=2b0da556 rs2=cd57529a latency=7 wait_cycles=6 result=22889ced
PCPI_METRIC funct3=3 rs1=2b0da556 rs2=cd57529a latency=7 wait_cycles=6 result=22889ced
PCPI_METRIC funct3=0 rs1=2e72295c rs2=24e90749 latency=7 wait_cycles=6 result=f26b4f3c
PCPI_METRIC funct3=1 rs1=2e72295c rs2=24e90749 latency=7 wait_cycles=6 result=06b2550a
PCPI_METRIC funct3=2 rs1=2e72295c rs2=24e90749 latency=7 wait_cycles=6 result=06b2550a
PCPI_METRIC funct3=3 rs1=2e72295c rs2=24e90749 latency=7 wait_cycles=6 result=06b2550a
PCPI_METRIC funct3=0 rs1=69cd77d3 rs2=9d737a3a latency=7 wait_cycles=6 result=1e70b3ce
PCPI_METRIC funct3=1 rs1=69cd77d3 rs2=9d737a3a latency=7 wait_cycles=6 result=d745447a
PCPI_METRIC funct3=2 rs1=69cd77d3 rs2=9d737a3a latency=7 wait_cycles=6 result=4112bc4d
PCPI_METRIC funct3=3 rs1=69cd77d3 rs2=9d737a3a latency=7 wait_cycles=6 result=4112bc4d
PCPI_METRIC funct3=0 rs1=6c74f5d8 rs2=bc1c0e78 latency=7 wait_cycles=6 result=bfe50d40
PCPI_METRIC funct3=1 rs1=6c74f5d8 rs2=bc1c0e78 latency=7 wait_cycles=6 result=e33cd19e
PCPI_METRIC funct3=2 rs1=6c74f5d8 rs2=bc1c0e78 latency=7 wait_cycles=6 result=4fb1c776
PCPI_METRIC funct3=3 rs1=6c74f5d8 rs2=bc1c0e78 latency=7 wait_cycles=6 result=4fb1c776
PCPI_METRIC funct3=0 rs1=1ccb3539 rs2=92d06025 latency=7 wait_cycles=6 result=1da4113d
PCPI_METRIC funct3=1 rs1=1ccb3539 rs2=92d06025 latency=7 wait_cycles=6 result=f3b81f0d
PCPI_METRIC funct3=2 rs1=1ccb3539 rs2=92d06025 latency=7 wait_cycles=6 result=10835446
PCPI_METRIC funct3=3 rs1=1ccb3539 rs2=92d06025 latency=7 wait_cycles=6 result=10835446
PCPI_METRIC funct3=0 rs1=8496d609 rs2=ab37a856 latency=7 wait_cycles=6 result=8610cf06
PCPI_METRIC funct3=1 rs1=8496d609 rs2=ab37a856 latency=7 wait_cycles=6 result=28df1630
PCPI_METRIC funct3=2 rs1=8496d609 rs2=ab37a856 latency=7 wait_cycles=6 result=ad75ec39
PCPI_METRIC funct3=3 rs1=8496d609 rs2=ab37a856 latency=7 wait_cycles=6 result=58ad948f
PCPI_METRIC funct3=0 rs1=962c682c rs2=e99b1cd3 latency=7 wait_cycles=6 result=c0a2ac44
PCPI_METRIC funct3=1 rs1=962c682c rs2=e99b1cd3 latency=7 wait_cycles=6 result=0941e39c
PCPI_METRIC funct3=2 rs1=962c682c rs2=e99b1cd3 latency=7 wait_cycles=6 result=9f6e4bc8
PCPI_METRIC funct3=3 rs1=962c682c rs2=e99b1cd3 latency=7 wait_cycles=6 result=8909689b
PCPI_METRIC funct3=0 rs1=0d633f1a rs2=005d5100 latency=7 wait_cycles=6 result=53693a00
PCPI_METRIC funct3=1 rs1=0d633f1a rs2=005d5100 latency=7 wait_cycles=6 result=0004e14a
PCPI_METRIC funct3=2 rs1=0d633f1a rs2=005d5100 latency=7 wait_cycles=6 result=0004e14a
PCPI_METRIC funct3=3 rs1=0d633f1a rs2=005d5100 latency=7 wait_cycles=6 result=0004e14a
PCPI_METRIC funct3=0 rs1=560d5fac rs2=f4588ee8 latency=7 wait_cycles=6 result=3a501be0
PCPI_METRIC funct3=1 rs1=560d5fac rs2=f4588ee8 latency=7 wait_cycles=6 result=fc152426
PCPI_METRIC funct3=2 rs1=560d5fac rs2=f4588ee8 latency=7 wait_cycles=6 result=522283d2
PCPI_METRIC funct3=3 rs1=560d5fac rs2=f4588ee8 latency=7 wait_cycles=6 result=522283d2
PCPI_METRIC funct3=0 rs1=b66a586c rs2=d03c40a0 latency=7 wait_cycles=6 result=11e24380
PCPI_METRIC funct3=1 rs1=b66a586c rs2=d03c40a0 latency=7 wait_cycles=6 result=0dbabdc5
PCPI_METRIC funct3=2 rs1=b66a586c rs2=d03c40a0 latency=7 wait_cycles=6 result=c4251631
PCPI_METRIC funct3=3 rs1=b66a586c rs2=d03c40a0 latency=7 wait_cycles=6 result=946156d1
PCPI_METRIC funct3=0 rs1=0ecd251d rs2=68c14fd1 latency=7 wait_cycles=6 result=26cc3fad
PCPI_METRIC funct3=1 rs1=0ecd251d rs2=68c14fd1 latency=7 wait_cycles=6 result=060e845a
PCPI_METRIC funct3=2 rs1=0ecd251d rs2=68c14fd1 latency=7 wait_cycles=6 result=060e845a
PCPI_METRIC funct3=3 rs1=0ecd251d rs2=68c14fd1 latency=7 wait_cycles=6 result=060e845a
PCPI_METRIC funct3=0 rs1=006d0f00 rs2=ed4d78da latency=7 wait_cycles=6 result=fee6c600
PCPI_METRIC funct3=1 rs1=006d0f00 rs2=ed4d78da latency=7 wait_cycles=6 result=fff808e3
PCPI_METRIC funct3=2 rs1=006d0f00 rs2=ed4d78da latency=7 wait_cycles=6 result=006517e3
PCPI_METRIC funct3=3 rs1=006d0f00 rs2=ed4d78da latency=7 wait_cycles=6 result=006517e3
PCPI_METRIC funct3=0 rs1=6c1987d8 rs2=605dbbc0 latency=7 wait_cycles=6 result=12d8aa00
PCPI_METRIC funct3=1 rs1=6c1987d8 rs2=605dbbc0 latency=7 wait_cycles=6 result=28b1277f
PCPI_METRIC funct3=2 rs1=6c1987d8 rs2=605dbbc0 latency=7 wait_cycles=6 result=28b1277f
PCPI_METRIC funct3=3 rs1=6c1987d8 rs2=605dbbc0 latency=7 wait_cycles=6 result=28b1277f
PCPI_METRIC funct3=0 rs1=a6490c4c rs2=e8cfb0d1 latency=7 wait_cycles=6 result=cb8b4a0c
PCPI_METRIC funct3=1 rs1=a6490c4c rs2=e8cfb0d1 latency=7 wait_cycles=6 result=08205df2
PCPI_METRIC funct3=2 rs1=a6490c4c rs2=e8cfb0d1 latency=7 wait_cycles=6 result=ae696a3e
PCPI_METRIC funct3=3 rs1=a6490c4c rs2=e8cfb0d1 latency=7 wait_cycles=6 result=97391b0f
PCPI_METRIC funct3=0 rs1=a8bb0c51 rs2=a8e1ee51 latency=7 wait_cycles=6 result=43d333a1
PCPI_METRIC funct3=1 rs1=a8bb0c51 rs2=a8e1ee51 latency=7 wait_cycles=6 result=1db2aeec
PCPI_METRIC funct3=2 rs1=a8bb0c51 rs2=a8e1ee51 latency=7 wait_cycles=6 result=c66dbb3d
PCPI_METRIC funct3=3 rs1=a8bb0c51 rs2=a8e1ee51 latency=7 wait_cycles=6 result=6f4fa98e
PCPI_METRIC funct3=0 rs1=a2a4be45 rs2=598367b3 latency=7 wait_cycles=6 result=5c0dcd3f
PCPI_METRIC funct3=1 rs1=a2a4be45 rs2=598367b3 latency=7 wait_cycles=6 result=df5b5aa2
PCPI_METRIC funct3=2 rs1=a2a4be45 rs2=598367b3 latency=7 wait_cycles=6 result=df5b5aa2
PCPI_METRIC funct3=3 rs1=a2a4be45 rs2=598367b3 latency=7 wait_cycles=6 result=38dec255
PCPI_METRIC funct3=0 rs1=bf21067e rs2=c049c680 latency=7 wait_cycles=6 result=7576b300
PCPI_METRIC funct3=1 rs1=bf21067e rs2=c049c680 latency=7 wait_cycles=6 result=10250c7e
PCPI_METRIC funct3=2 rs1=bf21067e rs2=c049c680 latency=7 wait_cycles=6 result=cf4612fc
PCPI_METRIC funct3=3 rs1=bf21067e rs2=c049c680 latency=7 wait_cycles=6 result=8f8fd97c
PCPI_METRIC funct3=0 rs1=7e5b53fc rs2=2426d748 latency=7 wait_cycles=6 result=24a042e0
PCPI_METRIC funct3=1 rs1=7e5b53fc rs2=2426d748 latency=7 wait_cycles=6 result=11d803a0
PCPI_METRIC funct3=2 rs1=7e5b53fc rs2=2426d748 latency=7 wait_cycles=6 result=11d803a0
PCPI_METRIC funct3=3 rs1=7e5b53fc rs2=2426d748 latency=7 wait_cycles=6 result=11d803a0
PCPI_METRIC funct3=0 rs1=c0ad8081 rs2=98b4dc31 latency=7 wait_cycles=6 result=ee5874b1
PCPI_METRIC funct3=1 rs1=c0ad8081 rs2=98b4dc31 latency=7 wait_cycles=6 result=198cc752
PCPI_METRIC funct3=2 rs1=c0ad8081 rs2=98b4dc31 latency=7 wait_cycles=6 result=da3a47d3
PCPI_METRIC funct3=3 rs1=c0ad8081 rs2=98b4dc31 latency=7 wait_cycles=6 result=72ef2404
PCPI_METRIC funct3=0 rs1=53a8b5a7 rs2=41b1fd83 latency=7 wait_cycles=6 result=8a51ff75
PCPI_METRIC funct3=1 rs1=53a8b5a7 rs2=41b1fd83 latency=7 wait_cycles=6 result=1578009d
PCPI_METRIC funct3=2 rs1=53a8b5a7 rs2=41b1fd83 latency=7 wait_cycles=6 result=1578009d
PCPI_METRIC funct3=3 rs1=53a8b5a7 rs2=41b1fd83 latency=7 wait_cycles=6 result=1578009d
PCPI_METRIC funct3=0 rs1=9fc1423f rs2=00029100 latency=7 wait_cycles=6 result=fb03af00
PCPI_METRIC funct3=1 rs1=9fc1423f rs2=00029100 latency=7 wait_cycles=6 result=ffff08fe
PCPI_METRIC funct3=2 rs1=9fc1423f rs2=00029100 latency=7 wait_cycles=6 result=ffff08fe
PCPI_METRIC funct3=3 rs1=9fc1423f rs2=00029100 latency=7 wait_cycles=6 result=000199fe
PCPI_METRIC funct3=0 rs1=b2158c64 rs2=3f52937e latency=7 wait_cycles=6 result=9a408538
PCPI_METRIC funct3=1 rs1=b2158c64 rs2=3f52937e latency=7 wait_cycles=6 result=ecba2b8f
PCPI_METRIC funct3=2 rs1=b2158c64 rs2=3f52937e latency=7 wait_cycles=6 result=ecba2b8f
PCPI_METRIC funct3=3 rs1=b2158c64 rs2=3f52937e latency=7 wait_cycles=6 result=2c0cbf0d
PCPI_METRIC funct3=0 rs1=7887dff1 rs2=472dfb8e latency=7 wait_cycles=6 result=484c82ae
PCPI_METRIC funct3=1 rs1=7887dff1 rs2=472dfb8e latency=7 wait_cycles=6 result=2183556e
PCPI_METRIC funct3=2 rs1=7887dff1 rs2=472dfb8e latency=7 wait_cycles=6 result=2183556e
PCPI_METRIC funct3=3 rs1=7887dff1 rs2=472dfb8e latency=7 wait_cycles=6 result=2183556e
PCPI_METRIC funct3=0 rs1=4f234d9e rs2=742819e8 latency=7 wait_cycles=6 result=e342c530
PCPI_METRIC funct3=1 rs1=4f234d9e rs2=742819e8 latency=7 wait_cycles=6 result=23e864b1
PCPI_METRIC funct3=2 rs1=4f234d9e rs2=742819e8 latency=7 wait_cycles=6 result=23e864b1
PCPI_METRIC funct3=3 rs1=4f234d9e rs2=742819e8 latency=7 wait_cycles=6 result=23e864b1
PCPI_METRIC funct3=0 rs1=24839b49 rs2=8569fa0a latency=7 wait_cycles=6 result=90ba5ada
PCPI_METRIC funct3=1 rs1=24839b49 rs2=8569fa0a latency=7 wait_cycles=6 result=ee83e208
PCPI_METRIC funct3=2 rs1=24839b49 rs2=8569fa0a latency=7 wait_cycles=6 result=13077d51
PCPI_METRIC funct3=3 rs1=24839b49 rs2=8569fa0a latency=7 wait_cycles=6 result=13077d51
PCPI_METRIC funct3=0 rs1=2fb81b5f rs2=a8bfc851 latency=7 wait_cycles=6 result=b283e10f
PCPI_METRIC funct3=1 rs1=2fb81b5f rs2=a8bfc851 latency=7 wait_cycles=6 result=efbc764a
PCPI_METRIC funct3=2 rs1=2fb81b5f rs2=a8bfc851 latency=7 wait_cycles=6 result=1f7491a9
PCPI_METRIC funct3=3 rs1=2fb81b5f rs2=a8bfc851 latency=7 wait_cycles=6 result=1f7491a9
PCPI_METRIC funct3=0 rs1=a4d98649 rs2=92fd2825 latency=7 wait_cycles=6 result=2890d08d
PCPI_METRIC funct3=1 rs1=a4d98649 rs2=92fd2825 latency=7 wait_cycles=6 result=26d064fb
PCPI_METRIC funct3=2 rs1=a4d98649 rs2=92fd2825 latency=7 wait_cycles=6 result=cba9eb44
PCPI_METRIC funct3=3 rs1=a4d98649 rs2=92fd2825 latency=7 wait_cycles=6 result=5ea71369
PCPI_METRIC funct3=0 rs1=b64ae66c rs2=ac509c58 latency=7 wait_cycles=6 result=dfe90520
PCPI_METRIC funct3=1 rs1=b64ae66c rs2=ac509c58 latency=7 wait_cycles=6 result=181836c8
PCPI_METRIC funct3=2 rs1=b64ae66c rs2=ac509c58 latency=7 wait_cycles=6 result=ce631d34
PCPI_METRIC funct3=3 rs1=b64ae66c rs2=ac509c58 latency=7 wait_cycles=6 result=7ab3b98c
PCPI_METRIC funct3=0 rs1=af5d6c5e rs2=97dde22f latency=7 wait_cycles=6 result=aaf7e142
PCPI_METRIC funct3=1 rs1=af5d6c5e rs2=97dde22f latency=7 wait_cycles=6 result=20cccaf5
PCPI_METRIC funct3=2 rs1=af5d6c5e rs2=97dde22f latency=7 wait_cycles=6 result=d02a3753
PCPI_METRIC funct3=3 rs1=af5d6c5e rs2=97dde22f latency=7 wait_cycles=6 result=68081982
PCPI_METRIC funct3=0 rs1=c1cf5a83 rs2=13b75327 latency=7 wait_cycles=6 result=2d9442f5
PCPI_METRIC funct3=1 rs1=c1cf5a83 rs2=13b75327 latency=7 wait_cycles=6 result=fb35dabe
PCPI_METRIC funct3=2 rs1=c1cf5a83 rs2=13b75327 latency=7 wait_cycles=6 result=fb35dabe
PCPI_METRIC funct3=3 rs1=c1cf5a83 rs2=13b75327 latency=7 wait_cycles=6 result=0eed2de5
PCPI_METRIC funct3=0 rs1=6a5ddbd4 rs2=ca0e4494 latency=7 wait_cycles=6 result=ba3f6690
PCPI_METRIC funct3=1 rs1=6a5ddbd4 rs2=ca0e4494 latency=7 wait_cycles=6 result=e9962141
PCPI_METRIC funct3=2 rs1=6a5ddbd4 rs2=ca0e4494 latency=7 wait_cycles=6 result=53f3fd15
PCPI_METRIC funct3=3 rs1=6a5ddbd4 rs2=ca0e4494 latency=7 wait_cycles=6 result=53f3fd15
PCPI_METRIC funct3=0 rs1=c961e492 rs2=1e32673c latency=7 wait_cycles=6 result=566c5038
PCPI_METRIC funct3=1 rs1=c961e492 rs2=1e32673c latency=7 wait_cycles=6 result=f98eb7e1
PCPI_METRIC funct3=2 rs1=c961e492 rs2=1e32673c latency=7 wait_cycles=6 result=f98eb7e1
PCPI_METRIC funct3=3 rs1=c961e492 rs2=1e32673c latency=7 wait_cycles=6 result=17c11f1d
PCPI_METRIC funct3=0 rs1=23301b46 rs2=b7b82a6f latency=7 wait_cycles=6 result=caa54f5a
PCPI_METRIC funct3=1 rs1=23301b46 rs2=b7b82a6f latency=7 wait_cycles=6 result=f61098a1
PCPI_METRIC funct3=2 rs1=23301b46 rs2=b7b82a6f latency=7 wait_cycles=6 result=1940b3e7
PCPI_METRIC funct3=3 rs1=23301b46 rs2=b7b82a6f latency=7 wait_cycles=6 result=1940b3e7
PCPI_METRIC funct3=0 rs1=a0b3ae41 rs2=7bde15f7 latency=7 wait_cycles=6 result=220675b7
PCPI_METRIC funct3=1 rs1=a0b3ae41 rs2=7bde15f7 latency=7 wait_cycles=6 result=d1e3a85d
PCPI_METRIC funct3=2 rs1=a0b3ae41 rs2=7bde15f7 latency=7 wait_cycles=6 result=d1e3a85d
PCPI_METRIC funct3=3 rs1=a0b3ae41 rs2=7bde15f7 latency=7 wait_cycles=6 result=4dc1be54
PCPI_METRIC funct3=0 rs1=8b7c3816 rs2=39092f72 latency=7 wait_cycles=6 result=ca6303cc
PCPI_METRIC funct3=1 rs1=8b7c3816 rs2=39092f72 latency=7 wait_cycles=6 result=e60a7a42
PCPI_METRIC funct3=2 rs1=8b7c3816 rs2=39092f72 latency=7 wait_cycles=6 result=e60a7a42
PCPI_METRIC funct3=3 rs1=8b7c3816 rs2=39092f72 latency=7 wait_cycles=6 result=1f13a9b4
PCPI_METRIC funct3=0 rs1=5136a5a2 rs2=71f059e3 latency=7 wait_cycles=6 result=ccea30a6
PCPI_METRIC funct3=1 rs1=5136a5a2 rs2=71f059e3 latency=7 wait_cycles=6 result=24255edb
PCPI_METRIC funct3=2 rs1=5136a5a2 rs2=71f059e3 latency=7 wait_cycles=6 result=24255edb
PCPI_METRIC funct3=3 rs1=5136a5a2 rs2=71f059e3 latency=7 wait_cycles=6 result=24255edb
PCPI_METRIC funct3=0 rs1=c9490292 rs2=e5ceb0cb latency=7 wait_cycles=6 result=7a2569c6
PCPI_METRIC funct3=1 rs1=c9490292 rs2=e5ceb0cb latency=7 wait_cycles=6 result=05991fb1
PCPI_METRIC funct3=2 rs1=c9490292 rs2=e5ceb0cb latency=7 wait_cycles=6 result=cee22243
PCPI_METRIC funct3=3 rs1=c9490292 rs2=e5ceb0cb latency=7 wait_cycles=6 result=b4b0d30e
PCPI_METRIC funct3=0 rs1=34097568 rs2=98b4ee31 latency=7 wait_cycles=6 result=0e1628e8
PCPI_METRIC funct3=1 rs1=34097568 rs2=98b4ee31 latency=7 wait_cycles=6 result=eb00ef5f
PCPI_METRIC funct3=2 rs1=34097568 rs2=98b4ee31 latency=7 wait_cycles=6 result=1f0a64c7
PCPI_METRIC funct3=3 rs1=34097568 rs2=98b4ee31 latency=7 wait_cycles=6 result=1f0a64c7
PCPI_METRIC funct3=0 rs1=65c803cb rs2=aad1c855 latency=7 wait_cycles=6 result=f51ada67
PCPI_METRIC funct3=1 rs1=65c803cb rs2=aad1c855 latency=7 wait_cycles=6 result=de2236aa
PCPI_METRIC funct3=2 rs1=65c803cb rs2=aad1c855 latency=7 wait_cycles=6 result=43ea3a75
PCPI_METRIC funct3=3 rs1=65c803cb rs2=aad1c855 latency=7 wait_cycles=6 result=43ea3a75
PCPI_METRIC funct3=0 rs1=38a38971 rs2=2f49535e latency=7 wait_cycles=6 result=c1d51a7e
PCPI_METRIC funct3=1 rs1=38a38971 rs2=2f49535e latency=7 wait_cycles=6 result=0a763f4f
PCPI_METRIC funct3=2 rs1=38a38971 rs2=2f49535e latency=7 wait_cycles=6 result=0a763f4f
PCPI_METRIC funct3=3 rs1=38a38971 rs2=2f49535e latency=7 wait_cycles=6 result=0a763f4f
PCPI_METRIC funct3=0 rs1=e6e186cd rs2=daf356b5 latency=7 wait_cycles=6 result=87542cf1
PCPI_METRIC funct3=1 rs1=e6e186cd rs2=daf356b5 latency=7 wait_cycles=6 result=03a2a58e
PCPI_METRIC funct3=2 rs1=e6e186cd rs2=daf356b5 latency=7 wait_cycles=6 result=ea842c5b
PCPI_METRIC funct3=3 rs1=e6e186cd rs2=daf356b5 latency=7 wait_cycles=6 result=c5778310
PCPI_METRIC funct3=0 rs1=04410d08 rs2=c118be82 latency=7 wait_cycles=6 result=b1748e10
PCPI_METRIC funct3=1 rs1=04410d08 rs2=c118be82 latency=7 wait_cycles=6 result=fef4670e
PCPI_METRIC funct3=2 rs1=04410d08 rs2=c118be82 latency=7 wait_cycles=6 result=03357416
PCPI_METRIC funct3=3 rs1=04410d08 rs2=c118be82 latency=7 wait_cycles=6 result=03357416
PCPI_METRIC funct3=0 rs1=9f80983f rs2=d807f2b0 latency=7 wait_cycles=6 result=8a0d3950
PCPI_METRIC funct3=1 rs1=9f80983f rs2=d807f2b0 latency=7 wait_cycles=6 result=0f10e93f
PCPI_METRIC funct3=2 rs1=9f80983f rs2=d807f2b0 latency=7 wait_cycles=6 result=ae91817e
PCPI_METRIC funct3=3 rs1=9f80983f rs2=d807f2b0 latency=7 wait_cycles=6 result=8699742e
PCPI_METRIC funct3=0 rs1=560eefac rs2=99183032 latency=7 wait_cycles=6 result=dffb0f98
PCPI_METRIC funct3=1 rs1=560eefac rs2=99183032 latency=7 wait_cycles=6 result=dd681f2b
PCPI_METRIC funct3=2 rs1=560eefac rs2=99183032 latency=7 wait_cycles=6 result=33770ed7
PCPI_METRIC funct3=3 rs1=560eefac rs2=99183032 latency=7 wait_cycles=6 result=33770ed7
PCPI_METRIC funct3=0 rs1=029f0505 rs2=2f73fb5e latency=7 wait_cycles=6 result=0c8ebed6
PCPI_METRIC funct3=1 rs1=029f0505 rs2=2f73fb5e latency=7 wait_cycles=6 result=007c61ee
PCPI_METRIC funct3=2 rs1=029f0505 rs2=2f73fb5e latency=7 wait_cycles=6 result=007c61ee
PCPI_METRIC funct3=3 rs1=029f0505 rs2=2f73fb5e latency=7 wait_cycles=6 result=007c61ee
PCPI_METRIC funct3=0 rs1=dc16d8b8 rs2=3ec2677d latency=7 wait_cycles=6 result=73c9d9d8
PCPI_METRIC funct3=1 rs1=dc16d8b8 rs2=3ec2677d latency=7 wait_cycles=6 result=f7324348
PCPI_METRIC funct3=2 rs1=dc16d8b8 rs2=3ec2677d latency=7 wait_cycles=6 result=f7324348
PCPI_METRIC funct3=3 rs1=dc16d8b8 rs2=3ec2677d latency=7 wait_cycles=6 result=35f4aac5
PCPI_METRIC funct3=0 rs1=8511580a rs2=c6878a8d latency=7 wait_cycles=6 result=cd48e182
PCPI_METRIC funct3=1 rs1=8511580a rs2=c6878a8d latency=7 wait_cycles=6 result=1b98fbaa
PCPI_METRIC funct3=2 rs1=8511580a rs2=c6878a8d latency=7 wait_cycles=6 result=a0aa53b4
PCPI_METRIC funct3=3 rs1=8511580a rs2=c6878a8d latency=7 wait_cycles=6 result=6731de41
PCPI_METRIC funct3=0 rs1=64eb39c9 rs2=f8d3d8f1 latency=7 wait_cycles=6 result=d2ddfe39
PCPI_METRIC funct3=1 rs1=64eb39c9 rs2=f8d3d8f1 latency=7 wait_cycles=6 result=fd2c2997
PCPI_METRIC funct3=2 rs1=64eb39c9 rs2=f8d3d8f1 latency=7 wait_cycles=6 result=62176360
PCPI_METRIC funct3=3 rs1=64eb39c9 rs2=f8d3d8f1 latency=7 wait_cycles=6 result=62176360
PCPI_METRIC funct3=0 rs1=da12deb4 rs2=729a7fe5 latency=7 wait_cycles=6 result=8fa48304
PCPI_METRIC funct3=1 rs1=da12deb4 rs2=729a7fe5 latency=7 wait_cycles=6 result=ef058393
PCPI_METRIC funct3=2 rs1=da12deb4 rs2=729a7fe5 latency=7 wait_cycles=6 result=ef058393
PCPI_METRIC funct3=3 rs1=da12deb4 rs2=729a7fe5 latency=7 wait_cycles=6 result=61a00378
PCPI_METRIC funct3=0 rs1=1a133934 rs2=11c6c523 latency=7 wait_cycles=6 result=0dddd61c
PCPI_METRIC funct3=1 rs1=1a133934 rs2=11c6c523 latency=7 wait_cycles=6 result=01cf85bf
PCPI_METRIC funct3=2 rs1=1a133934 rs2=11c6c523 latency=7 wait_cycles=6 result=01cf85bf
PCPI_METRIC funct3=3 rs1=1a133934 rs2=11c6c523 latency=7 wait_cycles=6 result=01cf85bf
PCPI_METRIC funct3=0 rs1=1691a32d rs2=18e87131 latency=7 wait_cycles=6 result=b3af189d
PCPI_METRIC funct3=1 rs1=1691a32d rs2=18e87131 latency=7 wait_cycles=6 result=02322542
PCPI_METRIC funct3=2 rs1=1691a32d rs2=18e87131 latency=7 wait_cycles=6 result=02322542
PCPI_METRIC funct3=3 rs1=1691a32d rs2=18e87131 latency=7 wait_cycles=6 result=02322542
PCPI_METRIC funct3=0 rs1=2f36c55e rs2=5a0f27b4 latency=7 wait_cycles=6 result=27161818
PCPI_METRIC funct3=1 rs1=2f36c55e rs2=5a0f27b4 latency=7 wait_cycles=6 result=109c0ceb
PCPI_METRIC funct3=2 rs1=2f36c55e rs2=5a0f27b4 latency=7 wait_cycles=6 result=109c0ceb
PCPI_METRIC funct3=3 rs1=2f36c55e rs2=5a0f27b4 latency=7 wait_cycles=6 result=109c0ceb
PCPI_METRIC funct3=0 rs1=073a730e rs2=322cc164 latency=7 wait_cycles=6 result=65fa7f78
PCPI_METRIC funct3=1 rs1=073a730e rs2=322cc164 latency=7 wait_cycles=6 result=016aadfa
PCPI_METRIC funct3=2 rs1=073a730e rs2=322cc164 latency=7 wait_cycles=6 result=016aadfa
PCPI_METRIC funct3=3 rs1=073a730e rs2=322cc164 latency=7 wait_cycles=6 result=016aadfa
PCPI_METRIC funct3=0 rs1=320a8b64 rs2=2416b948 latency=7 wait_cycles=6 result=bc4a7820
PCPI_METRIC funct3=1 rs1=320a8b64 rs2=2416b948 latency=7 wait_cycles=6 result=070decb9
PCPI_METRIC funct3=2 rs1=320a8b64 rs2=2416b948 latency=7 wait_cycles=6 result=070decb9
PCPI_METRIC funct3=3 rs1=320a8b64 rs2=2416b948 latency=7 wait_cycles=6 result=070decb9
PCPI_METRIC funct3=0 rs1=c544d88a rs2=4dfe879b latency=7 wait_cycles=6 result=19cbe18e
PCPI_METRIC funct3=1 rs1=c544d88a rs2=4dfe879b latency=7 wait_cycles=6 result=ee1b5054
PCPI_METRIC funct3=2 rs1=c544d88a rs2=4dfe879b latency=7 wait_cycles=6 result=ee1b5054
PCPI_METRIC funct3=3 rs1=c544d88a rs2=4dfe879b latency=7 wait_cycles=6 result=3c19d7ef
PCPI_METRIC funct3=0 rs1=e6fbf4cd rs2=b5f8fa6b latency=7 wait_cycles=6 result=aff783af
PCPI_METRIC funct3=1 rs1=e6fbf4cd rs2=b5f8fa6b latency=7 wait_cycles=6 result=073bdae4
PCPI_METRIC funct3=2 rs1=e6fbf4cd rs2=b5f8fa6b latency=7 wait_cycles=6 result=ee37cfb1
PCPI_METRIC funct3=3 rs1=e6fbf4cd rs2=b5f8fa6b latency=7 wait_cycles=6 result=a430ca1c
PCPI_METRIC funct3=0 rs1=55ff23ab rs2=f1eca2e3 latency=7 wait_cycles=6 result=9272d6a1
PCPI_METRIC funct3=1 rs1=55ff23ab rs2=f1eca2e3 latency=7 wait_cycles=6 result=fb458ad5
PCPI_METRIC funct3=2 rs1=55ff23ab rs2=f1eca2e3 latency=7 wait_cycles=6 result=5144ae80
PCPI_METRIC funct3=3 rs1=55ff23ab rs2=f1eca2e3 latency=7 wait_cycles=6 result=5144ae80
PCPI_METRIC funct3=0 rs1=5e9d2fbd rs2=ecff24d9 latency=7 wait_cycles=6 result=17370b35
PCPI_METRIC funct3=1 rs1=5e9d2fbd rs2=ecff24d9 latency=7 wait_cycles=6 result=f8fa0476
PCPI_METRIC funct3=2 rs1=5e9d2fbd rs2=ecff24d9 latency=7 wait_cycles=6 result=57973433
PCPI_METRIC funct3=3 rs1=5e9d2fbd rs2=ecff24d9 latency=7 wait_cycles=6 result=57973433
PCPI_METRIC funct3=0 rs1=e11a58c2 rs2=f059ace0 latency=7 wait_cycles=6 result=662201c0
PCPI_METRIC funct3=1 rs1=e11a58c2 rs2=f059ace0 latency=7 wait_cycles=6 result=01e387bf
PCPI_METRIC funct3=2 rs1=e11a58c2 rs2=f059ace0 latency=7 wait_cycles=6 result=e2fde081
PCPI_METRIC funct3=3 rs1=e11a58c2 rs2=f059ace0 latency=7 wait_cycles=6 result=d3578d61
PCPI_METRIC funct3=0 rs1=afd1265f rs2=8edc361d latency=7 wait_cycles=6 result=b46d62c3
PCPI_METRIC funct3=1 rs1=afd1265f rs2=8edc361d latency=7 wait_cycles=6 result=236fe3b3
PCPI_METRIC funct3=2 rs1=afd1265f rs2=8edc361d latency=7 wait_cycles=6 result=d3410a12
PCPI_METRIC funct3=3 rs1=afd1265f rs2=8edc361d latency=7 wait_cycles=6 result=621d402f
PCPI_METRIC funct3=0 rs1=c9b64c93 rs2=13180326 latency=7 wait_cycles=6 result=2abd16d2
PCPI_METRIC funct3=1 rs1=c9b64c93 rs2=13180326 latency=7 wait_cycles=6 result=fbf3701b
PCPI_METRIC funct3=2 rs1=c9b64c93 rs2=13180326 latency=7 wait_cycles=6 result=fbf3701b
PCPI_METRIC funct3=3 rs1=c9b64c93 rs2=13180326 latency=7 wait_cycles=6 result=0f0b7341
PCPI_METRIC funct3=0 rs1=82b78605 rs2=84a8e809 latency=7 wait_cycles=6 result=71303e2d
PCPI_METRIC funct3=1 rs1=82b78605 rs2=84a8e809 latency=7 wait_cycles=6 result=3c5c71f7
PCPI_METRIC funct3=2 rs1=82b78605 rs2=84a8e809 latency=7 wait_cycles=6 result=bf13f7fc
PCPI_METRIC funct3=3 rs1=82b78605 rs2=84a8e809 latency=7 wait_cycles=6 result=43bce005
PCPI_METRIC funct3=0 rs1=b62d846c rs2=b5c5c06b latency=7 wait_cycles=6 result=8b735924
PCPI_METRIC funct3=1 rs1=b62d846c rs2=b5c5c06b latency=7 wait_cycles=6 result=1567a3be
PCPI_METRIC funct3=2 rs1=b62d846c rs2=b5c5c06b latency=7 wait_cycles=6 result=cb95282a
PCPI_METRIC funct3=3 rs1=b62d846c rs2=b5c5c06b latency=7 wait_cycles=6 result=815ae895
PCPI_METRIC funct3=0 rs1=5858bdb0 rs2=fb9fb8f7 latency=7 wait_cycles=6 result=664584d0
PCPI_METRIC funct3=1 rs1=5858bdb0 rs2=fb9fb8f7 latency=7 wait_cycles=6 result=fe7d633e
PCPI_METRIC funct3=2 rs1=5858bdb0 rs2=fb9fb8f7 latency=7 wait_cycles=6 result=56d620ee
PCPI_METRIC funct3=3 rs1=5858bdb0 rs2=fb9fb8f7 latency=7 wait_cycles=6 result=56d620ee
PCPI_METRIC funct3=0 rs1=52a151a5 rs2=abe8c057 latency=7 wait_cycles=6 result=46967f13
PCPI_METRIC funct3=1 rs1=52a151a5 rs2=abe8c057 latency=7 wait_cycles=6 result=e4db902b
PCPI_METRIC funct3=2 rs1=52a151a5 rs2=abe8c057 latency=7 wait_cycles=6 result=377ce1d0
PCPI_METRIC funct3=3 rs1=52a151a5 rs2=abe8c057 latency=7 wait_cycles=6 result=377ce1d0
PCPI_METRIC funct3=0 rs1=3b11f376 rs2=2798e34f latency=7 wait_cycles=6 result=ad7bc36a
PCPI_METRIC funct3=1 rs1=3b11f376 rs2=2798e34f latency=7 wait_cycles=6 result=09230332
PCPI_METRIC funct3=2 rs1=3b11f376 rs2=2798e34f latency=7 wait_cycles=6 result=09230332
PCPI_METRIC funct3=3 rs1=3b11f376 rs2=2798e34f latency=7 wait_cycles=6 result=09230332
PCPI_METRIC funct3=0 rs1=5a45bdb4 rs2=8ecaa21d latency=7 wait_cycles=6 result=e3fa6564
PCPI_METRIC funct3=1 rs1=5a45bdb4 rs2=8ecaa21d latency=7 wait_cycles=6 result=d81465b7
PCPI_METRIC funct3=2 rs1=5a45bdb4 rs2=8ecaa21d latency=7 wait_cycles=6 result=325a236b
PCPI_METRIC funct3=3 rs1=5a45bdb4 rs2=8ecaa21d latency=7 wait_cycles=6 result=325a236b
PCPI_METRIC funct3=0 rs1=43c11587 rs2=23466346 latency=7 wait_cycles=6 result=8a0917ea
PCPI_METRIC funct3=1 rs1=43c11587 rs2=23466346 latency=7 wait_cycles=6 result=09560703
PCPI_METRIC funct3=2 rs1=43c11587 rs2=23466346 latency=7 wait_cycles=6 result=09560703
PCPI_METRIC funct3=3 rs1=43c11587 rs2=23466346 latency=7 wait_cycles=6 result=09560703
PCPI_METRIC funct3=0 rs1=336d9366 rs2=4f14c19e latency=7 wait_cycles=6 result=57b8def4
PCPI_METRIC funct3=1 rs1=336d9366 rs2=4f14c19e latency=7 wait_cycles=6 result=0fe2fbf1
PCPI_METRIC funct3=2 rs1=336d9366 rs2=4f14c19e latency=7 wait_cycles=6 result=0fe2fbf1
PCPI_METRIC funct3=3 rs1=336d9366 rs2=4f14c19e latency=7 wait_cycles=6 result=0fe2fbf1
[6] Progress: 600/1000 groups
PCPI_METRIC funct3=0 rs1=1fb0d13f rs2=2a2ff554 latency=7 wait_cycles=6 result=5ed6f3ac
PCPI_METRIC funct3=1 rs1=1fb0d13f rs2=2a2ff554 latency=7 wait_cycles=6 result=0538f229
PCPI_METRIC funct3=2 rs1=1fb0d13f rs2=2a2ff554 latency=7 wait_cycles=6 result=0538f229
PCPI_METRIC funct3=3 rs1=1fb0d13f rs2=2a2ff554 latency=7 wait_cycles=6 result=0538f229
PCPI_METRIC funct3=0 rs1=2a565f54 rs2=a62c344c latency=7 wait_cycles=6 result=f7715cf0
PCPI_METRIC funct3=1 rs1=2a565f54 rs2=a62c344c latency=7 wait_cycles=6 result=f124f1fa
PCPI_METRIC funct3=2 rs1=2a565f54 rs2=a62c344c latency=7 wait_cycles=6 result=1b7b514e
PCPI_METRIC funct3=3 rs1=2a565f54 rs2=a62c344c latency=7 wait_cycles=6 result=1b7b514e
PCPI_METRIC funct3=0 rs1=83449006 rs2=286f1350 latency=7 wait_cycles=6 result=7eb773e0
PCPI_METRIC funct3=1 rs1=83449006 rs2=286f1350 latency=7 wait_cycles=6 result=ec4c97d2
PCPI_METRIC funct3=2 rs1=83449006 rs2=286f1350 latency=7 wait_cycles=6 result=ec4c97d2
PCPI_METRIC funct3=3 rs1=83449006 rs2=286f1350 latency=7 wait_cycles=6 result=14bbab22
PCPI_METRIC funct3=0 rs1=16b46d2d rs2=c34ddc86 latency=7 wait_cycles=6 result=0dccd18e
PCPI_METRIC funct3=1 rs1=16b46d2d rs2=c34ddc86 latency=7 wait_cycles=6 result=fa9de9d0
PCPI_METRIC funct3=2 rs1=16b46d2d rs2=c34ddc86 latency=7 wait_cycles=6 result=115256fd
PCPI_METRIC funct3=3 rs1=16b46d2d rs2=c34ddc86 latency=7 wait_cycles=6 result=115256fd
PCPI_METRIC funct3=0 rs1=3564836a rs2=5c2afdb8 latency=7 wait_cycles=6 result=5d823630
PCPI_METRIC funct3=1 rs1=3564836a rs2=5c2afdb8 latency=7 wait_cycles=6 result=133916a2
PCPI_METRIC funct3=2 rs1=3564836a rs2=5c2afdb8 latency=7 wait_cycles=6 result=133916a2
PCPI_METRIC funct3=3 rs1=3564836a rs2=5c2afdb8 latency=7 wait_cycles=6 result=133916a2
PCPI_METRIC funct3=0 rs1=f7fecaef rs2=506a57a0 latency=7 wait_cycles=6 result=4d2c0e60
PCPI_METRIC funct3=1 rs1=f7fecaef rs2=506a57a0 latency=7 wait_cycles=6 result=fd7c4c2d
PCPI_METRIC funct3=2 rs1=f7fecaef rs2=506a57a0 latency=7 wait_cycles=6 result=fd7c4c2d
PCPI_METRIC funct3=3 rs1=f7fecaef rs2=506a57a0 latency=7 wait_cycles=6 result=4de6a3cd
PCPI_METRIC funct3=0 rs1=1fa98f3f rs2=84d4aa09 latency=7 wait_cycles=6 result=d241df37
PCPI_METRIC funct3=1 rs1=1fa98f3f rs2=84d4aa09 latency=7 wait_cycles=6 result=f0c42c0f
PCPI_METRIC funct3=2 rs1=1fa98f3f rs2=84d4aa09 latency=7 wait_cycles=6 result=106dbb4e
PCPI_METRIC funct3=3 rs1=1fa98f3f rs2=84d4aa09 latency=7 wait_cycles=6 result=106dbb4e
PCPI_METRIC funct3=0 rs1=d47b42a8 rs2=aac1fa55 latency=7 wait_cycles=6 result=bcad31c8
PCPI_METRIC funct3=1 rs1=d47b42a8 rs2=aac1fa55 latency=7 wait_cycles=6 result=0e7d9dfa
PCPI_METRIC funct3=2 rs1=d47b42a8 rs2=aac1fa55 latency=7 wait_cycles=6 result=e2f8e0a2
PCPI_METRIC funct3=3 rs1=d47b42a8 rs2=aac1fa55 latency=7 wait_cycles=6 result=8dbadaf7
PCPI_METRIC funct3=0 rs1=8f49661e rs2=dc22dcb8 latency=7 wait_cycles=6 result=687f2d90
PCPI_METRIC funct3=1 rs1=8f49661e rs2=dc22dcb8 latency=7 wait_cycles=6 result=0fca5435
PCPI_METRIC funct3=2 rs1=8f49661e rs2=dc22dcb8 latency=7 wait_cycles=6 result=9f13ba53
PCPI_METRIC funct3=3 rs1=8f49661e rs2=dc22dcb8 latency=7 wait_cycles=6 result=7b36970b
PCPI_METRIC funct3=0 rs1=e70a62ce rs2=eb40e6d6 latency=7 wait_cycles=6 result=44f3ac34
PCPI_METRIC funct3=1 rs1=e70a62ce rs2=eb40e6d6 latency=7 wait_cycles=6 result=0205d1fc
PCPI_METRIC funct3=2 rs1=e70a62ce rs2=eb40e6d6 latency=7 wait_cycles=6 result=e91034ca
PCPI_METRIC funct3=3 rs1=e70a62ce rs2=eb40e6d6 latency=7 wait_cycles=6 result=d4511ba0
PCPI_METRIC funct3=0 rs1=92c27025 rs2=d4ce0aa9 latency=7 wait_cycles=6 result=5c837a6d
PCPI_METRIC funct3=1 rs1=92c27025 rs2=d4ce0aa9 latency=7 wait_cycles=6 result=126ea8a3
PCPI_METRIC funct3=2 rs1=92c27025 rs2=d4ce0aa9 latency=7 wait_cycles=6 result=a53118c8
PCPI_METRIC funct3=3 rs1=92c27025 rs2=d4ce0aa9 latency=7 wait_cycles=6 result=79ff2371
PCPI_METRIC funct3=0 rs1=e7b374cf rs2=1a9af535 latency=7 wait_cycles=6 result=017749db
PCPI_METRIC funct3=1 rs1=e7b374cf rs2=1a9af535 latency=7 wait_cycles=6 result=fd79848b
PCPI_METRIC funct3=2 rs1=e7b374cf rs2=1a9af535 latency=7 wait_cycles=6 result=fd79848b
PCPI_METRIC funct3=3 rs1=e7b374cf rs2=1a9af535 latency=7 wait_cycles=6 result=181479c0
PCPI_METRIC funct3=0 rs1=2047dd40 rs2=5b0c73b6 latency=7 wait_cycles=6 result=5a7b0b80
PCPI_METRIC funct3=1 rs1=2047dd40 rs2=5b0c73b6 latency=7 wait_cycles=6 result=0b7b1d9b
PCPI_METRIC funct3=2 rs1=2047dd40 rs2=5b0c73b6 latency=7 wait_cycles=6 result=0b7b1d9b
PCPI_METRIC funct3=3 rs1=2047dd40 rs2=5b0c73b6 latency=7 wait_cycles=6 result=0b7b1d9b
PCPI_METRIC funct3=0 rs1=faf084f5 rs2=ad27c45a latency=7 wait_cycles=6 result=30ad5222
PCPI_METRIC funct3=1 rs1=faf084f5 rs2=ad27c45a latency=7 wait_cycles=6 result=01a33ba7
PCPI_METRIC funct3=2 rs1=faf084f5 rs2=ad27c45a latency=7 wait_cycles=6 result=fc93c09c
PCPI_METRIC funct3=3 rs1=faf084f5 rs2=ad27c45a latency=7 wait_cycles=6 result=a9bb84f6
PCPI_METRIC funct3=0 rs1=70ed97e1 rs2=12ce1125 latency=7 wait_cycles=6 result=227ae485
PCPI_METRIC funct3=1 rs1=70ed97e1 rs2=12ce1125 latency=7 wait_cycles=6 result=084b9b6e
PCPI_METRIC funct3=2 rs1=70ed97e1 rs2=12ce1125 latency=7 wait_cycles=6 result=084b9b6e
PCPI_METRIC funct3=3 rs1=70ed97e1 rs2=12ce1125 latency=7 wait_cycles=6 result=084b9b6e
PCPI_METRIC funct3=0 rs1=93ba6027 rs2=227eb144 latency=7 wait_cycles=6 result=9b2e815c
PCPI_METRIC funct3=1 rs1=93ba6027 rs2=227eb144 latency=7 wait_cycles=6 result=f1692b87
PCPI_METRIC funct3=2 rs1=93ba6027 rs2=227eb144 latency=7 wait_cycles=6 result=f1692b87
PCPI_METRIC funct3=3 rs1=93ba6027 rs2=227eb144 latency=7 wait_cycles=6 result=13e7dccb
PCPI_METRIC funct3=0 rs1=bc944679 rs2=cfb89e9f latency=7 wait_cycles=6 result=218e7327
PCPI_METRIC funct3=1 rs1=bc944679 rs2=cfb89e9f latency=7 wait_cycles=6 result=0cb6ff4f
PCPI_METRIC funct3=2 rs1=bc944679 rs2=cfb89e9f latency=7 wait_cycles=6 result=c94b45c8
PCPI_METRIC funct3=3 rs1=bc944679 rs2=cfb89e9f latency=7 wait_cycles=6 result=9903e467
PCPI_METRIC funct3=0 rs1=545493a8 rs2=64d2d3c9 latency=7 wait_cycles=6 result=abeb66e8
PCPI_METRIC funct3=1 rs1=545493a8 rs2=64d2d3c9 latency=7 wait_cycles=6 result=21367cd2
PCPI_METRIC funct3=2 rs1=545493a8 rs2=64d2d3c9 latency=7 wait_cycles=6 result=21367cd2
PCPI_METRIC funct3=3 rs1=545493a8 rs2=64d2d3c9 latency=7 wait_cycles=6 result=21367cd2
PCPI_METRIC funct3=0 rs1=42955d85 rs2=42e39d85 latency=7 wait_cycles=6 result=68e32719
PCPI_METRIC funct3=1 rs1=42955d85 rs2=42e39d85 latency=7 wait_cycles=6 result=1165b586
PCPI_METRIC funct3=2 rs1=42955d85 rs2=42e39d85 latency=7 wait_cycles=6 result=1165b586
PCPI_METRIC funct3=3 rs1=42955d85 rs2=42e39d85 latency=7 wait_cycles=6 result=1165b586
PCPI_METRIC funct3=0 rs1=b9d96873 rs2=440f0988 latency=7 wait_cycles=6 result=0ae88818
PCPI_METRIC funct3=1 rs1=b9d96873 rs2=440f0988 latency=7 wait_cycles=6 result=ed59a0df
PCPI_METRIC funct3=2 rs1=b9d96873 rs2=440f0988 latency=7 wait_cycles=6 result=ed59a0df
PCPI_METRIC funct3=3 rs1=b9d96873 rs2=440f0988 latency=7 wait_cycles=6 result=3168aa67
PCPI_METRIC funct3=0 rs1=4b2f0596 rs2=9a544234 latency=7 wait_cycles=6 result=7635ce78
PCPI_METRIC funct3=1 rs1=4b2f0596 rs2=9a544234 latency=7 wait_cycles=6 result=e22402a5
PCPI_METRIC funct3=2 rs1=4b2f0596 rs2=9a544234 latency=7 wait_cycles=6 result=2d53083b
PCPI_METRIC funct3=3 rs1=4b2f0596 rs2=9a544234 latency=7 wait_cycles=6 result=2d53083b
PCPI_METRIC funct3=0 rs1=1e85ed3d rs2=28b1f151 latency=7 wait_cycles=6 result=4be37d4d
PCPI_METRIC funct3=1 rs1=1e85ed3d rs2=28b1f151 latency=7 wait_cycles=6 result=04da2470
PCPI_METRIC funct3=2 rs1=1e85ed3d rs2=28b1f151 latency=7 wait_cycles=6 result=04da2470
PCPI_METRIC funct3=3 rs1=1e85ed3d rs2=28b1f151 latency=7 wait_cycles=6 result=04da2470
PCPI_METRIC funct3=0 rs1=8db0281b rs2=8e39901c latency=7 wait_cycles=6 result=7dd692f4
PCPI_METRIC funct3=1 rs1=8db0281b rs2=8e39901c latency=7 wait_cycles=6 result=32cdda03
PCPI_METRIC funct3=2 rs1=8db0281b rs2=8e39901c latency=7 wait_cycles=6 result=c07e021e
PCPI_METRIC funct3=3 rs1=8db0281b rs2=8e39901c latency=7 wait_cycles=6 result=4eb7923a
PCPI_METRIC funct3=0 rs1=5ec5ebbd rs2=da69e2b4 latency=7 wait_cycles=6 result=ffcb9ae4
PCPI_METRIC funct3=1 rs1=5ec5ebbd rs2=da69e2b4 latency=7 wait_cycles=6 result=f215d21c
PCPI_METRIC funct3=2 rs1=5ec5ebbd rs2=da69e2b4 latency=7 wait_cycles=6 result=50dbbdd9
PCPI_METRIC funct3=3 rs1=5ec5ebbd rs2=da69e2b4 latency=7 wait_cycles=6 result=50dbbdd9
PCPI_METRIC funct3=0 rs1=2764754e rs2=17e83f2f latency=7 wait_cycles=6 result=44ffbb52
PCPI_METRIC funct3=1 rs1=2764754e rs2=17e83f2f latency=7 wait_cycles=6 result=03adc34d
PCPI_METRIC funct3=2 rs1=2764754e rs2=17e83f2f latency=7 wait_cycles=6 result=03adc34d
PCPI_METRIC funct3=3 rs1=2764754e rs2=17e83f2f latency=7 wait_cycles=6 result=03adc34d
PCPI_METRIC funct3=0 rs1=2cfff159 rs2=f670fcec latency=7 wait_cycles=6 result=8a761a0c
PCPI_METRIC funct3=1 rs1=2cfff159 rs2=f670fcec latency=7 wait_cycles=6 result=fe51dd01
PCPI_METRIC funct3=2 rs1=2cfff159 rs2=f670fcec latency=7 wait_cycles=6 result=2b51ce5a
PCPI_METRIC funct3=3 rs1=2cfff159 rs2=f670fcec latency=7 wait_cycles=6 result=2b51ce5a
PCPI_METRIC funct3=0 rs1=0f40551e rs2=ce96ca9d latency=7 wait_cycles=6 result=2131df66
PCPI_METRIC funct3=1 rs1=0f40551e rs2=ce96ca9d latency=7 wait_cycles=6 result=fd0e6b24
PCPI_METRIC funct3=2 rs1=0f40551e rs2=ce96ca9d latency=7 wait_cycles=6 result=0c4ec042
PCPI_METRIC funct3=3 rs1=0f40551e rs2=ce96ca9d latency=7 wait_cycles=6 result=0c4ec042
PCPI_METRIC funct3=0 rs1=e02148c0 rs2=71a919e3 latency=7 wait_cycles=6 result=c45e4240
PCPI_METRIC funct3=1 rs1=e02148c0 rs2=71a919e3 latency=7 wait_cycles=6 result=f1d9a3dc
PCPI_METRIC funct3=2 rs1=e02148c0 rs2=71a919e3 latency=7 wait_cycles=6 result=f1d9a3dc
PCPI_METRIC funct3=3 rs1=e02148c0 rs2=71a919e3 latency=7 wait_cycles=6 result=6382bdbf
PCPI_METRIC funct3=0 rs1=b24cf664 rs2=a5d9704b latency=7 wait_cycles=6 result=371bef4c
PCPI_METRIC funct3=1 rs1=b24cf664 rs2=a5d9704b latency=7 wait_cycles=6 result=1b5ca592
PCPI_METRIC funct3=2 rs1=b24cf664 rs2=a5d9704b latency=7 wait_cycles=6 result=cda99bf6
PCPI_METRIC funct3=3 rs1=b24cf664 rs2=a5d9704b latency=7 wait_cycles=6 result=73830c41
PCPI_METRIC funct3=0 rs1=48e9ff91 rs2=4277d784 latency=7 wait_cycles=6 result=4cb18dc4
PCPI_METRIC funct3=1 rs1=48e9ff91 rs2=4277d784 latency=7 wait_cycles=6 result=12ee760b
PCPI_METRIC funct3=2 rs1=48e9ff91 rs2=4277d784 latency=7 wait_cycles=6 result=12ee760b
PCPI_METRIC funct3=3 rs1=48e9ff91 rs2=4277d784 latency=7 wait_cycles=6 result=12ee760b
PCPI_METRIC funct3=0 rs1=24d44749 rs2=89de2c13 latency=7 wait_cycles=6 result=1a4fd66b
PCPI_METRIC funct3=1 rs1=24d44749 rs2=89de2c13 latency=7 wait_cycles=6 result=ef01494a
PCPI_METRIC funct3=2 rs1=24d44749 rs2=89de2c13 latency=7 wait_cycles=6 result=13d59093
PCPI_METRIC funct3=3 rs1=24d44749 rs2=89de2c13 latency=7 wait_cycles=6 result=13d59093
PCPI_METRIC funct3=0 rs1=d9f8e0b3 rs2=0e62911c latency=7 wait_cycles=6 result=9d03f694
PCPI_METRIC funct3=1 rs1=d9f8e0b3 rs2=0e62911c latency=7 wait_cycles=6 result=fddcf801
PCPI_METRIC funct3=2 rs1=d9f8e0b3 rs2=0e62911c latency=7 wait_cycles=6 result=fddcf801
PCPI_METRIC funct3=3 rs1=d9f8e0b3 rs2=0e62911c latency=7 wait_cycles=6 result=0c3f891d
PCPI_METRIC funct3=0 rs1=144ced28 rs2=1568bb2a latency=7 wait_cycles=6 result=261b2090
PCPI_METRIC funct3=1 rs1=144ced28 rs2=1568bb2a latency=7 wait_cycles=6 result=01b29d8c
PCPI_METRIC funct3=2 rs1=144ced28 rs2=1568bb2a latency=7 wait_cycles=6 result=01b29d8c
PCPI_METRIC funct3=3 rs1=144ced28 rs2=1568bb2a latency=7 wait_cycles=6 result=01b29d8c
PCPI_METRIC funct3=0 rs1=2e97795d rs2=776a61ee latency=7 wait_cycles=6 result=31511176
PCPI_METRIC funct3=1 rs1=2e97795d rs2=776a61ee latency=7 wait_cycles=6 result=15bbc5f5
PCPI_METRIC funct3=2 rs1=2e97795d rs2=776a61ee latency=7 wait_cycles=6 result=15bbc5f5
PCPI_METRIC funct3=3 rs1=2e97795d rs2=776a61ee latency=7 wait_cycles=6 result=15bbc5f5
PCPI_METRIC funct3=0 rs1=66065bcc rs2=5d8e95bb latency=7 wait_cycles=6 result=413aca04
PCPI_METRIC funct3=1 rs1=66065bcc rs2=5d8e95bb latency=7 wait_cycles=6 result=2549228c
PCPI_METRIC funct3=2 rs1=66065bcc rs2=5d8e95bb latency=7 wait_cycles=6 result=2549228c
PCPI_METRIC funct3=3 rs1=66065bcc rs2=5d8e95bb latency=7 wait_cycles=6 result=2549228c
PCPI_METRIC funct3=0 rs1=bc461478 rs2=652825ca latency=7 wait_cycles=6 result=3b017eb0
PCPI_METRIC funct3=1 rs1=bc461478 rs2=652825ca latency=7 wait_cycles=6 result=e53d0707
PCPI_METRIC funct3=2 rs1=bc461478 rs2=652825ca latency=7 wait_cycles=6 result=e53d0707
PCPI_METRIC funct3=3 rs1=bc461478 rs2=652825ca latency=7 wait_cycles=6 result=4a652cd1
PCPI_METRIC funct3=0 rs1=2e94b75d rs2=8f32fa1e latency=7 wait_cycles=6 result=73a84ee6
PCPI_METRIC funct3=1 rs1=2e94b75d rs2=8f32fa1e latency=7 wait_cycles=6 result=eb79a19e
PCPI_METRIC funct3=2 rs1=2e94b75d rs2=8f32fa1e latency=7 wait_cycles=6 result=1a0e58fb
PCPI_METRIC funct3=3 rs1=2e94b75d rs2=8f32fa1e latency=7 wait_cycles=6 result=1a0e58fb
PCPI_METRIC funct3=0 rs1=3b07bd76 rs2=65a879cb latency=7 wait_cycles=6 result=5b200292
PCPI_METRIC funct3=1 rs1=3b07bd76 rs2=65a879cb latency=7 wait_cycles=6 result=1770e6e9
PCPI_METRIC funct3=2 rs1=3b07bd76 rs2=65a879cb latency=7 wait_cycles=6 result=1770e6e9
PCPI_METRIC funct3=3 rs1=3b07bd76 rs2=65a879cb latency=7 wait_cycles=6 result=1770e6e9
PCPI_METRIC funct3=0 rs1=6dfcf1db rs2=da42e4b4 latency=7 wait_cycles=6 result=75b719fc
PCPI_METRIC funct3=1 rs1=6dfcf1db rs2=da42e4b4 latency=7 wait_cycles=6 result=efc93192
PCPI_METRIC funct3=2 rs1=6dfcf1db rs2=da42e4b4 latency=7 wait_cycles=6 result=5dc6236d
PCPI_METRIC funct3=3 rs1=6dfcf1db rs2=da42e4b4 latency=7 wait_cycles=6 result=5dc6236d
PCPI_METRIC funct3=0 rs1=106e4320 rs2=0207bb04 latency=7 wait_cycles=6 result=e2a16c80
PCPI_METRIC funct3=1 rs1=106e4320 rs2=0207bb04 latency=7 wait_cycles=6 result=00215b8a
PCPI_METRIC funct3=2 rs1=106e4320 rs2=0207bb04 latency=7 wait_cycles=6 result=00215b8a
PCPI_METRIC funct3=3 rs1=106e4320 rs2=0207bb04 latency=7 wait_cycles=6 result=00215b8a
PCPI_METRIC funct3=0 rs1=bca0b279 rs2=e6b110cd latency=7 wait_cycles=6 result=337f7ae5
PCPI_METRIC funct3=1 rs1=bca0b279 rs2=e6b110cd latency=7 wait_cycles=6 result=06a9148f
PCPI_METRIC funct3=2 rs1=bca0b279 rs2=e6b110cd latency=7 wait_cycles=6 result=c349c708
PCPI_METRIC funct3=3 rs1=bca0b279 rs2=e6b110cd latency=7 wait_cycles=6 result=a9fad7d5
PCPI_METRIC funct3=0 rs1=c9662c92 rs2=a2ce0045 latency=7 wait_cycles=6 result=8a06035a
PCPI_METRIC funct3=1 rs1=c9662c92 rs2=a2ce0045 latency=7 wait_cycles=6 result=13e08bcb
PCPI_METRIC funct3=2 rs1=c9662c92 rs2=a2ce0045 latency=7 wait_cycles=6 result=dd46b85d
PCPI_METRIC funct3=3 rs1=c9662c92 rs2=a2ce0045 latency=7 wait_cycles=6 result=8014b8a2
PCPI_METRIC funct3=0 rs1=d4ea6aa9 rs2=cf31fc9e latency=7 wait_cycles=6 result=3b05304e
PCPI_METRIC funct3=1 rs1=d4ea6aa9 rs2=cf31fc9e latency=7 wait_cycles=6 result=0836b7f0
PCPI_METRIC funct3=2 rs1=d4ea6aa9 rs2=cf31fc9e latency=7 wait_cycles=6 result=dd212299
PCPI_METRIC funct3=3 rs1=d4ea6aa9 rs2=cf31fc9e latency=7 wait_cycles=6 result=ac531f37
PCPI_METRIC funct3=0 rs1=6ec2cbdd rs2=600b2dc0 latency=7 wait_cycles=6 result=f26dbec0
PCPI_METRIC funct3=1 rs1=6ec2cbdd rs2=600b2dc0 latency=7 wait_cycles=6 result=298de29c
PCPI_METRIC funct3=2 rs1=6ec2cbdd rs2=600b2dc0 latency=7 wait_cycles=6 result=298de29c
PCPI_METRIC funct3=3 rs1=6ec2cbdd rs2=600b2dc0 latency=7 wait_cycles=6 result=298de29c
PCPI_METRIC funct3=0 rs1=a5b9424b rs2=5db7e1bb latency=7 wait_cycles=6 result=843457c9
PCPI_METRIC funct3=1 rs1=a5b9424b rs2=5db7e1bb latency=7 wait_cycles=6 result=def374e9
PCPI_METRIC funct3=2 rs1=a5b9424b rs2=5db7e1bb latency=7 wait_cycles=6 result=def374e9
PCPI_METRIC funct3=3 rs1=a5b9424b rs2=5db7e1bb latency=7 wait_cycles=6 result=3cab56a4
PCPI_METRIC funct3=0 rs1=408a2981 rs2=d932d8b2 latency=7 wait_cycles=6 result=e747b3b2
PCPI_METRIC funct3=1 rs1=408a2981 rs2=d932d8b2 latency=7 wait_cycles=6 result=f637c54a
PCPI_METRIC funct3=2 rs1=408a2981 rs2=d932d8b2 latency=7 wait_cycles=6 result=36c1eecb
PCPI_METRIC funct3=3 rs1=408a2981 rs2=d932d8b2 latency=7 wait_cycles=6 result=36c1eecb
PCPI_METRIC funct3=0 rs1=598d27b3 rs2=05aeb90b latency=7 wait_cycles=6 result=556b0fb1
PCPI_METRIC funct3=1 rs1=598d27b3 rs2=05aeb90b latency=7 wait_cycles=6 result=01fce072
PCPI_METRIC funct3=2 rs1=598d27b3 rs2=05aeb90b latency=7 wait_cycles=6 result=01fce072
PCPI_METRIC funct3=3 rs1=598d27b3 rs2=05aeb90b latency=7 wait_cycles=6 result=01fce072
PCPI_METRIC funct3=0 rs1=24011148 rs2=f0b860e1 latency=7 wait_cycles=6 result=f72b3048
PCPI_METRIC funct3=1 rs1=24011148 rs2=f0b860e1 latency=7 wait_cycles=6 result=fdd9dd4f
PCPI_METRIC funct3=2 rs1=24011148 rs2=f0b860e1 latency=7 wait_cycles=6 result=21daee97
PCPI_METRIC funct3=3 rs1=24011148 rs2=f0b860e1 latency=7 wait_cycles=6 result=21daee97
PCPI_METRIC funct3=0 rs1=7e72c5fc rs2=d7f844af latency=7 wait_cycles=6 result=5d2c4744
PCPI_METRIC funct3=1 rs1=7e72c5fc rs2=d7f844af latency=7 wait_cycles=6 result=ec3a3f67
PCPI_METRIC funct3=2 rs1=7e72c5fc rs2=d7f844af latency=7 wait_cycles=6 result=6aad0563
PCPI_METRIC funct3=3 rs1=7e72c5fc rs2=d7f844af latency=7 wait_cycles=6 result=6aad0563
PCPI_METRIC funct3=0 rs1=d0770ea0 rs2=076adf0e latency=7 wait_cycles=6 result=8a802cc0
PCPI_METRIC funct3=1 rs1=d0770ea0 rs2=076adf0e latency=7 wait_cycles=6 result=fe9f6947
PCPI_METRIC funct3=2 rs1=d0770ea0 rs2=076adf0e latency=7 wait_cycles=6 result=fe9f6947
PCPI_METRIC funct3=3 rs1=d0770ea0 rs2=076adf0e latency=7 wait_cycles=6 result=060a4855
PCPI_METRIC funct3=0 rs1=3aaf8775 rs2=6ca7ffd9 latency=7 wait_cycles=6 result=500a5d2d
PCPI_METRIC funct3=1 rs1=3aaf8775 rs2=6ca7ffd9 latency=7 wait_cycles=6 result=18e8904d
PCPI_METRIC funct3=2 rs1=3aaf8775 rs2=6ca7ffd9 latency=7 wait_cycles=6 result=18e8904d
PCPI_METRIC funct3=3 rs1=3aaf8775 rs2=6ca7ffd9 latency=7 wait_cycles=6 result=18e8904d
PCPI_METRIC funct3=0 rs1=86d26e0d rs2=13913127 latency=7 wait_cycles=6 result=1d7c40fb
PCPI_METRIC funct3=1 rs1=86d26e0d rs2=13913127 latency=7 wait_cycles=6 result=f6bce417
PCPI_METRIC funct3=2 rs1=86d26e0d rs2=13913127 latency=7 wait_cycles=6 result=f6bce417
PCPI_METRIC funct3=3 rs1=86d26e0d rs2=13913127 latency=7 wait_cycles=6 result=0a4e153e
PCPI_METRIC funct3=0 rs1=3a2d9974 rs2=7e7f21fc latency=7 wait_cycles=6 result=5e370230
PCPI_METRIC funct3=1 rs1=3a2d9974 rs2=7e7f21fc latency=7 wait_cycles=6 result=1cbf55df
PCPI_METRIC funct3=2 rs1=3a2d9974 rs2=7e7f21fc latency=7 wait_cycles=6 result=1cbf55df
PCPI_METRIC funct3=3 rs1=3a2d9974 rs2=7e7f21fc latency=7 wait_cycles=6 result=1cbf55df
PCPI_METRIC funct3=0 rs1=dfdc3ebf rs2=afc5f25f latency=7 wait_cycles=6 result=2006d6e1
PCPI_METRIC funct3=1 rs1=dfdc3ebf rs2=afc5f25f latency=7 wait_cycles=6 result=0a127634
PCPI_METRIC funct3=2 rs1=dfdc3ebf rs2=afc5f25f latency=7 wait_cycles=6 result=e9eeb4f3
PCPI_METRIC funct3=3 rs1=dfdc3ebf rs2=afc5f25f latency=7 wait_cycles=6 result=99b4a752
PCPI_METRIC funct3=0 rs1=c0a7e881 rs2=b428aa68 latency=7 wait_cycles=6 result=ccc41e68
PCPI_METRIC funct3=1 rs1=c0a7e881 rs2=b428aa68 latency=7 wait_cycles=6 result=12c4170b
PCPI_METRIC funct3=2 rs1=c0a7e881 rs2=b428aa68 latency=7 wait_cycles=6 result=d36bff8c
PCPI_METRIC funct3=3 rs1=c0a7e881 rs2=b428aa68 latency=7 wait_cycles=6 result=8794a9f4
PCPI_METRIC funct3=0 rs1=fd4c48fa rs2=fd9380fb latency=7 wait_cycles=6 result=77d68d1e
PCPI_METRIC funct3=1 rs1=fd4c48fa rs2=fd9380fb latency=7 wait_cycles=6 result=00068c96
PCPI_METRIC funct3=2 rs1=fd4c48fa rs2=fd9380fb latency=7 wait_cycles=6 result=fd52d590
PCPI_METRIC funct3=3 rs1=fd4c48fa rs2=fd9380fb latency=7 wait_cycles=6 result=fae6568b
PCPI_METRIC funct3=0 rs1=0c962119 rs2=d33554a6 latency=7 wait_cycles=6 result=e162aa36
PCPI_METRIC funct3=1 rs1=0c962119 rs2=d33554a6 latency=7 wait_cycles=6 result=fdcc3b6c
PCPI_METRIC funct3=2 rs1=0c962119 rs2=d33554a6 latency=7 wait_cycles=6 result=0a625c85
PCPI_METRIC funct3=3 rs1=0c962119 rs2=d33554a6 latency=7 wait_cycles=6 result=0a625c85
PCPI_METRIC funct3=0 rs1=29951b53 rs2=f7cff6ef latency=7 wait_cycles=6 result=4793447d
PCPI_METRIC funct3=1 rs1=29951b53 rs2=f7cff6ef latency=7 wait_cycles=6 result=feab89b7
PCPI_METRIC funct3=2 rs1=29951b53 rs2=f7cff6ef latency=7 wait_cycles=6 result=2840a50a
PCPI_METRIC funct3=3 rs1=29951b53 rs2=f7cff6ef latency=7 wait_cycles=6 result=2840a50a
PCPI_METRIC funct3=0 rs1=f6d8aeed rs2=58d79db1 latency=7 wait_cycles=6 result=f0234add
PCPI_METRIC funct3=1 rs1=f6d8aeed rs2=58d79db1 latency=7 wait_cycles=6 result=fcd2c678
PCPI_METRIC funct3=2 rs1=f6d8aeed rs2=58d79db1 latency=7 wait_cycles=6 result=fcd2c678
PCPI_METRIC funct3=3 rs1=f6d8aeed rs2=58d79db1 latency=7 wait_cycles=6 result=55aa6429
PCPI_METRIC funct3=0 rs1=b26ffe64 rs2=90b93021 latency=7 wait_cycles=6 result=16668ae4
PCPI_METRIC funct3=1 rs1=b26ffe64 rs2=90b93021 latency=7 wait_cycles=6 result=21b6e50e
PCPI_METRIC funct3=2 rs1=b26ffe64 rs2=90b93021 latency=7 wait_cycles=6 result=d426e372
PCPI_METRIC funct3=3 rs1=b26ffe64 rs2=90b93021 latency=7 wait_cycles=6 result=64e01393
PCPI_METRIC funct3=0 rs1=7b24bdf6 rs2=345fbf68 latency=7 wait_cycles=6 result=e6f1b5f0
PCPI_METRIC funct3=1 rs1=7b24bdf6 rs2=345fbf68 latency=7 wait_cycles=6 result=1931854a
PCPI_METRIC funct3=2 rs1=7b24bdf6 rs2=345fbf68 latency=7 wait_cycles=6 result=1931854a
PCPI_METRIC funct3=3 rs1=7b24bdf6 rs2=345fbf68 latency=7 wait_cycles=6 result=1931854a
PCPI_METRIC funct3=0 rs1=8a290014 rs2=b7d0ca6f latency=7 wait_cycles=6 result=9e16d0ac
PCPI_METRIC funct3=1 rs1=8a290014 rs2=b7d0ca6f latency=7 wait_cycles=6 result=213a331b
PCPI_METRIC funct3=2 rs1=8a290014 rs2=b7d0ca6f latency=7 wait_cycles=6 result=ab63332f
PCPI_METRIC funct3=3 rs1=8a290014 rs2=b7d0ca6f latency=7 wait_cycles=6 result=6333fd9e
PCPI_METRIC funct3=0 rs1=9530362a rs2=1f77b73e latency=7 wait_cycles=6 result=dbeb242c
PCPI_METRIC funct3=1 rs1=9530362a rs2=1f77b73e latency=7 wait_cycles=6 result=f2dee383
PCPI_METRIC funct3=2 rs1=9530362a rs2=1f77b73e latency=7 wait_cycles=6 result=f2dee383
PCPI_METRIC funct3=3 rs1=9530362a rs2=1f77b73e latency=7 wait_cycles=6 result=12569ac1
PCPI_METRIC funct3=0 rs1=fbaaeef7 rs2=23781f46 latency=7 wait_cycles=6 result=4c75408a
PCPI_METRIC funct3=1 rs1=fbaaeef7 rs2=23781f46 latency=7 wait_cycles=6 result=ff665644
PCPI_METRIC funct3=2 rs1=fbaaeef7 rs2=23781f46 latency=7 wait_cycles=6 result=ff665644
PCPI_METRIC funct3=3 rs1=fbaaeef7 rs2=23781f46 latency=7 wait_cycles=6 result=22de758a
PCPI_METRIC funct3=0 rs1=9e9dca3d rs2=d01f40a0 latency=7 wait_cycles=6 result=a290a620
PCPI_METRIC funct3=1 rs1=9e9dca3d rs2=d01f40a0 latency=7 wait_cycles=6 result=1236869a
PCPI_METRIC funct3=2 rs1=9e9dca3d rs2=d01f40a0 latency=7 wait_cycles=6 result=b0d450d7
PCPI_METRIC funct3=3 rs1=9e9dca3d rs2=d01f40a0 latency=7 wait_cycles=6 result=80f39177
PCPI_METRIC funct3=0 rs1=7d4b53fa rs2=7a4c4df4 latency=7 wait_cycles=6 result=26463c48
PCPI_METRIC funct3=1 rs1=7d4b53fa rs2=7a4c4df4 latency=7 wait_cycles=6 result=3bdb3e89
PCPI_METRIC funct3=2 rs1=7d4b53fa rs2=7a4c4df4 latency=7 wait_cycles=6 result=3bdb3e89
PCPI_METRIC funct3=3 rs1=7d4b53fa rs2=7a4c4df4 latency=7 wait_cycles=6 result=3bdb3e89
PCPI_METRIC funct3=0 rs1=19a8e333 rs2=0067d700 latency=7 wait_cycles=6 result=4054d500
PCPI_METRIC funct3=1 rs1=19a8e333 rs2=0067d700 latency=7 wait_cycles=6 result=000a6880
PCPI_METRIC funct3=2 rs1=19a8e333 rs2=0067d700 latency=7 wait_cycles=6 result=000a6880
PCPI_METRIC funct3=3 rs1=19a8e333 rs2=0067d700 latency=7 wait_cycles=6 result=000a6880
PCPI_METRIC funct3=0 rs1=6e567bdc rs2=38422d70 latency=7 wait_cycles=6 result=8853dc40
PCPI_METRIC funct3=1 rs1=6e567bdc rs2=38422d70 latency=7 wait_cycles=6 result=183f70f9
PCPI_METRIC funct3=2 rs1=6e567bdc rs2=38422d70 latency=7 wait_cycles=6 result=183f70f9
PCPI_METRIC funct3=3 rs1=6e567bdc rs2=38422d70 latency=7 wait_cycles=6 result=183f70f9
PCPI_METRIC funct3=0 rs1=9491aa29 rs2=07f0b90f latency=7 wait_cycles=6 result=9df09967
PCPI_METRIC funct3=1 rs1=9491aa29 rs2=07f0b90f latency=7 wait_cycles=6 result=fcaaf68d
PCPI_METRIC funct3=2 rs1=9491aa29 rs2=07f0b90f latency=7 wait_cycles=6 result=fcaaf68d
PCPI_METRIC funct3=3 rs1=9491aa29 rs2=07f0b90f latency=7 wait_cycles=6 result=049baf9c
PCPI_METRIC funct3=0 rs1=4b5b7196 rs2=6b825dd7 latency=7 wait_cycles=6 result=e23be2fa
PCPI_METRIC funct3=1 rs1=4b5b7196 rs2=6b825dd7 latency=7 wait_cycles=6 result=1fa59888
PCPI_METRIC funct3=2 rs1=4b5b7196 rs2=6b825dd7 latency=7 wait_cycles=6 result=1fa59888
PCPI_METRIC funct3=3 rs1=4b5b7196 rs2=6b825dd7 latency=7 wait_cycles=6 result=1fa59888
PCPI_METRIC funct3=0 rs1=11c91123 rs2=8322de06 latency=7 wait_cycles=6 result=f738c0d2
PCPI_METRIC funct3=1 rs1=11c91123 rs2=8322de06 latency=7 wait_cycles=6 result=f7533ec2
PCPI_METRIC funct3=2 rs1=11c91123 rs2=8322de06 latency=7 wait_cycles=6 result=091c4fe5
PCPI_METRIC funct3=3 rs1=11c91123 rs2=8322de06 latency=7 wait_cycles=6 result=091c4fe5
PCPI_METRIC funct3=0 rs1=a538004a rs2=2505394a latency=7 wait_cycles=6 result=edb28f64
PCPI_METRIC funct3=1 rs1=a538004a rs2=2505394a latency=7 wait_cycles=6 result=f2df3dd1
PCPI_METRIC funct3=2 rs1=a538004a rs2=2505394a latency=7 wait_cycles=6 result=f2df3dd1
PCPI_METRIC funct3=3 rs1=a538004a rs2=2505394a latency=7 wait_cycles=6 result=17e4771b
PCPI_METRIC funct3=0 rs1=20dcbf41 rs2=442d0788 latency=7 wait_cycles=6 result=60ed6188
PCPI_METRIC funct3=1 rs1=20dcbf41 rs2=442d0788 latency=7 wait_cycles=6 result=08c06a92
PCPI_METRIC funct3=2 rs1=20dcbf41 rs2=442d0788 latency=7 wait_cycles=6 result=08c06a92
PCPI_METRIC funct3=3 rs1=20dcbf41 rs2=442d0788 latency=7 wait_cycles=6 result=08c06a92
PCPI_METRIC funct3=0 rs1=e6e4b8cd rs2=38eedd71 latency=7 wait_cycles=6 result=05148b7d
PCPI_METRIC funct3=1 rs1=e6e4b8cd rs2=38eedd71 latency=7 wait_cycles=6 result=fa6a9b59
PCPI_METRIC funct3=2 rs1=e6e4b8cd rs2=38eedd71 latency=7 wait_cycles=6 result=fa6a9b59
PCPI_METRIC funct3=3 rs1=e6e4b8cd rs2=38eedd71 latency=7 wait_cycles=6 result=335978ca
PCPI_METRIC funct3=0 rs1=94232228 rs2=89bfac13 latency=7 wait_cycles=6 result=7d6668f8
PCPI_METRIC funct3=1 rs1=94232228 rs2=89bfac13 latency=7 wait_cycles=6 result=31d2e8d5
PCPI_METRIC funct3=2 rs1=94232228 rs2=89bfac13 latency=7 wait_cycles=6 result=c5f60afd
PCPI_METRIC funct3=3 rs1=94232228 rs2=89bfac13 latency=7 wait_cycles=6 result=4fb5b710
PCPI_METRIC funct3=0 rs1=b600e26c rs2=aaab2455 latency=7 wait_cycles=6 result=84465ddc
PCPI_METRIC funct3=1 rs1=b600e26c rs2=aaab2455 latency=7 wait_cycles=6 result=18aa3c06
PCPI_METRIC funct3=2 rs1=b600e26c rs2=aaab2455 latency=7 wait_cycles=6 result=ceab1e72
PCPI_METRIC funct3=3 rs1=b600e26c rs2=aaab2455 latency=7 wait_cycles=6 result=795642c7
PCPI_METRIC funct3=0 rs1=7f2767fe rs2=37890d6f latency=7 wait_cycles=6 result=5b4bfd22
PCPI_METRIC funct3=1 rs1=7f2767fe rs2=37890d6f latency=7 wait_cycles=6 result=1b958a1a
PCPI_METRIC funct3=2 rs1=7f2767fe rs2=37890d6f latency=7 wait_cycles=6 result=1b958a1a
PCPI_METRIC funct3=3 rs1=7f2767fe rs2=37890d6f latency=7 wait_cycles=6 result=1b958a1a
PCPI_METRIC funct3=0 rs1=7a1e8bf4 rs2=e0c9acc1 latency=7 wait_cycles=6 result=f9a372f4
PCPI_METRIC funct3=1 rs1=7a1e8bf4 rs2=e0c9acc1 latency=7 wait_cycles=6 result=f11c62e5
PCPI_METRIC funct3=2 rs1=7a1e8bf4 rs2=e0c9acc1 latency=7 wait_cycles=6 result=6b3aeed9
PCPI_METRIC funct3=3 rs1=7a1e8bf4 rs2=e0c9acc1 latency=7 wait_cycles=6 result=6b3aeed9
PCPI_METRIC funct3=0 rs1=e9d576d3 rs2=8c712218 latency=7 wait_cycles=6 result=1cee29c8
PCPI_METRIC funct3=1 rs1=e9d576d3 rs2=8c712218 latency=7 wait_cycles=6 result=0a017a6e
PCPI_METRIC funct3=2 rs1=e9d576d3 rs2=8c712218 latency=7 wait_cycles=6 result=f3d6f141
PCPI_METRIC funct3=3 rs1=e9d576d3 rs2=8c712218 latency=7 wait_cycles=6 result=80481359
PCPI_METRIC funct3=0 rs1=56ce7fad rs2=7c99cff9 latency=7 wait_cycles=6 result=827c1245
PCPI_METRIC funct3=1 rs1=56ce7fad rs2=7c99cff9 latency=7 wait_cycles=6 result=2a402dc7
PCPI_METRIC funct3=2 rs1=56ce7fad rs2=7c99cff9 latency=7 wait_cycles=6 result=2a402dc7
PCPI_METRIC funct3=3 rs1=56ce7fad rs2=7c99cff9 latency=7 wait_cycles=6 result=2a402dc7
PCPI_METRIC funct3=0 rs1=646601c8 rs2=9295aa25 latency=7 wait_cycles=6 result=595511e8
PCPI_METRIC funct3=1 rs1=646601c8 rs2=9295aa25 latency=7 wait_cycles=6 result=d516dd55
PCPI_METRIC funct3=2 rs1=646601c8 rs2=9295aa25 latency=7 wait_cycles=6 result=397cdf1d
PCPI_METRIC funct3=3 rs1=646601c8 rs2=9295aa25 latency=7 wait_cycles=6 result=397cdf1d
PCPI_METRIC funct3=0 rs1=a46c4848 rs2=7186abe3 latency=7 wait_cycles=6 result=bdfc2fd8
PCPI_METRIC funct3=1 rs1=a46c4848 rs2=7186abe3 latency=7 wait_cycles=6 result=d7639f18
PCPI_METRIC funct3=2 rs1=a46c4848 rs2=7186abe3 latency=7 wait_cycles=6 result=d7639f18
PCPI_METRIC funct3=3 rs1=a46c4848 rs2=7186abe3 latency=7 wait_cycles=6 result=48ea4afb
PCPI_METRIC funct3=0 rs1=680a6fd0 rs2=4506218a latency=7 wait_cycles=6 result=1cea1620
PCPI_METRIC funct3=1 rs1=680a6fd0 rs2=4506218a latency=7 wait_cycles=6 result=1c0d4e03
PCPI_METRIC funct3=2 rs1=680a6fd0 rs2=4506218a latency=7 wait_cycles=6 result=1c0d4e03
PCPI_METRIC funct3=3 rs1=680a6fd0 rs2=4506218a latency=7 wait_cycles=6 result=1c0d4e03
PCPI_METRIC funct3=0 rs1=b3aa3667 rs2=b8331870 latency=7 wait_cycles=6 result=6e167510
PCPI_METRIC funct3=1 rs1=b3aa3667 rs2=b8331870 latency=7 wait_cycles=6 result=1568e452
PCPI_METRIC funct3=2 rs1=b3aa3667 rs2=b8331870 latency=7 wait_cycles=6 result=c9131ab9
PCPI_METRIC funct3=3 rs1=b3aa3667 rs2=b8331870 latency=7 wait_cycles=6 result=81463329
PCPI_METRIC funct3=0 rs1=3058ef60 rs2=273fbf4e latency=7 wait_cycles=6 result=9e518f40
PCPI_METRIC funct3=1 rs1=3058ef60 rs2=273fbf4e latency=7 wait_cycles=6 result=0769967b
PCPI_METRIC funct3=2 rs1=3058ef60 rs2=273fbf4e latency=7 wait_cycles=6 result=0769967b
PCPI_METRIC funct3=3 rs1=3058ef60 rs2=273fbf4e latency=7 wait_cycles=6 result=0769967b
PCPI_METRIC funct3=0 rs1=67dd53cf rs2=b955b672 latency=7 wait_cycles=6 result=04df7c2e
PCPI_METRIC funct3=1 rs1=67dd53cf rs2=b955b672 latency=7 wait_cycles=6 result=e3546444
PCPI_METRIC funct3=2 rs1=67dd53cf rs2=b955b672 latency=7 wait_cycles=6 result=4b31b813
PCPI_METRIC funct3=3 rs1=67dd53cf rs2=b955b672 latency=7 wait_cycles=6 result=4b31b813
PCPI_METRIC funct3=0 rs1=797869f2 rs2=ca698294 latency=7 wait_cycles=6 result=c7ac23e8
PCPI_METRIC funct3=1 rs1=797869f2 rs2=ca698294 latency=7 wait_cycles=6 result=e692a9ff
PCPI_METRIC funct3=2 rs1=797869f2 rs2=ca698294 latency=7 wait_cycles=6 result=600b13f1
PCPI_METRIC funct3=3 rs1=797869f2 rs2=ca698294 latency=7 wait_cycles=6 result=600b13f1
PCPI_METRIC funct3=0 rs1=f40968e8 rs2=4c54e198 latency=7 wait_cycles=6 result=76ea31c0
PCPI_METRIC funct3=1 rs1=f40968e8 rs2=4c54e198 latency=7 wait_cycles=6 result=fc6ed3b0
PCPI_METRIC funct3=2 rs1=f40968e8 rs2=4c54e198 latency=7 wait_cycles=6 result=fc6ed3b0
PCPI_METRIC funct3=3 rs1=f40968e8 rs2=4c54e198 latency=7 wait_cycles=6 result=48c3b548
PCPI_METRIC funct3=0 rs1=4f0c8f9e rs2=7c502bf8 latency=7 wait_cycles=6 result=19aaab10
PCPI_METRIC funct3=1 rs1=4f0c8f9e rs2=7c502bf8 latency=7 wait_cycles=6 result=2662d711
PCPI_METRIC funct3=2 rs1=4f0c8f9e rs2=7c502bf8 latency=7 wait_cycles=6 result=2662d711
PCPI_METRIC funct3=3 rs1=4f0c8f9e rs2=7c502bf8 latency=7 wait_cycles=6 result=2662d711
PCPI_METRIC funct3=0 rs1=c6ad048d rs2=e5a2b2cb latency=7 wait_cycles=6 result=da96a5cf
PCPI_METRIC funct3=1 rs1=c6ad048d rs2=e5a2b2cb latency=7 wait_cycles=6 result=05e751f8
PCPI_METRIC funct3=2 rs1=c6ad048d rs2=e5a2b2cb latency=7 wait_cycles=6 result=cc945685
PCPI_METRIC funct3=3 rs1=c6ad048d rs2=e5a2b2cb latency=7 wait_cycles=6 result=b2370950
PCPI_METRIC funct3=0 rs1=d7e1c6af rs2=1c222f38 latency=7 wait_cycles=6 result=341b9748
PCPI_METRIC funct3=1 rs1=d7e1c6af rs2=1c222f38 latency=7 wait_cycles=6 result=fb975651
PCPI_METRIC funct3=2 rs1=d7e1c6af rs2=1c222f38 latency=7 wait_cycles=6 result=fb975651
PCPI_METRIC funct3=3 rs1=d7e1c6af rs2=1c222f38 latency=7 wait_cycles=6 result=17b98589
PCPI_METRIC funct3=0 rs1=704d75e0 rs2=50d909a1 latency=7 wait_cycles=6 result=44bc01e0
PCPI_METRIC funct3=1 rs1=704d75e0 rs2=50d909a1 latency=7 wait_cycles=6 result=23776ab8
PCPI_METRIC funct3=2 rs1=704d75e0 rs2=50d909a1 latency=7 wait_cycles=6 result=23776ab8
PCPI_METRIC funct3=3 rs1=704d75e0 rs2=50d909a1 latency=7 wait_cycles=6 result=23776ab8
PCPI_METRIC funct3=0 rs1=ca594094 rs2=d0ebcca1 latency=7 wait_cycles=6 result=e9738d14
PCPI_METRIC funct3=1 rs1=ca594094 rs2=d0ebcca1 latency=7 wait_cycles=6 result=09ddd8ef
PCPI_METRIC funct3=2 rs1=ca594094 rs2=d0ebcca1 latency=7 wait_cycles=6 result=d4371983
PCPI_METRIC funct3=3 rs1=ca594094 rs2=d0ebcca1 latency=7 wait_cycles=6 result=a522e624
PCPI_METRIC funct3=0 rs1=10c2c521 rs2=12957f25 latency=7 wait_cycles=6 result=1a26dcc5
PCPI_METRIC funct3=1 rs1=10c2c521 rs2=12957f25 latency=7 wait_cycles=6 result=01377b8c
PCPI_METRIC funct3=2 rs1=10c2c521 rs2=12957f25 latency=7 wait_cycles=6 result=01377b8c
PCPI_METRIC funct3=3 rs1=10c2c521 rs2=12957f25 latency=7 wait_cycles=6 result=01377b8c
PCPI_METRIC funct3=0 rs1=f594e6eb rs2=1dd3013b latency=7 wait_cycles=6 result=20e92329
PCPI_METRIC funct3=1 rs1=f594e6eb rs2=1dd3013b latency=7 wait_cycles=6 result=fec947d6
PCPI_METRIC funct3=2 rs1=f594e6eb rs2=1dd3013b latency=7 wait_cycles=6 result=fec947d6
PCPI_METRIC funct3=3 rs1=f594e6eb rs2=1dd3013b latency=7 wait_cycles=6 result=1c9c4911
PCPI_METRIC funct3=0 rs1=9743be2e rs2=4e156f9c latency=7 wait_cycles=6 result=2a83d608
PCPI_METRIC funct3=1 rs1=9743be2e rs2=4e156f9c latency=7 wait_cycles=6 result=e00dded7
PCPI_METRIC funct3=2 rs1=9743be2e rs2=4e156f9c latency=7 wait_cycles=6 result=e00dded7
PCPI_METRIC funct3=3 rs1=9743be2e rs2=4e156f9c latency=7 wait_cycles=6 result=2e234e73
PCPI_METRIC funct3=0 rs1=0b636716 rs2=90138420 latency=7 wait_cycles=6 result=b4363ac0
PCPI_METRIC funct3=1 rs1=0b636716 rs2=90138420 latency=7 wait_cycles=6 result=fb056127
PCPI_METRIC funct3=2 rs1=0b636716 rs2=90138420 latency=7 wait_cycles=6 result=0668c83d
PCPI_METRIC funct3=3 rs1=0b636716 rs2=90138420 latency=7 wait_cycles=6 result=0668c83d
PCPI_METRIC funct3=0 rs1=e131eec2 rs2=ca91f895 latency=7 wait_cycles=6 result=c13de6ea
PCPI_METRIC funct3=1 rs1=e131eec2 rs2=ca91f895 latency=7 wait_cycles=6 result=066de701
PCPI_METRIC funct3=2 rs1=e131eec2 rs2=ca91f895 latency=7 wait_cycles=6 result=e79fd5c3
PCPI_METRIC funct3=3 rs1=e131eec2 rs2=ca91f895 latency=7 wait_cycles=6 result=b231ce58
PCPI_METRIC funct3=0 rs1=96ec2a2d rs2=02bad905 latency=7 wait_cycles=6 result=210ef7e1
PCPI_METRIC funct3=1 rs1=96ec2a2d rs2=02bad905 latency=7 wait_cycles=6 result=fee126d7
PCPI_METRIC funct3=2 rs1=96ec2a2d rs2=02bad905 latency=7 wait_cycles=6 result=fee126d7
PCPI_METRIC funct3=3 rs1=96ec2a2d rs2=02bad905 latency=7 wait_cycles=6 result=019bffdc
PCPI_METRIC funct3=0 rs1=83a5a007 rs2=745bf5e8 latency=7 wait_cycles=6 result=debcb958
PCPI_METRIC funct3=1 rs1=83a5a007 rs2=745bf5e8 latency=7 wait_cycles=6 result=c77a60ef
PCPI_METRIC funct3=2 rs1=83a5a007 rs2=745bf5e8 latency=7 wait_cycles=6 result=c77a60ef
PCPI_METRIC funct3=3 rs1=83a5a007 rs2=745bf5e8 latency=7 wait_cycles=6 result=3bd656d7
[6] Progress: 700/1000 groups
PCPI_METRIC funct3=0 rs1=cc1b6098 rs2=34243768 latency=7 wait_cycles=6 result=423fe5c0
PCPI_METRIC funct3=1 rs1=cc1b6098 rs2=34243768 latency=7 wait_cycles=6 result=f56e383d
PCPI_METRIC funct3=2 rs1=cc1b6098 rs2=34243768 latency=7 wait_cycles=6 result=f56e383d
PCPI_METRIC funct3=3 rs1=cc1b6098 rs2=34243768 latency=7 wait_cycles=6 result=29926fa5
PCPI_METRIC funct3=0 rs1=cbb9e297 rs2=75b801eb latency=7 wait_cycles=6 result=9d0d979d
PCPI_METRIC funct3=1 rs1=cbb9e297 rs2=75b801eb latency=7 wait_cycles=6 result=e7f661c5
PCPI_METRIC funct3=2 rs1=cbb9e297 rs2=75b801eb latency=7 wait_cycles=6 result=e7f661c5
PCPI_METRIC funct3=3 rs1=cbb9e297 rs2=75b801eb latency=7 wait_cycles=6 result=5dae63b0
PCPI_METRIC funct3=0 rs1=9bcdf237 rs2=29349952 latency=7 wait_cycles=6 result=ffe6749e
PCPI_METRIC funct3=1 rs1=9bcdf237 rs2=29349952 latency=7 wait_cycles=6 result=efdf659d
PCPI_METRIC funct3=2 rs1=9bcdf237 rs2=29349952 latency=7 wait_cycles=6 result=efdf659d
PCPI_METRIC funct3=3 rs1=9bcdf237 rs2=29349952 latency=7 wait_cycles=6 result=1913feef
PCPI_METRIC funct3=0 rs1=41987f83 rs2=c37a7886 latency=7 wait_cycles=6 result=5f062692
PCPI_METRIC funct3=1 rs1=41987f83 rs2=c37a7886 latency=7 wait_cycles=6 result=f07e0b2c
PCPI_METRIC funct3=2 rs1=41987f83 rs2=c37a7886 latency=7 wait_cycles=6 result=32168aaf
PCPI_METRIC funct3=3 rs1=41987f83 rs2=c37a7886 latency=7 wait_cycles=6 result=32168aaf
PCPI_METRIC funct3=0 rs1=38bd8d71 rs2=9a56bc34 latency=7 wait_cycles=6 result=3855b6f4
PCPI_METRIC funct3=1 rs1=38bd8d71 rs2=9a56bc34 latency=7 wait_cycles=6 result=e977b309
PCPI_METRIC funct3=2 rs1=38bd8d71 rs2=9a56bc34 latency=7 wait_cycles=6 result=2235407a
PCPI_METRIC funct3=3 rs1=38bd8d71 rs2=9a56bc34 latency=7 wait_cycles=6 result=2235407a
PCPI_METRIC funct3=0 rs1=ba460274 rs2=b9637872 latency=7 wait_cycles=6 result=8b2f77a8
PCPI_METRIC funct3=1 rs1=ba460274 rs2=b9637872 latency=7 wait_cycles=6 result=133b7d96
PCPI_METRIC funct3=2 rs1=ba460274 rs2=b9637872 latency=7 wait_cycles=6 result=cd81800a
PCPI_METRIC funct3=3 rs1=ba460274 rs2=b9637872 latency=7 wait_cycles=6 result=86e4f87c
PCPI_METRIC funct3=0 rs1=f92c9af2 rs2=66371fcc latency=7 wait_cycles=6 result=ac4cc6d8
PCPI_METRIC funct3=1 rs1=f92c9af2 rs2=66371fcc latency=7 wait_cycles=6 result=fd464d78
PCPI_METRIC funct3=2 rs1=f92c9af2 rs2=66371fcc latency=7 wait_cycles=6 result=fd464d78
PCPI_METRIC funct3=3 rs1=f92c9af2 rs2=66371fcc latency=7 wait_cycles=6 result=637d6d44
PCPI_METRIC funct3=0 rs1=c42db888 rs2=223add44 latency=7 wait_cycles=6 result=73426c20
PCPI_METRIC funct3=1 rs1=c42db888 rs2=223add44 latency=7 wait_cycles=6 result=f8005129
PCPI_METRIC funct3=2 rs1=c42db888 rs2=223add44 latency=7 wait_cycles=6 result=f8005129
PCPI_METRIC funct3=3 rs1=c42db888 rs2=223add44 latency=7 wait_cycles=6 result=1a3b2e6d
PCPI_METRIC funct3=0 rs1=41524b82 rs2=c63ffa8c latency=7 wait_cycles=6 result=37bc3f18
PCPI_METRIC funct3=1 rs1=41524b82 rs2=c63ffa8c latency=7 wait_cycles=6 result=f143ae13
PCPI_METRIC funct3=2 rs1=41524b82 rs2=c63ffa8c latency=7 wait_cycles=6 result=3295f995
PCPI_METRIC funct3=3 rs1=41524b82 rs2=c63ffa8c latency=7 wait_cycles=6 result=3295f995
PCPI_METRIC funct3=0 rs1=fa6daef4 rs2=c7ac408f latency=7 wait_cycles=6 result=86f1ba4c
PCPI_METRIC funct3=1 rs1=fa6daef4 rs2=c7ac408f latency=7 wait_cycles=6 result=0139d455
PCPI_METRIC funct3=2 rs1=fa6daef4 rs2=c7ac408f latency=7 wait_cycles=6 result=fba78349
PCPI_METRIC funct3=3 rs1=fa6daef4 rs2=c7ac408f latency=7 wait_cycles=6 result=c353c3d8
PCPI_METRIC funct3=0 rs1=e28688c5 rs2=c0d54c81 latency=7 wait_cycles=6 result=a24e6745
PCPI_METRIC funct3=1 rs1=e28688c5 rs2=c0d54c81 latency=7 wait_cycles=6 result=0745ceef
PCPI_METRIC funct3=2 rs1=e28688c5 rs2=c0d54c81 latency=7 wait_cycles=6 result=e9cc57b4
PCPI_METRIC funct3=3 rs1=e28688c5 rs2=c0d54c81 latency=7 wait_cycles=6 result=aaa1a435
PCPI_METRIC funct3=0 rs1=8ae2ac15 rs2=65e2ffcb latency=7 wait_cycles=6 result=1eb15fa7
PCPI_METRIC funct3=1 rs1=8ae2ac15 rs2=65e2ffcb latency=7 wait_cycles=6 result=d16394fb
PCPI_METRIC funct3=2 rs1=8ae2ac15 rs2=65e2ffcb latency=7 wait_cycles=6 result=d16394fb
PCPI_METRIC funct3=3 rs1=8ae2ac15 rs2=65e2ffcb latency=7 wait_cycles=6 result=374694c6
PCPI_METRIC funct3=0 rs1=1b2dfd36 rs2=1550d12a latency=7 wait_cycles=6 result=9024a0dc
PCPI_METRIC funct3=1 rs1=1b2dfd36 rs2=1550d12a latency=7 wait_cycles=6 result=02435a59
PCPI_METRIC funct3=2 rs1=1b2dfd36 rs2=1550d12a latency=7 wait_cycles=6 result=02435a59
PCPI_METRIC funct3=3 rs1=1b2dfd36 rs2=1550d12a latency=7 wait_cycles=6 result=02435a59
PCPI_METRIC funct3=0 rs1=faf442f5 rs2=9ee6363d latency=7 wait_cycles=6 result=b071a261
PCPI_METRIC funct3=1 rs1=faf442f5 rs2=9ee6363d latency=7 wait_cycles=6 result=01e9f4c0
PCPI_METRIC funct3=2 rs1=faf442f5 rs2=9ee6363d latency=7 wait_cycles=6 result=fcde37b5
PCPI_METRIC funct3=3 rs1=faf442f5 rs2=9ee6363d latency=7 wait_cycles=6 result=9bc46df2
PCPI_METRIC funct3=0 rs1=23661746 rs2=9dbe003b latency=7 wait_cycles=6 result=5c7b5d22
PCPI_METRIC funct3=1 rs1=23661746 rs2=9dbe003b latency=7 wait_cycles=6 result=f269cacd
PCPI_METRIC funct3=2 rs1=23661746 rs2=9dbe003b latency=7 wait_cycles=6 result=15cfe213
PCPI_METRIC funct3=3 rs1=23661746 rs2=9dbe003b latency=7 wait_cycles=6 result=15cfe213
PCPI_METRIC funct3=0 rs1=f720bcee rs2=49b4c193 latency=7 wait_cycles=6 result=4b93eaaa
PCPI_METRIC funct3=1 rs1=f720bcee rs2=49b4c193 latency=7 wait_cycles=6 result=fd72122f
PCPI_METRIC funct3=2 rs1=f720bcee rs2=49b4c193 latency=7 wait_cycles=6 result=fd72122f
PCPI_METRIC funct3=3 rs1=f720bcee rs2=49b4c193 latency=7 wait_cycles=6 result=4726d3c2
PCPI_METRIC funct3=0 rs1=f27102e4 rs2=e2561cc4 latency=7 wait_cycles=6 result=3b6f2690
PCPI_METRIC funct3=1 rs1=f27102e4 rs2=e2561cc4 latency=7 wait_cycles=6 result=0192321a
PCPI_METRIC funct3=2 rs1=f27102e4 rs2=e2561cc4 latency=7 wait_cycles=6 result=f40334fe
PCPI_METRIC funct3=3 rs1=f27102e4 rs2=e2561cc4 latency=7 wait_cycles=6 result=d65951c2
PCPI_METRIC funct3=0 rs1=b9492472 rs2=39213b72 latency=7 wait_cycles=6 result=72aa80c4
PCPI_METRIC funct3=1 rs1=b9492472 rs2=39213b72 latency=7 wait_cycles=6 result=f0381b1f
PCPI_METRIC funct3=2 rs1=b9492472 rs2=39213b72 latency=7 wait_cycles=6 result=f0381b1f
PCPI_METRIC funct3=3 rs1=b9492472 rs2=39213b72 latency=7 wait_cycles=6 result=29595691
PCPI_METRIC funct3=0 rs1=a8e1aa51 rs2=5abc1db5 latency=7 wait_cycles=6 result=85549845
PCPI_METRIC funct3=1 rs1=a8e1aa51 rs2=5abc1db5 latency=7 wait_cycles=6 result=e11f517d
PCPI_METRIC funct3=2 rs1=a8e1aa51 rs2=5abc1db5 latency=7 wait_cycles=6 result=e11f517d
PCPI_METRIC funct3=3 rs1=a8e1aa51 rs2=5abc1db5 latency=7 wait_cycles=6 result=3bdb6f32
PCPI_METRIC funct3=0 rs1=51bd47a3 rs2=566e01ac latency=7 wait_cycles=6 result=327dc484
PCPI_METRIC funct3=1 rs1=51bd47a3 rs2=566e01ac latency=7 wait_cycles=6 result=1b98b5ee
PCPI_METRIC funct3=2 rs1=51bd47a3 rs2=566e01ac latency=7 wait_cycles=6 result=1b98b5ee
PCPI_METRIC funct3=3 rs1=51bd47a3 rs2=566e01ac latency=7 wait_cycles=6 result=1b98b5ee
PCPI_METRIC funct3=0 rs1=cb87ba97 rs2=98f8c031 latency=7 wait_cycles=6 result=2b33f6e7
PCPI_METRIC funct3=1 rs1=cb87ba97 rs2=98f8c031 latency=7 wait_cycles=6 result=151de04b
PCPI_METRIC funct3=2 rs1=cb87ba97 rs2=98f8c031 latency=7 wait_cycles=6 result=e0a59ae2
PCPI_METRIC funct3=3 rs1=cb87ba97 rs2=98f8c031 latency=7 wait_cycles=6 result=799e5b13
PCPI_METRIC funct3=0 rs1=df07b0be rs2=aba92e57 latency=7 wait_cycles=6 result=c4cd3492
PCPI_METRIC funct3=1 rs1=df07b0be rs2=aba92e57 latency=7 wait_cycles=6 result=0adca86c
PCPI_METRIC funct3=2 rs1=df07b0be rs2=aba92e57 latency=7 wait_cycles=6 result=e9e4592a
PCPI_METRIC funct3=3 rs1=df07b0be rs2=aba92e57 latency=7 wait_cycles=6 result=958d8781
PCPI_METRIC funct3=0 rs1=3b1ba176 rs2=5a3681b4 latency=7 wait_cycles=6 result=06adfcf8
PCPI_METRIC funct3=1 rs1=3b1ba176 rs2=5a3681b4 latency=7 wait_cycles=6 result=14d44c8a
PCPI_METRIC funct3=2 rs1=3b1ba176 rs2=5a3681b4 latency=7 wait_cycles=6 result=14d44c8a
PCPI_METRIC funct3=3 rs1=3b1ba176 rs2=5a3681b4 latency=7 wait_cycles=6 result=14d44c8a
PCPI_METRIC funct3=0 rs1=8079ac00 rs2=b9c8a073 latency=7 wait_cycles=6 result=22284400
PCPI_METRIC funct3=1 rs1=8079ac00 rs2=b9c8a073 latency=7 wait_cycles=6 result=22fa506d
PCPI_METRIC funct3=2 rs1=8079ac00 rs2=b9c8a073 latency=7 wait_cycles=6 result=a373fc6d
PCPI_METRIC funct3=3 rs1=8079ac00 rs2=b9c8a073 latency=7 wait_cycles=6 result=5d3c9ce0
PCPI_METRIC funct3=0 rs1=94aa8429 rs2=393d9b72 latency=7 wait_cycles=6 result=10b8ad42
PCPI_METRIC funct3=1 rs1=94aa8429 rs2=393d9b72 latency=7 wait_cycles=6 result=e80022e2
PCPI_METRIC funct3=2 rs1=94aa8429 rs2=393d9b72 latency=7 wait_cycles=6 result=e80022e2
PCPI_METRIC funct3=3 rs1=94aa8429 rs2=393d9b72 latency=7 wait_cycles=6 result=213dbe54
PCPI_METRIC funct3=0 rs1=8f77461e rs2=3685f36d latency=7 wait_cycles=6 result=0eed54c6
PCPI_METRIC funct3=1 rs1=8f77461e rs2=3685f36d latency=7 wait_cycles=6 result=e80846c0
PCPI_METRIC funct3=2 rs1=8f77461e rs2=3685f36d latency=7 wait_cycles=6 result=e80846c0
PCPI_METRIC funct3=3 rs1=8f77461e rs2=3685f36d latency=7 wait_cycles=6 result=1e8e3a2d
PCPI_METRIC funct3=0 rs1=66c259cd rs2=7eb00bfd latency=7 wait_cycles=6 result=8ade8e99
PCPI_METRIC funct3=1 rs1=66c259cd rs2=7eb00bfd latency=7 wait_cycles=6 result=32da52a0
PCPI_METRIC funct3=2 rs1=66c259cd rs2=7eb00bfd latency=7 wait_cycles=6 result=32da52a0
PCPI_METRIC funct3=3 rs1=66c259cd rs2=7eb00bfd latency=7 wait_cycles=6 result=32da52a0
PCPI_METRIC funct3=0 rs1=6b834dd7 rs2=0dfa7f1b latency=7 wait_cycles=6 result=696cdead
PCPI_METRIC funct3=1 rs1=6b834dd7 rs2=0dfa7f1b latency=7 wait_cycles=6 result=05dede8f
PCPI_METRIC funct3=2 rs1=6b834dd7 rs2=0dfa7f1b latency=7 wait_cycles=6 result=05dede8f
PCPI_METRIC funct3=3 rs1=6b834dd7 rs2=0dfa7f1b latency=7 wait_cycles=6 result=05dede8f
PCPI_METRIC funct3=0 rs1=675dc5ce rs2=4b058b96 latency=7 wait_cycles=6 result=b25ec0b4
PCPI_METRIC funct3=1 rs1=675dc5ce rs2=4b058b96 latency=7 wait_cycles=6 result=1e4ab624
PCPI_METRIC funct3=2 rs1=675dc5ce rs2=4b058b96 latency=7 wait_cycles=6 result=1e4ab624
PCPI_METRIC funct3=3 rs1=675dc5ce rs2=4b058b96 latency=7 wait_cycles=6 result=1e4ab624
PCPI_METRIC funct3=0 rs1=e50b48ca rs2=43fb6587 latency=7 wait_cycles=6 result=78b91486
PCPI_METRIC funct3=1 rs1=e50b48ca rs2=43fb6587 latency=7 wait_cycles=6 result=f8d77b6c
PCPI_METRIC funct3=2 rs1=e50b48ca rs2=43fb6587 latency=7 wait_cycles=6 result=f8d77b6c
PCPI_METRIC funct3=3 rs1=e50b48ca rs2=43fb6587 latency=7 wait_cycles=6 result=3cd2e0f3
PCPI_METRIC funct3=0 rs1=9690342d rs2=16479b2c latency=7 wait_cycles=6 result=86db36bc
PCPI_METRIC funct3=1 rs1=9690342d rs2=16479b2c latency=7 wait_cycles=6 result=f6d2e691
PCPI_METRIC funct3=2 rs1=9690342d rs2=16479b2c latency=7 wait_cycles=6 result=f6d2e691
PCPI_METRIC funct3=3 rs1=9690342d rs2=16479b2c latency=7 wait_cycles=6 result=0d1a81bd
PCPI_METRIC funct3=0 rs1=12f38925 rs2=11357d22 latency=7 wait_cycles=6 result=47f847ea
PCPI_METRIC funct3=1 rs1=12f38925 rs2=11357d22 latency=7 wait_cycles=6 result=014621ca
PCPI_METRIC funct3=2 rs1=12f38925 rs2=11357d22 latency=7 wait_cycles=6 result=014621ca
PCPI_METRIC funct3=3 rs1=12f38925 rs2=11357d22 latency=7 wait_cycles=6 result=014621ca
PCPI_METRIC funct3=0 rs1=f9f1d4f3 rs2=418d7383 latency=7 wait_cycles=6 result=86402159
PCPI_METRIC funct3=1 rs1=f9f1d4f3 rs2=418d7383 latency=7 wait_cycles=6 result=fe730e88
PCPI_METRIC funct3=2 rs1=f9f1d4f3 rs2=418d7383 latency=7 wait_cycles=6 result=fe730e88
PCPI_METRIC funct3=3 rs1=f9f1d4f3 rs2=418d7383 latency=7 wait_cycles=6 result=4000820b
PCPI_METRIC funct3=0 rs1=1ee3173d rs2=580965b0 latency=7 wait_cycles=6 result=9d700af0
PCPI_METRIC funct3=1 rs1=1ee3173d rs2=580965b0 latency=7 wait_cycles=6 result=0a9f323d
PCPI_METRIC funct3=2 rs1=1ee3173d rs2=580965b0 latency=7 wait_cycles=6 result=0a9f323d
PCPI_METRIC funct3=3 rs1=1ee3173d rs2=580965b0 latency=7 wait_cycles=6 result=0a9f323d
PCPI_METRIC funct3=0 rs1=5ccb93b9 rs2=3638136c latency=7 wait_cycles=6 result=98510d0c
PCPI_METRIC funct3=1 rs1=5ccb93b9 rs2=3638136c latency=7 wait_cycles=6 result=13a744bb
PCPI_METRIC funct3=2 rs1=5ccb93b9 rs2=3638136c latency=7 wait_cycles=6 result=13a744bb
PCPI_METRIC funct3=3 rs1=5ccb93b9 rs2=3638136c latency=7 wait_cycles=6 result=13a744bb
PCPI_METRIC funct3=0 rs1=544fbfa8 rs2=4d27799a latency=7 wait_cycles=6 result=2427b310
PCPI_METRIC funct3=1 rs1=544fbfa8 rs2=4d27799a latency=7 wait_cycles=6 result=1968fcd8
PCPI_METRIC funct3=2 rs1=544fbfa8 rs2=4d27799a latency=7 wait_cycles=6 result=1968fcd8
PCPI_METRIC funct3=3 rs1=544fbfa8 rs2=4d27799a latency=7 wait_cycles=6 result=1968fcd8
PCPI_METRIC funct3=0 rs1=41031982 rs2=4eee339d latency=7 wait_cycles=6 result=cfd78aba
PCPI_METRIC funct3=1 rs1=41031982 rs2=4eee339d latency=7 wait_cycles=6 result=140b6fc2
PCPI_METRIC funct3=2 rs1=41031982 rs2=4eee339d latency=7 wait_cycles=6 result=140b6fc2
PCPI_METRIC funct3=3 rs1=41031982 rs2=4eee339d latency=7 wait_cycles=6 result=140b6fc2
PCPI_METRIC funct3=0 rs1=7e4a0ffc rs2=efebd4df latency=7 wait_cycles=6 result=48149c84
PCPI_METRIC funct3=1 rs1=7e4a0ffc rs2=efebd4df latency=7 wait_cycles=6 result=f8116bf0
PCPI_METRIC funct3=2 rs1=7e4a0ffc rs2=efebd4df latency=7 wait_cycles=6 result=765b7bec
PCPI_METRIC funct3=3 rs1=7e4a0ffc rs2=efebd4df latency=7 wait_cycles=6 result=765b7bec
PCPI_METRIC funct3=0 rs1=ecc6d4d9 rs2=8658500c latency=7 wait_cycles=6 result=fc6dca2c
PCPI_METRIC funct3=1 rs1=ecc6d4d9 rs2=8658500c latency=7 wait_cycles=6 result=09229ce6
PCPI_METRIC funct3=2 rs1=ecc6d4d9 rs2=8658500c latency=7 wait_cycles=6 result=f5e971bf
PCPI_METRIC funct3=3 rs1=ecc6d4d9 rs2=8658500c latency=7 wait_cycles=6 result=7c41c1cb
PCPI_METRIC funct3=0 rs1=600951c0 rs2=ae7a545c latency=7 wait_cycles=6 result=07ac6100
PCPI_METRIC funct3=1 rs1=600951c0 rs2=ae7a545c latency=7 wait_cycles=6 result=e16ae7e7
PCPI_METRIC funct3=2 rs1=600951c0 rs2=ae7a545c latency=7 wait_cycles=6 result=417439a7
PCPI_METRIC funct3=3 rs1=600951c0 rs2=ae7a545c latency=7 wait_cycles=6 result=417439a7
PCPI_METRIC funct3=0 rs1=40f9f181 rs2=a79ca84f latency=7 wait_cycles=6 result=653a2ecf
PCPI_METRIC funct3=1 rs1=40f9f181 rs2=a79ca84f latency=7 wait_cycles=6 result=e990de11
PCPI_METRIC funct3=2 rs1=40f9f181 rs2=a79ca84f latency=7 wait_cycles=6 result=2a8acf92
PCPI_METRIC funct3=3 rs1=40f9f181 rs2=a79ca84f latency=7 wait_cycles=6 result=2a8acf92
PCPI_METRIC funct3=0 rs1=d43790a8 rs2=519a95a3 latency=7 wait_cycles=6 result=a3a2e2f8
PCPI_METRIC funct3=1 rs1=d43790a8 rs2=519a95a3 latency=7 wait_cycles=6 result=f20b249a
PCPI_METRIC funct3=2 rs1=d43790a8 rs2=519a95a3 latency=7 wait_cycles=6 result=f20b249a
PCPI_METRIC funct3=3 rs1=d43790a8 rs2=519a95a3 latency=7 wait_cycles=6 result=43a5ba3d
PCPI_METRIC funct3=0 rs1=c4605888 rs2=7c9b37f9 latency=7 wait_cycles=6 result=2f135448
PCPI_METRIC funct3=1 rs1=c4605888 rs2=7c9b37f9 latency=7 wait_cycles=6 result=e2fa842e
PCPI_METRIC funct3=2 rs1=c4605888 rs2=7c9b37f9 latency=7 wait_cycles=6 result=e2fa842e
PCPI_METRIC funct3=3 rs1=c4605888 rs2=7c9b37f9 latency=7 wait_cycles=6 result=5f95bc27
PCPI_METRIC funct3=0 rs1=defd9cbd rs2=0c53ef18 latency=7 wait_cycles=6 result=5a6224b8
PCPI_METRIC funct3=1 rs1=defd9cbd rs2=0c53ef18 latency=7 wait_cycles=6 result=fe6910be
PCPI_METRIC funct3=2 rs1=defd9cbd rs2=0c53ef18 latency=7 wait_cycles=6 result=fe6910be
PCPI_METRIC funct3=3 rs1=defd9cbd rs2=0c53ef18 latency=7 wait_cycles=6 result=0abcffd6
PCPI_METRIC funct3=0 rs1=0f8abb1f rs2=35e9b76b latency=7 wait_cycles=6 result=64f65ef5
PCPI_METRIC funct3=1 rs1=0f8abb1f rs2=35e9b76b latency=7 wait_cycles=6 result=0345e924
PCPI_METRIC funct3=2 rs1=0f8abb1f rs2=35e9b76b latency=7 wait_cycles=6 result=0345e924
PCPI_METRIC funct3=3 rs1=0f8abb1f rs2=35e9b76b latency=7 wait_cycles=6 result=0345e924
PCPI_METRIC funct3=0 rs1=becefe7d rs2=4b498396 latency=7 wait_cycles=6 result=ea28143e
PCPI_METRIC funct3=1 rs1=becefe7d rs2=4b498396 latency=7 wait_cycles=6 result=ecd3ec12
PCPI_METRIC funct3=2 rs1=becefe7d rs2=4b498396 latency=7 wait_cycles=6 result=ecd3ec12
PCPI_METRIC funct3=3 rs1=becefe7d rs2=4b498396 latency=7 wait_cycles=6 result=381d6fa8
PCPI_METRIC funct3=0 rs1=8582800b rs2=088fa311 latency=7 wait_cycles=6 result=d35681bb
PCPI_METRIC funct3=1 rs1=8582800b rs2=088fa311 latency=7 wait_cycles=6 result=fbe759df
PCPI_METRIC funct3=2 rs1=8582800b rs2=088fa311 latency=7 wait_cycles=6 result=fbe759df
PCPI_METRIC funct3=3 rs1=8582800b rs2=088fa311 latency=7 wait_cycles=6 result=0476fcf0
PCPI_METRIC funct3=0 rs1=c7f6028f rs2=9fd6283f latency=7 wait_cycles=6 result=9a7af931
PCPI_METRIC funct3=1 rs1=c7f6028f rs2=9fd6283f latency=7 wait_cycles=6 result=150ce7de
PCPI_METRIC funct3=2 rs1=c7f6028f rs2=9fd6283f latency=7 wait_cycles=6 result=dd02ea6d
PCPI_METRIC funct3=3 rs1=c7f6028f rs2=9fd6283f latency=7 wait_cycles=6 result=7cd912ac
PCPI_METRIC funct3=0 rs1=0535d70a rs2=bd823a7b latency=7 wait_cycles=6 result=48aa95ce
PCPI_METRIC funct3=1 rs1=0535d70a rs2=bd823a7b latency=7 wait_cycles=6 result=fea58f40
PCPI_METRIC funct3=2 rs1=0535d70a rs2=bd823a7b latency=7 wait_cycles=6 result=03db664a
PCPI_METRIC funct3=3 rs1=0535d70a rs2=bd823a7b latency=7 wait_cycles=6 result=03db664a
PCPI_METRIC funct3=0 rs1=96dfb62d rs2=e2e87ec5 latency=7 wait_cycles=6 result=089956a1
PCPI_METRIC funct3=1 rs1=96dfb62d rs2=e2e87ec5 latency=7 wait_cycles=6 result=0bf24f55
PCPI_METRIC funct3=2 rs1=96dfb62d rs2=e2e87ec5 latency=7 wait_cycles=6 result=a2d20582
PCPI_METRIC funct3=3 rs1=96dfb62d rs2=e2e87ec5 latency=7 wait_cycles=6 result=85ba8447
PCPI_METRIC funct3=0 rs1=ffa3aaff rs2=aee0765d latency=7 wait_cycles=6 result=4066a8a3
PCPI_METRIC funct3=1 rs1=ffa3aaff rs2=aee0765d latency=7 wait_cycles=6 result=001d4245
PCPI_METRIC funct3=2 rs1=ffa3aaff rs2=aee0765d latency=7 wait_cycles=6 result=ffc0ed44
PCPI_METRIC funct3=3 rs1=ffa3aaff rs2=aee0765d latency=7 wait_cycles=6 result=aea163a1
PCPI_METRIC funct3=0 rs1=e527e6ca rs2=6b9ee1d7 latency=7 wait_cycles=6 result=65065da6
PCPI_METRIC funct3=1 rs1=e527e6ca rs2=6b9ee1d7 latency=7 wait_cycles=6 result=f4b70468
PCPI_METRIC funct3=2 rs1=e527e6ca rs2=6b9ee1d7 latency=7 wait_cycles=6 result=f4b70468
PCPI_METRIC funct3=3 rs1=e527e6ca rs2=6b9ee1d7 latency=7 wait_cycles=6 result=6055e63f
PCPI_METRIC funct3=0 rs1=1ec7a73d rs2=6eef15dd latency=7 wait_cycles=6 result=4b0660a9
PCPI_METRIC funct3=1 rs1=1ec7a73d rs2=6eef15dd latency=7 wait_cycles=6 result=0d5688e2
PCPI_METRIC funct3=2 rs1=1ec7a73d rs2=6eef15dd latency=7 wait_cycles=6 result=0d5688e2
PCPI_METRIC funct3=3 rs1=1ec7a73d rs2=6eef15dd latency=7 wait_cycles=6 result=0d5688e2
PCPI_METRIC funct3=0 rs1=0d651b1a rs2=f5a36aeb latency=7 wait_cycles=6 result=4c96a4de
PCPI_METRIC funct3=1 rs1=0d651b1a rs2=f5a36aeb latency=7 wait_cycles=6 result=ff7534ce
PCPI_METRIC funct3=2 rs1=0d651b1a rs2=f5a36aeb latency=7 wait_cycles=6 result=0cda4fe8
PCPI_METRIC funct3=3 rs1=0d651b1a rs2=f5a36aeb latency=7 wait_cycles=6 result=0cda4fe8
PCPI_METRIC funct3=0 rs1=694639d2 rs2=14d49329 latency=7 wait_cycles=6 result=795ad8a2
PCPI_METRIC funct3=1 rs1=694639d2 rs2=14d49329 latency=7 wait_cycles=6 result=0890e730
PCPI_METRIC funct3=2 rs1=694639d2 rs2=14d49329 latency=7 wait_cycles=6 result=0890e730
PCPI_METRIC funct3=3 rs1=694639d2 rs2=14d49329 latency=7 wait_cycles=6 result=0890e730
PCPI_METRIC funct3=0 rs1=09b4a313 rs2=9347f826 latency=7 wait_cycles=6 result=920f9cd2
PCPI_METRIC funct3=1 rs1=09b4a313 rs2=9347f826 latency=7 wait_cycles=6 result=fbe0d112
PCPI_METRIC funct3=2 rs1=09b4a313 rs2=9347f826 latency=7 wait_cycles=6 result=05957425
PCPI_METRIC funct3=3 rs1=09b4a313 rs2=9347f826 latency=7 wait_cycles=6 result=05957425
PCPI_METRIC funct3=0 rs1=8ed88a1d rs2=eb1528d6 latency=7 wait_cycles=6 result=31f8fc3e
PCPI_METRIC funct3=1 rs1=8ed88a1d rs2=eb1528d6 latency=7 wait_cycles=6 result=093ee262
PCPI_METRIC funct3=2 rs1=8ed88a1d rs2=eb1528d6 latency=7 wait_cycles=6 result=98176c7f
PCPI_METRIC funct3=3 rs1=8ed88a1d rs2=eb1528d6 latency=7 wait_cycles=6 result=832c9555
PCPI_METRIC funct3=0 rs1=79068bf2 rs2=c762268e latency=7 wait_cycles=6 result=cb0b8c3c
PCPI_METRIC funct3=1 rs1=79068bf2 rs2=c762268e latency=7 wait_cycles=6 result=e53bf192
PCPI_METRIC funct3=2 rs1=79068bf2 rs2=c762268e latency=7 wait_cycles=6 result=5e427d84
PCPI_METRIC funct3=3 rs1=79068bf2 rs2=c762268e latency=7 wait_cycles=6 result=5e427d84
PCPI_METRIC funct3=0 rs1=c9788892 rs2=fbced2f7 latency=7 wait_cycles=6 result=4ecf88de
PCPI_METRIC funct3=1 rs1=c9788892 rs2=fbced2f7 latency=7 wait_cycles=6 result=00e49763
PCPI_METRIC funct3=2 rs1=c9788892 rs2=fbced2f7 latency=7 wait_cycles=6 result=ca5d1ff5
PCPI_METRIC funct3=3 rs1=c9788892 rs2=fbced2f7 latency=7 wait_cycles=6 result=c62bf2ec
PCPI_METRIC funct3=0 rs1=f7299aee rs2=a2e74e45 latency=7 wait_cycles=6 result=b42d4626
PCPI_METRIC funct3=1 rs1=f7299aee rs2=a2e74e45 latency=7 wait_cycles=6 result=0336bcf3
PCPI_METRIC funct3=2 rs1=f7299aee rs2=a2e74e45 latency=7 wait_cycles=6 result=fa6057e1
PCPI_METRIC funct3=3 rs1=f7299aee rs2=a2e74e45 latency=7 wait_cycles=6 result=9d47a626
PCPI_METRIC funct3=0 rs1=7f4ce1fe rs2=b6b5506d latency=7 wait_cycles=6 result=96f19926
PCPI_METRIC funct3=1 rs1=7f4ce1fe rs2=b6b5506d latency=7 wait_cycles=6 result=db8df006
PCPI_METRIC funct3=2 rs1=7f4ce1fe rs2=b6b5506d latency=7 wait_cycles=6 result=5adad204
PCPI_METRIC funct3=3 rs1=7f4ce1fe rs2=b6b5506d latency=7 wait_cycles=6 result=5adad204
PCPI_METRIC funct3=0 rs1=d39764a7 rs2=82489004 latency=7 wait_cycles=6 result=93f3829c
PCPI_METRIC funct3=1 rs1=d39764a7 rs2=82489004 latency=7 wait_cycles=6 result=15cee60e
PCPI_METRIC funct3=2 rs1=d39764a7 rs2=82489004 latency=7 wait_cycles=6 result=e9664ab5
PCPI_METRIC funct3=3 rs1=d39764a7 rs2=82489004 latency=7 wait_cycles=6 result=6baedab9
PCPI_METRIC funct3=0 rs1=9154fc22 rs2=acce1c59 latency=7 wait_cycles=6 result=8d7b5fd2
PCPI_METRIC funct3=1 rs1=9154fc22 rs2=acce1c59 latency=7 wait_cycles=6 result=23f70366
PCPI_METRIC funct3=2 rs1=9154fc22 rs2=acce1c59 latency=7 wait_cycles=6 result=b54bff88
PCPI_METRIC funct3=3 rs1=9154fc22 rs2=acce1c59 latency=7 wait_cycles=6 result=621a1be1
PCPI_METRIC funct3=0 rs1=f3002ee6 rs2=c68ec48d latency=7 wait_cycles=6 result=e295ecae
PCPI_METRIC funct3=1 rs1=f3002ee6 rs2=c68ec48d latency=7 wait_cycles=6 result=02eab57e
PCPI_METRIC funct3=2 rs1=f3002ee6 rs2=c68ec48d latency=7 wait_cycles=6 result=f5eae464
PCPI_METRIC funct3=3 rs1=f3002ee6 rs2=c68ec48d latency=7 wait_cycles=6 result=bc79a8f1
PCPI_METRIC funct3=0 rs1=02d50905 rs2=1dec713b latency=7 wait_cycles=6 result=91b04927
PCPI_METRIC funct3=1 rs1=02d50905 rs2=1dec713b latency=7 wait_cycles=6 result=0054bfaa
PCPI_METRIC funct3=2 rs1=02d50905 rs2=1dec713b latency=7 wait_cycles=6 result=0054bfaa
PCPI_METRIC funct3=3 rs1=02d50905 rs2=1dec713b latency=7 wait_cycles=6 result=0054bfaa
PCPI_METRIC funct3=0 rs1=679709cf rs2=a636884c latency=7 wait_cycles=6 result=49b6e174
PCPI_METRIC funct3=1 rs1=679709cf rs2=a636884c latency=7 wait_cycles=6 result=dbaaf790
PCPI_METRIC funct3=2 rs1=679709cf rs2=a636884c latency=7 wait_cycles=6 result=4342015f
PCPI_METRIC funct3=3 rs1=679709cf rs2=a636884c latency=7 wait_cycles=6 result=4342015f
PCPI_METRIC funct3=0 rs1=6581f3cb rs2=d3ed4ca7 latency=7 wait_cycles=6 result=d0154d6d
PCPI_METRIC funct3=1 rs1=6581f3cb rs2=d3ed4ca7 latency=7 wait_cycles=6 result=ee863fd8
PCPI_METRIC funct3=2 rs1=6581f3cb rs2=d3ed4ca7 latency=7 wait_cycles=6 result=540833a3
PCPI_METRIC funct3=3 rs1=6581f3cb rs2=d3ed4ca7 latency=7 wait_cycles=6 result=540833a3
PCPI_METRIC funct3=0 rs1=0c1dbd18 rs2=f1cc38e3 latency=7 wait_cycles=6 result=86dbec48
PCPI_METRIC funct3=1 rs1=0c1dbd18 rs2=f1cc38e3 latency=7 wait_cycles=6 result=ff53ec4f
PCPI_METRIC funct3=2 rs1=0c1dbd18 rs2=f1cc38e3 latency=7 wait_cycles=6 result=0b71a967
PCPI_METRIC funct3=3 rs1=0c1dbd18 rs2=f1cc38e3 latency=7 wait_cycles=6 result=0b71a967
PCPI_METRIC funct3=0 rs1=366d676c rs2=87b3680f latency=7 wait_cycles=6 result=e6f0ef54
PCPI_METRIC funct3=1 rs1=366d676c rs2=87b3680f latency=7 wait_cycles=6 result=e66c6ebc
PCPI_METRIC funct3=2 rs1=366d676c rs2=87b3680f latency=7 wait_cycles=6 result=1cd9d628
PCPI_METRIC funct3=3 rs1=366d676c rs2=87b3680f latency=7 wait_cycles=6 result=1cd9d628
PCPI_METRIC funct3=0 rs1=2db0d95b rs2=6847f1d0 latency=7 wait_cycles=6 result=dc8c44f0
PCPI_METRIC funct3=1 rs1=2db0d95b rs2=6847f1d0 latency=7 wait_cycles=6 result=129caf81
PCPI_METRIC funct3=2 rs1=2db0d95b rs2=6847f1d0 latency=7 wait_cycles=6 result=129caf81
PCPI_METRIC funct3=3 rs1=2db0d95b rs2=6847f1d0 latency=7 wait_cycles=6 result=129caf81
PCPI_METRIC funct3=0 rs1=17b1cd2f rs2=cbe34297 latency=7 wait_cycles=6 result=067324b9
PCPI_METRIC funct3=1 rs1=17b1cd2f rs2=cbe34297 latency=7 wait_cycles=6 result=fb2d3958
PCPI_METRIC funct3=2 rs1=17b1cd2f rs2=cbe34297 latency=7 wait_cycles=6 result=12df0687
PCPI_METRIC funct3=3 rs1=17b1cd2f rs2=cbe34297 latency=7 wait_cycles=6 result=12df0687
PCPI_METRIC funct3=0 rs1=1053a720 rs2=f7298cee latency=7 wait_cycles=6 result=914adfc0
PCPI_METRIC funct3=1 rs1=1053a720 rs2=f7298cee latency=7 wait_cycles=6 result=ff6fb582
PCPI_METRIC funct3=2 rs1=1053a720 rs2=f7298cee latency=7 wait_cycles=6 result=0fc35ca2
PCPI_METRIC funct3=3 rs1=1053a720 rs2=f7298cee latency=7 wait_cycles=6 result=0fc35ca2
PCPI_METRIC funct3=0 rs1=92de5425 rs2=395f1772 latency=7 wait_cycles=6 result=d74bcb7a
PCPI_METRIC funct3=1 rs1=92de5425 rs2=395f1772 latency=7 wait_cycles=6 result=e78af73e
PCPI_METRIC funct3=2 rs1=92de5425 rs2=395f1772 latency=7 wait_cycles=6 result=e78af73e
PCPI_METRIC funct3=3 rs1=92de5425 rs2=395f1772 latency=7 wait_cycles=6 result=20ea0eb0
PCPI_METRIC funct3=0 rs1=da3c32b4 rs2=0254a704 latency=7 wait_cycles=6 result=b91436d0
PCPI_METRIC funct3=1 rs1=da3c32b4 rs2=0254a704 latency=7 wait_cycles=6 result=ffa7fb82
PCPI_METRIC funct3=2 rs1=da3c32b4 rs2=0254a704 latency=7 wait_cycles=6 result=ffa7fb82
PCPI_METRIC funct3=3 rs1=da3c32b4 rs2=0254a704 latency=7 wait_cycles=6 result=01fca286
PCPI_METRIC funct3=0 rs1=d022e8a0 rs2=5982e1b3 latency=7 wait_cycles=6 result=f81d47e0
PCPI_METRIC funct3=1 rs1=d022e8a0 rs2=5982e1b3 latency=7 wait_cycles=6 result=ef43aa66
PCPI_METRIC funct3=2 rs1=d022e8a0 rs2=5982e1b3 latency=7 wait_cycles=6 result=ef43aa66
PCPI_METRIC funct3=3 rs1=d022e8a0 rs2=5982e1b3 latency=7 wait_cycles=6 result=48c68c19
PCPI_METRIC funct3=0 rs1=31df4b63 rs2=8fac9e1f latency=7 wait_cycles=6 result=ce153afd
PCPI_METRIC funct3=1 rs1=31df4b63 rs2=8fac9e1f latency=7 wait_cycles=6 result=ea1e108d
PCPI_METRIC funct3=2 rs1=31df4b63 rs2=8fac9e1f latency=7 wait_cycles=6 result=1bfd5bf0
PCPI_METRIC funct3=3 rs1=31df4b63 rs2=8fac9e1f latency=7 wait_cycles=6 result=1bfd5bf0
PCPI_METRIC funct3=0 rs1=6e3c37dc rs2=8a205c14 latency=7 wait_cycles=6 result=d4476d30
PCPI_METRIC funct3=1 rs1=6e3c37dc rs2=8a205c14 latency=7 wait_cycles=6 result=cd3e2d6d
PCPI_METRIC funct3=2 rs1=6e3c37dc rs2=8a205c14 latency=7 wait_cycles=6 result=3b7a6549
PCPI_METRIC funct3=3 rs1=6e3c37dc rs2=8a205c14 latency=7 wait_cycles=6 result=3b7a6549
PCPI_METRIC funct3=0 rs1=9abc7835 rs2=f2708ce4 latency=7 wait_cycles=6 result=92c80b34
PCPI_METRIC funct3=1 rs1=9abc7835 rs2=f2708ce4 latency=7 wait_cycles=6 result=055d2c26
PCPI_METRIC funct3=2 rs1=9abc7835 rs2=f2708ce4 latency=7 wait_cycles=6 result=a019a45b
PCPI_METRIC funct3=3 rs1=9abc7835 rs2=f2708ce4 latency=7 wait_cycles=6 result=928a313f
PCPI_METRIC funct3=0 rs1=671fa9ce rs2=d73b04ae latency=7 wait_cycles=6 result=baa6a204
PCPI_METRIC funct3=1 rs1=671fa9ce rs2=d73b04ae latency=7 wait_cycles=6 result=ef93b3fc
PCPI_METRIC funct3=2 rs1=671fa9ce rs2=d73b04ae latency=7 wait_cycles=6 result=56b35dca
PCPI_METRIC funct3=3 rs1=671fa9ce rs2=d73b04ae latency=7 wait_cycles=6 result=56b35dca
PCPI_METRIC funct3=0 rs1=5cea0bb9 rs2=525751a4 latency=7 wait_cycles=6 result=d1840b84
PCPI_METRIC funct3=1 rs1=5cea0bb9 rs2=525751a4 latency=7 wait_cycles=6 result=1de2a8ec
PCPI_METRIC funct3=2 rs1=5cea0bb9 rs2=525751a4 latency=7 wait_cycles=6 result=1de2a8ec
PCPI_METRIC funct3=3 rs1=5cea0bb9 rs2=525751a4 latency=7 wait_cycles=6 result=1de2a8ec
PCPI_METRIC funct3=0 rs1=ad676c5a rs2=8684180d latency=7 wait_cycles=6 result=7ad0f092
PCPI_METRIC funct3=1 rs1=ad676c5a rs2=8684180d latency=7 wait_cycles=6 result=273217ee
PCPI_METRIC funct3=2 rs1=ad676c5a rs2=8684180d latency=7 wait_cycles=6 result=d4998448
PCPI_METRIC funct3=3 rs1=ad676c5a rs2=8684180d latency=7 wait_cycles=6 result=5b1d9c55
PCPI_METRIC funct3=0 rs1=83610a06 rs2=2a6b8354 latency=7 wait_cycles=6 result=f07a5bf8
PCPI_METRIC funct3=1 rs1=83610a06 rs2=2a6b8354 latency=7 wait_cycles=6 result=eb599545
PCPI_METRIC funct3=2 rs1=83610a06 rs2=2a6b8354 latency=7 wait_cycles=6 result=eb599545
PCPI_METRIC funct3=3 rs1=83610a06 rs2=2a6b8354 latency=7 wait_cycles=6 result=15c51899
PCPI_METRIC funct3=0 rs1=ee7e6adc rs2=d09690a1 latency=7 wait_cycles=6 result=7684f45c
PCPI_METRIC funct3=1 rs1=ee7e6adc rs2=d09690a1 latency=7 wait_cycles=6 result=033e0025
PCPI_METRIC funct3=2 rs1=ee7e6adc rs2=d09690a1 latency=7 wait_cycles=6 result=f1bc6b01
PCPI_METRIC funct3=3 rs1=ee7e6adc rs2=d09690a1 latency=7 wait_cycles=6 result=c252fba2
PCPI_METRIC funct3=0 rs1=3d09457a rs2=9ba78037 latency=7 wait_cycles=6 result=f050ed36
PCPI_METRIC funct3=1 rs1=3d09457a rs2=9ba78037 latency=7 wait_cycles=6 result=e8134734
PCPI_METRIC funct3=2 rs1=3d09457a rs2=9ba78037 latency=7 wait_cycles=6 result=251c8cae
PCPI_METRIC funct3=3 rs1=3d09457a rs2=9ba78037 latency=7 wait_cycles=6 result=251c8cae
PCPI_METRIC funct3=0 rs1=a58c544b rs2=03f32b07 latency=7 wait_cycles=6 result=fd2fe70d
PCPI_METRIC funct3=1 rs1=a58c544b rs2=03f32b07 latency=7 wait_cycles=6 result=fe9ab9fc
PCPI_METRIC funct3=2 rs1=a58c544b rs2=03f32b07 latency=7 wait_cycles=6 result=fe9ab9fc
PCPI_METRIC funct3=3 rs1=a58c544b rs2=03f32b07 latency=7 wait_cycles=6 result=028de503
PCPI_METRIC funct3=0 rs1=ac854659 rs2=2f51675e latency=7 wait_cycles=6 result=9166a3ae
PCPI_METRIC funct3=1 rs1=ac854659 rs2=2f51675e latency=7 wait_cycles=6 result=f091ec60
PCPI_METRIC funct3=2 rs1=ac854659 rs2=2f51675e latency=7 wait_cycles=6 result=f091ec60
PCPI_METRIC funct3=3 rs1=ac854659 rs2=2f51675e latency=7 wait_cycles=6 result=1fe353be
PCPI_METRIC funct3=0 rs1=6b2191d6 rs2=0dbc631b latency=7 wait_cycles=6 result=3f182392
PCPI_METRIC funct3=1 rs1=6b2191d6 rs2=0dbc631b latency=7 wait_cycles=6 result=05bf8a88
PCPI_METRIC funct3=2 rs1=6b2191d6 rs2=0dbc631b latency=7 wait_cycles=6 result=05bf8a88
PCPI_METRIC funct3=3 rs1=6b2191d6 rs2=0dbc631b latency=7 wait_cycles=6 result=05bf8a88
PCPI_METRIC funct3=0 rs1=f2be5ae5 rs2=651711ca latency=7 wait_cycles=6 result=b1cfedb2
PCPI_METRIC funct3=1 rs1=f2be5ae5 rs2=651711ca latency=7 wait_cycles=6 result=fac3e80a
PCPI_METRIC funct3=2 rs1=f2be5ae5 rs2=651711ca latency=7 wait_cycles=6 result=fac3e80a
PCPI_METRIC funct3=3 rs1=f2be5ae5 rs2=651711ca latency=7 wait_cycles=6 result=5fdaf9d4
PCPI_METRIC funct3=0 rs1=2da34f5b rs2=24327548 latency=7 wait_cycles=6 result=c4f8e898
PCPI_METRIC funct3=1 rs1=2da34f5b rs2=24327548 latency=7 wait_cycles=6 result=0673f5f6
PCPI_METRIC funct3=2 rs1=2da34f5b rs2=24327548 latency=7 wait_cycles=6 result=0673f5f6
PCPI_METRIC funct3=3 rs1=2da34f5b rs2=24327548 latency=7 wait_cycles=6 result=0673f5f6
PCPI_METRIC funct3=0 rs1=00308d00 rs2=28ea1951 latency=7 wait_cycles=6 result=af219d00
PCPI_METRIC funct3=1 rs1=00308d00 rs2=28ea1951 latency=7 wait_cycles=6 result=0007c26d
PCPI_METRIC funct3=2 rs1=00308d00 rs2=28ea1951 latency=7 wait_cycles=6 result=0007c26d
PCPI_METRIC funct3=3 rs1=00308d00 rs2=28ea1951 latency=7 wait_cycles=6 result=0007c26d
PCPI_METRIC funct3=0 rs1=be777a7c rs2=0eef5d1d latency=7 wait_cycles=6 result=1ccbec0c
PCPI_METRIC funct3=1 rs1=be777a7c rs2=0eef5d1d latency=7 wait_cycles=6 result=fc2d4268
PCPI_METRIC funct3=2 rs1=be777a7c rs2=0eef5d1d latency=7 wait_cycles=6 result=fc2d4268
PCPI_METRIC funct3=3 rs1=be777a7c rs2=0eef5d1d latency=7 wait_cycles=6 result=0b1c9f85
PCPI_METRIC funct3=0 rs1=78f6abf1 rs2=0c9bdf19 latency=7 wait_cycles=6 result=16c8b989
PCPI_METRIC funct3=1 rs1=78f6abf1 rs2=0c9bdf19 latency=7 wait_cycles=6 result=05f536d4
PCPI_METRIC funct3=2 rs1=78f6abf1 rs2=0c9bdf19 latency=7 wait_cycles=6 result=05f536d4
PCPI_METRIC funct3=3 rs1=78f6abf1 rs2=0c9bdf19 latency=7 wait_cycles=6 result=05f536d4
PCPI_METRIC funct3=0 rs1=dff0bcbf rs2=48e2d791 latency=7 wait_cycles=6 result=5e7d512f
PCPI_METRIC funct3=1 rs1=dff0bcbf rs2=48e2d791 latency=7 wait_cycles=6 result=f6df4c9d
PCPI_METRIC funct3=2 rs1=dff0bcbf rs2=48e2d791 latency=7 wait_cycles=6 result=f6df4c9d
PCPI_METRIC funct3=3 rs1=dff0bcbf rs2=48e2d791 latency=7 wait_cycles=6 result=3fc2242e
PCPI_METRIC funct3=0 rs1=b7963e6f rs2=e1397ac2 latency=7 wait_cycles=6 result=2f53361e
PCPI_METRIC funct3=1 rs1=b7963e6f rs2=e1397ac2 latency=7 wait_cycles=6 result=08b48c2b
PCPI_METRIC funct3=2 rs1=b7963e6f rs2=e1397ac2 latency=7 wait_cycles=6 result=c04aca9a
PCPI_METRIC funct3=3 rs1=b7963e6f rs2=e1397ac2 latency=7 wait_cycles=6 result=a184455c
PCPI_METRIC funct3=0 rs1=bffa847f rs2=f80e5ef0 latency=7 wait_cycles=6 result=3e74d910
PCPI_METRIC funct3=1 rs1=bffa847f rs2=f80e5ef0 latency=7 wait_cycles=6 result=01fc93d1
PCPI_METRIC funct3=2 rs1=bffa847f rs2=f80e5ef0 latency=7 wait_cycles=6 result=c1f71850
PCPI_METRIC funct3=3 rs1=bffa847f rs2=f80e5ef0 latency=7 wait_cycles=6 result=ba057740
PCPI_METRIC funct3=0 rs1=ba8b9475 rs2=0c27cd18 latency=7 wait_cycles=6 result=5cca9bf8
PCPI_METRIC funct3=1 rs1=ba8b9475 rs2=0c27cd18 latency=7 wait_cycles=6 result=fcb3be94
PCPI_METRIC funct3=2 rs1=ba8b9475 rs2=0c27cd18 latency=7 wait_cycles=6 result=fcb3be94
PCPI_METRIC funct3=3 rs1=ba8b9475 rs2=0c27cd18 latency=7 wait_cycles=6 result=08db8bac
PCPI_METRIC funct3=0 rs1=8b84fe17 rs2=77012fee latency=7 wait_cycles=6 result=cf617262
PCPI_METRIC funct3=1 rs1=8b84fe17 rs2=77012fee latency=7 wait_cycles=6 result=c9da47d2
PCPI_METRIC funct3=2 rs1=8b84fe17 rs2=77012fee latency=7 wait_cycles=6 result=c9da47d2
PCPI_METRIC funct3=3 rs1=8b84fe17 rs2=77012fee latency=7 wait_cycles=6 result=40db77c0
PCPI_METRIC funct3=0 rs1=8895ba11 rs2=b3ff6c67 latency=7 wait_cycles=6 result=58ac08d7
PCPI_METRIC funct3=1 rs1=8895ba11 rs2=b3ff6c67 latency=7 wait_cycles=6 result=2373d19c
PCPI_METRIC funct3=2 rs1=8895ba11 rs2=b3ff6c67 latency=7 wait_cycles=6 result=ac098bad
PCPI_METRIC funct3=3 rs1=8895ba11 rs2=b3ff6c67 latency=7 wait_cycles=6 result=6008f814
PCPI_METRIC funct3=0 rs1=86b1140d rs2=ec1446d8 latency=7 wait_cycles=6 result=9de878f8
PCPI_METRIC funct3=1 rs1=86b1140d rs2=ec1446d8 latency=7 wait_cycles=6 result=09708eb2
PCPI_METRIC funct3=2 rs1=86b1140d rs2=ec1446d8 latency=7 wait_cycles=6 result=9021a2bf
PCPI_METRIC funct3=3 rs1=86b1140d rs2=ec1446d8 latency=7 wait_cycles=6 result=7c35e997
PCPI_METRIC funct3=0 rs1=57c27daf rs2=a128b842 latency=7 wait_cycles=6 result=1cd22f1e
PCPI_METRIC funct3=1 rs1=57c27daf rs2=a128b842 latency=7 wait_cycles=6 result=df7cc8ea
PCPI_METRIC funct3=2 rs1=57c27daf rs2=a128b842 latency=7 wait_cycles=6 result=373f4699
PCPI_METRIC funct3=3 rs1=57c27daf rs2=a128b842 latency=7 wait_cycles=6 result=373f4699
[6] Progress: 800/1000 groups
PCPI_METRIC funct3=0 rs1=d5bc72ab rs2=2a665f54 latency=7 wait_cycles=6 result=ce85151c
PCPI_METRIC funct3=1 rs1=d5bc72ab rs2=2a665f54 latency=7 wait_cycles=6 result=f9000428
PCPI_METRIC funct3=2 rs1=d5bc72ab rs2=2a665f54 latency=7 wait_cycles=6 result=f9000428
PCPI_METRIC funct3=3 rs1=d5bc72ab rs2=2a665f54 latency=7 wait_cycles=6 result=2366637c
PCPI_METRIC funct3=0 rs1=833a6206 rs2=6e37cddc latency=7 wait_cycles=6 result=29f50b28
PCPI_METRIC funct3=1 rs1=833a6206 rs2=6e37cddc latency=7 wait_cycles=6 result=ca47e354
PCPI_METRIC funct3=2 rs1=833a6206 rs2=6e37cddc latency=7 wait_cycles=6 result=ca47e354
PCPI_METRIC funct3=3 rs1=833a6206 rs2=6e37cddc latency=7 wait_cycles=6 result=387fb130
PCPI_METRIC funct3=0 rs1=e2ad84c5 rs2=d897f4b1 latency=7 wait_cycles=6 result=a4b79035
PCPI_METRIC funct3=1 rs1=e2ad84c5 rs2=d897f4b1 latency=7 wait_cycles=6 result=04837b93
PCPI_METRIC funct3=2 rs1=e2ad84c5 rs2=d897f4b1 latency=7 wait_cycles=6 result=e7310058
PCPI_METRIC funct3=3 rs1=e2ad84c5 rs2=d897f4b1 latency=7 wait_cycles=6 result=bfc8f509
PCPI_METRIC funct3=0 rs1=1bccbd37 rs2=640885c8 latency=7 wait_cycles=6 result=7bf965f8
PCPI_METRIC funct3=1 rs1=1bccbd37 rs2=640885c8 latency=7 wait_cycles=6 result=0adce6d6
PCPI_METRIC funct3=2 rs1=1bccbd37 rs2=640885c8 latency=7 wait_cycles=6 result=0adce6d6
PCPI_METRIC funct3=3 rs1=1bccbd37 rs2=640885c8 latency=7 wait_cycles=6 result=0adce6d6
PCPI_METRIC funct3=0 rs1=0bbf7917 rs2=99474432 latency=7 wait_cycles=6 result=7bf0c27e
PCPI_METRIC funct3=1 rs1=0bbf7917 rs2=99474432 latency=7 wait_cycles=6 result=fb493b83
PCPI_METRIC funct3=2 rs1=0bbf7917 rs2=99474432 latency=7 wait_cycles=6 result=0708b49a
PCPI_METRIC funct3=3 rs1=0bbf7917 rs2=99474432 latency=7 wait_cycles=6 result=0708b49a
PCPI_METRIC funct3=0 rs1=9f3b963e rs2=1d9a7b3b latency=7 wait_cycles=6 result=bb376a4a
PCPI_METRIC funct3=1 rs1=9f3b963e rs2=1d9a7b3b latency=7 wait_cycles=6 result=f4cf5b48
PCPI_METRIC funct3=2 rs1=9f3b963e rs2=1d9a7b3b latency=7 wait_cycles=6 result=f4cf5b48
PCPI_METRIC funct3=3 rs1=9f3b963e rs2=1d9a7b3b latency=7 wait_cycles=6 result=1269d683
PCPI_METRIC funct3=0 rs1=068e3b0d rs2=b14c4a62 latency=7 wait_cycles=6 result=24605cfa
PCPI_METRIC funct3=1 rs1=068e3b0d rs2=b14c4a62 latency=7 wait_cycles=6 result=fdfc0fe8
PCPI_METRIC funct3=2 rs1=068e3b0d rs2=b14c4a62 latency=7 wait_cycles=6 result=048a4af5
PCPI_METRIC funct3=3 rs1=068e3b0d rs2=b14c4a62 latency=7 wait_cycles=6 result=048a4af5
PCPI_METRIC funct3=0 rs1=2247b944 rs2=cfad0e9f latency=7 wait_cycles=6 result=65a1c93c
PCPI_METRIC funct3=1 rs1=2247b944 rs2=cfad0e9f latency=7 wait_cycles=6 result=f98771f7
PCPI_METRIC funct3=2 rs1=2247b944 rs2=cfad0e9f latency=7 wait_cycles=6 result=1bcf2b3b
PCPI_METRIC funct3=3 rs1=2247b944 rs2=cfad0e9f latency=7 wait_cycles=6 result=1bcf2b3b
PCPI_METRIC funct3=0 rs1=24027348 rs2=67b4c1cf latency=7 wait_cycles=6 result=fd847f38
PCPI_METRIC funct3=1 rs1=24027348 rs2=67b4c1cf latency=7 wait_cycles=6 result=0e96695d
PCPI_METRIC funct3=2 rs1=24027348 rs2=67b4c1cf latency=7 wait_cycles=6 result=0e96695d
PCPI_METRIC funct3=3 rs1=24027348 rs2=67b4c1cf latency=7 wait_cycles=6 result=0e96695d
PCPI_METRIC funct3=0 rs1=f97cb4f2 rs2=d01b58a0 latency=7 wait_cycles=6 result=81aa4740
PCPI_METRIC funct3=1 rs1=f97cb4f2 rs2=d01b58a0 latency=7 wait_cycles=6 result=0137ebf8
PCPI_METRIC funct3=2 rs1=f97cb4f2 rs2=d01b58a0 latency=7 wait_cycles=6 result=fab4a0ea
PCPI_METRIC funct3=3 rs1=f97cb4f2 rs2=d01b58a0 latency=7 wait_cycles=6 result=cacff98a
PCPI_METRIC funct3=0 rs1=60fd93c1 rs2=1b802737 latency=7 wait_cycles=6 result=b37d2577
PCPI_METRIC funct3=1 rs1=60fd93c1 rs2=1b802737 latency=7 wait_cycles=6 result=0a6b4c3a
PCPI_METRIC funct3=2 rs1=60fd93c1 rs2=1b802737 latency=7 wait_cycles=6 result=0a6b4c3a
PCPI_METRIC funct3=3 rs1=60fd93c1 rs2=1b802737 latency=7 wait_cycles=6 result=0a6b4c3a
PCPI_METRIC funct3=0 rs1=acbcd059 rs2=b8f83871 latency=7 wait_cycles=6 result=5b236f49
PCPI_METRIC funct3=1 rs1=acbcd059 rs2=b8f83871 latency=7 wait_cycles=6 result=171a29f5
PCPI_METRIC funct3=2 rs1=acbcd059 rs2=b8f83871 latency=7 wait_cycles=6 result=c3d6fa4e
PCPI_METRIC funct3=3 rs1=acbcd059 rs2=b8f83871 latency=7 wait_cycles=6 result=7ccf32bf
PCPI_METRIC funct3=0 rs1=efc5c0df rs2=cb1bb696 latency=7 wait_cycles=6 result=41828caa
PCPI_METRIC funct3=1 rs1=efc5c0df rs2=cb1bb696 latency=7 wait_cycles=6 result=035a4d5a
PCPI_METRIC funct3=2 rs1=efc5c0df rs2=cb1bb696 latency=7 wait_cycles=6 result=f3200e39
PCPI_METRIC funct3=3 rs1=efc5c0df rs2=cb1bb696 latency=7 wait_cycles=6 result=be3bc4cf
PCPI_METRIC funct3=0 rs1=c18d1c83 rs2=436a4786 latency=7 wait_cycles=6 result=8a034192
PCPI_METRIC funct3=1 rs1=c18d1c83 rs2=436a4786 latency=7 wait_cycles=6 result=ef8e0171
PCPI_METRIC funct3=2 rs1=c18d1c83 rs2=436a4786 latency=7 wait_cycles=6 result=ef8e0171
PCPI_METRIC funct3=3 rs1=c18d1c83 rs2=436a4786 latency=7 wait_cycles=6 result=32f848f7
PCPI_METRIC funct3=0 rs1=a631ec4c rs2=899e6a13 latency=7 wait_cycles=6 result=847401a4
PCPI_METRIC funct3=1 rs1=a631ec4c rs2=899e6a13 latency=7 wait_cycles=6 result=298738c2
PCPI_METRIC funct3=2 rs1=a631ec4c rs2=899e6a13 latency=7 wait_cycles=6 result=cfb9250e
PCPI_METRIC funct3=3 rs1=a631ec4c rs2=899e6a13 latency=7 wait_cycles=6 result=59578f21
PCPI_METRIC funct3=0 rs1=a8216250 rs2=b647e06c latency=7 wait_cycles=6 result=484b79c0
PCPI_METRIC funct3=1 rs1=a8216250 rs2=b647e06c latency=7 wait_cycles=6 result=194dadcf
PCPI_METRIC funct3=2 rs1=a8216250 rs2=b647e06c latency=7 wait_cycles=6 result=c16f101f
PCPI_METRIC funct3=3 rs1=a8216250 rs2=b647e06c latency=7 wait_cycles=6 result=77b6f08b
PCPI_METRIC funct3=0 rs1=7c95c1f9 rs2=1dc5013b latency=7 wait_cycles=6 result=c5e2ad63
PCPI_METRIC funct3=1 rs1=7c95c1f9 rs2=1dc5013b latency=7 wait_cycles=6 result=0e7cd6d0
PCPI_METRIC funct3=2 rs1=7c95c1f9 rs2=1dc5013b latency=7 wait_cycles=6 result=0e7cd6d0
PCPI_METRIC funct3=3 rs1=7c95c1f9 rs2=1dc5013b latency=7 wait_cycles=6 result=0e7cd6d0
PCPI_METRIC funct3=0 rs1=d72830ae rs2=84732208 latency=7 wait_cycles=6 result=a5e2a170
PCPI_METRIC funct3=1 rs1=d72830ae rs2=84732208 latency=7 wait_cycles=6 result=13b62a0b
PCPI_METRIC funct3=2 rs1=d72830ae rs2=84732208 latency=7 wait_cycles=6 result=eade5ab9
PCPI_METRIC funct3=3 rs1=d72830ae rs2=84732208 latency=7 wait_cycles=6 result=6f517cc1
PCPI_METRIC funct3=0 rs1=096dab12 rs2=c6adf48d latency=7 wait_cycles=6 result=3f9e60ea
PCPI_METRIC funct3=1 rs1=096dab12 rs2=c6adf48d latency=7 wait_cycles=6 result=fde38f5c
PCPI_METRIC funct3=2 rs1=096dab12 rs2=c6adf48d latency=7 wait_cycles=6 result=07513a6e
PCPI_METRIC funct3=3 rs1=096dab12 rs2=c6adf48d latency=7 wait_cycles=6 result=07513a6e
PCPI_METRIC funct3=0 rs1=e256d0c4 rs2=76f5e9ed latency=7 wait_cycles=6 result=b1f5a974
PCPI_METRIC funct3=1 rs1=e256d0c4 rs2=76f5e9ed latency=7 wait_cycles=6 result=f2378635
PCPI_METRIC funct3=2 rs1=e256d0c4 rs2=76f5e9ed latency=7 wait_cycles=6 result=f2378635
PCPI_METRIC funct3=3 rs1=e256d0c4 rs2=76f5e9ed latency=7 wait_cycles=6 result=692d7022
PCPI_METRIC funct3=0 rs1=a5cad44b rs2=e25582c4 latency=7 wait_cycles=6 result=a1ff9f6c
PCPI_METRIC funct3=1 rs1=a5cad44b rs2=e25582c4 latency=7 wait_cycles=6 result=0a741963
PCPI_METRIC funct3=2 rs1=a5cad44b rs2=e25582c4 latency=7 wait_cycles=6 result=b03eedae
PCPI_METRIC funct3=3 rs1=a5cad44b rs2=e25582c4 latency=7 wait_cycles=6 result=92947072
PCPI_METRIC funct3=0 rs1=17b54f2f rs2=7eddcdfd latency=7 wait_cycles=6 result=1c2ae473
PCPI_METRIC funct3=1 rs1=17b54f2f rs2=7eddcdfd latency=7 wait_cycles=6 result=0bbfc792
PCPI_METRIC funct3=2 rs1=17b54f2f rs2=7eddcdfd latency=7 wait_cycles=6 result=0bbfc792
PCPI_METRIC funct3=3 rs1=17b54f2f rs2=7eddcdfd latency=7 wait_cycles=6 result=0bbfc792
PCPI_METRIC funct3=0 rs1=a67f2a4c rs2=f1d1a6e3 latency=7 wait_cycles=6 result=2c3bc964
PCPI_METRIC funct3=1 rs1=a67f2a4c rs2=f1d1a6e3 latency=7 wait_cycles=6 result=04f53ffe
PCPI_METRIC funct3=2 rs1=a67f2a4c rs2=f1d1a6e3 latency=7 wait_cycles=6 result=ab746a4a
PCPI_METRIC funct3=3 rs1=a67f2a4c rs2=f1d1a6e3 latency=7 wait_cycles=6 result=9d46112d
PCPI_METRIC funct3=0 rs1=efaa78df rs2=0ad82f15 latency=7 wait_cycles=6 result=a754db4b
PCPI_METRIC funct3=1 rs1=efaa78df rs2=0ad82f15 latency=7 wait_cycles=6 result=ff4edd8d
PCPI_METRIC funct3=2 rs1=efaa78df rs2=0ad82f15 latency=7 wait_cycles=6 result=ff4edd8d
PCPI_METRIC funct3=3 rs1=efaa78df rs2=0ad82f15 latency=7 wait_cycles=6 result=0a270ca2
PCPI_METRIC funct3=0 rs1=d6095aac rs2=374e1d6e latency=7 wait_cycles=6 result=9bb271e8
PCPI_METRIC funct3=1 rs1=d6095aac rs2=374e1d6e latency=7 wait_cycles=6 result=f6ef3481
PCPI_METRIC funct3=2 rs1=d6095aac rs2=374e1d6e latency=7 wait_cycles=6 result=f6ef3481
PCPI_METRIC funct3=3 rs1=d6095aac rs2=374e1d6e latency=7 wait_cycles=6 result=2e3d51ef
PCPI_METRIC funct3=0 rs1=5bc7d9b7 rs2=7c8e27f9 latency=7 wait_cycles=6 result=1f0fa3ff
PCPI_METRIC funct3=1 rs1=5bc7d9b7 rs2=7c8e27f9 latency=7 wait_cycles=6 result=2ca7c4a4
PCPI_METRIC funct3=2 rs1=5bc7d9b7 rs2=7c8e27f9 latency=7 wait_cycles=6 result=2ca7c4a4
PCPI_METRIC funct3=3 rs1=5bc7d9b7 rs2=7c8e27f9 latency=7 wait_cycles=6 result=2ca7c4a4
PCPI_METRIC funct3=0 rs1=1b40cf36 rs2=e9c860d3 latency=7 wait_cycles=6 result=cc4f0982
PCPI_METRIC funct3=1 rs1=1b40cf36 rs2=e9c860d3 latency=7 wait_cycles=6 result=fda28252
PCPI_METRIC funct3=2 rs1=1b40cf36 rs2=e9c860d3 latency=7 wait_cycles=6 result=18e35188
PCPI_METRIC funct3=3 rs1=1b40cf36 rs2=e9c860d3 latency=7 wait_cycles=6 result=18e35188
PCPI_METRIC funct3=0 rs1=c055bc80 rs2=19c09533 latency=7 wait_cycles=6 result=17cb0d80
PCPI_METRIC funct3=1 rs1=c055bc80 rs2=19c09533 latency=7 wait_cycles=6 result=f9987a9b
PCPI_METRIC funct3=2 rs1=c055bc80 rs2=19c09533 latency=7 wait_cycles=6 result=f9987a9b
PCPI_METRIC funct3=3 rs1=c055bc80 rs2=19c09533 latency=7 wait_cycles=6 result=13590fce
PCPI_METRIC funct3=0 rs1=f8c1b2f1 rs2=ba8bac75 latency=7 wait_cycles=6 result=179bb425
PCPI_METRIC funct3=1 rs1=f8c1b2f1 rs2=ba8bac75 latency=7 wait_cycles=6 result=01f7155d
PCPI_METRIC funct3=2 rs1=f8c1b2f1 rs2=ba8bac75 latency=7 wait_cycles=6 result=fab8c84e
PCPI_METRIC funct3=3 rs1=f8c1b2f1 rs2=ba8bac75 latency=7 wait_cycles=6 result=b54474c3
PCPI_METRIC funct3=0 rs1=249f2f49 rs2=9524102a latency=7 wait_cycles=6 result=185651fa
PCPI_METRIC funct3=1 rs1=249f2f49 rs2=9524102a latency=7 wait_cycles=6 result=f0b69fef
PCPI_METRIC funct3=2 rs1=249f2f49 rs2=9524102a latency=7 wait_cycles=6 result=1555cf38
PCPI_METRIC funct3=3 rs1=249f2f49 rs2=9524102a latency=7 wait_cycles=6 result=1555cf38
PCPI_METRIC funct3=0 rs1=5118f5a2 rs2=286cff50 latency=7 wait_cycles=6 result=24d120a0
PCPI_METRIC funct3=1 rs1=5118f5a2 rs2=286cff50 latency=7 wait_cycles=6 result=0cce6dca
PCPI_METRIC funct3=2 rs1=5118f5a2 rs2=286cff50 latency=7 wait_cycles=6 result=0cce6dca
PCPI_METRIC funct3=3 rs1=5118f5a2 rs2=286cff50 latency=7 wait_cycles=6 result=0cce6dca
PCPI_METRIC funct3=0 rs1=e5fdfacb rs2=0afcf915 latency=7 wait_cycles=6 result=b49905a7
PCPI_METRIC funct3=1 rs1=e5fdfacb rs2=0afcf915 latency=7 wait_cycles=6 result=fee23880
PCPI_METRIC funct3=2 rs1=e5fdfacb rs2=0afcf915 latency=7 wait_cycles=6 result=fee23880
PCPI_METRIC funct3=3 rs1=e5fdfacb rs2=0afcf915 latency=7 wait_cycles=6 result=09df3195
PCPI_METRIC funct3=0 rs1=9bb03e37 rs2=dcc714b9 latency=7 wait_cycles=6 result=e7fa41bf
PCPI_METRIC funct3=1 rs1=9bb03e37 rs2=dcc714b9 latency=7 wait_cycles=6 result=0dcd3521
PCPI_METRIC funct3=2 rs1=9bb03e37 rs2=dcc714b9 latency=7 wait_cycles=6 result=a97d7358
PCPI_METRIC funct3=3 rs1=9bb03e37 rs2=dcc714b9 latency=7 wait_cycles=6 result=86448811
PCPI_METRIC funct3=0 rs1=f9a6aef3 rs2=0d7b691a latency=7 wait_cycles=6 result=1e706fae
PCPI_METRIC funct3=1 rs1=f9a6aef3 rs2=0d7b691a latency=7 wait_cycles=6 result=ffaa675d
PCPI_METRIC funct3=2 rs1=f9a6aef3 rs2=0d7b691a latency=7 wait_cycles=6 result=ffaa675d
PCPI_METRIC funct3=3 rs1=f9a6aef3 rs2=0d7b691a latency=7 wait_cycles=6 result=0d25d077
PCPI_METRIC funct3=0 rs1=7679ffec rs2=0e36671c latency=7 wait_cycles=6 result=ef17f1d0
PCPI_METRIC funct3=1 rs1=7679ffec rs2=0e36671c latency=7 wait_cycles=6 result=0693d972
PCPI_METRIC funct3=2 rs1=7679ffec rs2=0e36671c latency=7 wait_cycles=6 result=0693d972
PCPI_METRIC funct3=3 rs1=7679ffec rs2=0e36671c latency=7 wait_cycles=6 result=0693d972
PCPI_METRIC funct3=0 rs1=89349412 rs2=1cd73d39 latency=7 wait_cycles=6 result=671b4202
PCPI_METRIC funct3=1 rs1=89349412 rs2=1cd73d39 latency=7 wait_cycles=6 result=f29ddef1
PCPI_METRIC funct3=2 rs1=89349412 rs2=1cd73d39 latency=7 wait_cycles=6 result=f29ddef1
PCPI_METRIC funct3=3 rs1=89349412 rs2=1cd73d39 latency=7 wait_cycles=6 result=0f751c2a
PCPI_METRIC funct3=0 rs1=405d5f80 rs2=a515324a latency=7 wait_cycles=6 result=2d249b00
PCPI_METRIC funct3=1 rs1=405d5f80 rs2=a515324a latency=7 wait_cycles=6 result=e924235b
PCPI_METRIC funct3=2 rs1=405d5f80 rs2=a515324a latency=7 wait_cycles=6 result=298182db
PCPI_METRIC funct3=3 rs1=405d5f80 rs2=a515324a latency=7 wait_cycles=6 result=298182db
PCPI_METRIC funct3=0 rs1=75f5b9eb rs2=a72c0e4e latency=7 wait_cycles=6 result=a26d7f9a
PCPI_METRIC funct3=1 rs1=75f5b9eb rs2=a72c0e4e latency=7 wait_cycles=6 result=d711df30
PCPI_METRIC funct3=2 rs1=75f5b9eb rs2=a72c0e4e latency=7 wait_cycles=6 result=4d07991b
PCPI_METRIC funct3=3 rs1=75f5b9eb rs2=a72c0e4e latency=7 wait_cycles=6 result=4d07991b
PCPI_METRIC funct3=0 rs1=28624b50 rs2=9db7743b latency=7 wait_cycles=6 result=bef79b70
PCPI_METRIC funct3=1 rs1=28624b50 rs2=9db7743b latency=7 wait_cycles=6 result=f07eed79
PCPI_METRIC funct3=2 rs1=28624b50 rs2=9db7743b latency=7 wait_cycles=6 result=18e138c9
PCPI_METRIC funct3=3 rs1=28624b50 rs2=9db7743b latency=7 wait_cycles=6 result=18e138c9
PCPI_METRIC funct3=0 rs1=0ef6e91d rs2=6c153fd8 latency=7 wait_cycles=6 result=bf13d378
PCPI_METRIC funct3=1 rs1=0ef6e91d rs2=6c153fd8 latency=7 wait_cycles=6 result=06516854
PCPI_METRIC funct3=2 rs1=0ef6e91d rs2=6c153fd8 latency=7 wait_cycles=6 result=06516854
PCPI_METRIC funct3=3 rs1=0ef6e91d rs2=6c153fd8 latency=7 wait_cycles=6 result=06516854
PCPI_METRIC funct3=0 rs1=dd9d70bb rs2=e466e6c8 latency=7 wait_cycles=6 result=0cca1418
PCPI_METRIC funct3=1 rs1=dd9d70bb rs2=e466e6c8 latency=7 wait_cycles=6 result=03b4f567
PCPI_METRIC funct3=2 rs1=dd9d70bb rs2=e466e6c8 latency=7 wait_cycles=6 result=e1526622
PCPI_METRIC funct3=3 rs1=dd9d70bb rs2=e466e6c8 latency=7 wait_cycles=6 result=c5b94cea
PCPI_METRIC funct3=0 rs1=05cfaf0b rs2=e009e4c0 latency=7 wait_cycles=6 result=1b0c1440
PCPI_METRIC funct3=1 rs1=05cfaf0b rs2=e009e4c0 latency=7 wait_cycles=6 result=ff46439d
PCPI_METRIC funct3=2 rs1=05cfaf0b rs2=e009e4c0 latency=7 wait_cycles=6 result=0515f2a8
PCPI_METRIC funct3=3 rs1=05cfaf0b rs2=e009e4c0 latency=7 wait_cycles=6 result=0515f2a8
PCPI_METRIC funct3=0 rs1=cbdc3a97 rs2=a71f084e latency=7 wait_cycles=6 result=98379202
PCPI_METRIC funct3=1 rs1=cbdc3a97 rs2=a71f084e latency=7 wait_cycles=6 result=121a1d9b
PCPI_METRIC funct3=2 rs1=cbdc3a97 rs2=a71f084e latency=7 wait_cycles=6 result=ddf65832
PCPI_METRIC funct3=3 rs1=cbdc3a97 rs2=a71f084e latency=7 wait_cycles=6 result=85156080
PCPI_METRIC funct3=0 rs1=6e2e59dc rs2=eb78e0d6 latency=7 wait_cycles=6 result=bc7f9de8
PCPI_METRIC funct3=1 rs1=6e2e59dc rs2=eb78e0d6 latency=7 wait_cycles=6 result=f72a391f
PCPI_METRIC funct3=2 rs1=6e2e59dc rs2=eb78e0d6 latency=7 wait_cycles=6 result=655892fb
PCPI_METRIC funct3=3 rs1=6e2e59dc rs2=eb78e0d6 latency=7 wait_cycles=6 result=655892fb
PCPI_METRIC funct3=0 rs1=9110d422 rs2=d90912b2 latency=7 wait_cycles=6 result=53cfe3a4
PCPI_METRIC funct3=1 rs1=9110d422 rs2=d90912b2 latency=7 wait_cycles=6 result=10e2812c
PCPI_METRIC funct3=2 rs1=9110d422 rs2=d90912b2 latency=7 wait_cycles=6 result=a1f3554e
PCPI_METRIC funct3=3 rs1=9110d422 rs2=d90912b2 latency=7 wait_cycles=6 result=7afc6800
PCPI_METRIC funct3=0 rs1=5423efa8 rs2=21a4cb43 latency=7 wait_cycles=6 result=b411f0f8
PCPI_METRIC funct3=1 rs1=5423efa8 rs2=21a4cb43 latency=7 wait_cycles=6 result=0b0ecbb8
PCPI_METRIC funct3=2 rs1=5423efa8 rs2=21a4cb43 latency=7 wait_cycles=6 result=0b0ecbb8
PCPI_METRIC funct3=3 rs1=5423efa8 rs2=21a4cb43 latency=7 wait_cycles=6 result=0b0ecbb8
PCPI_METRIC funct3=0 rs1=177e2d2e rs2=63b805c7 latency=7 wait_cycles=6 result=fd0704c2
PCPI_METRIC funct3=1 rs1=177e2d2e rs2=63b805c7 latency=7 wait_cycles=6 result=0926aeb0
PCPI_METRIC funct3=2 rs1=177e2d2e rs2=63b805c7 latency=7 wait_cycles=6 result=0926aeb0
PCPI_METRIC funct3=3 rs1=177e2d2e rs2=63b805c7 latency=7 wait_cycles=6 result=0926aeb0
PCPI_METRIC funct3=0 rs1=3530436a rs2=4b400196 latency=7 wait_cycles=6 result=430aea1c
PCPI_METRIC funct3=1 rs1=3530436a rs2=4b400196 latency=7 wait_cycles=6 result=0fa27025
PCPI_METRIC funct3=2 rs1=3530436a rs2=4b400196 latency=7 wait_cycles=6 result=0fa27025
PCPI_METRIC funct3=3 rs1=3530436a rs2=4b400196 latency=7 wait_cycles=6 result=0fa27025
PCPI_METRIC funct3=0 rs1=80a3ec01 rs2=42249784 latency=7 wait_cycles=6 result=76de4784
PCPI_METRIC funct3=1 rs1=80a3ec01 rs2=42249784 latency=7 wait_cycles=6 result=df180e84
PCPI_METRIC funct3=2 rs1=80a3ec01 rs2=42249784 latency=7 wait_cycles=6 result=df180e84
PCPI_METRIC funct3=3 rs1=80a3ec01 rs2=42249784 latency=7 wait_cycles=6 result=213ca608
PCPI_METRIC funct3=0 rs1=680ddbd0 rs2=e0c89ec1 latency=7 wait_cycles=6 result=ba9d17d0
PCPI_METRIC funct3=1 rs1=680ddbd0 rs2=e0c89ec1 latency=7 wait_cycles=6 result=f34fcfe0
PCPI_METRIC funct3=2 rs1=680ddbd0 rs2=e0c89ec1 latency=7 wait_cycles=6 result=5b5dabb0
PCPI_METRIC funct3=3 rs1=680ddbd0 rs2=e0c89ec1 latency=7 wait_cycles=6 result=5b5dabb0
PCPI_METRIC funct3=0 rs1=ccea8299 rs2=81694602 latency=7 wait_cycles=6 result=634bdb32
PCPI_METRIC funct3=1 rs1=ccea8299 rs2=81694602 latency=7 wait_cycles=6 result=1942a76d
PCPI_METRIC funct3=2 rs1=ccea8299 rs2=81694602 latency=7 wait_cycles=6 result=e62d2a06
PCPI_METRIC funct3=3 rs1=ccea8299 rs2=81694602 latency=7 wait_cycles=6 result=67967008
PCPI_METRIC funct3=0 rs1=3f3e077e rs2=d0a47ea1 latency=7 wait_cycles=6 result=7a6aba3e
PCPI_METRIC funct3=1 rs1=3f3e077e rs2=d0a47ea1 latency=7 wait_cycles=6 result=f44d019d
PCPI_METRIC funct3=2 rs1=3f3e077e rs2=d0a47ea1 latency=7 wait_cycles=6 result=338b091b
PCPI_METRIC funct3=3 rs1=3f3e077e rs2=d0a47ea1 latency=7 wait_cycles=6 result=338b091b
PCPI_METRIC funct3=0 rs1=ec0f18d8 rs2=e33e50c6 latency=7 wait_cycles=6 result=d7c0b710
PCPI_METRIC funct3=1 rs1=ec0f18d8 rs2=e33e50c6 latency=7 wait_cycles=6 result=023d6f8c
PCPI_METRIC funct3=2 rs1=ec0f18d8 rs2=e33e50c6 latency=7 wait_cycles=6 result=ee4c8864
PCPI_METRIC funct3=3 rs1=ec0f18d8 rs2=e33e50c6 latency=7 wait_cycles=6 result=d18ad92a
PCPI_METRIC funct3=0 rs1=7254d3e4 rs2=acfd4059 latency=7 wait_cycles=6 result=8ccaaa44
PCPI_METRIC funct3=1 rs1=7254d3e4 rs2=acfd4059 latency=7 wait_cycles=6 result=daed450b
PCPI_METRIC funct3=2 rs1=7254d3e4 rs2=acfd4059 latency=7 wait_cycles=6 result=4d4218ef
PCPI_METRIC funct3=3 rs1=7254d3e4 rs2=acfd4059 latency=7 wait_cycles=6 result=4d4218ef
PCPI_METRIC funct3=0 rs1=a24f9a44 rs2=9e35b03c latency=7 wait_cycles=6 result=accae7f0
PCPI_METRIC funct3=1 rs1=a24f9a44 rs2=9e35b03c latency=7 wait_cycles=6 result=23c9e0ed
PCPI_METRIC funct3=2 rs1=a24f9a44 rs2=9e35b03c latency=7 wait_cycles=6 result=c6197b31
PCPI_METRIC funct3=3 rs1=a24f9a44 rs2=9e35b03c latency=7 wait_cycles=6 result=644f2b6d
PCPI_METRIC funct3=0 rs1=1a050934 rs2=1d5c3f3a latency=7 wait_cycles=6 result=5517e1c8
PCPI_METRIC funct3=1 rs1=1a050934 rs2=1d5c3f3a latency=7 wait_cycles=6 result=02fbf247
PCPI_METRIC funct3=2 rs1=1a050934 rs2=1d5c3f3a latency=7 wait_cycles=6 result=02fbf247
PCPI_METRIC funct3=3 rs1=1a050934 rs2=1d5c3f3a latency=7 wait_cycles=6 result=02fbf247
PCPI_METRIC funct3=0 rs1=6e56b7dc rs2=77b723ef latency=7 wait_cycles=6 result=905cba64
PCPI_METRIC funct3=1 rs1=6e56b7dc rs2=77b723ef latency=7 wait_cycles=6 result=33993ef1
PCPI_METRIC funct3=2 rs1=6e56b7dc rs2=77b723ef latency=7 wait_cycles=6 result=33993ef1
PCPI_METRIC funct3=3 rs1=6e56b7dc rs2=77b723ef latency=7 wait_cycles=6 result=33993ef1
PCPI_METRIC funct3=0 rs1=4aec3595 rs2=30069360 latency=7 wait_cycles=6 result=ecd6a6e0
PCPI_METRIC funct3=1 rs1=4aec3595 rs2=30069360 latency=7 wait_cycles=6 result=0e0e36b6
PCPI_METRIC funct3=2 rs1=4aec3595 rs2=30069360 latency=7 wait_cycles=6 result=0e0e36b6
PCPI_METRIC funct3=3 rs1=4aec3595 rs2=30069360 latency=7 wait_cycles=6 result=0e0e36b6
PCPI_METRIC funct3=0 rs1=5be7d7b7 rs2=33bc2167 latency=7 wait_cycles=6 result=bc7a61a1
PCPI_METRIC funct3=1 rs1=5be7d7b7 rs2=33bc2167 latency=7 wait_cycles=6 result=1292ba39
PCPI_METRIC funct3=2 rs1=5be7d7b7 rs2=33bc2167 latency=7 wait_cycles=6 result=1292ba39
PCPI_METRIC funct3=3 rs1=5be7d7b7 rs2=33bc2167 latency=7 wait_cycles=6 result=1292ba39
PCPI_METRIC funct3=0 rs1=1b1ea336 rs2=e7191ace latency=7 wait_cycles=6 result=9980d174
PCPI_METRIC funct3=1 rs1=1b1ea336 rs2=e7191ace latency=7 wait_cycles=6 result=fd5caae4
PCPI_METRIC funct3=2 rs1=1b1ea336 rs2=e7191ace latency=7 wait_cycles=6 result=187b4e1a
PCPI_METRIC funct3=3 rs1=1b1ea336 rs2=e7191ace latency=7 wait_cycles=6 result=187b4e1a
PCPI_METRIC funct3=0 rs1=6f4b29de rs2=164beb2c latency=7 wait_cycles=6 result=7863fc28
PCPI_METRIC funct3=1 rs1=6f4b29de rs2=164beb2c latency=7 wait_cycles=6 result=09b176db
PCPI_METRIC funct3=2 rs1=6f4b29de rs2=164beb2c latency=7 wait_cycles=6 result=09b176db
PCPI_METRIC funct3=3 rs1=6f4b29de rs2=164beb2c latency=7 wait_cycles=6 result=09b176db
PCPI_METRIC funct3=0 rs1=9e73603c rs2=1d64753a latency=7 wait_cycles=6 result=048f3998
PCPI_METRIC funct3=1 rs1=9e73603c rs2=1d64753a latency=7 wait_cycles=6 result=f4ccca4d
PCPI_METRIC funct3=2 rs1=9e73603c rs2=1d64753a latency=7 wait_cycles=6 result=f4ccca4d
PCPI_METRIC funct3=3 rs1=9e73603c rs2=1d64753a latency=7 wait_cycles=6 result=12313f87
PCPI_METRIC funct3=0 rs1=1579952a rs2=f2b778e5 latency=7 wait_cycles=6 result=88b41e92
PCPI_METRIC funct3=1 rs1=1579952a rs2=f2b778e5 latency=7 wait_cycles=6 result=fee2bde5
PCPI_METRIC funct3=2 rs1=1579952a rs2=f2b778e5 latency=7 wait_cycles=6 result=145c530f
PCPI_METRIC funct3=3 rs1=1579952a rs2=f2b778e5 latency=7 wait_cycles=6 result=145c530f
PCPI_METRIC funct3=0 rs1=2590394b rs2=9f08f83e latency=7 wait_cycles=6 result=2fc6882a
PCPI_METRIC funct3=1 rs1=2590394b rs2=9f08f83e latency=7 wait_cycles=6 result=f1c5ab39
PCPI_METRIC funct3=2 rs1=2590394b rs2=9f08f83e latency=7 wait_cycles=6 result=1755e484
PCPI_METRIC funct3=3 rs1=2590394b rs2=9f08f83e latency=7 wait_cycles=6 result=1755e484
PCPI_METRIC funct3=0 rs1=c508cc8a rs2=04958b09 latency=7 wait_cycles=6 result=e8b01eda
PCPI_METRIC funct3=1 rs1=c508cc8a rs2=04958b09 latency=7 wait_cycles=6 result=fef1b14a
PCPI_METRIC funct3=2 rs1=c508cc8a rs2=04958b09 latency=7 wait_cycles=6 result=fef1b14a
PCPI_METRIC funct3=3 rs1=c508cc8a rs2=04958b09 latency=7 wait_cycles=6 result=03873c53
PCPI_METRIC funct3=0 rs1=cbb5b897 rs2=11d2c523 latency=7 wait_cycles=6 result=23c26fa5
PCPI_METRIC funct3=1 rs1=cbb5b897 rs2=11d2c523 latency=7 wait_cycles=6 result=fc5c040f
PCPI_METRIC funct3=2 rs1=cbb5b897 rs2=11d2c523 latency=7 wait_cycles=6 result=fc5c040f
PCPI_METRIC funct3=3 rs1=cbb5b897 rs2=11d2c523 latency=7 wait_cycles=6 result=0e2ec932
PCPI_METRIC funct3=0 rs1=bbd73677 rs2=8e7e981c latency=7 wait_cycles=6 result=24729d04
PCPI_METRIC funct3=1 rs1=bbd73677 rs2=8e7e981c latency=7 wait_cycles=6 result=1e38752c
PCPI_METRIC funct3=2 rs1=bbd73677 rs2=8e7e981c latency=7 wait_cycles=6 result=da0faba3
PCPI_METRIC funct3=3 rs1=bbd73677 rs2=8e7e981c latency=7 wait_cycles=6 result=688e43bf
PCPI_METRIC funct3=0 rs1=1f4b2b3e rs2=0955b312 latency=7 wait_cycles=6 result=4c1b645c
PCPI_METRIC funct3=1 rs1=1f4b2b3e rs2=0955b312 latency=7 wait_cycles=6 result=01241e5e
PCPI_METRIC funct3=2 rs1=1f4b2b3e rs2=0955b312 latency=7 wait_cycles=6 result=01241e5e
PCPI_METRIC funct3=3 rs1=1f4b2b3e rs2=0955b312 latency=7 wait_cycles=6 result=01241e5e
PCPI_METRIC funct3=0 rs1=8578020a rs2=fa88e0f5 latency=7 wait_cycles=6 result=96f2b392
PCPI_METRIC funct3=1 rs1=8578020a rs2=fa88e0f5 latency=7 wait_cycles=6 result=029dac08
PCPI_METRIC funct3=2 rs1=8578020a rs2=fa88e0f5 latency=7 wait_cycles=6 result=8815ae12
PCPI_METRIC funct3=3 rs1=8578020a rs2=fa88e0f5 latency=7 wait_cycles=6 result=829e8f07
PCPI_METRIC funct3=0 rs1=712a9be2 rs2=62c963c5 latency=7 wait_cycles=6 result=78845aea
PCPI_METRIC funct3=1 rs1=712a9be2 rs2=62c963c5 latency=7 wait_cycles=6 result=2bab563b
PCPI_METRIC funct3=2 rs1=712a9be2 rs2=62c963c5 latency=7 wait_cycles=6 result=2bab563b
PCPI_METRIC funct3=3 rs1=712a9be2 rs2=62c963c5 latency=7 wait_cycles=6 result=2bab563b
PCPI_METRIC funct3=0 rs1=b65f1c6c rs2=f8845ef1 latency=7 wait_cycles=6 result=e3a969ac
PCPI_METRIC funct3=1 rs1=b65f1c6c rs2=f8845ef1 latency=7 wait_cycles=6 result=0226f4d8
PCPI_METRIC funct3=2 rs1=b65f1c6c rs2=f8845ef1 latency=7 wait_cycles=6 result=b8861144
PCPI_METRIC funct3=3 rs1=b65f1c6c rs2=f8845ef1 latency=7 wait_cycles=6 result=b10a7035
PCPI_METRIC funct3=0 rs1=16acd72d rs2=c4a52e89 latency=7 wait_cycles=6 result=552a3d15
PCPI_METRIC funct3=1 rs1=16acd72d rs2=c4a52e89 latency=7 wait_cycles=6 result=fabe1f17
PCPI_METRIC funct3=2 rs1=16acd72d rs2=c4a52e89 latency=7 wait_cycles=6 result=116af644
PCPI_METRIC funct3=3 rs1=16acd72d rs2=c4a52e89 latency=7 wait_cycles=6 result=116af644
PCPI_METRIC funct3=0 rs1=07cd2d0f rs2=d5f6ccab latency=7 wait_cycles=6 result=7d5f0d05
PCPI_METRIC funct3=1 rs1=07cd2d0f rs2=d5f6ccab latency=7 wait_cycles=6 result=feb80ed4
PCPI_METRIC funct3=2 rs1=07cd2d0f rs2=d5f6ccab latency=7 wait_cycles=6 result=06853be3
PCPI_METRIC funct3=3 rs1=07cd2d0f rs2=d5f6ccab latency=7 wait_cycles=6 result=06853be3
PCPI_METRIC funct3=0 rs1=aa756854 rs2=ddfc30bb latency=7 wait_cycles=6 result=be02f55c
PCPI_METRIC funct3=1 rs1=aa756854 rs2=ddfc30bb latency=7 wait_cycles=6 result=0b5dae06
PCPI_METRIC funct3=2 rs1=aa756854 rs2=ddfc30bb latency=7 wait_cycles=6 result=b5d3165a
PCPI_METRIC funct3=3 rs1=aa756854 rs2=ddfc30bb latency=7 wait_cycles=6 result=93cf4715
PCPI_METRIC funct3=0 rs1=c07ba280 rs2=0bd7ab17 latency=7 wait_cycles=6 result=da271980
PCPI_METRIC funct3=1 rs1=c07ba280 rs2=0bd7ab17 latency=7 wait_cycles=6 result=fd0fcd5d
PCPI_METRIC funct3=2 rs1=c07ba280 rs2=0bd7ab17 latency=7 wait_cycles=6 result=fd0fcd5d
PCPI_METRIC funct3=3 rs1=c07ba280 rs2=0bd7ab17 latency=7 wait_cycles=6 result=08e77874
PCPI_METRIC funct3=0 rs1=17fe9f2f rs2=c1994683 latency=7 wait_cycles=6 result=78e94f0d
PCPI_METRIC funct3=1 rs1=17fe9f2f rs2=c1994683 latency=7 wait_cycles=6 result=fa26b49c
PCPI_METRIC funct3=2 rs1=17fe9f2f rs2=c1994683 latency=7 wait_cycles=6 result=122553cb
PCPI_METRIC funct3=3 rs1=17fe9f2f rs2=c1994683 latency=7 wait_cycles=6 result=122553cb
PCPI_METRIC funct3=0 rs1=1608ab2c rs2=be0c307c latency=7 wait_cycles=6 result=fa5b2950
PCPI_METRIC funct3=1 rs1=1608ab2c rs2=be0c307c latency=7 wait_cycles=6 result=fa52d072
PCPI_METRIC funct3=2 rs1=1608ab2c rs2=be0c307c latency=7 wait_cycles=6 result=105b7b9e
PCPI_METRIC funct3=3 rs1=1608ab2c rs2=be0c307c latency=7 wait_cycles=6 result=105b7b9e
PCPI_METRIC funct3=0 rs1=fde582fb rs2=78db0ff1 latency=7 wait_cycles=6 result=2c76034b
PCPI_METRIC funct3=1 rs1=fde582fb rs2=78db0ff1 latency=7 wait_cycles=6 result=ff01c89b
PCPI_METRIC funct3=2 rs1=fde582fb rs2=78db0ff1 latency=7 wait_cycles=6 result=ff01c89b
PCPI_METRIC funct3=3 rs1=fde582fb rs2=78db0ff1 latency=7 wait_cycles=6 result=77dcd88c
PCPI_METRIC funct3=0 rs1=f3232ee6 rs2=a8a35e51 latency=7 wait_cycles=6 result=a5cc4ac6
PCPI_METRIC funct3=1 rs1=f3232ee6 rs2=a8a35e51 latency=7 wait_cycles=6 result=0463b28a
PCPI_METRIC funct3=2 rs1=f3232ee6 rs2=a8a35e51 latency=7 wait_cycles=6 result=f786e170
PCPI_METRIC funct3=3 rs1=f3232ee6 rs2=a8a35e51 latency=7 wait_cycles=6 result=a02a3fc1
PCPI_METRIC funct3=0 rs1=b2f5e065 rs2=aa4fe054 latency=7 wait_cycles=6 result=2e310124
PCPI_METRIC funct3=1 rs1=b2f5e065 rs2=aa4fe054 latency=7 wait_cycles=6 result=19c95cfc
PCPI_METRIC funct3=2 rs1=b2f5e065 rs2=aa4fe054 latency=7 wait_cycles=6 result=ccbf3d61
PCPI_METRIC funct3=3 rs1=b2f5e065 rs2=aa4fe054 latency=7 wait_cycles=6 result=770f1db5
PCPI_METRIC funct3=0 rs1=4e76db9c rs2=b6d1ec6d latency=7 wait_cycles=6 result=2d6b516c
PCPI_METRIC funct3=1 rs1=4e76db9c rs2=b6d1ec6d latency=7 wait_cycles=6 result=e991fc05
PCPI_METRIC funct3=2 rs1=4e76db9c rs2=b6d1ec6d latency=7 wait_cycles=6 result=3808d7a1
PCPI_METRIC funct3=3 rs1=4e76db9c rs2=b6d1ec6d latency=7 wait_cycles=6 result=3808d7a1
PCPI_METRIC funct3=0 rs1=f9f646f3 rs2=f011dae0 latency=7 wait_cycles=6 result=f60c02a0
PCPI_METRIC funct3=1 rs1=f9f646f3 rs2=f011dae0 latency=7 wait_cycles=6 result=00602fc1
PCPI_METRIC funct3=2 rs1=f9f646f3 rs2=f011dae0 latency=7 wait_cycles=6 result=fa5676b4
PCPI_METRIC funct3=3 rs1=f9f646f3 rs2=f011dae0 latency=7 wait_cycles=6 result=ea685194
PCPI_METRIC funct3=0 rs1=fe581afc rs2=3fae597f latency=7 wait_cycles=6 result=2a5eff04
PCPI_METRIC funct3=1 rs1=fe581afc rs2=3fae597f latency=7 wait_cycles=6 result=ff968df2
PCPI_METRIC funct3=2 rs1=fe581afc rs2=3fae597f latency=7 wait_cycles=6 result=ff968df2
PCPI_METRIC funct3=3 rs1=fe581afc rs2=3fae597f latency=7 wait_cycles=6 result=3f44e771
PCPI_METRIC funct3=0 rs1=3033ff60 rs2=39e2d773 latency=7 wait_cycles=6 result=25955820
PCPI_METRIC funct3=1 rs1=3033ff60 rs2=39e2d773 latency=7 wait_cycles=6 result=0ae64a55
PCPI_METRIC funct3=2 rs1=3033ff60 rs2=39e2d773 latency=7 wait_cycles=6 result=0ae64a55
PCPI_METRIC funct3=3 rs1=3033ff60 rs2=39e2d773 latency=7 wait_cycles=6 result=0ae64a55
PCPI_METRIC funct3=0 rs1=b5301c6a rs2=a4acde49 latency=7 wait_cycles=6 result=6294063a
PCPI_METRIC funct3=1 rs1=b5301c6a rs2=a4acde49 latency=7 wait_cycles=6 result=1ab03127
PCPI_METRIC funct3=2 rs1=b5301c6a rs2=a4acde49 latency=7 wait_cycles=6 result=cfe04d91
PCPI_METRIC funct3=3 rs1=b5301c6a rs2=a4acde49 latency=7 wait_cycles=6 result=748d2bda
PCPI_METRIC funct3=0 rs1=82cf1405 rs2=570875ae latency=7 wait_cycles=6 result=e00de466
PCPI_METRIC funct3=1 rs1=82cf1405 rs2=570875ae latency=7 wait_cycles=6 result=d5703cb9
PCPI_METRIC funct3=2 rs1=82cf1405 rs2=570875ae latency=7 wait_cycles=6 result=d5703cb9
PCPI_METRIC funct3=3 rs1=82cf1405 rs2=570875ae latency=7 wait_cycles=6 result=2c78b267
PCPI_METRIC funct3=0 rs1=92a8cc25 rs2=cddb7a9b latency=7 wait_cycles=6 result=82243c67
PCPI_METRIC funct3=1 rs1=92a8cc25 rs2=cddb7a9b latency=7 wait_cycles=6 result=156aa15d
PCPI_METRIC funct3=2 rs1=92a8cc25 rs2=cddb7a9b latency=7 wait_cycles=6 result=a8136d82
PCPI_METRIC funct3=3 rs1=92a8cc25 rs2=cddb7a9b latency=7 wait_cycles=6 result=75eee81d
PCPI_METRIC funct3=0 rs1=76c657ed rs2=83e80e07 latency=7 wait_cycles=6 result=0e035d7b
PCPI_METRIC funct3=1 rs1=76c657ed rs2=83e80e07 latency=7 wait_cycles=6 result=c66cd153
PCPI_METRIC funct3=2 rs1=76c657ed rs2=83e80e07 latency=7 wait_cycles=6 result=3d332940
PCPI_METRIC funct3=3 rs1=76c657ed rs2=83e80e07 latency=7 wait_cycles=6 result=3d332940
PCPI_METRIC funct3=0 rs1=7598d3eb rs2=bfdde87f latency=7 wait_cycles=6 result=1dbd1995
PCPI_METRIC funct3=1 rs1=7598d3eb rs2=bfdde87f latency=7 wait_cycles=6 result=e28a21ed
PCPI_METRIC funct3=2 rs1=7598d3eb rs2=bfdde87f latency=7 wait_cycles=6 result=5822f5d8
PCPI_METRIC funct3=3 rs1=7598d3eb rs2=bfdde87f latency=7 wait_cycles=6 result=5822f5d8
PCPI_METRIC funct3=0 rs1=cfc34e9f rs2=9762be2e latency=7 wait_cycles=6 result=2b502292
PCPI_METRIC funct3=1 rs1=cfc34e9f rs2=9762be2e latency=7 wait_cycles=6 result=13b649af
PCPI_METRIC funct3=2 rs1=cfc34e9f rs2=9762be2e latency=7 wait_cycles=6 result=e379984e
PCPI_METRIC funct3=3 rs1=cfc34e9f rs2=9762be2e latency=7 wait_cycles=6 result=7adc567c
PCPI_METRIC funct3=0 rs1=faafa0f5 rs2=47a9a38f latency=7 wait_cycles=6 result=1053e7db
PCPI_METRIC funct3=1 rs1=faafa0f5 rs2=47a9a38f latency=7 wait_cycles=6 result=fe833030
PCPI_METRIC funct3=2 rs1=faafa0f5 rs2=47a9a38f latency=7 wait_cycles=6 result=fe833030
PCPI_METRIC funct3=3 rs1=faafa0f5 rs2=47a9a38f latency=7 wait_cycles=6 result=462cd3bf
PCPI_METRIC funct3=0 rs1=a1a64a43 rs2=2bf16357 latency=7 wait_cycles=6 result=684e25c5
PCPI_METRIC funct3=1 rs1=a1a64a43 rs2=2bf16357 latency=7 wait_cycles=6 result=efcdf768
PCPI_METRIC funct3=2 rs1=a1a64a43 rs2=2bf16357 latency=7 wait_cycles=6 result=efcdf768
PCPI_METRIC funct3=3 rs1=a1a64a43 rs2=2bf16357 latency=7 wait_cycles=6 result=1bbf5abf
PCPI_METRIC funct3=0 rs1=d3e15ca7 rs2=7801e9f0 latency=7 wait_cycles=6 result=6541db90
PCPI_METRIC funct3=1 rs1=d3e15ca7 rs2=7801e9f0 latency=7 wait_cycles=6 result=eb514efe
PCPI_METRIC funct3=2 rs1=d3e15ca7 rs2=7801e9f0 latency=7 wait_cycles=6 result=eb514efe
PCPI_METRIC funct3=3 rs1=d3e15ca7 rs2=7801e9f0 latency=7 wait_cycles=6 result=635338ee
PCPI_METRIC funct3=0 rs1=18d25331 rs2=e08096c1 latency=7 wait_cycles=6 result=6bcf6df1
PCPI_METRIC funct3=1 rs1=18d25331 rs2=e08096c1 latency=7 wait_cycles=6 result=fcf22d61
PCPI_METRIC funct3=2 rs1=18d25331 rs2=e08096c1 latency=7 wait_cycles=6 result=15c48092
PCPI_METRIC funct3=3 rs1=18d25331 rs2=e08096c1 latency=7 wait_cycles=6 result=15c48092
PCPI_METRIC funct3=0 rs1=e492f6c9 rs2=74b3b3e9 latency=7 wait_cycles=6 result=6edc27f1
PCPI_METRIC funct3=1 rs1=e492f6c9 rs2=74b3b3e9 latency=7 wait_cycles=6 result=f37f574f
PCPI_METRIC funct3=2 rs1=e492f6c9 rs2=74b3b3e9 latency=7 wait_cycles=6 result=f37f574f
PCPI_METRIC funct3=3 rs1=e492f6c9 rs2=74b3b3e9 latency=7 wait_cycles=6 result=68330b38
PCPI_METRIC funct3=0 rs1=4539398a rs2=8d0cb81a latency=7 wait_cycles=6 result=dda30804
PCPI_METRIC funct3=1 rs1=4539398a rs2=8d0cb81a latency=7 wait_cycles=6 result=e0eabb9d
PCPI_METRIC funct3=2 rs1=4539398a rs2=8d0cb81a latency=7 wait_cycles=6 result=2623f527
PCPI_METRIC funct3=3 rs1=4539398a rs2=8d0cb81a latency=7 wait_cycles=6 result=2623f527
PCPI_METRIC funct3=0 rs1=4e86199d rs2=c791be8f latency=7 wait_cycles=6 result=f0d7d4b3
PCPI_METRIC funct3=1 rs1=4e86199d rs2=c791be8f latency=7 wait_cycles=6 result=eeb0d8b3
PCPI_METRIC funct3=2 rs1=4e86199d rs2=c791be8f latency=7 wait_cycles=6 result=3d36f250
PCPI_METRIC funct3=3 rs1=4e86199d rs2=c791be8f latency=7 wait_cycles=6 result=3d36f250
PCPI_METRIC funct3=0 rs1=f42782e8 rs2=06fddf0d latency=7 wait_cycles=6 result=a051bdc8
PCPI_METRIC funct3=1 rs1=f42782e8 rs2=06fddf0d latency=7 wait_cycles=6 result=ffad2dcb
PCPI_METRIC funct3=2 rs1=f42782e8 rs2=06fddf0d latency=7 wait_cycles=6 result=ffad2dcb
PCPI_METRIC funct3=3 rs1=f42782e8 rs2=06fddf0d latency=7 wait_cycles=6 result=06ab0cd8
PCPI_METRIC funct3=0 rs1=5b8531b7 rs2=3b308b76 latency=7 wait_cycles=6 result=00b3475a
PCPI_METRIC funct3=1 rs1=5b8531b7 rs2=3b308b76 latency=7 wait_cycles=6 result=15290d4a
PCPI_METRIC funct3=2 rs1=5b8531b7 rs2=3b308b76 latency=7 wait_cycles=6 result=15290d4a
PCPI_METRIC funct3=3 rs1=5b8531b7 rs2=3b308b76 latency=7 wait_cycles=6 result=15290d4a
PCPI_METRIC funct3=0 rs1=64d081c9 rs2=d143eaa2 latency=7 wait_cycles=6 result=732edb32
PCPI_METRIC funct3=1 rs1=64d081c9 rs2=d143eaa2 latency=7 wait_cycles=6 result=ed987724
PCPI_METRIC funct3=2 rs1=64d081c9 rs2=d143eaa2 latency=7 wait_cycles=6 result=5268f8ed
PCPI_METRIC funct3=3 rs1=64d081c9 rs2=d143eaa2 latency=7 wait_cycles=6 result=5268f8ed
[6] Progress: 900/1000 groups
PCPI_METRIC funct3=0 rs1=efcf68df rs2=f7624eee latency=7 wait_cycles=6 result=73257152
PCPI_METRIC funct3=1 rs1=efcf68df rs2=f7624eee latency=7 wait_cycles=6 result=008b7db8
PCPI_METRIC funct3=2 rs1=efcf68df rs2=f7624eee latency=7 wait_cycles=6 result=f05ae697
PCPI_METRIC funct3=3 rs1=efcf68df rs2=f7624eee latency=7 wait_cycles=6 result=e7bd3585
PCPI_METRIC funct3=0 rs1=639a3fc7 rs2=d43276a8 latency=7 wait_cycles=6 result=b77d9498
PCPI_METRIC funct3=1 rs1=639a3fc7 rs2=d43276a8 latency=7 wait_cycles=6 result=eef51f54
PCPI_METRIC funct3=2 rs1=639a3fc7 rs2=d43276a8 latency=7 wait_cycles=6 result=528f5f1b
PCPI_METRIC funct3=3 rs1=639a3fc7 rs2=d43276a8 latency=7 wait_cycles=6 result=528f5f1b
PCPI_METRIC funct3=0 rs1=f144ace2 rs2=5b7307b6 latency=7 wait_cycles=6 result=671316ac
PCPI_METRIC funct3=1 rs1=f144ace2 rs2=5b7307b6 latency=7 wait_cycles=6 result=fabccadc
PCPI_METRIC funct3=2 rs1=f144ace2 rs2=5b7307b6 latency=7 wait_cycles=6 result=fabccadc
PCPI_METRIC funct3=3 rs1=f144ace2 rs2=5b7307b6 latency=7 wait_cycles=6 result=562fd292
PCPI_METRIC funct3=0 rs1=18298730 rs2=f91cdef2 latency=7 wait_cycles=6 result=53bd6b60
PCPI_METRIC funct3=1 rs1=18298730 rs2=f91cdef2 latency=7 wait_cycles=6 result=ff5996e3
PCPI_METRIC funct3=2 rs1=18298730 rs2=f91cdef2 latency=7 wait_cycles=6 result=17831e13
PCPI_METRIC funct3=3 rs1=18298730 rs2=f91cdef2 latency=7 wait_cycles=6 result=17831e13
PCPI_METRIC funct3=0 rs1=cf51aa9e rs2=d22472a4 latency=7 wait_cycles=6 result=c883a938
PCPI_METRIC funct3=1 rs1=cf51aa9e rs2=d22472a4 latency=7 wait_cycles=6 result=08b86506
PCPI_METRIC funct3=2 rs1=cf51aa9e rs2=d22472a4 latency=7 wait_cycles=6 result=d80a0fa4
PCPI_METRIC funct3=3 rs1=cf51aa9e rs2=d22472a4 latency=7 wait_cycles=6 result=aa2e8248
PCPI_METRIC funct3=0 rs1=922de424 rs2=45b23d8b latency=7 wait_cycles=6 result=a34f738c
PCPI_METRIC funct3=1 rs1=922de424 rs2=45b23d8b latency=7 wait_cycles=6 result=e219e7ff
PCPI_METRIC funct3=2 rs1=922de424 rs2=45b23d8b latency=7 wait_cycles=6 result=e219e7ff
PCPI_METRIC funct3=3 rs1=922de424 rs2=45b23d8b latency=7 wait_cycles=6 result=27cc258a
PCPI_METRIC funct3=0 rs1=179bcd2f rs2=9b6a0c36 latency=7 wait_cycles=6 result=b2f17bea
PCPI_METRIC funct3=1 rs1=179bcd2f rs2=9b6a0c36 latency=7 wait_cycles=6 result=f6b94faf
PCPI_METRIC funct3=2 rs1=179bcd2f rs2=9b6a0c36 latency=7 wait_cycles=6 result=0e551cde
PCPI_METRIC funct3=3 rs1=179bcd2f rs2=9b6a0c36 latency=7 wait_cycles=6 result=0e551cde
PCPI_METRIC funct3=0 rs1=e0eda4c1 rs2=d3196ea6 latency=7 wait_cycles=6 result=20bcc326
PCPI_METRIC funct3=1 rs1=e0eda4c1 rs2=d3196ea6 latency=7 wait_cycles=6 result=057323d1
PCPI_METRIC funct3=2 rs1=e0eda4c1 rs2=d3196ea6 latency=7 wait_cycles=6 result=e660c892
PCPI_METRIC funct3=3 rs1=e0eda4c1 rs2=d3196ea6 latency=7 wait_cycles=6 result=b97a3738
PCPI_METRIC funct3=0 rs1=c36d3e86 rs2=47e50f8f latency=7 wait_cycles=6 result=a88dc6da
PCPI_METRIC funct3=1 rs1=c36d3e86 rs2=47e50f8f latency=7 wait_cycles=6 result=eefd1961
PCPI_METRIC funct3=2 rs1=c36d3e86 rs2=47e50f8f latency=7 wait_cycles=6 result=eefd1961
PCPI_METRIC funct3=3 rs1=c36d3e86 rs2=47e50f8f latency=7 wait_cycles=6 result=36e228f0
PCPI_METRIC funct3=0 rs1=4191d583 rs2=bccd1079 latency=7 wait_cycles=6 result=492d1aeb
PCPI_METRIC funct3=1 rs1=4191d583 rs2=bccd1079 latency=7 wait_cycles=6 result=eec9c949
PCPI_METRIC funct3=2 rs1=4191d583 rs2=bccd1079 latency=7 wait_cycles=6 result=305b9ecc
PCPI_METRIC funct3=3 rs1=4191d583 rs2=bccd1079 latency=7 wait_cycles=6 result=305b9ecc
PCPI_METRIC funct3=0 rs1=a9e0ee53 rs2=622079c4 latency=7 wait_cycles=6 result=f13bb28c
PCPI_METRIC funct3=1 rs1=a9e0ee53 rs2=622079c4 latency=7 wait_cycles=6 result=defd2e62
PCPI_METRIC funct3=2 rs1=a9e0ee53 rs2=622079c4 latency=7 wait_cycles=6 result=defd2e62
PCPI_METRIC funct3=3 rs1=a9e0ee53 rs2=622079c4 latency=7 wait_cycles=6 result=411da826
PCPI_METRIC funct3=0 rs1=b0323e60 rs2=e3377ec6 latency=7 wait_cycles=6 result=882f7e40
PCPI_METRIC funct3=1 rs1=b0323e60 rs2=e3377ec6 latency=7 wait_cycles=6 result=08f90235
PCPI_METRIC funct3=2 rs1=b0323e60 rs2=e3377ec6 latency=7 wait_cycles=6 result=b92b4095
PCPI_METRIC funct3=3 rs1=b0323e60 rs2=e3377ec6 latency=7 wait_cycles=6 result=9c62bf5b
PCPI_METRIC funct3=0 rs1=42ce8785 rs2=818d0203 latency=7 wait_cycles=6 result=0ebba08f
PCPI_METRIC funct3=1 rs1=42ce8785 rs2=818d0203 latency=7 wait_cycles=6 result=df00570c
PCPI_METRIC funct3=2 rs1=42ce8785 rs2=818d0203 latency=7 wait_cycles=6 result=21cede91
PCPI_METRIC funct3=3 rs1=42ce8785 rs2=818d0203 latency=7 wait_cycles=6 result=21cede91
PCPI_METRIC funct3=0 rs1=e7a170cf rs2=1e0ed53c latency=7 wait_cycles=6 result=0a04ab84
PCPI_METRIC funct3=1 rs1=e7a170cf rs2=1e0ed53c latency=7 wait_cycles=6 result=fd2381c0
PCPI_METRIC funct3=2 rs1=e7a170cf rs2=1e0ed53c latency=7 wait_cycles=6 result=fd2381c0
PCPI_METRIC funct3=3 rs1=e7a170cf rs2=1e0ed53c latency=7 wait_cycles=6 result=1b3256fc
PCPI_METRIC funct3=0 rs1=a676744c rs2=c33d2a86 latency=7 wait_cycles=6 result=2b3157c8
PCPI_METRIC funct3=1 rs1=a676744c rs2=c33d2a86 latency=7 wait_cycles=6 result=154061a4
PCPI_METRIC funct3=2 rs1=a676744c rs2=c33d2a86 latency=7 wait_cycles=6 result=bbb6d5f0
PCPI_METRIC funct3=3 rs1=a676744c rs2=c33d2a86 latency=7 wait_cycles=6 result=7ef40076
PCPI_METRIC funct3=0 rs1=9bf8b437 rs2=3a70ef74 latency=7 wait_cycles=6 result=2b0101ec
PCPI_METRIC funct3=1 rs1=9bf8b437 rs2=3a70ef74 latency=7 wait_cycles=6 result=e92a3813
PCPI_METRIC funct3=2 rs1=9bf8b437 rs2=3a70ef74 latency=7 wait_cycles=6 result=e92a3813
PCPI_METRIC funct3=3 rs1=9bf8b437 rs2=3a70ef74 latency=7 wait_cycles=6 result=239b2787
PCPI_METRIC funct3=0 rs1=75ede3eb rs2=64612dc8 latency=7 wait_cycles=6 result=1af55e98
PCPI_METRIC funct3=1 rs1=75ede3eb rs2=64612dc8 latency=7 wait_cycles=6 result=2e3db142
PCPI_METRIC funct3=2 rs1=75ede3eb rs2=64612dc8 latency=7 wait_cycles=6 result=2e3db142
PCPI_METRIC funct3=3 rs1=75ede3eb rs2=64612dc8 latency=7 wait_cycles=6 result=2e3db142
PCPI_METRIC funct3=0 rs1=7be417f7 rs2=e0bf68c1 latency=7 wait_cycles=6 result=11fb6937
PCPI_METRIC funct3=1 rs1=7be417f7 rs2=e0bf68c1 latency=7 wait_cycles=6 result=f0e01ee1
PCPI_METRIC funct3=2 rs1=7be417f7 rs2=e0bf68c1 latency=7 wait_cycles=6 result=6cc436d8
PCPI_METRIC funct3=3 rs1=7be417f7 rs2=e0bf68c1 latency=7 wait_cycles=6 result=6cc436d8
PCPI_METRIC funct3=0 rs1=184abd30 rs2=fa8304f5 latency=7 wait_cycles=6 result=1a0bcef0
PCPI_METRIC funct3=1 rs1=184abd30 rs2=fa8304f5 latency=7 wait_cycles=6 result=ff7aae48
PCPI_METRIC funct3=2 rs1=184abd30 rs2=fa8304f5 latency=7 wait_cycles=6 result=17c56b78
PCPI_METRIC funct3=3 rs1=184abd30 rs2=fa8304f5 latency=7 wait_cycles=6 result=17c56b78
PCPI_METRIC funct3=0 rs1=44ae6589 rs2=3e3b9d7c latency=7 wait_cycles=6 result=cd51335c
PCPI_METRIC funct3=1 rs1=44ae6589 rs2=3e3b9d7c latency=7 wait_cycles=6 result=10b23b08
PCPI_METRIC funct3=2 rs1=44ae6589 rs2=3e3b9d7c latency=7 wait_cycles=6 result=10b23b08
PCPI_METRIC funct3=3 rs1=44ae6589 rs2=3e3b9d7c latency=7 wait_cycles=6 result=10b23b08
PCPI_METRIC funct3=0 rs1=788fb1f1 rs2=85826e0b latency=7 wait_cycles=6 result=7e04335b
PCPI_METRIC funct3=1 rs1=788fb1f1 rs2=85826e0b latency=7 wait_cycles=6 result=c650624c
PCPI_METRIC funct3=2 rs1=788fb1f1 rs2=85826e0b latency=7 wait_cycles=6 result=3ee0143d
PCPI_METRIC funct3=3 rs1=788fb1f1 rs2=85826e0b latency=7 wait_cycles=6 result=3ee0143d
PCPI_METRIC funct3=0 rs1=f50d28ea rs2=0e62ab1c latency=7 wait_cycles=6 result=0d58c798
PCPI_METRIC funct3=1 rs1=f50d28ea rs2=0e62ab1c latency=7 wait_cycles=6 result=ff627ff5
PCPI_METRIC funct3=2 rs1=f50d28ea rs2=0e62ab1c latency=7 wait_cycles=6 result=ff627ff5
PCPI_METRIC funct3=3 rs1=f50d28ea rs2=0e62ab1c latency=7 wait_cycles=6 result=0dc52b11
PCPI_METRIC funct3=0 rs1=30582960 rs2=5750e5ae latency=7 wait_cycles=6 result=46eeff40
PCPI_METRIC funct3=1 rs1=30582960 rs2=5750e5ae latency=7 wait_cycles=6 result=107d3cfc
PCPI_METRIC funct3=2 rs1=30582960 rs2=5750e5ae latency=7 wait_cycles=6 result=107d3cfc
PCPI_METRIC funct3=3 rs1=30582960 rs2=5750e5ae latency=7 wait_cycles=6 result=107d3cfc
PCPI_METRIC funct3=0 rs1=eaacb0d5 rs2=60096bc0 latency=7 wait_cycles=6 result=46eaa6c0
PCPI_METRIC funct3=1 rs1=eaacb0d5 rs2=60096bc0 latency=7 wait_cycles=6 result=f7fff968
PCPI_METRIC funct3=2 rs1=eaacb0d5 rs2=60096bc0 latency=7 wait_cycles=6 result=f7fff968
PCPI_METRIC funct3=3 rs1=eaacb0d5 rs2=60096bc0 latency=7 wait_cycles=6 result=58096528
PCPI_METRIC funct3=0 rs1=cb445096 rs2=8d6da61a latency=7 wait_cycles=6 result=df0f733c
PCPI_METRIC funct3=1 rs1=cb445096 rs2=8d6da61a latency=7 wait_cycles=6 result=1799b9ab
PCPI_METRIC funct3=2 rs1=cb445096 rs2=8d6da61a latency=7 wait_cycles=6 result=e2de0a41
PCPI_METRIC funct3=3 rs1=cb445096 rs2=8d6da61a latency=7 wait_cycles=6 result=704bb05b
PCPI_METRIC funct3=0 rs1=767c07ec rs2=32387b64 latency=7 wait_cycles=6 result=b3e17c30
PCPI_METRIC funct3=1 rs1=767c07ec rs2=32387b64 latency=7 wait_cycles=6 result=173e5dc9
PCPI_METRIC funct3=2 rs1=767c07ec rs2=32387b64 latency=7 wait_cycles=6 result=173e5dc9
PCPI_METRIC funct3=3 rs1=767c07ec rs2=32387b64 latency=7 wait_cycles=6 result=173e5dc9
PCPI_METRIC funct3=0 rs1=8f25161e rs2=9821ac30 latency=7 wait_cycles=6 result=6bae4da0
PCPI_METRIC funct3=1 rs1=8f25161e rs2=9821ac30 latency=7 wait_cycles=6 result=2dca16e3
PCPI_METRIC funct3=2 rs1=8f25161e rs2=9821ac30 latency=7 wait_cycles=6 result=bcef2d01
PCPI_METRIC funct3=3 rs1=8f25161e rs2=9821ac30 latency=7 wait_cycles=6 result=5510d931
PCPI_METRIC funct3=0 rs1=33b8f767 rs2=c4c83689 latency=7 wait_cycles=6 result=d6a4201f
PCPI_METRIC funct3=1 rs1=33b8f767 rs2=c4c83689 latency=7 wait_cycles=6 result=f4091989
PCPI_METRIC funct3=2 rs1=33b8f767 rs2=c4c83689 latency=7 wait_cycles=6 result=27c210f0
PCPI_METRIC funct3=3 rs1=33b8f767 rs2=c4c83689 latency=7 wait_cycles=6 result=27c210f0
PCPI_METRIC funct3=0 rs1=f4e824e9 rs2=0b7bb516 latency=7 wait_cycles=6 result=ecfee906
PCPI_METRIC funct3=1 rs1=f4e824e9 rs2=0b7bb516 latency=7 wait_cycles=6 result=ff809d46
PCPI_METRIC funct3=2 rs1=f4e824e9 rs2=0b7bb516 latency=7 wait_cycles=6 result=ff809d46
PCPI_METRIC funct3=3 rs1=f4e824e9 rs2=0b7bb516 latency=7 wait_cycles=6 result=0afc525c
PCPI_METRIC funct3=0 rs1=2dbc0f5b rs2=38bcbb71 latency=7 wait_cycles=6 result=be0e402b
PCPI_METRIC funct3=1 rs1=2dbc0f5b rs2=38bcbb71 latency=7 wait_cycles=6 result=0a22daf3
PCPI_METRIC funct3=2 rs1=2dbc0f5b rs2=38bcbb71 latency=7 wait_cycles=6 result=0a22daf3
PCPI_METRIC funct3=3 rs1=2dbc0f5b rs2=38bcbb71 latency=7 wait_cycles=6 result=0a22daf3
PCPI_METRIC funct3=0 rs1=be43e87c rs2=b60c3a6c latency=7 wait_cycles=6 result=b5222c50
PCPI_METRIC funct3=1 rs1=be43e87c rs2=b60c3a6c latency=7 wait_cycles=6 result=12fd3afa
PCPI_METRIC funct3=2 rs1=be43e87c rs2=b60c3a6c latency=7 wait_cycles=6 result=d1412376
PCPI_METRIC funct3=3 rs1=be43e87c rs2=b60c3a6c latency=7 wait_cycles=6 result=874d5de2
PCPI_METRIC funct3=0 rs1=a0849841 rs2=dc61e2b8 latency=7 wait_cycles=6 result=fa57d0b8
PCPI_METRIC funct3=1 rs1=a0849841 rs2=dc61e2b8 latency=7 wait_cycles=6 result=0d48d844
PCPI_METRIC funct3=2 rs1=a0849841 rs2=dc61e2b8 latency=7 wait_cycles=6 result=adcd7085
PCPI_METRIC funct3=3 rs1=a0849841 rs2=dc61e2b8 latency=7 wait_cycles=6 result=8a2f533d
PCPI_METRIC funct3=0 rs1=54238da8 rs2=b9617a72 latency=7 wait_cycles=6 result=7dff24d0
PCPI_METRIC funct3=1 rs1=54238da8 rs2=b9617a72 latency=7 wait_cycles=6 result=e8ca2d6d
PCPI_METRIC funct3=2 rs1=54238da8 rs2=b9617a72 latency=7 wait_cycles=6 result=3cedbb15
PCPI_METRIC funct3=3 rs1=54238da8 rs2=b9617a72 latency=7 wait_cycles=6 result=3cedbb15
PCPI_METRIC funct3=0 rs1=e004a0c0 rs2=3f274b7e latency=7 wait_cycles=6 result=5a9f5e80
PCPI_METRIC funct3=1 rs1=e004a0c0 rs2=3f274b7e latency=7 wait_cycles=6 result=f81c3ad5
PCPI_METRIC funct3=2 rs1=e004a0c0 rs2=3f274b7e latency=7 wait_cycles=6 result=f81c3ad5
PCPI_METRIC funct3=3 rs1=e004a0c0 rs2=3f274b7e latency=7 wait_cycles=6 result=37438653
PCPI_METRIC funct3=0 rs1=d9d2fcb3 rs2=20437140 latency=7 wait_cycles=6 result=19232fc0
PCPI_METRIC funct3=1 rs1=d9d2fcb3 rs2=20437140 latency=7 wait_cycles=6 result=fb3050eb
PCPI_METRIC funct3=2 rs1=d9d2fcb3 rs2=20437140 latency=7 wait_cycles=6 result=fb3050eb
PCPI_METRIC funct3=3 rs1=d9d2fcb3 rs2=20437140 latency=7 wait_cycles=6 result=1b73c22b
PCPI_METRIC funct3=0 rs1=b22cf464 rs2=e93c4cd2 latency=7 wait_cycles=6 result=ccde2a08
PCPI_METRIC funct3=1 rs1=b22cf464 rs2=e93c4cd2 latency=7 wait_cycles=6 result=06eba139
PCPI_METRIC funct3=2 rs1=b22cf464 rs2=e93c4cd2 latency=7 wait_cycles=6 result=b918959d
PCPI_METRIC funct3=3 rs1=b22cf464 rs2=e93c4cd2 latency=7 wait_cycles=6 result=a254e26f
PCPI_METRIC funct3=0 rs1=20eae741 rs2=2eafd95d latency=7 wait_cycles=6 result=d6cb1b9d
PCPI_METRIC funct3=1 rs1=20eae741 rs2=2eafd95d latency=7 wait_cycles=6 result=0600d214
PCPI_METRIC funct3=2 rs1=20eae741 rs2=2eafd95d latency=7 wait_cycles=6 result=0600d214
PCPI_METRIC funct3=3 rs1=20eae741 rs2=2eafd95d latency=7 wait_cycles=6 result=0600d214
PCPI_METRIC funct3=0 rs1=27b91f4f rs2=52ec09a5 latency=7 wait_cycles=6 result=473ef4eb
PCPI_METRIC funct3=1 rs1=27b91f4f rs2=52ec09a5 latency=7 wait_cycles=6 result=0cddec2f
PCPI_METRIC funct3=2 rs1=27b91f4f rs2=52ec09a5 latency=7 wait_cycles=6 result=0cddec2f
PCPI_METRIC funct3=3 rs1=27b91f4f rs2=52ec09a5 latency=7 wait_cycles=6 result=0cddec2f
PCPI_METRIC funct3=0 rs1=69fcb5d3 rs2=67962fcf latency=7 wait_cycles=6 result=875ac29d
PCPI_METRIC funct3=1 rs1=69fcb5d3 rs2=67962fcf latency=7 wait_cycles=6 result=2ae2db05
PCPI_METRIC funct3=2 rs1=69fcb5d3 rs2=67962fcf latency=7 wait_cycles=6 result=2ae2db05
PCPI_METRIC funct3=3 rs1=69fcb5d3 rs2=67962fcf latency=7 wait_cycles=6 result=2ae2db05
PCPI_METRIC funct3=0 rs1=bfbb6c7f rs2=77b957ef latency=7 wait_cycles=6 result=22a07391
PCPI_METRIC funct3=1 rs1=bfbb6c7f rs2=77b957ef latency=7 wait_cycles=6 result=e1f197cd
PCPI_METRIC funct3=2 rs1=bfbb6c7f rs2=77b957ef latency=7 wait_cycles=6 result=e1f197cd
PCPI_METRIC funct3=3 rs1=bfbb6c7f rs2=77b957ef latency=7 wait_cycles=6 result=59aaefbc
PCPI_METRIC funct3=0 rs1=9dfe943b rs2=0453ad08 latency=7 wait_cycles=6 result=f54180d8
PCPI_METRIC funct3=1 rs1=9dfe943b rs2=0453ad08 latency=7 wait_cycles=6 result=fe57f19c
PCPI_METRIC funct3=2 rs1=9dfe943b rs2=0453ad08 latency=7 wait_cycles=6 result=fe57f19c
PCPI_METRIC funct3=3 rs1=9dfe943b rs2=0453ad08 latency=7 wait_cycles=6 result=02ab9ea4
PCPI_METRIC funct3=0 rs1=61e8e9c3 rs2=213ad542 latency=7 wait_cycles=6 result=21b98346
PCPI_METRIC funct3=1 rs1=61e8e9c3 rs2=213ad542 latency=7 wait_cycles=6 result=0cb58677
PCPI_METRIC funct3=2 rs1=61e8e9c3 rs2=213ad542 latency=7 wait_cycles=6 result=0cb58677
PCPI_METRIC funct3=3 rs1=61e8e9c3 rs2=213ad542 latency=7 wait_cycles=6 result=0cb58677
PCPI_METRIC funct3=0 rs1=6c776fd8 rs2=59ef51b3 latency=7 wait_cycles=6 result=248e8c08
PCPI_METRIC funct3=1 rs1=6c776fd8 rs2=59ef51b3 latency=7 wait_cycles=6 result=261aec01
PCPI_METRIC funct3=2 rs1=6c776fd8 rs2=59ef51b3 latency=7 wait_cycles=6 result=261aec01
PCPI_METRIC funct3=3 rs1=6c776fd8 rs2=59ef51b3 latency=7 wait_cycles=6 result=261aec01
PCPI_METRIC funct3=0 rs1=7ba55ff7 rs2=c5b6de8b latency=7 wait_cycles=6 result=d89d4d1d
PCPI_METRIC funct3=1 rs1=7ba55ff7 rs2=c5b6de8b latency=7 wait_cycles=6 result=e3d935f0
PCPI_METRIC funct3=2 rs1=7ba55ff7 rs2=c5b6de8b latency=7 wait_cycles=6 result=5f7e95e7
PCPI_METRIC funct3=3 rs1=7ba55ff7 rs2=c5b6de8b latency=7 wait_cycles=6 result=5f7e95e7
PCPI_METRIC funct3=0 rs1=7a6af5f4 rs2=6815d9d0 latency=7 wait_cycles=6 result=6e67aa40
PCPI_METRIC funct3=1 rs1=7a6af5f4 rs2=6815d9d0 latency=7 wait_cycles=6 result=31c5e6d9
PCPI_METRIC funct3=2 rs1=7a6af5f4 rs2=6815d9d0 latency=7 wait_cycles=6 result=31c5e6d9
PCPI_METRIC funct3=3 rs1=7a6af5f4 rs2=6815d9d0 latency=7 wait_cycles=6 result=31c5e6d9
PCPI_METRIC funct3=0 rs1=4bcf5b97 rs2=967f902c latency=7 wait_cycles=6 result=9511adf4
PCPI_METRIC funct3=1 rs1=4bcf5b97 rs2=967f902c latency=7 wait_cycles=6 result=e0c1eaa3
PCPI_METRIC funct3=2 rs1=4bcf5b97 rs2=967f902c latency=7 wait_cycles=6 result=2c91463a
PCPI_METRIC funct3=3 rs1=4bcf5b97 rs2=967f902c latency=7 wait_cycles=6 result=2c91463a
PCPI_METRIC funct3=0 rs1=8e058c1c rs2=8dd5bc1b latency=7 wait_cycles=6 result=0cc656f4
PCPI_METRIC funct3=1 rs1=8e058c1c rs2=8dd5bc1b latency=7 wait_cycles=6 result=32d458ed
PCPI_METRIC funct3=2 rs1=8e058c1c rs2=8dd5bc1b latency=7 wait_cycles=6 result=c0d9e509
PCPI_METRIC funct3=3 rs1=8e058c1c rs2=8dd5bc1b latency=7 wait_cycles=6 result=4eafa124
PCPI_METRIC funct3=0 rs1=294c2b52 rs2=1a0ec734 latency=7 wait_cycles=6 result=4ba18aa8
PCPI_METRIC funct3=1 rs1=294c2b52 rs2=1a0ec734 latency=7 wait_cycles=6 result=04341eb3
PCPI_METRIC funct3=2 rs1=294c2b52 rs2=1a0ec734 latency=7 wait_cycles=6 result=04341eb3
PCPI_METRIC funct3=3 rs1=294c2b52 rs2=1a0ec734 latency=7 wait_cycles=6 result=04341eb3
PCPI_METRIC funct3=0 rs1=630867c6 rs2=201b3b40 latency=7 wait_cycles=6 result=63e69380
PCPI_METRIC funct3=1 rs1=630867c6 rs2=201b3b40 latency=7 wait_cycles=6 result=0c6b95c7
PCPI_METRIC funct3=2 rs1=630867c6 rs2=201b3b40 latency=7 wait_cycles=6 result=0c6b95c7
PCPI_METRIC funct3=3 rs1=630867c6 rs2=201b3b40 latency=7 wait_cycles=6 result=0c6b95c7
PCPI_METRIC funct3=0 rs1=5053dba0 rs2=6de21ddb latency=7 wait_cycles=6 result=3ade01e0
PCPI_METRIC funct3=1 rs1=5053dba0 rs2=6de21ddb latency=7 wait_cycles=6 result=227aa7e9
PCPI_METRIC funct3=2 rs1=5053dba0 rs2=6de21ddb latency=7 wait_cycles=6 result=227aa7e9
PCPI_METRIC funct3=3 rs1=5053dba0 rs2=6de21ddb latency=7 wait_cycles=6 result=227aa7e9
PCPI_METRIC funct3=0 rs1=93f56c27 rs2=5dec4fbb latency=7 wait_cycles=6 result=af9a097d
PCPI_METRIC funct3=1 rs1=93f56c27 rs2=5dec4fbb latency=7 wait_cycles=6 result=d85c6ce3
PCPI_METRIC funct3=2 rs1=93f56c27 rs2=5dec4fbb latency=7 wait_cycles=6 result=d85c6ce3
PCPI_METRIC funct3=3 rs1=93f56c27 rs2=5dec4fbb latency=7 wait_cycles=6 result=3648bc9e
PCPI_METRIC funct3=0 rs1=827d3404 rs2=0c16ed18 latency=7 wait_cycles=6 result=cd3c9460
PCPI_METRIC funct3=1 rs1=827d3404 rs2=0c16ed18 latency=7 wait_cycles=6 result=fa12a0f4
PCPI_METRIC funct3=2 rs1=827d3404 rs2=0c16ed18 latency=7 wait_cycles=6 result=fa12a0f4
PCPI_METRIC funct3=3 rs1=827d3404 rs2=0c16ed18 latency=7 wait_cycles=6 result=06298e0c
PCPI_METRIC funct3=0 rs1=c3fb4c87 rs2=fe64b2fc latency=7 wait_cycles=6 result=7d5132e4
PCPI_METRIC funct3=1 rs1=c3fb4c87 rs2=fe64b2fc latency=7 wait_cycles=6 result=00606d9a
PCPI_METRIC funct3=2 rs1=c3fb4c87 rs2=fe64b2fc latency=7 wait_cycles=6 result=c45bba21
PCPI_METRIC funct3=3 rs1=c3fb4c87 rs2=fe64b2fc latency=7 wait_cycles=6 result=c2c06d1d
PCPI_METRIC funct3=0 rs1=8589c40b rs2=b0c65661 latency=7 wait_cycles=6 result=1190fa2b
PCPI_METRIC funct3=1 rs1=8589c40b rs2=b0c65661 latency=7 wait_cycles=6 result=25e611f8
PCPI_METRIC funct3=2 rs1=8589c40b rs2=b0c65661 latency=7 wait_cycles=6 result=ab6fd603
PCPI_METRIC funct3=3 rs1=8589c40b rs2=b0c65661 latency=7 wait_cycles=6 result=5c362c64
PCPI_METRIC funct3=0 rs1=f5a170eb rs2=5471e7a8 latency=7 wait_cycles=6 result=d2912738
PCPI_METRIC funct3=1 rs1=f5a170eb rs2=5471e7a8 latency=7 wait_cycles=6 result=fc945bed
PCPI_METRIC funct3=2 rs1=f5a170eb rs2=5471e7a8 latency=7 wait_cycles=6 result=fc945bed
PCPI_METRIC funct3=3 rs1=f5a170eb rs2=5471e7a8 latency=7 wait_cycles=6 result=51064395
PCPI_METRIC funct3=0 rs1=4cf1d799 rs2=bb213276 latency=7 wait_cycles=6 result=414e4286
PCPI_METRIC funct3=1 rs1=4cf1d799 rs2=bb213276 latency=7 wait_cycles=6 result=eb4ccb3b
PCPI_METRIC funct3=2 rs1=4cf1d799 rs2=bb213276 latency=7 wait_cycles=6 result=383ea2d4
PCPI_METRIC funct3=3 rs1=4cf1d799 rs2=bb213276 latency=7 wait_cycles=6 result=383ea2d4
PCPI_METRIC funct3=0 rs1=ba340674 rs2=c44f2488 latency=7 wait_cycles=6 result=0a57bda0
PCPI_METRIC funct3=1 rs1=ba340674 rs2=c44f2488 latency=7 wait_cycles=6 result=10463a95
PCPI_METRIC funct3=2 rs1=ba340674 rs2=c44f2488 latency=7 wait_cycles=6 result=ca7a4109
PCPI_METRIC funct3=3 rs1=ba340674 rs2=c44f2488 latency=7 wait_cycles=6 result=8ec96591
PCPI_METRIC funct3=0 rs1=5a3079b4 rs2=264c1f4c latency=7 wait_cycles=6 result=7e90ed70
PCPI_METRIC funct3=1 rs1=5a3079b4 rs2=264c1f4c latency=7 wait_cycles=6 result=0d7e037b
PCPI_METRIC funct3=2 rs1=5a3079b4 rs2=264c1f4c latency=7 wait_cycles=6 result=0d7e037b
PCPI_METRIC funct3=3 rs1=5a3079b4 rs2=264c1f4c latency=7 wait_cycles=6 result=0d7e037b
PCPI_METRIC funct3=0 rs1=a5eff84b rs2=06c1670d latency=7 wait_cycles=6 result=eca0c8cf
PCPI_METRIC funct3=1 rs1=a5eff84b rs2=06c1670d latency=7 wait_cycles=6 result=fd9f957a
PCPI_METRIC funct3=2 rs1=a5eff84b rs2=06c1670d latency=7 wait_cycles=6 result=fd9f957a
PCPI_METRIC funct3=3 rs1=a5eff84b rs2=06c1670d latency=7 wait_cycles=6 result=0460fc87
PCPI_METRIC funct3=0 rs1=9fcf743f rs2=f5fb76eb latency=7 wait_cycles=6 result=97c9bfd5
PCPI_METRIC funct3=1 rs1=9fcf743f rs2=f5fb76eb latency=7 wait_cycles=6 result=03c399b9
PCPI_METRIC funct3=2 rs1=9fcf743f rs2=f5fb76eb latency=7 wait_cycles=6 result=a3930df8
PCPI_METRIC funct3=3 rs1=9fcf743f rs2=f5fb76eb latency=7 wait_cycles=6 result=998e84e3
PCPI_METRIC funct3=0 rs1=34eef369 rs2=76136bec latency=7 wait_cycles=6 result=22d047cc
PCPI_METRIC funct3=1 rs1=34eef369 rs2=76136bec latency=7 wait_cycles=6 result=186a283f
PCPI_METRIC funct3=2 rs1=34eef369 rs2=76136bec latency=7 wait_cycles=6 result=186a283f
PCPI_METRIC funct3=3 rs1=34eef369 rs2=76136bec latency=7 wait_cycles=6 result=186a283f
PCPI_METRIC funct3=0 rs1=f33358e6 rs2=b2cf5665 latency=7 wait_cycles=6 result=011956be
PCPI_METRIC funct3=1 rs1=f33358e6 rs2=b2cf5665 latency=7 wait_cycles=6 result=03dbfd1d
PCPI_METRIC funct3=2 rs1=f33358e6 rs2=b2cf5665 latency=7 wait_cycles=6 result=f70f5603
PCPI_METRIC funct3=3 rs1=f33358e6 rs2=b2cf5665 latency=7 wait_cycles=6 result=a9deac68
PCPI_METRIC funct3=0 rs1=0cd36119 rs2=60d1adc1 latency=7 wait_cycles=6 result=296318d9
PCPI_METRIC funct3=1 rs1=0cd36119 rs2=60d1adc1 latency=7 wait_cycles=6 result=04d9c5b0
PCPI_METRIC funct3=2 rs1=0cd36119 rs2=60d1adc1 latency=7 wait_cycles=6 result=04d9c5b0
PCPI_METRIC funct3=3 rs1=0cd36119 rs2=60d1adc1 latency=7 wait_cycles=6 result=04d9c5b0
PCPI_METRIC funct3=0 rs1=d9276eb2 rs2=526f9ba4 latency=7 wait_cycles=6 result=0076b008
PCPI_METRIC funct3=1 rs1=d9276eb2 rs2=526f9ba4 latency=7 wait_cycles=6 result=f37db1f0
PCPI_METRIC funct3=2 rs1=d9276eb2 rs2=526f9ba4 latency=7 wait_cycles=6 result=f37db1f0
PCPI_METRIC funct3=3 rs1=d9276eb2 rs2=526f9ba4 latency=7 wait_cycles=6 result=45ed4d94
PCPI_METRIC funct3=0 rs1=4734718e rs2=1e46693c latency=7 wait_cycles=6 result=e3b1db48
PCPI_METRIC funct3=1 rs1=4734718e rs2=1e46693c latency=7 wait_cycles=6 result=086bbaea
PCPI_METRIC funct3=2 rs1=4734718e rs2=1e46693c latency=7 wait_cycles=6 result=086bbaea
PCPI_METRIC funct3=3 rs1=4734718e rs2=1e46693c latency=7 wait_cycles=6 result=086bbaea
PCPI_METRIC funct3=0 rs1=3929c572 rs2=a767de4e latency=7 wait_cycles=6 result=72d104bc
PCPI_METRIC funct3=1 rs1=3929c572 rs2=a767de4e latency=7 wait_cycles=6 result=ec37abcd
PCPI_METRIC funct3=2 rs1=3929c572 rs2=a767de4e latency=7 wait_cycles=6 result=2561713f
PCPI_METRIC funct3=3 rs1=3929c572 rs2=a767de4e latency=7 wait_cycles=6 result=2561713f
PCPI_METRIC funct3=0 rs1=30ca0f61 rs2=60b59bc1 latency=7 wait_cycles=6 result=5f3a5321
PCPI_METRIC funct3=1 rs1=30ca0f61 rs2=60b59bc1 latency=7 wait_cycles=6 result=126e6250
PCPI_METRIC funct3=2 rs1=30ca0f61 rs2=60b59bc1 latency=7 wait_cycles=6 result=126e6250
PCPI_METRIC funct3=3 rs1=30ca0f61 rs2=60b59bc1 latency=7 wait_cycles=6 result=126e6250
PCPI_METRIC funct3=0 rs1=43772386 rs2=34c37d69 latency=7 wait_cycles=6 result=1f47fff6
PCPI_METRIC funct3=1 rs1=43772386 rs2=34c37d69 latency=7 wait_cycles=6 result=0de7b804
PCPI_METRIC funct3=2 rs1=43772386 rs2=34c37d69 latency=7 wait_cycles=6 result=0de7b804
PCPI_METRIC funct3=3 rs1=43772386 rs2=34c37d69 latency=7 wait_cycles=6 result=0de7b804
PCPI_METRIC funct3=0 rs1=a958e252 rs2=0158ff02 latency=7 wait_cycles=6 result=fa5172a4
PCPI_METRIC funct3=1 rs1=a958e252 rs2=0158ff02 latency=7 wait_cycles=6 result=ff8b391e
PCPI_METRIC funct3=2 rs1=a958e252 rs2=0158ff02 latency=7 wait_cycles=6 result=ff8b391e
PCPI_METRIC funct3=3 rs1=a958e252 rs2=0158ff02 latency=7 wait_cycles=6 result=00e43820
PCPI_METRIC funct3=0 rs1=95d7182b rs2=01699502 latency=7 wait_cycles=6 result=71623756
PCPI_METRIC funct3=1 rs1=95d7182b rs2=01699502 latency=7 wait_cycles=6 result=ff6a0e86
PCPI_METRIC funct3=2 rs1=95d7182b rs2=01699502 latency=7 wait_cycles=6 result=ff6a0e86
PCPI_METRIC funct3=3 rs1=95d7182b rs2=01699502 latency=7 wait_cycles=6 result=00d3a388
PCPI_METRIC funct3=0 rs1=105e5d20 rs2=421c0f84 latency=7 wait_cycles=6 result=679ce480
PCPI_METRIC funct3=1 rs1=105e5d20 rs2=421c0f84 latency=7 wait_cycles=6 result=043a1f52
PCPI_METRIC funct3=2 rs1=105e5d20 rs2=421c0f84 latency=7 wait_cycles=6 result=043a1f52
PCPI_METRIC funct3=3 rs1=105e5d20 rs2=421c0f84 latency=7 wait_cycles=6 result=043a1f52
PCPI_METRIC funct3=0 rs1=6b27f3d6 rs2=c738fe8e latency=7 wait_cycles=6 result=c4e794b4
PCPI_METRIC funct3=1 rs1=6b27f3d6 rs2=c738fe8e latency=7 wait_cycles=6 result=e83bf5ff
PCPI_METRIC funct3=2 rs1=6b27f3d6 rs2=c738fe8e latency=7 wait_cycles=6 result=5363e9d5
PCPI_METRIC funct3=3 rs1=6b27f3d6 rs2=c738fe8e latency=7 wait_cycles=6 result=5363e9d5
PCPI_METRIC funct3=0 rs1=6a7ca9d4 rs2=41180b82 latency=7 wait_cycles=6 result=2e7a59a8
PCPI_METRIC funct3=1 rs1=6a7ca9d4 rs2=41180b82 latency=7 wait_cycles=6 result=1b13a798
PCPI_METRIC funct3=2 rs1=6a7ca9d4 rs2=41180b82 latency=7 wait_cycles=6 result=1b13a798
PCPI_METRIC funct3=3 rs1=6a7ca9d4 rs2=41180b82 latency=7 wait_cycles=6 result=1b13a798
PCPI_METRIC funct3=0 rs1=61aabbc3 rs2=99e45833 latency=7 wait_cycles=6 result=ea3a6fd9
PCPI_METRIC funct3=1 rs1=61aabbc3 rs2=99e45833 latency=7 wait_cycles=6 result=d90b6c29
PCPI_METRIC funct3=2 rs1=61aabbc3 rs2=99e45833 latency=7 wait_cycles=6 result=3ab627ec
PCPI_METRIC funct3=3 rs1=61aabbc3 rs2=99e45833 latency=7 wait_cycles=6 result=3ab627ec
PCPI_METRIC funct3=0 rs1=2ba6b157 rs2=19cfeb33 latency=7 wait_cycles=6 result=9b593155
PCPI_METRIC funct3=1 rs1=2ba6b157 rs2=19cfeb33 latency=7 wait_cycles=6 result=0466bb35
PCPI_METRIC funct3=2 rs1=2ba6b157 rs2=19cfeb33 latency=7 wait_cycles=6 result=0466bb35
PCPI_METRIC funct3=3 rs1=2ba6b157 rs2=19cfeb33 latency=7 wait_cycles=6 result=0466bb35
PCPI_METRIC funct3=0 rs1=240f3d48 rs2=e18dfec3 latency=7 wait_cycles=6 result=9f111dd8
PCPI_METRIC funct3=1 rs1=240f3d48 rs2=e18dfec3 latency=7 wait_cycles=6 result=fbb627db
PCPI_METRIC funct3=2 rs1=240f3d48 rs2=e18dfec3 latency=7 wait_cycles=6 result=1fc56523
PCPI_METRIC funct3=3 rs1=240f3d48 rs2=e18dfec3 latency=7 wait_cycles=6 result=1fc56523
PCPI_METRIC funct3=0 rs1=d20c20a4 rs2=f02c6ee0 latency=7 wait_cycles=6 result=5cd30780
PCPI_METRIC funct3=1 rs1=d20c20a4 rs2=f02c6ee0 latency=7 wait_cycles=6 result=02d74424
PCPI_METRIC funct3=2 rs1=d20c20a4 rs2=f02c6ee0 latency=7 wait_cycles=6 result=d4e364c8
PCPI_METRIC funct3=3 rs1=d20c20a4 rs2=f02c6ee0 latency=7 wait_cycles=6 result=c50fd3a8
PCPI_METRIC funct3=0 rs1=01400702 rs2=45240d8a latency=7 wait_cycles=6 result=7326e114
PCPI_METRIC funct3=1 rs1=01400702 rs2=45240d8a latency=7 wait_cycles=6 result=00566ef5
PCPI_METRIC funct3=2 rs1=01400702 rs2=45240d8a latency=7 wait_cycles=6 result=00566ef5
PCPI_METRIC funct3=3 rs1=01400702 rs2=45240d8a latency=7 wait_cycles=6 result=00566ef5
PCPI_METRIC funct3=0 rs1=3dc5677b rs2=e1380ec2 latency=7 wait_cycles=6 result=59292536
PCPI_METRIC funct3=1 rs1=3dc5677b rs2=e1380ec2 latency=7 wait_cycles=6 result=f8929f36
PCPI_METRIC funct3=2 rs1=3dc5677b rs2=e1380ec2 latency=7 wait_cycles=6 result=365806b1
PCPI_METRIC funct3=3 rs1=3dc5677b rs2=e1380ec2 latency=7 wait_cycles=6 result=365806b1
PCPI_METRIC funct3=0 rs1=3eee637d rs2=e07c5ec0 latency=7 wait_cycles=6 result=4bde83c0
PCPI_METRIC funct3=1 rs1=3eee637d rs2=e07c5ec0 latency=7 wait_cycles=6 result=f840c653
PCPI_METRIC funct3=2 rs1=3eee637d rs2=e07c5ec0 latency=7 wait_cycles=6 result=372f29d0
PCPI_METRIC funct3=3 rs1=3eee637d rs2=e07c5ec0 latency=7 wait_cycles=6 result=372f29d0
PCPI_METRIC funct3=0 rs1=713fabe2 rs2=959b082b latency=7 wait_cycles=6 result=9ee6eef6
PCPI_METRIC funct3=1 rs1=713fabe2 rs2=959b082b latency=7 wait_cycles=6 result=d0eef852
PCPI_METRIC funct3=2 rs1=713fabe2 rs2=959b082b latency=7 wait_cycles=6 result=422ea434
PCPI_METRIC funct3=3 rs1=713fabe2 rs2=959b082b latency=7 wait_cycles=6 result=422ea434
PCPI_METRIC funct3=0 rs1=b2de5c65 rs2=e23090c4 latency=7 wait_cycles=6 result=83278d54
PCPI_METRIC funct3=1 rs1=b2de5c65 rs2=e23090c4 latency=7 wait_cycles=6 result=08fb4f3f
PCPI_METRIC funct3=2 rs1=b2de5c65 rs2=e23090c4 latency=7 wait_cycles=6 result=bbd9aba4
PCPI_METRIC funct3=3 rs1=b2de5c65 rs2=e23090c4 latency=7 wait_cycles=6 result=9e0a3c68
PCPI_METRIC funct3=0 rs1=2668df4c rs2=f1d758e3 latency=7 wait_cycles=6 result=30942064
PCPI_METRIC funct3=1 rs1=2668df4c rs2=f1d758e3 latency=7 wait_cycles=6 result=fde02a54
PCPI_METRIC funct3=2 rs1=2668df4c rs2=f1d758e3 latency=7 wait_cycles=6 result=244909a0
PCPI_METRIC funct3=3 rs1=2668df4c rs2=f1d758e3 latency=7 wait_cycles=6 result=244909a0
PCPI_METRIC funct3=0 rs1=eef2c2dd rs2=6d39fdda latency=7 wait_cycles=6 result=e1835932
PCPI_METRIC funct3=1 rs1=eef2c2dd rs2=6d39fdda latency=7 wait_cycles=6 result=f8b9801c
PCPI_METRIC funct3=2 rs1=eef2c2dd rs2=6d39fdda latency=7 wait_cycles=6 result=f8b9801c
PCPI_METRIC funct3=3 rs1=eef2c2dd rs2=6d39fdda latency=7 wait_cycles=6 result=65f37df6
PCPI_METRIC funct3=0 rs1=649babc9 rs2=2044b940 latency=7 wait_cycles=6 result=67733340
PCPI_METRIC funct3=1 rs1=649babc9 rs2=2044b940 latency=7 wait_cycles=6 result=0cae77a0
PCPI_METRIC funct3=2 rs1=649babc9 rs2=2044b940 latency=7 wait_cycles=6 result=0cae77a0
PCPI_METRIC funct3=3 rs1=649babc9 rs2=2044b940 latency=7 wait_cycles=6 result=0cae77a0
PCPI_METRIC funct3=0 rs1=0bf91f17 rs2=5a4dc3b4 latency=7 wait_cycles=6 result=9dc3612c
PCPI_METRIC funct3=1 rs1=0bf91f17 rs2=5a4dc3b4 latency=7 wait_cycles=6 result=04393803
PCPI_METRIC funct3=2 rs1=0bf91f17 rs2=5a4dc3b4 latency=7 wait_cycles=6 result=04393803
PCPI_METRIC funct3=3 rs1=0bf91f17 rs2=5a4dc3b4 latency=7 wait_cycles=6 result=04393803
PCPI_METRIC funct3=0 rs1=034b7b06 rs2=f0cca8e1 latency=7 wait_cycles=6 result=16db1046
PCPI_METRIC funct3=1 rs1=034b7b06 rs2=f0cca8e1 latency=7 wait_cycles=6 result=ffcdeaa2
PCPI_METRIC funct3=2 rs1=034b7b06 rs2=f0cca8e1 latency=7 wait_cycles=6 result=031965a8
PCPI_METRIC funct3=3 rs1=034b7b06 rs2=f0cca8e1 latency=7 wait_cycles=6 result=031965a8
PCPI_METRIC funct3=0 rs1=df35bebe rs2=34f8bb69 latency=7 wait_cycles=6 result=2f7005ee
PCPI_METRIC funct3=1 rs1=df35bebe rs2=34f8bb69 latency=7 wait_cycles=6 result=f9370ece
PCPI_METRIC funct3=2 rs1=df35bebe rs2=34f8bb69 latency=7 wait_cycles=6 result=f9370ece
PCPI_METRIC funct3=3 rs1=df35bebe rs2=34f8bb69 latency=7 wait_cycles=6 result=2e2fca37
PCPI_METRIC funct3=0 rs1=c5707a8a rs2=4a666194 latency=7 wait_cycles=6 result=7a7121c8
PCPI_METRIC funct3=1 rs1=c5707a8a rs2=4a666194 latency=7 wait_cycles=6 result=eefb17ea
PCPI_METRIC funct3=2 rs1=c5707a8a rs2=4a666194 latency=7 wait_cycles=6 result=eefb17ea
PCPI_METRIC funct3=3 rs1=c5707a8a rs2=4a666194 latency=7 wait_cycles=6 result=3961797e
PCPI_METRIC funct3=0 rs1=26afad4d rs2=907b8220 latency=7 wait_cycles=6 result=9ff5c3a0
PCPI_METRIC funct3=1 rs1=26afad4d rs2=907b8220 latency=7 wait_cycles=6 result=ef25ce40
PCPI_METRIC funct3=2 rs1=26afad4d rs2=907b8220 latency=7 wait_cycles=6 result=15d57b8d
PCPI_METRIC funct3=3 rs1=26afad4d rs2=907b8220 latency=7 wait_cycles=6 result=15d57b8d
PCPI_METRIC funct3=0 rs1=79b399f3 rs2=2a52e154 latency=7 wait_cycles=6 result=f71316bc
PCPI_METRIC funct3=1 rs1=79b399f3 rs2=2a52e154 latency=7 wait_cycles=6 result=141edde7
PCPI_METRIC funct3=2 rs1=79b399f3 rs2=2a52e154 latency=7 wait_cycles=6 result=141edde7
PCPI_METRIC funct3=3 rs1=79b399f3 rs2=2a52e154 latency=7 wait_cycles=6 result=141edde7
PCPI_METRIC funct3=0 rs1=f83cb4f0 rs2=90667620 latency=7 wait_cycles=6 result=1a9d3e00
PCPI_METRIC funct3=1 rs1=f83cb4f0 rs2=90667620 latency=7 wait_cycles=6 result=03625572
PCPI_METRIC funct3=2 rs1=f83cb4f0 rs2=90667620 latency=7 wait_cycles=6 result=fb9f0a62
PCPI_METRIC funct3=3 rs1=f83cb4f0 rs2=90667620 latency=7 wait_cycles=6 result=8c058082
PCPI_METRIC funct3=0 rs1=4b5a7f96 rs2=6d18e1da latency=7 wait_cycles=6 result=89437bbc
PCPI_METRIC funct3=1 rs1=4b5a7f96 rs2=6d18e1da latency=7 wait_cycles=6 result=201cdb49
PCPI_METRIC funct3=2 rs1=4b5a7f96 rs2=6d18e1da latency=7 wait_cycles=6 result=201cdb49
PCPI_METRIC funct3=3 rs1=4b5a7f96 rs2=6d18e1da latency=7 wait_cycles=6 result=201cdb49
PCPI_METRIC funct3=0 rs1=7f4d65fe rs2=40f5b381 latency=7 wait_cycles=6 result=6066fefe
PCPI_METRIC funct3=1 rs1=7f4d65fe rs2=40f5b381 latency=7 wait_cycles=6 result=204d87d5
PCPI_METRIC funct3=2 rs1=7f4d65fe rs2=40f5b381 latency=7 wait_cycles=6 result=204d87d5
PCPI_METRIC funct3=3 rs1=7f4d65fe rs2=40f5b381 latency=7 wait_cycles=6 result=204d87d5
PCPI_METRIC funct3=0 rs1=2ff39b5f rs2=5d40dfba latency=7 wait_cycles=6 result=6616a406
PCPI_METRIC funct3=1 rs1=2ff39b5f rs2=5d40dfba latency=7 wait_cycles=6 result=1177a640
PCPI_METRIC funct3=2 rs1=2ff39b5f rs2=5d40dfba latency=7 wait_cycles=6 result=1177a640
PCPI_METRIC funct3=3 rs1=2ff39b5f rs2=5d40dfba latency=7 wait_cycles=6 result=1177a640
PCPI_METRIC funct3=0 rs1=d57906aa rs2=1b2d1336 latency=7 wait_cycles=6 result=1ce805dc
PCPI_METRIC funct3=1 rs1=d57906aa rs2=1b2d1336 latency=7 wait_cycles=6 result=fb7c46c9
PCPI_METRIC funct3=2 rs1=d57906aa rs2=1b2d1336 latency=7 wait_cycles=6 result=fb7c46c9
PCPI_METRIC funct3=3 rs1=d57906aa rs2=1b2d1336 latency=7 wait_cycles=6 result=16a959ff
PCPI_METRIC funct3=0 rs1=1dc2173b rs2=c3d11687 latency=7 wait_cycles=6 result=4784521d
PCPI_METRIC funct3=1 rs1=1dc2173b rs2=c3d11687 latency=7 wait_cycles=6 result=f9010e8a
PCPI_METRIC funct3=2 rs1=1dc2173b rs2=c3d11687 latency=7 wait_cycles=6 result=16c325c5
PCPI_METRIC funct3=3 rs1=1dc2173b rs2=c3d11687 latency=7 wait_cycles=6 result=16c325c5
PCPI_METRIC funct3=0 rs1=81c9a603 rs2=d0b432a1 latency=7 wait_cycles=6 result=2c59fde3
PCPI_METRIC funct3=1 rs1=81c9a603 rs2=d0b432a1 latency=7 wait_cycles=6 result=175159b2
PCPI_METRIC funct3=2 rs1=81c9a603 rs2=d0b432a1 latency=7 wait_cycles=6 result=991affb5
PCPI_METRIC funct3=3 rs1=81c9a603 rs2=d0b432a1 latency=7 wait_cycles=6 result=69cf3256
PCPI_METRIC funct3=0 rs1=76e9dfed rs2=f68984ed latency=7 wait_cycles=6 result=41cf8269
PCPI_METRIC funct3=1 rs1=76e9dfed rs2=f68984ed latency=7 wait_cycles=6 result=fb9abe28
PCPI_METRIC funct3=2 rs1=76e9dfed rs2=f68984ed latency=7 wait_cycles=6 result=72849e15
PCPI_METRIC funct3=3 rs1=76e9dfed rs2=f68984ed latency=7 wait_cycles=6 result=72849e15
PCPI_METRIC funct3=0 rs1=eac812d5 rs2=3b726d76 latency=7 wait_cycles=6 result=e2175f2e
PCPI_METRIC funct3=1 rs1=eac812d5 rs2=3b726d76 latency=7 wait_cycles=6 result=fb12a05c
PCPI_METRIC funct3=2 rs1=eac812d5 rs2=3b726d76 latency=7 wait_cycles=6 result=fb12a05c
PCPI_METRIC funct3=3 rs1=eac812d5 rs2=3b726d76 latency=7 wait_cycles=6 result=36850dd2
[6] Progress: 1000/1000 groups

[7] Valid Drop Mid-Pipeline
PCPI_METRIC funct3=0 rs1=12345678 rs2=9abcdef0 latency=7 wait_cycles=6 result=242d2080 valid_drop=1

[8] Reset Mid-Operation Test
PCPI_METRIC funct3=0 rs1=11111111 rs2=00000009 latency=7 wait_cycles=6 result=99999999

=========================================
RESULTS: 4048 PASSED, 0 FAILED
Average latency: 7 cycles
METRIC avg_pcpi_latency 7
METRIC min_pcpi_latency 7
METRIC max_pcpi_latency 7
METRIC total_mul_ops 4047
METRIC total_pcpi_wait_cycles 24282
METRIC avg_pcpi_wait_cycles 6
METRIC fail_count 0
METRIC test_status 1
STATUS: ALL PASS
=========================================
