
 /----------------------------------------------------------------------------\
 |                                                                            |
 |  yosys -- Yosys Open SYnthesis Suite                                       |
 |                                                                            |
 |  Copyright (C) 2012 - 2019  Clifford Wolf <clifford@clifford.at>           |
 |                                                                            |
 |  Permission to use, copy, modify, and/or distribute this software for any  |
 |  purpose with or without fee is hereby granted, provided that the above    |
 |  copyright notice and this permission notice appear in all copies.         |
 |                                                                            |
 |  THE SOFTWARE IS PROVIDED "AS IS" AND THE AUTHOR DISCLAIMS ALL WARRANTIES  |
 |  WITH REGARD TO THIS SOFTWARE INCLUDING ALL IMPLIED WARRANTIES OF          |
 |  MERCHANTABILITY AND FITNESS. IN NO EVENT SHALL THE AUTHOR BE LIABLE FOR   |
 |  ANY SPECIAL, DIRECT, INDIRECT, OR CONSEQUENTIAL DAMAGES OR ANY DAMAGES    |
 |  WHATSOEVER RESULTING FROM LOSS OF USE, DATA OR PROFITS, WHETHER IN AN     |
 |  ACTION OF CONTRACT, NEGLIGENCE OR OTHER TORTIOUS ACTION, ARISING OUT OF   |
 |  OR IN CONNECTION WITH THE USE OR PERFORMANCE OF THIS SOFTWARE.            |
 |                                                                            |
 \----------------------------------------------------------------------------/

 Yosys 0.9 (git sha1 1979e0b)


-- Executing script file `synth/synth_baseline_C.ys' --

1. Executing Verilog-2005 frontend: ../picorv32.v
Parsing Verilog input from `../picorv32.v' to AST representation.
Generating RTLIL representation for module `\picorv32'.
Generating RTLIL representation for module `\picorv32_regs'.
Generating RTLIL representation for module `\picorv32_pcpi_mul'.
Generating RTLIL representation for module `\picorv32_pcpi_fast_mul'.
Generating RTLIL representation for module `\picorv32_pcpi_div'.
Generating RTLIL representation for module `\picorv32_axi'.
Generating RTLIL representation for module `\picorv32_axi_adapter'.
Generating RTLIL representation for module `\picorv32_wb'.
Successfully finished Verilog frontend.

2. Executing Verilog-2005 frontend: synth/picorv32_baseline_c_wrapper.v
Parsing Verilog input from `synth/picorv32_baseline_c_wrapper.v' to AST representation.
Generating RTLIL representation for module `\picorv32_baseline_c_wrapper'.
Successfully finished Verilog frontend.

3. Executing HIERARCHY pass (managing design hierarchy).

3.1. Analyzing design hierarchy..
Top module:  \picorv32_baseline_c_wrapper
Used module:     \picorv32

3.2. Executing AST frontend in derive mode using pre-parsed AST for module `\picorv32'.
Parameter \BARREL_SHIFTER = 1
Parameter \ENABLE_MUL = 0
Parameter \ENABLE_FAST_MUL = 0
Generating RTLIL representation for module `$paramod\picorv32\BARREL_SHIFTER=1\ENABLE_MUL=0\ENABLE_FAST_MUL=0'.

3.3. Analyzing design hierarchy..
Top module:  \picorv32_baseline_c_wrapper
Used module:     $paramod\picorv32\BARREL_SHIFTER=1\ENABLE_MUL=0\ENABLE_FAST_MUL=0

3.4. Analyzing design hierarchy..
Top module:  \picorv32_baseline_c_wrapper
Used module:     $paramod\picorv32\BARREL_SHIFTER=1\ENABLE_MUL=0\ENABLE_FAST_MUL=0
Removing unused module `\picorv32_wb'.
Removing unused module `\picorv32_axi_adapter'.
Removing unused module `\picorv32_axi'.
Removing unused module `\picorv32_pcpi_div'.
Removing unused module `\picorv32_pcpi_fast_mul'.
Removing unused module `\picorv32_pcpi_mul'.
Removing unused module `\picorv32_regs'.
Removing unused module `\picorv32'.
Removed 8 unused modules.

4. Executing SYNTH_ICE40 pass.

4.1. Executing Verilog-2005 frontend: /usr/bin/../share/yosys/ice40/cells_sim.v
Parsing Verilog input from `/usr/bin/../share/yosys/ice40/cells_sim.v' to AST representation.
Generating RTLIL representation for module `\SB_IO'.
Generating RTLIL representation for module `\SB_GB_IO'.
Generating RTLIL representation for module `\SB_GB'.
Generating RTLIL representation for module `\SB_LUT4'.
Generating RTLIL representation for module `\SB_CARRY'.
Generating RTLIL representation for module `\SB_DFF'.
Generating RTLIL representation for module `\SB_DFFE'.
Generating RTLIL representation for module `\SB_DFFSR'.
Generating RTLIL representation for module `\SB_DFFR'.
Generating RTLIL representation for module `\SB_DFFSS'.
Generating RTLIL representation for module `\SB_DFFS'.
Generating RTLIL representation for module `\SB_DFFESR'.
Generating RTLIL representation for module `\SB_DFFER'.
Generating RTLIL representation for module `\SB_DFFESS'.
Generating RTLIL representation for module `\SB_DFFES'.
Generating RTLIL representation for module `\SB_DFFN'.
Generating RTLIL representation for module `\SB_DFFNE'.
Generating RTLIL representation for module `\SB_DFFNSR'.
Generating RTLIL representation for module `\SB_DFFNR'.
Generating RTLIL representation for module `\SB_DFFNSS'.
Generating RTLIL representation for module `\SB_DFFNS'.
Generating RTLIL representation for module `\SB_DFFNESR'.
Generating RTLIL representation for module `\SB_DFFNER'.
Generating RTLIL representation for module `\SB_DFFNESS'.
Generating RTLIL representation for module `\SB_DFFNES'.
Generating RTLIL representation for module `\SB_RAM40_4K'.
Generating RTLIL representation for module `\SB_RAM40_4KNR'.
Generating RTLIL representation for module `\SB_RAM40_4KNW'.
Generating RTLIL representation for module `\SB_RAM40_4KNRNW'.
Generating RTLIL representation for module `\ICESTORM_LC'.
Generating RTLIL representation for module `\SB_PLL40_CORE'.
Generating RTLIL representation for module `\SB_PLL40_PAD'.
Generating RTLIL representation for module `\SB_PLL40_2_PAD'.
Generating RTLIL representation for module `\SB_PLL40_2F_CORE'.
Generating RTLIL representation for module `\SB_PLL40_2F_PAD'.
Generating RTLIL representation for module `\SB_WARMBOOT'.
Generating RTLIL representation for module `\SB_SPRAM256KA'.
Generating RTLIL representation for module `\SB_HFOSC'.
Generating RTLIL representation for module `\SB_LFOSC'.
Generating RTLIL representation for module `\SB_RGBA_DRV'.
Generating RTLIL representation for module `\SB_LED_DRV_CUR'.
Generating RTLIL representation for module `\SB_RGB_DRV'.
Generating RTLIL representation for module `\SB_I2C'.
Generating RTLIL representation for module `\SB_SPI'.
Generating RTLIL representation for module `\SB_LEDDA_IP'.
Generating RTLIL representation for module `\SB_FILTER_50NS'.
Generating RTLIL representation for module `\SB_IO_I3C'.
Generating RTLIL representation for module `\SB_IO_OD'.
Generating RTLIL representation for module `\SB_MAC16'.
Successfully finished Verilog frontend.

4.2. Executing HIERARCHY pass (managing design hierarchy).

4.2.1. Analyzing design hierarchy..
Top module:  \picorv32_baseline_c_wrapper
Used module:     $paramod\picorv32\BARREL_SHIFTER=1\ENABLE_MUL=0\ENABLE_FAST_MUL=0

4.2.2. Analyzing design hierarchy..
Top module:  \picorv32_baseline_c_wrapper
Used module:     $paramod\picorv32\BARREL_SHIFTER=1\ENABLE_MUL=0\ENABLE_FAST_MUL=0
Removed 0 unused modules.

4.3. Executing PROC pass (convert processes to netlists).

4.3.1. Executing PROC_CLEAN pass (remove empty switches from decision trees).
Found and cleaned up 1 empty switch in `$paramod\picorv32\BARREL_SHIFTER=1\ENABLE_MUL=0\ENABLE_FAST_MUL=0.$proc$../picorv32.v:207$1578'.
Removing empty process `$paramod\picorv32\BARREL_SHIFTER=1\ENABLE_MUL=0\ENABLE_FAST_MUL=0.$proc$../picorv32.v:207$1578'.
Found and cleaned up 17 empty switches in `$paramod\picorv32\BARREL_SHIFTER=1\ENABLE_MUL=0\ENABLE_FAST_MUL=0.$proc$../picorv32.v:1436$1394'.
Found and cleaned up 1 empty switch in `$paramod\picorv32\BARREL_SHIFTER=1\ENABLE_MUL=0\ENABLE_FAST_MUL=0.$proc$../picorv32.v:1382$1378'.
Found and cleaned up 6 empty switches in `$paramod\picorv32\BARREL_SHIFTER=1\ENABLE_MUL=0\ENABLE_FAST_MUL=0.$proc$../picorv32.v:547$1015'.
Removing empty process `$paramod\picorv32\BARREL_SHIFTER=1\ENABLE_MUL=0\ENABLE_FAST_MUL=0.$proc$../picorv32.v:547$1015'.
Cleaned up 25 empty switches.

4.3.2. Executing PROC_RMDEAD pass (remove dead branches from decision trees).
Marked 34 switch rules as full_case in process $proc$../picorv32.v:1436$1394 in module $paramod\picorv32\BARREL_SHIFTER=1\ENABLE_MUL=0\ENABLE_FAST_MUL=0.
Marked 2 switch rules as full_case in process $proc$../picorv32.v:1343$1360 in module $paramod\picorv32\BARREL_SHIFTER=1\ENABLE_MUL=0\ENABLE_FAST_MUL=0.
Marked 2 switch rules as full_case in process $proc$../picorv32.v:1329$1355 in module $paramod\picorv32\BARREL_SHIFTER=1\ENABLE_MUL=0\ENABLE_FAST_MUL=0.
Marked 8 switch rules as full_case in process $proc$../picorv32.v:1187$1318 in module $paramod\picorv32\BARREL_SHIFTER=1\ENABLE_MUL=0\ENABLE_FAST_MUL=0.
Marked 3 switch rules as full_case in process $proc$../picorv32.v:859$1055 in module $paramod\picorv32\BARREL_SHIFTER=1\ENABLE_MUL=0\ENABLE_FAST_MUL=0.
Marked 3 switch rules as full_case in process $proc$../picorv32.v:810$1053 in module $paramod\picorv32\BARREL_SHIFTER=1\ENABLE_MUL=0\ENABLE_FAST_MUL=0.
Marked 2 switch rules as full_case in process $proc$../picorv32.v:779$1049 in module $paramod\picorv32\BARREL_SHIFTER=1\ENABLE_MUL=0\ENABLE_FAST_MUL=0.
Marked 48 switch rules as full_case in process $proc$../picorv32.v:702$1048 in module $paramod\picorv32\BARREL_SHIFTER=1\ENABLE_MUL=0\ENABLE_FAST_MUL=0.
Marked 4 switch rules as full_case in process $proc$../picorv32.v:566$1024 in module $paramod\picorv32\BARREL_SHIFTER=1\ENABLE_MUL=0\ENABLE_FAST_MUL=0.
Marked 1 switch rules as full_case in process $proc$../picorv32.v:431$984 in module $paramod\picorv32\BARREL_SHIFTER=1\ENABLE_MUL=0\ENABLE_FAST_MUL=0.
Removed 2 dead cases from process $proc$../picorv32.v:402$981 in module $paramod\picorv32\BARREL_SHIFTER=1\ENABLE_MUL=0\ENABLE_FAST_MUL=0.
Marked 2 switch rules as full_case in process $proc$../picorv32.v:402$981 in module $paramod\picorv32\BARREL_SHIFTER=1\ENABLE_MUL=0\ENABLE_FAST_MUL=0.
Marked 1 switch rules as full_case in process $proc$../picorv32.v:391$976 in module $paramod\picorv32\BARREL_SHIFTER=1\ENABLE_MUL=0\ENABLE_FAST_MUL=0.
Marked 1 switch rules as full_case in process $proc$../picorv32.v:326$902 in module $paramod\picorv32\BARREL_SHIFTER=1\ENABLE_MUL=0\ENABLE_FAST_MUL=0.
Removed a total of 2 dead cases.

4.3.3. Executing PROC_INIT pass (extract init attributes).

4.3.4. Executing PROC_ARST pass (detect async resets in processes).

4.3.5. Executing PROC_MUX pass (convert decision trees to multiplexers).
Creating decoders for process `$paramod\picorv32\BARREL_SHIFTER=1\ENABLE_MUL=0\ENABLE_FAST_MUL=0.$proc$../picorv32.v:1436$1394'.
     1/89: $17\next_irq_pending[2:2]
     2/89: $16\next_irq_pending[2:2]
     3/89: $15\next_irq_pending[2:2]
     4/89: $14\next_irq_pending[2:2]
     5/89: $13\next_irq_pending[2:2]
     6/89: $12\next_irq_pending[2:2]
     7/89: $11\next_irq_pending[2:2]
     8/89: $2\next_irq_pending[31:0] [31:2]
     9/89: $3\set_mem_do_rdata[0:0]
    10/89: $2\next_irq_pending[31:0] [1]
    11/89: $3\set_mem_do_wdata[0:0]
    12/89: $2\next_irq_pending[31:0] [0]
    13/89: $4\set_mem_do_rinst[0:0]
    14/89: $3\set_mem_do_rinst[0:0]
    15/89: $4\set_mem_do_wdata[0:0]
    16/89: $9\next_irq_pending[1:1]
    17/89: $8\next_irq_pending[1:1]
    18/89: $7\next_irq_pending[1:1]
    19/89: $4\set_mem_do_rdata[0:0]
    20/89: $5\next_irq_pending[1:1]
    21/89: $4\next_irq_pending[1:1]
    22/89: $10\next_irq_pending[1:1]
    23/89: $5\set_mem_do_rinst[0:0]
    24/89: $6\next_irq_pending[1:1]
    25/89: $3\next_irq_pending[31:0]
    26/89: $3\current_pc[31:0]
    27/89: $2\current_pc[31:0]
    28/89: $2\set_mem_do_wdata[0:0]
    29/89: $2\set_mem_do_rdata[0:0]
    30/89: $2\set_mem_do_rinst[0:0]
    31/89: $1\next_irq_pending[31:0]
    32/89: $1\current_pc[31:0]
    33/89: $1\set_mem_do_wdata[0:0]
    34/89: $1\set_mem_do_rdata[0:0]
    35/89: $1\set_mem_do_rinst[0:0]
    36/89: $0\current_pc[31:0]
    37/89: $0\irq_pending[31:0]
    38/89: $0\next_irq_pending[31:0] [2]
    39/89: { $0\next_irq_pending[31:0] [31:3] $0\next_irq_pending[31:0] [1:0] }
    40/89: $0\set_mem_do_wdata[0:0]
    41/89: $0\set_mem_do_rdata[0:0]
    42/89: $0\set_mem_do_rinst[0:0]
    43/89: $0\trace_valid[0:0]
    44/89: $0\do_waitirq[0:0]
    45/89: $0\decoder_pseudo_trigger_q[0:0]
    46/89: $0\decoder_pseudo_trigger[0:0]
    47/89: $0\decoder_trigger_q[0:0]
    48/89: $0\decoder_trigger[0:0]
    49/89: $0\alu_wait_2[0:0]
    50/89: $0\alu_wait[0:0]
    51/89: $0\alu_out_q[31:0]
    52/89: $0\alu_out_0_q[0:0]
    53/89: $0\reg_out[31:0]
    54/89: $0\reg_sh[4:0]
    55/89: $0\trap[0:0]
    56/89: $0\pcpi_timeout[0:0]
    57/89: $0\latched_rd[4:0]
    58/89: $0\latched_is_lb[0:0]
    59/89: $0\latched_is_lh[0:0]
    60/89: $0\latched_is_lu[0:0]
    61/89: $0\latched_trace[0:0]
    62/89: $0\latched_compr[0:0]
    63/89: $0\latched_branch[0:0]
    64/89: $0\latched_stalu[0:0]
    65/89: $0\latched_store[0:0]
    66/89: $0\irq_state[1:0]
    67/89: $0\cpu_state[7:0]
    68/89: $0\dbg_rs2val_valid[0:0]
    69/89: $0\dbg_rs1val_valid[0:0]
    70/89: $0\dbg_rs2val[31:0]
    71/89: $0\dbg_rs1val[31:0]
    72/89: $0\mem_do_wdata[0:0]
    73/89: $0\mem_do_rdata[0:0]
    74/89: $0\mem_do_rinst[0:0]
    75/89: $0\mem_do_prefetch[0:0]
    76/89: $0\mem_wordsize[1:0]
    77/89: $0\timer[31:0]
    78/89: $0\irq_mask[31:0]
    79/89: $0\irq_active[0:0]
    80/89: $0\irq_delay[0:0]
    81/89: $0\reg_op2[31:0]
    82/89: $0\reg_op1[31:0]
    83/89: $0\reg_next_pc[31:0]
    84/89: $0\reg_pc[31:0]
    85/89: $0\count_instr[63:0]
    86/89: $0\count_cycle[63:0]
    87/89: $0\trace_data[35:0]
    88/89: $0\eoi[31:0]
    89/89: $0\pcpi_valid[0:0]
Creating decoders for process `$paramod\picorv32\BARREL_SHIFTER=1\ENABLE_MUL=0\ENABLE_FAST_MUL=0.$proc$../picorv32.v:1382$1378'.
     1/5: $1\cpuregs_rs2[31:0]
     2/5: $1\cpuregs_rs1[31:0]
     3/5: $0\cpuregs_rs2[31:0]
     4/5: $0\cpuregs_rs1[31:0]
     5/5: $0\decoded_rs[4:0]
Creating decoders for process `$paramod\picorv32\BARREL_SHIFTER=1\ENABLE_MUL=0\ENABLE_FAST_MUL=0.$proc$../picorv32.v:1371$1372'.
     1/3: $0$memwr$\cpuregs$../picorv32.v:1378$901_EN[31:0]$1374
     2/3: $0$memwr$\cpuregs$../picorv32.v:1378$901_DATA[31:0]$1375
     3/3: $0$memwr$\cpuregs$../picorv32.v:1378$901_ADDR[4:0]$1373
Creating decoders for process `$paramod\picorv32\BARREL_SHIFTER=1\ENABLE_MUL=0\ENABLE_FAST_MUL=0.$proc$../picorv32.v:1343$1360'.
     1/6: $2\cpuregs_write[0:0]
     2/6: $2\cpuregs_wrdata[31:0]
     3/6: $1\cpuregs_wrdata[31:0]
     4/6: $1\cpuregs_write[0:0]
     5/6: $0\cpuregs_wrdata[31:0]
     6/6: $0\cpuregs_write[0:0]
Creating decoders for process `$paramod\picorv32\BARREL_SHIFTER=1\ENABLE_MUL=0\ENABLE_FAST_MUL=0.$proc$../picorv32.v:1329$1355'.
     1/3: $2\clear_prefetched_high_word[0:0]
     2/3: $1\clear_prefetched_high_word[0:0]
     3/3: $0\clear_prefetched_high_word[0:0]
Creating decoders for process `$paramod\picorv32\BARREL_SHIFTER=1\ENABLE_MUL=0\ENABLE_FAST_MUL=0.$proc$../picorv32.v:1327$1354'.
     1/1: $0\clear_prefetched_high_word_q[0:0]
Creating decoders for process `$paramod\picorv32\BARREL_SHIFTER=1\ENABLE_MUL=0\ENABLE_FAST_MUL=0.$proc$../picorv32.v:1283$1332'.
     1/4: $1\alu_out[31:0]
     2/4: $1\alu_out_0[0:0]
     3/4: $0\alu_out[31:0]
     4/4: $0\alu_out_0[0:0]
Creating decoders for process `$paramod\picorv32\BARREL_SHIFTER=1\ENABLE_MUL=0\ENABLE_FAST_MUL=0.$proc$../picorv32.v:1187$1318'.
     1/9: $8\dbg_ascii_state[127:0]
     2/9: $7\dbg_ascii_state[127:0]
     3/9: $6\dbg_ascii_state[127:0]
     4/9: $5\dbg_ascii_state[127:0]
     5/9: $4\dbg_ascii_state[127:0]
     6/9: $3\dbg_ascii_state[127:0]
     7/9: $2\dbg_ascii_state[127:0]
     8/9: $1\dbg_ascii_state[127:0]
     9/9: $0\dbg_ascii_state[127:0]
Creating decoders for process `$paramod\picorv32\BARREL_SHIFTER=1\ENABLE_MUL=0\ENABLE_FAST_MUL=0.$proc$../picorv32.v:859$1055'.
     1/81: $0\decoded_rs1[4:0] [4]
     2/81: $0\decoded_imm_j[31:0] [10]
     3/81: $0\decoded_imm_j[31:0] [7]
     4/81: $0\decoded_imm_j[31:0] [6]
     5/81: $0\decoded_imm_j[31:0] [3:1]
     6/81: $0\decoded_imm_j[31:0] [5]
     7/81: $0\decoded_imm_j[31:0] [9:8]
     8/81: $0\decoded_imm_j[31:0] [31:20]
     9/81: $0\decoded_imm_j[31:0] [4]
    10/81: $0\decoded_imm_j[31:0] [11]
    11/81: $0\decoded_imm_j[31:0] [0]
    12/81: $0\decoded_rs1[4:0] [3:0]
    13/81: $0\is_lbu_lhu_lw[0:0]
    14/81: $0\is_sltiu_bltu_sltu[0:0]
    15/81: $0\is_slti_blt_slt[0:0]
    16/81: $0\is_lui_auipc_jal_jalr_addi_add_sub[0:0]
    17/81: $0\is_lui_auipc_jal[0:0]
    18/81: $0\is_alu_reg_reg[0:0]
    19/81: $0\is_alu_reg_imm[0:0]
    20/81: $0\is_beq_bne_blt_bge_bltu_bgeu[0:0]
    21/81: $0\is_sll_srl_sra[0:0]
    22/81: $0\is_sb_sh_sw[0:0]
    23/81: $0\is_jalr_addi_slti_sltiu_xori_ori_andi[0:0]
    24/81: $0\is_slli_srli_srai[0:0]
    25/81: $0\is_lb_lh_lw_lbu_lhu[0:0]
    26/81: $0\compressed_instr[0:0]
    27/81: $0\is_compare[0:0]
    28/81: $0\decoded_imm[31:0]
    29/81: $0\decoded_rs2[4:0]
    30/81: $0\decoded_imm_j[31:0] [19:12]
    31/81: $0\decoded_rd[4:0]
    32/81: $0\instr_timer[0:0]
    33/81: $0\instr_waitirq[0:0]
    34/81: $0\instr_maskirq[0:0]
    35/81: $0\instr_retirq[0:0]
    36/81: $0\instr_setq[0:0]
    37/81: $0\instr_getq[0:0]
    38/81: $0\instr_fence[0:0]
    39/81: $0\instr_ecall_ebreak[0:0]
    40/81: $0\instr_rdinstrh[0:0]
    41/81: $0\instr_rdinstr[0:0]
    42/81: $0\instr_rdcycleh[0:0]
    43/81: $0\instr_rdcycle[0:0]
    44/81: $0\instr_and[0:0]
    45/81: $0\instr_or[0:0]
    46/81: $0\instr_sra[0:0]
    47/81: $0\instr_srl[0:0]
    48/81: $0\instr_xor[0:0]
    49/81: $0\instr_sltu[0:0]
    50/81: $0\instr_slt[0:0]
    51/81: $0\instr_sll[0:0]
    52/81: $0\instr_sub[0:0]
    53/81: $0\instr_add[0:0]
    54/81: $0\instr_srai[0:0]
    55/81: $0\instr_srli[0:0]
    56/81: $0\instr_slli[0:0]
    57/81: $0\instr_andi[0:0]
    58/81: $0\instr_ori[0:0]
    59/81: $0\instr_xori[0:0]
    60/81: $0\instr_sltiu[0:0]
    61/81: $0\instr_slti[0:0]
    62/81: $0\instr_addi[0:0]
    63/81: $0\instr_sw[0:0]
    64/81: $0\instr_sh[0:0]
    65/81: $0\instr_sb[0:0]
    66/81: $0\instr_lhu[0:0]
    67/81: $0\instr_lbu[0:0]
    68/81: $0\instr_lw[0:0]
    69/81: $0\instr_lh[0:0]
    70/81: $0\instr_lb[0:0]
    71/81: $0\instr_bgeu[0:0]
    72/81: $0\instr_bltu[0:0]
    73/81: $0\instr_bge[0:0]
    74/81: $0\instr_blt[0:0]
    75/81: $0\instr_bne[0:0]
    76/81: $0\instr_beq[0:0]
    77/81: $0\instr_jalr[0:0]
    78/81: $0\instr_jal[0:0]
    79/81: $0\instr_auipc[0:0]
    80/81: $0\instr_lui[0:0]
    81/81: $0\pcpi_insn[31:0]
Creating decoders for process `$paramod\picorv32\BARREL_SHIFTER=1\ENABLE_MUL=0\ENABLE_FAST_MUL=0.$proc$../picorv32.v:810$1053'.
     1/19: $3\dbg_insn_opcode[31:0]
     2/19: $2\dbg_insn_rd[4:0]
     3/19: $2\dbg_insn_rs2[4:0]
     4/19: $2\dbg_insn_rs1[4:0]
     5/19: $2\dbg_insn_opcode[31:0]
     6/19: $2\dbg_insn_imm[31:0]
     7/19: $2\dbg_ascii_instr[63:0]
     8/19: $1\dbg_insn_rd[4:0]
     9/19: $1\dbg_insn_rs2[4:0]
    10/19: $1\dbg_insn_rs1[4:0]
    11/19: $1\dbg_insn_imm[31:0]
    12/19: $1\dbg_ascii_instr[63:0]
    13/19: $1\dbg_insn_opcode[31:0]
    14/19: $0\dbg_insn_rd[4:0]
    15/19: $0\dbg_insn_rs2[4:0]
    16/19: $0\dbg_insn_rs1[4:0]
    17/19: $0\dbg_insn_imm[31:0]
    18/19: $0\dbg_ascii_instr[63:0]
    19/19: $0\dbg_insn_opcode[31:0]
Creating decoders for process `$paramod\picorv32\BARREL_SHIFTER=1\ENABLE_MUL=0\ENABLE_FAST_MUL=0.$proc$../picorv32.v:779$1049'.
     1/15: $0\dbg_next[0:0]
     2/15: $0\q_insn_rd[4:0]
     3/15: $0\q_insn_rs2[4:0]
     4/15: $0\q_insn_rs1[4:0]
     5/15: $0\q_insn_opcode[31:0]
     6/15: $0\q_insn_imm[31:0]
     7/15: $0\q_ascii_instr[63:0]
     8/15: $0\cached_insn_rd[4:0]
     9/15: $0\cached_insn_rs2[4:0]
    10/15: $0\cached_insn_rs1[4:0]
    11/15: $0\cached_insn_opcode[31:0]
    12/15: $0\cached_insn_imm[31:0]
    13/15: $0\cached_ascii_instr[63:0]
    14/15: $0\dbg_valid_insn[0:0]
    15/15: $0\dbg_insn_addr[31:0]
Creating decoders for process `$paramod\picorv32\BARREL_SHIFTER=1\ENABLE_MUL=0\ENABLE_FAST_MUL=0.$proc$../picorv32.v:702$1048'.
     1/49: $48\new_ascii_instr[63:0]
     2/49: $47\new_ascii_instr[63:0]
     3/49: $46\new_ascii_instr[63:0]
     4/49: $45\new_ascii_instr[63:0]
     5/49: $44\new_ascii_instr[63:0]
     6/49: $43\new_ascii_instr[63:0]
     7/49: $42\new_ascii_instr[63:0]
     8/49: $41\new_ascii_instr[63:0]
     9/49: $40\new_ascii_instr[63:0]
    10/49: $39\new_ascii_instr[63:0]
    11/49: $38\new_ascii_instr[63:0]
    12/49: $37\new_ascii_instr[63:0]
    13/49: $36\new_ascii_instr[63:0]
    14/49: $35\new_ascii_instr[63:0]
    15/49: $34\new_ascii_instr[63:0]
    16/49: $33\new_ascii_instr[63:0]
    17/49: $32\new_ascii_instr[63:0]
    18/49: $31\new_ascii_instr[63:0]
    19/49: $30\new_ascii_instr[63:0]
    20/49: $29\new_ascii_instr[63:0]
    21/49: $28\new_ascii_instr[63:0]
    22/49: $27\new_ascii_instr[63:0]
    23/49: $26\new_ascii_instr[63:0]
    24/49: $25\new_ascii_instr[63:0]
    25/49: $24\new_ascii_instr[63:0]
    26/49: $23\new_ascii_instr[63:0]
    27/49: $22\new_ascii_instr[63:0]
    28/49: $21\new_ascii_instr[63:0]
    29/49: $20\new_ascii_instr[63:0]
    30/49: $19\new_ascii_instr[63:0]
    31/49: $18\new_ascii_instr[63:0]
    32/49: $17\new_ascii_instr[63:0]
    33/49: $16\new_ascii_instr[63:0]
    34/49: $15\new_ascii_instr[63:0]
    35/49: $14\new_ascii_instr[63:0]
    36/49: $13\new_ascii_instr[63:0]
    37/49: $12\new_ascii_instr[63:0]
    38/49: $11\new_ascii_instr[63:0]
    39/49: $10\new_ascii_instr[63:0]
    40/49: $9\new_ascii_instr[63:0]
    41/49: $8\new_ascii_instr[63:0]
    42/49: $7\new_ascii_instr[63:0]
    43/49: $6\new_ascii_instr[63:0]
    44/49: $5\new_ascii_instr[63:0]
    45/49: $4\new_ascii_instr[63:0]
    46/49: $3\new_ascii_instr[63:0]
    47/49: $2\new_ascii_instr[63:0]
    48/49: $1\new_ascii_instr[63:0]
    49/49: $0\new_ascii_instr[63:0]
Creating decoders for process `$paramod\picorv32\BARREL_SHIFTER=1\ENABLE_MUL=0\ENABLE_FAST_MUL=0.$proc$../picorv32.v:566$1024'.
     1/9: $0\mem_16bit_buffer[15:0]
     2/9: $0\prefetched_high_word[0:0]
     3/9: $0\mem_la_secondword[0:0]
     4/9: $0\mem_state[1:0]
     5/9: $0\mem_wstrb[3:0]
     6/9: $0\mem_wdata[31:0]
     7/9: $0\mem_addr[31:0]
     8/9: $0\mem_instr[0:0]
     9/9: $0\mem_valid[0:0]
Creating decoders for process `$paramod\picorv32\BARREL_SHIFTER=1\ENABLE_MUL=0\ENABLE_FAST_MUL=0.$proc$../picorv32.v:1273$1569'.
     1/6: $0\alu_shr[31:0]
     2/6: $0\alu_shl[31:0]
     3/6: $0\alu_ltu[0:0]
     4/6: $0\alu_lts[0:0]
     5/6: $0\alu_eq[0:0]
     6/6: $0\alu_add_sub[31:0]
Creating decoders for process `$paramod\picorv32\BARREL_SHIFTER=1\ENABLE_MUL=0\ENABLE_FAST_MUL=0.$proc$../picorv32.v:431$984'.
     1/9: $0\mem_rdata_q[31:0] [31]
     2/9: $0\mem_rdata_q[31:0] [7]
     3/9: $0\mem_rdata_q[31:0] [24:20]
     4/9: $0\mem_rdata_q[31:0] [19:15]
     5/9: $0\mem_rdata_q[31:0] [6:0]
     6/9: $0\mem_rdata_q[31:0] [14:12]
     7/9: $0\mem_rdata_q[31:0] [11:8]
     8/9: $0\mem_rdata_q[31:0] [30:25]
     9/9: $0\next_insn_opcode[31:0]
Creating decoders for process `$paramod\picorv32\BARREL_SHIFTER=1\ENABLE_MUL=0\ENABLE_FAST_MUL=0.$proc$../picorv32.v:402$981'.
     1/8: $3\mem_rdata_word[31:0]
     2/8: $2\mem_rdata_word[31:0]
     3/8: $1\mem_rdata_word[31:0]
     4/8: $1\mem_la_wstrb[3:0]
     5/8: $1\mem_la_wdata[31:0]
     6/8: $0\mem_rdata_word[31:0]
     7/8: $0\mem_la_wstrb[3:0]
     8/8: $0\mem_la_wdata[31:0]
Creating decoders for process `$paramod\picorv32\BARREL_SHIFTER=1\ENABLE_MUL=0\ENABLE_FAST_MUL=0.$proc$../picorv32.v:391$976'.
     1/2: $0\last_mem_valid[0:0]
     2/2: $0\mem_la_firstword_reg[0:0]
Creating decoders for process `$paramod\picorv32\BARREL_SHIFTER=1\ENABLE_MUL=0\ENABLE_FAST_MUL=0.$proc$../picorv32.v:326$902'.
     1/6: $1\pcpi_int_rd[31:0]
     2/6: $1\pcpi_int_wr[0:0]
     3/6: $0\pcpi_int_rd[31:0]
     4/6: $0\pcpi_int_wr[0:0]
     5/6: $0\pcpi_int_ready[0:0]
     6/6: $0\pcpi_int_wait[0:0]

4.3.6. Executing PROC_DLATCH pass (convert process syncs to latches).
No latch inferred for signal `$paramod\picorv32\BARREL_SHIFTER=1\ENABLE_MUL=0\ENABLE_FAST_MUL=0.\cpuregs_rs1' from process `$paramod\picorv32\BARREL_SHIFTER=1\ENABLE_MUL=0\ENABLE_FAST_MUL=0.$proc$../picorv32.v:1382$1378'.
No latch inferred for signal `$paramod\picorv32\BARREL_SHIFTER=1\ENABLE_MUL=0\ENABLE_FAST_MUL=0.\cpuregs_rs2' from process `$paramod\picorv32\BARREL_SHIFTER=1\ENABLE_MUL=0\ENABLE_FAST_MUL=0.$proc$../picorv32.v:1382$1378'.
No latch inferred for signal `$paramod\picorv32\BARREL_SHIFTER=1\ENABLE_MUL=0\ENABLE_FAST_MUL=0.\decoded_rs' from process `$paramod\picorv32\BARREL_SHIFTER=1\ENABLE_MUL=0\ENABLE_FAST_MUL=0.$proc$../picorv32.v:1382$1378'.
No latch inferred for signal `$paramod\picorv32\BARREL_SHIFTER=1\ENABLE_MUL=0\ENABLE_FAST_MUL=0.\cpuregs_write' from process `$paramod\picorv32\BARREL_SHIFTER=1\ENABLE_MUL=0\ENABLE_FAST_MUL=0.$proc$../picorv32.v:1343$1360'.
No latch inferred for signal `$paramod\picorv32\BARREL_SHIFTER=1\ENABLE_MUL=0\ENABLE_FAST_MUL=0.\cpuregs_wrdata' from process `$paramod\picorv32\BARREL_SHIFTER=1\ENABLE_MUL=0\ENABLE_FAST_MUL=0.$proc$../picorv32.v:1343$1360'.
No latch inferred for signal `$paramod\picorv32\BARREL_SHIFTER=1\ENABLE_MUL=0\ENABLE_FAST_MUL=0.\clear_prefetched_high_word' from process `$paramod\picorv32\BARREL_SHIFTER=1\ENABLE_MUL=0\ENABLE_FAST_MUL=0.$proc$../picorv32.v:1329$1355'.
No latch inferred for signal `$paramod\picorv32\BARREL_SHIFTER=1\ENABLE_MUL=0\ENABLE_FAST_MUL=0.\alu_out' from process `$paramod\picorv32\BARREL_SHIFTER=1\ENABLE_MUL=0\ENABLE_FAST_MUL=0.$proc$../picorv32.v:1283$1332'.
No latch inferred for signal `$paramod\picorv32\BARREL_SHIFTER=1\ENABLE_MUL=0\ENABLE_FAST_MUL=0.\alu_out_0' from process `$paramod\picorv32\BARREL_SHIFTER=1\ENABLE_MUL=0\ENABLE_FAST_MUL=0.$proc$../picorv32.v:1283$1332'.
No latch inferred for signal `$paramod\picorv32\BARREL_SHIFTER=1\ENABLE_MUL=0\ENABLE_FAST_MUL=0.\dbg_ascii_state' from process `$paramod\picorv32\BARREL_SHIFTER=1\ENABLE_MUL=0\ENABLE_FAST_MUL=0.$proc$../picorv32.v:1187$1318'.
No latch inferred for signal `$paramod\picorv32\BARREL_SHIFTER=1\ENABLE_MUL=0\ENABLE_FAST_MUL=0.\dbg_insn_opcode' from process `$paramod\picorv32\BARREL_SHIFTER=1\ENABLE_MUL=0\ENABLE_FAST_MUL=0.$proc$../picorv32.v:810$1053'.
No latch inferred for signal `$paramod\picorv32\BARREL_SHIFTER=1\ENABLE_MUL=0\ENABLE_FAST_MUL=0.\dbg_ascii_instr' from process `$paramod\picorv32\BARREL_SHIFTER=1\ENABLE_MUL=0\ENABLE_FAST_MUL=0.$proc$../picorv32.v:810$1053'.
No latch inferred for signal `$paramod\picorv32\BARREL_SHIFTER=1\ENABLE_MUL=0\ENABLE_FAST_MUL=0.\dbg_insn_imm' from process `$paramod\picorv32\BARREL_SHIFTER=1\ENABLE_MUL=0\ENABLE_FAST_MUL=0.$proc$../picorv32.v:810$1053'.
No latch inferred for signal `$paramod\picorv32\BARREL_SHIFTER=1\ENABLE_MUL=0\ENABLE_FAST_MUL=0.\dbg_insn_rs1' from process `$paramod\picorv32\BARREL_SHIFTER=1\ENABLE_MUL=0\ENABLE_FAST_MUL=0.$proc$../picorv32.v:810$1053'.
No latch inferred for signal `$paramod\picorv32\BARREL_SHIFTER=1\ENABLE_MUL=0\ENABLE_FAST_MUL=0.\dbg_insn_rs2' from process `$paramod\picorv32\BARREL_SHIFTER=1\ENABLE_MUL=0\ENABLE_FAST_MUL=0.$proc$../picorv32.v:810$1053'.
No latch inferred for signal `$paramod\picorv32\BARREL_SHIFTER=1\ENABLE_MUL=0\ENABLE_FAST_MUL=0.\dbg_insn_rd' from process `$paramod\picorv32\BARREL_SHIFTER=1\ENABLE_MUL=0\ENABLE_FAST_MUL=0.$proc$../picorv32.v:810$1053'.
No latch inferred for signal `$paramod\picorv32\BARREL_SHIFTER=1\ENABLE_MUL=0\ENABLE_FAST_MUL=0.\new_ascii_instr' from process `$paramod\picorv32\BARREL_SHIFTER=1\ENABLE_MUL=0\ENABLE_FAST_MUL=0.$proc$../picorv32.v:702$1048'.
No latch inferred for signal `$paramod\picorv32\BARREL_SHIFTER=1\ENABLE_MUL=0\ENABLE_FAST_MUL=0.\alu_add_sub' from process `$paramod\picorv32\BARREL_SHIFTER=1\ENABLE_MUL=0\ENABLE_FAST_MUL=0.$proc$../picorv32.v:1273$1569'.
No latch inferred for signal `$paramod\picorv32\BARREL_SHIFTER=1\ENABLE_MUL=0\ENABLE_FAST_MUL=0.\alu_shl' from process `$paramod\picorv32\BARREL_SHIFTER=1\ENABLE_MUL=0\ENABLE_FAST_MUL=0.$proc$../picorv32.v:1273$1569'.
No latch inferred for signal `$paramod\picorv32\BARREL_SHIFTER=1\ENABLE_MUL=0\ENABLE_FAST_MUL=0.\alu_shr' from process `$paramod\picorv32\BARREL_SHIFTER=1\ENABLE_MUL=0\ENABLE_FAST_MUL=0.$proc$../picorv32.v:1273$1569'.
No latch inferred for signal `$paramod\picorv32\BARREL_SHIFTER=1\ENABLE_MUL=0\ENABLE_FAST_MUL=0.\alu_eq' from process `$paramod\picorv32\BARREL_SHIFTER=1\ENABLE_MUL=0\ENABLE_FAST_MUL=0.$proc$../picorv32.v:1273$1569'.
No latch inferred for signal `$paramod\picorv32\BARREL_SHIFTER=1\ENABLE_MUL=0\ENABLE_FAST_MUL=0.\alu_ltu' from process `$paramod\picorv32\BARREL_SHIFTER=1\ENABLE_MUL=0\ENABLE_FAST_MUL=0.$proc$../picorv32.v:1273$1569'.
No latch inferred for signal `$paramod\picorv32\BARREL_SHIFTER=1\ENABLE_MUL=0\ENABLE_FAST_MUL=0.\alu_lts' from process `$paramod\picorv32\BARREL_SHIFTER=1\ENABLE_MUL=0\ENABLE_FAST_MUL=0.$proc$../picorv32.v:1273$1569'.
No latch inferred for signal `$paramod\picorv32\BARREL_SHIFTER=1\ENABLE_MUL=0\ENABLE_FAST_MUL=0.\mem_la_wdata' from process `$paramod\picorv32\BARREL_SHIFTER=1\ENABLE_MUL=0\ENABLE_FAST_MUL=0.$proc$../picorv32.v:402$981'.
No latch inferred for signal `$paramod\picorv32\BARREL_SHIFTER=1\ENABLE_MUL=0\ENABLE_FAST_MUL=0.\mem_la_wstrb' from process `$paramod\picorv32\BARREL_SHIFTER=1\ENABLE_MUL=0\ENABLE_FAST_MUL=0.$proc$../picorv32.v:402$981'.
No latch inferred for signal `$paramod\picorv32\BARREL_SHIFTER=1\ENABLE_MUL=0\ENABLE_FAST_MUL=0.\mem_rdata_word' from process `$paramod\picorv32\BARREL_SHIFTER=1\ENABLE_MUL=0\ENABLE_FAST_MUL=0.$proc$../picorv32.v:402$981'.
No latch inferred for signal `$paramod\picorv32\BARREL_SHIFTER=1\ENABLE_MUL=0\ENABLE_FAST_MUL=0.\pcpi_int_wr' from process `$paramod\picorv32\BARREL_SHIFTER=1\ENABLE_MUL=0\ENABLE_FAST_MUL=0.$proc$../picorv32.v:326$902'.
No latch inferred for signal `$paramod\picorv32\BARREL_SHIFTER=1\ENABLE_MUL=0\ENABLE_FAST_MUL=0.\pcpi_int_rd' from process `$paramod\picorv32\BARREL_SHIFTER=1\ENABLE_MUL=0\ENABLE_FAST_MUL=0.$proc$../picorv32.v:326$902'.
No latch inferred for signal `$paramod\picorv32\BARREL_SHIFTER=1\ENABLE_MUL=0\ENABLE_FAST_MUL=0.\pcpi_int_wait' from process `$paramod\picorv32\BARREL_SHIFTER=1\ENABLE_MUL=0\ENABLE_FAST_MUL=0.$proc$../picorv32.v:326$902'.
No latch inferred for signal `$paramod\picorv32\BARREL_SHIFTER=1\ENABLE_MUL=0\ENABLE_FAST_MUL=0.\pcpi_int_ready' from process `$paramod\picorv32\BARREL_SHIFTER=1\ENABLE_MUL=0\ENABLE_FAST_MUL=0.$proc$../picorv32.v:326$902'.

4.3.7. Executing PROC_DFF pass (convert process syncs to FFs).
Creating register for signal `$paramod\picorv32\BARREL_SHIFTER=1\ENABLE_MUL=0\ENABLE_FAST_MUL=0.\trap' using process `$paramod\picorv32\BARREL_SHIFTER=1\ENABLE_MUL=0\ENABLE_FAST_MUL=0.$proc$../picorv32.v:1436$1394'.
  created $dff cell `$procdff$4295' with positive edge clock.
Creating register for signal `$paramod\picorv32\BARREL_SHIFTER=1\ENABLE_MUL=0\ENABLE_FAST_MUL=0.\pcpi_valid' using process `$paramod\picorv32\BARREL_SHIFTER=1\ENABLE_MUL=0\ENABLE_FAST_MUL=0.$proc$../picorv32.v:1436$1394'.
  created $dff cell `$procdff$4296' with positive edge clock.
Creating register for signal `$paramod\picorv32\BARREL_SHIFTER=1\ENABLE_MUL=0\ENABLE_FAST_MUL=0.\eoi' using process `$paramod\picorv32\BARREL_SHIFTER=1\ENABLE_MUL=0\ENABLE_FAST_MUL=0.$proc$../picorv32.v:1436$1394'.
  created $dff cell `$procdff$4297' with positive edge clock.
Creating register for signal `$paramod\picorv32\BARREL_SHIFTER=1\ENABLE_MUL=0\ENABLE_FAST_MUL=0.\trace_valid' using process `$paramod\picorv32\BARREL_SHIFTER=1\ENABLE_MUL=0\ENABLE_FAST_MUL=0.$proc$../picorv32.v:1436$1394'.
  created $dff cell `$procdff$4298' with positive edge clock.
Creating register for signal `$paramod\picorv32\BARREL_SHIFTER=1\ENABLE_MUL=0\ENABLE_FAST_MUL=0.\trace_data' using process `$paramod\picorv32\BARREL_SHIFTER=1\ENABLE_MUL=0\ENABLE_FAST_MUL=0.$proc$../picorv32.v:1436$1394'.
  created $dff cell `$procdff$4299' with positive edge clock.
Creating register for signal `$paramod\picorv32\BARREL_SHIFTER=1\ENABLE_MUL=0\ENABLE_FAST_MUL=0.\count_cycle' using process `$paramod\picorv32\BARREL_SHIFTER=1\ENABLE_MUL=0\ENABLE_FAST_MUL=0.$proc$../picorv32.v:1436$1394'.
  created $dff cell `$procdff$4300' with positive edge clock.
Creating register for signal `$paramod\picorv32\BARREL_SHIFTER=1\ENABLE_MUL=0\ENABLE_FAST_MUL=0.\count_instr' using process `$paramod\picorv32\BARREL_SHIFTER=1\ENABLE_MUL=0\ENABLE_FAST_MUL=0.$proc$../picorv32.v:1436$1394'.
  created $dff cell `$procdff$4301' with positive edge clock.
Creating register for signal `$paramod\picorv32\BARREL_SHIFTER=1\ENABLE_MUL=0\ENABLE_FAST_MUL=0.\reg_pc' using process `$paramod\picorv32\BARREL_SHIFTER=1\ENABLE_MUL=0\ENABLE_FAST_MUL=0.$proc$../picorv32.v:1436$1394'.
  created $dff cell `$procdff$4302' with positive edge clock.
Creating register for signal `$paramod\picorv32\BARREL_SHIFTER=1\ENABLE_MUL=0\ENABLE_FAST_MUL=0.\reg_next_pc' using process `$paramod\picorv32\BARREL_SHIFTER=1\ENABLE_MUL=0\ENABLE_FAST_MUL=0.$proc$../picorv32.v:1436$1394'.
  created $dff cell `$procdff$4303' with positive edge clock.
Creating register for signal `$paramod\picorv32\BARREL_SHIFTER=1\ENABLE_MUL=0\ENABLE_FAST_MUL=0.\reg_op1' using process `$paramod\picorv32\BARREL_SHIFTER=1\ENABLE_MUL=0\ENABLE_FAST_MUL=0.$proc$../picorv32.v:1436$1394'.
  created $dff cell `$procdff$4304' with positive edge clock.
Creating register for signal `$paramod\picorv32\BARREL_SHIFTER=1\ENABLE_MUL=0\ENABLE_FAST_MUL=0.\reg_op2' using process `$paramod\picorv32\BARREL_SHIFTER=1\ENABLE_MUL=0\ENABLE_FAST_MUL=0.$proc$../picorv32.v:1436$1394'.
  created $dff cell `$procdff$4305' with positive edge clock.
Creating register for signal `$paramod\picorv32\BARREL_SHIFTER=1\ENABLE_MUL=0\ENABLE_FAST_MUL=0.\reg_out' using process `$paramod\picorv32\BARREL_SHIFTER=1\ENABLE_MUL=0\ENABLE_FAST_MUL=0.$proc$../picorv32.v:1436$1394'.
  created $dff cell `$procdff$4306' with positive edge clock.
Creating register for signal `$paramod\picorv32\BARREL_SHIFTER=1\ENABLE_MUL=0\ENABLE_FAST_MUL=0.\reg_sh' using process `$paramod\picorv32\BARREL_SHIFTER=1\ENABLE_MUL=0\ENABLE_FAST_MUL=0.$proc$../picorv32.v:1436$1394'.
  created $dff cell `$procdff$4307' with positive edge clock.
Creating register for signal `$paramod\picorv32\BARREL_SHIFTER=1\ENABLE_MUL=0\ENABLE_FAST_MUL=0.\irq_delay' using process `$paramod\picorv32\BARREL_SHIFTER=1\ENABLE_MUL=0\ENABLE_FAST_MUL=0.$proc$../picorv32.v:1436$1394'.
  created $dff cell `$procdff$4308' with positive edge clock.
Creating register for signal `$paramod\picorv32\BARREL_SHIFTER=1\ENABLE_MUL=0\ENABLE_FAST_MUL=0.\irq_active' using process `$paramod\picorv32\BARREL_SHIFTER=1\ENABLE_MUL=0\ENABLE_FAST_MUL=0.$proc$../picorv32.v:1436$1394'.
  created $dff cell `$procdff$4309' with positive edge clock.
Creating register for signal `$paramod\picorv32\BARREL_SHIFTER=1\ENABLE_MUL=0\ENABLE_FAST_MUL=0.\irq_mask' using process `$paramod\picorv32\BARREL_SHIFTER=1\ENABLE_MUL=0\ENABLE_FAST_MUL=0.$proc$../picorv32.v:1436$1394'.
  created $dff cell `$procdff$4310' with positive edge clock.
Creating register for signal `$paramod\picorv32\BARREL_SHIFTER=1\ENABLE_MUL=0\ENABLE_FAST_MUL=0.\irq_pending' using process `$paramod\picorv32\BARREL_SHIFTER=1\ENABLE_MUL=0\ENABLE_FAST_MUL=0.$proc$../picorv32.v:1436$1394'.
  created $dff cell `$procdff$4311' with positive edge clock.
Creating register for signal `$paramod\picorv32\BARREL_SHIFTER=1\ENABLE_MUL=0\ENABLE_FAST_MUL=0.\timer' using process `$paramod\picorv32\BARREL_SHIFTER=1\ENABLE_MUL=0\ENABLE_FAST_MUL=0.$proc$../picorv32.v:1436$1394'.
  created $dff cell `$procdff$4312' with positive edge clock.
Creating register for signal `$paramod\picorv32\BARREL_SHIFTER=1\ENABLE_MUL=0\ENABLE_FAST_MUL=0.\mem_wordsize' using process `$paramod\picorv32\BARREL_SHIFTER=1\ENABLE_MUL=0\ENABLE_FAST_MUL=0.$proc$../picorv32.v:1436$1394'.
  created $dff cell `$procdff$4313' with positive edge clock.
Creating register for signal `$paramod\picorv32\BARREL_SHIFTER=1\ENABLE_MUL=0\ENABLE_FAST_MUL=0.\mem_do_prefetch' using process `$paramod\picorv32\BARREL_SHIFTER=1\ENABLE_MUL=0\ENABLE_FAST_MUL=0.$proc$../picorv32.v:1436$1394'.
  created $dff cell `$procdff$4314' with positive edge clock.
Creating register for signal `$paramod\picorv32\BARREL_SHIFTER=1\ENABLE_MUL=0\ENABLE_FAST_MUL=0.\mem_do_rinst' using process `$paramod\picorv32\BARREL_SHIFTER=1\ENABLE_MUL=0\ENABLE_FAST_MUL=0.$proc$../picorv32.v:1436$1394'.
  created $dff cell `$procdff$4315' with positive edge clock.
Creating register for signal `$paramod\picorv32\BARREL_SHIFTER=1\ENABLE_MUL=0\ENABLE_FAST_MUL=0.\mem_do_rdata' using process `$paramod\picorv32\BARREL_SHIFTER=1\ENABLE_MUL=0\ENABLE_FAST_MUL=0.$proc$../picorv32.v:1436$1394'.
  created $dff cell `$procdff$4316' with positive edge clock.
Creating register for signal `$paramod\picorv32\BARREL_SHIFTER=1\ENABLE_MUL=0\ENABLE_FAST_MUL=0.\mem_do_wdata' using process `$paramod\picorv32\BARREL_SHIFTER=1\ENABLE_MUL=0\ENABLE_FAST_MUL=0.$proc$../picorv32.v:1436$1394'.
  created $dff cell `$procdff$4317' with positive edge clock.
Creating register for signal `$paramod\picorv32\BARREL_SHIFTER=1\ENABLE_MUL=0\ENABLE_FAST_MUL=0.\decoder_trigger' using process `$paramod\picorv32\BARREL_SHIFTER=1\ENABLE_MUL=0\ENABLE_FAST_MUL=0.$proc$../picorv32.v:1436$1394'.
  created $dff cell `$procdff$4318' with positive edge clock.
Creating register for signal `$paramod\picorv32\BARREL_SHIFTER=1\ENABLE_MUL=0\ENABLE_FAST_MUL=0.\decoder_trigger_q' using process `$paramod\picorv32\BARREL_SHIFTER=1\ENABLE_MUL=0\ENABLE_FAST_MUL=0.$proc$../picorv32.v:1436$1394'.
  created $dff cell `$procdff$4319' with positive edge clock.
Creating register for signal `$paramod\picorv32\BARREL_SHIFTER=1\ENABLE_MUL=0\ENABLE_FAST_MUL=0.\decoder_pseudo_trigger' using process `$paramod\picorv32\BARREL_SHIFTER=1\ENABLE_MUL=0\ENABLE_FAST_MUL=0.$proc$../picorv32.v:1436$1394'.
  created $dff cell `$procdff$4320' with positive edge clock.
Creating register for signal `$paramod\picorv32\BARREL_SHIFTER=1\ENABLE_MUL=0\ENABLE_FAST_MUL=0.\decoder_pseudo_trigger_q' using process `$paramod\picorv32\BARREL_SHIFTER=1\ENABLE_MUL=0\ENABLE_FAST_MUL=0.$proc$../picorv32.v:1436$1394'.
  created $dff cell `$procdff$4321' with positive edge clock.
Creating register for signal `$paramod\picorv32\BARREL_SHIFTER=1\ENABLE_MUL=0\ENABLE_FAST_MUL=0.\dbg_rs1val' using process `$paramod\picorv32\BARREL_SHIFTER=1\ENABLE_MUL=0\ENABLE_FAST_MUL=0.$proc$../picorv32.v:1436$1394'.
  created $dff cell `$procdff$4322' with positive edge clock.
Creating register for signal `$paramod\picorv32\BARREL_SHIFTER=1\ENABLE_MUL=0\ENABLE_FAST_MUL=0.\dbg_rs2val' using process `$paramod\picorv32\BARREL_SHIFTER=1\ENABLE_MUL=0\ENABLE_FAST_MUL=0.$proc$../picorv32.v:1436$1394'.
  created $dff cell `$procdff$4323' with positive edge clock.
Creating register for signal `$paramod\picorv32\BARREL_SHIFTER=1\ENABLE_MUL=0\ENABLE_FAST_MUL=0.\dbg_rs1val_valid' using process `$paramod\picorv32\BARREL_SHIFTER=1\ENABLE_MUL=0\ENABLE_FAST_MUL=0.$proc$../picorv32.v:1436$1394'.
  created $dff cell `$procdff$4324' with positive edge clock.
Creating register for signal `$paramod\picorv32\BARREL_SHIFTER=1\ENABLE_MUL=0\ENABLE_FAST_MUL=0.\dbg_rs2val_valid' using process `$paramod\picorv32\BARREL_SHIFTER=1\ENABLE_MUL=0\ENABLE_FAST_MUL=0.$proc$../picorv32.v:1436$1394'.
  created $dff cell `$procdff$4325' with positive edge clock.
Creating register for signal `$paramod\picorv32\BARREL_SHIFTER=1\ENABLE_MUL=0\ENABLE_FAST_MUL=0.\cpu_state' using process `$paramod\picorv32\BARREL_SHIFTER=1\ENABLE_MUL=0\ENABLE_FAST_MUL=0.$proc$../picorv32.v:1436$1394'.
  created $dff cell `$procdff$4326' with positive edge clock.
Creating register for signal `$paramod\picorv32\BARREL_SHIFTER=1\ENABLE_MUL=0\ENABLE_FAST_MUL=0.\irq_state' using process `$paramod\picorv32\BARREL_SHIFTER=1\ENABLE_MUL=0\ENABLE_FAST_MUL=0.$proc$../picorv32.v:1436$1394'.
  created $dff cell `$procdff$4327' with positive edge clock.
Creating register for signal `$paramod\picorv32\BARREL_SHIFTER=1\ENABLE_MUL=0\ENABLE_FAST_MUL=0.\set_mem_do_rinst' using process `$paramod\picorv32\BARREL_SHIFTER=1\ENABLE_MUL=0\ENABLE_FAST_MUL=0.$proc$../picorv32.v:1436$1394'.
  created $dff cell `$procdff$4328' with positive edge clock.
Creating register for signal `$paramod\picorv32\BARREL_SHIFTER=1\ENABLE_MUL=0\ENABLE_FAST_MUL=0.\set_mem_do_rdata' using process `$paramod\picorv32\BARREL_SHIFTER=1\ENABLE_MUL=0\ENABLE_FAST_MUL=0.$proc$../picorv32.v:1436$1394'.
  created $dff cell `$procdff$4329' with positive edge clock.
Creating register for signal `$paramod\picorv32\BARREL_SHIFTER=1\ENABLE_MUL=0\ENABLE_FAST_MUL=0.\set_mem_do_wdata' using process `$paramod\picorv32\BARREL_SHIFTER=1\ENABLE_MUL=0\ENABLE_FAST_MUL=0.$proc$../picorv32.v:1436$1394'.
  created $dff cell `$procdff$4330' with positive edge clock.
Creating register for signal `$paramod\picorv32\BARREL_SHIFTER=1\ENABLE_MUL=0\ENABLE_FAST_MUL=0.\latched_store' using process `$paramod\picorv32\BARREL_SHIFTER=1\ENABLE_MUL=0\ENABLE_FAST_MUL=0.$proc$../picorv32.v:1436$1394'.
  created $dff cell `$procdff$4331' with positive edge clock.
Creating register for signal `$paramod\picorv32\BARREL_SHIFTER=1\ENABLE_MUL=0\ENABLE_FAST_MUL=0.\latched_stalu' using process `$paramod\picorv32\BARREL_SHIFTER=1\ENABLE_MUL=0\ENABLE_FAST_MUL=0.$proc$../picorv32.v:1436$1394'.
  created $dff cell `$procdff$4332' with positive edge clock.
Creating register for signal `$paramod\picorv32\BARREL_SHIFTER=1\ENABLE_MUL=0\ENABLE_FAST_MUL=0.\latched_branch' using process `$paramod\picorv32\BARREL_SHIFTER=1\ENABLE_MUL=0\ENABLE_FAST_MUL=0.$proc$../picorv32.v:1436$1394'.
  created $dff cell `$procdff$4333' with positive edge clock.
Creating register for signal `$paramod\picorv32\BARREL_SHIFTER=1\ENABLE_MUL=0\ENABLE_FAST_MUL=0.\latched_compr' using process `$paramod\picorv32\BARREL_SHIFTER=1\ENABLE_MUL=0\ENABLE_FAST_MUL=0.$proc$../picorv32.v:1436$1394'.
  created $dff cell `$procdff$4334' with positive edge clock.
Creating register for signal `$paramod\picorv32\BARREL_SHIFTER=1\ENABLE_MUL=0\ENABLE_FAST_MUL=0.\latched_trace' using process `$paramod\picorv32\BARREL_SHIFTER=1\ENABLE_MUL=0\ENABLE_FAST_MUL=0.$proc$../picorv32.v:1436$1394'.
  created $dff cell `$procdff$4335' with positive edge clock.
Creating register for signal `$paramod\picorv32\BARREL_SHIFTER=1\ENABLE_MUL=0\ENABLE_FAST_MUL=0.\latched_is_lu' using process `$paramod\picorv32\BARREL_SHIFTER=1\ENABLE_MUL=0\ENABLE_FAST_MUL=0.$proc$../picorv32.v:1436$1394'.
  created $dff cell `$procdff$4336' with positive edge clock.
Creating register for signal `$paramod\picorv32\BARREL_SHIFTER=1\ENABLE_MUL=0\ENABLE_FAST_MUL=0.\latched_is_lh' using process `$paramod\picorv32\BARREL_SHIFTER=1\ENABLE_MUL=0\ENABLE_FAST_MUL=0.$proc$../picorv32.v:1436$1394'.
  created $dff cell `$procdff$4337' with positive edge clock.
Creating register for signal `$paramod\picorv32\BARREL_SHIFTER=1\ENABLE_MUL=0\ENABLE_FAST_MUL=0.\latched_is_lb' using process `$paramod\picorv32\BARREL_SHIFTER=1\ENABLE_MUL=0\ENABLE_FAST_MUL=0.$proc$../picorv32.v:1436$1394'.
  created $dff cell `$procdff$4338' with positive edge clock.
Creating register for signal `$paramod\picorv32\BARREL_SHIFTER=1\ENABLE_MUL=0\ENABLE_FAST_MUL=0.\latched_rd' using process `$paramod\picorv32\BARREL_SHIFTER=1\ENABLE_MUL=0\ENABLE_FAST_MUL=0.$proc$../picorv32.v:1436$1394'.
  created $dff cell `$procdff$4339' with positive edge clock.
Creating register for signal `$paramod\picorv32\BARREL_SHIFTER=1\ENABLE_MUL=0\ENABLE_FAST_MUL=0.\current_pc' using process `$paramod\picorv32\BARREL_SHIFTER=1\ENABLE_MUL=0\ENABLE_FAST_MUL=0.$proc$../picorv32.v:1436$1394'.
  created $dff cell `$procdff$4340' with positive edge clock.
Creating register for signal `$paramod\picorv32\BARREL_SHIFTER=1\ENABLE_MUL=0\ENABLE_FAST_MUL=0.\pcpi_timeout' using process `$paramod\picorv32\BARREL_SHIFTER=1\ENABLE_MUL=0\ENABLE_FAST_MUL=0.$proc$../picorv32.v:1436$1394'.
  created $dff cell `$procdff$4341' with positive edge clock.
Creating register for signal `$paramod\picorv32\BARREL_SHIFTER=1\ENABLE_MUL=0\ENABLE_FAST_MUL=0.\next_irq_pending' using process `$paramod\picorv32\BARREL_SHIFTER=1\ENABLE_MUL=0\ENABLE_FAST_MUL=0.$proc$../picorv32.v:1436$1394'.
  created $dff cell `$procdff$4342' with positive edge clock.
Creating register for signal `$paramod\picorv32\BARREL_SHIFTER=1\ENABLE_MUL=0\ENABLE_FAST_MUL=0.\do_waitirq' using process `$paramod\picorv32\BARREL_SHIFTER=1\ENABLE_MUL=0\ENABLE_FAST_MUL=0.$proc$../picorv32.v:1436$1394'.
  created $dff cell `$procdff$4343' with positive edge clock.
Creating register for signal `$paramod\picorv32\BARREL_SHIFTER=1\ENABLE_MUL=0\ENABLE_FAST_MUL=0.\alu_out_q' using process `$paramod\picorv32\BARREL_SHIFTER=1\ENABLE_MUL=0\ENABLE_FAST_MUL=0.$proc$../picorv32.v:1436$1394'.
  created $dff cell `$procdff$4344' with positive edge clock.
Creating register for signal `$paramod\picorv32\BARREL_SHIFTER=1\ENABLE_MUL=0\ENABLE_FAST_MUL=0.\alu_out_0_q' using process `$paramod\picorv32\BARREL_SHIFTER=1\ENABLE_MUL=0\ENABLE_FAST_MUL=0.$proc$../picorv32.v:1436$1394'.
  created $dff cell `$procdff$4345' with positive edge clock.
Creating register for signal `$paramod\picorv32\BARREL_SHIFTER=1\ENABLE_MUL=0\ENABLE_FAST_MUL=0.\alu_wait' using process `$paramod\picorv32\BARREL_SHIFTER=1\ENABLE_MUL=0\ENABLE_FAST_MUL=0.$proc$../picorv32.v:1436$1394'.
  created $dff cell `$procdff$4346' with positive edge clock.
Creating register for signal `$paramod\picorv32\BARREL_SHIFTER=1\ENABLE_MUL=0\ENABLE_FAST_MUL=0.\alu_wait_2' using process `$paramod\picorv32\BARREL_SHIFTER=1\ENABLE_MUL=0\ENABLE_FAST_MUL=0.$proc$../picorv32.v:1436$1394'.
  created $dff cell `$procdff$4347' with positive edge clock.
Creating register for signal `$paramod\picorv32\BARREL_SHIFTER=1\ENABLE_MUL=0\ENABLE_FAST_MUL=0.$memwr$\cpuregs$../picorv32.v:1378$901_ADDR' using process `$paramod\picorv32\BARREL_SHIFTER=1\ENABLE_MUL=0\ENABLE_FAST_MUL=0.$proc$../picorv32.v:1371$1372'.
  created $dff cell `$procdff$4348' with positive edge clock.
Creating register for signal `$paramod\picorv32\BARREL_SHIFTER=1\ENABLE_MUL=0\ENABLE_FAST_MUL=0.$memwr$\cpuregs$../picorv32.v:1378$901_EN' using process `$paramod\picorv32\BARREL_SHIFTER=1\ENABLE_MUL=0\ENABLE_FAST_MUL=0.$proc$../picorv32.v:1371$1372'.
  created $dff cell `$procdff$4349' with positive edge clock.
Creating register for signal `$paramod\picorv32\BARREL_SHIFTER=1\ENABLE_MUL=0\ENABLE_FAST_MUL=0.$memwr$\cpuregs$../picorv32.v:1378$901_DATA' using process `$paramod\picorv32\BARREL_SHIFTER=1\ENABLE_MUL=0\ENABLE_FAST_MUL=0.$proc$../picorv32.v:1371$1372'.
  created $dff cell `$procdff$4350' with positive edge clock.
Creating register for signal `$paramod\picorv32\BARREL_SHIFTER=1\ENABLE_MUL=0\ENABLE_FAST_MUL=0.\clear_prefetched_high_word_q' using process `$paramod\picorv32\BARREL_SHIFTER=1\ENABLE_MUL=0\ENABLE_FAST_MUL=0.$proc$../picorv32.v:1327$1354'.
  created $dff cell `$procdff$4351' with positive edge clock.
Creating register for signal `$paramod\picorv32\BARREL_SHIFTER=1\ENABLE_MUL=0\ENABLE_FAST_MUL=0.\pcpi_insn' using process `$paramod\picorv32\BARREL_SHIFTER=1\ENABLE_MUL=0\ENABLE_FAST_MUL=0.$proc$../picorv32.v:859$1055'.
  created $dff cell `$procdff$4352' with positive edge clock.
Creating register for signal `$paramod\picorv32\BARREL_SHIFTER=1\ENABLE_MUL=0\ENABLE_FAST_MUL=0.\instr_lui' using process `$paramod\picorv32\BARREL_SHIFTER=1\ENABLE_MUL=0\ENABLE_FAST_MUL=0.$proc$../picorv32.v:859$1055'.
  created $dff cell `$procdff$4353' with positive edge clock.
Creating register for signal `$paramod\picorv32\BARREL_SHIFTER=1\ENABLE_MUL=0\ENABLE_FAST_MUL=0.\instr_auipc' using process `$paramod\picorv32\BARREL_SHIFTER=1\ENABLE_MUL=0\ENABLE_FAST_MUL=0.$proc$../picorv32.v:859$1055'.
  created $dff cell `$procdff$4354' with positive edge clock.
Creating register for signal `$paramod\picorv32\BARREL_SHIFTER=1\ENABLE_MUL=0\ENABLE_FAST_MUL=0.\instr_jal' using process `$paramod\picorv32\BARREL_SHIFTER=1\ENABLE_MUL=0\ENABLE_FAST_MUL=0.$proc$../picorv32.v:859$1055'.
  created $dff cell `$procdff$4355' with positive edge clock.
Creating register for signal `$paramod\picorv32\BARREL_SHIFTER=1\ENABLE_MUL=0\ENABLE_FAST_MUL=0.\instr_jalr' using process `$paramod\picorv32\BARREL_SHIFTER=1\ENABLE_MUL=0\ENABLE_FAST_MUL=0.$proc$../picorv32.v:859$1055'.
  created $dff cell `$procdff$4356' with positive edge clock.
Creating register for signal `$paramod\picorv32\BARREL_SHIFTER=1\ENABLE_MUL=0\ENABLE_FAST_MUL=0.\instr_beq' using process `$paramod\picorv32\BARREL_SHIFTER=1\ENABLE_MUL=0\ENABLE_FAST_MUL=0.$proc$../picorv32.v:859$1055'.
  created $dff cell `$procdff$4357' with positive edge clock.
Creating register for signal `$paramod\picorv32\BARREL_SHIFTER=1\ENABLE_MUL=0\ENABLE_FAST_MUL=0.\instr_bne' using process `$paramod\picorv32\BARREL_SHIFTER=1\ENABLE_MUL=0\ENABLE_FAST_MUL=0.$proc$../picorv32.v:859$1055'.
  created $dff cell `$procdff$4358' with positive edge clock.
Creating register for signal `$paramod\picorv32\BARREL_SHIFTER=1\ENABLE_MUL=0\ENABLE_FAST_MUL=0.\instr_blt' using process `$paramod\picorv32\BARREL_SHIFTER=1\ENABLE_MUL=0\ENABLE_FAST_MUL=0.$proc$../picorv32.v:859$1055'.
  created $dff cell `$procdff$4359' with positive edge clock.
Creating register for signal `$paramod\picorv32\BARREL_SHIFTER=1\ENABLE_MUL=0\ENABLE_FAST_MUL=0.\instr_bge' using process `$paramod\picorv32\BARREL_SHIFTER=1\ENABLE_MUL=0\ENABLE_FAST_MUL=0.$proc$../picorv32.v:859$1055'.
  created $dff cell `$procdff$4360' with positive edge clock.
Creating register for signal `$paramod\picorv32\BARREL_SHIFTER=1\ENABLE_MUL=0\ENABLE_FAST_MUL=0.\instr_bltu' using process `$paramod\picorv32\BARREL_SHIFTER=1\ENABLE_MUL=0\ENABLE_FAST_MUL=0.$proc$../picorv32.v:859$1055'.
  created $dff cell `$procdff$4361' with positive edge clock.
Creating register for signal `$paramod\picorv32\BARREL_SHIFTER=1\ENABLE_MUL=0\ENABLE_FAST_MUL=0.\instr_bgeu' using process `$paramod\picorv32\BARREL_SHIFTER=1\ENABLE_MUL=0\ENABLE_FAST_MUL=0.$proc$../picorv32.v:859$1055'.
  created $dff cell `$procdff$4362' with positive edge clock.
Creating register for signal `$paramod\picorv32\BARREL_SHIFTER=1\ENABLE_MUL=0\ENABLE_FAST_MUL=0.\instr_lb' using process `$paramod\picorv32\BARREL_SHIFTER=1\ENABLE_MUL=0\ENABLE_FAST_MUL=0.$proc$../picorv32.v:859$1055'.
  created $dff cell `$procdff$4363' with positive edge clock.
Creating register for signal `$paramod\picorv32\BARREL_SHIFTER=1\ENABLE_MUL=0\ENABLE_FAST_MUL=0.\instr_lh' using process `$paramod\picorv32\BARREL_SHIFTER=1\ENABLE_MUL=0\ENABLE_FAST_MUL=0.$proc$../picorv32.v:859$1055'.
  created $dff cell `$procdff$4364' with positive edge clock.
Creating register for signal `$paramod\picorv32\BARREL_SHIFTER=1\ENABLE_MUL=0\ENABLE_FAST_MUL=0.\instr_lw' using process `$paramod\picorv32\BARREL_SHIFTER=1\ENABLE_MUL=0\ENABLE_FAST_MUL=0.$proc$../picorv32.v:859$1055'.
  created $dff cell `$procdff$4365' with positive edge clock.
Creating register for signal `$paramod\picorv32\BARREL_SHIFTER=1\ENABLE_MUL=0\ENABLE_FAST_MUL=0.\instr_lbu' using process `$paramod\picorv32\BARREL_SHIFTER=1\ENABLE_MUL=0\ENABLE_FAST_MUL=0.$proc$../picorv32.v:859$1055'.
  created $dff cell `$procdff$4366' with positive edge clock.
Creating register for signal `$paramod\picorv32\BARREL_SHIFTER=1\ENABLE_MUL=0\ENABLE_FAST_MUL=0.\instr_lhu' using process `$paramod\picorv32\BARREL_SHIFTER=1\ENABLE_MUL=0\ENABLE_FAST_MUL=0.$proc$../picorv32.v:859$1055'.
  created $dff cell `$procdff$4367' with positive edge clock.
Creating register for signal `$paramod\picorv32\BARREL_SHIFTER=1\ENABLE_MUL=0\ENABLE_FAST_MUL=0.\instr_sb' using process `$paramod\picorv32\BARREL_SHIFTER=1\ENABLE_MUL=0\ENABLE_FAST_MUL=0.$proc$../picorv32.v:859$1055'.
  created $dff cell `$procdff$4368' with positive edge clock.
Creating register for signal `$paramod\picorv32\BARREL_SHIFTER=1\ENABLE_MUL=0\ENABLE_FAST_MUL=0.\instr_sh' using process `$paramod\picorv32\BARREL_SHIFTER=1\ENABLE_MUL=0\ENABLE_FAST_MUL=0.$proc$../picorv32.v:859$1055'.
  created $dff cell `$procdff$4369' with positive edge clock.
Creating register for signal `$paramod\picorv32\BARREL_SHIFTER=1\ENABLE_MUL=0\ENABLE_FAST_MUL=0.\instr_sw' using process `$paramod\picorv32\BARREL_SHIFTER=1\ENABLE_MUL=0\ENABLE_FAST_MUL=0.$proc$../picorv32.v:859$1055'.
  created $dff cell `$procdff$4370' with positive edge clock.
Creating register for signal `$paramod\picorv32\BARREL_SHIFTER=1\ENABLE_MUL=0\ENABLE_FAST_MUL=0.\instr_addi' using process `$paramod\picorv32\BARREL_SHIFTER=1\ENABLE_MUL=0\ENABLE_FAST_MUL=0.$proc$../picorv32.v:859$1055'.
  created $dff cell `$procdff$4371' with positive edge clock.
Creating register for signal `$paramod\picorv32\BARREL_SHIFTER=1\ENABLE_MUL=0\ENABLE_FAST_MUL=0.\instr_slti' using process `$paramod\picorv32\BARREL_SHIFTER=1\ENABLE_MUL=0\ENABLE_FAST_MUL=0.$proc$../picorv32.v:859$1055'.
  created $dff cell `$procdff$4372' with positive edge clock.
Creating register for signal `$paramod\picorv32\BARREL_SHIFTER=1\ENABLE_MUL=0\ENABLE_FAST_MUL=0.\instr_sltiu' using process `$paramod\picorv32\BARREL_SHIFTER=1\ENABLE_MUL=0\ENABLE_FAST_MUL=0.$proc$../picorv32.v:859$1055'.
  created $dff cell `$procdff$4373' with positive edge clock.
Creating register for signal `$paramod\picorv32\BARREL_SHIFTER=1\ENABLE_MUL=0\ENABLE_FAST_MUL=0.\instr_xori' using process `$paramod\picorv32\BARREL_SHIFTER=1\ENABLE_MUL=0\ENABLE_FAST_MUL=0.$proc$../picorv32.v:859$1055'.
  created $dff cell `$procdff$4374' with positive edge clock.
Creating register for signal `$paramod\picorv32\BARREL_SHIFTER=1\ENABLE_MUL=0\ENABLE_FAST_MUL=0.\instr_ori' using process `$paramod\picorv32\BARREL_SHIFTER=1\ENABLE_MUL=0\ENABLE_FAST_MUL=0.$proc$../picorv32.v:859$1055'.
  created $dff cell `$procdff$4375' with positive edge clock.
Creating register for signal `$paramod\picorv32\BARREL_SHIFTER=1\ENABLE_MUL=0\ENABLE_FAST_MUL=0.\instr_andi' using process `$paramod\picorv32\BARREL_SHIFTER=1\ENABLE_MUL=0\ENABLE_FAST_MUL=0.$proc$../picorv32.v:859$1055'.
  created $dff cell `$procdff$4376' with positive edge clock.
Creating register for signal `$paramod\picorv32\BARREL_SHIFTER=1\ENABLE_MUL=0\ENABLE_FAST_MUL=0.\instr_slli' using process `$paramod\picorv32\BARREL_SHIFTER=1\ENABLE_MUL=0\ENABLE_FAST_MUL=0.$proc$../picorv32.v:859$1055'.
  created $dff cell `$procdff$4377' with positive edge clock.
Creating register for signal `$paramod\picorv32\BARREL_SHIFTER=1\ENABLE_MUL=0\ENABLE_FAST_MUL=0.\instr_srli' using process `$paramod\picorv32\BARREL_SHIFTER=1\ENABLE_MUL=0\ENABLE_FAST_MUL=0.$proc$../picorv32.v:859$1055'.
  created $dff cell `$procdff$4378' with positive edge clock.
Creating register for signal `$paramod\picorv32\BARREL_SHIFTER=1\ENABLE_MUL=0\ENABLE_FAST_MUL=0.\instr_srai' using process `$paramod\picorv32\BARREL_SHIFTER=1\ENABLE_MUL=0\ENABLE_FAST_MUL=0.$proc$../picorv32.v:859$1055'.
  created $dff cell `$procdff$4379' with positive edge clock.
Creating register for signal `$paramod\picorv32\BARREL_SHIFTER=1\ENABLE_MUL=0\ENABLE_FAST_MUL=0.\instr_add' using process `$paramod\picorv32\BARREL_SHIFTER=1\ENABLE_MUL=0\ENABLE_FAST_MUL=0.$proc$../picorv32.v:859$1055'.
  created $dff cell `$procdff$4380' with positive edge clock.
Creating register for signal `$paramod\picorv32\BARREL_SHIFTER=1\ENABLE_MUL=0\ENABLE_FAST_MUL=0.\instr_sub' using process `$paramod\picorv32\BARREL_SHIFTER=1\ENABLE_MUL=0\ENABLE_FAST_MUL=0.$proc$../picorv32.v:859$1055'.
  created $dff cell `$procdff$4381' with positive edge clock.
Creating register for signal `$paramod\picorv32\BARREL_SHIFTER=1\ENABLE_MUL=0\ENABLE_FAST_MUL=0.\instr_sll' using process `$paramod\picorv32\BARREL_SHIFTER=1\ENABLE_MUL=0\ENABLE_FAST_MUL=0.$proc$../picorv32.v:859$1055'.
  created $dff cell `$procdff$4382' with positive edge clock.
Creating register for signal `$paramod\picorv32\BARREL_SHIFTER=1\ENABLE_MUL=0\ENABLE_FAST_MUL=0.\instr_slt' using process `$paramod\picorv32\BARREL_SHIFTER=1\ENABLE_MUL=0\ENABLE_FAST_MUL=0.$proc$../picorv32.v:859$1055'.
  created $dff cell `$procdff$4383' with positive edge clock.
Creating register for signal `$paramod\picorv32\BARREL_SHIFTER=1\ENABLE_MUL=0\ENABLE_FAST_MUL=0.\instr_sltu' using process `$paramod\picorv32\BARREL_SHIFTER=1\ENABLE_MUL=0\ENABLE_FAST_MUL=0.$proc$../picorv32.v:859$1055'.
  created $dff cell `$procdff$4384' with positive edge clock.
Creating register for signal `$paramod\picorv32\BARREL_SHIFTER=1\ENABLE_MUL=0\ENABLE_FAST_MUL=0.\instr_xor' using process `$paramod\picorv32\BARREL_SHIFTER=1\ENABLE_MUL=0\ENABLE_FAST_MUL=0.$proc$../picorv32.v:859$1055'.
  created $dff cell `$procdff$4385' with positive edge clock.
Creating register for signal `$paramod\picorv32\BARREL_SHIFTER=1\ENABLE_MUL=0\ENABLE_FAST_MUL=0.\instr_srl' using process `$paramod\picorv32\BARREL_SHIFTER=1\ENABLE_MUL=0\ENABLE_FAST_MUL=0.$proc$../picorv32.v:859$1055'.
  created $dff cell `$procdff$4386' with positive edge clock.
Creating register for signal `$paramod\picorv32\BARREL_SHIFTER=1\ENABLE_MUL=0\ENABLE_FAST_MUL=0.\instr_sra' using process `$paramod\picorv32\BARREL_SHIFTER=1\ENABLE_MUL=0\ENABLE_FAST_MUL=0.$proc$../picorv32.v:859$1055'.
  created $dff cell `$procdff$4387' with positive edge clock.
Creating register for signal `$paramod\picorv32\BARREL_SHIFTER=1\ENABLE_MUL=0\ENABLE_FAST_MUL=0.\instr_or' using process `$paramod\picorv32\BARREL_SHIFTER=1\ENABLE_MUL=0\ENABLE_FAST_MUL=0.$proc$../picorv32.v:859$1055'.
  created $dff cell `$procdff$4388' with positive edge clock.
Creating register for signal `$paramod\picorv32\BARREL_SHIFTER=1\ENABLE_MUL=0\ENABLE_FAST_MUL=0.\instr_and' using process `$paramod\picorv32\BARREL_SHIFTER=1\ENABLE_MUL=0\ENABLE_FAST_MUL=0.$proc$../picorv32.v:859$1055'.
  created $dff cell `$procdff$4389' with positive edge clock.
Creating register for signal `$paramod\picorv32\BARREL_SHIFTER=1\ENABLE_MUL=0\ENABLE_FAST_MUL=0.\instr_rdcycle' using process `$paramod\picorv32\BARREL_SHIFTER=1\ENABLE_MUL=0\ENABLE_FAST_MUL=0.$proc$../picorv32.v:859$1055'.
  created $dff cell `$procdff$4390' with positive edge clock.
Creating register for signal `$paramod\picorv32\BARREL_SHIFTER=1\ENABLE_MUL=0\ENABLE_FAST_MUL=0.\instr_rdcycleh' using process `$paramod\picorv32\BARREL_SHIFTER=1\ENABLE_MUL=0\ENABLE_FAST_MUL=0.$proc$../picorv32.v:859$1055'.
  created $dff cell `$procdff$4391' with positive edge clock.
Creating register for signal `$paramod\picorv32\BARREL_SHIFTER=1\ENABLE_MUL=0\ENABLE_FAST_MUL=0.\instr_rdinstr' using process `$paramod\picorv32\BARREL_SHIFTER=1\ENABLE_MUL=0\ENABLE_FAST_MUL=0.$proc$../picorv32.v:859$1055'.
  created $dff cell `$procdff$4392' with positive edge clock.
Creating register for signal `$paramod\picorv32\BARREL_SHIFTER=1\ENABLE_MUL=0\ENABLE_FAST_MUL=0.\instr_rdinstrh' using process `$paramod\picorv32\BARREL_SHIFTER=1\ENABLE_MUL=0\ENABLE_FAST_MUL=0.$proc$../picorv32.v:859$1055'.
  created $dff cell `$procdff$4393' with positive edge clock.
Creating register for signal `$paramod\picorv32\BARREL_SHIFTER=1\ENABLE_MUL=0\ENABLE_FAST_MUL=0.\instr_ecall_ebreak' using process `$paramod\picorv32\BARREL_SHIFTER=1\ENABLE_MUL=0\ENABLE_FAST_MUL=0.$proc$../picorv32.v:859$1055'.
  created $dff cell `$procdff$4394' with positive edge clock.
Creating register for signal `$paramod\picorv32\BARREL_SHIFTER=1\ENABLE_MUL=0\ENABLE_FAST_MUL=0.\instr_fence' using process `$paramod\picorv32\BARREL_SHIFTER=1\ENABLE_MUL=0\ENABLE_FAST_MUL=0.$proc$../picorv32.v:859$1055'.
  created $dff cell `$procdff$4395' with positive edge clock.
Creating register for signal `$paramod\picorv32\BARREL_SHIFTER=1\ENABLE_MUL=0\ENABLE_FAST_MUL=0.\instr_getq' using process `$paramod\picorv32\BARREL_SHIFTER=1\ENABLE_MUL=0\ENABLE_FAST_MUL=0.$proc$../picorv32.v:859$1055'.
  created $dff cell `$procdff$4396' with positive edge clock.
Creating register for signal `$paramod\picorv32\BARREL_SHIFTER=1\ENABLE_MUL=0\ENABLE_FAST_MUL=0.\instr_setq' using process `$paramod\picorv32\BARREL_SHIFTER=1\ENABLE_MUL=0\ENABLE_FAST_MUL=0.$proc$../picorv32.v:859$1055'.
  created $dff cell `$procdff$4397' with positive edge clock.
Creating register for signal `$paramod\picorv32\BARREL_SHIFTER=1\ENABLE_MUL=0\ENABLE_FAST_MUL=0.\instr_retirq' using process `$paramod\picorv32\BARREL_SHIFTER=1\ENABLE_MUL=0\ENABLE_FAST_MUL=0.$proc$../picorv32.v:859$1055'.
  created $dff cell `$procdff$4398' with positive edge clock.
Creating register for signal `$paramod\picorv32\BARREL_SHIFTER=1\ENABLE_MUL=0\ENABLE_FAST_MUL=0.\instr_maskirq' using process `$paramod\picorv32\BARREL_SHIFTER=1\ENABLE_MUL=0\ENABLE_FAST_MUL=0.$proc$../picorv32.v:859$1055'.
  created $dff cell `$procdff$4399' with positive edge clock.
Creating register for signal `$paramod\picorv32\BARREL_SHIFTER=1\ENABLE_MUL=0\ENABLE_FAST_MUL=0.\instr_waitirq' using process `$paramod\picorv32\BARREL_SHIFTER=1\ENABLE_MUL=0\ENABLE_FAST_MUL=0.$proc$../picorv32.v:859$1055'.
  created $dff cell `$procdff$4400' with positive edge clock.
Creating register for signal `$paramod\picorv32\BARREL_SHIFTER=1\ENABLE_MUL=0\ENABLE_FAST_MUL=0.\instr_timer' using process `$paramod\picorv32\BARREL_SHIFTER=1\ENABLE_MUL=0\ENABLE_FAST_MUL=0.$proc$../picorv32.v:859$1055'.
  created $dff cell `$procdff$4401' with positive edge clock.
Creating register for signal `$paramod\picorv32\BARREL_SHIFTER=1\ENABLE_MUL=0\ENABLE_FAST_MUL=0.\decoded_rd' using process `$paramod\picorv32\BARREL_SHIFTER=1\ENABLE_MUL=0\ENABLE_FAST_MUL=0.$proc$../picorv32.v:859$1055'.
  created $dff cell `$procdff$4402' with positive edge clock.
Creating register for signal `$paramod\picorv32\BARREL_SHIFTER=1\ENABLE_MUL=0\ENABLE_FAST_MUL=0.\decoded_rs1' using process `$paramod\picorv32\BARREL_SHIFTER=1\ENABLE_MUL=0\ENABLE_FAST_MUL=0.$proc$../picorv32.v:859$1055'.
  created $dff cell `$procdff$4403' with positive edge clock.
Creating register for signal `$paramod\picorv32\BARREL_SHIFTER=1\ENABLE_MUL=0\ENABLE_FAST_MUL=0.\decoded_rs2' using process `$paramod\picorv32\BARREL_SHIFTER=1\ENABLE_MUL=0\ENABLE_FAST_MUL=0.$proc$../picorv32.v:859$1055'.
  created $dff cell `$procdff$4404' with positive edge clock.
Creating register for signal `$paramod\picorv32\BARREL_SHIFTER=1\ENABLE_MUL=0\ENABLE_FAST_MUL=0.\decoded_imm' using process `$paramod\picorv32\BARREL_SHIFTER=1\ENABLE_MUL=0\ENABLE_FAST_MUL=0.$proc$../picorv32.v:859$1055'.
  created $dff cell `$procdff$4405' with positive edge clock.
Creating register for signal `$paramod\picorv32\BARREL_SHIFTER=1\ENABLE_MUL=0\ENABLE_FAST_MUL=0.\decoded_imm_j' using process `$paramod\picorv32\BARREL_SHIFTER=1\ENABLE_MUL=0\ENABLE_FAST_MUL=0.$proc$../picorv32.v:859$1055'.
  created $dff cell `$procdff$4406' with positive edge clock.
Creating register for signal `$paramod\picorv32\BARREL_SHIFTER=1\ENABLE_MUL=0\ENABLE_FAST_MUL=0.\compressed_instr' using process `$paramod\picorv32\BARREL_SHIFTER=1\ENABLE_MUL=0\ENABLE_FAST_MUL=0.$proc$../picorv32.v:859$1055'.
  created $dff cell `$procdff$4407' with positive edge clock.
Creating register for signal `$paramod\picorv32\BARREL_SHIFTER=1\ENABLE_MUL=0\ENABLE_FAST_MUL=0.\is_lui_auipc_jal' using process `$paramod\picorv32\BARREL_SHIFTER=1\ENABLE_MUL=0\ENABLE_FAST_MUL=0.$proc$../picorv32.v:859$1055'.
  created $dff cell `$procdff$4408' with positive edge clock.
Creating register for signal `$paramod\picorv32\BARREL_SHIFTER=1\ENABLE_MUL=0\ENABLE_FAST_MUL=0.\is_lb_lh_lw_lbu_lhu' using process `$paramod\picorv32\BARREL_SHIFTER=1\ENABLE_MUL=0\ENABLE_FAST_MUL=0.$proc$../picorv32.v:859$1055'.
  created $dff cell `$procdff$4409' with positive edge clock.
Creating register for signal `$paramod\picorv32\BARREL_SHIFTER=1\ENABLE_MUL=0\ENABLE_FAST_MUL=0.\is_slli_srli_srai' using process `$paramod\picorv32\BARREL_SHIFTER=1\ENABLE_MUL=0\ENABLE_FAST_MUL=0.$proc$../picorv32.v:859$1055'.
  created $dff cell `$procdff$4410' with positive edge clock.
Creating register for signal `$paramod\picorv32\BARREL_SHIFTER=1\ENABLE_MUL=0\ENABLE_FAST_MUL=0.\is_jalr_addi_slti_sltiu_xori_ori_andi' using process `$paramod\picorv32\BARREL_SHIFTER=1\ENABLE_MUL=0\ENABLE_FAST_MUL=0.$proc$../picorv32.v:859$1055'.
  created $dff cell `$procdff$4411' with positive edge clock.
Creating register for signal `$paramod\picorv32\BARREL_SHIFTER=1\ENABLE_MUL=0\ENABLE_FAST_MUL=0.\is_sb_sh_sw' using process `$paramod\picorv32\BARREL_SHIFTER=1\ENABLE_MUL=0\ENABLE_FAST_MUL=0.$proc$../picorv32.v:859$1055'.
  created $dff cell `$procdff$4412' with positive edge clock.
Creating register for signal `$paramod\picorv32\BARREL_SHIFTER=1\ENABLE_MUL=0\ENABLE_FAST_MUL=0.\is_sll_srl_sra' using process `$paramod\picorv32\BARREL_SHIFTER=1\ENABLE_MUL=0\ENABLE_FAST_MUL=0.$proc$../picorv32.v:859$1055'.
  created $dff cell `$procdff$4413' with positive edge clock.
Creating register for signal `$paramod\picorv32\BARREL_SHIFTER=1\ENABLE_MUL=0\ENABLE_FAST_MUL=0.\is_lui_auipc_jal_jalr_addi_add_sub' using process `$paramod\picorv32\BARREL_SHIFTER=1\ENABLE_MUL=0\ENABLE_FAST_MUL=0.$proc$../picorv32.v:859$1055'.
  created $dff cell `$procdff$4414' with positive edge clock.
Creating register for signal `$paramod\picorv32\BARREL_SHIFTER=1\ENABLE_MUL=0\ENABLE_FAST_MUL=0.\is_slti_blt_slt' using process `$paramod\picorv32\BARREL_SHIFTER=1\ENABLE_MUL=0\ENABLE_FAST_MUL=0.$proc$../picorv32.v:859$1055'.
  created $dff cell `$procdff$4415' with positive edge clock.
Creating register for signal `$paramod\picorv32\BARREL_SHIFTER=1\ENABLE_MUL=0\ENABLE_FAST_MUL=0.\is_sltiu_bltu_sltu' using process `$paramod\picorv32\BARREL_SHIFTER=1\ENABLE_MUL=0\ENABLE_FAST_MUL=0.$proc$../picorv32.v:859$1055'.
  created $dff cell `$procdff$4416' with positive edge clock.
Creating register for signal `$paramod\picorv32\BARREL_SHIFTER=1\ENABLE_MUL=0\ENABLE_FAST_MUL=0.\is_beq_bne_blt_bge_bltu_bgeu' using process `$paramod\picorv32\BARREL_SHIFTER=1\ENABLE_MUL=0\ENABLE_FAST_MUL=0.$proc$../picorv32.v:859$1055'.
  created $dff cell `$procdff$4417' with positive edge clock.
Creating register for signal `$paramod\picorv32\BARREL_SHIFTER=1\ENABLE_MUL=0\ENABLE_FAST_MUL=0.\is_lbu_lhu_lw' using process `$paramod\picorv32\BARREL_SHIFTER=1\ENABLE_MUL=0\ENABLE_FAST_MUL=0.$proc$../picorv32.v:859$1055'.
  created $dff cell `$procdff$4418' with positive edge clock.
Creating register for signal `$paramod\picorv32\BARREL_SHIFTER=1\ENABLE_MUL=0\ENABLE_FAST_MUL=0.\is_alu_reg_imm' using process `$paramod\picorv32\BARREL_SHIFTER=1\ENABLE_MUL=0\ENABLE_FAST_MUL=0.$proc$../picorv32.v:859$1055'.
  created $dff cell `$procdff$4419' with positive edge clock.
Creating register for signal `$paramod\picorv32\BARREL_SHIFTER=1\ENABLE_MUL=0\ENABLE_FAST_MUL=0.\is_alu_reg_reg' using process `$paramod\picorv32\BARREL_SHIFTER=1\ENABLE_MUL=0\ENABLE_FAST_MUL=0.$proc$../picorv32.v:859$1055'.
  created $dff cell `$procdff$4420' with positive edge clock.
Creating register for signal `$paramod\picorv32\BARREL_SHIFTER=1\ENABLE_MUL=0\ENABLE_FAST_MUL=0.\is_compare' using process `$paramod\picorv32\BARREL_SHIFTER=1\ENABLE_MUL=0\ENABLE_FAST_MUL=0.$proc$../picorv32.v:859$1055'.
  created $dff cell `$procdff$4421' with positive edge clock.
Creating register for signal `$paramod\picorv32\BARREL_SHIFTER=1\ENABLE_MUL=0\ENABLE_FAST_MUL=0.\dbg_insn_addr' using process `$paramod\picorv32\BARREL_SHIFTER=1\ENABLE_MUL=0\ENABLE_FAST_MUL=0.$proc$../picorv32.v:779$1049'.
  created $dff cell `$procdff$4422' with positive edge clock.
Creating register for signal `$paramod\picorv32\BARREL_SHIFTER=1\ENABLE_MUL=0\ENABLE_FAST_MUL=0.\q_ascii_instr' using process `$paramod\picorv32\BARREL_SHIFTER=1\ENABLE_MUL=0\ENABLE_FAST_MUL=0.$proc$../picorv32.v:779$1049'.
  created $dff cell `$procdff$4423' with positive edge clock.
Creating register for signal `$paramod\picorv32\BARREL_SHIFTER=1\ENABLE_MUL=0\ENABLE_FAST_MUL=0.\q_insn_imm' using process `$paramod\picorv32\BARREL_SHIFTER=1\ENABLE_MUL=0\ENABLE_FAST_MUL=0.$proc$../picorv32.v:779$1049'.
  created $dff cell `$procdff$4424' with positive edge clock.
Creating register for signal `$paramod\picorv32\BARREL_SHIFTER=1\ENABLE_MUL=0\ENABLE_FAST_MUL=0.\q_insn_opcode' using process `$paramod\picorv32\BARREL_SHIFTER=1\ENABLE_MUL=0\ENABLE_FAST_MUL=0.$proc$../picorv32.v:779$1049'.
  created $dff cell `$procdff$4425' with positive edge clock.
Creating register for signal `$paramod\picorv32\BARREL_SHIFTER=1\ENABLE_MUL=0\ENABLE_FAST_MUL=0.\q_insn_rs1' using process `$paramod\picorv32\BARREL_SHIFTER=1\ENABLE_MUL=0\ENABLE_FAST_MUL=0.$proc$../picorv32.v:779$1049'.
  created $dff cell `$procdff$4426' with positive edge clock.
Creating register for signal `$paramod\picorv32\BARREL_SHIFTER=1\ENABLE_MUL=0\ENABLE_FAST_MUL=0.\q_insn_rs2' using process `$paramod\picorv32\BARREL_SHIFTER=1\ENABLE_MUL=0\ENABLE_FAST_MUL=0.$proc$../picorv32.v:779$1049'.
  created $dff cell `$procdff$4427' with positive edge clock.
Creating register for signal `$paramod\picorv32\BARREL_SHIFTER=1\ENABLE_MUL=0\ENABLE_FAST_MUL=0.\q_insn_rd' using process `$paramod\picorv32\BARREL_SHIFTER=1\ENABLE_MUL=0\ENABLE_FAST_MUL=0.$proc$../picorv32.v:779$1049'.
  created $dff cell `$procdff$4428' with positive edge clock.
Creating register for signal `$paramod\picorv32\BARREL_SHIFTER=1\ENABLE_MUL=0\ENABLE_FAST_MUL=0.\dbg_next' using process `$paramod\picorv32\BARREL_SHIFTER=1\ENABLE_MUL=0\ENABLE_FAST_MUL=0.$proc$../picorv32.v:779$1049'.
  created $dff cell `$procdff$4429' with positive edge clock.
Creating register for signal `$paramod\picorv32\BARREL_SHIFTER=1\ENABLE_MUL=0\ENABLE_FAST_MUL=0.\dbg_valid_insn' using process `$paramod\picorv32\BARREL_SHIFTER=1\ENABLE_MUL=0\ENABLE_FAST_MUL=0.$proc$../picorv32.v:779$1049'.
  created $dff cell `$procdff$4430' with positive edge clock.
Creating register for signal `$paramod\picorv32\BARREL_SHIFTER=1\ENABLE_MUL=0\ENABLE_FAST_MUL=0.\cached_ascii_instr' using process `$paramod\picorv32\BARREL_SHIFTER=1\ENABLE_MUL=0\ENABLE_FAST_MUL=0.$proc$../picorv32.v:779$1049'.
  created $dff cell `$procdff$4431' with positive edge clock.
Creating register for signal `$paramod\picorv32\BARREL_SHIFTER=1\ENABLE_MUL=0\ENABLE_FAST_MUL=0.\cached_insn_imm' using process `$paramod\picorv32\BARREL_SHIFTER=1\ENABLE_MUL=0\ENABLE_FAST_MUL=0.$proc$../picorv32.v:779$1049'.
  created $dff cell `$procdff$4432' with positive edge clock.
Creating register for signal `$paramod\picorv32\BARREL_SHIFTER=1\ENABLE_MUL=0\ENABLE_FAST_MUL=0.\cached_insn_opcode' using process `$paramod\picorv32\BARREL_SHIFTER=1\ENABLE_MUL=0\ENABLE_FAST_MUL=0.$proc$../picorv32.v:779$1049'.
  created $dff cell `$procdff$4433' with positive edge clock.
Creating register for signal `$paramod\picorv32\BARREL_SHIFTER=1\ENABLE_MUL=0\ENABLE_FAST_MUL=0.\cached_insn_rs1' using process `$paramod\picorv32\BARREL_SHIFTER=1\ENABLE_MUL=0\ENABLE_FAST_MUL=0.$proc$../picorv32.v:779$1049'.
  created $dff cell `$procdff$4434' with positive edge clock.
Creating register for signal `$paramod\picorv32\BARREL_SHIFTER=1\ENABLE_MUL=0\ENABLE_FAST_MUL=0.\cached_insn_rs2' using process `$paramod\picorv32\BARREL_SHIFTER=1\ENABLE_MUL=0\ENABLE_FAST_MUL=0.$proc$../picorv32.v:779$1049'.
  created $dff cell `$procdff$4435' with positive edge clock.
Creating register for signal `$paramod\picorv32\BARREL_SHIFTER=1\ENABLE_MUL=0\ENABLE_FAST_MUL=0.\cached_insn_rd' using process `$paramod\picorv32\BARREL_SHIFTER=1\ENABLE_MUL=0\ENABLE_FAST_MUL=0.$proc$../picorv32.v:779$1049'.
  created $dff cell `$procdff$4436' with positive edge clock.
Creating register for signal `$paramod\picorv32\BARREL_SHIFTER=1\ENABLE_MUL=0\ENABLE_FAST_MUL=0.\mem_valid' using process `$paramod\picorv32\BARREL_SHIFTER=1\ENABLE_MUL=0\ENABLE_FAST_MUL=0.$proc$../picorv32.v:566$1024'.
  created $dff cell `$procdff$4437' with positive edge clock.
Creating register for signal `$paramod\picorv32\BARREL_SHIFTER=1\ENABLE_MUL=0\ENABLE_FAST_MUL=0.\mem_instr' using process `$paramod\picorv32\BARREL_SHIFTER=1\ENABLE_MUL=0\ENABLE_FAST_MUL=0.$proc$../picorv32.v:566$1024'.
  created $dff cell `$procdff$4438' with positive edge clock.
Creating register for signal `$paramod\picorv32\BARREL_SHIFTER=1\ENABLE_MUL=0\ENABLE_FAST_MUL=0.\mem_addr' using process `$paramod\picorv32\BARREL_SHIFTER=1\ENABLE_MUL=0\ENABLE_FAST_MUL=0.$proc$../picorv32.v:566$1024'.
  created $dff cell `$procdff$4439' with positive edge clock.
Creating register for signal `$paramod\picorv32\BARREL_SHIFTER=1\ENABLE_MUL=0\ENABLE_FAST_MUL=0.\mem_wdata' using process `$paramod\picorv32\BARREL_SHIFTER=1\ENABLE_MUL=0\ENABLE_FAST_MUL=0.$proc$../picorv32.v:566$1024'.
  created $dff cell `$procdff$4440' with positive edge clock.
Creating register for signal `$paramod\picorv32\BARREL_SHIFTER=1\ENABLE_MUL=0\ENABLE_FAST_MUL=0.\mem_wstrb' using process `$paramod\picorv32\BARREL_SHIFTER=1\ENABLE_MUL=0\ENABLE_FAST_MUL=0.$proc$../picorv32.v:566$1024'.
  created $dff cell `$procdff$4441' with positive edge clock.
Creating register for signal `$paramod\picorv32\BARREL_SHIFTER=1\ENABLE_MUL=0\ENABLE_FAST_MUL=0.\mem_state' using process `$paramod\picorv32\BARREL_SHIFTER=1\ENABLE_MUL=0\ENABLE_FAST_MUL=0.$proc$../picorv32.v:566$1024'.
  created $dff cell `$procdff$4442' with positive edge clock.
Creating register for signal `$paramod\picorv32\BARREL_SHIFTER=1\ENABLE_MUL=0\ENABLE_FAST_MUL=0.\mem_la_secondword' using process `$paramod\picorv32\BARREL_SHIFTER=1\ENABLE_MUL=0\ENABLE_FAST_MUL=0.$proc$../picorv32.v:566$1024'.
  created $dff cell `$procdff$4443' with positive edge clock.
Creating register for signal `$paramod\picorv32\BARREL_SHIFTER=1\ENABLE_MUL=0\ENABLE_FAST_MUL=0.\prefetched_high_word' using process `$paramod\picorv32\BARREL_SHIFTER=1\ENABLE_MUL=0\ENABLE_FAST_MUL=0.$proc$../picorv32.v:566$1024'.
  created $dff cell `$procdff$4444' with positive edge clock.
Creating register for signal `$paramod\picorv32\BARREL_SHIFTER=1\ENABLE_MUL=0\ENABLE_FAST_MUL=0.\mem_16bit_buffer' using process `$paramod\picorv32\BARREL_SHIFTER=1\ENABLE_MUL=0\ENABLE_FAST_MUL=0.$proc$../picorv32.v:566$1024'.
  created $dff cell `$procdff$4445' with positive edge clock.
Creating register for signal `$paramod\picorv32\BARREL_SHIFTER=1\ENABLE_MUL=0\ENABLE_FAST_MUL=0.\next_insn_opcode' using process `$paramod\picorv32\BARREL_SHIFTER=1\ENABLE_MUL=0\ENABLE_FAST_MUL=0.$proc$../picorv32.v:431$984'.
  created $dff cell `$procdff$4446' with positive edge clock.
Creating register for signal `$paramod\picorv32\BARREL_SHIFTER=1\ENABLE_MUL=0\ENABLE_FAST_MUL=0.\mem_rdata_q' using process `$paramod\picorv32\BARREL_SHIFTER=1\ENABLE_MUL=0\ENABLE_FAST_MUL=0.$proc$../picorv32.v:431$984'.
  created $dff cell `$procdff$4447' with positive edge clock.
Creating register for signal `$paramod\picorv32\BARREL_SHIFTER=1\ENABLE_MUL=0\ENABLE_FAST_MUL=0.\mem_la_firstword_reg' using process `$paramod\picorv32\BARREL_SHIFTER=1\ENABLE_MUL=0\ENABLE_FAST_MUL=0.$proc$../picorv32.v:391$976'.
  created $dff cell `$procdff$4448' with positive edge clock.
Creating register for signal `$paramod\picorv32\BARREL_SHIFTER=1\ENABLE_MUL=0\ENABLE_FAST_MUL=0.\last_mem_valid' using process `$paramod\picorv32\BARREL_SHIFTER=1\ENABLE_MUL=0\ENABLE_FAST_MUL=0.$proc$../picorv32.v:391$976'.
  created $dff cell `$procdff$4449' with positive edge clock.

4.3.8. Executing PROC_CLEAN pass (remove empty switches from decision trees).
Found and cleaned up 53 empty switches in `$paramod\picorv32\BARREL_SHIFTER=1\ENABLE_MUL=0\ENABLE_FAST_MUL=0.$proc$../picorv32.v:1436$1394'.
Removing empty process `$paramod\picorv32\BARREL_SHIFTER=1\ENABLE_MUL=0\ENABLE_FAST_MUL=0.$proc$../picorv32.v:1436$1394'.
Removing empty process `$paramod\picorv32\BARREL_SHIFTER=1\ENABLE_MUL=0\ENABLE_FAST_MUL=0.$proc$../picorv32.v:1382$1378'.
Found and cleaned up 1 empty switch in `$paramod\picorv32\BARREL_SHIFTER=1\ENABLE_MUL=0\ENABLE_FAST_MUL=0.$proc$../picorv32.v:1371$1372'.
Removing empty process `$paramod\picorv32\BARREL_SHIFTER=1\ENABLE_MUL=0\ENABLE_FAST_MUL=0.$proc$../picorv32.v:1371$1372'.
Found and cleaned up 2 empty switches in `$paramod\picorv32\BARREL_SHIFTER=1\ENABLE_MUL=0\ENABLE_FAST_MUL=0.$proc$../picorv32.v:1343$1360'.
Removing empty process `$paramod\picorv32\BARREL_SHIFTER=1\ENABLE_MUL=0\ENABLE_FAST_MUL=0.$proc$../picorv32.v:1343$1360'.
Found and cleaned up 2 empty switches in `$paramod\picorv32\BARREL_SHIFTER=1\ENABLE_MUL=0\ENABLE_FAST_MUL=0.$proc$../picorv32.v:1329$1355'.
Removing empty process `$paramod\picorv32\BARREL_SHIFTER=1\ENABLE_MUL=0\ENABLE_FAST_MUL=0.$proc$../picorv32.v:1329$1355'.
Removing empty process `$paramod\picorv32\BARREL_SHIFTER=1\ENABLE_MUL=0\ENABLE_FAST_MUL=0.$proc$../picorv32.v:1327$1354'.
Found and cleaned up 2 empty switches in `$paramod\picorv32\BARREL_SHIFTER=1\ENABLE_MUL=0\ENABLE_FAST_MUL=0.$proc$../picorv32.v:1283$1332'.
Removing empty process `$paramod\picorv32\BARREL_SHIFTER=1\ENABLE_MUL=0\ENABLE_FAST_MUL=0.$proc$../picorv32.v:1283$1332'.
Found and cleaned up 8 empty switches in `$paramod\picorv32\BARREL_SHIFTER=1\ENABLE_MUL=0\ENABLE_FAST_MUL=0.$proc$../picorv32.v:1187$1318'.
Removing empty process `$paramod\picorv32\BARREL_SHIFTER=1\ENABLE_MUL=0\ENABLE_FAST_MUL=0.$proc$../picorv32.v:1187$1318'.
Found and cleaned up 22 empty switches in `$paramod\picorv32\BARREL_SHIFTER=1\ENABLE_MUL=0\ENABLE_FAST_MUL=0.$proc$../picorv32.v:859$1055'.
Removing empty process `$paramod\picorv32\BARREL_SHIFTER=1\ENABLE_MUL=0\ENABLE_FAST_MUL=0.$proc$../picorv32.v:859$1055'.
Found and cleaned up 3 empty switches in `$paramod\picorv32\BARREL_SHIFTER=1\ENABLE_MUL=0\ENABLE_FAST_MUL=0.$proc$../picorv32.v:810$1053'.
Removing empty process `$paramod\picorv32\BARREL_SHIFTER=1\ENABLE_MUL=0\ENABLE_FAST_MUL=0.$proc$../picorv32.v:810$1053'.
Found and cleaned up 5 empty switches in `$paramod\picorv32\BARREL_SHIFTER=1\ENABLE_MUL=0\ENABLE_FAST_MUL=0.$proc$../picorv32.v:779$1049'.
Removing empty process `$paramod\picorv32\BARREL_SHIFTER=1\ENABLE_MUL=0\ENABLE_FAST_MUL=0.$proc$../picorv32.v:779$1049'.
Found and cleaned up 48 empty switches in `$paramod\picorv32\BARREL_SHIFTER=1\ENABLE_MUL=0\ENABLE_FAST_MUL=0.$proc$../picorv32.v:702$1048'.
Removing empty process `$paramod\picorv32\BARREL_SHIFTER=1\ENABLE_MUL=0\ENABLE_FAST_MUL=0.$proc$../picorv32.v:702$1048'.
Found and cleaned up 16 empty switches in `$paramod\picorv32\BARREL_SHIFTER=1\ENABLE_MUL=0\ENABLE_FAST_MUL=0.$proc$../picorv32.v:566$1024'.
Removing empty process `$paramod\picorv32\BARREL_SHIFTER=1\ENABLE_MUL=0\ENABLE_FAST_MUL=0.$proc$../picorv32.v:566$1024'.
Removing empty process `$paramod\picorv32\BARREL_SHIFTER=1\ENABLE_MUL=0\ENABLE_FAST_MUL=0.$proc$../picorv32.v:1273$1569'.
Found and cleaned up 19 empty switches in `$paramod\picorv32\BARREL_SHIFTER=1\ENABLE_MUL=0\ENABLE_FAST_MUL=0.$proc$../picorv32.v:431$984'.
Removing empty process `$paramod\picorv32\BARREL_SHIFTER=1\ENABLE_MUL=0\ENABLE_FAST_MUL=0.$proc$../picorv32.v:431$984'.
Found and cleaned up 3 empty switches in `$paramod\picorv32\BARREL_SHIFTER=1\ENABLE_MUL=0\ENABLE_FAST_MUL=0.$proc$../picorv32.v:402$981'.
Removing empty process `$paramod\picorv32\BARREL_SHIFTER=1\ENABLE_MUL=0\ENABLE_FAST_MUL=0.$proc$../picorv32.v:402$981'.
Found and cleaned up 2 empty switches in `$paramod\picorv32\BARREL_SHIFTER=1\ENABLE_MUL=0\ENABLE_FAST_MUL=0.$proc$../picorv32.v:391$976'.
Removing empty process `$paramod\picorv32\BARREL_SHIFTER=1\ENABLE_MUL=0\ENABLE_FAST_MUL=0.$proc$../picorv32.v:391$976'.
Found and cleaned up 1 empty switch in `$paramod\picorv32\BARREL_SHIFTER=1\ENABLE_MUL=0\ENABLE_FAST_MUL=0.$proc$../picorv32.v:326$902'.
Removing empty process `$paramod\picorv32\BARREL_SHIFTER=1\ENABLE_MUL=0\ENABLE_FAST_MUL=0.$proc$../picorv32.v:326$902'.
Cleaned up 187 empty switches.

4.4. Executing FLATTEN pass (flatten design).
Using template $paramod\picorv32\BARREL_SHIFTER=1\ENABLE_MUL=0\ENABLE_FAST_MUL=0 for cells of type $paramod\picorv32\BARREL_SHIFTER=1\ENABLE_MUL=0\ENABLE_FAST_MUL=0.
<suppressed ~1 debug messages>
No more expansions possible.
Deleting now unused module $paramod\picorv32\BARREL_SHIFTER=1\ENABLE_MUL=0\ENABLE_FAST_MUL=0.

4.5. Executing TRIBUF pass.

4.6. Executing DEMINOUT pass (demote inout ports to input or output).

4.7. Executing OPT_EXPR pass (perform const folding).
Optimizing module picorv32_baseline_c_wrapper.
<suppressed ~842 debug messages>

4.8. Executing OPT_CLEAN pass (remove unused cells and wires).
Finding unused cells or wires in module \picorv32_baseline_c_wrapper..
Removed 739 unused cells and 2229 unused wires.
<suppressed ~808 debug messages>

4.9. Executing CHECK pass (checking for obvious problems).
checking module picorv32_baseline_c_wrapper..
found and reported 0 problems.

4.10. Executing OPT pass (performing simple optimizations).

4.10.1. Executing OPT_EXPR pass (perform const folding).
Optimizing module picorv32_baseline_c_wrapper.

4.10.2. Executing OPT_MERGE pass (detect identical cells).
Finding identical cells in module `\picorv32_baseline_c_wrapper'.
<suppressed ~558 debug messages>
Removed a total of 186 cells.

4.10.3. Executing OPT_MUXTREE pass (detect dead branches in mux trees).
Running muxtree optimizer on module \picorv32_baseline_c_wrapper..
  Creating internal representation of mux trees.
  Evaluating internal representation of mux trees.
      Replacing known input bits on port A of cell $techmap\u_core.$procmux$4011: \u_core.mem_valid -> 1'0
      Replacing known input bits on port A of cell $techmap\u_core.$procmux$4018: \u_core.mem_valid -> 1'0
  Analyzing evaluation results.
    dead port 2/2 on $mux $techmap\u_core.$procmux$1583.
    dead port 2/2 on $mux $techmap\u_core.$procmux$1593.
    dead port 2/2 on $mux $techmap\u_core.$procmux$1595.
    dead port 2/2 on $mux $techmap\u_core.$procmux$1601.
    dead port 2/2 on $mux $techmap\u_core.$procmux$1608.
    dead port 2/2 on $mux $techmap\u_core.$procmux$1610.
    dead port 2/2 on $mux $techmap\u_core.$procmux$1616.
    dead port 2/2 on $mux $techmap\u_core.$procmux$1637.
    dead port 2/2 on $mux $techmap\u_core.$procmux$1640.
    dead port 2/2 on $mux $techmap\u_core.$procmux$1652.
    dead port 2/2 on $mux $techmap\u_core.$procmux$1659.
    dead port 2/2 on $mux $techmap\u_core.$procmux$1662.
    dead port 2/2 on $mux $techmap\u_core.$procmux$1686.
    dead port 2/2 on $mux $techmap\u_core.$procmux$1689.
    dead port 2/2 on $mux $techmap\u_core.$procmux$1698.
    dead port 2/2 on $mux $techmap\u_core.$procmux$1701.
    dead port 2/2 on $mux $techmap\u_core.$procmux$1709.
    dead port 2/2 on $mux $techmap\u_core.$procmux$1711.
    dead port 2/2 on $mux $techmap\u_core.$procmux$1714.
    dead port 2/2 on $mux $techmap\u_core.$procmux$1775.
    dead port 2/2 on $mux $techmap\u_core.$procmux$1777.
    dead port 2/2 on $mux $techmap\u_core.$procmux$1780.
    dead port 2/2 on $mux $techmap\u_core.$procmux$1862.
    dead port 2/2 on $mux $techmap\u_core.$procmux$1867.
    dead port 2/2 on $mux $techmap\u_core.$procmux$1870.
    dead port 1/3 on $pmux $techmap\u_core.$procmux$1923.
    dead port 2/2 on $mux $techmap\u_core.$procmux$1955.
    dead port 2/2 on $mux $techmap\u_core.$procmux$1968.
    dead port 2/2 on $mux $techmap\u_core.$procmux$1981.
    dead port 1/7 on $pmux $techmap\u_core.$procmux$2188.
    dead port 2/7 on $pmux $techmap\u_core.$procmux$2188.
    dead port 3/7 on $pmux $techmap\u_core.$procmux$2188.
    dead port 4/7 on $pmux $techmap\u_core.$procmux$2188.
    dead port 5/7 on $pmux $techmap\u_core.$procmux$2188.
    dead port 2/12 on $pmux $techmap\u_core.$procmux$2227.
    dead port 4/12 on $pmux $techmap\u_core.$procmux$2227.
    dead port 5/12 on $pmux $techmap\u_core.$procmux$2227.
    dead port 6/12 on $pmux $techmap\u_core.$procmux$2227.
    dead port 7/12 on $pmux $techmap\u_core.$procmux$2227.
    dead port 8/12 on $pmux $techmap\u_core.$procmux$2227.
    dead port 1/7 on $pmux $techmap\u_core.$procmux$2432.
    dead port 2/7 on $pmux $techmap\u_core.$procmux$2432.
    dead port 3/7 on $pmux $techmap\u_core.$procmux$2432.
    dead port 4/7 on $pmux $techmap\u_core.$procmux$2432.
    dead port 5/7 on $pmux $techmap\u_core.$procmux$2432.
    dead port 1/4 on $pmux $techmap\u_core.$procmux$2496.
    dead port 3/4 on $pmux $techmap\u_core.$procmux$2496.
    dead port 1/2 on $mux $techmap\u_core.$procmux$2503.
    dead port 2/2 on $mux $techmap\u_core.$procmux$2503.
    dead port 1/3 on $pmux $techmap\u_core.$procmux$2511.
    dead port 2/12 on $pmux $techmap\u_core.$procmux$2515.
    dead port 4/12 on $pmux $techmap\u_core.$procmux$2515.
    dead port 5/12 on $pmux $techmap\u_core.$procmux$2515.
    dead port 6/12 on $pmux $techmap\u_core.$procmux$2515.
    dead port 7/12 on $pmux $techmap\u_core.$procmux$2515.
    dead port 8/12 on $pmux $techmap\u_core.$procmux$2515.
    dead port 1/4 on $pmux $techmap\u_core.$procmux$2697.
    dead port 3/4 on $pmux $techmap\u_core.$procmux$2697.
    dead port 1/3 on $pmux $techmap\u_core.$procmux$2709.
    dead port 2/12 on $pmux $techmap\u_core.$procmux$2713.
    dead port 4/12 on $pmux $techmap\u_core.$procmux$2713.
    dead port 5/12 on $pmux $techmap\u_core.$procmux$2713.
    dead port 6/12 on $pmux $techmap\u_core.$procmux$2713.
    dead port 7/12 on $pmux $techmap\u_core.$procmux$2713.
    dead port 8/12 on $pmux $techmap\u_core.$procmux$2713.
    dead port 2/12 on $pmux $techmap\u_core.$procmux$2894.
    dead port 4/12 on $pmux $techmap\u_core.$procmux$2894.
    dead port 5/12 on $pmux $techmap\u_core.$procmux$2894.
    dead port 6/12 on $pmux $techmap\u_core.$procmux$2894.
    dead port 7/12 on $pmux $techmap\u_core.$procmux$2894.
    dead port 8/12 on $pmux $techmap\u_core.$procmux$2894.
    dead port 1/9 on $pmux $techmap\u_core.$procmux$2945.
    dead port 2/9 on $pmux $techmap\u_core.$procmux$2945.
    dead port 3/9 on $pmux $techmap\u_core.$procmux$2945.
    dead port 4/9 on $pmux $techmap\u_core.$procmux$2945.
    dead port 5/9 on $pmux $techmap\u_core.$procmux$2945.
    dead port 1/5 on $pmux $techmap\u_core.$procmux$3087.
    dead port 2/5 on $pmux $techmap\u_core.$procmux$3087.
    dead port 2/2 on $mux $techmap\u_core.$procmux$3092.
    dead port 1/5 on $pmux $techmap\u_core.$procmux$3096.
    dead port 2/5 on $pmux $techmap\u_core.$procmux$3096.
    dead port 2/2 on $mux $techmap\u_core.$procmux$3101.
    dead port 2/2 on $mux $techmap\u_core.$procmux$4254.
    dead port 2/2 on $mux $techmap\u_core.$procmux$4261.
Removed 84 multiplexer ports.
<suppressed ~141 debug messages>

4.10.4. Executing OPT_REDUCE pass (consolidate $*mux and $reduce_* inputs).
  Optimizing cells in module \picorv32_baseline_c_wrapper.
    New input vector for $reduce_or cell $techmap\u_core.$reduce_or$../picorv32.v:865$1061: { \u_core.is_beq_bne_blt_bge_bltu_bgeu \u_core.instr_sltu \u_core.instr_slt \u_core.instr_sltiu \u_core.instr_slti }
    New input vector for $reduce_or cell $techmap\u_core.$reduce_or$../picorv32.v:864$1060: { \u_core.instr_lhu \u_core.instr_lbu \u_core.instr_lw }
    New input vector for $reduce_or cell $techmap\u_core.$reduce_or$../picorv32.v:863$1059: { \u_core.instr_sltu \u_core.instr_sltiu \u_core.instr_bltu }
    New input vector for $reduce_or cell $techmap\u_core.$reduce_or$../picorv32.v:862$1058: { \u_core.instr_slt \u_core.instr_slti \u_core.instr_blt }
    New input vector for $reduce_or cell $techmap\u_core.$reduce_or$../picorv32.v:861$1057: { \u_core.instr_sub \u_core.instr_add \u_core.instr_addi \u_core.instr_jalr \u_core.instr_jal \u_core.instr_auipc \u_core.instr_lui }
    New input vector for $reduce_or cell $techmap\u_core.$reduce_or$../picorv32.v:860$1056: { \u_core.instr_jal \u_core.instr_auipc \u_core.instr_lui }
    New input vector for $reduce_or cell $techmap\u_core.$reduce_or$../picorv32.v:689$1047: { \u_core.instr_rdinstrh \u_core.instr_rdinstr \u_core.instr_rdcycleh \u_core.instr_rdcycle }
    New input vector for $reduce_or cell $techmap\u_core.$reduce_or$../picorv32.v:377$931: { \u_core.mem_state [0] \u_core.mem_state [1] }
    New input vector for $reduce_or cell $techmap\u_core.$reduce_or$../picorv32.v:1972$1553: { \u_core.reg_pc [0] \u_core.reg_pc [1] }
    New input vector for $reduce_or cell $techmap\u_core.$reduce_or$../picorv32.v:1126$1316: { \u_core.is_alu_reg_imm \u_core.is_lb_lh_lw_lbu_lhu \u_core.instr_jalr }
    New input vector for $reduce_or cell $techmap\u_core.$reduce_or$../picorv32.v:1124$1314: { \u_core.instr_auipc \u_core.instr_lui }
    New input vector for $reduce_or cell $techmap\u_core.$reduce_or$../picorv32.v:1109$1300: { $techmap\u_core.$eq$../picorv32.v:1060$1167_Y $techmap\u_core.$eq$../picorv32.v:1050$1151_Y $techmap\u_core.$eq$../picorv32.v:1046$1145_Y $techmap\u_core.$eq$../picorv32.v:1045$1143_Y $techmap\u_core.$eq$../picorv32.v:1043$1139_Y $techmap\u_core.$eq$../picorv32.v:1041$1135_Y }
    New input vector for $reduce_or cell $techmap\u_core.$procmux$2228_ANY: { \u_core.is_jalr_addi_slti_sltiu_xori_ori_andi \u_core.is_slli_srli_srai }
    New input vector for $reduce_and cell $techmap\u_core.$reduce_and$../picorv32.v:377$936: { \u_core.mem_state [0] \u_core.mem_state [1] }
    New ctrl vector for $mux cell $techmap\u_core.$procmux$1586: { }
    New ctrl vector for $mux cell $techmap\u_core.$procmux$1599: { }
    New ctrl vector for $mux cell $techmap\u_core.$procmux$1614: { }
    New ctrl vector for $mux cell $techmap\u_core.$procmux$1619: { }
    New ctrl vector for $pmux cell $techmap\u_core.$procmux$1647: { }
    New ctrl vector for $pmux cell $techmap\u_core.$procmux$1945: { $techmap\u_core.$procmux$1660_CMP $auto$opt_reduce.cc:132:opt_mux$4451 }
    New ctrl vector for $pmux cell $techmap\u_core.$procmux$1958: { $auto$opt_reduce.cc:132:opt_mux$4453 $techmap\u_core.$procmux$1638_CMP }
    New ctrl vector for $pmux cell $techmap\u_core.$procmux$1971: { $techmap\u_core.$procmux$1687_CMP $auto$opt_reduce.cc:132:opt_mux$4455 }
    New ctrl vector for $pmux cell $techmap\u_core.$procmux$2168: { $techmap\u_core.$procmux$1649_CMP $techmap\u_core.$procmux$1687_CMP $techmap\u_core.$procmux$1948_CMP $techmap\u_core.$procmux$1638_CMP }
    New ctrl vector for $pmux cell $techmap\u_core.$procmux$2227: $auto$opt_reduce.cc:132:opt_mux$4457
    New ctrl vector for $pmux cell $techmap\u_core.$procmux$2269: { $techmap\u_core.$eq$../picorv32.v:1347$1361_Y $techmap\u_core.$procmux$1687_CMP }
    New ctrl vector for $pmux cell $techmap\u_core.$procmux$2366: { $techmap\u_core.$eq$../picorv32.v:1347$1361_Y $techmap\u_core.$procmux$1687_CMP }
    New ctrl vector for $pmux cell $techmap\u_core.$procmux$2409: { $techmap\u_core.$eq$../picorv32.v:1347$1361_Y $techmap\u_core.$procmux$1649_CMP $techmap\u_core.$procmux$1687_CMP $auto$opt_reduce.cc:132:opt_mux$4459 }
    New ctrl vector for $pmux cell $techmap\u_core.$procmux$2515: { \u_core.instr_trap \u_core.is_rdcycle_rdcycleh_rdinstr_rdinstrh $techmap\u_core.$logic_and$../picorv32.v:1730$1472_Y $auto$opt_reduce.cc:132:opt_mux$4461 }
    New ctrl vector for $pmux cell $techmap\u_core.$procmux$2687: { $techmap\u_core.$eq$../picorv32.v:1347$1361_Y $techmap\u_core.$procmux$1649_CMP $techmap\u_core.$procmux$1648_CMP $techmap\u_core.$procmux$1948_CMP }
    New ctrl vector for $pmux cell $techmap\u_core.$procmux$2713: { $auto$opt_reduce.cc:132:opt_mux$4465 $techmap\u_core.$logic_and$../picorv32.v:1730$1472_Y $auto$opt_reduce.cc:132:opt_mux$4463 }
    New ctrl vector for $pmux cell $techmap\u_core.$procmux$2894: { \u_core.is_lui_auipc_jal $auto$opt_reduce.cc:132:opt_mux$4467 $techmap\u_core.$procmux$2228_CTRL }
    New ctrl vector for $pmux cell $techmap\u_core.$procmux$2945: { $auto$opt_reduce.cc:132:opt_mux$4469 \u_core.is_lui_auipc_jal }
    Consolidated identical input bits for $mux cell $techmap\u_core.$procmux$3079:
      Old ports: A=0, B=32'11111111111111111111111111111111, Y=$techmap\u_core.$0$memwr$\cpuregs$../picorv32.v:1378$901_EN[31:0]$1374
      New ports: A=1'0, B=1'1, Y=$techmap\u_core.$0$memwr$\cpuregs$../picorv32.v:1378$901_EN[31:0]$1374 [0]
      New connections: $techmap\u_core.$0$memwr$\cpuregs$../picorv32.v:1378$901_EN[31:0]$1374 [31:1] = { $techmap\u_core.$0$memwr$\cpuregs$../picorv32.v:1378$901_EN[31:0]$1374 [0] $techmap\u_core.$0$memwr$\cpuregs$../picorv32.v:1378$901_EN[31:0]$1374 [0] $techmap\u_core.$0$memwr$\cpuregs$../picorv32.v:1378$901_EN[31:0]$1374 [0] $techmap\u_core.$0$memwr$\cpuregs$../picorv32.v:1378$901_EN[31:0]$1374 [0] $techmap\u_core.$0$memwr$\cpuregs$../picorv32.v:1378$901_EN[31:0]$1374 [0] $techmap\u_core.$0$memwr$\cpuregs$../picorv32.v:1378$901_EN[31:0]$1374 [0] $techmap\u_core.$0$memwr$\cpuregs$../picorv32.v:1378$901_EN[31:0]$1374 [0] $techmap\u_core.$0$memwr$\cpuregs$../picorv32.v:1378$901_EN[31:0]$1374 [0] $techmap\u_core.$0$memwr$\cpuregs$../picorv32.v:1378$901_EN[31:0]$1374 [0] $techmap\u_core.$0$memwr$\cpuregs$../picorv32.v:1378$901_EN[31:0]$1374 [0] $techmap\u_core.$0$memwr$\cpuregs$../picorv32.v:1378$901_EN[31:0]$1374 [0] $techmap\u_core.$0$memwr$\cpuregs$../picorv32.v:1378$901_EN[31:0]$1374 [0] $techmap\u_core.$0$memwr$\cpuregs$../picorv32.v:1378$901_EN[31:0]$1374 [0] $techmap\u_core.$0$memwr$\cpuregs$../picorv32.v:1378$901_EN[31:0]$1374 [0] $techmap\u_core.$0$memwr$\cpuregs$../picorv32.v:1378$901_EN[31:0]$1374 [0] $techmap\u_core.$0$memwr$\cpuregs$../picorv32.v:1378$901_EN[31:0]$1374 [0] $techmap\u_core.$0$memwr$\cpuregs$../picorv32.v:1378$901_EN[31:0]$1374 [0] $techmap\u_core.$0$memwr$\cpuregs$../picorv32.v:1378$901_EN[31:0]$1374 [0] $techmap\u_core.$0$memwr$\cpuregs$../picorv32.v:1378$901_EN[31:0]$1374 [0] $techmap\u_core.$0$memwr$\cpuregs$../picorv32.v:1378$901_EN[31:0]$1374 [0] $techmap\u_core.$0$memwr$\cpuregs$../picorv32.v:1378$901_EN[31:0]$1374 [0] $techmap\u_core.$0$memwr$\cpuregs$../picorv32.v:1378$901_EN[31:0]$1374 [0] $techmap\u_core.$0$memwr$\cpuregs$../picorv32.v:1378$901_EN[31:0]$1374 [0] $techmap\u_core.$0$memwr$\cpuregs$../picorv32.v:1378$901_EN[31:0]$1374 [0] $techmap\u_core.$0$memwr$\cpuregs$../picorv32.v:1378$901_EN[31:0]$1374 [0] $techmap\u_core.$0$memwr$\cpuregs$../picorv32.v:1378$901_EN[31:0]$1374 [0] $techmap\u_core.$0$memwr$\cpuregs$../picorv32.v:1378$901_EN[31:0]$1374 [0] $techmap\u_core.$0$memwr$\cpuregs$../picorv32.v:1378$901_EN[31:0]$1374 [0] $techmap\u_core.$0$memwr$\cpuregs$../picorv32.v:1378$901_EN[31:0]$1374 [0] $techmap\u_core.$0$memwr$\cpuregs$../picorv32.v:1378$901_EN[31:0]$1374 [0] $techmap\u_core.$0$memwr$\cpuregs$../picorv32.v:1378$901_EN[31:0]$1374 [0] }
    New ctrl vector for $pmux cell $techmap\u_core.$procmux$3087: $auto$opt_reduce.cc:132:opt_mux$4471
    New ctrl vector for $mux cell $techmap\u_core.$procmux$4011: { }
    New ctrl vector for $mux cell $techmap\u_core.$procmux$4018: { }
    New ctrl vector for $pmux cell $techmap\u_core.$procmux$4249: $auto$opt_reduce.cc:132:opt_mux$4473
    New ctrl vector for $pmux cell $techmap\u_core.$procmux$4258: $auto$opt_reduce.cc:132:opt_mux$4475
    New input vector for $reduce_or cell $auto$opt_reduce.cc:126:opt_mux$4468: { \u_core.instr_rdinstrh \u_core.instr_rdinstr \u_core.instr_rdcycleh \u_core.instr_rdcycle \u_core.instr_trap }
    New input vector for $reduce_or cell $auto$opt_reduce.cc:126:opt_mux$4470: { $techmap\u_core.$logic_and$../picorv32.v:1354$1365_Y \u_core.latched_branch }
    New input vector for $reduce_or cell $auto$opt_reduce.cc:126:opt_mux$4450: { $techmap\u_core.$procmux$1953_CMP $techmap\u_core.$procmux$1948_CMP $techmap\u_core.$procmux$1687_CMP $techmap\u_core.$procmux$1649_CMP $techmap\u_core.$procmux$1648_CMP $techmap\u_core.$procmux$1638_CMP $techmap\u_core.$eq$../picorv32.v:1347$1361_Y }
    New input vector for $reduce_or cell $auto$opt_reduce.cc:126:opt_mux$4452: { $techmap\u_core.$procmux$1953_CMP $techmap\u_core.$procmux$1948_CMP $techmap\u_core.$procmux$1687_CMP $techmap\u_core.$procmux$1660_CMP $techmap\u_core.$procmux$1649_CMP $techmap\u_core.$procmux$1648_CMP $techmap\u_core.$eq$../picorv32.v:1347$1361_Y }
    New input vector for $reduce_or cell $auto$opt_reduce.cc:126:opt_mux$4454: { $techmap\u_core.$procmux$1953_CMP $techmap\u_core.$procmux$1948_CMP $techmap\u_core.$procmux$1660_CMP $techmap\u_core.$procmux$1649_CMP $techmap\u_core.$procmux$1648_CMP $techmap\u_core.$procmux$1638_CMP $techmap\u_core.$eq$../picorv32.v:1347$1361_Y }
    New input vector for $reduce_or cell $auto$opt_reduce.cc:126:opt_mux$4456: { \u_core.is_jalr_addi_slti_sltiu_xori_ori_andi \u_core.is_slli_srli_srai $techmap\u_core.$logic_and$../picorv32.v:1730$1472_Y \u_core.instr_rdinstrh \u_core.instr_rdinstr \u_core.instr_rdcycleh \u_core.instr_rdcycle \u_core.is_lui_auipc_jal \u_core.instr_trap }
    New input vector for $reduce_or cell $auto$opt_reduce.cc:126:opt_mux$4460: { \u_core.is_jalr_addi_slti_sltiu_xori_ori_andi \u_core.is_slli_srli_srai \u_core.is_lui_auipc_jal }
    New input vector for $reduce_or cell $auto$opt_reduce.cc:126:opt_mux$4462: { \u_core.is_jalr_addi_slti_sltiu_xori_ori_andi \u_core.is_slli_srli_srai \u_core.is_lui_auipc_jal }
    New input vector for $reduce_or cell $auto$opt_reduce.cc:126:opt_mux$4464: { \u_core.instr_rdinstrh \u_core.instr_rdinstr \u_core.instr_rdcycleh \u_core.instr_rdcycle \u_core.instr_trap }
    New input vector for $reduce_or cell $auto$opt_reduce.cc:126:opt_mux$4466: { $techmap\u_core.$logic_and$../picorv32.v:1730$1472_Y \u_core.instr_rdinstrh \u_core.instr_rdinstr \u_core.instr_rdcycleh \u_core.instr_rdcycle \u_core.instr_trap }
    New ctrl vector for $pmux cell $techmap\u_core.$procmux$4013: { $techmap\u_core.$logic_not$../picorv32.v:380$946_Y $auto$opt_reduce.cc:132:opt_mux$4477 }
    New input vector for $reduce_or cell $auto$opt_reduce.cc:126:opt_mux$4468: { \u_core.instr_trap \u_core.instr_rdinstrh \u_core.instr_rdinstr \u_core.instr_rdcycleh \u_core.instr_rdcycle }
    New input vector for $reduce_or cell $auto$opt_reduce.cc:126:opt_mux$4456: { $techmap\u_core.$logic_and$../picorv32.v:1730$1472_Y \u_core.is_jalr_addi_slti_sltiu_xori_ori_andi \u_core.is_slli_srli_srai \u_core.is_lui_auipc_jal \u_core.instr_trap \u_core.instr_rdinstrh \u_core.instr_rdinstr \u_core.instr_rdcycleh \u_core.instr_rdcycle }
    New input vector for $reduce_or cell $auto$opt_reduce.cc:126:opt_mux$4464: { \u_core.instr_trap \u_core.instr_rdinstrh \u_core.instr_rdinstr \u_core.instr_rdcycleh \u_core.instr_rdcycle }
    New input vector for $reduce_or cell $auto$opt_reduce.cc:126:opt_mux$4466: { $techmap\u_core.$logic_and$../picorv32.v:1730$1472_Y \u_core.instr_trap \u_core.instr_rdinstrh \u_core.instr_rdinstr \u_core.instr_rdcycleh \u_core.instr_rdcycle }
  Optimizing cells in module \picorv32_baseline_c_wrapper.
Performed a total of 53 changes.

4.10.5. Executing OPT_MERGE pass (detect identical cells).
Finding identical cells in module `\picorv32_baseline_c_wrapper'.
<suppressed ~36 debug messages>
Removed a total of 12 cells.

4.10.6. Executing OPT_RMDFF pass (remove dff with constant values).
Removing $techmap\u_core.$procdff$4310 ($dff) from module picorv32_baseline_c_wrapper.
Removing $techmap\u_core.$procdff$4341 ($dff) from module picorv32_baseline_c_wrapper.
Removing $techmap\u_core.$procdff$4343 ($dff) from module picorv32_baseline_c_wrapper.
Removing $techmap\u_core.$procdff$4396 ($dff) from module picorv32_baseline_c_wrapper.
Removing $techmap\u_core.$procdff$4397 ($dff) from module picorv32_baseline_c_wrapper.
Removing $techmap\u_core.$procdff$4398 ($dff) from module picorv32_baseline_c_wrapper.
Removing $techmap\u_core.$procdff$4399 ($dff) from module picorv32_baseline_c_wrapper.
Removing $techmap\u_core.$procdff$4400 ($dff) from module picorv32_baseline_c_wrapper.
Removing $techmap\u_core.$procdff$4401 ($dff) from module picorv32_baseline_c_wrapper.
Removing $techmap\u_core.$procdff$4407 ($dff) from module picorv32_baseline_c_wrapper.
Replaced 10 DFF cells.

4.10.7. Executing OPT_CLEAN pass (remove unused cells and wires).
Finding unused cells or wires in module \picorv32_baseline_c_wrapper..
Removed 28 unused cells and 266 unused wires.
<suppressed ~32 debug messages>

4.10.8. Executing OPT_EXPR pass (perform const folding).
Optimizing module picorv32_baseline_c_wrapper.
<suppressed ~7 debug messages>

4.10.9. Rerunning OPT passes. (Maybe there is more to do..)

4.10.10. Executing OPT_MUXTREE pass (detect dead branches in mux trees).
Running muxtree optimizer on module \picorv32_baseline_c_wrapper..
  Creating internal representation of mux trees.
  Evaluating internal representation of mux trees.
  Analyzing evaluation results.
Removed 0 multiplexer ports.
<suppressed ~127 debug messages>

4.10.11. Executing OPT_REDUCE pass (consolidate $*mux and $reduce_* inputs).
  Optimizing cells in module \picorv32_baseline_c_wrapper.
    New ctrl vector for $pmux cell $techmap\u_core.$procmux$2039: $auto$opt_reduce.cc:132:opt_mux$4479
    New ctrl vector for $pmux cell $techmap\u_core.$procmux$2056: { $techmap\u_core.$procmux$1687_CMP $auto$opt_reduce.cc:132:opt_mux$4481 }
    New ctrl vector for $pmux cell $techmap\u_core.$procmux$2474: { $techmap\u_core.$eq$../picorv32.v:1347$1361_Y $techmap\u_core.$procmux$1649_CMP $techmap\u_core.$procmux$1648_CMP $techmap\u_core.$procmux$1687_CMP $techmap\u_core.$procmux$1948_CMP $auto$opt_reduce.cc:132:opt_mux$4483 }
    New ctrl vector for $pmux cell $techmap\u_core.$procmux$4264: { $auto$opt_reduce.cc:132:opt_mux$4485 $techmap\u_core.$procmux$4255_CMP }
    New input vector for $reduce_or cell $auto$opt_reduce.cc:126:opt_mux$4484: { $techmap\u_core.$eq$../picorv32.v:1964$1544_Y $techmap\u_core.$eq$../picorv32.v:1957$1537_Y }
  Optimizing cells in module \picorv32_baseline_c_wrapper.
Performed a total of 5 changes.

4.10.12. Executing OPT_MERGE pass (detect identical cells).
Finding identical cells in module `\picorv32_baseline_c_wrapper'.
<suppressed ~6 debug messages>
Removed a total of 2 cells.

4.10.13. Executing OPT_RMDFF pass (remove dff with constant values).

4.10.14. Executing OPT_CLEAN pass (remove unused cells and wires).
Finding unused cells or wires in module \picorv32_baseline_c_wrapper..
Removed 1 unused cells and 10 unused wires.
<suppressed ~2 debug messages>

4.10.15. Executing OPT_EXPR pass (perform const folding).
Optimizing module picorv32_baseline_c_wrapper.

4.10.16. Rerunning OPT passes. (Maybe there is more to do..)

4.10.17. Executing OPT_MUXTREE pass (detect dead branches in mux trees).
Running muxtree optimizer on module \picorv32_baseline_c_wrapper..
  Creating internal representation of mux trees.
  Evaluating internal representation of mux trees.
  Analyzing evaluation results.
Removed 0 multiplexer ports.
<suppressed ~127 debug messages>

4.10.18. Executing OPT_REDUCE pass (consolidate $*mux and $reduce_* inputs).
  Optimizing cells in module \picorv32_baseline_c_wrapper.
Performed a total of 0 changes.

4.10.19. Executing OPT_MERGE pass (detect identical cells).
Finding identical cells in module `\picorv32_baseline_c_wrapper'.
Removed a total of 0 cells.

4.10.20. Executing OPT_RMDFF pass (remove dff with constant values).

4.10.21. Executing OPT_CLEAN pass (remove unused cells and wires).
Finding unused cells or wires in module \picorv32_baseline_c_wrapper..

4.10.22. Executing OPT_EXPR pass (perform const folding).
Optimizing module picorv32_baseline_c_wrapper.

4.10.23. Finished OPT passes. (There is nothing left to do.)

4.11. Executing WREDUCE pass (reducing word size of cells).
Removed top 31 bits (of 32) from FF cell picorv32_baseline_c_wrapper.$techmap\u_core.$procdff$4349 ($dff).
Removed top 1 bits (of 2) from port B of cell picorv32_baseline_c_wrapper.$techmap\u_core.$procmux$4252_CMP0 ($eq).
Removed cell picorv32_baseline_c_wrapper.$techmap\u_core.$procmux$4249 ($mux).
Removed top 1 bits (of 2) from port B of cell picorv32_baseline_c_wrapper.$techmap\u_core.$procmux$3965_CMP0 ($eq).
Removed cell picorv32_baseline_c_wrapper.$techmap\u_core.$procmux$3104 ($mux).
Removed cell picorv32_baseline_c_wrapper.$techmap\u_core.$procmux$3083 ($mux).
Removed cell picorv32_baseline_c_wrapper.$techmap\u_core.$procmux$3081 ($mux).
Removed top 4 bits (of 8) from mux cell picorv32_baseline_c_wrapper.$techmap\u_core.$procmux$2496 ($mux).
Removed cell picorv32_baseline_c_wrapper.$techmap\u_core.$procmux$2241 ($mux).
Removed cell picorv32_baseline_c_wrapper.$techmap\u_core.$procmux$2227 ($mux).
Removed cell picorv32_baseline_c_wrapper.$techmap\u_core.$procmux$2221 ($mux).
Removed cell picorv32_baseline_c_wrapper.$techmap\u_core.$procmux$2212 ($mux).
Removed cell picorv32_baseline_c_wrapper.$techmap\u_core.$procmux$2188 ($mux).
Removed cell picorv32_baseline_c_wrapper.$techmap\u_core.$procmux$2171 ($mux).
Removed cell picorv32_baseline_c_wrapper.$techmap\u_core.$procmux$2166 ($mux).
Removed cell picorv32_baseline_c_wrapper.$techmap\u_core.$procmux$2164 ($mux).
Removed top 5 bits (of 8) from port B of cell picorv32_baseline_c_wrapper.$techmap\u_core.$procmux$1948_CMP0 ($eq).
Removed cell picorv32_baseline_c_wrapper.$techmap\u_core.$procmux$1929 ($mux).
Removed cell picorv32_baseline_c_wrapper.$techmap\u_core.$procmux$1926 ($mux).
Removed top 4 bits (of 8) from port B of cell picorv32_baseline_c_wrapper.$techmap\u_core.$procmux$1687_CMP0 ($eq).
Removed top 6 bits (of 8) from port B of cell picorv32_baseline_c_wrapper.$techmap\u_core.$procmux$1660_CMP0 ($eq).
Removed top 2 bits (of 8) from port B of cell picorv32_baseline_c_wrapper.$techmap\u_core.$procmux$1649_CMP0 ($eq).
Removed top 3 bits (of 8) from port B of cell picorv32_baseline_c_wrapper.$techmap\u_core.$procmux$1648_CMP0 ($eq).
Removed top 7 bits (of 8) from port B of cell picorv32_baseline_c_wrapper.$techmap\u_core.$procmux$1638_CMP0 ($eq).
Removed top 1 bits (of 33) from port Y of cell picorv32_baseline_c_wrapper.$techmap\u_core.$sshr$../picorv32.v:1279$1576 ($sshr).
Removed top 1 bits (of 2) from port B of cell picorv32_baseline_c_wrapper.$techmap\u_core.$eq$../picorv32.v:1964$1544 ($eq).
Removed top 31 bits (of 32) from port B of cell picorv32_baseline_c_wrapper.$techmap\u_core.$sub$../picorv32.v:1884$1519 ($sub).
Removed top 27 bits (of 32) from port Y of cell picorv32_baseline_c_wrapper.$techmap\u_core.$sub$../picorv32.v:1884$1519 ($sub).
Removed top 29 bits (of 32) from port B of cell picorv32_baseline_c_wrapper.$techmap\u_core.$sub$../picorv32.v:1876$1512 ($sub).
Removed top 27 bits (of 32) from port Y of cell picorv32_baseline_c_wrapper.$techmap\u_core.$sub$../picorv32.v:1876$1512 ($sub).
Removed top 29 bits (of 32) from port B of cell picorv32_baseline_c_wrapper.$techmap\u_core.$ge$../picorv32.v:1869$1504 ($ge).
Removed top 31 bits (of 32) from port B of cell picorv32_baseline_c_wrapper.$techmap\u_core.$add$../picorv32.v:1598$1448 ($add).
Removed top 29 bits (of 32) from port B of cell picorv32_baseline_c_wrapper.$techmap\u_core.$add$../picorv32.v:1594$1447 ($add).
Removed top 31 bits (of 32) from port B of cell picorv32_baseline_c_wrapper.$techmap\u_core.$add$../picorv32.v:1467$1395 ($add).
Removed top 29 bits (of 32) from mux cell picorv32_baseline_c_wrapper.$techmap\u_core.$ternary$../picorv32.v:1351$1362 ($mux).
Removed top 1 bits (of 8) from port B of cell picorv32_baseline_c_wrapper.$techmap\u_core.$eq$../picorv32.v:1347$1361 ($eq).
Removed top 3 bits (of 7) from port B of cell picorv32_baseline_c_wrapper.$techmap\u_core.$eq$../picorv32.v:1089$1261 ($eq).
Removed top 1 bits (of 7) from port B of cell picorv32_baseline_c_wrapper.$techmap\u_core.$eq$../picorv32.v:1067$1185 ($eq).
Removed top 1 bits (of 3) from port B of cell picorv32_baseline_c_wrapper.$techmap\u_core.$eq$../picorv32.v:1060$1167 ($eq).
Removed top 1 bits (of 3) from port B of cell picorv32_baseline_c_wrapper.$techmap\u_core.$eq$../picorv32.v:1050$1151 ($eq).
Removed top 2 bits (of 3) from port B of cell picorv32_baseline_c_wrapper.$techmap\u_core.$eq$../picorv32.v:1042$1137 ($eq).
Removed top 1 bits (of 7) from port B of cell picorv32_baseline_c_wrapper.$techmap\u_core.$eq$../picorv32.v:879$1081 ($eq).
Removed top 2 bits (of 7) from port B of cell picorv32_baseline_c_wrapper.$techmap\u_core.$eq$../picorv32.v:878$1080 ($eq).
Removed top 1 bits (of 7) from port B of cell picorv32_baseline_c_wrapper.$techmap\u_core.$eq$../picorv32.v:877$1079 ($eq).
Removed top 5 bits (of 7) from port B of cell picorv32_baseline_c_wrapper.$techmap\u_core.$eq$../picorv32.v:876$1078 ($eq).
Removed top 2 bits (of 7) from port B of cell picorv32_baseline_c_wrapper.$techmap\u_core.$eq$../picorv32.v:869$1064 ($eq).
Removed top 1 bits (of 7) from port B of cell picorv32_baseline_c_wrapper.$techmap\u_core.$eq$../picorv32.v:868$1063 ($eq).
Removed top 30 bits (of 32) from mux cell picorv32_baseline_c_wrapper.$techmap\u_core.$ternary$../picorv32.v:618$1044 ($mux).
Removed top 3 bits (of 4) from port A of cell picorv32_baseline_c_wrapper.$techmap\u_core.$shl$../picorv32.v:420$983 ($shl).
Removed top 4 bits (of 8) from wire picorv32_baseline_c_wrapper.$techmap\u_core.$procmux$2496_Y.
Removed top 27 bits (of 32) from wire picorv32_baseline_c_wrapper.$techmap\u_core.$sub$../picorv32.v:1876$1512_Y.
Removed top 27 bits (of 32) from wire picorv32_baseline_c_wrapper.$techmap\u_core.$sub$../picorv32.v:1884$1519_Y.
Removed top 29 bits (of 32) from wire picorv32_baseline_c_wrapper.$techmap\u_core.$ternary$../picorv32.v:1351$1362_Y.

4.12. Executing PEEPOPT pass (run peephole optimizers).

4.13. Executing OPT_CLEAN pass (remove unused cells and wires).
Finding unused cells or wires in module \picorv32_baseline_c_wrapper..
Removed 6 unused cells and 26 unused wires.
<suppressed ~7 debug messages>

4.14. Executing SHARE pass (SAT-based resource sharing).
Found 4 cells in module picorv32_baseline_c_wrapper that may be considered for resource sharing.
  Analyzing resource sharing options for $techmap\u_core.$sshr$../picorv32.v:1279$1576 ($sshr):
    Found 1 activation_patterns using ctrl signal $techmap\u_core.$logic_and$../picorv32.v:1316$1353_Y.
    No candidates found.
  Analyzing resource sharing options for $techmap\u_core.$shl$../picorv32.v:1278$1573 ($shl):
    Found 1 activation_patterns using ctrl signal $techmap\u_core.$logic_and$../picorv32.v:1314$1349_Y.
    No candidates found.
  Analyzing resource sharing options for $techmap\u_core.$memrd$\cpuregs$../picorv32.v:1387$1382 ($memrd):
    Found 4 activation_patterns using ctrl signal { $auto$opt_reduce.cc:132:opt_mux$4467 \u_core.is_lui_auipc_jal $techmap\u_core.$reduce_bool$../picorv32.v:1387$1383_Y $techmap\u_core.$procmux$1648_CMP $techmap\u_core.$procmux$1649_CMP $techmap\u_core.$procmux$2228_CTRL \resetn }.
    Found 1 candidates: $techmap\u_core.$memrd$\cpuregs$../picorv32.v:1386$1379
    Analyzing resource sharing with $techmap\u_core.$memrd$\cpuregs$../picorv32.v:1386$1379 ($memrd):
      Found 1 activation_patterns using ctrl signal { $auto$opt_reduce.cc:132:opt_mux$4465 \u_core.is_lui_auipc_jal $techmap\u_core.$reduce_bool$../picorv32.v:1386$1380_Y $techmap\u_core.$procmux$1649_CMP \resetn }.
      Activation pattern for cell $techmap\u_core.$memrd$\cpuregs$../picorv32.v:1387$1382: { $auto$opt_reduce.cc:132:opt_mux$4467 \u_core.is_lui_auipc_jal $techmap\u_core.$reduce_bool$../picorv32.v:1387$1383_Y $techmap\u_core.$procmux$1649_CMP $techmap\u_core.$procmux$2228_CTRL \resetn } = 6'001101
      Activation pattern for cell $techmap\u_core.$memrd$\cpuregs$../picorv32.v:1387$1382: { $techmap\u_core.$reduce_bool$../picorv32.v:1387$1383_Y $techmap\u_core.$procmux$1648_CMP \resetn } = 3'111
      Activation pattern for cell $techmap\u_core.$memrd$\cpuregs$../picorv32.v:1387$1382: { $techmap\u_core.$reduce_bool$../picorv32.v:1387$1383_Y $techmap\u_core.$procmux$1649_CMP } = 2'11
      Activation pattern for cell $techmap\u_core.$memrd$\cpuregs$../picorv32.v:1387$1382: { $techmap\u_core.$reduce_bool$../picorv32.v:1387$1383_Y $techmap\u_core.$procmux$1648_CMP } = 2'11
      Activation pattern for cell $techmap\u_core.$memrd$\cpuregs$../picorv32.v:1386$1379: { $auto$opt_reduce.cc:132:opt_mux$4465 \u_core.is_lui_auipc_jal $techmap\u_core.$reduce_bool$../picorv32.v:1386$1380_Y $techmap\u_core.$procmux$1649_CMP \resetn } = 5'00111
      Adding exclusive control bits: \u_core.instr_rdinstrh vs. \u_core.instr_rdinstr
      Adding exclusive control bits: \u_core.instr_rdinstrh vs. \u_core.instr_rdcycleh
      Adding exclusive control bits: \u_core.instr_rdinstrh vs. \u_core.instr_rdcycle
      Adding exclusive control bits: \u_core.instr_rdinstr vs. \u_core.instr_rdcycleh
      Adding exclusive control bits: \u_core.instr_rdinstr vs. \u_core.instr_rdcycle
      Adding exclusive control bits: \u_core.instr_rdcycleh vs. \u_core.instr_rdcycle
      Adding exclusive control bits: $techmap\u_core.$procmux$1649_CMP vs. $techmap\u_core.$procmux$1648_CMP
      Adding exclusive control bits: $techmap\u_core.$procmux$1649_CMP vs. $techmap\u_core.$procmux$1648_CMP
      Adding exclusive control bits: $techmap\u_core.$logic_and$../picorv32.v:1730$1472_Y vs. \u_core.instr_trap
      Adding exclusive control bits: $techmap\u_core.$procmux$1649_CMP vs. $techmap\u_core.$procmux$1648_CMP
      Adding exclusive control bits: $techmap\u_core.$logic_and$../picorv32.v:1730$1472_Y vs. $auto$opt_reduce.cc:132:opt_mux$4465
      Adding exclusive control bits: \u_core.instr_sw vs. \u_core.instr_sh
      Adding exclusive control bits: \u_core.instr_sw vs. \u_core.instr_sb
      Adding exclusive control bits: \u_core.instr_sh vs. \u_core.instr_sb
      Adding exclusive control bits: $techmap\u_core.$procmux$1649_CMP vs. $techmap\u_core.$procmux$1648_CMP
      Adding exclusive control bits: $techmap\u_core.$procmux$2228_CTRL vs. $auto$opt_reduce.cc:132:opt_mux$4467
      Adding exclusive control bits: $techmap\u_core.$procmux$2228_CTRL vs. \u_core.is_lui_auipc_jal
      Adding exclusive control bits: \u_core.is_lui_auipc_jal vs. $auto$opt_reduce.cc:132:opt_mux$4467
      Adding exclusive control bits: \u_core.is_lui_auipc_jal vs. $auto$opt_reduce.cc:132:opt_mux$4465
      Adding exclusive control bits: \u_core.instr_bgeu vs. \u_core.instr_bge
      Adding exclusive control bits: \u_core.instr_bgeu vs. \u_core.instr_bne
      Adding exclusive control bits: \u_core.instr_bgeu vs. \u_core.instr_beq
      Adding exclusive control bits: \u_core.instr_bge vs. \u_core.instr_bne
      Adding exclusive control bits: \u_core.instr_bge vs. \u_core.instr_beq
      Adding exclusive control bits: \u_core.instr_bne vs. \u_core.instr_beq
      Size of SAT problem: 10 cells, 197 variables, 481 clauses
      According to the SAT solver this pair of cells can not be shared.
      Model from SAT solver: { $auto$opt_reduce.cc:132:opt_mux$4467 $auto$opt_reduce.cc:132:opt_mux$4465 \u_core.is_lui_auipc_jal $techmap\u_core.$reduce_bool$../picorv32.v:1386$1380_Y $techmap\u_core.$reduce_bool$../picorv32.v:1387$1383_Y $techmap\u_core.$procmux$1648_CMP $techmap\u_core.$procmux$1649_CMP $techmap\u_core.$procmux$2228_CTRL \resetn } = 9'000110101
  Analyzing resource sharing options for $techmap\u_core.$memrd$\cpuregs$../picorv32.v:1386$1379 ($memrd):
    Found 1 activation_patterns using ctrl signal { $auto$opt_reduce.cc:132:opt_mux$4465 \u_core.is_lui_auipc_jal $techmap\u_core.$reduce_bool$../picorv32.v:1386$1380_Y $techmap\u_core.$procmux$1649_CMP \resetn }.
    No candidates found.

4.15. Executing TECHMAP pass (map to technology primitives).

4.15.1. Executing Verilog-2005 frontend: /usr/bin/../share/yosys/cmp2lut.v
Parsing Verilog input from `/usr/bin/../share/yosys/cmp2lut.v' to AST representation.
Generating RTLIL representation for module `\_90_lut_cmp_'.
Successfully finished Verilog frontend.

4.15.2. Continuing TECHMAP pass.
Using template $paramod$99e5b0ecd4c7f9fb6cd3a733593eba894c42613f\_90_lut_cmp_ for cells of type $eq.
Using template $paramod$6816abac91a51b405c3de5bceb2855c03dd44485\_90_lut_cmp_ for cells of type $eq.
Using template $paramod$0760830c1e6c196382cd2cb153e9fff2d84c061d\_90_lut_cmp_ for cells of type $eq.
Using template $paramod$169bae89c32dcc6f3626d16cf9f47ceb469145db\_90_lut_cmp_ for cells of type $eq.
Using template $paramod$4cde4291caf5aa85a196975f3624151774a86d78\_90_lut_cmp_ for cells of type $eq.
Using template $paramod$77ad031fce233083715243f95e3cd2547d931e42\_90_lut_cmp_ for cells of type $eq.
Using template $paramod$5b7c8f37cb386acdf3ce7e528c09e6d15eb51b72\_90_lut_cmp_ for cells of type $eq.
Using template $paramod$5652dda64580ddd7861fd245e644fd33eae2e158\_90_lut_cmp_ for cells of type $eq.
Using template $paramod$d31416a5863a8a220e16d7940a75ab70541ab32a\_90_lut_cmp_ for cells of type $eq.
Using template $paramod$d87a48a4cd82717ae6bd57e6fe5ce90d87c44016\_90_lut_cmp_ for cells of type $eq.
No more expansions possible.
<suppressed ~690 debug messages>

4.16. Executing OPT_EXPR pass (perform const folding).
Optimizing module picorv32_baseline_c_wrapper.

4.17. Executing OPT_CLEAN pass (remove unused cells and wires).
Finding unused cells or wires in module \picorv32_baseline_c_wrapper..
Removed 0 unused cells and 36 unused wires.
<suppressed ~1 debug messages>

4.18. Executing ICE40_DSP pass (map multipliers).

4.19. Executing ALUMACC pass (create $alu and $macc cells).
Extracting $alu and $macc cells in module picorv32_baseline_c_wrapper:
  creating $macc model for $techmap\u_core.$add$../picorv32.v:1257$1567 ($add).
  creating $macc model for $techmap\u_core.$add$../picorv32.v:1351$1363 ($add).
  creating $macc model for $techmap\u_core.$add$../picorv32.v:1467$1395 ($add).
  creating $macc model for $techmap\u_core.$add$../picorv32.v:1594$1447 ($add).
  creating $macc model for $techmap\u_core.$add$../picorv32.v:1598$1448 ($add).
  creating $macc model for $techmap\u_core.$add$../picorv32.v:1603$1449 ($add).
  creating $macc model for $techmap\u_core.$add$../picorv32.v:1840$1495 ($add).
  creating $macc model for $techmap\u_core.$add$../picorv32.v:1903$1523 ($add).
  creating $macc model for $techmap\u_core.$sub$../picorv32.v:1258$1568 ($sub).
  creating $macc model for $techmap\u_core.$sub$../picorv32.v:1876$1512 ($sub).
  creating $macc model for $techmap\u_core.$sub$../picorv32.v:1884$1519 ($sub).
  creating $alu model for $macc $techmap\u_core.$sub$../picorv32.v:1884$1519.
  creating $alu model for $macc $techmap\u_core.$sub$../picorv32.v:1876$1512.
  creating $alu model for $macc $techmap\u_core.$sub$../picorv32.v:1258$1568.
  creating $alu model for $macc $techmap\u_core.$add$../picorv32.v:1903$1523.
  creating $alu model for $macc $techmap\u_core.$add$../picorv32.v:1840$1495.
  creating $alu model for $macc $techmap\u_core.$add$../picorv32.v:1603$1449.
  creating $alu model for $macc $techmap\u_core.$add$../picorv32.v:1598$1448.
  creating $alu model for $macc $techmap\u_core.$add$../picorv32.v:1594$1447.
  creating $alu model for $macc $techmap\u_core.$add$../picorv32.v:1467$1395.
  creating $alu model for $macc $techmap\u_core.$add$../picorv32.v:1351$1363.
  creating $alu model for $macc $techmap\u_core.$add$../picorv32.v:1257$1567.
  creating $alu model for $techmap\u_core.$ge$../picorv32.v:1869$1504 ($ge): new $alu
  creating $alu model for $techmap\u_core.$lt$../picorv32.v:1276$1571 ($lt): new $alu
  creating $alu model for $techmap\u_core.$lt$../picorv32.v:1277$1572 ($lt): merged with $techmap\u_core.$sub$../picorv32.v:1258$1568.
  creating $alu model for $techmap\u_core.$eq$../picorv32.v:1275$1570 ($eq): merged with $techmap\u_core.$sub$../picorv32.v:1258$1568.
  creating $alu cell for $techmap\u_core.$ge$../picorv32.v:1869$1504: $auto$alumacc.cc:474:replace_alu$4514
  creating $alu cell for $techmap\u_core.$add$../picorv32.v:1351$1363: $auto$alumacc.cc:474:replace_alu$4523
  creating $alu cell for $techmap\u_core.$add$../picorv32.v:1467$1395: $auto$alumacc.cc:474:replace_alu$4526
  creating $alu cell for $techmap\u_core.$add$../picorv32.v:1594$1447: $auto$alumacc.cc:474:replace_alu$4529
  creating $alu cell for $techmap\u_core.$add$../picorv32.v:1598$1448: $auto$alumacc.cc:474:replace_alu$4532
  creating $alu cell for $techmap\u_core.$add$../picorv32.v:1603$1449: $auto$alumacc.cc:474:replace_alu$4535
  creating $alu cell for $techmap\u_core.$add$../picorv32.v:1840$1495: $auto$alumacc.cc:474:replace_alu$4538
  creating $alu cell for $techmap\u_core.$add$../picorv32.v:1903$1523: $auto$alumacc.cc:474:replace_alu$4541
  creating $alu cell for $techmap\u_core.$lt$../picorv32.v:1276$1571: $auto$alumacc.cc:474:replace_alu$4544
  creating $alu cell for $techmap\u_core.$add$../picorv32.v:1257$1567: $auto$alumacc.cc:474:replace_alu$4551
  creating $alu cell for $techmap\u_core.$sub$../picorv32.v:1258$1568, $techmap\u_core.$lt$../picorv32.v:1277$1572, $techmap\u_core.$eq$../picorv32.v:1275$1570: $auto$alumacc.cc:474:replace_alu$4554
  creating $alu cell for $techmap\u_core.$sub$../picorv32.v:1876$1512: $auto$alumacc.cc:474:replace_alu$4561
  creating $alu cell for $techmap\u_core.$sub$../picorv32.v:1884$1519: $auto$alumacc.cc:474:replace_alu$4564
  created 13 $alu and 0 $macc cells.

4.20. Executing OPT pass (performing simple optimizations).

4.20.1. Executing OPT_EXPR pass (perform const folding).
Optimizing module picorv32_baseline_c_wrapper.
<suppressed ~1 debug messages>

4.20.2. Executing OPT_MERGE pass (detect identical cells).
Finding identical cells in module `\picorv32_baseline_c_wrapper'.
Removed a total of 0 cells.

4.20.3. Executing OPT_MUXTREE pass (detect dead branches in mux trees).
Running muxtree optimizer on module \picorv32_baseline_c_wrapper..
  Creating internal representation of mux trees.
  Evaluating internal representation of mux trees.
  Analyzing evaluation results.
Removed 0 multiplexer ports.
<suppressed ~126 debug messages>

4.20.4. Executing OPT_REDUCE pass (consolidate $*mux and $reduce_* inputs).
  Optimizing cells in module \picorv32_baseline_c_wrapper.
    New input vector for $reduce_and cell $auto$alumacc.cc:64:get_eq$4559: { $auto$alumacc.cc:490:replace_alu$4555 [0] $auto$alumacc.cc:490:replace_alu$4555 [1] $auto$alumacc.cc:490:replace_alu$4555 [2] $auto$alumacc.cc:490:replace_alu$4555 [3] $auto$alumacc.cc:490:replace_alu$4555 [4] $auto$alumacc.cc:490:replace_alu$4555 [5] $auto$alumacc.cc:490:replace_alu$4555 [6] $auto$alumacc.cc:490:replace_alu$4555 [7] $auto$alumacc.cc:490:replace_alu$4555 [8] $auto$alumacc.cc:490:replace_alu$4555 [9] $auto$alumacc.cc:490:replace_alu$4555 [10] $auto$alumacc.cc:490:replace_alu$4555 [11] $auto$alumacc.cc:490:replace_alu$4555 [12] $auto$alumacc.cc:490:replace_alu$4555 [13] $auto$alumacc.cc:490:replace_alu$4555 [14] $auto$alumacc.cc:490:replace_alu$4555 [15] $auto$alumacc.cc:490:replace_alu$4555 [16] $auto$alumacc.cc:490:replace_alu$4555 [17] $auto$alumacc.cc:490:replace_alu$4555 [18] $auto$alumacc.cc:490:replace_alu$4555 [19] $auto$alumacc.cc:490:replace_alu$4555 [20] $auto$alumacc.cc:490:replace_alu$4555 [21] $auto$alumacc.cc:490:replace_alu$4555 [22] $auto$alumacc.cc:490:replace_alu$4555 [23] $auto$alumacc.cc:490:replace_alu$4555 [24] $auto$alumacc.cc:490:replace_alu$4555 [25] $auto$alumacc.cc:490:replace_alu$4555 [26] $auto$alumacc.cc:490:replace_alu$4555 [27] $auto$alumacc.cc:490:replace_alu$4555 [28] $auto$alumacc.cc:490:replace_alu$4555 [29] $auto$alumacc.cc:490:replace_alu$4555 [30] $auto$alumacc.cc:490:replace_alu$4555 [31] }
    New input vector for $reduce_and cell $auto$alumacc.cc:64:get_eq$4519: { $auto$alumacc.cc:490:replace_alu$4515 [0] $auto$alumacc.cc:490:replace_alu$4515 [1] $auto$alumacc.cc:490:replace_alu$4515 [2] $auto$alumacc.cc:490:replace_alu$4515 [3] $auto$alumacc.cc:490:replace_alu$4515 [4] }
    New ctrl vector for $pmux cell $techmap\u_core.$procmux$2223: { $auto$opt_reduce.cc:132:opt_mux$4568 $techmap\u_core.$procmux$1948_CMP }
    New ctrl vector for $pmux cell $techmap\u_core.$procmux$4264: $auto$opt_reduce.cc:132:opt_mux$4570
    New input vector for $reduce_or cell $auto$opt_reduce.cc:126:opt_mux$4569: { $techmap\u_core.$procmux$4255_CMP $techmap\u_core.$eq$../picorv32.v:1964$1544_Y $techmap\u_core.$eq$../picorv32.v:1957$1537_Y }
  Optimizing cells in module \picorv32_baseline_c_wrapper.
Performed a total of 5 changes.

4.20.5. Executing OPT_MERGE pass (detect identical cells).
Finding identical cells in module `\picorv32_baseline_c_wrapper'.
Removed a total of 0 cells.

4.20.6. Executing OPT_RMDFF pass (remove dff with constant values).

4.20.7. Executing OPT_CLEAN pass (remove unused cells and wires).
Finding unused cells or wires in module \picorv32_baseline_c_wrapper..
Removed 1 unused cells and 6 unused wires.
<suppressed ~2 debug messages>

4.20.8. Executing OPT_EXPR pass (perform const folding).
Optimizing module picorv32_baseline_c_wrapper.

4.20.9. Rerunning OPT passes. (Maybe there is more to do..)

4.20.10. Executing OPT_MUXTREE pass (detect dead branches in mux trees).
Running muxtree optimizer on module \picorv32_baseline_c_wrapper..
  Creating internal representation of mux trees.
  Evaluating internal representation of mux trees.
  Analyzing evaluation results.
Removed 0 multiplexer ports.
<suppressed ~126 debug messages>

4.20.11. Executing OPT_REDUCE pass (consolidate $*mux and $reduce_* inputs).
  Optimizing cells in module \picorv32_baseline_c_wrapper.
Performed a total of 0 changes.

4.20.12. Executing OPT_MERGE pass (detect identical cells).
Finding identical cells in module `\picorv32_baseline_c_wrapper'.
Removed a total of 0 cells.

4.20.13. Executing OPT_RMDFF pass (remove dff with constant values).

4.20.14. Executing OPT_CLEAN pass (remove unused cells and wires).
Finding unused cells or wires in module \picorv32_baseline_c_wrapper..

4.20.15. Executing OPT_EXPR pass (perform const folding).
Optimizing module picorv32_baseline_c_wrapper.

4.20.16. Finished OPT passes. (There is nothing left to do.)

4.21. Executing FSM pass (extract and optimize FSM).

4.21.1. Executing FSM_DETECT pass (finding FSMs in design).
Found FSM state register picorv32_baseline_c_wrapper.u_core.cpu_state.
Not marking picorv32_baseline_c_wrapper.u_core.mem_state as FSM state register:
    Users of register don't seem to benefit from recoding.
Not marking picorv32_baseline_c_wrapper.u_core.mem_wordsize as FSM state register:
    Users of register don't seem to benefit from recoding.

4.21.2. Executing FSM_EXTRACT pass (extracting FSM from design).
Extracting FSM `\u_core.cpu_state' from module `\picorv32_baseline_c_wrapper'.
  found $dff cell for state register: $techmap\u_core.$procdff$4326
  root of input selection tree: $techmap\u_core.$0\cpu_state[7:0]
  found reset state: 8'10000000 (guessed from mux tree)
  found ctrl input: $techmap\u_core.$logic_and$../picorv32.v:1972$1555_Y
  found ctrl input: $techmap\u_core.$logic_and$../picorv32.v:1956$1536_Y
  found ctrl input: \resetn
  found state code: 8'01000000
  found ctrl input: $auto$opt_reduce.cc:132:opt_mux$4479
  found ctrl input: $techmap\u_core.$procmux$1948_CMP
  found ctrl input: $techmap\u_core.$procmux$1687_CMP
  found ctrl input: $techmap\u_core.$procmux$1648_CMP
  found ctrl input: $techmap\u_core.$procmux$1649_CMP
  found ctrl input: $techmap\u_core.$eq$../picorv32.v:1347$1361_Y
  found ctrl input: $techmap\u_core.$logic_or$../picorv32.v:1891$1521_Y
  found ctrl input: $techmap\u_core.$logic_and$../picorv32.v:1906$1525_Y
  found ctrl input: $techmap\u_core.$eq$../picorv32.v:1865$1503_Y
  found ctrl input: \u_core.is_beq_bne_blt_bge_bltu_bgeu
  found ctrl input: \u_core.mem_done
  found ctrl input: \u_core.is_sb_sh_sw
  found state code: 8'00001000
  found state code: 8'00000010
  found ctrl input: $auto$opt_reduce.cc:132:opt_mux$4461
  found ctrl input: $techmap\u_core.$logic_and$../picorv32.v:1730$1472_Y
  found ctrl input: \u_core.is_rdcycle_rdcycleh_rdinstr_rdinstrh
  found ctrl input: \u_core.instr_trap
  found state code: 8'00000001
  found state code: 8'10000000
  found ctrl input: \u_core.decoder_trigger
  found ctrl input: \u_core.instr_jal
  found state code: 8'00100000
  found ctrl input: $techmap\u_core.$logic_and$../picorv32.v:1964$1546_Y
  found ctrl input: $techmap\u_core.$logic_and$../picorv32.v:1957$1539_Y
  found ctrl output: $techmap\u_core.$procmux$1953_CMP
  found ctrl output: $techmap\u_core.$procmux$1948_CMP
  found ctrl output: $techmap\u_core.$procmux$1687_CMP
  found ctrl output: $techmap\u_core.$procmux$1660_CMP
  found ctrl output: $techmap\u_core.$procmux$1649_CMP
  found ctrl output: $techmap\u_core.$procmux$1648_CMP
  found ctrl output: $techmap\u_core.$procmux$1638_CMP
  found ctrl output: $techmap\u_core.$eq$../picorv32.v:1347$1361_Y
  ctrl inputs: { $auto$opt_reduce.cc:132:opt_mux$4479 $auto$opt_reduce.cc:132:opt_mux$4461 \u_core.mem_done \u_core.instr_jal \u_core.instr_trap \u_core.decoder_trigger \u_core.is_sb_sh_sw \u_core.is_beq_bne_blt_bge_bltu_bgeu \u_core.is_rdcycle_rdcycleh_rdinstr_rdinstrh $techmap\u_core.$logic_and$../picorv32.v:1730$1472_Y $techmap\u_core.$eq$../picorv32.v:1865$1503_Y $techmap\u_core.$logic_or$../picorv32.v:1891$1521_Y $techmap\u_core.$logic_and$../picorv32.v:1906$1525_Y $techmap\u_core.$logic_and$../picorv32.v:1956$1536_Y $techmap\u_core.$logic_and$../picorv32.v:1957$1539_Y $techmap\u_core.$logic_and$../picorv32.v:1964$1546_Y $techmap\u_core.$logic_and$../picorv32.v:1972$1555_Y \resetn }
  ctrl outputs: { $techmap\u_core.$eq$../picorv32.v:1347$1361_Y $techmap\u_core.$0\cpu_state[7:0] $techmap\u_core.$procmux$1638_CMP $techmap\u_core.$procmux$1648_CMP $techmap\u_core.$procmux$1649_CMP $techmap\u_core.$procmux$1660_CMP $techmap\u_core.$procmux$1687_CMP $techmap\u_core.$procmux$1948_CMP $techmap\u_core.$procmux$1953_CMP }
  transition: 8'10000000 18'-------------0--00 -> 8'01000000 16'0010000000000001
  transition: 8'10000000 18'-------------0--01 -> 8'10000000 16'0100000000000001
  transition: 8'10000000 18'-------------10000 -> 8'01000000 16'0010000000000001
  transition: 8'10000000 18'-------------10001 -> 8'10000000 16'0100000000000001
  transition: 8'10000000 18'-------------1100- -> 8'10000000 16'0100000000000001
  transition: 8'10000000 18'-------------1-10- -> 8'10000000 16'0100000000000001
  transition: 8'10000000 18'----------------1- -> 8'10000000 16'0100000000000001
  transition: 8'01000000 18'-------------0--00 -> 8'01000000 16'1010000000000000
  transition: 8'01000000 18'-----0-------0--01 -> 8'01000000 16'1010000000000000
  transition: 8'01000000 18'---0-1-------0--01 -> 8'00100000 16'1001000000000000
  transition: 8'01000000 18'---1-1-------0--01 -> 8'01000000 16'1010000000000000
  transition: 8'01000000 18'-------------10000 -> 8'01000000 16'1010000000000000
  transition: 8'01000000 18'-----0-------10001 -> 8'01000000 16'1010000000000000
  transition: 8'01000000 18'---0-1-------10001 -> 8'00100000 16'1001000000000000
  transition: 8'01000000 18'---1-1-------10001 -> 8'01000000 16'1010000000000000
  transition: 8'01000000 18'-------------1100- -> 8'10000000 16'1100000000000000
  transition: 8'01000000 18'-------------1-10- -> 8'10000000 16'1100000000000000
  transition: 8'01000000 18'----------------1- -> 8'10000000 16'1100000000000000
  transition: 8'00100000 18'-------------0--00 -> 8'01000000 16'0010000000010000
  transition: 8'00100000 18'-0--0-0-00---0--01 -> 8'00001000 16'0000010000010000
  transition: 8'00100000 18'-0--0-1-00---0--01 -> 8'00000010 16'0000000100010000
  transition: 8'00100000 18'----1--------0--01 -> 8'10000000 16'0100000000010000
  transition: 8'00100000 18'--------1----0--01 -> 8'01000000 16'0010000000010000
  transition: 8'00100000 18'---------1---0--01 -> 8'00000001 16'0000000010010000
  transition: 8'00100000 18'-1-----------0--01 -> 8'00001000 16'0000010000010000
  transition: 8'00100000 18'-------------10000 -> 8'01000000 16'0010000000010000
  transition: 8'00100000 18'-0--0-0-00---10001 -> 8'00001000 16'0000010000010000
  transition: 8'00100000 18'-0--0-1-00---10001 -> 8'00000010 16'0000000100010000
  transition: 8'00100000 18'----1--------10001 -> 8'10000000 16'0100000000010000
  transition: 8'00100000 18'--------1----10001 -> 8'01000000 16'0010000000010000
  transition: 8'00100000 18'---------1---10001 -> 8'00000001 16'0000000010010000
  transition: 8'00100000 18'-1-----------10001 -> 8'00001000 16'0000010000010000
  transition: 8'00100000 18'-------------1100- -> 8'10000000 16'0100000000010000
  transition: 8'00100000 18'-------------1-10- -> 8'10000000 16'0100000000010000
  transition: 8'00100000 18'----------------1- -> 8'10000000 16'0100000000010000
  transition: 8'00001000 18'-------------0--00 -> 8'01000000 16'0010000000000100
  transition: 8'00001000 18'-------0-----0--01 -> 8'01000000 16'0010000000000100
  transition: 8'00001000 18'--0----1-----0--01 -> 8'00001000 16'0000010000000100
  transition: 8'00001000 18'--1----1-----0--01 -> 8'01000000 16'0010000000000100
  transition: 8'00001000 18'-------------10000 -> 8'01000000 16'0010000000000100
  transition: 8'00001000 18'-------0-----10001 -> 8'01000000 16'0010000000000100
  transition: 8'00001000 18'--0----1-----10001 -> 8'00001000 16'0000010000000100
  transition: 8'00001000 18'--1----1-----10001 -> 8'01000000 16'0010000000000100
  transition: 8'00001000 18'-------------1100- -> 8'10000000 16'0100000000000100
  transition: 8'00001000 18'-------------1-10- -> 8'10000000 16'0100000000000100
  transition: 8'00001000 18'----------------1- -> 8'10000000 16'0100000000000100
  transition: 8'00000010 18'-------------0--00 -> 8'01000000 16'0010000000001000
  transition: 8'00000010 18'-----------0-0--01 -> 8'00000010 16'0000000100001000
  transition: 8'00000010 18'-----------100--01 -> 8'00000010 16'0000000100001000
  transition: 8'00000010 18'-----------110--01 -> 8'01000000 16'0010000000001000
  transition: 8'00000010 18'-------------10000 -> 8'01000000 16'0010000000001000
  transition: 8'00000010 18'-----------0-10001 -> 8'00000010 16'0000000100001000
  transition: 8'00000010 18'-----------1010001 -> 8'00000010 16'0000000100001000
  transition: 8'00000010 18'-----------1110001 -> 8'01000000 16'0010000000001000
  transition: 8'00000010 18'-------------1100- -> 8'10000000 16'0100000000001000
  transition: 8'00000010 18'-------------1-10- -> 8'10000000 16'0100000000001000
  transition: 8'00000010 18'----------------1- -> 8'10000000 16'0100000000001000
  transition: 8'00000001 18'-------------0--00 -> 8'01000000 16'0010000001000000
  transition: 8'00000001 18'-----------0-0--01 -> 8'00000001 16'0000000011000000
  transition: 8'00000001 18'-----------100--01 -> 8'00000001 16'0000000011000000
  transition: 8'00000001 18'-----------110--01 -> 8'01000000 16'0010000001000000
  transition: 8'00000001 18'-------------10000 -> 8'01000000 16'0010000001000000
  transition: 8'00000001 18'-----------0-10001 -> 8'00000001 16'0000000011000000
  transition: 8'00000001 18'-----------1010001 -> 8'00000001 16'0000000011000000
  transition: 8'00000001 18'-----------1110001 -> 8'01000000 16'0010000001000000
  transition: 8'00000001 18'-------------1100- -> 8'10000000 16'0100000001000000
  transition: 8'00000001 18'-------------1-10- -> 8'10000000 16'0100000001000000
  transition: 8'00000001 18'----------------1- -> 8'10000000 16'0100000001000000

4.21.3. Executing FSM_OPT pass (simple optimizations of FSMs).
Optimizing FSM `$fsm$\u_core.cpu_state$4571' from module `\picorv32_baseline_c_wrapper'.
  Removing unused input signal $auto$opt_reduce.cc:132:opt_mux$4479.
  Removing unused input signal $techmap\u_core.$eq$../picorv32.v:1865$1503_Y.

4.21.4. Executing OPT_CLEAN pass (remove unused cells and wires).
Finding unused cells or wires in module \picorv32_baseline_c_wrapper..
Removed 24 unused cells and 24 unused wires.
<suppressed ~25 debug messages>

4.21.5. Executing FSM_OPT pass (simple optimizations of FSMs).
Optimizing FSM `$fsm$\u_core.cpu_state$4571' from module `\picorv32_baseline_c_wrapper'.
  Removing unused output signal $techmap\u_core.$0\cpu_state[7:0] [0].
  Removing unused output signal $techmap\u_core.$0\cpu_state[7:0] [1].
  Removing unused output signal $techmap\u_core.$0\cpu_state[7:0] [2].
  Removing unused output signal $techmap\u_core.$0\cpu_state[7:0] [3].
  Removing unused output signal $techmap\u_core.$0\cpu_state[7:0] [4].
  Removing unused output signal $techmap\u_core.$0\cpu_state[7:0] [5].
  Removing unused output signal $techmap\u_core.$0\cpu_state[7:0] [6].
  Removing unused output signal $techmap\u_core.$0\cpu_state[7:0] [7].

4.21.6. Executing FSM_RECODE pass (re-assigning FSM state encoding).
Recoding FSM `$fsm$\u_core.cpu_state$4571' from module `\picorv32_baseline_c_wrapper' using `auto' encoding:
  mapping auto encoding to `one-hot` for this FSM.
  10000000 -> -----1
  01000000 -> ----1-
  00100000 -> ---1--
  00001000 -> --1---
  00000010 -> -1----
  00000001 -> 1-----

4.21.7. Executing FSM_INFO pass (dumping all available information on FSM cells).

FSM `$fsm$\u_core.cpu_state$4571' from module `\picorv32_baseline_c_wrapper':
-------------------------------------

  Information on FSM $fsm$\u_core.cpu_state$4571 (\u_core.cpu_state):

  Number of input signals:   16
  Number of output signals:   8
  Number of state bits:       6

  Input signals:
    0: \resetn
    1: $techmap\u_core.$logic_and$../picorv32.v:1972$1555_Y
    2: $techmap\u_core.$logic_and$../picorv32.v:1964$1546_Y
    3: $techmap\u_core.$logic_and$../picorv32.v:1957$1539_Y
    4: $techmap\u_core.$logic_and$../picorv32.v:1956$1536_Y
    5: $techmap\u_core.$logic_and$../picorv32.v:1906$1525_Y
    6: $techmap\u_core.$logic_or$../picorv32.v:1891$1521_Y
    7: $techmap\u_core.$logic_and$../picorv32.v:1730$1472_Y
    8: \u_core.is_rdcycle_rdcycleh_rdinstr_rdinstrh
    9: \u_core.is_beq_bne_blt_bge_bltu_bgeu
   10: \u_core.is_sb_sh_sw
   11: \u_core.decoder_trigger
   12: \u_core.instr_trap
   13: \u_core.instr_jal
   14: \u_core.mem_done
   15: $auto$opt_reduce.cc:132:opt_mux$4461

  Output signals:
    0: $techmap\u_core.$procmux$1953_CMP
    1: $techmap\u_core.$procmux$1948_CMP
    2: $techmap\u_core.$procmux$1687_CMP
    3: $techmap\u_core.$procmux$1660_CMP
    4: $techmap\u_core.$procmux$1649_CMP
    5: $techmap\u_core.$procmux$1648_CMP
    6: $techmap\u_core.$procmux$1638_CMP
    7: $techmap\u_core.$eq$../picorv32.v:1347$1361_Y

  State encoding:
    0:   6'-----1  <RESET STATE>
    1:   6'----1-
    2:   6'---1--
    3:   6'--1---
    4:   6'-1----
    5:   6'1-----

  Transition Table (state_in, ctrl_in, state_out, ctrl_out):
      0:     0 16'-----------10001   ->     0 8'00000001
      1:     0 16'-----------0--01   ->     0 8'00000001
      2:     0 16'-----------1100-   ->     0 8'00000001
      3:     0 16'-----------1-10-   ->     0 8'00000001
      4:     0 16'--------------1-   ->     0 8'00000001
      5:     0 16'-----------10000   ->     1 8'00000001
      6:     0 16'-----------0--00   ->     1 8'00000001
      7:     1 16'-----------1100-   ->     0 8'10000000
      8:     1 16'-----------1-10-   ->     0 8'10000000
      9:     1 16'--------------1-   ->     0 8'10000000
     10:     1 16'-----------10000   ->     1 8'10000000
     11:     1 16'-----------0--00   ->     1 8'10000000
     12:     1 16'----0------10001   ->     1 8'10000000
     13:     1 16'--1-1------10001   ->     1 8'10000000
     14:     1 16'----0------0--01   ->     1 8'10000000
     15:     1 16'--1-1------0--01   ->     1 8'10000000
     16:     1 16'--0-1------10001   ->     2 8'10000000
     17:     1 16'--0-1------0--01   ->     2 8'10000000
     18:     2 16'---1-------10001   ->     0 8'00010000
     19:     2 16'---1-------0--01   ->     0 8'00010000
     20:     2 16'-----------1100-   ->     0 8'00010000
     21:     2 16'-----------1-10-   ->     0 8'00010000
     22:     2 16'--------------1-   ->     0 8'00010000
     23:     2 16'-----------10000   ->     1 8'00010000
     24:     2 16'-----------0--00   ->     1 8'00010000
     25:     2 16'-------1---10001   ->     1 8'00010000
     26:     2 16'-------1---0--01   ->     1 8'00010000
     27:     2 16'0--0-0-00--10001   ->     3 8'00010000
     28:     2 16'1----------10001   ->     3 8'00010000
     29:     2 16'0--0-0-00--0--01   ->     3 8'00010000
     30:     2 16'1----------0--01   ->     3 8'00010000
     31:     2 16'0--0-1-00--10001   ->     4 8'00010000
     32:     2 16'0--0-1-00--0--01   ->     4 8'00010000
     33:     2 16'--------1--10001   ->     5 8'00010000
     34:     2 16'--------1--0--01   ->     5 8'00010000
     35:     3 16'-----------1100-   ->     0 8'00000100
     36:     3 16'-----------1-10-   ->     0 8'00000100
     37:     3 16'--------------1-   ->     0 8'00000100
     38:     3 16'-----------10000   ->     1 8'00000100
     39:     3 16'-----------0--00   ->     1 8'00000100
     40:     3 16'------0----10001   ->     1 8'00000100
     41:     3 16'-1----1----10001   ->     1 8'00000100
     42:     3 16'------0----0--01   ->     1 8'00000100
     43:     3 16'-1----1----0--01   ->     1 8'00000100
     44:     3 16'-0----1----10001   ->     3 8'00000100
     45:     3 16'-0----1----0--01   ->     3 8'00000100
     46:     4 16'-----------1100-   ->     0 8'00001000
     47:     4 16'-----------1-10-   ->     0 8'00001000
     48:     4 16'--------------1-   ->     0 8'00001000
     49:     4 16'-----------10000   ->     1 8'00001000
     50:     4 16'-----------0--00   ->     1 8'00001000
     51:     4 16'---------1110001   ->     1 8'00001000
     52:     4 16'---------110--01   ->     1 8'00001000
     53:     4 16'---------1010001   ->     4 8'00001000
     54:     4 16'---------0-10001   ->     4 8'00001000
     55:     4 16'---------100--01   ->     4 8'00001000
     56:     4 16'---------0-0--01   ->     4 8'00001000
     57:     5 16'-----------1100-   ->     0 8'01000000
     58:     5 16'-----------1-10-   ->     0 8'01000000
     59:     5 16'--------------1-   ->     0 8'01000000
     60:     5 16'-----------10000   ->     1 8'01000000
     61:     5 16'-----------0--00   ->     1 8'01000000
     62:     5 16'---------1110001   ->     1 8'01000000
     63:     5 16'---------110--01   ->     1 8'01000000
     64:     5 16'---------1010001   ->     5 8'01000000
     65:     5 16'---------0-10001   ->     5 8'01000000
     66:     5 16'---------100--01   ->     5 8'01000000
     67:     5 16'---------0-0--01   ->     5 8'01000000

-------------------------------------

4.21.8. Executing FSM_MAP pass (mapping FSMs to basic logic).
Mapping FSM `$fsm$\u_core.cpu_state$4571' from module `\picorv32_baseline_c_wrapper'.

4.22. Executing OPT pass (performing simple optimizations).

4.22.1. Executing OPT_EXPR pass (perform const folding).
Optimizing module picorv32_baseline_c_wrapper.
<suppressed ~4 debug messages>

4.22.2. Executing OPT_MERGE pass (detect identical cells).
Finding identical cells in module `\picorv32_baseline_c_wrapper'.
<suppressed ~15 debug messages>
Removed a total of 5 cells.

4.22.3. Executing OPT_RMDFF pass (remove dff with constant values).

4.22.4. Executing OPT_CLEAN pass (remove unused cells and wires).
Finding unused cells or wires in module \picorv32_baseline_c_wrapper..
Removed 0 unused cells and 19 unused wires.
<suppressed ~1 debug messages>

4.22.5. Finished fast OPT passes.

4.23. Executing MEMORY pass.

4.23.1. Executing MEMORY_DFF pass (merging $dff cells to $memrd and $memwr).
Checking cell `$techmap\u_core.$memwr$\cpuregs$../picorv32.v:1378$1577' in module `\picorv32_baseline_c_wrapper': merged $dff to cell.
Checking cell `$techmap\u_core.$memrd$\cpuregs$../picorv32.v:1386$1379' in module `\picorv32_baseline_c_wrapper': merged address $dff to cell.
Checking cell `$techmap\u_core.$memrd$\cpuregs$../picorv32.v:1387$1382' in module `\picorv32_baseline_c_wrapper': merged address $dff to cell.

4.23.2. Executing OPT_CLEAN pass (remove unused cells and wires).
Finding unused cells or wires in module \picorv32_baseline_c_wrapper..
Removed 3 unused cells and 3 unused wires.
<suppressed ~4 debug messages>

4.23.3. Executing MEMORY_SHARE pass (consolidating $memrd/$memwr cells).

4.23.4. Executing OPT_CLEAN pass (remove unused cells and wires).
Finding unused cells or wires in module \picorv32_baseline_c_wrapper..

4.23.5. Executing MEMORY_COLLECT pass (generating $mem cells).
Collecting $memrd, $memwr and $meminit for memory `\u_core.cpuregs' in module `\picorv32_baseline_c_wrapper':
  $techmap\u_core.$memwr$\cpuregs$../picorv32.v:1378$1577 ($memwr)
  $techmap\u_core.$memrd$\cpuregs$../picorv32.v:1387$1382 ($memrd)
  $techmap\u_core.$memrd$\cpuregs$../picorv32.v:1386$1379 ($memrd)

4.24. Executing OPT_CLEAN pass (remove unused cells and wires).
Finding unused cells or wires in module \picorv32_baseline_c_wrapper..

4.25. Executing MEMORY_BRAM pass (mapping $mem cells to block memories).
Processing picorv32_baseline_c_wrapper.u_core.cpuregs:
  Properties: ports=3 bits=1024 rports=2 wports=1 dbits=32 abits=5 words=32
  Checking rule #1 for bram type $__ICE40_RAM4K_M0 (variant 1):
    Bram geometry: abits=8 dbits=16 wports=0 rports=0
    Estimated number of duplicates for more read ports: dups=1
    Metrics for $__ICE40_RAM4K_M0: awaste=224 dwaste=0 bwaste=3584 waste=3584 efficiency=12
    Rule #1 for bram type $__ICE40_RAM4K_M0 (variant 1) accepted.
    Mapping to bram type $__ICE40_RAM4K_M0 (variant 1):
      Write port #0 is in clock domain \clk.
        Mapped to bram port B1.
      Read port #0 is in clock domain \clk.
        Mapped to bram port A1.1.
      Read port #1 is in clock domain \clk.
        Failed to map read port #1.
      Growing more read ports by duplicating bram cells.
      Read port #0 is in clock domain \clk.
        Mapped to bram port A1.1.
      Read port #1 is in clock domain \clk.
        Mapped to bram port A1.2.
      Updated properties: dups=2 waste=7168 efficiency=6
      Storing for later selection.
  Checking rule #2 for bram type $__ICE40_RAM4K_M123 (variant 1):
    Bram geometry: abits=9 dbits=8 wports=0 rports=0
    Estimated number of duplicates for more read ports: dups=1
    Metrics for $__ICE40_RAM4K_M123: awaste=480 dwaste=0 bwaste=3840 waste=3840 efficiency=6
    Rule #2 for bram type $__ICE40_RAM4K_M123 (variant 1) accepted.
    Mapping to bram type $__ICE40_RAM4K_M123 (variant 1):
      Write port #0 is in clock domain \clk.
        Mapped to bram port B1.
      Read port #0 is in clock domain \clk.
        Mapped to bram port A1.1.
      Read port #1 is in clock domain \clk.
        Failed to map read port #1.
      Growing more read ports by duplicating bram cells.
      Read port #0 is in clock domain \clk.
        Mapped to bram port A1.1.
      Read port #1 is in clock domain \clk.
        Mapped to bram port A1.2.
      Updated properties: dups=2 waste=7680 efficiency=3
      Storing for later selection.
  Checking rule #2 for bram type $__ICE40_RAM4K_M123 (variant 2):
    Bram geometry: abits=10 dbits=4 wports=0 rports=0
    Estimated number of duplicates for more read ports: dups=1
    Metrics for $__ICE40_RAM4K_M123: awaste=992 dwaste=0 bwaste=3968 waste=3968 efficiency=3
    Rule #2 for bram type $__ICE40_RAM4K_M123 (variant 2) accepted.
    Mapping to bram type $__ICE40_RAM4K_M123 (variant 2):
      Write port #0 is in clock domain \clk.
        Mapped to bram port B1.
      Read port #0 is in clock domain \clk.
        Mapped to bram port A1.1.
      Read port #1 is in clock domain \clk.
        Failed to map read port #1.
      Growing more read ports by duplicating bram cells.
      Read port #0 is in clock domain \clk.
        Mapped to bram port A1.1.
      Read port #1 is in clock domain \clk.
        Mapped to bram port A1.2.
      Updated properties: dups=2 waste=7936 efficiency=1
    Rule for bram type $__ICE40_RAM4K_M123 rejected: requirement 'min efficiency 2' not met.
    Mapping to bram type $__ICE40_RAM4K_M123 failed.
  Checking rule #2 for bram type $__ICE40_RAM4K_M123 (variant 3):
    Bram geometry: abits=11 dbits=2 wports=0 rports=0
    Estimated number of duplicates for more read ports: dups=1
    Metrics for $__ICE40_RAM4K_M123: awaste=2016 dwaste=0 bwaste=4032 waste=4032 efficiency=1
    Rule #2 for bram type $__ICE40_RAM4K_M123 (variant 3) rejected: requirement 'min efficiency 2' not met.
  Selecting best of 2 rules:
    Efficiency for rule 2.1: efficiency=3, cells=8, acells=1
    Efficiency for rule 1.1: efficiency=6, cells=4, acells=1
    Selected rule 1.1 with efficiency 6.
    Mapping to bram type $__ICE40_RAM4K_M0 (variant 1):
      Write port #0 is in clock domain \clk.
        Mapped to bram port B1.
      Read port #0 is in clock domain \clk.
        Mapped to bram port A1.1.
      Read port #1 is in clock domain \clk.
        Failed to map read port #1.
      Growing more read ports by duplicating bram cells.
      Read port #0 is in clock domain \clk.
        Mapped to bram port A1.1.
      Read port #1 is in clock domain \clk.
        Mapped to bram port A1.2.
      Creating $__ICE40_RAM4K_M0 cell at grid position <0 0 0>: u_core.cpuregs.0.0.0
        Adding extra logic for transparent port A1.1.
      Creating $__ICE40_RAM4K_M0 cell at grid position <0 0 1>: u_core.cpuregs.0.0.1
        Adding extra logic for transparent port A1.2.
      Creating $__ICE40_RAM4K_M0 cell at grid position <1 0 0>: u_core.cpuregs.1.0.0
        Adding extra logic for transparent port A1.1.
      Creating $__ICE40_RAM4K_M0 cell at grid position <1 0 1>: u_core.cpuregs.1.0.1
        Adding extra logic for transparent port A1.2.

4.26. Executing TECHMAP pass (map to technology primitives).

4.26.1. Executing Verilog-2005 frontend: /usr/bin/../share/yosys/ice40/brams_map.v
Parsing Verilog input from `/usr/bin/../share/yosys/ice40/brams_map.v' to AST representation.
Generating RTLIL representation for module `\$__ICE40_RAM4K'.
Generating RTLIL representation for module `\$__ICE40_RAM4K_M0'.
Generating RTLIL representation for module `\$__ICE40_RAM4K_M123'.
Successfully finished Verilog frontend.

4.26.2. Continuing TECHMAP pass.
Using template $paramod\$__ICE40_RAM4K_M0\CLKPOL2=1\CLKPOL3=1 for cells of type $__ICE40_RAM4K_M0.
Using template $paramod$4200c10d2e07b3359d49ca78f8f6d43ec6f7e316\$__ICE40_RAM4K for cells of type $__ICE40_RAM4K.
No more expansions possible.
<suppressed ~48 debug messages>

4.27. Executing ICE40_BRAMINIT pass.

4.28. Executing OPT pass (performing simple optimizations).

4.28.1. Executing OPT_EXPR pass (perform const folding).
Optimizing module picorv32_baseline_c_wrapper.
<suppressed ~62 debug messages>

4.28.2. Executing OPT_MERGE pass (detect identical cells).
Finding identical cells in module `\picorv32_baseline_c_wrapper'.
<suppressed ~30 debug messages>
Removed a total of 10 cells.

4.28.3. Executing OPT_RMDFF pass (remove dff with constant values).

4.28.4. Executing OPT_CLEAN pass (remove unused cells and wires).
Finding unused cells or wires in module \picorv32_baseline_c_wrapper..
Removed 17 unused cells and 143 unused wires.
<suppressed ~21 debug messages>

4.28.5. Finished fast OPT passes.

4.29. Executing MEMORY_MAP pass (converting $mem cells to logic and flip-flops).

4.30. Executing OPT pass (performing simple optimizations).

4.30.1. Executing OPT_EXPR pass (perform const folding).
Optimizing module picorv32_baseline_c_wrapper.

4.30.2. Executing OPT_MERGE pass (detect identical cells).
Finding identical cells in module `\picorv32_baseline_c_wrapper'.
Removed a total of 0 cells.

4.30.3. Executing OPT_MUXTREE pass (detect dead branches in mux trees).
Running muxtree optimizer on module \picorv32_baseline_c_wrapper..
  Creating internal representation of mux trees.
  Evaluating internal representation of mux trees.
  Analyzing evaluation results.
    dead port 2/4 on $pmux $techmap\u_core.$procmux$2168.
    dead port 1/2 on $mux $techmap\u_core.$procmux$2685.
    dead port 2/2 on $mux $techmap\u_core.$procmux$2685.
    dead port 1/5 on $pmux $techmap\u_core.$procmux$2687.
    dead port 2/5 on $pmux $techmap\u_core.$procmux$2687.
    dead port 1/3 on $pmux $techmap\u_core.$procmux$2891.
    dead port 3/5 on $pmux $techmap\u_core.$procmux$2917.
    dead port 1/3 on $pmux $techmap\u_core.$procmux$2926.
    dead port 2/3 on $pmux $techmap\u_core.$procmux$2926.
    dead port 3/3 on $pmux $techmap\u_core.$procmux$2926.
    dead port 1/3 on $pmux $techmap\u_core.$procmux$2931.
    dead port 2/3 on $pmux $techmap\u_core.$procmux$2931.
    dead port 3/3 on $pmux $techmap\u_core.$procmux$2931.
    dead port 1/2 on $mux $techmap\u_core.$procmux$2935.
    dead port 2/2 on $mux $techmap\u_core.$procmux$2935.
    dead port 1/2 on $mux $techmap\u_core.$procmux$2938.
    dead port 2/2 on $mux $techmap\u_core.$procmux$2938.
Removed 17 multiplexer ports.
<suppressed ~120 debug messages>

4.30.4. Executing OPT_REDUCE pass (consolidate $*mux and $reduce_* inputs).
  Optimizing cells in module \picorv32_baseline_c_wrapper.
    New input vector for $reduce_or cell $auto$opt_reduce.cc:126:opt_mux$4454: { \u_core.cpu_state [0] \u_core.cpu_state [1] \u_core.cpu_state [2] \u_core.cpu_state [4] \u_core.cpu_state [5] }
    New input vector for $reduce_or cell $auto$opt_reduce.cc:126:opt_mux$4450: { \u_core.cpu_state [0] \u_core.cpu_state [1] \u_core.cpu_state [2] \u_core.cpu_state [3] \u_core.cpu_state [5] }
    New input vector for $reduce_or cell $auto$fsm_map.cc:144:implement_pattern_cache$4748: { $auto$fsm_map.cc:118:implement_pattern_cache$4730 $auto$fsm_map.cc:118:implement_pattern_cache$4738 $auto$fsm_map.cc:118:implement_pattern_cache$4734 $auto$fsm_map.cc:118:implement_pattern_cache$4746 $auto$fsm_map.cc:118:implement_pattern_cache$4726 $auto$fsm_map.cc:118:implement_pattern_cache$4742 }
    New input vector for $reduce_or cell $auto$fsm_map.cc:144:implement_pattern_cache$4723: { $auto$fsm_map.cc:118:implement_pattern_cache$4721 $auto$fsm_map.cc:118:implement_pattern_cache$4713 $auto$fsm_map.cc:118:implement_pattern_cache$4705 $auto$fsm_map.cc:118:implement_pattern_cache$4709 $auto$fsm_map.cc:118:implement_pattern_cache$4701 $auto$fsm_map.cc:118:implement_pattern_cache$4717 }
    New input vector for $reduce_or cell $auto$fsm_map.cc:144:implement_pattern_cache$4664: { $auto$fsm_map.cc:118:implement_pattern_cache$4654 $auto$fsm_map.cc:118:implement_pattern_cache$4650 $auto$fsm_map.cc:118:implement_pattern_cache$4632 $auto$fsm_map.cc:118:implement_pattern_cache$4636 $auto$fsm_map.cc:118:implement_pattern_cache$4646 $auto$fsm_map.cc:118:implement_pattern_cache$4628 $auto$fsm_map.cc:118:implement_pattern_cache$4662 $auto$fsm_map.cc:118:implement_pattern_cache$4642 $auto$fsm_map.cc:118:implement_pattern_cache$4658 $auto$fsm_map.cc:118:implement_pattern_cache$4624 $auto$fsm_map.cc:118:implement_pattern_cache$4620 $auto$fsm_map.cc:118:implement_pattern_cache$4616 $auto$fsm_map.cc:74:implement_pattern_cache$4610 $auto$fsm_map.cc:74:implement_pattern_cache$4608 }
    New input vector for $reduce_or cell $auto$fsm_map.cc:105:implement_pattern_cache$4641: { \u_core.cpu_state [4] \u_core.cpu_state [5] }
    Consolidated identical input bits for $mux cell $auto$memory_bram.cc:938:replace_cell$4841:
      Old ports: A=16'0000000000000000, B={ $auto$memory_bram.cc:837:replace_cell$4754 [15] $auto$memory_bram.cc:837:replace_cell$4754 [15] $auto$memory_bram.cc:837:replace_cell$4754 [15] $auto$memory_bram.cc:837:replace_cell$4754 [15] $auto$memory_bram.cc:837:replace_cell$4754 [15] $auto$memory_bram.cc:837:replace_cell$4754 [15] $auto$memory_bram.cc:837:replace_cell$4754 [15] $auto$memory_bram.cc:837:replace_cell$4754 [15] $auto$memory_bram.cc:837:replace_cell$4754 [15] $auto$memory_bram.cc:837:replace_cell$4754 [15] $auto$memory_bram.cc:837:replace_cell$4754 [15] $auto$memory_bram.cc:837:replace_cell$4754 [15] $auto$memory_bram.cc:837:replace_cell$4754 [15] $auto$memory_bram.cc:837:replace_cell$4754 [15] $auto$memory_bram.cc:837:replace_cell$4754 [15] $auto$memory_bram.cc:837:replace_cell$4754 [15] }, Y=$auto$rtlil.cc:1906:Mux$4759
      New ports: A=1'0, B=$auto$memory_bram.cc:837:replace_cell$4754 [15], Y=$auto$rtlil.cc:1906:Mux$4759 [0]
      New connections: $auto$rtlil.cc:1906:Mux$4759 [15:1] = { $auto$rtlil.cc:1906:Mux$4759 [0] $auto$rtlil.cc:1906:Mux$4759 [0] $auto$rtlil.cc:1906:Mux$4759 [0] $auto$rtlil.cc:1906:Mux$4759 [0] $auto$rtlil.cc:1906:Mux$4759 [0] $auto$rtlil.cc:1906:Mux$4759 [0] $auto$rtlil.cc:1906:Mux$4759 [0] $auto$rtlil.cc:1906:Mux$4759 [0] $auto$rtlil.cc:1906:Mux$4759 [0] $auto$rtlil.cc:1906:Mux$4759 [0] $auto$rtlil.cc:1906:Mux$4759 [0] $auto$rtlil.cc:1906:Mux$4759 [0] $auto$rtlil.cc:1906:Mux$4759 [0] $auto$rtlil.cc:1906:Mux$4759 [0] $auto$rtlil.cc:1906:Mux$4759 [0] }
    Consolidated identical input bits for $mux cell $auto$memory_bram.cc:938:replace_cell$4880:
      Old ports: A=16'0000000000000000, B={ $auto$memory_bram.cc:837:replace_cell$4754 [15] $auto$memory_bram.cc:837:replace_cell$4754 [15] $auto$memory_bram.cc:837:replace_cell$4754 [15] $auto$memory_bram.cc:837:replace_cell$4754 [15] $auto$memory_bram.cc:837:replace_cell$4754 [15] $auto$memory_bram.cc:837:replace_cell$4754 [15] $auto$memory_bram.cc:837:replace_cell$4754 [15] $auto$memory_bram.cc:837:replace_cell$4754 [15] $auto$memory_bram.cc:837:replace_cell$4754 [15] $auto$memory_bram.cc:837:replace_cell$4754 [15] $auto$memory_bram.cc:837:replace_cell$4754 [15] $auto$memory_bram.cc:837:replace_cell$4754 [15] $auto$memory_bram.cc:837:replace_cell$4754 [15] $auto$memory_bram.cc:837:replace_cell$4754 [15] $auto$memory_bram.cc:837:replace_cell$4754 [15] $auto$memory_bram.cc:837:replace_cell$4754 [15] }, Y=$auto$rtlil.cc:1906:Mux$4798
      New ports: A=1'0, B=$auto$memory_bram.cc:837:replace_cell$4754 [15], Y=$auto$rtlil.cc:1906:Mux$4798 [0]
      New connections: $auto$rtlil.cc:1906:Mux$4798 [15:1] = { $auto$rtlil.cc:1906:Mux$4798 [0] $auto$rtlil.cc:1906:Mux$4798 [0] $auto$rtlil.cc:1906:Mux$4798 [0] $auto$rtlil.cc:1906:Mux$4798 [0] $auto$rtlil.cc:1906:Mux$4798 [0] $auto$rtlil.cc:1906:Mux$4798 [0] $auto$rtlil.cc:1906:Mux$4798 [0] $auto$rtlil.cc:1906:Mux$4798 [0] $auto$rtlil.cc:1906:Mux$4798 [0] $auto$rtlil.cc:1906:Mux$4798 [0] $auto$rtlil.cc:1906:Mux$4798 [0] $auto$rtlil.cc:1906:Mux$4798 [0] $auto$rtlil.cc:1906:Mux$4798 [0] $auto$rtlil.cc:1906:Mux$4798 [0] $auto$rtlil.cc:1906:Mux$4798 [0] }
    Consolidated identical input bits for $pmux cell $techmap\u_core.$procmux$2160:
      Old ports: A=0, B=64'0000000000000000000000000000000000000000000000000000000000000000, Y=$techmap\u_core.$procmux$2160_Y
      New ports: A={ }, B={ }, Y={ }
      New connections: $techmap\u_core.$procmux$2160_Y = 0
    New ctrl vector for $pmux cell $techmap\u_core.$procmux$2160: { }
    Consolidated identical input bits for $pmux cell $techmap\u_core.$procmux$4274:
      Old ports: A=\u_core.reg_op2, B={ \u_core.reg_op2 [15:0] \u_core.reg_op2 [15:0] \u_core.reg_op2 [7:0] \u_core.reg_op2 [7:0] \u_core.reg_op2 [7:0] \u_core.reg_op2 [7:0] }, Y=\u_core.mem_la_wdata
      New ports: A=\u_core.reg_op2 [31:8], B={ \u_core.reg_op2 [15:0] \u_core.reg_op2 [15:0] \u_core.reg_op2 [7:0] \u_core.reg_op2 [7:0] }, Y=\u_core.mem_la_wdata [31:8]
      New connections: \u_core.mem_la_wdata [7:0] = \u_core.reg_op2 [7:0]
    Consolidated identical input bits for $mux cell $techmap\u_core.$ternary$../picorv32.v:1351$1362:
      Old ports: A=3'100, B=3'010, Y=$auto$wreduce.cc:455:run$4489 [2:0]
      New ports: A=2'10, B=2'01, Y=$auto$wreduce.cc:455:run$4489 [2:1]
      New connections: $auto$wreduce.cc:455:run$4489 [0] = 1'0
    Consolidated identical input bits for $mux cell $techmap\u_core.$ternary$../picorv32.v:383$967:
      Old ports: A={ \u_core.reg_op1 [31:2] 2'00 }, B={ \u_core.next_pc [31:2] 2'00 }, Y=\u_core.mem_la_addr
      New ports: A=\u_core.reg_op1 [31:2], B=\u_core.next_pc [31:2], Y=\u_core.mem_la_addr [31:2]
      New connections: \u_core.mem_la_addr [1:0] = 2'00
    Consolidated identical input bits for $mux cell $techmap\u_core.$ternary$../picorv32.v:412$982:
      Old ports: A=4'0011, B=4'1100, Y=$techmap\u_core.$ternary$../picorv32.v:412$982_Y
      New ports: A=2'01, B=2'10, Y={ $techmap\u_core.$ternary$../picorv32.v:412$982_Y [2] $techmap\u_core.$ternary$../picorv32.v:412$982_Y [0] }
      New connections: { $techmap\u_core.$ternary$../picorv32.v:412$982_Y [3] $techmap\u_core.$ternary$../picorv32.v:412$982_Y [1] } = { $techmap\u_core.$ternary$../picorv32.v:412$982_Y [2] $techmap\u_core.$ternary$../picorv32.v:412$982_Y [0] }
    Consolidated identical input bits for $mux cell $techmap\u_core.$ternary$../picorv32.v:618$1044:
      Old ports: A=2'11, B=2'00, Y=$techmap\u_core.$procmux$3961_Y
      New ports: A=1'1, B=1'0, Y=$techmap\u_core.$procmux$3961_Y [0]
      New connections: $techmap\u_core.$procmux$3961_Y [1] = $techmap\u_core.$procmux$3961_Y [0]
  Optimizing cells in module \picorv32_baseline_c_wrapper.
Performed a total of 15 changes.

4.30.5. Executing OPT_MERGE pass (detect identical cells).
Finding identical cells in module `\picorv32_baseline_c_wrapper'.
Removed a total of 0 cells.

4.30.6. Executing OPT_RMDFF pass (remove dff with constant values).

4.30.7. Executing OPT_CLEAN pass (remove unused cells and wires).
Finding unused cells or wires in module \picorv32_baseline_c_wrapper..
Removed 16 unused cells and 24 unused wires.
<suppressed ~20 debug messages>

4.30.8. Executing OPT_EXPR pass (perform const folding).
Optimizing module picorv32_baseline_c_wrapper.

4.30.9. Rerunning OPT passes. (Maybe there is more to do..)

4.30.10. Executing OPT_MUXTREE pass (detect dead branches in mux trees).
Running muxtree optimizer on module \picorv32_baseline_c_wrapper..
  Creating internal representation of mux trees.
  Evaluating internal representation of mux trees.
  Analyzing evaluation results.
Removed 0 multiplexer ports.
<suppressed ~116 debug messages>

4.30.11. Executing OPT_REDUCE pass (consolidate $*mux and $reduce_* inputs).
  Optimizing cells in module \picorv32_baseline_c_wrapper.
Performed a total of 0 changes.

4.30.12. Executing OPT_MERGE pass (detect identical cells).
Finding identical cells in module `\picorv32_baseline_c_wrapper'.
Removed a total of 0 cells.

4.30.13. Executing OPT_RMDFF pass (remove dff with constant values).

4.30.14. Executing OPT_CLEAN pass (remove unused cells and wires).
Finding unused cells or wires in module \picorv32_baseline_c_wrapper..

4.30.15. Executing OPT_EXPR pass (perform const folding).
Optimizing module picorv32_baseline_c_wrapper.

4.30.16. Finished OPT passes. (There is nothing left to do.)

4.31. Executing TECHMAP pass (map to technology primitives).

4.31.1. Executing Verilog-2005 frontend: /usr/bin/../share/yosys/techmap.v
Parsing Verilog input from `/usr/bin/../share/yosys/techmap.v' to AST representation.
Generating RTLIL representation for module `\_90_simplemap_bool_ops'.
Generating RTLIL representation for module `\_90_simplemap_reduce_ops'.
Generating RTLIL representation for module `\_90_simplemap_logic_ops'.
Generating RTLIL representation for module `\_90_simplemap_compare_ops'.
Generating RTLIL representation for module `\_90_simplemap_various'.
Generating RTLIL representation for module `\_90_simplemap_registers'.
Generating RTLIL representation for module `\_90_shift_ops_shr_shl_sshl_sshr'.
Generating RTLIL representation for module `\_90_shift_shiftx'.
Generating RTLIL representation for module `\_90_fa'.
Generating RTLIL representation for module `\_90_lcu'.
Generating RTLIL representation for module `\_90_alu'.
Generating RTLIL representation for module `\_90_macc'.
Generating RTLIL representation for module `\_90_alumacc'.
Generating RTLIL representation for module `\$__div_mod_u'.
Generating RTLIL representation for module `\$__div_mod'.
Generating RTLIL representation for module `\_90_div'.
Generating RTLIL representation for module `\_90_mod'.
Generating RTLIL representation for module `\_90_pow'.
Generating RTLIL representation for module `\_90_pmux'.
Generating RTLIL representation for module `\_90_lut'.
Successfully finished Verilog frontend.

4.31.2. Executing Verilog-2005 frontend: /usr/bin/../share/yosys/ice40/arith_map.v
Parsing Verilog input from `/usr/bin/../share/yosys/ice40/arith_map.v' to AST representation.
Generating RTLIL representation for module `\_80_ice40_alu'.
Successfully finished Verilog frontend.

4.31.3. Continuing TECHMAP pass.
Using extmapper simplemap for cells of type $dff.
Using extmapper simplemap for cells of type $mux.
Using extmapper simplemap for cells of type $lut.
Using extmapper simplemap for cells of type $and.
Using extmapper simplemap for cells of type $eq.
Using template $paramod\_80_ice40_alu\A_SIGNED=0\B_SIGNED=0\A_WIDTH=32\B_WIDTH=32\Y_WIDTH=32 for cells of type $alu.
Using extmapper simplemap for cells of type $reduce_or.
Using extmapper simplemap for cells of type $not.
Using template $paramod\_80_ice40_alu\A_SIGNED=1\B_SIGNED=1\A_WIDTH=32\B_WIDTH=32\Y_WIDTH=32 for cells of type $alu.
Using template $paramod\_80_ice40_alu\A_SIGNED=0\B_SIGNED=0\A_WIDTH=1\B_WIDTH=64\Y_WIDTH=64 for cells of type $alu.
Using template $paramod\_80_ice40_alu\A_SIGNED=0\B_SIGNED=0\A_WIDTH=3\B_WIDTH=32\Y_WIDTH=32 for cells of type $alu.
Using template $paramod\_90_pmux\WIDTH=24\S_WIDTH=2 for cells of type $pmux.
Using template $paramod$constmap:66d421c313e4e958be776b99540ac2de3b59fdbc$paramod$9b74a473ccd678a23e1df4cc12019cbbece20051\_90_shift_ops_shr_shl_sshl_sshr for cells of type $shl.
Using template $paramod\_90_pmux\WIDTH=4\S_WIDTH=2 for cells of type $pmux.
Using template $paramod\_90_pmux\WIDTH=1\S_WIDTH=2 for cells of type $pmux.
Using template $paramod\_90_pmux\WIDTH=2\S_WIDTH=4 for cells of type $pmux.
Using template $paramod\_90_pmux\WIDTH=32\S_WIDTH=5 for cells of type $pmux.
Using template $paramod\_90_pmux\WIDTH=1\S_WIDTH=5 for cells of type $pmux.
Using template $paramod$constmap:87f69c0bea22f84de4bcd0314b57cb19e61b5eb7$paramod$88abf4b792300efa328894e6936be740fdc22f6d\_90_shift_ops_shr_shl_sshl_sshr for cells of type $sshr.
Using template $paramod$constmap:4621fcf06a436d1e2a4080e2ed9866a7d07a6e07$paramod$887c9fe2c55be14c90171bd2ff359c086a0858d7\_90_shift_ops_shr_shl_sshl_sshr for cells of type $shl.
Using template $paramod\_90_pmux\WIDTH=32\S_WIDTH=6 for cells of type $pmux.
Using template $paramod\_90_pmux\WIDTH=32\S_WIDTH=3 for cells of type $pmux.
Using template $paramod\_90_pmux\WIDTH=32\S_WIDTH=2 for cells of type $pmux.
Using template $paramod\_90_pmux\WIDTH=2\S_WIDTH=2 for cells of type $pmux.
Using template $paramod\_90_pmux\WIDTH=2\S_WIDTH=3 for cells of type $pmux.
Using template $paramod\_90_pmux\WIDTH=1\S_WIDTH=3 for cells of type $pmux.
Using template $paramod\_90_pmux\WIDTH=1\S_WIDTH=4 for cells of type $pmux.
Using template $paramod\_90_pmux\WIDTH=5\S_WIDTH=2 for cells of type $pmux.
Using extmapper simplemap for cells of type $xor.
Using extmapper simplemap for cells of type $reduce_and.
Using extmapper simplemap for cells of type $logic_not.
Using extmapper simplemap for cells of type $logic_or.
Using extmapper simplemap for cells of type $logic_and.
Using extmapper simplemap for cells of type $reduce_bool.
Using extmapper simplemap for cells of type $or.
Using extmapper simplemap for cells of type $pos.
No more expansions possible.
<suppressed ~2153 debug messages>

4.32. Executing ICE40_OPT pass (performing simple optimizations).

4.32.1. Running ICE40 specific optimizations.

4.32.2. Executing OPT_EXPR pass (perform const folding).
Optimizing module picorv32_baseline_c_wrapper.
<suppressed ~1079 debug messages>

4.32.3. Executing OPT_MERGE pass (detect identical cells).
Finding identical cells in module `\picorv32_baseline_c_wrapper'.
<suppressed ~2178 debug messages>
Removed a total of 726 cells.

4.32.4. Executing OPT_RMDFF pass (remove dff with constant values).

4.32.5. Executing OPT_CLEAN pass (remove unused cells and wires).
Finding unused cells or wires in module \picorv32_baseline_c_wrapper..
Removed 592 unused cells and 1105 unused wires.
<suppressed ~593 debug messages>

4.32.6. Rerunning OPT passes. (Removed registers in this run.)

4.32.7. Running ICE40 specific optimizations.
Optimized away SB_CARRY cell picorv32_baseline_c_wrapper.$auto$alumacc.cc:474:replace_alu$4523.slice[0].carry: CO=1'0
Optimized away SB_CARRY cell picorv32_baseline_c_wrapper.$auto$alumacc.cc:474:replace_alu$4526.slice[0].carry: CO=\u_core.count_cycle [0]
Optimized away SB_CARRY cell picorv32_baseline_c_wrapper.$auto$alumacc.cc:474:replace_alu$4529.slice[0].carry: CO=1'0
Optimized away SB_CARRY cell picorv32_baseline_c_wrapper.$auto$alumacc.cc:474:replace_alu$4532.slice[0].carry: CO=\u_core.count_instr [0]
Mapping SB_LUT4 cell picorv32_baseline_c_wrapper.$auto$alumacc.cc:474:replace_alu$4523.slice[1].adder back to logic.
Mapping SB_LUT4 cell picorv32_baseline_c_wrapper.$auto$alumacc.cc:474:replace_alu$4526.slice[1].adder back to logic.
Mapping SB_LUT4 cell picorv32_baseline_c_wrapper.$auto$alumacc.cc:474:replace_alu$4529.slice[1].adder back to logic.
Mapping SB_LUT4 cell picorv32_baseline_c_wrapper.$auto$alumacc.cc:474:replace_alu$4532.slice[1].adder back to logic.

4.32.8. Executing OPT_EXPR pass (perform const folding).
Optimizing module picorv32_baseline_c_wrapper.
<suppressed ~172 debug messages>

4.32.9. Executing OPT_MERGE pass (detect identical cells).
Finding identical cells in module `\picorv32_baseline_c_wrapper'.
<suppressed ~3 debug messages>
Removed a total of 1 cells.

4.32.10. Executing OPT_RMDFF pass (remove dff with constant values).

4.32.11. Executing OPT_CLEAN pass (remove unused cells and wires).
Finding unused cells or wires in module \picorv32_baseline_c_wrapper..
Removed 2 unused cells and 10 unused wires.
<suppressed ~3 debug messages>

4.32.12. Rerunning OPT passes. (Removed registers in this run.)

4.32.13. Running ICE40 specific optimizations.
Optimized away SB_CARRY cell picorv32_baseline_c_wrapper.$auto$alumacc.cc:474:replace_alu$4529.slice[1].carry: CO=1'0
Mapping SB_LUT4 cell picorv32_baseline_c_wrapper.$auto$alumacc.cc:474:replace_alu$4529.slice[2].adder back to logic.

4.32.14. Executing OPT_EXPR pass (perform const folding).
Optimizing module picorv32_baseline_c_wrapper.
<suppressed ~14 debug messages>

4.32.15. Executing OPT_MERGE pass (detect identical cells).
Finding identical cells in module `\picorv32_baseline_c_wrapper'.
Removed a total of 0 cells.

4.32.16. Executing OPT_RMDFF pass (remove dff with constant values).

4.32.17. Executing OPT_CLEAN pass (remove unused cells and wires).
Finding unused cells or wires in module \picorv32_baseline_c_wrapper..
Removed 0 unused cells and 3 unused wires.
<suppressed ~1 debug messages>

4.32.18. Rerunning OPT passes. (Removed registers in this run.)

4.32.19. Running ICE40 specific optimizations.
Optimized away SB_CARRY cell picorv32_baseline_c_wrapper.$auto$alumacc.cc:474:replace_alu$4529.slice[2].carry: CO=$auto$alumacc.cc:474:replace_alu$4529.BB [2]
Mapping SB_LUT4 cell picorv32_baseline_c_wrapper.$auto$alumacc.cc:474:replace_alu$4529.slice[3].adder back to logic.

4.32.20. Executing OPT_EXPR pass (perform const folding).
Optimizing module picorv32_baseline_c_wrapper.
<suppressed ~13 debug messages>

4.32.21. Executing OPT_MERGE pass (detect identical cells).
Finding identical cells in module `\picorv32_baseline_c_wrapper'.
Removed a total of 0 cells.

4.32.22. Executing OPT_RMDFF pass (remove dff with constant values).

4.32.23. Executing OPT_CLEAN pass (remove unused cells and wires).
Finding unused cells or wires in module \picorv32_baseline_c_wrapper..
Removed 0 unused cells and 2 unused wires.
<suppressed ~1 debug messages>

4.32.24. Rerunning OPT passes. (Removed registers in this run.)

4.32.25. Running ICE40 specific optimizations.

4.32.26. Executing OPT_EXPR pass (perform const folding).
Optimizing module picorv32_baseline_c_wrapper.

4.32.27. Executing OPT_MERGE pass (detect identical cells).
Finding identical cells in module `\picorv32_baseline_c_wrapper'.
Removed a total of 0 cells.

4.32.28. Executing OPT_RMDFF pass (remove dff with constant values).

4.32.29. Executing OPT_CLEAN pass (remove unused cells and wires).
Finding unused cells or wires in module \picorv32_baseline_c_wrapper..

4.32.30. Finished OPT passes. (There is nothing left to do.)

4.33. Executing DFFSR2DFF pass (mapping DFFSR cells to simpler FFs).

4.34. Executing DFF2DFFE pass (transform $dff to $dffe where applicable).
Selected cell types for direct conversion:
  $_DFF_PP1_ -> $__DFFE_PP1
  $_DFF_PP0_ -> $__DFFE_PP0
  $_DFF_PN1_ -> $__DFFE_PN1
  $_DFF_PN0_ -> $__DFFE_PN0
  $_DFF_NP1_ -> $__DFFE_NP1
  $_DFF_NP0_ -> $__DFFE_NP0
  $_DFF_NN1_ -> $__DFFE_NN1
  $_DFF_NN0_ -> $__DFFE_NN0
  $_DFF_N_ -> $_DFFE_NP_
  $_DFF_P_ -> $_DFFE_PP_
Transforming FF to FF+Enable cells in module picorv32_baseline_c_wrapper:
  converting $_DFF_P_ cell $auto$simplemap.cc:420:simplemap_dff$5832 to $_DFFE_PP_ for $techmap\u_core.$0\mem_state[1:0] [0] -> \u_core.mem_state [0].
  converting $_DFF_P_ cell $auto$simplemap.cc:420:simplemap_dff$5833 to $_DFFE_PP_ for $techmap\u_core.$0\mem_state[1:0] [1] -> \u_core.mem_state [1].
  converting $_DFF_P_ cell $auto$simplemap.cc:420:simplemap_dff$5834 to $_DFFE_PP_ for $techmap\u_core.$0\mem_wstrb[3:0] [0] -> \u_core.mem_wstrb [0].
  converting $_DFF_P_ cell $auto$simplemap.cc:420:simplemap_dff$5835 to $_DFFE_PP_ for $techmap\u_core.$0\mem_wstrb[3:0] [1] -> \u_core.mem_wstrb [1].
  converting $_DFF_P_ cell $auto$simplemap.cc:420:simplemap_dff$5836 to $_DFFE_PP_ for $techmap\u_core.$0\mem_wstrb[3:0] [2] -> \u_core.mem_wstrb [2].
  converting $_DFF_P_ cell $auto$simplemap.cc:420:simplemap_dff$5837 to $_DFFE_PP_ for $techmap\u_core.$0\mem_wstrb[3:0] [3] -> \u_core.mem_wstrb [3].
  converting $_DFF_P_ cell $auto$simplemap.cc:420:simplemap_dff$5838 to $_DFFE_PP_ for $techmap\u_core.$0\mem_wdata[31:0] [0] -> \u_core.mem_wdata [0].
  converting $_DFF_P_ cell $auto$simplemap.cc:420:simplemap_dff$5839 to $_DFFE_PP_ for $techmap\u_core.$0\mem_wdata[31:0] [1] -> \u_core.mem_wdata [1].
  converting $_DFF_P_ cell $auto$simplemap.cc:420:simplemap_dff$5840 to $_DFFE_PP_ for $techmap\u_core.$0\mem_wdata[31:0] [2] -> \u_core.mem_wdata [2].
  converting $_DFF_P_ cell $auto$simplemap.cc:420:simplemap_dff$5841 to $_DFFE_PP_ for $techmap\u_core.$0\mem_wdata[31:0] [3] -> \u_core.mem_wdata [3].
  converting $_DFF_P_ cell $auto$simplemap.cc:420:simplemap_dff$5842 to $_DFFE_PP_ for $techmap\u_core.$0\mem_wdata[31:0] [4] -> \u_core.mem_wdata [4].
  converting $_DFF_P_ cell $auto$simplemap.cc:420:simplemap_dff$5843 to $_DFFE_PP_ for $techmap\u_core.$0\mem_wdata[31:0] [5] -> \u_core.mem_wdata [5].
  converting $_DFF_P_ cell $auto$simplemap.cc:420:simplemap_dff$5844 to $_DFFE_PP_ for $techmap\u_core.$0\mem_wdata[31:0] [6] -> \u_core.mem_wdata [6].
  converting $_DFF_P_ cell $auto$simplemap.cc:420:simplemap_dff$5845 to $_DFFE_PP_ for $techmap\u_core.$0\mem_wdata[31:0] [7] -> \u_core.mem_wdata [7].
  converting $_DFF_P_ cell $auto$simplemap.cc:420:simplemap_dff$5870 to $_DFFE_PP_ for $techmap\u_core.$0\mem_addr[31:0] [0] -> \u_core.mem_addr [0].
  converting $_DFF_P_ cell $auto$simplemap.cc:420:simplemap_dff$5871 to $_DFFE_PP_ for $techmap\u_core.$0\mem_addr[31:0] [1] -> \u_core.mem_addr [1].
  converting $_DFF_P_ cell $auto$simplemap.cc:420:simplemap_dff$5872 to $_DFFE_PP_ for $techmap\u_core.$0\mem_addr[31:0] [2] -> \u_core.mem_addr [2].
  converting $_DFF_P_ cell $auto$simplemap.cc:420:simplemap_dff$5873 to $_DFFE_PP_ for $techmap\u_core.$0\mem_addr[31:0] [3] -> \u_core.mem_addr [3].
  converting $_DFF_P_ cell $auto$simplemap.cc:420:simplemap_dff$5874 to $_DFFE_PP_ for $techmap\u_core.$0\mem_addr[31:0] [4] -> \u_core.mem_addr [4].
  converting $_DFF_P_ cell $auto$simplemap.cc:420:simplemap_dff$5875 to $_DFFE_PP_ for $techmap\u_core.$0\mem_addr[31:0] [5] -> \u_core.mem_addr [5].
  converting $_DFF_P_ cell $auto$simplemap.cc:420:simplemap_dff$5876 to $_DFFE_PP_ for $techmap\u_core.$0\mem_addr[31:0] [6] -> \u_core.mem_addr [6].
  converting $_DFF_P_ cell $auto$simplemap.cc:420:simplemap_dff$5877 to $_DFFE_PP_ for $techmap\u_core.$0\mem_addr[31:0] [7] -> \u_core.mem_addr [7].
  converting $_DFF_P_ cell $auto$simplemap.cc:420:simplemap_dff$5902 to $_DFFE_PP_ for $techmap\u_core.$0\mem_instr[0:0] -> \u_core.mem_instr.
  converting $_DFF_P_ cell $auto$simplemap.cc:420:simplemap_dff$5903 to $_DFFE_PP_ for $techmap\u_core.$0\mem_valid[0:0] -> \u_core.mem_valid.
  converting $_DFF_P_ cell $auto$simplemap.cc:420:simplemap_dff$5905 to $_DFFE_PP_ for $techmap\u_core.$0\is_alu_reg_reg[0:0] -> \u_core.is_alu_reg_reg.
  converting $_DFF_P_ cell $auto$simplemap.cc:420:simplemap_dff$5906 to $_DFFE_PP_ for $techmap\u_core.$0\is_alu_reg_imm[0:0] -> \u_core.is_alu_reg_imm.
  converting $_DFF_P_ cell $auto$simplemap.cc:420:simplemap_dff$5907 to $_DFFE_PP_ for $techmap\u_core.$0\is_beq_bne_blt_bge_bltu_bgeu[0:0] -> \u_core.is_beq_bne_blt_bge_bltu_bgeu.
  converting $_DFF_P_ cell $auto$simplemap.cc:420:simplemap_dff$5910 to $_DFFE_PP_ for $techmap\u_core.$0\is_sb_sh_sw[0:0] -> \u_core.is_sb_sh_sw.
  converting $_DFF_P_ cell $auto$simplemap.cc:420:simplemap_dff$5911 to $_DFFE_PP_ for $techmap\u_core.$0\is_jalr_addi_slti_sltiu_xori_ori_andi[0:0] -> \u_core.is_jalr_addi_slti_sltiu_xori_ori_andi.
  converting $_DFF_P_ cell $auto$simplemap.cc:420:simplemap_dff$5912 to $_DFFE_PP_ for $techmap\u_core.$0\is_slli_srli_srai[0:0] -> \u_core.is_slli_srli_srai.
  converting $_DFF_P_ cell $auto$simplemap.cc:420:simplemap_dff$5913 to $_DFFE_PP_ for $techmap\u_core.$0\is_lb_lh_lw_lbu_lhu[0:0] -> \u_core.is_lb_lh_lw_lbu_lhu.
  converting $_DFF_P_ cell $auto$simplemap.cc:420:simplemap_dff$5915 to $_DFFE_PP_ for $techmap\u_core.$0\decoded_imm_j[31:0] [0] -> \u_core.decoded_imm_j [0].
  converting $_DFF_P_ cell $auto$simplemap.cc:420:simplemap_dff$5916 to $_DFFE_PP_ for $techmap\u_core.$0\decoded_imm_j[31:0] [1] -> \u_core.decoded_imm_j [1].
  converting $_DFF_P_ cell $auto$simplemap.cc:420:simplemap_dff$5917 to $_DFFE_PP_ for $techmap\u_core.$0\decoded_imm_j[31:0] [2] -> \u_core.decoded_imm_j [2].
  converting $_DFF_P_ cell $auto$simplemap.cc:420:simplemap_dff$5918 to $_DFFE_PP_ for $techmap\u_core.$0\decoded_imm_j[31:0] [3] -> \u_core.decoded_imm_j [3].
  converting $_DFF_P_ cell $auto$simplemap.cc:420:simplemap_dff$5919 to $_DFFE_PP_ for $techmap\u_core.$0\decoded_imm_j[31:0] [4] -> \u_core.decoded_imm_j [4].
  converting $_DFF_P_ cell $auto$simplemap.cc:420:simplemap_dff$5920 to $_DFFE_PP_ for $techmap\u_core.$0\decoded_imm_j[31:0] [5] -> \u_core.decoded_imm_j [5].
  converting $_DFF_P_ cell $auto$simplemap.cc:420:simplemap_dff$5921 to $_DFFE_PP_ for $techmap\u_core.$0\decoded_imm_j[31:0] [6] -> \u_core.decoded_imm_j [6].
  converting $_DFF_P_ cell $auto$simplemap.cc:420:simplemap_dff$5922 to $_DFFE_PP_ for $techmap\u_core.$0\decoded_imm_j[31:0] [7] -> \u_core.decoded_imm_j [7].
  converting $_DFF_P_ cell $auto$simplemap.cc:420:simplemap_dff$5923 to $_DFFE_PP_ for $techmap\u_core.$0\decoded_imm_j[31:0] [8] -> \u_core.decoded_imm_j [8].
  converting $_DFF_P_ cell $auto$simplemap.cc:420:simplemap_dff$5924 to $_DFFE_PP_ for $techmap\u_core.$0\decoded_imm_j[31:0] [9] -> \u_core.decoded_imm_j [9].
  converting $_DFF_P_ cell $auto$simplemap.cc:420:simplemap_dff$5925 to $_DFFE_PP_ for $techmap\u_core.$0\decoded_imm_j[31:0] [10] -> \u_core.decoded_imm_j [10].
  converting $_DFF_P_ cell $auto$simplemap.cc:420:simplemap_dff$5926 to $_DFFE_PP_ for $techmap\u_core.$0\decoded_imm_j[31:0] [11] -> \u_core.decoded_imm_j [11].
  converting $_DFF_P_ cell $auto$simplemap.cc:420:simplemap_dff$5927 to $_DFFE_PP_ for $techmap\u_core.$0\decoded_imm_j[31:0] [12] -> \u_core.decoded_imm_j [12].
  converting $_DFF_P_ cell $auto$simplemap.cc:420:simplemap_dff$5928 to $_DFFE_PP_ for $techmap\u_core.$0\decoded_imm_j[31:0] [13] -> \u_core.decoded_imm_j [13].
  converting $_DFF_P_ cell $auto$simplemap.cc:420:simplemap_dff$5929 to $_DFFE_PP_ for $techmap\u_core.$0\decoded_imm_j[31:0] [14] -> \u_core.decoded_imm_j [14].
  converting $_DFF_P_ cell $auto$simplemap.cc:420:simplemap_dff$5930 to $_DFFE_PP_ for $techmap\u_core.$0\decoded_imm_j[31:0] [15] -> \u_core.decoded_imm_j [15].
  converting $_DFF_P_ cell $auto$simplemap.cc:420:simplemap_dff$5931 to $_DFFE_PP_ for $techmap\u_core.$0\decoded_imm_j[31:0] [16] -> \u_core.decoded_imm_j [16].
  converting $_DFF_P_ cell $auto$simplemap.cc:420:simplemap_dff$5932 to $_DFFE_PP_ for $techmap\u_core.$0\decoded_imm_j[31:0] [17] -> \u_core.decoded_imm_j [17].
  converting $_DFF_P_ cell $auto$simplemap.cc:420:simplemap_dff$5933 to $_DFFE_PP_ for $techmap\u_core.$0\decoded_imm_j[31:0] [18] -> \u_core.decoded_imm_j [18].
  converting $_DFF_P_ cell $auto$simplemap.cc:420:simplemap_dff$5934 to $_DFFE_PP_ for $techmap\u_core.$0\decoded_imm_j[31:0] [19] -> \u_core.decoded_imm_j [19].
  converting $_DFF_P_ cell $auto$simplemap.cc:420:simplemap_dff$5935 to $_DFFE_PP_ for $techmap\u_core.$0\decoded_imm_j[31:0] [20] -> \u_core.decoded_imm_j [20].
  converting $_DFF_P_ cell $auto$simplemap.cc:420:simplemap_dff$5936 to $_DFFE_PP_ for $techmap\u_core.$0\decoded_imm_j[31:0] [21] -> \u_core.decoded_imm_j [21].
  converting $_DFF_P_ cell $auto$simplemap.cc:420:simplemap_dff$5937 to $_DFFE_PP_ for $techmap\u_core.$0\decoded_imm_j[31:0] [22] -> \u_core.decoded_imm_j [22].
  converting $_DFF_P_ cell $auto$simplemap.cc:420:simplemap_dff$5938 to $_DFFE_PP_ for $techmap\u_core.$0\decoded_imm_j[31:0] [23] -> \u_core.decoded_imm_j [23].
  converting $_DFF_P_ cell $auto$simplemap.cc:420:simplemap_dff$5939 to $_DFFE_PP_ for $techmap\u_core.$0\decoded_imm_j[31:0] [24] -> \u_core.decoded_imm_j [24].
  converting $_DFF_P_ cell $auto$simplemap.cc:420:simplemap_dff$5940 to $_DFFE_PP_ for $techmap\u_core.$0\decoded_imm_j[31:0] [25] -> \u_core.decoded_imm_j [25].
  converting $_DFF_P_ cell $auto$simplemap.cc:420:simplemap_dff$5941 to $_DFFE_PP_ for $techmap\u_core.$0\decoded_imm_j[31:0] [26] -> \u_core.decoded_imm_j [26].
  converting $_DFF_P_ cell $auto$simplemap.cc:420:simplemap_dff$5942 to $_DFFE_PP_ for $techmap\u_core.$0\decoded_imm_j[31:0] [27] -> \u_core.decoded_imm_j [27].
  converting $_DFF_P_ cell $auto$simplemap.cc:420:simplemap_dff$5943 to $_DFFE_PP_ for $techmap\u_core.$0\decoded_imm_j[31:0] [28] -> \u_core.decoded_imm_j [28].
  converting $_DFF_P_ cell $auto$simplemap.cc:420:simplemap_dff$5944 to $_DFFE_PP_ for $techmap\u_core.$0\decoded_imm_j[31:0] [29] -> \u_core.decoded_imm_j [29].
  converting $_DFF_P_ cell $auto$simplemap.cc:420:simplemap_dff$5945 to $_DFFE_PP_ for $techmap\u_core.$0\decoded_imm_j[31:0] [30] -> \u_core.decoded_imm_j [30].
  converting $_DFF_P_ cell $auto$simplemap.cc:420:simplemap_dff$5946 to $_DFFE_PP_ for $techmap\u_core.$0\decoded_imm_j[31:0] [31] -> \u_core.decoded_imm_j [31].
  converting $_DFF_P_ cell $auto$simplemap.cc:420:simplemap_dff$5947 to $_DFFE_PP_ for $techmap\u_core.$0\decoded_imm[31:0] [0] -> \u_core.decoded_imm [0].
  converting $_DFF_P_ cell $auto$simplemap.cc:420:simplemap_dff$5948 to $_DFFE_PP_ for $techmap\u_core.$0\decoded_imm[31:0] [1] -> \u_core.decoded_imm [1].
  converting $_DFF_P_ cell $auto$simplemap.cc:420:simplemap_dff$5949 to $_DFFE_PP_ for $techmap\u_core.$0\decoded_imm[31:0] [2] -> \u_core.decoded_imm [2].
  converting $_DFF_P_ cell $auto$simplemap.cc:420:simplemap_dff$5950 to $_DFFE_PP_ for $techmap\u_core.$0\decoded_imm[31:0] [3] -> \u_core.decoded_imm [3].
  converting $_DFF_P_ cell $auto$simplemap.cc:420:simplemap_dff$5951 to $_DFFE_PP_ for $techmap\u_core.$0\decoded_imm[31:0] [4] -> \u_core.decoded_imm [4].
  converting $_DFF_P_ cell $auto$simplemap.cc:420:simplemap_dff$5952 to $_DFFE_PP_ for $techmap\u_core.$0\decoded_imm[31:0] [5] -> \u_core.decoded_imm [5].
  converting $_DFF_P_ cell $auto$simplemap.cc:420:simplemap_dff$5953 to $_DFFE_PP_ for $techmap\u_core.$0\decoded_imm[31:0] [6] -> \u_core.decoded_imm [6].
  converting $_DFF_P_ cell $auto$simplemap.cc:420:simplemap_dff$5954 to $_DFFE_PP_ for $techmap\u_core.$0\decoded_imm[31:0] [7] -> \u_core.decoded_imm [7].
  converting $_DFF_P_ cell $auto$simplemap.cc:420:simplemap_dff$5955 to $_DFFE_PP_ for $techmap\u_core.$0\decoded_imm[31:0] [8] -> \u_core.decoded_imm [8].
  converting $_DFF_P_ cell $auto$simplemap.cc:420:simplemap_dff$5956 to $_DFFE_PP_ for $techmap\u_core.$0\decoded_imm[31:0] [9] -> \u_core.decoded_imm [9].
  converting $_DFF_P_ cell $auto$simplemap.cc:420:simplemap_dff$5957 to $_DFFE_PP_ for $techmap\u_core.$0\decoded_imm[31:0] [10] -> \u_core.decoded_imm [10].
  converting $_DFF_P_ cell $auto$simplemap.cc:420:simplemap_dff$5958 to $_DFFE_PP_ for $techmap\u_core.$0\decoded_imm[31:0] [11] -> \u_core.decoded_imm [11].
  converting $_DFF_P_ cell $auto$simplemap.cc:420:simplemap_dff$5959 to $_DFFE_PP_ for $techmap\u_core.$0\decoded_imm[31:0] [12] -> \u_core.decoded_imm [12].
  converting $_DFF_P_ cell $auto$simplemap.cc:420:simplemap_dff$5960 to $_DFFE_PP_ for $techmap\u_core.$0\decoded_imm[31:0] [13] -> \u_core.decoded_imm [13].
  converting $_DFF_P_ cell $auto$simplemap.cc:420:simplemap_dff$5961 to $_DFFE_PP_ for $techmap\u_core.$0\decoded_imm[31:0] [14] -> \u_core.decoded_imm [14].
  converting $_DFF_P_ cell $auto$simplemap.cc:420:simplemap_dff$5962 to $_DFFE_PP_ for $techmap\u_core.$0\decoded_imm[31:0] [15] -> \u_core.decoded_imm [15].
  converting $_DFF_P_ cell $auto$simplemap.cc:420:simplemap_dff$5963 to $_DFFE_PP_ for $techmap\u_core.$0\decoded_imm[31:0] [16] -> \u_core.decoded_imm [16].
  converting $_DFF_P_ cell $auto$simplemap.cc:420:simplemap_dff$5964 to $_DFFE_PP_ for $techmap\u_core.$0\decoded_imm[31:0] [17] -> \u_core.decoded_imm [17].
  converting $_DFF_P_ cell $auto$simplemap.cc:420:simplemap_dff$5965 to $_DFFE_PP_ for $techmap\u_core.$0\decoded_imm[31:0] [18] -> \u_core.decoded_imm [18].
  converting $_DFF_P_ cell $auto$simplemap.cc:420:simplemap_dff$5966 to $_DFFE_PP_ for $techmap\u_core.$0\decoded_imm[31:0] [19] -> \u_core.decoded_imm [19].
  converting $_DFF_P_ cell $auto$simplemap.cc:420:simplemap_dff$5967 to $_DFFE_PP_ for $techmap\u_core.$0\decoded_imm[31:0] [20] -> \u_core.decoded_imm [20].
  converting $_DFF_P_ cell $auto$simplemap.cc:420:simplemap_dff$5968 to $_DFFE_PP_ for $techmap\u_core.$0\decoded_imm[31:0] [21] -> \u_core.decoded_imm [21].
  converting $_DFF_P_ cell $auto$simplemap.cc:420:simplemap_dff$5969 to $_DFFE_PP_ for $techmap\u_core.$0\decoded_imm[31:0] [22] -> \u_core.decoded_imm [22].
  converting $_DFF_P_ cell $auto$simplemap.cc:420:simplemap_dff$5970 to $_DFFE_PP_ for $techmap\u_core.$0\decoded_imm[31:0] [23] -> \u_core.decoded_imm [23].
  converting $_DFF_P_ cell $auto$simplemap.cc:420:simplemap_dff$5971 to $_DFFE_PP_ for $techmap\u_core.$0\decoded_imm[31:0] [24] -> \u_core.decoded_imm [24].
  converting $_DFF_P_ cell $auto$simplemap.cc:420:simplemap_dff$5972 to $_DFFE_PP_ for $techmap\u_core.$0\decoded_imm[31:0] [25] -> \u_core.decoded_imm [25].
  converting $_DFF_P_ cell $auto$simplemap.cc:420:simplemap_dff$5973 to $_DFFE_PP_ for $techmap\u_core.$0\decoded_imm[31:0] [26] -> \u_core.decoded_imm [26].
  converting $_DFF_P_ cell $auto$simplemap.cc:420:simplemap_dff$5974 to $_DFFE_PP_ for $techmap\u_core.$0\decoded_imm[31:0] [27] -> \u_core.decoded_imm [27].
  converting $_DFF_P_ cell $auto$simplemap.cc:420:simplemap_dff$5975 to $_DFFE_PP_ for $techmap\u_core.$0\decoded_imm[31:0] [28] -> \u_core.decoded_imm [28].
  converting $_DFF_P_ cell $auto$simplemap.cc:420:simplemap_dff$5976 to $_DFFE_PP_ for $techmap\u_core.$0\decoded_imm[31:0] [29] -> \u_core.decoded_imm [29].
  converting $_DFF_P_ cell $auto$simplemap.cc:420:simplemap_dff$5977 to $_DFFE_PP_ for $techmap\u_core.$0\decoded_imm[31:0] [30] -> \u_core.decoded_imm [30].
  converting $_DFF_P_ cell $auto$simplemap.cc:420:simplemap_dff$5978 to $_DFFE_PP_ for $techmap\u_core.$0\decoded_imm[31:0] [31] -> \u_core.decoded_imm [31].
  converting $_DFF_P_ cell $auto$simplemap.cc:420:simplemap_dff$5989 to $_DFFE_PP_ for $techmap\u_core.$0\decoded_rd[4:0] [0] -> \u_core.decoded_rd [0].
  converting $_DFF_P_ cell $auto$simplemap.cc:420:simplemap_dff$5990 to $_DFFE_PP_ for $techmap\u_core.$0\decoded_rd[4:0] [1] -> \u_core.decoded_rd [1].
  converting $_DFF_P_ cell $auto$simplemap.cc:420:simplemap_dff$5991 to $_DFFE_PP_ for $techmap\u_core.$0\decoded_rd[4:0] [2] -> \u_core.decoded_rd [2].
  converting $_DFF_P_ cell $auto$simplemap.cc:420:simplemap_dff$5992 to $_DFFE_PP_ for $techmap\u_core.$0\decoded_rd[4:0] [3] -> \u_core.decoded_rd [3].
  converting $_DFF_P_ cell $auto$simplemap.cc:420:simplemap_dff$5993 to $_DFFE_PP_ for $techmap\u_core.$0\decoded_rd[4:0] [4] -> \u_core.decoded_rd [4].
  converting $_DFF_P_ cell $auto$simplemap.cc:420:simplemap_dff$6000 to $_DFFE_PP_ for $techmap\u_core.$0\instr_fence[0:0] -> \u_core.instr_fence.
  converting $_DFF_P_ cell $auto$simplemap.cc:420:simplemap_dff$6001 to $_DFFE_PP_ for $techmap\u_core.$0\instr_rdinstrh[0:0] -> \u_core.instr_rdinstrh.
  converting $_DFF_P_ cell $auto$simplemap.cc:420:simplemap_dff$6002 to $_DFFE_PP_ for $techmap\u_core.$0\instr_rdinstr[0:0] -> \u_core.instr_rdinstr.
  converting $_DFF_P_ cell $auto$simplemap.cc:420:simplemap_dff$6003 to $_DFFE_PP_ for $techmap\u_core.$0\instr_rdcycleh[0:0] -> \u_core.instr_rdcycleh.
  converting $_DFF_P_ cell $auto$simplemap.cc:420:simplemap_dff$6004 to $_DFFE_PP_ for $techmap\u_core.$0\instr_rdcycle[0:0] -> \u_core.instr_rdcycle.
  converting $_DFF_P_ cell $auto$simplemap.cc:420:simplemap_dff$6005 to $_DFFE_PP_ for $techmap\u_core.$0\instr_and[0:0] -> \u_core.instr_and.
  converting $_DFF_P_ cell $auto$simplemap.cc:420:simplemap_dff$6006 to $_DFFE_PP_ for $techmap\u_core.$0\instr_or[0:0] -> \u_core.instr_or.
  converting $_DFF_P_ cell $auto$simplemap.cc:420:simplemap_dff$6007 to $_DFFE_PP_ for $techmap\u_core.$0\instr_sra[0:0] -> \u_core.instr_sra.
  converting $_DFF_P_ cell $auto$simplemap.cc:420:simplemap_dff$6008 to $_DFFE_PP_ for $techmap\u_core.$0\instr_srl[0:0] -> \u_core.instr_srl.
  converting $_DFF_P_ cell $auto$simplemap.cc:420:simplemap_dff$6009 to $_DFFE_PP_ for $techmap\u_core.$0\instr_xor[0:0] -> \u_core.instr_xor.
  converting $_DFF_P_ cell $auto$simplemap.cc:420:simplemap_dff$6010 to $_DFFE_PP_ for $techmap\u_core.$0\instr_sltu[0:0] -> \u_core.instr_sltu.
  converting $_DFF_P_ cell $auto$simplemap.cc:420:simplemap_dff$6011 to $_DFFE_PP_ for $techmap\u_core.$0\instr_slt[0:0] -> \u_core.instr_slt.
  converting $_DFF_P_ cell $auto$simplemap.cc:420:simplemap_dff$6012 to $_DFFE_PP_ for $techmap\u_core.$0\instr_sll[0:0] -> \u_core.instr_sll.
  converting $_DFF_P_ cell $auto$simplemap.cc:420:simplemap_dff$6013 to $_DFFE_PP_ for $techmap\u_core.$0\instr_sub[0:0] -> \u_core.instr_sub.
  converting $_DFF_P_ cell $auto$simplemap.cc:420:simplemap_dff$6014 to $_DFFE_PP_ for $techmap\u_core.$0\instr_add[0:0] -> \u_core.instr_add.
  converting $_DFF_P_ cell $auto$simplemap.cc:420:simplemap_dff$6015 to $_DFFE_PP_ for $techmap\u_core.$0\instr_srai[0:0] -> \u_core.instr_srai.
  converting $_DFF_P_ cell $auto$simplemap.cc:420:simplemap_dff$6016 to $_DFFE_PP_ for $techmap\u_core.$0\instr_srli[0:0] -> \u_core.instr_srli.
  converting $_DFF_P_ cell $auto$simplemap.cc:420:simplemap_dff$6017 to $_DFFE_PP_ for $techmap\u_core.$0\instr_slli[0:0] -> \u_core.instr_slli.
  converting $_DFF_P_ cell $auto$simplemap.cc:420:simplemap_dff$6018 to $_DFFE_PP_ for $techmap\u_core.$0\instr_andi[0:0] -> \u_core.instr_andi.
  converting $_DFF_P_ cell $auto$simplemap.cc:420:simplemap_dff$6019 to $_DFFE_PP_ for $techmap\u_core.$0\instr_ori[0:0] -> \u_core.instr_ori.
  converting $_DFF_P_ cell $auto$simplemap.cc:420:simplemap_dff$6020 to $_DFFE_PP_ for $techmap\u_core.$0\instr_xori[0:0] -> \u_core.instr_xori.
  converting $_DFF_P_ cell $auto$simplemap.cc:420:simplemap_dff$6021 to $_DFFE_PP_ for $techmap\u_core.$0\instr_sltiu[0:0] -> \u_core.instr_sltiu.
  converting $_DFF_P_ cell $auto$simplemap.cc:420:simplemap_dff$6022 to $_DFFE_PP_ for $techmap\u_core.$0\instr_slti[0:0] -> \u_core.instr_slti.
  converting $_DFF_P_ cell $auto$simplemap.cc:420:simplemap_dff$6023 to $_DFFE_PP_ for $techmap\u_core.$0\instr_addi[0:0] -> \u_core.instr_addi.
  converting $_DFF_P_ cell $auto$simplemap.cc:420:simplemap_dff$6024 to $_DFFE_PP_ for $techmap\u_core.$0\instr_sw[0:0] -> \u_core.instr_sw.
  converting $_DFF_P_ cell $auto$simplemap.cc:420:simplemap_dff$6025 to $_DFFE_PP_ for $techmap\u_core.$0\instr_sh[0:0] -> \u_core.instr_sh.
  converting $_DFF_P_ cell $auto$simplemap.cc:420:simplemap_dff$6026 to $_DFFE_PP_ for $techmap\u_core.$0\instr_sb[0:0] -> \u_core.instr_sb.
  converting $_DFF_P_ cell $auto$simplemap.cc:420:simplemap_dff$6027 to $_DFFE_PP_ for $techmap\u_core.$0\instr_lhu[0:0] -> \u_core.instr_lhu.
  converting $_DFF_P_ cell $auto$simplemap.cc:420:simplemap_dff$6028 to $_DFFE_PP_ for $techmap\u_core.$0\instr_lbu[0:0] -> \u_core.instr_lbu.
  converting $_DFF_P_ cell $auto$simplemap.cc:420:simplemap_dff$6029 to $_DFFE_PP_ for $techmap\u_core.$0\instr_lw[0:0] -> \u_core.instr_lw.
  converting $_DFF_P_ cell $auto$simplemap.cc:420:simplemap_dff$6030 to $_DFFE_PP_ for $techmap\u_core.$0\instr_lh[0:0] -> \u_core.instr_lh.
  converting $_DFF_P_ cell $auto$simplemap.cc:420:simplemap_dff$6031 to $_DFFE_PP_ for $techmap\u_core.$0\instr_lb[0:0] -> \u_core.instr_lb.
  converting $_DFF_P_ cell $auto$simplemap.cc:420:simplemap_dff$6032 to $_DFFE_PP_ for $techmap\u_core.$0\instr_bgeu[0:0] -> \u_core.instr_bgeu.
  converting $_DFF_P_ cell $auto$simplemap.cc:420:simplemap_dff$6033 to $_DFFE_PP_ for $techmap\u_core.$0\instr_bltu[0:0] -> \u_core.instr_bltu.
  converting $_DFF_P_ cell $auto$simplemap.cc:420:simplemap_dff$6034 to $_DFFE_PP_ for $techmap\u_core.$0\instr_bge[0:0] -> \u_core.instr_bge.
  converting $_DFF_P_ cell $auto$simplemap.cc:420:simplemap_dff$6035 to $_DFFE_PP_ for $techmap\u_core.$0\instr_blt[0:0] -> \u_core.instr_blt.
  converting $_DFF_P_ cell $auto$simplemap.cc:420:simplemap_dff$6036 to $_DFFE_PP_ for $techmap\u_core.$0\instr_bne[0:0] -> \u_core.instr_bne.
  converting $_DFF_P_ cell $auto$simplemap.cc:420:simplemap_dff$6037 to $_DFFE_PP_ for $techmap\u_core.$0\instr_beq[0:0] -> \u_core.instr_beq.
  converting $_DFF_P_ cell $auto$simplemap.cc:420:simplemap_dff$6038 to $_DFFE_PP_ for $techmap\u_core.$0\instr_jalr[0:0] -> \u_core.instr_jalr.
  converting $_DFF_P_ cell $auto$simplemap.cc:420:simplemap_dff$6039 to $_DFFE_PP_ for $techmap\u_core.$0\instr_jal[0:0] -> \u_core.instr_jal.
  converting $_DFF_P_ cell $auto$simplemap.cc:420:simplemap_dff$6040 to $_DFFE_PP_ for $techmap\u_core.$0\instr_auipc[0:0] -> \u_core.instr_auipc.
  converting $_DFF_P_ cell $auto$simplemap.cc:420:simplemap_dff$6041 to $_DFFE_PP_ for $techmap\u_core.$0\instr_lui[0:0] -> \u_core.instr_lui.
  converting $_DFF_P_ cell $auto$simplemap.cc:420:simplemap_dff$6084 to $_DFFE_PP_ for $techmap\u_core.$0\latched_rd[4:0] [0] -> \u_core.latched_rd [0].
  converting $_DFF_P_ cell $auto$simplemap.cc:420:simplemap_dff$6085 to $_DFFE_PP_ for $techmap\u_core.$0\latched_rd[4:0] [1] -> \u_core.latched_rd [1].
  converting $_DFF_P_ cell $auto$simplemap.cc:420:simplemap_dff$6086 to $_DFFE_PP_ for $techmap\u_core.$0\latched_rd[4:0] [2] -> \u_core.latched_rd [2].
  converting $_DFF_P_ cell $auto$simplemap.cc:420:simplemap_dff$6087 to $_DFFE_PP_ for $techmap\u_core.$0\latched_rd[4:0] [3] -> \u_core.latched_rd [3].
  converting $_DFF_P_ cell $auto$simplemap.cc:420:simplemap_dff$6088 to $_DFFE_PP_ for $techmap\u_core.$0\latched_rd[4:0] [4] -> \u_core.latched_rd [4].
  converting $_DFF_P_ cell $auto$simplemap.cc:420:simplemap_dff$6089 to $_DFFE_PP_ for $techmap\u_core.$0\latched_compr[0:0] -> \u_core.latched_compr.
  converting $_DFF_P_ cell $auto$simplemap.cc:420:simplemap_dff$6090 to $_DFFE_PP_ for $techmap\u_core.$0\latched_branch[0:0] -> \u_core.latched_branch.
  converting $_DFF_P_ cell $auto$simplemap.cc:420:simplemap_dff$6091 to $_DFFE_PP_ for $techmap\u_core.$0\latched_stalu[0:0] -> \u_core.latched_stalu.
  converting $_DFF_P_ cell $auto$simplemap.cc:420:simplemap_dff$6092 to $_DFFE_PP_ for $techmap\u_core.$0\latched_store[0:0] -> \u_core.latched_store.
  converting $_DFF_P_ cell $auto$simplemap.cc:420:simplemap_dff$6095 to $_DFFE_PP_ for $techmap\u_core.$0\mem_do_wdata[0:0] -> \u_core.mem_do_wdata.
  converting $_DFF_P_ cell $auto$simplemap.cc:420:simplemap_dff$6096 to $_DFFE_PP_ for $techmap\u_core.$0\mem_do_rdata[0:0] -> \u_core.mem_do_rdata.
  converting $_DFF_P_ cell $auto$simplemap.cc:420:simplemap_dff$6097 to $_DFFE_PP_ for $techmap\u_core.$0\mem_do_rinst[0:0] -> \u_core.mem_do_rinst.
  converting $_DFF_P_ cell $auto$simplemap.cc:420:simplemap_dff$6098 to $_DFFE_PP_ for $techmap\u_core.$0\mem_do_prefetch[0:0] -> \u_core.mem_do_prefetch.
  converting $_DFF_P_ cell $auto$simplemap.cc:420:simplemap_dff$6099 to $_DFFE_PP_ for $techmap\u_core.$0\mem_wordsize[1:0] [0] -> \u_core.mem_wordsize [0].
  converting $_DFF_P_ cell $auto$simplemap.cc:420:simplemap_dff$6100 to $_DFFE_PP_ for $techmap\u_core.$0\mem_wordsize[1:0] [1] -> \u_core.mem_wordsize [1].
  converting $_DFF_P_ cell $auto$simplemap.cc:420:simplemap_dff$6133 to $_DFFE_PP_ for $techmap\u_core.$0\reg_op2[31:0] [0] -> \u_core.reg_op2 [0].
  converting $_DFF_P_ cell $auto$simplemap.cc:420:simplemap_dff$6134 to $_DFFE_PP_ for $techmap\u_core.$0\reg_op2[31:0] [1] -> \u_core.reg_op2 [1].
  converting $_DFF_P_ cell $auto$simplemap.cc:420:simplemap_dff$6135 to $_DFFE_PP_ for $techmap\u_core.$0\reg_op2[31:0] [2] -> \u_core.reg_op2 [2].
  converting $_DFF_P_ cell $auto$simplemap.cc:420:simplemap_dff$6136 to $_DFFE_PP_ for $techmap\u_core.$0\reg_op2[31:0] [3] -> \u_core.reg_op2 [3].
  converting $_DFF_P_ cell $auto$simplemap.cc:420:simplemap_dff$6137 to $_DFFE_PP_ for $techmap\u_core.$0\reg_op2[31:0] [4] -> \u_core.reg_op2 [4].
  converting $_DFF_P_ cell $auto$simplemap.cc:420:simplemap_dff$6138 to $_DFFE_PP_ for $techmap\u_core.$0\reg_op2[31:0] [5] -> \u_core.reg_op2 [5].
  converting $_DFF_P_ cell $auto$simplemap.cc:420:simplemap_dff$6139 to $_DFFE_PP_ for $techmap\u_core.$0\reg_op2[31:0] [6] -> \u_core.reg_op2 [6].
  converting $_DFF_P_ cell $auto$simplemap.cc:420:simplemap_dff$6140 to $_DFFE_PP_ for $techmap\u_core.$0\reg_op2[31:0] [7] -> \u_core.reg_op2 [7].
  converting $_DFF_P_ cell $auto$simplemap.cc:420:simplemap_dff$6141 to $_DFFE_PP_ for $techmap\u_core.$0\reg_op2[31:0] [8] -> \u_core.reg_op2 [8].
  converting $_DFF_P_ cell $auto$simplemap.cc:420:simplemap_dff$6142 to $_DFFE_PP_ for $techmap\u_core.$0\reg_op2[31:0] [9] -> \u_core.reg_op2 [9].
  converting $_DFF_P_ cell $auto$simplemap.cc:420:simplemap_dff$6143 to $_DFFE_PP_ for $techmap\u_core.$0\reg_op2[31:0] [10] -> \u_core.reg_op2 [10].
  converting $_DFF_P_ cell $auto$simplemap.cc:420:simplemap_dff$6144 to $_DFFE_PP_ for $techmap\u_core.$0\reg_op2[31:0] [11] -> \u_core.reg_op2 [11].
  converting $_DFF_P_ cell $auto$simplemap.cc:420:simplemap_dff$6145 to $_DFFE_PP_ for $techmap\u_core.$0\reg_op2[31:0] [12] -> \u_core.reg_op2 [12].
  converting $_DFF_P_ cell $auto$simplemap.cc:420:simplemap_dff$6146 to $_DFFE_PP_ for $techmap\u_core.$0\reg_op2[31:0] [13] -> \u_core.reg_op2 [13].
  converting $_DFF_P_ cell $auto$simplemap.cc:420:simplemap_dff$6147 to $_DFFE_PP_ for $techmap\u_core.$0\reg_op2[31:0] [14] -> \u_core.reg_op2 [14].
  converting $_DFF_P_ cell $auto$simplemap.cc:420:simplemap_dff$6148 to $_DFFE_PP_ for $techmap\u_core.$0\reg_op2[31:0] [15] -> \u_core.reg_op2 [15].
  converting $_DFF_P_ cell $auto$simplemap.cc:420:simplemap_dff$6149 to $_DFFE_PP_ for $techmap\u_core.$0\reg_op2[31:0] [16] -> \u_core.reg_op2 [16].
  converting $_DFF_P_ cell $auto$simplemap.cc:420:simplemap_dff$6150 to $_DFFE_PP_ for $techmap\u_core.$0\reg_op2[31:0] [17] -> \u_core.reg_op2 [17].
  converting $_DFF_P_ cell $auto$simplemap.cc:420:simplemap_dff$6151 to $_DFFE_PP_ for $techmap\u_core.$0\reg_op2[31:0] [18] -> \u_core.reg_op2 [18].
  converting $_DFF_P_ cell $auto$simplemap.cc:420:simplemap_dff$6152 to $_DFFE_PP_ for $techmap\u_core.$0\reg_op2[31:0] [19] -> \u_core.reg_op2 [19].
  converting $_DFF_P_ cell $auto$simplemap.cc:420:simplemap_dff$6153 to $_DFFE_PP_ for $techmap\u_core.$0\reg_op2[31:0] [20] -> \u_core.reg_op2 [20].
  converting $_DFF_P_ cell $auto$simplemap.cc:420:simplemap_dff$6154 to $_DFFE_PP_ for $techmap\u_core.$0\reg_op2[31:0] [21] -> \u_core.reg_op2 [21].
  converting $_DFF_P_ cell $auto$simplemap.cc:420:simplemap_dff$6155 to $_DFFE_PP_ for $techmap\u_core.$0\reg_op2[31:0] [22] -> \u_core.reg_op2 [22].
  converting $_DFF_P_ cell $auto$simplemap.cc:420:simplemap_dff$6156 to $_DFFE_PP_ for $techmap\u_core.$0\reg_op2[31:0] [23] -> \u_core.reg_op2 [23].
  converting $_DFF_P_ cell $auto$simplemap.cc:420:simplemap_dff$6157 to $_DFFE_PP_ for $techmap\u_core.$0\reg_op2[31:0] [24] -> \u_core.reg_op2 [24].
  converting $_DFF_P_ cell $auto$simplemap.cc:420:simplemap_dff$6158 to $_DFFE_PP_ for $techmap\u_core.$0\reg_op2[31:0] [25] -> \u_core.reg_op2 [25].
  converting $_DFF_P_ cell $auto$simplemap.cc:420:simplemap_dff$6159 to $_DFFE_PP_ for $techmap\u_core.$0\reg_op2[31:0] [26] -> \u_core.reg_op2 [26].
  converting $_DFF_P_ cell $auto$simplemap.cc:420:simplemap_dff$6160 to $_DFFE_PP_ for $techmap\u_core.$0\reg_op2[31:0] [27] -> \u_core.reg_op2 [27].
  converting $_DFF_P_ cell $auto$simplemap.cc:420:simplemap_dff$6161 to $_DFFE_PP_ for $techmap\u_core.$0\reg_op2[31:0] [28] -> \u_core.reg_op2 [28].
  converting $_DFF_P_ cell $auto$simplemap.cc:420:simplemap_dff$6162 to $_DFFE_PP_ for $techmap\u_core.$0\reg_op2[31:0] [29] -> \u_core.reg_op2 [29].
  converting $_DFF_P_ cell $auto$simplemap.cc:420:simplemap_dff$6163 to $_DFFE_PP_ for $techmap\u_core.$0\reg_op2[31:0] [30] -> \u_core.reg_op2 [30].
  converting $_DFF_P_ cell $auto$simplemap.cc:420:simplemap_dff$6164 to $_DFFE_PP_ for $techmap\u_core.$0\reg_op2[31:0] [31] -> \u_core.reg_op2 [31].
  converting $_DFF_P_ cell $auto$simplemap.cc:420:simplemap_dff$6165 to $_DFFE_PP_ for $techmap\u_core.$0\reg_op1[31:0] [0] -> \u_core.reg_op1 [0].
  converting $_DFF_P_ cell $auto$simplemap.cc:420:simplemap_dff$6166 to $_DFFE_PP_ for $techmap\u_core.$0\reg_op1[31:0] [1] -> \u_core.reg_op1 [1].
  converting $_DFF_P_ cell $auto$simplemap.cc:420:simplemap_dff$6167 to $_DFFE_PP_ for $techmap\u_core.$0\reg_op1[31:0] [2] -> \u_core.reg_op1 [2].
  converting $_DFF_P_ cell $auto$simplemap.cc:420:simplemap_dff$6168 to $_DFFE_PP_ for $techmap\u_core.$0\reg_op1[31:0] [3] -> \u_core.reg_op1 [3].
  converting $_DFF_P_ cell $auto$simplemap.cc:420:simplemap_dff$6169 to $_DFFE_PP_ for $techmap\u_core.$0\reg_op1[31:0] [4] -> \u_core.reg_op1 [4].
  converting $_DFF_P_ cell $auto$simplemap.cc:420:simplemap_dff$6170 to $_DFFE_PP_ for $techmap\u_core.$0\reg_op1[31:0] [5] -> \u_core.reg_op1 [5].
  converting $_DFF_P_ cell $auto$simplemap.cc:420:simplemap_dff$6171 to $_DFFE_PP_ for $techmap\u_core.$0\reg_op1[31:0] [6] -> \u_core.reg_op1 [6].
  converting $_DFF_P_ cell $auto$simplemap.cc:420:simplemap_dff$6172 to $_DFFE_PP_ for $techmap\u_core.$0\reg_op1[31:0] [7] -> \u_core.reg_op1 [7].
  converting $_DFF_P_ cell $auto$simplemap.cc:420:simplemap_dff$6173 to $_DFFE_PP_ for $techmap\u_core.$0\reg_op1[31:0] [8] -> \u_core.reg_op1 [8].
  converting $_DFF_P_ cell $auto$simplemap.cc:420:simplemap_dff$6174 to $_DFFE_PP_ for $techmap\u_core.$0\reg_op1[31:0] [9] -> \u_core.reg_op1 [9].
  converting $_DFF_P_ cell $auto$simplemap.cc:420:simplemap_dff$6175 to $_DFFE_PP_ for $techmap\u_core.$0\reg_op1[31:0] [10] -> \u_core.reg_op1 [10].
  converting $_DFF_P_ cell $auto$simplemap.cc:420:simplemap_dff$6176 to $_DFFE_PP_ for $techmap\u_core.$0\reg_op1[31:0] [11] -> \u_core.reg_op1 [11].
  converting $_DFF_P_ cell $auto$simplemap.cc:420:simplemap_dff$6177 to $_DFFE_PP_ for $techmap\u_core.$0\reg_op1[31:0] [12] -> \u_core.reg_op1 [12].
  converting $_DFF_P_ cell $auto$simplemap.cc:420:simplemap_dff$6178 to $_DFFE_PP_ for $techmap\u_core.$0\reg_op1[31:0] [13] -> \u_core.reg_op1 [13].
  converting $_DFF_P_ cell $auto$simplemap.cc:420:simplemap_dff$6179 to $_DFFE_PP_ for $techmap\u_core.$0\reg_op1[31:0] [14] -> \u_core.reg_op1 [14].
  converting $_DFF_P_ cell $auto$simplemap.cc:420:simplemap_dff$6180 to $_DFFE_PP_ for $techmap\u_core.$0\reg_op1[31:0] [15] -> \u_core.reg_op1 [15].
  converting $_DFF_P_ cell $auto$simplemap.cc:420:simplemap_dff$6181 to $_DFFE_PP_ for $techmap\u_core.$0\reg_op1[31:0] [16] -> \u_core.reg_op1 [16].
  converting $_DFF_P_ cell $auto$simplemap.cc:420:simplemap_dff$6182 to $_DFFE_PP_ for $techmap\u_core.$0\reg_op1[31:0] [17] -> \u_core.reg_op1 [17].
  converting $_DFF_P_ cell $auto$simplemap.cc:420:simplemap_dff$6183 to $_DFFE_PP_ for $techmap\u_core.$0\reg_op1[31:0] [18] -> \u_core.reg_op1 [18].
  converting $_DFF_P_ cell $auto$simplemap.cc:420:simplemap_dff$6184 to $_DFFE_PP_ for $techmap\u_core.$0\reg_op1[31:0] [19] -> \u_core.reg_op1 [19].
  converting $_DFF_P_ cell $auto$simplemap.cc:420:simplemap_dff$6185 to $_DFFE_PP_ for $techmap\u_core.$0\reg_op1[31:0] [20] -> \u_core.reg_op1 [20].
  converting $_DFF_P_ cell $auto$simplemap.cc:420:simplemap_dff$6186 to $_DFFE_PP_ for $techmap\u_core.$0\reg_op1[31:0] [21] -> \u_core.reg_op1 [21].
  converting $_DFF_P_ cell $auto$simplemap.cc:420:simplemap_dff$6187 to $_DFFE_PP_ for $techmap\u_core.$0\reg_op1[31:0] [22] -> \u_core.reg_op1 [22].
  converting $_DFF_P_ cell $auto$simplemap.cc:420:simplemap_dff$6188 to $_DFFE_PP_ for $techmap\u_core.$0\reg_op1[31:0] [23] -> \u_core.reg_op1 [23].
  converting $_DFF_P_ cell $auto$simplemap.cc:420:simplemap_dff$6189 to $_DFFE_PP_ for $techmap\u_core.$0\reg_op1[31:0] [24] -> \u_core.reg_op1 [24].
  converting $_DFF_P_ cell $auto$simplemap.cc:420:simplemap_dff$6190 to $_DFFE_PP_ for $techmap\u_core.$0\reg_op1[31:0] [25] -> \u_core.reg_op1 [25].
  converting $_DFF_P_ cell $auto$simplemap.cc:420:simplemap_dff$6191 to $_DFFE_PP_ for $techmap\u_core.$0\reg_op1[31:0] [26] -> \u_core.reg_op1 [26].
  converting $_DFF_P_ cell $auto$simplemap.cc:420:simplemap_dff$6192 to $_DFFE_PP_ for $techmap\u_core.$0\reg_op1[31:0] [27] -> \u_core.reg_op1 [27].
  converting $_DFF_P_ cell $auto$simplemap.cc:420:simplemap_dff$6193 to $_DFFE_PP_ for $techmap\u_core.$0\reg_op1[31:0] [28] -> \u_core.reg_op1 [28].
  converting $_DFF_P_ cell $auto$simplemap.cc:420:simplemap_dff$6194 to $_DFFE_PP_ for $techmap\u_core.$0\reg_op1[31:0] [29] -> \u_core.reg_op1 [29].
  converting $_DFF_P_ cell $auto$simplemap.cc:420:simplemap_dff$6195 to $_DFFE_PP_ for $techmap\u_core.$0\reg_op1[31:0] [30] -> \u_core.reg_op1 [30].
  converting $_DFF_P_ cell $auto$simplemap.cc:420:simplemap_dff$6196 to $_DFFE_PP_ for $techmap\u_core.$0\reg_op1[31:0] [31] -> \u_core.reg_op1 [31].
  converting $_DFF_P_ cell $auto$simplemap.cc:420:simplemap_dff$6197 to $_DFFE_PP_ for $techmap\u_core.$0\reg_next_pc[31:0] [0] -> \u_core.reg_next_pc [0].
  converting $_DFF_P_ cell $auto$simplemap.cc:420:simplemap_dff$6198 to $_DFFE_PP_ for $techmap\u_core.$0\reg_next_pc[31:0] [1] -> \u_core.reg_next_pc [1].
  converting $_DFF_P_ cell $auto$simplemap.cc:420:simplemap_dff$6199 to $_DFFE_PP_ for $techmap\u_core.$0\reg_next_pc[31:0] [2] -> \u_core.reg_next_pc [2].
  converting $_DFF_P_ cell $auto$simplemap.cc:420:simplemap_dff$6200 to $_DFFE_PP_ for $techmap\u_core.$0\reg_next_pc[31:0] [3] -> \u_core.reg_next_pc [3].
  converting $_DFF_P_ cell $auto$simplemap.cc:420:simplemap_dff$6201 to $_DFFE_PP_ for $techmap\u_core.$0\reg_next_pc[31:0] [4] -> \u_core.reg_next_pc [4].
  converting $_DFF_P_ cell $auto$simplemap.cc:420:simplemap_dff$6202 to $_DFFE_PP_ for $techmap\u_core.$0\reg_next_pc[31:0] [5] -> \u_core.reg_next_pc [5].
  converting $_DFF_P_ cell $auto$simplemap.cc:420:simplemap_dff$6203 to $_DFFE_PP_ for $techmap\u_core.$0\reg_next_pc[31:0] [6] -> \u_core.reg_next_pc [6].
  converting $_DFF_P_ cell $auto$simplemap.cc:420:simplemap_dff$6204 to $_DFFE_PP_ for $techmap\u_core.$0\reg_next_pc[31:0] [7] -> \u_core.reg_next_pc [7].
  converting $_DFF_P_ cell $auto$simplemap.cc:420:simplemap_dff$6205 to $_DFFE_PP_ for $techmap\u_core.$0\reg_next_pc[31:0] [8] -> \u_core.reg_next_pc [8].
  converting $_DFF_P_ cell $auto$simplemap.cc:420:simplemap_dff$6206 to $_DFFE_PP_ for $techmap\u_core.$0\reg_next_pc[31:0] [9] -> \u_core.reg_next_pc [9].
  converting $_DFF_P_ cell $auto$simplemap.cc:420:simplemap_dff$6207 to $_DFFE_PP_ for $techmap\u_core.$0\reg_next_pc[31:0] [10] -> \u_core.reg_next_pc [10].
  converting $_DFF_P_ cell $auto$simplemap.cc:420:simplemap_dff$6208 to $_DFFE_PP_ for $techmap\u_core.$0\reg_next_pc[31:0] [11] -> \u_core.reg_next_pc [11].
  converting $_DFF_P_ cell $auto$simplemap.cc:420:simplemap_dff$6209 to $_DFFE_PP_ for $techmap\u_core.$0\reg_next_pc[31:0] [12] -> \u_core.reg_next_pc [12].
  converting $_DFF_P_ cell $auto$simplemap.cc:420:simplemap_dff$6210 to $_DFFE_PP_ for $techmap\u_core.$0\reg_next_pc[31:0] [13] -> \u_core.reg_next_pc [13].
  converting $_DFF_P_ cell $auto$simplemap.cc:420:simplemap_dff$6211 to $_DFFE_PP_ for $techmap\u_core.$0\reg_next_pc[31:0] [14] -> \u_core.reg_next_pc [14].
  converting $_DFF_P_ cell $auto$simplemap.cc:420:simplemap_dff$6212 to $_DFFE_PP_ for $techmap\u_core.$0\reg_next_pc[31:0] [15] -> \u_core.reg_next_pc [15].
  converting $_DFF_P_ cell $auto$simplemap.cc:420:simplemap_dff$6213 to $_DFFE_PP_ for $techmap\u_core.$0\reg_next_pc[31:0] [16] -> \u_core.reg_next_pc [16].
  converting $_DFF_P_ cell $auto$simplemap.cc:420:simplemap_dff$6214 to $_DFFE_PP_ for $techmap\u_core.$0\reg_next_pc[31:0] [17] -> \u_core.reg_next_pc [17].
  converting $_DFF_P_ cell $auto$simplemap.cc:420:simplemap_dff$6215 to $_DFFE_PP_ for $techmap\u_core.$0\reg_next_pc[31:0] [18] -> \u_core.reg_next_pc [18].
  converting $_DFF_P_ cell $auto$simplemap.cc:420:simplemap_dff$6216 to $_DFFE_PP_ for $techmap\u_core.$0\reg_next_pc[31:0] [19] -> \u_core.reg_next_pc [19].
  converting $_DFF_P_ cell $auto$simplemap.cc:420:simplemap_dff$6217 to $_DFFE_PP_ for $techmap\u_core.$0\reg_next_pc[31:0] [20] -> \u_core.reg_next_pc [20].
  converting $_DFF_P_ cell $auto$simplemap.cc:420:simplemap_dff$6218 to $_DFFE_PP_ for $techmap\u_core.$0\reg_next_pc[31:0] [21] -> \u_core.reg_next_pc [21].
  converting $_DFF_P_ cell $auto$simplemap.cc:420:simplemap_dff$6219 to $_DFFE_PP_ for $techmap\u_core.$0\reg_next_pc[31:0] [22] -> \u_core.reg_next_pc [22].
  converting $_DFF_P_ cell $auto$simplemap.cc:420:simplemap_dff$6220 to $_DFFE_PP_ for $techmap\u_core.$0\reg_next_pc[31:0] [23] -> \u_core.reg_next_pc [23].
  converting $_DFF_P_ cell $auto$simplemap.cc:420:simplemap_dff$6221 to $_DFFE_PP_ for $techmap\u_core.$0\reg_next_pc[31:0] [24] -> \u_core.reg_next_pc [24].
  converting $_DFF_P_ cell $auto$simplemap.cc:420:simplemap_dff$6222 to $_DFFE_PP_ for $techmap\u_core.$0\reg_next_pc[31:0] [25] -> \u_core.reg_next_pc [25].
  converting $_DFF_P_ cell $auto$simplemap.cc:420:simplemap_dff$6223 to $_DFFE_PP_ for $techmap\u_core.$0\reg_next_pc[31:0] [26] -> \u_core.reg_next_pc [26].
  converting $_DFF_P_ cell $auto$simplemap.cc:420:simplemap_dff$6224 to $_DFFE_PP_ for $techmap\u_core.$0\reg_next_pc[31:0] [27] -> \u_core.reg_next_pc [27].
  converting $_DFF_P_ cell $auto$simplemap.cc:420:simplemap_dff$6225 to $_DFFE_PP_ for $techmap\u_core.$0\reg_next_pc[31:0] [28] -> \u_core.reg_next_pc [28].
  converting $_DFF_P_ cell $auto$simplemap.cc:420:simplemap_dff$6226 to $_DFFE_PP_ for $techmap\u_core.$0\reg_next_pc[31:0] [29] -> \u_core.reg_next_pc [29].
  converting $_DFF_P_ cell $auto$simplemap.cc:420:simplemap_dff$6227 to $_DFFE_PP_ for $techmap\u_core.$0\reg_next_pc[31:0] [30] -> \u_core.reg_next_pc [30].
  converting $_DFF_P_ cell $auto$simplemap.cc:420:simplemap_dff$6228 to $_DFFE_PP_ for $techmap\u_core.$0\reg_next_pc[31:0] [31] -> \u_core.reg_next_pc [31].
  converting $_DFF_P_ cell $auto$simplemap.cc:420:simplemap_dff$6229 to $_DFFE_PP_ for $techmap\u_core.$0\reg_pc[31:0] [0] -> \u_core.reg_pc [0].
  converting $_DFF_P_ cell $auto$simplemap.cc:420:simplemap_dff$6230 to $_DFFE_PP_ for $techmap\u_core.$0\reg_pc[31:0] [1] -> \u_core.reg_pc [1].
  converting $_DFF_P_ cell $auto$simplemap.cc:420:simplemap_dff$6231 to $_DFFE_PP_ for $techmap\u_core.$0\reg_pc[31:0] [2] -> \u_core.reg_pc [2].
  converting $_DFF_P_ cell $auto$simplemap.cc:420:simplemap_dff$6232 to $_DFFE_PP_ for $techmap\u_core.$0\reg_pc[31:0] [3] -> \u_core.reg_pc [3].
  converting $_DFF_P_ cell $auto$simplemap.cc:420:simplemap_dff$6233 to $_DFFE_PP_ for $techmap\u_core.$0\reg_pc[31:0] [4] -> \u_core.reg_pc [4].
  converting $_DFF_P_ cell $auto$simplemap.cc:420:simplemap_dff$6234 to $_DFFE_PP_ for $techmap\u_core.$0\reg_pc[31:0] [5] -> \u_core.reg_pc [5].
  converting $_DFF_P_ cell $auto$simplemap.cc:420:simplemap_dff$6235 to $_DFFE_PP_ for $techmap\u_core.$0\reg_pc[31:0] [6] -> \u_core.reg_pc [6].
  converting $_DFF_P_ cell $auto$simplemap.cc:420:simplemap_dff$6236 to $_DFFE_PP_ for $techmap\u_core.$0\reg_pc[31:0] [7] -> \u_core.reg_pc [7].
  converting $_DFF_P_ cell $auto$simplemap.cc:420:simplemap_dff$6237 to $_DFFE_PP_ for $techmap\u_core.$0\reg_pc[31:0] [8] -> \u_core.reg_pc [8].
  converting $_DFF_P_ cell $auto$simplemap.cc:420:simplemap_dff$6238 to $_DFFE_PP_ for $techmap\u_core.$0\reg_pc[31:0] [9] -> \u_core.reg_pc [9].
  converting $_DFF_P_ cell $auto$simplemap.cc:420:simplemap_dff$6239 to $_DFFE_PP_ for $techmap\u_core.$0\reg_pc[31:0] [10] -> \u_core.reg_pc [10].
  converting $_DFF_P_ cell $auto$simplemap.cc:420:simplemap_dff$6240 to $_DFFE_PP_ for $techmap\u_core.$0\reg_pc[31:0] [11] -> \u_core.reg_pc [11].
  converting $_DFF_P_ cell $auto$simplemap.cc:420:simplemap_dff$6241 to $_DFFE_PP_ for $techmap\u_core.$0\reg_pc[31:0] [12] -> \u_core.reg_pc [12].
  converting $_DFF_P_ cell $auto$simplemap.cc:420:simplemap_dff$6242 to $_DFFE_PP_ for $techmap\u_core.$0\reg_pc[31:0] [13] -> \u_core.reg_pc [13].
  converting $_DFF_P_ cell $auto$simplemap.cc:420:simplemap_dff$6243 to $_DFFE_PP_ for $techmap\u_core.$0\reg_pc[31:0] [14] -> \u_core.reg_pc [14].
  converting $_DFF_P_ cell $auto$simplemap.cc:420:simplemap_dff$6244 to $_DFFE_PP_ for $techmap\u_core.$0\reg_pc[31:0] [15] -> \u_core.reg_pc [15].
  converting $_DFF_P_ cell $auto$simplemap.cc:420:simplemap_dff$6245 to $_DFFE_PP_ for $techmap\u_core.$0\reg_pc[31:0] [16] -> \u_core.reg_pc [16].
  converting $_DFF_P_ cell $auto$simplemap.cc:420:simplemap_dff$6246 to $_DFFE_PP_ for $techmap\u_core.$0\reg_pc[31:0] [17] -> \u_core.reg_pc [17].
  converting $_DFF_P_ cell $auto$simplemap.cc:420:simplemap_dff$6247 to $_DFFE_PP_ for $techmap\u_core.$0\reg_pc[31:0] [18] -> \u_core.reg_pc [18].
  converting $_DFF_P_ cell $auto$simplemap.cc:420:simplemap_dff$6248 to $_DFFE_PP_ for $techmap\u_core.$0\reg_pc[31:0] [19] -> \u_core.reg_pc [19].
  converting $_DFF_P_ cell $auto$simplemap.cc:420:simplemap_dff$6249 to $_DFFE_PP_ for $techmap\u_core.$0\reg_pc[31:0] [20] -> \u_core.reg_pc [20].
  converting $_DFF_P_ cell $auto$simplemap.cc:420:simplemap_dff$6250 to $_DFFE_PP_ for $techmap\u_core.$0\reg_pc[31:0] [21] -> \u_core.reg_pc [21].
  converting $_DFF_P_ cell $auto$simplemap.cc:420:simplemap_dff$6251 to $_DFFE_PP_ for $techmap\u_core.$0\reg_pc[31:0] [22] -> \u_core.reg_pc [22].
  converting $_DFF_P_ cell $auto$simplemap.cc:420:simplemap_dff$6252 to $_DFFE_PP_ for $techmap\u_core.$0\reg_pc[31:0] [23] -> \u_core.reg_pc [23].
  converting $_DFF_P_ cell $auto$simplemap.cc:420:simplemap_dff$6253 to $_DFFE_PP_ for $techmap\u_core.$0\reg_pc[31:0] [24] -> \u_core.reg_pc [24].
  converting $_DFF_P_ cell $auto$simplemap.cc:420:simplemap_dff$6254 to $_DFFE_PP_ for $techmap\u_core.$0\reg_pc[31:0] [25] -> \u_core.reg_pc [25].
  converting $_DFF_P_ cell $auto$simplemap.cc:420:simplemap_dff$6255 to $_DFFE_PP_ for $techmap\u_core.$0\reg_pc[31:0] [26] -> \u_core.reg_pc [26].
  converting $_DFF_P_ cell $auto$simplemap.cc:420:simplemap_dff$6256 to $_DFFE_PP_ for $techmap\u_core.$0\reg_pc[31:0] [27] -> \u_core.reg_pc [27].
  converting $_DFF_P_ cell $auto$simplemap.cc:420:simplemap_dff$6257 to $_DFFE_PP_ for $techmap\u_core.$0\reg_pc[31:0] [28] -> \u_core.reg_pc [28].
  converting $_DFF_P_ cell $auto$simplemap.cc:420:simplemap_dff$6258 to $_DFFE_PP_ for $techmap\u_core.$0\reg_pc[31:0] [29] -> \u_core.reg_pc [29].
  converting $_DFF_P_ cell $auto$simplemap.cc:420:simplemap_dff$6259 to $_DFFE_PP_ for $techmap\u_core.$0\reg_pc[31:0] [30] -> \u_core.reg_pc [30].
  converting $_DFF_P_ cell $auto$simplemap.cc:420:simplemap_dff$6260 to $_DFFE_PP_ for $techmap\u_core.$0\reg_pc[31:0] [31] -> \u_core.reg_pc [31].
  converting $_DFF_P_ cell $auto$simplemap.cc:420:simplemap_dff$6261 to $_DFFE_PP_ for $techmap\u_core.$0\count_instr[63:0] [0] -> \u_core.count_instr [0].
  converting $_DFF_P_ cell $auto$simplemap.cc:420:simplemap_dff$6262 to $_DFFE_PP_ for $techmap\u_core.$0\count_instr[63:0] [1] -> \u_core.count_instr [1].
  converting $_DFF_P_ cell $auto$simplemap.cc:420:simplemap_dff$6263 to $_DFFE_PP_ for $techmap\u_core.$0\count_instr[63:0] [2] -> \u_core.count_instr [2].
  converting $_DFF_P_ cell $auto$simplemap.cc:420:simplemap_dff$6264 to $_DFFE_PP_ for $techmap\u_core.$0\count_instr[63:0] [3] -> \u_core.count_instr [3].
  converting $_DFF_P_ cell $auto$simplemap.cc:420:simplemap_dff$6265 to $_DFFE_PP_ for $techmap\u_core.$0\count_instr[63:0] [4] -> \u_core.count_instr [4].
  converting $_DFF_P_ cell $auto$simplemap.cc:420:simplemap_dff$6266 to $_DFFE_PP_ for $techmap\u_core.$0\count_instr[63:0] [5] -> \u_core.count_instr [5].
  converting $_DFF_P_ cell $auto$simplemap.cc:420:simplemap_dff$6267 to $_DFFE_PP_ for $techmap\u_core.$0\count_instr[63:0] [6] -> \u_core.count_instr [6].
  converting $_DFF_P_ cell $auto$simplemap.cc:420:simplemap_dff$6268 to $_DFFE_PP_ for $techmap\u_core.$0\count_instr[63:0] [7] -> \u_core.count_instr [7].
  converting $_DFF_P_ cell $auto$simplemap.cc:420:simplemap_dff$6269 to $_DFFE_PP_ for $techmap\u_core.$0\count_instr[63:0] [8] -> \u_core.count_instr [8].
  converting $_DFF_P_ cell $auto$simplemap.cc:420:simplemap_dff$6270 to $_DFFE_PP_ for $techmap\u_core.$0\count_instr[63:0] [9] -> \u_core.count_instr [9].
  converting $_DFF_P_ cell $auto$simplemap.cc:420:simplemap_dff$6271 to $_DFFE_PP_ for $techmap\u_core.$0\count_instr[63:0] [10] -> \u_core.count_instr [10].
  converting $_DFF_P_ cell $auto$simplemap.cc:420:simplemap_dff$6272 to $_DFFE_PP_ for $techmap\u_core.$0\count_instr[63:0] [11] -> \u_core.count_instr [11].
  converting $_DFF_P_ cell $auto$simplemap.cc:420:simplemap_dff$6273 to $_DFFE_PP_ for $techmap\u_core.$0\count_instr[63:0] [12] -> \u_core.count_instr [12].
  converting $_DFF_P_ cell $auto$simplemap.cc:420:simplemap_dff$6274 to $_DFFE_PP_ for $techmap\u_core.$0\count_instr[63:0] [13] -> \u_core.count_instr [13].
  converting $_DFF_P_ cell $auto$simplemap.cc:420:simplemap_dff$6275 to $_DFFE_PP_ for $techmap\u_core.$0\count_instr[63:0] [14] -> \u_core.count_instr [14].
  converting $_DFF_P_ cell $auto$simplemap.cc:420:simplemap_dff$6276 to $_DFFE_PP_ for $techmap\u_core.$0\count_instr[63:0] [15] -> \u_core.count_instr [15].
  converting $_DFF_P_ cell $auto$simplemap.cc:420:simplemap_dff$6277 to $_DFFE_PP_ for $techmap\u_core.$0\count_instr[63:0] [16] -> \u_core.count_instr [16].
  converting $_DFF_P_ cell $auto$simplemap.cc:420:simplemap_dff$6278 to $_DFFE_PP_ for $techmap\u_core.$0\count_instr[63:0] [17] -> \u_core.count_instr [17].
  converting $_DFF_P_ cell $auto$simplemap.cc:420:simplemap_dff$6279 to $_DFFE_PP_ for $techmap\u_core.$0\count_instr[63:0] [18] -> \u_core.count_instr [18].
  converting $_DFF_P_ cell $auto$simplemap.cc:420:simplemap_dff$6280 to $_DFFE_PP_ for $techmap\u_core.$0\count_instr[63:0] [19] -> \u_core.count_instr [19].
  converting $_DFF_P_ cell $auto$simplemap.cc:420:simplemap_dff$6281 to $_DFFE_PP_ for $techmap\u_core.$0\count_instr[63:0] [20] -> \u_core.count_instr [20].
  converting $_DFF_P_ cell $auto$simplemap.cc:420:simplemap_dff$6282 to $_DFFE_PP_ for $techmap\u_core.$0\count_instr[63:0] [21] -> \u_core.count_instr [21].
  converting $_DFF_P_ cell $auto$simplemap.cc:420:simplemap_dff$6283 to $_DFFE_PP_ for $techmap\u_core.$0\count_instr[63:0] [22] -> \u_core.count_instr [22].
  converting $_DFF_P_ cell $auto$simplemap.cc:420:simplemap_dff$6284 to $_DFFE_PP_ for $techmap\u_core.$0\count_instr[63:0] [23] -> \u_core.count_instr [23].
  converting $_DFF_P_ cell $auto$simplemap.cc:420:simplemap_dff$6285 to $_DFFE_PP_ for $techmap\u_core.$0\count_instr[63:0] [24] -> \u_core.count_instr [24].
  converting $_DFF_P_ cell $auto$simplemap.cc:420:simplemap_dff$6286 to $_DFFE_PP_ for $techmap\u_core.$0\count_instr[63:0] [25] -> \u_core.count_instr [25].
  converting $_DFF_P_ cell $auto$simplemap.cc:420:simplemap_dff$6287 to $_DFFE_PP_ for $techmap\u_core.$0\count_instr[63:0] [26] -> \u_core.count_instr [26].
  converting $_DFF_P_ cell $auto$simplemap.cc:420:simplemap_dff$6288 to $_DFFE_PP_ for $techmap\u_core.$0\count_instr[63:0] [27] -> \u_core.count_instr [27].
  converting $_DFF_P_ cell $auto$simplemap.cc:420:simplemap_dff$6289 to $_DFFE_PP_ for $techmap\u_core.$0\count_instr[63:0] [28] -> \u_core.count_instr [28].
  converting $_DFF_P_ cell $auto$simplemap.cc:420:simplemap_dff$6290 to $_DFFE_PP_ for $techmap\u_core.$0\count_instr[63:0] [29] -> \u_core.count_instr [29].
  converting $_DFF_P_ cell $auto$simplemap.cc:420:simplemap_dff$6291 to $_DFFE_PP_ for $techmap\u_core.$0\count_instr[63:0] [30] -> \u_core.count_instr [30].
  converting $_DFF_P_ cell $auto$simplemap.cc:420:simplemap_dff$6292 to $_DFFE_PP_ for $techmap\u_core.$0\count_instr[63:0] [31] -> \u_core.count_instr [31].
  converting $_DFF_P_ cell $auto$simplemap.cc:420:simplemap_dff$6293 to $_DFFE_PP_ for $techmap\u_core.$0\count_instr[63:0] [32] -> \u_core.count_instr [32].
  converting $_DFF_P_ cell $auto$simplemap.cc:420:simplemap_dff$6294 to $_DFFE_PP_ for $techmap\u_core.$0\count_instr[63:0] [33] -> \u_core.count_instr [33].
  converting $_DFF_P_ cell $auto$simplemap.cc:420:simplemap_dff$6295 to $_DFFE_PP_ for $techmap\u_core.$0\count_instr[63:0] [34] -> \u_core.count_instr [34].
  converting $_DFF_P_ cell $auto$simplemap.cc:420:simplemap_dff$6296 to $_DFFE_PP_ for $techmap\u_core.$0\count_instr[63:0] [35] -> \u_core.count_instr [35].
  converting $_DFF_P_ cell $auto$simplemap.cc:420:simplemap_dff$6297 to $_DFFE_PP_ for $techmap\u_core.$0\count_instr[63:0] [36] -> \u_core.count_instr [36].
  converting $_DFF_P_ cell $auto$simplemap.cc:420:simplemap_dff$6298 to $_DFFE_PP_ for $techmap\u_core.$0\count_instr[63:0] [37] -> \u_core.count_instr [37].
  converting $_DFF_P_ cell $auto$simplemap.cc:420:simplemap_dff$6299 to $_DFFE_PP_ for $techmap\u_core.$0\count_instr[63:0] [38] -> \u_core.count_instr [38].
  converting $_DFF_P_ cell $auto$simplemap.cc:420:simplemap_dff$6300 to $_DFFE_PP_ for $techmap\u_core.$0\count_instr[63:0] [39] -> \u_core.count_instr [39].
  converting $_DFF_P_ cell $auto$simplemap.cc:420:simplemap_dff$6301 to $_DFFE_PP_ for $techmap\u_core.$0\count_instr[63:0] [40] -> \u_core.count_instr [40].
  converting $_DFF_P_ cell $auto$simplemap.cc:420:simplemap_dff$6302 to $_DFFE_PP_ for $techmap\u_core.$0\count_instr[63:0] [41] -> \u_core.count_instr [41].
  converting $_DFF_P_ cell $auto$simplemap.cc:420:simplemap_dff$6303 to $_DFFE_PP_ for $techmap\u_core.$0\count_instr[63:0] [42] -> \u_core.count_instr [42].
  converting $_DFF_P_ cell $auto$simplemap.cc:420:simplemap_dff$6304 to $_DFFE_PP_ for $techmap\u_core.$0\count_instr[63:0] [43] -> \u_core.count_instr [43].
  converting $_DFF_P_ cell $auto$simplemap.cc:420:simplemap_dff$6305 to $_DFFE_PP_ for $techmap\u_core.$0\count_instr[63:0] [44] -> \u_core.count_instr [44].
  converting $_DFF_P_ cell $auto$simplemap.cc:420:simplemap_dff$6306 to $_DFFE_PP_ for $techmap\u_core.$0\count_instr[63:0] [45] -> \u_core.count_instr [45].
  converting $_DFF_P_ cell $auto$simplemap.cc:420:simplemap_dff$6307 to $_DFFE_PP_ for $techmap\u_core.$0\count_instr[63:0] [46] -> \u_core.count_instr [46].
  converting $_DFF_P_ cell $auto$simplemap.cc:420:simplemap_dff$6308 to $_DFFE_PP_ for $techmap\u_core.$0\count_instr[63:0] [47] -> \u_core.count_instr [47].
  converting $_DFF_P_ cell $auto$simplemap.cc:420:simplemap_dff$6309 to $_DFFE_PP_ for $techmap\u_core.$0\count_instr[63:0] [48] -> \u_core.count_instr [48].
  converting $_DFF_P_ cell $auto$simplemap.cc:420:simplemap_dff$6310 to $_DFFE_PP_ for $techmap\u_core.$0\count_instr[63:0] [49] -> \u_core.count_instr [49].
  converting $_DFF_P_ cell $auto$simplemap.cc:420:simplemap_dff$6311 to $_DFFE_PP_ for $techmap\u_core.$0\count_instr[63:0] [50] -> \u_core.count_instr [50].
  converting $_DFF_P_ cell $auto$simplemap.cc:420:simplemap_dff$6312 to $_DFFE_PP_ for $techmap\u_core.$0\count_instr[63:0] [51] -> \u_core.count_instr [51].
  converting $_DFF_P_ cell $auto$simplemap.cc:420:simplemap_dff$6313 to $_DFFE_PP_ for $techmap\u_core.$0\count_instr[63:0] [52] -> \u_core.count_instr [52].
  converting $_DFF_P_ cell $auto$simplemap.cc:420:simplemap_dff$6314 to $_DFFE_PP_ for $techmap\u_core.$0\count_instr[63:0] [53] -> \u_core.count_instr [53].
  converting $_DFF_P_ cell $auto$simplemap.cc:420:simplemap_dff$6315 to $_DFFE_PP_ for $techmap\u_core.$0\count_instr[63:0] [54] -> \u_core.count_instr [54].
  converting $_DFF_P_ cell $auto$simplemap.cc:420:simplemap_dff$6316 to $_DFFE_PP_ for $techmap\u_core.$0\count_instr[63:0] [55] -> \u_core.count_instr [55].
  converting $_DFF_P_ cell $auto$simplemap.cc:420:simplemap_dff$6317 to $_DFFE_PP_ for $techmap\u_core.$0\count_instr[63:0] [56] -> \u_core.count_instr [56].
  converting $_DFF_P_ cell $auto$simplemap.cc:420:simplemap_dff$6318 to $_DFFE_PP_ for $techmap\u_core.$0\count_instr[63:0] [57] -> \u_core.count_instr [57].
  converting $_DFF_P_ cell $auto$simplemap.cc:420:simplemap_dff$6319 to $_DFFE_PP_ for $techmap\u_core.$0\count_instr[63:0] [58] -> \u_core.count_instr [58].
  converting $_DFF_P_ cell $auto$simplemap.cc:420:simplemap_dff$6320 to $_DFFE_PP_ for $techmap\u_core.$0\count_instr[63:0] [59] -> \u_core.count_instr [59].
  converting $_DFF_P_ cell $auto$simplemap.cc:420:simplemap_dff$6321 to $_DFFE_PP_ for $techmap\u_core.$0\count_instr[63:0] [60] -> \u_core.count_instr [60].
  converting $_DFF_P_ cell $auto$simplemap.cc:420:simplemap_dff$6322 to $_DFFE_PP_ for $techmap\u_core.$0\count_instr[63:0] [61] -> \u_core.count_instr [61].
  converting $_DFF_P_ cell $auto$simplemap.cc:420:simplemap_dff$6323 to $_DFFE_PP_ for $techmap\u_core.$0\count_instr[63:0] [62] -> \u_core.count_instr [62].
  converting $_DFF_P_ cell $auto$simplemap.cc:420:simplemap_dff$6324 to $_DFFE_PP_ for $techmap\u_core.$0\count_instr[63:0] [63] -> \u_core.count_instr [63].
  converting $_DFF_P_ cell $auto$simplemap.cc:420:simplemap_dff$6326 to $_DFFE_PP_ for $techmap\u_core.$0\count_cycle[63:0] [1] -> \u_core.count_cycle [1].

4.35. Executing TECHMAP pass (map to technology primitives).

4.35.1. Executing Verilog-2005 frontend: /usr/bin/../share/yosys/ice40/cells_map.v
Parsing Verilog input from `/usr/bin/../share/yosys/ice40/cells_map.v' to AST representation.
Generating RTLIL representation for module `\$_DFF_N_'.
Generating RTLIL representation for module `\$_DFF_P_'.
Generating RTLIL representation for module `\$_DFFE_NN_'.
Generating RTLIL representation for module `\$_DFFE_PN_'.
Generating RTLIL representation for module `\$_DFFE_NP_'.
Generating RTLIL representation for module `\$_DFFE_PP_'.
Generating RTLIL representation for module `\$_DFF_NN0_'.
Generating RTLIL representation for module `\$_DFF_NN1_'.
Generating RTLIL representation for module `\$_DFF_PN0_'.
Generating RTLIL representation for module `\$_DFF_PN1_'.
Generating RTLIL representation for module `\$_DFF_NP0_'.
Generating RTLIL representation for module `\$_DFF_NP1_'.
Generating RTLIL representation for module `\$_DFF_PP0_'.
Generating RTLIL representation for module `\$_DFF_PP1_'.
Generating RTLIL representation for module `\$__DFFE_NN0'.
Generating RTLIL representation for module `\$__DFFE_NN1'.
Generating RTLIL representation for module `\$__DFFE_PN0'.
Generating RTLIL representation for module `\$__DFFE_PN1'.
Generating RTLIL representation for module `\$__DFFE_NP0'.
Generating RTLIL representation for module `\$__DFFE_NP1'.
Generating RTLIL representation for module `\$__DFFE_PP0'.
Generating RTLIL representation for module `\$__DFFE_PP1'.
Successfully finished Verilog frontend.

4.35.2. Continuing TECHMAP pass.
Using template \$_DFF_P_ for cells of type $_DFF_P_.
Using template \$_DFFE_PP_ for cells of type $_DFFE_PP_.
No more expansions possible.
<suppressed ~566 debug messages>

4.36. Executing OPT_EXPR pass (perform const folding).
Optimizing module picorv32_baseline_c_wrapper.
<suppressed ~1032 debug messages>

4.37. Executing SIMPLEMAP pass (map simple cells to gate primitives).

4.38. Executing ICE40_FFINIT pass (implement FF init values).
Handling FF init values in picorv32_baseline_c_wrapper.

4.39. Executing ICE40_FFSSR pass (merge synchronous set/reset into FF cells).
Merging set/reset $_MUX_ cells into SB_FFs in picorv32_baseline_c_wrapper.
  Merging $auto$simplemap.cc:277:simplemap_mux$5060 (A=$auto$memory_bram.cc:837:replace_cell$4754 [15], B=1'0, S=$auto$simplemap.cc:256:simplemap_eqne$5068) into $auto$simplemap.cc:420:simplemap_dff$5058 (SB_DFF).
  Merging $auto$simplemap.cc:277:simplemap_mux$10321 (A=\u_core.mem_rdata_q [1], B=1'0, S=\u_core.mem_valid) into $auto$simplemap.cc:420:simplemap_dff$5801 (SB_DFF).
  Merging $auto$simplemap.cc:277:simplemap_mux$5170 (A=$auto$memory_bram.cc:837:replace_cell$4754 [15], B=1'0, S=$auto$simplemap.cc:256:simplemap_eqne$5193) into $auto$simplemap.cc:420:simplemap_dff$5167 (SB_DFF).
  Merging $auto$simplemap.cc:277:simplemap_mux$9193 (A=1'0, B=$techmap\u_core.$add$../picorv32.v:1467$1395_Y [8], S=\resetn) into $auto$simplemap.cc:420:simplemap_dff$6333 (SB_DFF).
  Merging $auto$simplemap.cc:277:simplemap_mux$10350 (A=\u_core.mem_rdata_q [30], B=1'0, S=\u_core.mem_valid) into $auto$simplemap.cc:420:simplemap_dff$5830 (SB_DFF).
  Merging $auto$simplemap.cc:277:simplemap_mux$10322 (A=\u_core.mem_rdata_q [2], B=1'0, S=\u_core.mem_valid) into $auto$simplemap.cc:420:simplemap_dff$5802 (SB_DFF).
  Merging $auto$simplemap.cc:277:simplemap_mux$10323 (A=\u_core.mem_rdata_q [3], B=1'0, S=\u_core.mem_valid) into $auto$simplemap.cc:420:simplemap_dff$5803 (SB_DFF).
  Merging $auto$simplemap.cc:277:simplemap_mux$10324 (A=\u_core.mem_rdata_q [4], B=1'0, S=\u_core.mem_valid) into $auto$simplemap.cc:420:simplemap_dff$5804 (SB_DFF).
  Merging $auto$simplemap.cc:277:simplemap_mux$10325 (A=\u_core.mem_rdata_q [5], B=1'0, S=\u_core.mem_valid) into $auto$simplemap.cc:420:simplemap_dff$5805 (SB_DFF).
  Merging $auto$simplemap.cc:277:simplemap_mux$10326 (A=\u_core.mem_rdata_q [6], B=1'0, S=\u_core.mem_valid) into $auto$simplemap.cc:420:simplemap_dff$5806 (SB_DFF).
  Merging $auto$simplemap.cc:277:simplemap_mux$10327 (A=\u_core.mem_rdata_q [7], B=1'0, S=\u_core.mem_valid) into $auto$simplemap.cc:420:simplemap_dff$5807 (SB_DFF).
  Merging $auto$simplemap.cc:277:simplemap_mux$10328 (A=\u_core.mem_rdata_q [8], B=1'0, S=\u_core.mem_valid) into $auto$simplemap.cc:420:simplemap_dff$5808 (SB_DFF).
  Merging $auto$simplemap.cc:277:simplemap_mux$10329 (A=\u_core.mem_rdata_q [9], B=1'0, S=\u_core.mem_valid) into $auto$simplemap.cc:420:simplemap_dff$5809 (SB_DFF).
  Merging $auto$simplemap.cc:277:simplemap_mux$10330 (A=\u_core.mem_rdata_q [10], B=1'0, S=\u_core.mem_valid) into $auto$simplemap.cc:420:simplemap_dff$5810 (SB_DFF).
  Merging $auto$simplemap.cc:277:simplemap_mux$10331 (A=\u_core.mem_rdata_q [11], B=1'0, S=\u_core.mem_valid) into $auto$simplemap.cc:420:simplemap_dff$5811 (SB_DFF).
  Merging $auto$simplemap.cc:277:simplemap_mux$10332 (A=\u_core.mem_rdata_q [12], B=1'0, S=\u_core.mem_valid) into $auto$simplemap.cc:420:simplemap_dff$5812 (SB_DFF).
  Merging $auto$simplemap.cc:277:simplemap_mux$10333 (A=\u_core.mem_rdata_q [13], B=1'0, S=\u_core.mem_valid) into $auto$simplemap.cc:420:simplemap_dff$5813 (SB_DFF).
  Merging $auto$simplemap.cc:277:simplemap_mux$10334 (A=\u_core.mem_rdata_q [14], B=1'0, S=\u_core.mem_valid) into $auto$simplemap.cc:420:simplemap_dff$5814 (SB_DFF).
  Merging $auto$simplemap.cc:277:simplemap_mux$10335 (A=\u_core.mem_rdata_q [15], B=1'0, S=\u_core.mem_valid) into $auto$simplemap.cc:420:simplemap_dff$5815 (SB_DFF).
  Merging $auto$simplemap.cc:277:simplemap_mux$10336 (A=\u_core.mem_rdata_q [16], B=1'0, S=\u_core.mem_valid) into $auto$simplemap.cc:420:simplemap_dff$5816 (SB_DFF).
  Merging $auto$simplemap.cc:277:simplemap_mux$10337 (A=\u_core.mem_rdata_q [17], B=1'0, S=\u_core.mem_valid) into $auto$simplemap.cc:420:simplemap_dff$5817 (SB_DFF).
  Merging $auto$simplemap.cc:277:simplemap_mux$10338 (A=\u_core.mem_rdata_q [18], B=1'0, S=\u_core.mem_valid) into $auto$simplemap.cc:420:simplemap_dff$5818 (SB_DFF).
  Merging $auto$simplemap.cc:277:simplemap_mux$10339 (A=\u_core.mem_rdata_q [19], B=1'0, S=\u_core.mem_valid) into $auto$simplemap.cc:420:simplemap_dff$5819 (SB_DFF).
  Merging $auto$simplemap.cc:277:simplemap_mux$10340 (A=\u_core.mem_rdata_q [20], B=1'0, S=\u_core.mem_valid) into $auto$simplemap.cc:420:simplemap_dff$5820 (SB_DFF).
  Merging $auto$simplemap.cc:277:simplemap_mux$10341 (A=\u_core.mem_rdata_q [21], B=1'0, S=\u_core.mem_valid) into $auto$simplemap.cc:420:simplemap_dff$5821 (SB_DFF).
  Merging $auto$simplemap.cc:277:simplemap_mux$10342 (A=\u_core.mem_rdata_q [22], B=1'0, S=\u_core.mem_valid) into $auto$simplemap.cc:420:simplemap_dff$5822 (SB_DFF).
  Merging $auto$simplemap.cc:277:simplemap_mux$10343 (A=\u_core.mem_rdata_q [23], B=1'0, S=\u_core.mem_valid) into $auto$simplemap.cc:420:simplemap_dff$5823 (SB_DFF).
  Merging $auto$simplemap.cc:277:simplemap_mux$10344 (A=\u_core.mem_rdata_q [24], B=1'0, S=\u_core.mem_valid) into $auto$simplemap.cc:420:simplemap_dff$5824 (SB_DFF).
  Merging $auto$simplemap.cc:277:simplemap_mux$10345 (A=\u_core.mem_rdata_q [25], B=1'0, S=\u_core.mem_valid) into $auto$simplemap.cc:420:simplemap_dff$5825 (SB_DFF).
  Merging $auto$simplemap.cc:277:simplemap_mux$10346 (A=\u_core.mem_rdata_q [26], B=1'0, S=\u_core.mem_valid) into $auto$simplemap.cc:420:simplemap_dff$5826 (SB_DFF).
  Merging $auto$simplemap.cc:277:simplemap_mux$10347 (A=\u_core.mem_rdata_q [27], B=1'0, S=\u_core.mem_valid) into $auto$simplemap.cc:420:simplemap_dff$5827 (SB_DFF).
  Merging $auto$simplemap.cc:277:simplemap_mux$10348 (A=\u_core.mem_rdata_q [28], B=1'0, S=\u_core.mem_valid) into $auto$simplemap.cc:420:simplemap_dff$5828 (SB_DFF).
  Merging $auto$simplemap.cc:277:simplemap_mux$10349 (A=\u_core.mem_rdata_q [29], B=1'0, S=\u_core.mem_valid) into $auto$simplemap.cc:420:simplemap_dff$5829 (SB_DFF).
  Merging $auto$simplemap.cc:277:simplemap_mux$6498 (A=\u_core.mem_rdata_q [31], B=1'0, S=\u_core.mem_valid) into $auto$simplemap.cc:420:simplemap_dff$5831 (SB_DFF).
  Merging $auto$simplemap.cc:277:simplemap_mux$6655 (A=$techmap$techmap\u_core.$procmux$3955.$reduce_or$/usr/bin/../share/yosys/techmap.v:441$6678_Y, B=1'0, S=$techmap\u_core.$logic_or$../picorv32.v:567$1026_Y) into $auto$simplemap.cc:420:simplemap_dff$5832 (SB_DFFE).
  Merging $auto$simplemap.cc:277:simplemap_mux$6656 (A=$techmap$techmap\u_core.$procmux$3955.$reduce_or$/usr/bin/../share/yosys/techmap.v:441$6679_Y, B=1'0, S=$techmap\u_core.$logic_or$../picorv32.v:567$1026_Y) into $auto$simplemap.cc:420:simplemap_dff$5833 (SB_DFFE).
  Merging $auto$simplemap.cc:277:simplemap_mux$10320 (A=\u_core.mem_rdata_q [0], B=1'0, S=\u_core.mem_valid) into $auto$simplemap.cc:420:simplemap_dff$5800 (SB_DFF).
  Merging $auto$simplemap.cc:277:simplemap_mux$6509 (A=$techmap\u_core.$logic_or$../picorv32.v:381$952_Y, B=1'0, S=\u_core.mem_do_wdata) into $auto$simplemap.cc:420:simplemap_dff$5902 (SB_DFFE).
  Merging $auto$simplemap.cc:277:simplemap_mux$10341 (A=\u_core.mem_rdata_q [21], B=1'0, S=\u_core.mem_valid) into $auto$simplemap.cc:420:simplemap_dff$5916 (SB_DFFE).
  Merging $auto$simplemap.cc:277:simplemap_mux$6499 (A=$techmap$techmap\u_core.$procmux$4013.$and$/usr/bin/../share/yosys/techmap.v:434$6505_Y, B=1'0, S=$techmap\u_core.$logic_or$../picorv32.v:567$1026_Y) into $auto$simplemap.cc:420:simplemap_dff$5903 (SB_DFFE).
  Merging $auto$simplemap.cc:277:simplemap_mux$6836 (A=1'0, B=$techmap\u_core.$procmux$3398_Y, S=\resetn) into $auto$simplemap.cc:420:simplemap_dff$5904 (SB_DFF).
  Merging $auto$simplemap.cc:277:simplemap_mux$6842 (A=1'0, B=$techmap\u_core.$eq$../picorv32.v:875$1077_Y, S=\resetn) into $auto$simplemap.cc:420:simplemap_dff$5907 (SB_DFFE).
  Merging $auto$simplemap.cc:277:simplemap_mux$10343 (A=\u_core.mem_rdata_q [23], B=1'0, S=\u_core.mem_valid) into $auto$simplemap.cc:420:simplemap_dff$5918 (SB_DFFE).
  Merging $auto$simplemap.cc:277:simplemap_mux$10342 (A=\u_core.mem_rdata_q [22], B=1'0, S=\u_core.mem_valid) into $auto$simplemap.cc:420:simplemap_dff$5917 (SB_DFFE).
  Merging $auto$simplemap.cc:277:simplemap_mux$10344 (A=\u_core.mem_rdata_q [24], B=1'0, S=\u_core.mem_valid) into $auto$simplemap.cc:420:simplemap_dff$5919 (SB_DFFE).
  Merging $auto$simplemap.cc:277:simplemap_mux$10345 (A=\u_core.mem_rdata_q [25], B=1'0, S=\u_core.mem_valid) into $auto$simplemap.cc:420:simplemap_dff$5920 (SB_DFFE).
  Merging $auto$simplemap.cc:277:simplemap_mux$10346 (A=\u_core.mem_rdata_q [26], B=1'0, S=\u_core.mem_valid) into $auto$simplemap.cc:420:simplemap_dff$5921 (SB_DFFE).
  Merging $auto$simplemap.cc:277:simplemap_mux$10347 (A=\u_core.mem_rdata_q [27], B=1'0, S=\u_core.mem_valid) into $auto$simplemap.cc:420:simplemap_dff$5922 (SB_DFFE).
  Merging $auto$simplemap.cc:277:simplemap_mux$10348 (A=\u_core.mem_rdata_q [28], B=1'0, S=\u_core.mem_valid) into $auto$simplemap.cc:420:simplemap_dff$5923 (SB_DFFE).
  Merging $auto$simplemap.cc:277:simplemap_mux$10349 (A=\u_core.mem_rdata_q [29], B=1'0, S=\u_core.mem_valid) into $auto$simplemap.cc:420:simplemap_dff$5924 (SB_DFFE).
  Merging $auto$simplemap.cc:277:simplemap_mux$10350 (A=\u_core.mem_rdata_q [30], B=1'0, S=\u_core.mem_valid) into $auto$simplemap.cc:420:simplemap_dff$5925 (SB_DFFE).
  Merging $auto$simplemap.cc:277:simplemap_mux$10340 (A=\u_core.mem_rdata_q [20], B=1'0, S=\u_core.mem_valid) into $auto$simplemap.cc:420:simplemap_dff$5926 (SB_DFFE).
  Merging $auto$simplemap.cc:277:simplemap_mux$10332 (A=\u_core.mem_rdata_q [12], B=1'0, S=\u_core.mem_valid) into $auto$simplemap.cc:420:simplemap_dff$5927 (SB_DFFE).
  Merging $auto$simplemap.cc:277:simplemap_mux$10333 (A=\u_core.mem_rdata_q [13], B=1'0, S=\u_core.mem_valid) into $auto$simplemap.cc:420:simplemap_dff$5928 (SB_DFFE).
  Merging $auto$simplemap.cc:277:simplemap_mux$10334 (A=\u_core.mem_rdata_q [14], B=1'0, S=\u_core.mem_valid) into $auto$simplemap.cc:420:simplemap_dff$5929 (SB_DFFE).
  Merging $auto$simplemap.cc:277:simplemap_mux$10335 (A=\u_core.mem_rdata_q [15], B=1'0, S=\u_core.mem_valid) into $auto$simplemap.cc:420:simplemap_dff$5930 (SB_DFFE).
  Merging $auto$simplemap.cc:277:simplemap_mux$10336 (A=\u_core.mem_rdata_q [16], B=1'0, S=\u_core.mem_valid) into $auto$simplemap.cc:420:simplemap_dff$5931 (SB_DFFE).
  Merging $auto$simplemap.cc:277:simplemap_mux$10337 (A=\u_core.mem_rdata_q [17], B=1'0, S=\u_core.mem_valid) into $auto$simplemap.cc:420:simplemap_dff$5932 (SB_DFFE).
  Merging $auto$simplemap.cc:277:simplemap_mux$10338 (A=\u_core.mem_rdata_q [18], B=1'0, S=\u_core.mem_valid) into $auto$simplemap.cc:420:simplemap_dff$5933 (SB_DFFE).
  Merging $auto$simplemap.cc:277:simplemap_mux$10339 (A=\u_core.mem_rdata_q [19], B=1'0, S=\u_core.mem_valid) into $auto$simplemap.cc:420:simplemap_dff$5934 (SB_DFFE).
  Merging $auto$simplemap.cc:277:simplemap_mux$6498 (A=\u_core.mem_rdata_q [31], B=1'0, S=\u_core.mem_valid) into $auto$simplemap.cc:420:simplemap_dff$5935 (SB_DFFE).
  Merging $auto$simplemap.cc:277:simplemap_mux$6498 (A=\u_core.mem_rdata_q [31], B=1'0, S=\u_core.mem_valid) into $auto$simplemap.cc:420:simplemap_dff$5936 (SB_DFFE).
  Merging $auto$simplemap.cc:277:simplemap_mux$6498 (A=\u_core.mem_rdata_q [31], B=1'0, S=\u_core.mem_valid) into $auto$simplemap.cc:420:simplemap_dff$5937 (SB_DFFE).
  Merging $auto$simplemap.cc:277:simplemap_mux$6498 (A=\u_core.mem_rdata_q [31], B=1'0, S=\u_core.mem_valid) into $auto$simplemap.cc:420:simplemap_dff$5938 (SB_DFFE).
  Merging $auto$simplemap.cc:277:simplemap_mux$6498 (A=\u_core.mem_rdata_q [31], B=1'0, S=\u_core.mem_valid) into $auto$simplemap.cc:420:simplemap_dff$5939 (SB_DFFE).
  Merging $auto$simplemap.cc:277:simplemap_mux$6498 (A=\u_core.mem_rdata_q [31], B=1'0, S=\u_core.mem_valid) into $auto$simplemap.cc:420:simplemap_dff$5940 (SB_DFFE).
  Merging $auto$simplemap.cc:277:simplemap_mux$6498 (A=\u_core.mem_rdata_q [31], B=1'0, S=\u_core.mem_valid) into $auto$simplemap.cc:420:simplemap_dff$5941 (SB_DFFE).
  Merging $auto$simplemap.cc:277:simplemap_mux$6498 (A=\u_core.mem_rdata_q [31], B=1'0, S=\u_core.mem_valid) into $auto$simplemap.cc:420:simplemap_dff$5942 (SB_DFFE).
  Merging $auto$simplemap.cc:277:simplemap_mux$6498 (A=\u_core.mem_rdata_q [31], B=1'0, S=\u_core.mem_valid) into $auto$simplemap.cc:420:simplemap_dff$5943 (SB_DFFE).
  Merging $auto$simplemap.cc:277:simplemap_mux$6498 (A=\u_core.mem_rdata_q [31], B=1'0, S=\u_core.mem_valid) into $auto$simplemap.cc:420:simplemap_dff$5944 (SB_DFFE).
  Merging $auto$simplemap.cc:277:simplemap_mux$6498 (A=\u_core.mem_rdata_q [31], B=1'0, S=\u_core.mem_valid) into $auto$simplemap.cc:420:simplemap_dff$5945 (SB_DFFE).
  Merging $auto$simplemap.cc:277:simplemap_mux$6498 (A=\u_core.mem_rdata_q [31], B=1'0, S=\u_core.mem_valid) into $auto$simplemap.cc:420:simplemap_dff$5946 (SB_DFFE).
  Merging $auto$simplemap.cc:277:simplemap_mux$13192 (A=1'0, B=$techmap$techmap\u_core.$procmux$3403.$reduce_or$/usr/bin/../share/yosys/techmap.v:441$6805_Y, S=$techmap$techmap\u_core.$procmux$3403.$reduce_or$/usr/bin/../share/yosys/techmap.v:445$6797_Y) into $auto$simplemap.cc:420:simplemap_dff$5948 (SB_DFFE).
  Merging $auto$simplemap.cc:277:simplemap_mux$13193 (A=1'0, B=$techmap$techmap\u_core.$procmux$3403.$reduce_or$/usr/bin/../share/yosys/techmap.v:441$6806_Y, S=$techmap$techmap\u_core.$procmux$3403.$reduce_or$/usr/bin/../share/yosys/techmap.v:445$6797_Y) into $auto$simplemap.cc:420:simplemap_dff$5949 (SB_DFFE).
  Merging $auto$simplemap.cc:277:simplemap_mux$13194 (A=1'0, B=$techmap$techmap\u_core.$procmux$3403.$reduce_or$/usr/bin/../share/yosys/techmap.v:441$6807_Y, S=$techmap$techmap\u_core.$procmux$3403.$reduce_or$/usr/bin/../share/yosys/techmap.v:445$6797_Y) into $auto$simplemap.cc:420:simplemap_dff$5950 (SB_DFFE).
  Merging $auto$simplemap.cc:277:simplemap_mux$13195 (A=1'0, B=$techmap$techmap\u_core.$procmux$3403.$reduce_or$/usr/bin/../share/yosys/techmap.v:441$6808_Y, S=$techmap$techmap\u_core.$procmux$3403.$reduce_or$/usr/bin/../share/yosys/techmap.v:445$6797_Y) into $auto$simplemap.cc:420:simplemap_dff$5951 (SB_DFFE).
  Merging $auto$simplemap.cc:277:simplemap_mux$13196 (A=1'0, B=$techmap$techmap\u_core.$procmux$3403.$reduce_or$/usr/bin/../share/yosys/techmap.v:441$6809_Y, S=$techmap$techmap\u_core.$procmux$3403.$reduce_or$/usr/bin/../share/yosys/techmap.v:445$6797_Y) into $auto$simplemap.cc:420:simplemap_dff$5952 (SB_DFFE).
  Merging $auto$simplemap.cc:277:simplemap_mux$13197 (A=1'0, B=$techmap$techmap\u_core.$procmux$3403.$reduce_or$/usr/bin/../share/yosys/techmap.v:441$6810_Y, S=$techmap$techmap\u_core.$procmux$3403.$reduce_or$/usr/bin/../share/yosys/techmap.v:445$6797_Y) into $auto$simplemap.cc:420:simplemap_dff$5953 (SB_DFFE).
  Merging $auto$simplemap.cc:277:simplemap_mux$13198 (A=1'0, B=$techmap$techmap\u_core.$procmux$3403.$reduce_or$/usr/bin/../share/yosys/techmap.v:441$6811_Y, S=$techmap$techmap\u_core.$procmux$3403.$reduce_or$/usr/bin/../share/yosys/techmap.v:445$6797_Y) into $auto$simplemap.cc:420:simplemap_dff$5954 (SB_DFFE).
  Merging $auto$simplemap.cc:277:simplemap_mux$13200 (A=1'0, B=$techmap$techmap\u_core.$procmux$3403.$reduce_or$/usr/bin/../share/yosys/techmap.v:441$6813_Y, S=$techmap$techmap\u_core.$procmux$3403.$reduce_or$/usr/bin/../share/yosys/techmap.v:445$6797_Y) into $auto$simplemap.cc:420:simplemap_dff$5956 (SB_DFFE).
  Merging $auto$simplemap.cc:277:simplemap_mux$13201 (A=1'0, B=$techmap$techmap\u_core.$procmux$3403.$reduce_or$/usr/bin/../share/yosys/techmap.v:441$6814_Y, S=$techmap$techmap\u_core.$procmux$3403.$reduce_or$/usr/bin/../share/yosys/techmap.v:445$6797_Y) into $auto$simplemap.cc:420:simplemap_dff$5957 (SB_DFFE).
  Merging $auto$simplemap.cc:277:simplemap_mux$13202 (A=1'0, B=$techmap$techmap\u_core.$procmux$3403.$reduce_or$/usr/bin/../share/yosys/techmap.v:441$6815_Y, S=$techmap$techmap\u_core.$procmux$3403.$reduce_or$/usr/bin/../share/yosys/techmap.v:445$6797_Y) into $auto$simplemap.cc:420:simplemap_dff$5958 (SB_DFFE).
  Merging $auto$simplemap.cc:277:simplemap_mux$13203 (A=1'0, B=$techmap$techmap\u_core.$procmux$3403.$reduce_or$/usr/bin/../share/yosys/techmap.v:441$6816_Y, S=$techmap$techmap\u_core.$procmux$3403.$reduce_or$/usr/bin/../share/yosys/techmap.v:445$6797_Y) into $auto$simplemap.cc:420:simplemap_dff$5959 (SB_DFFE).
  Merging $auto$simplemap.cc:277:simplemap_mux$13204 (A=1'0, B=$techmap$techmap\u_core.$procmux$3403.$reduce_or$/usr/bin/../share/yosys/techmap.v:441$6817_Y, S=$techmap$techmap\u_core.$procmux$3403.$reduce_or$/usr/bin/../share/yosys/techmap.v:445$6797_Y) into $auto$simplemap.cc:420:simplemap_dff$5960 (SB_DFFE).
  Merging $auto$simplemap.cc:277:simplemap_mux$13205 (A=1'0, B=$techmap$techmap\u_core.$procmux$3403.$reduce_or$/usr/bin/../share/yosys/techmap.v:441$6818_Y, S=$techmap$techmap\u_core.$procmux$3403.$reduce_or$/usr/bin/../share/yosys/techmap.v:445$6797_Y) into $auto$simplemap.cc:420:simplemap_dff$5961 (SB_DFFE).
  Merging $auto$simplemap.cc:277:simplemap_mux$13206 (A=1'0, B=$techmap$techmap\u_core.$procmux$3403.$reduce_or$/usr/bin/../share/yosys/techmap.v:441$6819_Y, S=$techmap$techmap\u_core.$procmux$3403.$reduce_or$/usr/bin/../share/yosys/techmap.v:445$6797_Y) into $auto$simplemap.cc:420:simplemap_dff$5962 (SB_DFFE).
  Merging $auto$simplemap.cc:277:simplemap_mux$13207 (A=1'0, B=$techmap$techmap\u_core.$procmux$3403.$reduce_or$/usr/bin/../share/yosys/techmap.v:441$6820_Y, S=$techmap$techmap\u_core.$procmux$3403.$reduce_or$/usr/bin/../share/yosys/techmap.v:445$6797_Y) into $auto$simplemap.cc:420:simplemap_dff$5963 (SB_DFFE).
  Merging $auto$simplemap.cc:277:simplemap_mux$13208 (A=1'0, B=$techmap$techmap\u_core.$procmux$3403.$reduce_or$/usr/bin/../share/yosys/techmap.v:441$6821_Y, S=$techmap$techmap\u_core.$procmux$3403.$reduce_or$/usr/bin/../share/yosys/techmap.v:445$6797_Y) into $auto$simplemap.cc:420:simplemap_dff$5964 (SB_DFFE).
  Merging $auto$simplemap.cc:277:simplemap_mux$13209 (A=1'0, B=$techmap$techmap\u_core.$procmux$3403.$reduce_or$/usr/bin/../share/yosys/techmap.v:441$6822_Y, S=$techmap$techmap\u_core.$procmux$3403.$reduce_or$/usr/bin/../share/yosys/techmap.v:445$6797_Y) into $auto$simplemap.cc:420:simplemap_dff$5965 (SB_DFFE).
  Merging $auto$simplemap.cc:277:simplemap_mux$13210 (A=1'0, B=$techmap$techmap\u_core.$procmux$3403.$reduce_or$/usr/bin/../share/yosys/techmap.v:441$6823_Y, S=$techmap$techmap\u_core.$procmux$3403.$reduce_or$/usr/bin/../share/yosys/techmap.v:445$6797_Y) into $auto$simplemap.cc:420:simplemap_dff$5966 (SB_DFFE).
  Merging $auto$simplemap.cc:277:simplemap_mux$13211 (A=1'0, B=$techmap$techmap\u_core.$procmux$3403.$reduce_or$/usr/bin/../share/yosys/techmap.v:441$6824_Y, S=$techmap$techmap\u_core.$procmux$3403.$reduce_or$/usr/bin/../share/yosys/techmap.v:445$6797_Y) into $auto$simplemap.cc:420:simplemap_dff$5967 (SB_DFFE).
  Merging $auto$simplemap.cc:277:simplemap_mux$13212 (A=1'0, B=$techmap$techmap\u_core.$procmux$3403.$reduce_or$/usr/bin/../share/yosys/techmap.v:441$6825_Y, S=$techmap$techmap\u_core.$procmux$3403.$reduce_or$/usr/bin/../share/yosys/techmap.v:445$6797_Y) into $auto$simplemap.cc:420:simplemap_dff$5968 (SB_DFFE).
  Merging $auto$simplemap.cc:277:simplemap_mux$13213 (A=1'0, B=$techmap$techmap\u_core.$procmux$3403.$reduce_or$/usr/bin/../share/yosys/techmap.v:441$6826_Y, S=$techmap$techmap\u_core.$procmux$3403.$reduce_or$/usr/bin/../share/yosys/techmap.v:445$6797_Y) into $auto$simplemap.cc:420:simplemap_dff$5969 (SB_DFFE).
  Merging $auto$simplemap.cc:277:simplemap_mux$13214 (A=1'0, B=$techmap$techmap\u_core.$procmux$3403.$reduce_or$/usr/bin/../share/yosys/techmap.v:441$6827_Y, S=$techmap$techmap\u_core.$procmux$3403.$reduce_or$/usr/bin/../share/yosys/techmap.v:445$6797_Y) into $auto$simplemap.cc:420:simplemap_dff$5970 (SB_DFFE).
  Merging $auto$simplemap.cc:277:simplemap_mux$13215 (A=1'0, B=$techmap$techmap\u_core.$procmux$3403.$reduce_or$/usr/bin/../share/yosys/techmap.v:441$6828_Y, S=$techmap$techmap\u_core.$procmux$3403.$reduce_or$/usr/bin/../share/yosys/techmap.v:445$6797_Y) into $auto$simplemap.cc:420:simplemap_dff$5971 (SB_DFFE).
  Merging $auto$simplemap.cc:277:simplemap_mux$13216 (A=1'0, B=$techmap$techmap\u_core.$procmux$3403.$reduce_or$/usr/bin/../share/yosys/techmap.v:441$6829_Y, S=$techmap$techmap\u_core.$procmux$3403.$reduce_or$/usr/bin/../share/yosys/techmap.v:445$6797_Y) into $auto$simplemap.cc:420:simplemap_dff$5972 (SB_DFFE).
  Merging $auto$simplemap.cc:277:simplemap_mux$13217 (A=1'0, B=$techmap$techmap\u_core.$procmux$3403.$reduce_or$/usr/bin/../share/yosys/techmap.v:441$6830_Y, S=$techmap$techmap\u_core.$procmux$3403.$reduce_or$/usr/bin/../share/yosys/techmap.v:445$6797_Y) into $auto$simplemap.cc:420:simplemap_dff$5973 (SB_DFFE).
  Merging $auto$simplemap.cc:277:simplemap_mux$13218 (A=1'0, B=$techmap$techmap\u_core.$procmux$3403.$reduce_or$/usr/bin/../share/yosys/techmap.v:441$6831_Y, S=$techmap$techmap\u_core.$procmux$3403.$reduce_or$/usr/bin/../share/yosys/techmap.v:445$6797_Y) into $auto$simplemap.cc:420:simplemap_dff$5974 (SB_DFFE).
  Merging $auto$simplemap.cc:277:simplemap_mux$13219 (A=1'0, B=$techmap$techmap\u_core.$procmux$3403.$reduce_or$/usr/bin/../share/yosys/techmap.v:441$6832_Y, S=$techmap$techmap\u_core.$procmux$3403.$reduce_or$/usr/bin/../share/yosys/techmap.v:445$6797_Y) into $auto$simplemap.cc:420:simplemap_dff$5975 (SB_DFFE).
  Merging $auto$simplemap.cc:277:simplemap_mux$13220 (A=1'0, B=$techmap$techmap\u_core.$procmux$3403.$reduce_or$/usr/bin/../share/yosys/techmap.v:441$6833_Y, S=$techmap$techmap\u_core.$procmux$3403.$reduce_or$/usr/bin/../share/yosys/techmap.v:445$6797_Y) into $auto$simplemap.cc:420:simplemap_dff$5976 (SB_DFFE).
  Merging $auto$simplemap.cc:277:simplemap_mux$13221 (A=1'0, B=$techmap$techmap\u_core.$procmux$3403.$reduce_or$/usr/bin/../share/yosys/techmap.v:441$6834_Y, S=$techmap$techmap\u_core.$procmux$3403.$reduce_or$/usr/bin/../share/yosys/techmap.v:445$6797_Y) into $auto$simplemap.cc:420:simplemap_dff$5977 (SB_DFFE).
  Merging $auto$simplemap.cc:277:simplemap_mux$13222 (A=1'0, B=$techmap$techmap\u_core.$procmux$3403.$reduce_or$/usr/bin/../share/yosys/techmap.v:441$6835_Y, S=$techmap$techmap\u_core.$procmux$3403.$reduce_or$/usr/bin/../share/yosys/techmap.v:445$6797_Y) into $auto$simplemap.cc:420:simplemap_dff$5978 (SB_DFFE).
  Merging $auto$simplemap.cc:277:simplemap_mux$13199 (A=1'0, B=$techmap$techmap\u_core.$procmux$3403.$reduce_or$/usr/bin/../share/yosys/techmap.v:441$6812_Y, S=$techmap$techmap\u_core.$procmux$3403.$reduce_or$/usr/bin/../share/yosys/techmap.v:445$6797_Y) into $auto$simplemap.cc:420:simplemap_dff$5955 (SB_DFFE).
  Merging $auto$simplemap.cc:277:simplemap_mux$10327 (A=\u_core.mem_rdata_q [7], B=1'0, S=\u_core.mem_valid) into $auto$simplemap.cc:420:simplemap_dff$5989 (SB_DFFE).
  Merging $auto$simplemap.cc:277:simplemap_mux$10328 (A=\u_core.mem_rdata_q [8], B=1'0, S=\u_core.mem_valid) into $auto$simplemap.cc:420:simplemap_dff$5990 (SB_DFFE).
  Merging $auto$simplemap.cc:277:simplemap_mux$10329 (A=\u_core.mem_rdata_q [9], B=1'0, S=\u_core.mem_valid) into $auto$simplemap.cc:420:simplemap_dff$5991 (SB_DFFE).
  Merging $auto$simplemap.cc:277:simplemap_mux$10330 (A=\u_core.mem_rdata_q [10], B=1'0, S=\u_core.mem_valid) into $auto$simplemap.cc:420:simplemap_dff$5992 (SB_DFFE).
  Merging $auto$simplemap.cc:277:simplemap_mux$10331 (A=\u_core.mem_rdata_q [11], B=1'0, S=\u_core.mem_valid) into $auto$simplemap.cc:420:simplemap_dff$5993 (SB_DFFE).
  Merging $auto$simplemap.cc:277:simplemap_mux$6733 (A=1'0, B=$techmap\u_core.$logic_and$../picorv32.v:1075$1214_Y, S=\resetn) into $auto$simplemap.cc:420:simplemap_dff$6008 (SB_DFFE).
  Merging $auto$simplemap.cc:277:simplemap_mux$6739 (A=1'0, B=$techmap\u_core.$logic_and$../picorv32.v:1078$1226_Y, S=\resetn) into $auto$simplemap.cc:420:simplemap_dff$6005 (SB_DFFE).
  Merging $auto$simplemap.cc:277:simplemap_mux$6737 (A=1'0, B=$techmap\u_core.$logic_and$../picorv32.v:1077$1222_Y, S=\resetn) into $auto$simplemap.cc:420:simplemap_dff$6006 (SB_DFFE).
  Merging $auto$simplemap.cc:277:simplemap_mux$6731 (A=1'0, B=$techmap\u_core.$logic_and$../picorv32.v:1074$1210_Y, S=\resetn) into $auto$simplemap.cc:420:simplemap_dff$6009 (SB_DFFE).
  Merging $auto$simplemap.cc:277:simplemap_mux$6729 (A=1'0, B=$techmap\u_core.$logic_and$../picorv32.v:1073$1206_Y, S=\resetn) into $auto$simplemap.cc:420:simplemap_dff$6010 (SB_DFFE).
  Merging $auto$simplemap.cc:277:simplemap_mux$6727 (A=1'0, B=$techmap\u_core.$logic_and$../picorv32.v:1072$1202_Y, S=\resetn) into $auto$simplemap.cc:420:simplemap_dff$6011 (SB_DFFE).
  Merging $auto$simplemap.cc:277:simplemap_mux$6725 (A=1'0, B=$techmap\u_core.$logic_and$../picorv32.v:1071$1198_Y, S=\resetn) into $auto$simplemap.cc:420:simplemap_dff$6012 (SB_DFFE).
  Merging $auto$simplemap.cc:277:simplemap_mux$6723 (A=1'0, B=$techmap\u_core.$logic_and$../picorv32.v:1070$1194_Y, S=\resetn) into $auto$simplemap.cc:420:simplemap_dff$6013 (SB_DFFE).
  Merging $auto$simplemap.cc:277:simplemap_mux$6721 (A=1'0, B=$techmap\u_core.$logic_and$../picorv32.v:1069$1190_Y, S=\resetn) into $auto$simplemap.cc:420:simplemap_dff$6014 (SB_DFFE).
  Merging $auto$simplemap.cc:277:simplemap_mux$6735 (A=1'0, B=$techmap\u_core.$logic_and$../picorv32.v:1076$1218_Y, S=\resetn) into $auto$simplemap.cc:420:simplemap_dff$6007 (SB_DFFE).
  Merging $auto$simplemap.cc:277:simplemap_mux$6716 (A=1'0, B=$techmap\u_core.$logic_and$../picorv32.v:1063$1174_Y, S=\resetn) into $auto$simplemap.cc:420:simplemap_dff$6018 (SB_DFFE).
  Merging $auto$simplemap.cc:277:simplemap_mux$6714 (A=1'0, B=$techmap\u_core.$logic_and$../picorv32.v:1062$1172_Y, S=\resetn) into $auto$simplemap.cc:420:simplemap_dff$6019 (SB_DFFE).
  Merging $auto$simplemap.cc:277:simplemap_mux$6712 (A=1'0, B=$techmap\u_core.$logic_and$../picorv32.v:1061$1170_Y, S=\resetn) into $auto$simplemap.cc:420:simplemap_dff$6020 (SB_DFFE).
  Merging $auto$simplemap.cc:277:simplemap_mux$6710 (A=1'0, B=$techmap\u_core.$logic_and$../picorv32.v:1060$1168_Y, S=\resetn) into $auto$simplemap.cc:420:simplemap_dff$6021 (SB_DFFE).
  Merging $auto$simplemap.cc:277:simplemap_mux$6708 (A=1'0, B=$techmap\u_core.$logic_and$../picorv32.v:1059$1166_Y, S=\resetn) into $auto$simplemap.cc:420:simplemap_dff$6022 (SB_DFFE).
  Merging $auto$simplemap.cc:277:simplemap_mux$6696 (A=1'0, B=$techmap\u_core.$logic_and$../picorv32.v:1046$1146_Y, S=\resetn) into $auto$simplemap.cc:420:simplemap_dff$6032 (SB_DFFE).
  Merging $auto$simplemap.cc:277:simplemap_mux$6706 (A=1'0, B=$techmap\u_core.$logic_and$../picorv32.v:1058$1164_Y, S=\resetn) into $auto$simplemap.cc:420:simplemap_dff$6023 (SB_DFFE).
  Merging $auto$simplemap.cc:277:simplemap_mux$6694 (A=1'0, B=$techmap\u_core.$logic_and$../picorv32.v:1045$1144_Y, S=\resetn) into $auto$simplemap.cc:420:simplemap_dff$6033 (SB_DFFE).
  Merging $auto$simplemap.cc:277:simplemap_mux$6692 (A=1'0, B=$techmap\u_core.$logic_and$../picorv32.v:1044$1142_Y, S=\resetn) into $auto$simplemap.cc:420:simplemap_dff$6034 (SB_DFFE).
  Merging $auto$simplemap.cc:277:simplemap_mux$6690 (A=1'0, B=$techmap\u_core.$logic_and$../picorv32.v:1043$1140_Y, S=\resetn) into $auto$simplemap.cc:420:simplemap_dff$6035 (SB_DFFE).
  Merging $auto$simplemap.cc:277:simplemap_mux$6688 (A=1'0, B=$techmap\u_core.$logic_and$../picorv32.v:1042$1138_Y, S=\resetn) into $auto$simplemap.cc:420:simplemap_dff$6036 (SB_DFFE).
  Merging $auto$simplemap.cc:277:simplemap_mux$6686 (A=1'0, B=$techmap\u_core.$logic_and$../picorv32.v:1041$1136_Y, S=\resetn) into $auto$simplemap.cc:420:simplemap_dff$6037 (SB_DFFE).
  Merging $auto$simplemap.cc:277:simplemap_mux$6745 (A=1'0, B=$techmap\u_core.$logic_and$../picorv32.v:1089$1263_Y, S=\resetn) into $auto$simplemap.cc:420:simplemap_dff$6000 (SB_DFFE).
  Merging $auto$simplemap.cc:277:simplemap_mux$8805 (A=1'0, B=$techmap$techmap\u_core.$procmux$2409.$reduce_or$/usr/bin/../share/yosys/techmap.v:441$8814_Y, S=\resetn) into $auto$simplemap.cc:420:simplemap_dff$6092 (SB_DFFE).
  Merging $auto$simplemap.cc:277:simplemap_mux$8817 (A=1'0, B=$techmap$techmap\u_core.$procmux$2366.$reduce_or$/usr/bin/../share/yosys/techmap.v:441$6506_Y, S=\resetn) into $auto$simplemap.cc:420:simplemap_dff$6090 (SB_DFFE).
  Merging $auto$simplemap.cc:277:simplemap_mux$8893 (A=1'0, B=$techmap\u_core.$procmux$2039_Y, S=\resetn) into $auto$simplemap.cc:420:simplemap_dff$6093 (SB_DFF).
  Merging $auto$simplemap.cc:277:simplemap_mux$8898 (A=1'0, B=$techmap\u_core.$2\set_mem_do_wdata[0:0], S=\resetn) into $auto$simplemap.cc:420:simplemap_dff$6095 (SB_DFFE).
  Merging $auto$simplemap.cc:277:simplemap_mux$8897 (A=1'0, B=$techmap\u_core.$2\set_mem_do_rdata[0:0], S=\resetn) into $auto$simplemap.cc:420:simplemap_dff$6096 (SB_DFFE).
  Merging $auto$simplemap.cc:277:simplemap_mux$8703 (A=$techmap\u_core.$procmux$2748_Y, B=1'1, S=$techmap\u_core.$0\set_mem_do_rinst[0:0]) into $auto$simplemap.cc:420:simplemap_dff$6097 (SB_DFFE).
  Merging $auto$simplemap.cc:277:simplemap_mux$8698 (A=$techmap\u_core.$logic_and$../picorv32.v:1607$1452_Y, B=1'0, S=$techmap\u_core.$logic_or$../picorv32.v:1983$1565_Y) into $auto$simplemap.cc:420:simplemap_dff$6098 (SB_DFFE).
  Merging $auto$simplemap.cc:277:simplemap_mux$8815 (A=1'0, B=$techmap$techmap\u_core.$procmux$2402.$and$/usr/bin/../share/yosys/techmap.v:434$6504_Y, S=\resetn) into $auto$simplemap.cc:420:simplemap_dff$6091 (SB_DFFE).
  Merging $auto$simplemap.cc:277:simplemap_mux$8218 (A=1'0, B=$techmap\u_core.$procmux$2968_Y [0], S=\resetn) into $auto$simplemap.cc:420:simplemap_dff$6197 (SB_DFFE).
  Merging $auto$simplemap.cc:277:simplemap_mux$8219 (A=1'0, B=$techmap\u_core.$procmux$2968_Y [1], S=\resetn) into $auto$simplemap.cc:420:simplemap_dff$6198 (SB_DFFE).
  Merging $auto$simplemap.cc:277:simplemap_mux$8220 (A=1'0, B=$techmap\u_core.$procmux$2968_Y [2], S=\resetn) into $auto$simplemap.cc:420:simplemap_dff$6199 (SB_DFFE).
  Merging $auto$simplemap.cc:277:simplemap_mux$8221 (A=1'0, B=$techmap\u_core.$procmux$2968_Y [3], S=\resetn) into $auto$simplemap.cc:420:simplemap_dff$6200 (SB_DFFE).
  Merging $auto$simplemap.cc:277:simplemap_mux$8222 (A=1'0, B=$techmap\u_core.$procmux$2968_Y [4], S=\resetn) into $auto$simplemap.cc:420:simplemap_dff$6201 (SB_DFFE).
  Merging $auto$simplemap.cc:277:simplemap_mux$8223 (A=1'0, B=$techmap\u_core.$procmux$2968_Y [5], S=\resetn) into $auto$simplemap.cc:420:simplemap_dff$6202 (SB_DFFE).
  Merging $auto$simplemap.cc:277:simplemap_mux$8224 (A=1'0, B=$techmap\u_core.$procmux$2968_Y [6], S=\resetn) into $auto$simplemap.cc:420:simplemap_dff$6203 (SB_DFFE).
  Merging $auto$simplemap.cc:277:simplemap_mux$8225 (A=1'0, B=$techmap\u_core.$procmux$2968_Y [7], S=\resetn) into $auto$simplemap.cc:420:simplemap_dff$6204 (SB_DFFE).
  Merging $auto$simplemap.cc:277:simplemap_mux$8227 (A=1'0, B=$techmap\u_core.$procmux$2968_Y [9], S=\resetn) into $auto$simplemap.cc:420:simplemap_dff$6206 (SB_DFFE).
  Merging $auto$simplemap.cc:277:simplemap_mux$8228 (A=1'0, B=$techmap\u_core.$procmux$2968_Y [10], S=\resetn) into $auto$simplemap.cc:420:simplemap_dff$6207 (SB_DFFE).
  Merging $auto$simplemap.cc:277:simplemap_mux$8229 (A=1'0, B=$techmap\u_core.$procmux$2968_Y [11], S=\resetn) into $auto$simplemap.cc:420:simplemap_dff$6208 (SB_DFFE).
  Merging $auto$simplemap.cc:277:simplemap_mux$8230 (A=1'0, B=$techmap\u_core.$procmux$2968_Y [12], S=\resetn) into $auto$simplemap.cc:420:simplemap_dff$6209 (SB_DFFE).
  Merging $auto$simplemap.cc:277:simplemap_mux$8231 (A=1'0, B=$techmap\u_core.$procmux$2968_Y [13], S=\resetn) into $auto$simplemap.cc:420:simplemap_dff$6210 (SB_DFFE).
  Merging $auto$simplemap.cc:277:simplemap_mux$8232 (A=1'0, B=$techmap\u_core.$procmux$2968_Y [14], S=\resetn) into $auto$simplemap.cc:420:simplemap_dff$6211 (SB_DFFE).
  Merging $auto$simplemap.cc:277:simplemap_mux$8233 (A=1'0, B=$techmap\u_core.$procmux$2968_Y [15], S=\resetn) into $auto$simplemap.cc:420:simplemap_dff$6212 (SB_DFFE).
  Merging $auto$simplemap.cc:277:simplemap_mux$8234 (A=1'0, B=$techmap\u_core.$procmux$2968_Y [16], S=\resetn) into $auto$simplemap.cc:420:simplemap_dff$6213 (SB_DFFE).
  Merging $auto$simplemap.cc:277:simplemap_mux$8235 (A=1'0, B=$techmap\u_core.$procmux$2968_Y [17], S=\resetn) into $auto$simplemap.cc:420:simplemap_dff$6214 (SB_DFFE).
  Merging $auto$simplemap.cc:277:simplemap_mux$8236 (A=1'0, B=$techmap\u_core.$procmux$2968_Y [18], S=\resetn) into $auto$simplemap.cc:420:simplemap_dff$6215 (SB_DFFE).
  Merging $auto$simplemap.cc:277:simplemap_mux$8237 (A=1'0, B=$techmap\u_core.$procmux$2968_Y [19], S=\resetn) into $auto$simplemap.cc:420:simplemap_dff$6216 (SB_DFFE).
  Merging $auto$simplemap.cc:277:simplemap_mux$8238 (A=1'0, B=$techmap\u_core.$procmux$2968_Y [20], S=\resetn) into $auto$simplemap.cc:420:simplemap_dff$6217 (SB_DFFE).
  Merging $auto$simplemap.cc:277:simplemap_mux$8239 (A=1'0, B=$techmap\u_core.$procmux$2968_Y [21], S=\resetn) into $auto$simplemap.cc:420:simplemap_dff$6218 (SB_DFFE).
  Merging $auto$simplemap.cc:277:simplemap_mux$8240 (A=1'0, B=$techmap\u_core.$procmux$2968_Y [22], S=\resetn) into $auto$simplemap.cc:420:simplemap_dff$6219 (SB_DFFE).
  Merging $auto$simplemap.cc:277:simplemap_mux$8241 (A=1'0, B=$techmap\u_core.$procmux$2968_Y [23], S=\resetn) into $auto$simplemap.cc:420:simplemap_dff$6220 (SB_DFFE).
  Merging $auto$simplemap.cc:277:simplemap_mux$8242 (A=1'0, B=$techmap\u_core.$procmux$2968_Y [24], S=\resetn) into $auto$simplemap.cc:420:simplemap_dff$6221 (SB_DFFE).
  Merging $auto$simplemap.cc:277:simplemap_mux$8243 (A=1'0, B=$techmap\u_core.$procmux$2968_Y [25], S=\resetn) into $auto$simplemap.cc:420:simplemap_dff$6222 (SB_DFFE).
  Merging $auto$simplemap.cc:277:simplemap_mux$8244 (A=1'0, B=$techmap\u_core.$procmux$2968_Y [26], S=\resetn) into $auto$simplemap.cc:420:simplemap_dff$6223 (SB_DFFE).
  Merging $auto$simplemap.cc:277:simplemap_mux$8245 (A=1'0, B=$techmap\u_core.$procmux$2968_Y [27], S=\resetn) into $auto$simplemap.cc:420:simplemap_dff$6224 (SB_DFFE).
  Merging $auto$simplemap.cc:277:simplemap_mux$8246 (A=1'0, B=$techmap\u_core.$procmux$2968_Y [28], S=\resetn) into $auto$simplemap.cc:420:simplemap_dff$6225 (SB_DFFE).
  Merging $auto$simplemap.cc:277:simplemap_mux$8247 (A=1'0, B=$techmap\u_core.$procmux$2968_Y [29], S=\resetn) into $auto$simplemap.cc:420:simplemap_dff$6226 (SB_DFFE).
  Merging $auto$simplemap.cc:277:simplemap_mux$8248 (A=1'0, B=$techmap\u_core.$procmux$2968_Y [30], S=\resetn) into $auto$simplemap.cc:420:simplemap_dff$6227 (SB_DFFE).
  Merging $auto$simplemap.cc:277:simplemap_mux$8249 (A=1'0, B=$techmap\u_core.$procmux$2968_Y [31], S=\resetn) into $auto$simplemap.cc:420:simplemap_dff$6228 (SB_DFFE).
  Merging $auto$simplemap.cc:277:simplemap_mux$8154 (A=1'0, B=$auto$alumacc.cc:474:replace_alu$4529.BB [0], S=\resetn) into $auto$simplemap.cc:420:simplemap_dff$6229 (SB_DFFE).
  Merging $auto$simplemap.cc:277:simplemap_mux$8155 (A=1'0, B=$auto$alumacc.cc:474:replace_alu$4529.BB [1], S=\resetn) into $auto$simplemap.cc:420:simplemap_dff$6230 (SB_DFFE).
  Merging $auto$simplemap.cc:277:simplemap_mux$8156 (A=1'0, B=$auto$alumacc.cc:474:replace_alu$4529.BB [2], S=\resetn) into $auto$simplemap.cc:420:simplemap_dff$6231 (SB_DFFE).
  Merging $auto$simplemap.cc:277:simplemap_mux$8157 (A=1'0, B=$auto$alumacc.cc:474:replace_alu$4529.BB [3], S=\resetn) into $auto$simplemap.cc:420:simplemap_dff$6232 (SB_DFFE).
  Merging $auto$simplemap.cc:277:simplemap_mux$8158 (A=1'0, B=$auto$alumacc.cc:474:replace_alu$4529.BB [4], S=\resetn) into $auto$simplemap.cc:420:simplemap_dff$6233 (SB_DFFE).
  Merging $auto$simplemap.cc:277:simplemap_mux$8159 (A=1'0, B=$auto$alumacc.cc:474:replace_alu$4529.BB [5], S=\resetn) into $auto$simplemap.cc:420:simplemap_dff$6234 (SB_DFFE).
  Merging $auto$simplemap.cc:277:simplemap_mux$8160 (A=1'0, B=$auto$alumacc.cc:474:replace_alu$4529.BB [6], S=\resetn) into $auto$simplemap.cc:420:simplemap_dff$6235 (SB_DFFE).
  Merging $auto$simplemap.cc:277:simplemap_mux$8161 (A=1'0, B=$auto$alumacc.cc:474:replace_alu$4529.BB [7], S=\resetn) into $auto$simplemap.cc:420:simplemap_dff$6236 (SB_DFFE).
  Merging $auto$simplemap.cc:277:simplemap_mux$8163 (A=1'0, B=$auto$alumacc.cc:474:replace_alu$4529.BB [9], S=\resetn) into $auto$simplemap.cc:420:simplemap_dff$6238 (SB_DFFE).
  Merging $auto$simplemap.cc:277:simplemap_mux$8226 (A=1'0, B=$techmap\u_core.$procmux$2968_Y [8], S=\resetn) into $auto$simplemap.cc:420:simplemap_dff$6205 (SB_DFFE).
  Merging $auto$simplemap.cc:277:simplemap_mux$8164 (A=1'0, B=$auto$alumacc.cc:474:replace_alu$4529.BB [10], S=\resetn) into $auto$simplemap.cc:420:simplemap_dff$6239 (SB_DFFE).
  Merging $auto$simplemap.cc:277:simplemap_mux$8165 (A=1'0, B=$auto$alumacc.cc:474:replace_alu$4529.BB [11], S=\resetn) into $auto$simplemap.cc:420:simplemap_dff$6240 (SB_DFFE).
  Merging $auto$simplemap.cc:277:simplemap_mux$8166 (A=1'0, B=$auto$alumacc.cc:474:replace_alu$4529.BB [12], S=\resetn) into $auto$simplemap.cc:420:simplemap_dff$6241 (SB_DFFE).
  Merging $auto$simplemap.cc:277:simplemap_mux$8167 (A=1'0, B=$auto$alumacc.cc:474:replace_alu$4529.BB [13], S=\resetn) into $auto$simplemap.cc:420:simplemap_dff$6242 (SB_DFFE).
  Merging $auto$simplemap.cc:277:simplemap_mux$8168 (A=1'0, B=$auto$alumacc.cc:474:replace_alu$4529.BB [14], S=\resetn) into $auto$simplemap.cc:420:simplemap_dff$6243 (SB_DFFE).
  Merging $auto$simplemap.cc:277:simplemap_mux$8169 (A=1'0, B=$auto$alumacc.cc:474:replace_alu$4529.BB [15], S=\resetn) into $auto$simplemap.cc:420:simplemap_dff$6244 (SB_DFFE).
  Merging $auto$simplemap.cc:277:simplemap_mux$8170 (A=1'0, B=$auto$alumacc.cc:474:replace_alu$4529.BB [16], S=\resetn) into $auto$simplemap.cc:420:simplemap_dff$6245 (SB_DFFE).
  Merging $auto$simplemap.cc:277:simplemap_mux$8171 (A=1'0, B=$auto$alumacc.cc:474:replace_alu$4529.BB [17], S=\resetn) into $auto$simplemap.cc:420:simplemap_dff$6246 (SB_DFFE).
  Merging $auto$simplemap.cc:277:simplemap_mux$8172 (A=1'0, B=$auto$alumacc.cc:474:replace_alu$4529.BB [18], S=\resetn) into $auto$simplemap.cc:420:simplemap_dff$6247 (SB_DFFE).
  Merging $auto$simplemap.cc:277:simplemap_mux$8173 (A=1'0, B=$auto$alumacc.cc:474:replace_alu$4529.BB [19], S=\resetn) into $auto$simplemap.cc:420:simplemap_dff$6248 (SB_DFFE).
  Merging $auto$simplemap.cc:277:simplemap_mux$8174 (A=1'0, B=$auto$alumacc.cc:474:replace_alu$4529.BB [20], S=\resetn) into $auto$simplemap.cc:420:simplemap_dff$6249 (SB_DFFE).
  Merging $auto$simplemap.cc:277:simplemap_mux$8175 (A=1'0, B=$auto$alumacc.cc:474:replace_alu$4529.BB [21], S=\resetn) into $auto$simplemap.cc:420:simplemap_dff$6250 (SB_DFFE).
  Merging $auto$simplemap.cc:277:simplemap_mux$8176 (A=1'0, B=$auto$alumacc.cc:474:replace_alu$4529.BB [22], S=\resetn) into $auto$simplemap.cc:420:simplemap_dff$6251 (SB_DFFE).
  Merging $auto$simplemap.cc:277:simplemap_mux$8177 (A=1'0, B=$auto$alumacc.cc:474:replace_alu$4529.BB [23], S=\resetn) into $auto$simplemap.cc:420:simplemap_dff$6252 (SB_DFFE).
  Merging $auto$simplemap.cc:277:simplemap_mux$8178 (A=1'0, B=$auto$alumacc.cc:474:replace_alu$4529.BB [24], S=\resetn) into $auto$simplemap.cc:420:simplemap_dff$6253 (SB_DFFE).
  Merging $auto$simplemap.cc:277:simplemap_mux$8179 (A=1'0, B=$auto$alumacc.cc:474:replace_alu$4529.BB [25], S=\resetn) into $auto$simplemap.cc:420:simplemap_dff$6254 (SB_DFFE).
  Merging $auto$simplemap.cc:277:simplemap_mux$8180 (A=1'0, B=$auto$alumacc.cc:474:replace_alu$4529.BB [26], S=\resetn) into $auto$simplemap.cc:420:simplemap_dff$6255 (SB_DFFE).
  Merging $auto$simplemap.cc:277:simplemap_mux$8181 (A=1'0, B=$auto$alumacc.cc:474:replace_alu$4529.BB [27], S=\resetn) into $auto$simplemap.cc:420:simplemap_dff$6256 (SB_DFFE).
  Merging $auto$simplemap.cc:277:simplemap_mux$8182 (A=1'0, B=$auto$alumacc.cc:474:replace_alu$4529.BB [28], S=\resetn) into $auto$simplemap.cc:420:simplemap_dff$6257 (SB_DFFE).
  Merging $auto$simplemap.cc:277:simplemap_mux$8183 (A=1'0, B=$auto$alumacc.cc:474:replace_alu$4529.BB [29], S=\resetn) into $auto$simplemap.cc:420:simplemap_dff$6258 (SB_DFFE).
  Merging $auto$simplemap.cc:277:simplemap_mux$8184 (A=1'0, B=$auto$alumacc.cc:474:replace_alu$4529.BB [30], S=\resetn) into $auto$simplemap.cc:420:simplemap_dff$6259 (SB_DFFE).
  Merging $auto$simplemap.cc:277:simplemap_mux$8185 (A=1'0, B=$auto$alumacc.cc:474:replace_alu$4529.BB [31], S=\resetn) into $auto$simplemap.cc:420:simplemap_dff$6260 (SB_DFFE).
  Merging $auto$simplemap.cc:277:simplemap_mux$7962 (A=1'0, B=$techmap\u_core.$add$../picorv32.v:1598$1448_Y [0], S=\resetn) into $auto$simplemap.cc:420:simplemap_dff$6261 (SB_DFFE).
  Merging $auto$simplemap.cc:277:simplemap_mux$7963 (A=1'0, B=$auto$simplemap.cc:309:simplemap_lut$13703 [1], S=\resetn) into $auto$simplemap.cc:420:simplemap_dff$6262 (SB_DFFE).
  Merging $auto$simplemap.cc:277:simplemap_mux$7964 (A=1'0, B=$techmap\u_core.$add$../picorv32.v:1598$1448_Y [2], S=\resetn) into $auto$simplemap.cc:420:simplemap_dff$6263 (SB_DFFE).
  Merging $auto$simplemap.cc:277:simplemap_mux$7965 (A=1'0, B=$techmap\u_core.$add$../picorv32.v:1598$1448_Y [3], S=\resetn) into $auto$simplemap.cc:420:simplemap_dff$6264 (SB_DFFE).
  Merging $auto$simplemap.cc:277:simplemap_mux$7966 (A=1'0, B=$techmap\u_core.$add$../picorv32.v:1598$1448_Y [4], S=\resetn) into $auto$simplemap.cc:420:simplemap_dff$6265 (SB_DFFE).
  Merging $auto$simplemap.cc:277:simplemap_mux$7967 (A=1'0, B=$techmap\u_core.$add$../picorv32.v:1598$1448_Y [5], S=\resetn) into $auto$simplemap.cc:420:simplemap_dff$6266 (SB_DFFE).
  Merging $auto$simplemap.cc:277:simplemap_mux$7968 (A=1'0, B=$techmap\u_core.$add$../picorv32.v:1598$1448_Y [6], S=\resetn) into $auto$simplemap.cc:420:simplemap_dff$6267 (SB_DFFE).
  Merging $auto$simplemap.cc:277:simplemap_mux$7969 (A=1'0, B=$techmap\u_core.$add$../picorv32.v:1598$1448_Y [7], S=\resetn) into $auto$simplemap.cc:420:simplemap_dff$6268 (SB_DFFE).
  Merging $auto$simplemap.cc:277:simplemap_mux$7971 (A=1'0, B=$techmap\u_core.$add$../picorv32.v:1598$1448_Y [9], S=\resetn) into $auto$simplemap.cc:420:simplemap_dff$6270 (SB_DFFE).
  Merging $auto$simplemap.cc:277:simplemap_mux$8162 (A=1'0, B=$auto$alumacc.cc:474:replace_alu$4529.BB [8], S=\resetn) into $auto$simplemap.cc:420:simplemap_dff$6237 (SB_DFFE).
  Merging $auto$simplemap.cc:277:simplemap_mux$7972 (A=1'0, B=$techmap\u_core.$add$../picorv32.v:1598$1448_Y [10], S=\resetn) into $auto$simplemap.cc:420:simplemap_dff$6271 (SB_DFFE).
  Merging $auto$simplemap.cc:277:simplemap_mux$7973 (A=1'0, B=$techmap\u_core.$add$../picorv32.v:1598$1448_Y [11], S=\resetn) into $auto$simplemap.cc:420:simplemap_dff$6272 (SB_DFFE).
  Merging $auto$simplemap.cc:277:simplemap_mux$7974 (A=1'0, B=$techmap\u_core.$add$../picorv32.v:1598$1448_Y [12], S=\resetn) into $auto$simplemap.cc:420:simplemap_dff$6273 (SB_DFFE).
  Merging $auto$simplemap.cc:277:simplemap_mux$7975 (A=1'0, B=$techmap\u_core.$add$../picorv32.v:1598$1448_Y [13], S=\resetn) into $auto$simplemap.cc:420:simplemap_dff$6274 (SB_DFFE).
  Merging $auto$simplemap.cc:277:simplemap_mux$7976 (A=1'0, B=$techmap\u_core.$add$../picorv32.v:1598$1448_Y [14], S=\resetn) into $auto$simplemap.cc:420:simplemap_dff$6275 (SB_DFFE).
  Merging $auto$simplemap.cc:277:simplemap_mux$7977 (A=1'0, B=$techmap\u_core.$add$../picorv32.v:1598$1448_Y [15], S=\resetn) into $auto$simplemap.cc:420:simplemap_dff$6276 (SB_DFFE).
  Merging $auto$simplemap.cc:277:simplemap_mux$7978 (A=1'0, B=$techmap\u_core.$add$../picorv32.v:1598$1448_Y [16], S=\resetn) into $auto$simplemap.cc:420:simplemap_dff$6277 (SB_DFFE).
  Merging $auto$simplemap.cc:277:simplemap_mux$7979 (A=1'0, B=$techmap\u_core.$add$../picorv32.v:1598$1448_Y [17], S=\resetn) into $auto$simplemap.cc:420:simplemap_dff$6278 (SB_DFFE).
  Merging $auto$simplemap.cc:277:simplemap_mux$7980 (A=1'0, B=$techmap\u_core.$add$../picorv32.v:1598$1448_Y [18], S=\resetn) into $auto$simplemap.cc:420:simplemap_dff$6279 (SB_DFFE).
  Merging $auto$simplemap.cc:277:simplemap_mux$7981 (A=1'0, B=$techmap\u_core.$add$../picorv32.v:1598$1448_Y [19], S=\resetn) into $auto$simplemap.cc:420:simplemap_dff$6280 (SB_DFFE).
  Merging $auto$simplemap.cc:277:simplemap_mux$7982 (A=1'0, B=$techmap\u_core.$add$../picorv32.v:1598$1448_Y [20], S=\resetn) into $auto$simplemap.cc:420:simplemap_dff$6281 (SB_DFFE).
  Merging $auto$simplemap.cc:277:simplemap_mux$7983 (A=1'0, B=$techmap\u_core.$add$../picorv32.v:1598$1448_Y [21], S=\resetn) into $auto$simplemap.cc:420:simplemap_dff$6282 (SB_DFFE).
  Merging $auto$simplemap.cc:277:simplemap_mux$7984 (A=1'0, B=$techmap\u_core.$add$../picorv32.v:1598$1448_Y [22], S=\resetn) into $auto$simplemap.cc:420:simplemap_dff$6283 (SB_DFFE).
  Merging $auto$simplemap.cc:277:simplemap_mux$7985 (A=1'0, B=$techmap\u_core.$add$../picorv32.v:1598$1448_Y [23], S=\resetn) into $auto$simplemap.cc:420:simplemap_dff$6284 (SB_DFFE).
  Merging $auto$simplemap.cc:277:simplemap_mux$7986 (A=1'0, B=$techmap\u_core.$add$../picorv32.v:1598$1448_Y [24], S=\resetn) into $auto$simplemap.cc:420:simplemap_dff$6285 (SB_DFFE).
  Merging $auto$simplemap.cc:277:simplemap_mux$7987 (A=1'0, B=$techmap\u_core.$add$../picorv32.v:1598$1448_Y [25], S=\resetn) into $auto$simplemap.cc:420:simplemap_dff$6286 (SB_DFFE).
  Merging $auto$simplemap.cc:277:simplemap_mux$7988 (A=1'0, B=$techmap\u_core.$add$../picorv32.v:1598$1448_Y [26], S=\resetn) into $auto$simplemap.cc:420:simplemap_dff$6287 (SB_DFFE).
  Merging $auto$simplemap.cc:277:simplemap_mux$7989 (A=1'0, B=$techmap\u_core.$add$../picorv32.v:1598$1448_Y [27], S=\resetn) into $auto$simplemap.cc:420:simplemap_dff$6288 (SB_DFFE).
  Merging $auto$simplemap.cc:277:simplemap_mux$7990 (A=1'0, B=$techmap\u_core.$add$../picorv32.v:1598$1448_Y [28], S=\resetn) into $auto$simplemap.cc:420:simplemap_dff$6289 (SB_DFFE).
  Merging $auto$simplemap.cc:277:simplemap_mux$7991 (A=1'0, B=$techmap\u_core.$add$../picorv32.v:1598$1448_Y [29], S=\resetn) into $auto$simplemap.cc:420:simplemap_dff$6290 (SB_DFFE).
  Merging $auto$simplemap.cc:277:simplemap_mux$7992 (A=1'0, B=$techmap\u_core.$add$../picorv32.v:1598$1448_Y [30], S=\resetn) into $auto$simplemap.cc:420:simplemap_dff$6291 (SB_DFFE).
  Merging $auto$simplemap.cc:277:simplemap_mux$7993 (A=1'0, B=$techmap\u_core.$add$../picorv32.v:1598$1448_Y [31], S=\resetn) into $auto$simplemap.cc:420:simplemap_dff$6292 (SB_DFFE).
  Merging $auto$simplemap.cc:277:simplemap_mux$7994 (A=1'0, B=$techmap\u_core.$add$../picorv32.v:1598$1448_Y [32], S=\resetn) into $auto$simplemap.cc:420:simplemap_dff$6293 (SB_DFFE).
  Merging $auto$simplemap.cc:277:simplemap_mux$7995 (A=1'0, B=$techmap\u_core.$add$../picorv32.v:1598$1448_Y [33], S=\resetn) into $auto$simplemap.cc:420:simplemap_dff$6294 (SB_DFFE).
  Merging $auto$simplemap.cc:277:simplemap_mux$7996 (A=1'0, B=$techmap\u_core.$add$../picorv32.v:1598$1448_Y [34], S=\resetn) into $auto$simplemap.cc:420:simplemap_dff$6295 (SB_DFFE).
  Merging $auto$simplemap.cc:277:simplemap_mux$7997 (A=1'0, B=$techmap\u_core.$add$../picorv32.v:1598$1448_Y [35], S=\resetn) into $auto$simplemap.cc:420:simplemap_dff$6296 (SB_DFFE).
  Merging $auto$simplemap.cc:277:simplemap_mux$7998 (A=1'0, B=$techmap\u_core.$add$../picorv32.v:1598$1448_Y [36], S=\resetn) into $auto$simplemap.cc:420:simplemap_dff$6297 (SB_DFFE).
  Merging $auto$simplemap.cc:277:simplemap_mux$7999 (A=1'0, B=$techmap\u_core.$add$../picorv32.v:1598$1448_Y [37], S=\resetn) into $auto$simplemap.cc:420:simplemap_dff$6298 (SB_DFFE).
  Merging $auto$simplemap.cc:277:simplemap_mux$8000 (A=1'0, B=$techmap\u_core.$add$../picorv32.v:1598$1448_Y [38], S=\resetn) into $auto$simplemap.cc:420:simplemap_dff$6299 (SB_DFFE).
  Merging $auto$simplemap.cc:277:simplemap_mux$8001 (A=1'0, B=$techmap\u_core.$add$../picorv32.v:1598$1448_Y [39], S=\resetn) into $auto$simplemap.cc:420:simplemap_dff$6300 (SB_DFFE).
  Merging $auto$simplemap.cc:277:simplemap_mux$8002 (A=1'0, B=$techmap\u_core.$add$../picorv32.v:1598$1448_Y [40], S=\resetn) into $auto$simplemap.cc:420:simplemap_dff$6301 (SB_DFFE).
  Merging $auto$simplemap.cc:277:simplemap_mux$8003 (A=1'0, B=$techmap\u_core.$add$../picorv32.v:1598$1448_Y [41], S=\resetn) into $auto$simplemap.cc:420:simplemap_dff$6302 (SB_DFFE).
  Merging $auto$simplemap.cc:277:simplemap_mux$8004 (A=1'0, B=$techmap\u_core.$add$../picorv32.v:1598$1448_Y [42], S=\resetn) into $auto$simplemap.cc:420:simplemap_dff$6303 (SB_DFFE).
  Merging $auto$simplemap.cc:277:simplemap_mux$8005 (A=1'0, B=$techmap\u_core.$add$../picorv32.v:1598$1448_Y [43], S=\resetn) into $auto$simplemap.cc:420:simplemap_dff$6304 (SB_DFFE).
  Merging $auto$simplemap.cc:277:simplemap_mux$8006 (A=1'0, B=$techmap\u_core.$add$../picorv32.v:1598$1448_Y [44], S=\resetn) into $auto$simplemap.cc:420:simplemap_dff$6305 (SB_DFFE).
  Merging $auto$simplemap.cc:277:simplemap_mux$8007 (A=1'0, B=$techmap\u_core.$add$../picorv32.v:1598$1448_Y [45], S=\resetn) into $auto$simplemap.cc:420:simplemap_dff$6306 (SB_DFFE).
  Merging $auto$simplemap.cc:277:simplemap_mux$8008 (A=1'0, B=$techmap\u_core.$add$../picorv32.v:1598$1448_Y [46], S=\resetn) into $auto$simplemap.cc:420:simplemap_dff$6307 (SB_DFFE).
  Merging $auto$simplemap.cc:277:simplemap_mux$8009 (A=1'0, B=$techmap\u_core.$add$../picorv32.v:1598$1448_Y [47], S=\resetn) into $auto$simplemap.cc:420:simplemap_dff$6308 (SB_DFFE).
  Merging $auto$simplemap.cc:277:simplemap_mux$8010 (A=1'0, B=$techmap\u_core.$add$../picorv32.v:1598$1448_Y [48], S=\resetn) into $auto$simplemap.cc:420:simplemap_dff$6309 (SB_DFFE).
  Merging $auto$simplemap.cc:277:simplemap_mux$8011 (A=1'0, B=$techmap\u_core.$add$../picorv32.v:1598$1448_Y [49], S=\resetn) into $auto$simplemap.cc:420:simplemap_dff$6310 (SB_DFFE).
  Merging $auto$simplemap.cc:277:simplemap_mux$8012 (A=1'0, B=$techmap\u_core.$add$../picorv32.v:1598$1448_Y [50], S=\resetn) into $auto$simplemap.cc:420:simplemap_dff$6311 (SB_DFFE).
  Merging $auto$simplemap.cc:277:simplemap_mux$8013 (A=1'0, B=$techmap\u_core.$add$../picorv32.v:1598$1448_Y [51], S=\resetn) into $auto$simplemap.cc:420:simplemap_dff$6312 (SB_DFFE).
  Merging $auto$simplemap.cc:277:simplemap_mux$8014 (A=1'0, B=$techmap\u_core.$add$../picorv32.v:1598$1448_Y [52], S=\resetn) into $auto$simplemap.cc:420:simplemap_dff$6313 (SB_DFFE).
  Merging $auto$simplemap.cc:277:simplemap_mux$8015 (A=1'0, B=$techmap\u_core.$add$../picorv32.v:1598$1448_Y [53], S=\resetn) into $auto$simplemap.cc:420:simplemap_dff$6314 (SB_DFFE).
  Merging $auto$simplemap.cc:277:simplemap_mux$8016 (A=1'0, B=$techmap\u_core.$add$../picorv32.v:1598$1448_Y [54], S=\resetn) into $auto$simplemap.cc:420:simplemap_dff$6315 (SB_DFFE).
  Merging $auto$simplemap.cc:277:simplemap_mux$8017 (A=1'0, B=$techmap\u_core.$add$../picorv32.v:1598$1448_Y [55], S=\resetn) into $auto$simplemap.cc:420:simplemap_dff$6316 (SB_DFFE).
  Merging $auto$simplemap.cc:277:simplemap_mux$8018 (A=1'0, B=$techmap\u_core.$add$../picorv32.v:1598$1448_Y [56], S=\resetn) into $auto$simplemap.cc:420:simplemap_dff$6317 (SB_DFFE).
  Merging $auto$simplemap.cc:277:simplemap_mux$8019 (A=1'0, B=$techmap\u_core.$add$../picorv32.v:1598$1448_Y [57], S=\resetn) into $auto$simplemap.cc:420:simplemap_dff$6318 (SB_DFFE).
  Merging $auto$simplemap.cc:277:simplemap_mux$8020 (A=1'0, B=$techmap\u_core.$add$../picorv32.v:1598$1448_Y [58], S=\resetn) into $auto$simplemap.cc:420:simplemap_dff$6319 (SB_DFFE).
  Merging $auto$simplemap.cc:277:simplemap_mux$8021 (A=1'0, B=$techmap\u_core.$add$../picorv32.v:1598$1448_Y [59], S=\resetn) into $auto$simplemap.cc:420:simplemap_dff$6320 (SB_DFFE).
  Merging $auto$simplemap.cc:277:simplemap_mux$8022 (A=1'0, B=$techmap\u_core.$add$../picorv32.v:1598$1448_Y [60], S=\resetn) into $auto$simplemap.cc:420:simplemap_dff$6321 (SB_DFFE).
  Merging $auto$simplemap.cc:277:simplemap_mux$8023 (A=1'0, B=$techmap\u_core.$add$../picorv32.v:1598$1448_Y [61], S=\resetn) into $auto$simplemap.cc:420:simplemap_dff$6322 (SB_DFFE).
  Merging $auto$simplemap.cc:277:simplemap_mux$8024 (A=1'0, B=$techmap\u_core.$add$../picorv32.v:1598$1448_Y [62], S=\resetn) into $auto$simplemap.cc:420:simplemap_dff$6323 (SB_DFFE).
  Merging $auto$simplemap.cc:277:simplemap_mux$8025 (A=1'0, B=$techmap\u_core.$add$../picorv32.v:1598$1448_Y [63], S=\resetn) into $auto$simplemap.cc:420:simplemap_dff$6324 (SB_DFFE).
  Merging $auto$simplemap.cc:277:simplemap_mux$9185 (A=1'0, B=$techmap\u_core.$add$../picorv32.v:1467$1395_Y [0], S=\resetn) into $auto$simplemap.cc:420:simplemap_dff$6325 (SB_DFF).
  Merging $auto$simplemap.cc:277:simplemap_mux$9186 (A=1'0, B=$auto$simplemap.cc:309:simplemap_lut$13665 [1], S=\resetn) into $auto$simplemap.cc:420:simplemap_dff$6326 (SB_DFFE).
  Merging $auto$simplemap.cc:277:simplemap_mux$9187 (A=1'0, B=$techmap\u_core.$add$../picorv32.v:1467$1395_Y [2], S=\resetn) into $auto$simplemap.cc:420:simplemap_dff$6327 (SB_DFF).
  Merging $auto$simplemap.cc:277:simplemap_mux$9188 (A=1'0, B=$techmap\u_core.$add$../picorv32.v:1467$1395_Y [3], S=\resetn) into $auto$simplemap.cc:420:simplemap_dff$6328 (SB_DFF).
  Merging $auto$simplemap.cc:277:simplemap_mux$9189 (A=1'0, B=$techmap\u_core.$add$../picorv32.v:1467$1395_Y [4], S=\resetn) into $auto$simplemap.cc:420:simplemap_dff$6329 (SB_DFF).
  Merging $auto$simplemap.cc:277:simplemap_mux$9190 (A=1'0, B=$techmap\u_core.$add$../picorv32.v:1467$1395_Y [5], S=\resetn) into $auto$simplemap.cc:420:simplemap_dff$6330 (SB_DFF).
  Merging $auto$simplemap.cc:277:simplemap_mux$9191 (A=1'0, B=$techmap\u_core.$add$../picorv32.v:1467$1395_Y [6], S=\resetn) into $auto$simplemap.cc:420:simplemap_dff$6331 (SB_DFF).
  Merging $auto$simplemap.cc:277:simplemap_mux$9192 (A=1'0, B=$techmap\u_core.$add$../picorv32.v:1467$1395_Y [7], S=\resetn) into $auto$simplemap.cc:420:simplemap_dff$6332 (SB_DFF).
  Merging $auto$simplemap.cc:277:simplemap_mux$9194 (A=1'0, B=$techmap\u_core.$add$../picorv32.v:1467$1395_Y [9], S=\resetn) into $auto$simplemap.cc:420:simplemap_dff$6334 (SB_DFF).
  Merging $auto$simplemap.cc:277:simplemap_mux$7970 (A=1'0, B=$techmap\u_core.$add$../picorv32.v:1598$1448_Y [8], S=\resetn) into $auto$simplemap.cc:420:simplemap_dff$6269 (SB_DFFE).
  Merging $auto$simplemap.cc:277:simplemap_mux$9195 (A=1'0, B=$techmap\u_core.$add$../picorv32.v:1467$1395_Y [10], S=\resetn) into $auto$simplemap.cc:420:simplemap_dff$6335 (SB_DFF).
  Merging $auto$simplemap.cc:277:simplemap_mux$9196 (A=1'0, B=$techmap\u_core.$add$../picorv32.v:1467$1395_Y [11], S=\resetn) into $auto$simplemap.cc:420:simplemap_dff$6336 (SB_DFF).
  Merging $auto$simplemap.cc:277:simplemap_mux$9197 (A=1'0, B=$techmap\u_core.$add$../picorv32.v:1467$1395_Y [12], S=\resetn) into $auto$simplemap.cc:420:simplemap_dff$6337 (SB_DFF).
  Merging $auto$simplemap.cc:277:simplemap_mux$9198 (A=1'0, B=$techmap\u_core.$add$../picorv32.v:1467$1395_Y [13], S=\resetn) into $auto$simplemap.cc:420:simplemap_dff$6338 (SB_DFF).
  Merging $auto$simplemap.cc:277:simplemap_mux$9199 (A=1'0, B=$techmap\u_core.$add$../picorv32.v:1467$1395_Y [14], S=\resetn) into $auto$simplemap.cc:420:simplemap_dff$6339 (SB_DFF).
  Merging $auto$simplemap.cc:277:simplemap_mux$9200 (A=1'0, B=$techmap\u_core.$add$../picorv32.v:1467$1395_Y [15], S=\resetn) into $auto$simplemap.cc:420:simplemap_dff$6340 (SB_DFF).
  Merging $auto$simplemap.cc:277:simplemap_mux$9201 (A=1'0, B=$techmap\u_core.$add$../picorv32.v:1467$1395_Y [16], S=\resetn) into $auto$simplemap.cc:420:simplemap_dff$6341 (SB_DFF).
  Merging $auto$simplemap.cc:277:simplemap_mux$9202 (A=1'0, B=$techmap\u_core.$add$../picorv32.v:1467$1395_Y [17], S=\resetn) into $auto$simplemap.cc:420:simplemap_dff$6342 (SB_DFF).
  Merging $auto$simplemap.cc:277:simplemap_mux$9203 (A=1'0, B=$techmap\u_core.$add$../picorv32.v:1467$1395_Y [18], S=\resetn) into $auto$simplemap.cc:420:simplemap_dff$6343 (SB_DFF).
  Merging $auto$simplemap.cc:277:simplemap_mux$9204 (A=1'0, B=$techmap\u_core.$add$../picorv32.v:1467$1395_Y [19], S=\resetn) into $auto$simplemap.cc:420:simplemap_dff$6344 (SB_DFF).
  Merging $auto$simplemap.cc:277:simplemap_mux$9205 (A=1'0, B=$techmap\u_core.$add$../picorv32.v:1467$1395_Y [20], S=\resetn) into $auto$simplemap.cc:420:simplemap_dff$6345 (SB_DFF).
  Merging $auto$simplemap.cc:277:simplemap_mux$9206 (A=1'0, B=$techmap\u_core.$add$../picorv32.v:1467$1395_Y [21], S=\resetn) into $auto$simplemap.cc:420:simplemap_dff$6346 (SB_DFF).
  Merging $auto$simplemap.cc:277:simplemap_mux$9207 (A=1'0, B=$techmap\u_core.$add$../picorv32.v:1467$1395_Y [22], S=\resetn) into $auto$simplemap.cc:420:simplemap_dff$6347 (SB_DFF).
  Merging $auto$simplemap.cc:277:simplemap_mux$9208 (A=1'0, B=$techmap\u_core.$add$../picorv32.v:1467$1395_Y [23], S=\resetn) into $auto$simplemap.cc:420:simplemap_dff$6348 (SB_DFF).
  Merging $auto$simplemap.cc:277:simplemap_mux$9209 (A=1'0, B=$techmap\u_core.$add$../picorv32.v:1467$1395_Y [24], S=\resetn) into $auto$simplemap.cc:420:simplemap_dff$6349 (SB_DFF).
  Merging $auto$simplemap.cc:277:simplemap_mux$9210 (A=1'0, B=$techmap\u_core.$add$../picorv32.v:1467$1395_Y [25], S=\resetn) into $auto$simplemap.cc:420:simplemap_dff$6350 (SB_DFF).
  Merging $auto$simplemap.cc:277:simplemap_mux$9211 (A=1'0, B=$techmap\u_core.$add$../picorv32.v:1467$1395_Y [26], S=\resetn) into $auto$simplemap.cc:420:simplemap_dff$6351 (SB_DFF).
  Merging $auto$simplemap.cc:277:simplemap_mux$9212 (A=1'0, B=$techmap\u_core.$add$../picorv32.v:1467$1395_Y [27], S=\resetn) into $auto$simplemap.cc:420:simplemap_dff$6352 (SB_DFF).
  Merging $auto$simplemap.cc:277:simplemap_mux$9213 (A=1'0, B=$techmap\u_core.$add$../picorv32.v:1467$1395_Y [28], S=\resetn) into $auto$simplemap.cc:420:simplemap_dff$6353 (SB_DFF).
  Merging $auto$simplemap.cc:277:simplemap_mux$9214 (A=1'0, B=$techmap\u_core.$add$../picorv32.v:1467$1395_Y [29], S=\resetn) into $auto$simplemap.cc:420:simplemap_dff$6354 (SB_DFF).
  Merging $auto$simplemap.cc:277:simplemap_mux$9215 (A=1'0, B=$techmap\u_core.$add$../picorv32.v:1467$1395_Y [30], S=\resetn) into $auto$simplemap.cc:420:simplemap_dff$6355 (SB_DFF).
  Merging $auto$simplemap.cc:277:simplemap_mux$9216 (A=1'0, B=$techmap\u_core.$add$../picorv32.v:1467$1395_Y [31], S=\resetn) into $auto$simplemap.cc:420:simplemap_dff$6356 (SB_DFF).
  Merging $auto$simplemap.cc:277:simplemap_mux$9217 (A=1'0, B=$techmap\u_core.$add$../picorv32.v:1467$1395_Y [32], S=\resetn) into $auto$simplemap.cc:420:simplemap_dff$6357 (SB_DFF).
  Merging $auto$simplemap.cc:277:simplemap_mux$9218 (A=1'0, B=$techmap\u_core.$add$../picorv32.v:1467$1395_Y [33], S=\resetn) into $auto$simplemap.cc:420:simplemap_dff$6358 (SB_DFF).
  Merging $auto$simplemap.cc:277:simplemap_mux$9219 (A=1'0, B=$techmap\u_core.$add$../picorv32.v:1467$1395_Y [34], S=\resetn) into $auto$simplemap.cc:420:simplemap_dff$6359 (SB_DFF).
  Merging $auto$simplemap.cc:277:simplemap_mux$9220 (A=1'0, B=$techmap\u_core.$add$../picorv32.v:1467$1395_Y [35], S=\resetn) into $auto$simplemap.cc:420:simplemap_dff$6360 (SB_DFF).
  Merging $auto$simplemap.cc:277:simplemap_mux$9221 (A=1'0, B=$techmap\u_core.$add$../picorv32.v:1467$1395_Y [36], S=\resetn) into $auto$simplemap.cc:420:simplemap_dff$6361 (SB_DFF).
  Merging $auto$simplemap.cc:277:simplemap_mux$9222 (A=1'0, B=$techmap\u_core.$add$../picorv32.v:1467$1395_Y [37], S=\resetn) into $auto$simplemap.cc:420:simplemap_dff$6362 (SB_DFF).
  Merging $auto$simplemap.cc:277:simplemap_mux$9223 (A=1'0, B=$techmap\u_core.$add$../picorv32.v:1467$1395_Y [38], S=\resetn) into $auto$simplemap.cc:420:simplemap_dff$6363 (SB_DFF).
  Merging $auto$simplemap.cc:277:simplemap_mux$9224 (A=1'0, B=$techmap\u_core.$add$../picorv32.v:1467$1395_Y [39], S=\resetn) into $auto$simplemap.cc:420:simplemap_dff$6364 (SB_DFF).
  Merging $auto$simplemap.cc:277:simplemap_mux$9225 (A=1'0, B=$techmap\u_core.$add$../picorv32.v:1467$1395_Y [40], S=\resetn) into $auto$simplemap.cc:420:simplemap_dff$6365 (SB_DFF).
  Merging $auto$simplemap.cc:277:simplemap_mux$9226 (A=1'0, B=$techmap\u_core.$add$../picorv32.v:1467$1395_Y [41], S=\resetn) into $auto$simplemap.cc:420:simplemap_dff$6366 (SB_DFF).
  Merging $auto$simplemap.cc:277:simplemap_mux$9227 (A=1'0, B=$techmap\u_core.$add$../picorv32.v:1467$1395_Y [42], S=\resetn) into $auto$simplemap.cc:420:simplemap_dff$6367 (SB_DFF).
  Merging $auto$simplemap.cc:277:simplemap_mux$9228 (A=1'0, B=$techmap\u_core.$add$../picorv32.v:1467$1395_Y [43], S=\resetn) into $auto$simplemap.cc:420:simplemap_dff$6368 (SB_DFF).
  Merging $auto$simplemap.cc:277:simplemap_mux$9229 (A=1'0, B=$techmap\u_core.$add$../picorv32.v:1467$1395_Y [44], S=\resetn) into $auto$simplemap.cc:420:simplemap_dff$6369 (SB_DFF).
  Merging $auto$simplemap.cc:277:simplemap_mux$9230 (A=1'0, B=$techmap\u_core.$add$../picorv32.v:1467$1395_Y [45], S=\resetn) into $auto$simplemap.cc:420:simplemap_dff$6370 (SB_DFF).
  Merging $auto$simplemap.cc:277:simplemap_mux$9231 (A=1'0, B=$techmap\u_core.$add$../picorv32.v:1467$1395_Y [46], S=\resetn) into $auto$simplemap.cc:420:simplemap_dff$6371 (SB_DFF).
  Merging $auto$simplemap.cc:277:simplemap_mux$9232 (A=1'0, B=$techmap\u_core.$add$../picorv32.v:1467$1395_Y [47], S=\resetn) into $auto$simplemap.cc:420:simplemap_dff$6372 (SB_DFF).
  Merging $auto$simplemap.cc:277:simplemap_mux$9233 (A=1'0, B=$techmap\u_core.$add$../picorv32.v:1467$1395_Y [48], S=\resetn) into $auto$simplemap.cc:420:simplemap_dff$6373 (SB_DFF).
  Merging $auto$simplemap.cc:277:simplemap_mux$9234 (A=1'0, B=$techmap\u_core.$add$../picorv32.v:1467$1395_Y [49], S=\resetn) into $auto$simplemap.cc:420:simplemap_dff$6374 (SB_DFF).
  Merging $auto$simplemap.cc:277:simplemap_mux$9235 (A=1'0, B=$techmap\u_core.$add$../picorv32.v:1467$1395_Y [50], S=\resetn) into $auto$simplemap.cc:420:simplemap_dff$6375 (SB_DFF).
  Merging $auto$simplemap.cc:277:simplemap_mux$9236 (A=1'0, B=$techmap\u_core.$add$../picorv32.v:1467$1395_Y [51], S=\resetn) into $auto$simplemap.cc:420:simplemap_dff$6376 (SB_DFF).
  Merging $auto$simplemap.cc:277:simplemap_mux$9237 (A=1'0, B=$techmap\u_core.$add$../picorv32.v:1467$1395_Y [52], S=\resetn) into $auto$simplemap.cc:420:simplemap_dff$6377 (SB_DFF).
  Merging $auto$simplemap.cc:277:simplemap_mux$9238 (A=1'0, B=$techmap\u_core.$add$../picorv32.v:1467$1395_Y [53], S=\resetn) into $auto$simplemap.cc:420:simplemap_dff$6378 (SB_DFF).
  Merging $auto$simplemap.cc:277:simplemap_mux$9239 (A=1'0, B=$techmap\u_core.$add$../picorv32.v:1467$1395_Y [54], S=\resetn) into $auto$simplemap.cc:420:simplemap_dff$6379 (SB_DFF).
  Merging $auto$simplemap.cc:277:simplemap_mux$9240 (A=1'0, B=$techmap\u_core.$add$../picorv32.v:1467$1395_Y [55], S=\resetn) into $auto$simplemap.cc:420:simplemap_dff$6380 (SB_DFF).
  Merging $auto$simplemap.cc:277:simplemap_mux$9241 (A=1'0, B=$techmap\u_core.$add$../picorv32.v:1467$1395_Y [56], S=\resetn) into $auto$simplemap.cc:420:simplemap_dff$6381 (SB_DFF).
  Merging $auto$simplemap.cc:277:simplemap_mux$9242 (A=1'0, B=$techmap\u_core.$add$../picorv32.v:1467$1395_Y [57], S=\resetn) into $auto$simplemap.cc:420:simplemap_dff$6382 (SB_DFF).
  Merging $auto$simplemap.cc:277:simplemap_mux$9243 (A=1'0, B=$techmap\u_core.$add$../picorv32.v:1467$1395_Y [58], S=\resetn) into $auto$simplemap.cc:420:simplemap_dff$6383 (SB_DFF).
  Merging $auto$simplemap.cc:277:simplemap_mux$9244 (A=1'0, B=$techmap\u_core.$add$../picorv32.v:1467$1395_Y [59], S=\resetn) into $auto$simplemap.cc:420:simplemap_dff$6384 (SB_DFF).
  Merging $auto$simplemap.cc:277:simplemap_mux$9245 (A=1'0, B=$techmap\u_core.$add$../picorv32.v:1467$1395_Y [60], S=\resetn) into $auto$simplemap.cc:420:simplemap_dff$6385 (SB_DFF).
  Merging $auto$simplemap.cc:277:simplemap_mux$9246 (A=1'0, B=$techmap\u_core.$add$../picorv32.v:1467$1395_Y [61], S=\resetn) into $auto$simplemap.cc:420:simplemap_dff$6386 (SB_DFF).
  Merging $auto$simplemap.cc:277:simplemap_mux$9247 (A=1'0, B=$techmap\u_core.$add$../picorv32.v:1467$1395_Y [62], S=\resetn) into $auto$simplemap.cc:420:simplemap_dff$6387 (SB_DFF).
  Merging $auto$simplemap.cc:277:simplemap_mux$9248 (A=1'0, B=$techmap\u_core.$add$../picorv32.v:1467$1395_Y [63], S=\resetn) into $auto$simplemap.cc:420:simplemap_dff$6388 (SB_DFF).
  Merging $auto$simplemap.cc:277:simplemap_mux$8841 (A=1'0, B=\u_core.cpu_state [0], S=\resetn) into $auto$simplemap.cc:420:simplemap_dff$6389 (SB_DFF).

4.40. Executing ICE40_OPT pass (performing simple optimizations).

4.40.1. Running ICE40 specific optimizations.

4.40.2. Executing OPT_EXPR pass (perform const folding).
Optimizing module picorv32_baseline_c_wrapper.
<suppressed ~350 debug messages>

4.40.3. Executing OPT_MERGE pass (detect identical cells).
Finding identical cells in module `\picorv32_baseline_c_wrapper'.
<suppressed ~3459 debug messages>
Removed a total of 1153 cells.

4.40.4. Executing OPT_RMDFF pass (remove dff with constant values).

4.40.5. Executing OPT_CLEAN pass (remove unused cells and wires).
Finding unused cells or wires in module \picorv32_baseline_c_wrapper..
Removed 273 unused cells and 4121 unused wires.
<suppressed ~274 debug messages>

4.40.6. Rerunning OPT passes. (Removed registers in this run.)

4.40.7. Running ICE40 specific optimizations.

4.40.8. Executing OPT_EXPR pass (perform const folding).
Optimizing module picorv32_baseline_c_wrapper.
<suppressed ~11 debug messages>

4.40.9. Executing OPT_MERGE pass (detect identical cells).
Finding identical cells in module `\picorv32_baseline_c_wrapper'.
Removed a total of 0 cells.

4.40.10. Executing OPT_RMDFF pass (remove dff with constant values).

4.40.11. Executing OPT_CLEAN pass (remove unused cells and wires).
Finding unused cells or wires in module \picorv32_baseline_c_wrapper..

4.40.12. Rerunning OPT passes. (Removed registers in this run.)

4.40.13. Running ICE40 specific optimizations.

4.40.14. Executing OPT_EXPR pass (perform const folding).
Optimizing module picorv32_baseline_c_wrapper.

4.40.15. Executing OPT_MERGE pass (detect identical cells).
Finding identical cells in module `\picorv32_baseline_c_wrapper'.
Removed a total of 0 cells.

4.40.16. Executing OPT_RMDFF pass (remove dff with constant values).

4.40.17. Executing OPT_CLEAN pass (remove unused cells and wires).
Finding unused cells or wires in module \picorv32_baseline_c_wrapper..

4.40.18. Finished OPT passes. (There is nothing left to do.)

4.41. Executing TECHMAP pass (map to technology primitives).

4.41.1. Executing Verilog-2005 frontend: /usr/bin/../share/yosys/ice40/latches_map.v
Parsing Verilog input from `/usr/bin/../share/yosys/ice40/latches_map.v' to AST representation.
Generating RTLIL representation for module `\$_DLATCH_N_'.
Generating RTLIL representation for module `\$_DLATCH_P_'.
Successfully finished Verilog frontend.

4.41.2. Continuing TECHMAP pass.
No more expansions possible.

4.42. Executing ABC pass (technology mapping using ABC).

4.42.1. Extracting gate netlist of module `\picorv32_baseline_c_wrapper' to `<abc-temp-dir>/input.blif'..
Extracted 3014 gates and 3854 wires to a netlist network with 838 inputs and 424 outputs.

4.42.1.1. Executing ABC.
Running ABC command: berkeley-abc -s -f <abc-temp-dir>/abc.script 2>&1
ABC: ABC command line: "source <abc-temp-dir>/abc.script".
ABC: 
ABC: + read_blif <abc-temp-dir>/input.blif 
ABC: + read_lut <abc-temp-dir>/lutdefs.txt 
ABC: + strash 
ABC: + ifraig 
ABC: + scorr 
ABC: Warning: The network is combinational (run "fraig" or "fraig_sweep").
ABC: + dc2 
ABC: + dretime 
ABC: + retime 
ABC: + strash 
ABC: + dch -f 
ABC: + if 
ABC: + mfs2 
ABC: + lutpack -S 1 
ABC: + dress 
ABC: Total number of equiv classes                =     971.
ABC: Participating nodes from both networks       =    1982.
ABC: Participating nodes from the first network   =     973. (  73.94 % of nodes)
ABC: Participating nodes from the second network  =    1009. (  76.67 % of nodes)
ABC: Node pairs (any polarity)                    =     973. (  73.94 % of names can be moved)
ABC: Node pairs (same polarity)                   =     551. (  41.87 % of names can be moved)
ABC: Total runtime =     0.06 sec
ABC: + write_blif <abc-temp-dir>/output.blif 

4.42.1.2. Re-integrating ABC results.
ABC RESULTS:              $lut cells:     2630
ABC RESULTS:        internal signals:     2592
ABC RESULTS:           input signals:      838
ABC RESULTS:          output signals:      424
Removing temp directory.
Removed 0 unused cells and 1820 unused wires.

4.43. Executing TECHMAP pass (map to technology primitives).

4.43.1. Executing Verilog-2005 frontend: /usr/bin/../share/yosys/ice40/cells_map.v
Parsing Verilog input from `/usr/bin/../share/yosys/ice40/cells_map.v' to AST representation.
Generating RTLIL representation for module `\$_DFF_N_'.
Generating RTLIL representation for module `\$_DFF_P_'.
Generating RTLIL representation for module `\$_DFFE_NN_'.
Generating RTLIL representation for module `\$_DFFE_PN_'.
Generating RTLIL representation for module `\$_DFFE_NP_'.
Generating RTLIL representation for module `\$_DFFE_PP_'.
Generating RTLIL representation for module `\$_DFF_NN0_'.
Generating RTLIL representation for module `\$_DFF_NN1_'.
Generating RTLIL representation for module `\$_DFF_PN0_'.
Generating RTLIL representation for module `\$_DFF_PN1_'.
Generating RTLIL representation for module `\$_DFF_NP0_'.
Generating RTLIL representation for module `\$_DFF_NP1_'.
Generating RTLIL representation for module `\$_DFF_PP0_'.
Generating RTLIL representation for module `\$_DFF_PP1_'.
Generating RTLIL representation for module `\$__DFFE_NN0'.
Generating RTLIL representation for module `\$__DFFE_NN1'.
Generating RTLIL representation for module `\$__DFFE_PN0'.
Generating RTLIL representation for module `\$__DFFE_PN1'.
Generating RTLIL representation for module `\$__DFFE_NP0'.
Generating RTLIL representation for module `\$__DFFE_NP1'.
Generating RTLIL representation for module `\$__DFFE_PP0'.
Generating RTLIL representation for module `\$__DFFE_PP1'.
Generating RTLIL representation for module `\$lut'.
Successfully finished Verilog frontend.

4.43.2. Continuing TECHMAP pass.
Using template $paramod\$lut\WIDTH=2\LUT=4'0001 for cells of type $lut.
Using template $paramod\$lut\WIDTH=4\LUT=16'0001001100111111 for cells of type $lut.
Using template $paramod\$lut\WIDTH=3\LUT=8'00001011 for cells of type $lut.
Using template $paramod\$lut\WIDTH=4\LUT=16'0000000010001111 for cells of type $lut.
Using template $paramod\$lut\WIDTH=4\LUT=16'0000011101110111 for cells of type $lut.
Using template $paramod\$lut\WIDTH=4\LUT=16'1011000010111011 for cells of type $lut.
Using template $paramod\$lut\WIDTH=3\LUT=8'00110101 for cells of type $lut.
Using template $paramod\$lut\WIDTH=3\LUT=8'11001010 for cells of type $lut.
Using template $paramod\$lut\WIDTH=3\LUT=8'01010011 for cells of type $lut.
Using template $paramod\$lut\WIDTH=3\LUT=8'10101100 for cells of type $lut.
Using template $paramod\$lut\WIDTH=4\LUT=16'0000110000001010 for cells of type $lut.
Using template $paramod\$lut\WIDTH=3\LUT=8'00111010 for cells of type $lut.
Using template $paramod\$lut\WIDTH=2\LUT=4'0100 for cells of type $lut.
Using template $paramod\$lut\WIDTH=3\LUT=8'00000001 for cells of type $lut.
Using template $paramod\$lut\WIDTH=3\LUT=8'00010000 for cells of type $lut.
Using template $paramod\$lut\WIDTH=4\LUT=16'1011101100001111 for cells of type $lut.
Using template $paramod\$lut\WIDTH=3\LUT=8'11100000 for cells of type $lut.
Using template $paramod\$lut\WIDTH=4\LUT=16'1110111000001111 for cells of type $lut.
Using template $paramod\$lut\WIDTH=3\LUT=8'00010100 for cells of type $lut.
Using template $paramod\$lut\WIDTH=4\LUT=16'1000110011001111 for cells of type $lut.
Using template $paramod\$lut\WIDTH=4\LUT=16'1110101100000000 for cells of type $lut.
Using template $paramod\$lut\WIDTH=4\LUT=16'0001000000000000 for cells of type $lut.
Using template $paramod\$lut\WIDTH=4\LUT=16'0011011101110000 for cells of type $lut.
Using template $paramod\$lut\WIDTH=4\LUT=16'0000000010111111 for cells of type $lut.
Using template $paramod\$lut\WIDTH=4\LUT=16'0000000000000001 for cells of type $lut.
Using template $paramod\$lut\WIDTH=4\LUT=16'1000000000000000 for cells of type $lut.
Using template $paramod\$lut\WIDTH=3\LUT=8'01000000 for cells of type $lut.
Using template $paramod\$lut\WIDTH=4\LUT=16'1100101000000000 for cells of type $lut.
Using template $paramod\$lut\WIDTH=3\LUT=8'01001111 for cells of type $lut.
Using template $paramod\$lut\WIDTH=4\LUT=16'1100100010001111 for cells of type $lut.
Using template $paramod\$lut\WIDTH=4\LUT=16'1011111100000000 for cells of type $lut.
Using template $paramod\$lut\WIDTH=3\LUT=8'10100011 for cells of type $lut.
Using template $paramod\$lut\WIDTH=4\LUT=16'0101001100000000 for cells of type $lut.
Using template $paramod\$lut\WIDTH=4\LUT=16'1011101111110000 for cells of type $lut.
Using template $paramod\$lut\WIDTH=4\LUT=16'1111111011111111 for cells of type $lut.
Using template $paramod\$lut\WIDTH=4\LUT=16'0000110100000000 for cells of type $lut.
Using template $paramod\$lut\WIDTH=4\LUT=16'0000101000000011 for cells of type $lut.
Using template $paramod\$lut\WIDTH=4\LUT=16'1100010100000000 for cells of type $lut.
Using template $paramod\$lut\WIDTH=4\LUT=16'0001000111110000 for cells of type $lut.
Using template $paramod\$lut\WIDTH=4\LUT=16'0101110000000000 for cells of type $lut.
Using template $paramod\$lut\WIDTH=4\LUT=16'1100101011111111 for cells of type $lut.
Using template $paramod\$lut\WIDTH=4\LUT=16'1111111000000000 for cells of type $lut.
Using template $paramod\$lut\WIDTH=4\LUT=16'1110111100000000 for cells of type $lut.
Using template $paramod\$lut\WIDTH=4\LUT=16'0000000000011111 for cells of type $lut.
Using template $paramod\$lut\WIDTH=4\LUT=16'1111100011111111 for cells of type $lut.
Using template $paramod\$lut\WIDTH=3\LUT=8'11111000 for cells of type $lut.
Using template $paramod\$lut\WIDTH=3\LUT=8'10000000 for cells of type $lut.
Using template $paramod\$lut\WIDTH=3\LUT=8'00000111 for cells of type $lut.
Using template $paramod\$lut\WIDTH=2\LUT=4'0110 for cells of type $lut.
Using template $paramod\$lut\WIDTH=2\LUT=4'1000 for cells of type $lut.
Using template $paramod\$lut\WIDTH=4\LUT=16'1111000000010001 for cells of type $lut.
Using template $paramod\$lut\WIDTH=3\LUT=8'11000101 for cells of type $lut.
Using template $paramod\$lut\WIDTH=4\LUT=16'0100111100000000 for cells of type $lut.
Using template $paramod\$lut\WIDTH=4\LUT=16'0000000011111000 for cells of type $lut.
Using template $paramod\$lut\WIDTH=3\LUT=8'00001101 for cells of type $lut.
Using template $paramod\$lut\WIDTH=3\LUT=8'10110000 for cells of type $lut.
Using template $paramod\$lut\WIDTH=4\LUT=16'1111001011111111 for cells of type $lut.
Using template $paramod\$lut\WIDTH=2\LUT=4'0111 for cells of type $lut.
Using template $paramod\$lut\WIDTH=4\LUT=16'0001111100000000 for cells of type $lut.
Using template $paramod\$lut\WIDTH=2\LUT=4'1011 for cells of type $lut.
Using template $paramod\$lut\WIDTH=4\LUT=16'1111111101000000 for cells of type $lut.
Using template $paramod\$lut\WIDTH=4\LUT=16'0100010011110000 for cells of type $lut.
Using template $paramod\$lut\WIDTH=4\LUT=16'0100000000000000 for cells of type $lut.
Using template $paramod\$lut\WIDTH=3\LUT=8'10010110 for cells of type $lut.
Using template $paramod\$lut\WIDTH=4\LUT=16'0000001100000101 for cells of type $lut.
Using template $paramod\$lut\WIDTH=4\LUT=16'1001000000001001 for cells of type $lut.
Using template $paramod\$lut\WIDTH=4\LUT=16'1101001100000000 for cells of type $lut.
Using template $paramod\$lut\WIDTH=2\LUT=4'1110 for cells of type $lut.
Using template $paramod\$lut\WIDTH=3\LUT=8'01111111 for cells of type $lut.
Using template $paramod\$lut\WIDTH=4\LUT=16'0000000001001111 for cells of type $lut.
Using template $paramod\$lut\WIDTH=3\LUT=8'10001111 for cells of type $lut.
Using template $paramod\$lut\WIDTH=3\LUT=8'01011100 for cells of type $lut.
Using template $paramod\$lut\WIDTH=4\LUT=16'0000000000001101 for cells of type $lut.
Using template $paramod\$lut\WIDTH=4\LUT=16'0000101000001100 for cells of type $lut.
Using template $paramod\$lut\WIDTH=4\LUT=16'1111100010001000 for cells of type $lut.
Using template $paramod\$lut\WIDTH=4\LUT=16'0011010111111111 for cells of type $lut.
Using template $paramod\$lut\WIDTH=4\LUT=16'1010001100000000 for cells of type $lut.
Using template $paramod\$lut\WIDTH=4\LUT=16'0000000100000000 for cells of type $lut.
Using template $paramod\$lut\WIDTH=4\LUT=16'1111010011111111 for cells of type $lut.
Using template $paramod\$lut\WIDTH=4\LUT=16'1000111110001000 for cells of type $lut.
Using template $paramod\$lut\WIDTH=4\LUT=16'1100111111110101 for cells of type $lut.
Using template $paramod\$lut\WIDTH=4\LUT=16'1110000000000000 for cells of type $lut.
Using template $paramod\$lut\WIDTH=4\LUT=16'1111111100001011 for cells of type $lut.
Using template $paramod\$lut\WIDTH=3\LUT=8'00001110 for cells of type $lut.
Using template $paramod\$lut\WIDTH=3\LUT=8'11111110 for cells of type $lut.
Using template $paramod\$lut\WIDTH=4\LUT=16'0111111100000000 for cells of type $lut.
Using template $paramod\$lut\WIDTH=4\LUT=16'1111111110000000 for cells of type $lut.
Using template $paramod\$lut\WIDTH=4\LUT=16'1111000100000000 for cells of type $lut.
Using template $paramod\$lut\WIDTH=3\LUT=8'11010000 for cells of type $lut.
Using template $paramod\$lut\WIDTH=4\LUT=16'1011000011111111 for cells of type $lut.
Using template $paramod\$lut\WIDTH=4\LUT=16'0101010100111100 for cells of type $lut.
Using template $paramod\$lut\WIDTH=3\LUT=8'00011111 for cells of type $lut.
Using template $paramod\$lut\WIDTH=3\LUT=8'11110100 for cells of type $lut.
Using template $paramod\$lut\WIDTH=4\LUT=16'0011101000000000 for cells of type $lut.
Using template $paramod\$lut\WIDTH=4\LUT=16'0000010100000011 for cells of type $lut.
Using template $paramod\$lut\WIDTH=4\LUT=16'0011010100000000 for cells of type $lut.
Using template $paramod\$lut\WIDTH=4\LUT=16'0000001100001010 for cells of type $lut.
Using template $paramod\$lut\WIDTH=4\LUT=16'1100010111111111 for cells of type $lut.
Using template $paramod\$lut\WIDTH=4\LUT=16'1000000011111111 for cells of type $lut.
Using template $paramod\$lut\WIDTH=4\LUT=16'0111000001110111 for cells of type $lut.
Using template $paramod\$lut\WIDTH=4\LUT=16'1110000011111111 for cells of type $lut.
Using template $paramod\$lut\WIDTH=4\LUT=16'1111000011101110 for cells of type $lut.
Using template $paramod\$lut\WIDTH=3\LUT=8'10000111 for cells of type $lut.
Using template $paramod\$lut\WIDTH=4\LUT=16'1010001100110011 for cells of type $lut.
Using template $paramod\$lut\WIDTH=4\LUT=16'0000000111111111 for cells of type $lut.
Using template $paramod\$lut\WIDTH=4\LUT=16'1010001111001100 for cells of type $lut.
Using template $paramod\$lut\WIDTH=4\LUT=16'1010110011001100 for cells of type $lut.
Using template $paramod\$lut\WIDTH=4\LUT=16'0000010100001100 for cells of type $lut.
Using template $paramod\$lut\WIDTH=3\LUT=8'01110000 for cells of type $lut.
Using template $paramod\$lut\WIDTH=4\LUT=16'1111111110110000 for cells of type $lut.
Using template $paramod\$lut\WIDTH=4\LUT=16'0000110000000101 for cells of type $lut.
Using template $paramod\$lut\WIDTH=4\LUT=16'1111111100010000 for cells of type $lut.
Using template $paramod\$lut\WIDTH=4\LUT=16'0000011100000000 for cells of type $lut.
Using template $paramod\$lut\WIDTH=4\LUT=16'1010110000000000 for cells of type $lut.
Using template $paramod\$lut\WIDTH=3\LUT=8'11101111 for cells of type $lut.
Using template $paramod\$lut\WIDTH=4\LUT=16'0000111000000000 for cells of type $lut.
Using template $paramod\$lut\WIDTH=4\LUT=16'0000000011101111 for cells of type $lut.
Using template $paramod\$lut\WIDTH=4\LUT=16'1100110011001010 for cells of type $lut.
Using template $paramod\$lut\WIDTH=4\LUT=16'0100111111111111 for cells of type $lut.
Using template $paramod\$lut\WIDTH=4\LUT=16'1100111101010000 for cells of type $lut.
Using template $paramod\$lut\WIDTH=4\LUT=16'0110111111111111 for cells of type $lut.
Using template $paramod\$lut\WIDTH=4\LUT=16'1111001100001010 for cells of type $lut.
Using template $paramod\$lut\WIDTH=1\LUT=2'01 for cells of type $lut.
Using template $paramod\$lut\WIDTH=4\LUT=16'0000101100000000 for cells of type $lut.
Using template $paramod\$lut\WIDTH=4\LUT=16'0000000011110100 for cells of type $lut.
No more expansions possible.
<suppressed ~2689 debug messages>
Removed 0 unused cells and 2628 unused wires.

4.44. Executing HIERARCHY pass (managing design hierarchy).

4.44.1. Analyzing design hierarchy..
Top module:  \picorv32_baseline_c_wrapper

4.44.2. Analyzing design hierarchy..
Top module:  \picorv32_baseline_c_wrapper
Removed 0 unused modules.

4.45. Printing statistics.

=== picorv32_baseline_c_wrapper ===

   Number of wires:               1634
   Number of wire bits:           3460
   Number of public wires:         152
   Number of public wire bits:    1478
   Number of memories:               0
   Number of memory bits:            0
   Number of processes:              0
   Number of cells:               2601
     SB_CARRY                      370
     SB_DFF                        116
     SB_DFFE                       119
     SB_DFFESR                     230
     SB_DFFESS                       1
     SB_DFFSR                      100
     SB_LUT4                      1661
     SB_RAM40_4K                     4

4.46. Executing CHECK pass (checking for obvious problems).
checking module picorv32_baseline_c_wrapper..
found and reported 0 problems.

4.47. Executing BLIF backend.

4.48. Executing JSON backend.
End of script. Logfile hash: 68f8f15e9e
CPU: user 5.33s system 0.04s, MEM: 55.94 MB total, 50.60 MB resident
Yosys 0.9 (git sha1 1979e0b)
Time spent: 21% 24x opt_clean (1 sec), 19% 26x opt_expr (1 sec), ...
