
 /----------------------------------------------------------------------------\
 |                                                                            |
 |  yosys -- Yosys Open SYnthesis Suite                                       |
 |                                                                            |
 |  Copyright (C) 2012 - 2019  Clifford Wolf <clifford@clifford.at>           |
 |                                                                            |
 |  Permission to use, copy, modify, and/or distribute this software for any  |
 |  purpose with or without fee is hereby granted, provided that the above    |
 |  copyright notice and this permission notice appear in all copies.         |
 |                                                                            |
 |  THE SOFTWARE IS PROVIDED "AS IS" AND THE AUTHOR DISCLAIMS ALL WARRANTIES  |
 |  WITH REGARD TO THIS SOFTWARE INCLUDING ALL IMPLIED WARRANTIES OF          |
 |  MERCHANTABILITY AND FITNESS. IN NO EVENT SHALL THE AUTHOR BE LIABLE FOR   |
 |  ANY SPECIAL, DIRECT, INDIRECT, OR CONSEQUENTIAL DAMAGES OR ANY DAMAGES    |
 |  WHATSOEVER RESULTING FROM LOSS OF USE, DATA OR PROFITS, WHETHER IN AN     |
 |  ACTION OF CONTRACT, NEGLIGENCE OR OTHER TORTIOUS ACTION, ARISING OUT OF   |
 |  OR IN CONNECTION WITH THE USE OR PERFORMANCE OF THIS SOFTWARE.            |
 |                                                                            |
 \----------------------------------------------------------------------------/

 Yosys 0.9 (git sha1 1979e0b)


-- Running command `read_verilog ../picorv32.v; chparam -set ENABLE_MUL 0 picorv32; chparam -set ENABLE_FAST_MUL 0 picorv32; hierarchy -top picorv32; synth_ice40 -top picorv32; stat' --

1. Executing Verilog-2005 frontend: ../picorv32.v
Parsing Verilog input from `../picorv32.v' to AST representation.
Generating RTLIL representation for module `\picorv32'.
Generating RTLIL representation for module `\picorv32_regs'.
Generating RTLIL representation for module `\picorv32_pcpi_mul'.
Generating RTLIL representation for module `\picorv32_pcpi_fast_mul'.
Generating RTLIL representation for module `\picorv32_pcpi_div'.
Generating RTLIL representation for module `\picorv32_axi'.
Generating RTLIL representation for module `\picorv32_axi_adapter'.
Generating RTLIL representation for module `\picorv32_wb'.
Successfully finished Verilog frontend.

2. Executing AST frontend in derive mode using pre-parsed AST for module `\picorv32'.
Parameter \ENABLE_MUL = 0
Generating RTLIL representation for module `$paramod\picorv32\ENABLE_MUL=0'.

3. Executing AST frontend in derive mode using pre-parsed AST for module `\picorv32'.
Parameter \ENABLE_FAST_MUL = 0
Generating RTLIL representation for module `$paramod\picorv32\ENABLE_FAST_MUL=0'.

4. Executing HIERARCHY pass (managing design hierarchy).

4.1. Analyzing design hierarchy..
Top module:  \picorv32

4.2. Analyzing design hierarchy..
Top module:  \picorv32
Removing unused module `\picorv32_wb'.
Removing unused module `\picorv32_axi_adapter'.
Removing unused module `\picorv32_axi'.
Removing unused module `\picorv32_pcpi_div'.
Removing unused module `\picorv32_pcpi_fast_mul'.
Removing unused module `\picorv32_pcpi_mul'.
Removing unused module `\picorv32_regs'.
Removed 7 unused modules.

5. Executing SYNTH_ICE40 pass.

5.1. Executing Verilog-2005 frontend: /usr/bin/../share/yosys/ice40/cells_sim.v
Parsing Verilog input from `/usr/bin/../share/yosys/ice40/cells_sim.v' to AST representation.
Generating RTLIL representation for module `\SB_IO'.
Generating RTLIL representation for module `\SB_GB_IO'.
Generating RTLIL representation for module `\SB_GB'.
Generating RTLIL representation for module `\SB_LUT4'.
Generating RTLIL representation for module `\SB_CARRY'.
Generating RTLIL representation for module `\SB_DFF'.
Generating RTLIL representation for module `\SB_DFFE'.
Generating RTLIL representation for module `\SB_DFFSR'.
Generating RTLIL representation for module `\SB_DFFR'.
Generating RTLIL representation for module `\SB_DFFSS'.
Generating RTLIL representation for module `\SB_DFFS'.
Generating RTLIL representation for module `\SB_DFFESR'.
Generating RTLIL representation for module `\SB_DFFER'.
Generating RTLIL representation for module `\SB_DFFESS'.
Generating RTLIL representation for module `\SB_DFFES'.
Generating RTLIL representation for module `\SB_DFFN'.
Generating RTLIL representation for module `\SB_DFFNE'.
Generating RTLIL representation for module `\SB_DFFNSR'.
Generating RTLIL representation for module `\SB_DFFNR'.
Generating RTLIL representation for module `\SB_DFFNSS'.
Generating RTLIL representation for module `\SB_DFFNS'.
Generating RTLIL representation for module `\SB_DFFNESR'.
Generating RTLIL representation for module `\SB_DFFNER'.
Generating RTLIL representation for module `\SB_DFFNESS'.
Generating RTLIL representation for module `\SB_DFFNES'.
Generating RTLIL representation for module `\SB_RAM40_4K'.
Generating RTLIL representation for module `\SB_RAM40_4KNR'.
Generating RTLIL representation for module `\SB_RAM40_4KNW'.
Generating RTLIL representation for module `\SB_RAM40_4KNRNW'.
Generating RTLIL representation for module `\ICESTORM_LC'.
Generating RTLIL representation for module `\SB_PLL40_CORE'.
Generating RTLIL representation for module `\SB_PLL40_PAD'.
Generating RTLIL representation for module `\SB_PLL40_2_PAD'.
Generating RTLIL representation for module `\SB_PLL40_2F_CORE'.
Generating RTLIL representation for module `\SB_PLL40_2F_PAD'.
Generating RTLIL representation for module `\SB_WARMBOOT'.
Generating RTLIL representation for module `\SB_SPRAM256KA'.
Generating RTLIL representation for module `\SB_HFOSC'.
Generating RTLIL representation for module `\SB_LFOSC'.
Generating RTLIL representation for module `\SB_RGBA_DRV'.
Generating RTLIL representation for module `\SB_LED_DRV_CUR'.
Generating RTLIL representation for module `\SB_RGB_DRV'.
Generating RTLIL representation for module `\SB_I2C'.
Generating RTLIL representation for module `\SB_SPI'.
Generating RTLIL representation for module `\SB_LEDDA_IP'.
Generating RTLIL representation for module `\SB_FILTER_50NS'.
Generating RTLIL representation for module `\SB_IO_I3C'.
Generating RTLIL representation for module `\SB_IO_OD'.
Generating RTLIL representation for module `\SB_MAC16'.
Successfully finished Verilog frontend.

5.2. Executing HIERARCHY pass (managing design hierarchy).

5.2.1. Analyzing design hierarchy..
Top module:  \picorv32

5.2.2. Analyzing design hierarchy..
Top module:  \picorv32
Removed 0 unused modules.

5.3. Executing PROC pass (convert processes to netlists).

5.3.1. Executing PROC_CLEAN pass (remove empty switches from decision trees).
Found and cleaned up 6 empty switches in `\picorv32.$proc$../picorv32.v:547$1706'.
Removing empty process `picorv32.$proc$../picorv32.v:547$1706'.
Found and cleaned up 1 empty switch in `\picorv32.$proc$../picorv32.v:1382$2069'.
Found and cleaned up 17 empty switches in `\picorv32.$proc$../picorv32.v:1436$2085'.
Found and cleaned up 1 empty switch in `\picorv32.$proc$../picorv32.v:207$2269'.
Removing empty process `picorv32.$proc$../picorv32.v:207$2269'.
Cleaned up 25 empty switches.

5.3.2. Executing PROC_RMDEAD pass (remove dead branches from decision trees).
Removed 2 dead cases from process $proc$../picorv32.v:402$1672 in module picorv32.
Marked 2 switch rules as full_case in process $proc$../picorv32.v:402$1672 in module picorv32.
Marked 1 switch rules as full_case in process $proc$../picorv32.v:431$1675 in module picorv32.
Marked 1 switch rules as full_case in process $proc$../picorv32.v:326$1593 in module picorv32.
Marked 4 switch rules as full_case in process $proc$../picorv32.v:566$1715 in module picorv32.
Marked 48 switch rules as full_case in process $proc$../picorv32.v:702$1739 in module picorv32.
Marked 2 switch rules as full_case in process $proc$../picorv32.v:779$1740 in module picorv32.
Marked 3 switch rules as full_case in process $proc$../picorv32.v:810$1744 in module picorv32.
Marked 3 switch rules as full_case in process $proc$../picorv32.v:859$1746 in module picorv32.
Marked 8 switch rules as full_case in process $proc$../picorv32.v:1187$2009 in module picorv32.
Marked 2 switch rules as full_case in process $proc$../picorv32.v:1329$2046 in module picorv32.
Marked 2 switch rules as full_case in process $proc$../picorv32.v:1343$2051 in module picorv32.
Marked 34 switch rules as full_case in process $proc$../picorv32.v:1436$2085 in module picorv32.
Marked 1 switch rules as full_case in process $proc$../picorv32.v:391$1667 in module picorv32.
Removed a total of 2 dead cases.

5.3.3. Executing PROC_INIT pass (extract init attributes).

5.3.4. Executing PROC_ARST pass (detect async resets in processes).

5.3.5. Executing PROC_MUX pass (convert decision trees to multiplexers).
Creating decoders for process `\picorv32.$proc$../picorv32.v:402$1672'.
     1/8: $3\mem_rdata_word[31:0]
     2/8: $2\mem_rdata_word[31:0]
     3/8: $1\mem_rdata_word[31:0]
     4/8: $1\mem_la_wstrb[3:0]
     5/8: $1\mem_la_wdata[31:0]
     6/8: $0\mem_rdata_word[31:0]
     7/8: $0\mem_la_wstrb[3:0]
     8/8: $0\mem_la_wdata[31:0]
Creating decoders for process `\picorv32.$proc$../picorv32.v:431$1675'.
     1/9: $0\mem_rdata_q[31:0] [31]
     2/9: $0\mem_rdata_q[31:0] [7]
     3/9: $0\mem_rdata_q[31:0] [24:20]
     4/9: $0\mem_rdata_q[31:0] [19:15]
     5/9: $0\mem_rdata_q[31:0] [6:0]
     6/9: $0\mem_rdata_q[31:0] [14:12]
     7/9: $0\mem_rdata_q[31:0] [11:8]
     8/9: $0\mem_rdata_q[31:0] [30:25]
     9/9: $0\next_insn_opcode[31:0]
Creating decoders for process `\picorv32.$proc$../picorv32.v:326$1593'.
     1/6: $1\pcpi_int_rd[31:0]
     2/6: $1\pcpi_int_wr[0:0]
     3/6: $0\pcpi_int_rd[31:0]
     4/6: $0\pcpi_int_wr[0:0]
     5/6: $0\pcpi_int_ready[0:0]
     6/6: $0\pcpi_int_wait[0:0]
Creating decoders for process `\picorv32.$proc$../picorv32.v:566$1715'.
     1/9: $0\mem_16bit_buffer[15:0]
     2/9: $0\prefetched_high_word[0:0]
     3/9: $0\mem_la_secondword[0:0]
     4/9: $0\mem_state[1:0]
     5/9: $0\mem_wstrb[3:0]
     6/9: $0\mem_wdata[31:0]
     7/9: $0\mem_addr[31:0]
     8/9: $0\mem_instr[0:0]
     9/9: $0\mem_valid[0:0]
Creating decoders for process `\picorv32.$proc$../picorv32.v:702$1739'.
     1/49: $48\new_ascii_instr[63:0]
     2/49: $47\new_ascii_instr[63:0]
     3/49: $46\new_ascii_instr[63:0]
     4/49: $45\new_ascii_instr[63:0]
     5/49: $44\new_ascii_instr[63:0]
     6/49: $43\new_ascii_instr[63:0]
     7/49: $42\new_ascii_instr[63:0]
     8/49: $41\new_ascii_instr[63:0]
     9/49: $40\new_ascii_instr[63:0]
    10/49: $39\new_ascii_instr[63:0]
    11/49: $38\new_ascii_instr[63:0]
    12/49: $37\new_ascii_instr[63:0]
    13/49: $36\new_ascii_instr[63:0]
    14/49: $35\new_ascii_instr[63:0]
    15/49: $34\new_ascii_instr[63:0]
    16/49: $33\new_ascii_instr[63:0]
    17/49: $32\new_ascii_instr[63:0]
    18/49: $31\new_ascii_instr[63:0]
    19/49: $30\new_ascii_instr[63:0]
    20/49: $29\new_ascii_instr[63:0]
    21/49: $28\new_ascii_instr[63:0]
    22/49: $27\new_ascii_instr[63:0]
    23/49: $26\new_ascii_instr[63:0]
    24/49: $25\new_ascii_instr[63:0]
    25/49: $24\new_ascii_instr[63:0]
    26/49: $23\new_ascii_instr[63:0]
    27/49: $22\new_ascii_instr[63:0]
    28/49: $21\new_ascii_instr[63:0]
    29/49: $20\new_ascii_instr[63:0]
    30/49: $19\new_ascii_instr[63:0]
    31/49: $18\new_ascii_instr[63:0]
    32/49: $17\new_ascii_instr[63:0]
    33/49: $16\new_ascii_instr[63:0]
    34/49: $15\new_ascii_instr[63:0]
    35/49: $14\new_ascii_instr[63:0]
    36/49: $13\new_ascii_instr[63:0]
    37/49: $12\new_ascii_instr[63:0]
    38/49: $11\new_ascii_instr[63:0]
    39/49: $10\new_ascii_instr[63:0]
    40/49: $9\new_ascii_instr[63:0]
    41/49: $8\new_ascii_instr[63:0]
    42/49: $7\new_ascii_instr[63:0]
    43/49: $6\new_ascii_instr[63:0]
    44/49: $5\new_ascii_instr[63:0]
    45/49: $4\new_ascii_instr[63:0]
    46/49: $3\new_ascii_instr[63:0]
    47/49: $2\new_ascii_instr[63:0]
    48/49: $1\new_ascii_instr[63:0]
    49/49: $0\new_ascii_instr[63:0]
Creating decoders for process `\picorv32.$proc$../picorv32.v:779$1740'.
     1/15: $0\dbg_next[0:0]
     2/15: $0\q_insn_rd[4:0]
     3/15: $0\q_insn_rs2[4:0]
     4/15: $0\q_insn_rs1[4:0]
     5/15: $0\q_insn_opcode[31:0]
     6/15: $0\q_insn_imm[31:0]
     7/15: $0\q_ascii_instr[63:0]
     8/15: $0\cached_insn_rd[4:0]
     9/15: $0\cached_insn_rs2[4:0]
    10/15: $0\cached_insn_rs1[4:0]
    11/15: $0\cached_insn_opcode[31:0]
    12/15: $0\cached_insn_imm[31:0]
    13/15: $0\cached_ascii_instr[63:0]
    14/15: $0\dbg_valid_insn[0:0]
    15/15: $0\dbg_insn_addr[31:0]
Creating decoders for process `\picorv32.$proc$../picorv32.v:810$1744'.
     1/19: $3\dbg_insn_opcode[31:0]
     2/19: $2\dbg_insn_rd[4:0]
     3/19: $2\dbg_insn_rs2[4:0]
     4/19: $2\dbg_insn_rs1[4:0]
     5/19: $2\dbg_insn_opcode[31:0]
     6/19: $2\dbg_insn_imm[31:0]
     7/19: $2\dbg_ascii_instr[63:0]
     8/19: $1\dbg_insn_rd[4:0]
     9/19: $1\dbg_insn_rs2[4:0]
    10/19: $1\dbg_insn_rs1[4:0]
    11/19: $1\dbg_insn_imm[31:0]
    12/19: $1\dbg_ascii_instr[63:0]
    13/19: $1\dbg_insn_opcode[31:0]
    14/19: $0\dbg_insn_rd[4:0]
    15/19: $0\dbg_insn_rs2[4:0]
    16/19: $0\dbg_insn_rs1[4:0]
    17/19: $0\dbg_insn_imm[31:0]
    18/19: $0\dbg_ascii_instr[63:0]
    19/19: $0\dbg_insn_opcode[31:0]
Creating decoders for process `\picorv32.$proc$../picorv32.v:859$1746'.
     1/81: $0\decoded_rs1[4:0] [4]
     2/81: $0\decoded_imm_j[31:0] [10]
     3/81: $0\decoded_imm_j[31:0] [7]
     4/81: $0\decoded_imm_j[31:0] [6]
     5/81: $0\decoded_imm_j[31:0] [3:1]
     6/81: $0\decoded_imm_j[31:0] [5]
     7/81: $0\decoded_imm_j[31:0] [9:8]
     8/81: $0\decoded_imm_j[31:0] [31:20]
     9/81: $0\decoded_imm_j[31:0] [4]
    10/81: $0\decoded_imm_j[31:0] [11]
    11/81: $0\decoded_imm_j[31:0] [0]
    12/81: $0\decoded_rs1[4:0] [3:0]
    13/81: $0\is_lbu_lhu_lw[0:0]
    14/81: $0\is_sltiu_bltu_sltu[0:0]
    15/81: $0\is_slti_blt_slt[0:0]
    16/81: $0\is_lui_auipc_jal_jalr_addi_add_sub[0:0]
    17/81: $0\is_lui_auipc_jal[0:0]
    18/81: $0\is_alu_reg_reg[0:0]
    19/81: $0\is_alu_reg_imm[0:0]
    20/81: $0\is_beq_bne_blt_bge_bltu_bgeu[0:0]
    21/81: $0\is_sll_srl_sra[0:0]
    22/81: $0\is_sb_sh_sw[0:0]
    23/81: $0\is_jalr_addi_slti_sltiu_xori_ori_andi[0:0]
    24/81: $0\is_slli_srli_srai[0:0]
    25/81: $0\is_lb_lh_lw_lbu_lhu[0:0]
    26/81: $0\compressed_instr[0:0]
    27/81: $0\is_compare[0:0]
    28/81: $0\decoded_imm[31:0]
    29/81: $0\decoded_rs2[4:0]
    30/81: $0\decoded_imm_j[31:0] [19:12]
    31/81: $0\decoded_rd[4:0]
    32/81: $0\instr_timer[0:0]
    33/81: $0\instr_waitirq[0:0]
    34/81: $0\instr_maskirq[0:0]
    35/81: $0\instr_retirq[0:0]
    36/81: $0\instr_setq[0:0]
    37/81: $0\instr_getq[0:0]
    38/81: $0\instr_fence[0:0]
    39/81: $0\instr_ecall_ebreak[0:0]
    40/81: $0\instr_rdinstrh[0:0]
    41/81: $0\instr_rdinstr[0:0]
    42/81: $0\instr_rdcycleh[0:0]
    43/81: $0\instr_rdcycle[0:0]
    44/81: $0\instr_and[0:0]
    45/81: $0\instr_or[0:0]
    46/81: $0\instr_sra[0:0]
    47/81: $0\instr_srl[0:0]
    48/81: $0\instr_xor[0:0]
    49/81: $0\instr_sltu[0:0]
    50/81: $0\instr_slt[0:0]
    51/81: $0\instr_sll[0:0]
    52/81: $0\instr_sub[0:0]
    53/81: $0\instr_add[0:0]
    54/81: $0\instr_srai[0:0]
    55/81: $0\instr_srli[0:0]
    56/81: $0\instr_slli[0:0]
    57/81: $0\instr_andi[0:0]
    58/81: $0\instr_ori[0:0]
    59/81: $0\instr_xori[0:0]
    60/81: $0\instr_sltiu[0:0]
    61/81: $0\instr_slti[0:0]
    62/81: $0\instr_addi[0:0]
    63/81: $0\instr_sw[0:0]
    64/81: $0\instr_sh[0:0]
    65/81: $0\instr_sb[0:0]
    66/81: $0\instr_lhu[0:0]
    67/81: $0\instr_lbu[0:0]
    68/81: $0\instr_lw[0:0]
    69/81: $0\instr_lh[0:0]
    70/81: $0\instr_lb[0:0]
    71/81: $0\instr_bgeu[0:0]
    72/81: $0\instr_bltu[0:0]
    73/81: $0\instr_bge[0:0]
    74/81: $0\instr_blt[0:0]
    75/81: $0\instr_bne[0:0]
    76/81: $0\instr_beq[0:0]
    77/81: $0\instr_jalr[0:0]
    78/81: $0\instr_jal[0:0]
    79/81: $0\instr_auipc[0:0]
    80/81: $0\instr_lui[0:0]
    81/81: $0\pcpi_insn[31:0]
Creating decoders for process `\picorv32.$proc$../picorv32.v:1187$2009'.
     1/9: $8\dbg_ascii_state[127:0]
     2/9: $7\dbg_ascii_state[127:0]
     3/9: $6\dbg_ascii_state[127:0]
     4/9: $5\dbg_ascii_state[127:0]
     5/9: $4\dbg_ascii_state[127:0]
     6/9: $3\dbg_ascii_state[127:0]
     7/9: $2\dbg_ascii_state[127:0]
     8/9: $1\dbg_ascii_state[127:0]
     9/9: $0\dbg_ascii_state[127:0]
Creating decoders for process `\picorv32.$proc$../picorv32.v:1283$2023'.
     1/4: $1\alu_out[31:0]
     2/4: $1\alu_out_0[0:0]
     3/4: $0\alu_out[31:0]
     4/4: $0\alu_out_0[0:0]
Creating decoders for process `\picorv32.$proc$../picorv32.v:1327$2045'.
     1/1: $0\clear_prefetched_high_word_q[0:0]
Creating decoders for process `\picorv32.$proc$../picorv32.v:1329$2046'.
     1/3: $2\clear_prefetched_high_word[0:0]
     2/3: $1\clear_prefetched_high_word[0:0]
     3/3: $0\clear_prefetched_high_word[0:0]
Creating decoders for process `\picorv32.$proc$../picorv32.v:1343$2051'.
     1/6: $2\cpuregs_write[0:0]
     2/6: $2\cpuregs_wrdata[31:0]
     3/6: $1\cpuregs_wrdata[31:0]
     4/6: $1\cpuregs_write[0:0]
     5/6: $0\cpuregs_wrdata[31:0]
     6/6: $0\cpuregs_write[0:0]
Creating decoders for process `\picorv32.$proc$../picorv32.v:1371$2063'.
     1/3: $0$memwr$\cpuregs$../picorv32.v:1378$1592_EN[31:0]$2065
     2/3: $0$memwr$\cpuregs$../picorv32.v:1378$1592_DATA[31:0]$2064
     3/3: $0$memwr$\cpuregs$../picorv32.v:1378$1592_ADDR[4:0]$2066
Creating decoders for process `\picorv32.$proc$../picorv32.v:1382$2069'.
     1/5: $1\cpuregs_rs2[31:0]
     2/5: $1\cpuregs_rs1[31:0]
     3/5: $0\cpuregs_rs2[31:0]
     4/5: $0\cpuregs_rs1[31:0]
     5/5: $0\decoded_rs[4:0]
Creating decoders for process `\picorv32.$proc$../picorv32.v:1436$2085'.
     1/89: $17\next_irq_pending[2:2]
     2/89: $16\next_irq_pending[2:2]
     3/89: $15\next_irq_pending[2:2]
     4/89: $14\next_irq_pending[2:2]
     5/89: $13\next_irq_pending[2:2]
     6/89: $12\next_irq_pending[2:2]
     7/89: $11\next_irq_pending[2:2]
     8/89: $2\next_irq_pending[31:0] [31:2]
     9/89: $3\set_mem_do_rdata[0:0]
    10/89: $2\next_irq_pending[31:0] [1]
    11/89: $3\set_mem_do_wdata[0:0]
    12/89: $2\next_irq_pending[31:0] [0]
    13/89: $4\set_mem_do_rinst[0:0]
    14/89: $3\set_mem_do_rinst[0:0]
    15/89: $4\set_mem_do_wdata[0:0]
    16/89: $9\next_irq_pending[1:1]
    17/89: $8\next_irq_pending[1:1]
    18/89: $7\next_irq_pending[1:1]
    19/89: $4\set_mem_do_rdata[0:0]
    20/89: $5\next_irq_pending[1:1]
    21/89: $4\next_irq_pending[1:1]
    22/89: $10\next_irq_pending[1:1]
    23/89: $5\set_mem_do_rinst[0:0]
    24/89: $6\next_irq_pending[1:1]
    25/89: $3\next_irq_pending[31:0]
    26/89: $3\current_pc[31:0]
    27/89: $2\current_pc[31:0]
    28/89: $2\set_mem_do_wdata[0:0]
    29/89: $2\set_mem_do_rdata[0:0]
    30/89: $2\set_mem_do_rinst[0:0]
    31/89: $1\next_irq_pending[31:0]
    32/89: $1\current_pc[31:0]
    33/89: $1\set_mem_do_wdata[0:0]
    34/89: $1\set_mem_do_rdata[0:0]
    35/89: $1\set_mem_do_rinst[0:0]
    36/89: $0\current_pc[31:0]
    37/89: $0\irq_pending[31:0]
    38/89: $0\next_irq_pending[31:0] [2]
    39/89: { $0\next_irq_pending[31:0] [31:3] $0\next_irq_pending[31:0] [1:0] }
    40/89: $0\set_mem_do_wdata[0:0]
    41/89: $0\set_mem_do_rdata[0:0]
    42/89: $0\set_mem_do_rinst[0:0]
    43/89: $0\trace_valid[0:0]
    44/89: $0\do_waitirq[0:0]
    45/89: $0\decoder_pseudo_trigger_q[0:0]
    46/89: $0\decoder_pseudo_trigger[0:0]
    47/89: $0\decoder_trigger_q[0:0]
    48/89: $0\decoder_trigger[0:0]
    49/89: $0\alu_wait_2[0:0]
    50/89: $0\alu_wait[0:0]
    51/89: $0\alu_out_q[31:0]
    52/89: $0\alu_out_0_q[0:0]
    53/89: $0\reg_out[31:0]
    54/89: $0\reg_sh[4:0]
    55/89: $0\trap[0:0]
    56/89: $0\pcpi_timeout[0:0]
    57/89: $0\latched_rd[4:0]
    58/89: $0\latched_is_lb[0:0]
    59/89: $0\latched_is_lh[0:0]
    60/89: $0\latched_is_lu[0:0]
    61/89: $0\latched_trace[0:0]
    62/89: $0\latched_compr[0:0]
    63/89: $0\latched_branch[0:0]
    64/89: $0\latched_stalu[0:0]
    65/89: $0\latched_store[0:0]
    66/89: $0\irq_state[1:0]
    67/89: $0\cpu_state[7:0]
    68/89: $0\dbg_rs2val_valid[0:0]
    69/89: $0\dbg_rs1val_valid[0:0]
    70/89: $0\dbg_rs2val[31:0]
    71/89: $0\dbg_rs1val[31:0]
    72/89: $0\mem_do_wdata[0:0]
    73/89: $0\mem_do_rdata[0:0]
    74/89: $0\mem_do_rinst[0:0]
    75/89: $0\mem_do_prefetch[0:0]
    76/89: $0\mem_wordsize[1:0]
    77/89: $0\timer[31:0]
    78/89: $0\irq_mask[31:0]
    79/89: $0\irq_active[0:0]
    80/89: $0\irq_delay[0:0]
    81/89: $0\reg_op2[31:0]
    82/89: $0\reg_op1[31:0]
    83/89: $0\reg_next_pc[31:0]
    84/89: $0\reg_pc[31:0]
    85/89: $0\count_instr[63:0]
    86/89: $0\count_cycle[63:0]
    87/89: $0\trace_data[35:0]
    88/89: $0\eoi[31:0]
    89/89: $0\pcpi_valid[0:0]
Creating decoders for process `\picorv32.$proc$../picorv32.v:1273$2260'.
     1/6: $0\alu_shr[31:0]
     2/6: $0\alu_shl[31:0]
     3/6: $0\alu_ltu[0:0]
     4/6: $0\alu_lts[0:0]
     5/6: $0\alu_eq[0:0]
     6/6: $0\alu_add_sub[31:0]
Creating decoders for process `\picorv32.$proc$../picorv32.v:391$1667'.
     1/2: $0\last_mem_valid[0:0]
     2/2: $0\mem_la_firstword_reg[0:0]

5.3.6. Executing PROC_DLATCH pass (convert process syncs to latches).
No latch inferred for signal `\picorv32.\mem_la_wdata' from process `\picorv32.$proc$../picorv32.v:402$1672'.
No latch inferred for signal `\picorv32.\mem_la_wstrb' from process `\picorv32.$proc$../picorv32.v:402$1672'.
No latch inferred for signal `\picorv32.\mem_rdata_word' from process `\picorv32.$proc$../picorv32.v:402$1672'.
No latch inferred for signal `\picorv32.\pcpi_int_wr' from process `\picorv32.$proc$../picorv32.v:326$1593'.
No latch inferred for signal `\picorv32.\pcpi_int_rd' from process `\picorv32.$proc$../picorv32.v:326$1593'.
No latch inferred for signal `\picorv32.\pcpi_int_wait' from process `\picorv32.$proc$../picorv32.v:326$1593'.
No latch inferred for signal `\picorv32.\pcpi_int_ready' from process `\picorv32.$proc$../picorv32.v:326$1593'.
No latch inferred for signal `\picorv32.\new_ascii_instr' from process `\picorv32.$proc$../picorv32.v:702$1739'.
No latch inferred for signal `\picorv32.\dbg_insn_opcode' from process `\picorv32.$proc$../picorv32.v:810$1744'.
No latch inferred for signal `\picorv32.\dbg_ascii_instr' from process `\picorv32.$proc$../picorv32.v:810$1744'.
No latch inferred for signal `\picorv32.\dbg_insn_imm' from process `\picorv32.$proc$../picorv32.v:810$1744'.
No latch inferred for signal `\picorv32.\dbg_insn_rs1' from process `\picorv32.$proc$../picorv32.v:810$1744'.
No latch inferred for signal `\picorv32.\dbg_insn_rs2' from process `\picorv32.$proc$../picorv32.v:810$1744'.
No latch inferred for signal `\picorv32.\dbg_insn_rd' from process `\picorv32.$proc$../picorv32.v:810$1744'.
No latch inferred for signal `\picorv32.\dbg_ascii_state' from process `\picorv32.$proc$../picorv32.v:1187$2009'.
No latch inferred for signal `\picorv32.\alu_out' from process `\picorv32.$proc$../picorv32.v:1283$2023'.
No latch inferred for signal `\picorv32.\alu_out_0' from process `\picorv32.$proc$../picorv32.v:1283$2023'.
No latch inferred for signal `\picorv32.\clear_prefetched_high_word' from process `\picorv32.$proc$../picorv32.v:1329$2046'.
No latch inferred for signal `\picorv32.\cpuregs_write' from process `\picorv32.$proc$../picorv32.v:1343$2051'.
No latch inferred for signal `\picorv32.\cpuregs_wrdata' from process `\picorv32.$proc$../picorv32.v:1343$2051'.
No latch inferred for signal `\picorv32.\cpuregs_rs1' from process `\picorv32.$proc$../picorv32.v:1382$2069'.
No latch inferred for signal `\picorv32.\cpuregs_rs2' from process `\picorv32.$proc$../picorv32.v:1382$2069'.
No latch inferred for signal `\picorv32.\decoded_rs' from process `\picorv32.$proc$../picorv32.v:1382$2069'.
No latch inferred for signal `\picorv32.\alu_add_sub' from process `\picorv32.$proc$../picorv32.v:1273$2260'.
No latch inferred for signal `\picorv32.\alu_shl' from process `\picorv32.$proc$../picorv32.v:1273$2260'.
No latch inferred for signal `\picorv32.\alu_shr' from process `\picorv32.$proc$../picorv32.v:1273$2260'.
No latch inferred for signal `\picorv32.\alu_eq' from process `\picorv32.$proc$../picorv32.v:1273$2260'.
No latch inferred for signal `\picorv32.\alu_ltu' from process `\picorv32.$proc$../picorv32.v:1273$2260'.
No latch inferred for signal `\picorv32.\alu_lts' from process `\picorv32.$proc$../picorv32.v:1273$2260'.

5.3.7. Executing PROC_DFF pass (convert process syncs to FFs).
Creating register for signal `\picorv32.\next_insn_opcode' using process `\picorv32.$proc$../picorv32.v:431$1675'.
  created $dff cell `$procdff$4986' with positive edge clock.
Creating register for signal `\picorv32.\mem_rdata_q' using process `\picorv32.$proc$../picorv32.v:431$1675'.
  created $dff cell `$procdff$4987' with positive edge clock.
Creating register for signal `\picorv32.\mem_valid' using process `\picorv32.$proc$../picorv32.v:566$1715'.
  created $dff cell `$procdff$4988' with positive edge clock.
Creating register for signal `\picorv32.\mem_instr' using process `\picorv32.$proc$../picorv32.v:566$1715'.
  created $dff cell `$procdff$4989' with positive edge clock.
Creating register for signal `\picorv32.\mem_addr' using process `\picorv32.$proc$../picorv32.v:566$1715'.
  created $dff cell `$procdff$4990' with positive edge clock.
Creating register for signal `\picorv32.\mem_wdata' using process `\picorv32.$proc$../picorv32.v:566$1715'.
  created $dff cell `$procdff$4991' with positive edge clock.
Creating register for signal `\picorv32.\mem_wstrb' using process `\picorv32.$proc$../picorv32.v:566$1715'.
  created $dff cell `$procdff$4992' with positive edge clock.
Creating register for signal `\picorv32.\mem_state' using process `\picorv32.$proc$../picorv32.v:566$1715'.
  created $dff cell `$procdff$4993' with positive edge clock.
Creating register for signal `\picorv32.\mem_la_secondword' using process `\picorv32.$proc$../picorv32.v:566$1715'.
  created $dff cell `$procdff$4994' with positive edge clock.
Creating register for signal `\picorv32.\prefetched_high_word' using process `\picorv32.$proc$../picorv32.v:566$1715'.
  created $dff cell `$procdff$4995' with positive edge clock.
Creating register for signal `\picorv32.\mem_16bit_buffer' using process `\picorv32.$proc$../picorv32.v:566$1715'.
  created $dff cell `$procdff$4996' with positive edge clock.
Creating register for signal `\picorv32.\dbg_insn_addr' using process `\picorv32.$proc$../picorv32.v:779$1740'.
  created $dff cell `$procdff$4997' with positive edge clock.
Creating register for signal `\picorv32.\q_ascii_instr' using process `\picorv32.$proc$../picorv32.v:779$1740'.
  created $dff cell `$procdff$4998' with positive edge clock.
Creating register for signal `\picorv32.\q_insn_imm' using process `\picorv32.$proc$../picorv32.v:779$1740'.
  created $dff cell `$procdff$4999' with positive edge clock.
Creating register for signal `\picorv32.\q_insn_opcode' using process `\picorv32.$proc$../picorv32.v:779$1740'.
  created $dff cell `$procdff$5000' with positive edge clock.
Creating register for signal `\picorv32.\q_insn_rs1' using process `\picorv32.$proc$../picorv32.v:779$1740'.
  created $dff cell `$procdff$5001' with positive edge clock.
Creating register for signal `\picorv32.\q_insn_rs2' using process `\picorv32.$proc$../picorv32.v:779$1740'.
  created $dff cell `$procdff$5002' with positive edge clock.
Creating register for signal `\picorv32.\q_insn_rd' using process `\picorv32.$proc$../picorv32.v:779$1740'.
  created $dff cell `$procdff$5003' with positive edge clock.
Creating register for signal `\picorv32.\dbg_next' using process `\picorv32.$proc$../picorv32.v:779$1740'.
  created $dff cell `$procdff$5004' with positive edge clock.
Creating register for signal `\picorv32.\dbg_valid_insn' using process `\picorv32.$proc$../picorv32.v:779$1740'.
  created $dff cell `$procdff$5005' with positive edge clock.
Creating register for signal `\picorv32.\cached_ascii_instr' using process `\picorv32.$proc$../picorv32.v:779$1740'.
  created $dff cell `$procdff$5006' with positive edge clock.
Creating register for signal `\picorv32.\cached_insn_imm' using process `\picorv32.$proc$../picorv32.v:779$1740'.
  created $dff cell `$procdff$5007' with positive edge clock.
Creating register for signal `\picorv32.\cached_insn_opcode' using process `\picorv32.$proc$../picorv32.v:779$1740'.
  created $dff cell `$procdff$5008' with positive edge clock.
Creating register for signal `\picorv32.\cached_insn_rs1' using process `\picorv32.$proc$../picorv32.v:779$1740'.
  created $dff cell `$procdff$5009' with positive edge clock.
Creating register for signal `\picorv32.\cached_insn_rs2' using process `\picorv32.$proc$../picorv32.v:779$1740'.
  created $dff cell `$procdff$5010' with positive edge clock.
Creating register for signal `\picorv32.\cached_insn_rd' using process `\picorv32.$proc$../picorv32.v:779$1740'.
  created $dff cell `$procdff$5011' with positive edge clock.
Creating register for signal `\picorv32.\pcpi_insn' using process `\picorv32.$proc$../picorv32.v:859$1746'.
  created $dff cell `$procdff$5012' with positive edge clock.
Creating register for signal `\picorv32.\instr_lui' using process `\picorv32.$proc$../picorv32.v:859$1746'.
  created $dff cell `$procdff$5013' with positive edge clock.
Creating register for signal `\picorv32.\instr_auipc' using process `\picorv32.$proc$../picorv32.v:859$1746'.
  created $dff cell `$procdff$5014' with positive edge clock.
Creating register for signal `\picorv32.\instr_jal' using process `\picorv32.$proc$../picorv32.v:859$1746'.
  created $dff cell `$procdff$5015' with positive edge clock.
Creating register for signal `\picorv32.\instr_jalr' using process `\picorv32.$proc$../picorv32.v:859$1746'.
  created $dff cell `$procdff$5016' with positive edge clock.
Creating register for signal `\picorv32.\instr_beq' using process `\picorv32.$proc$../picorv32.v:859$1746'.
  created $dff cell `$procdff$5017' with positive edge clock.
Creating register for signal `\picorv32.\instr_bne' using process `\picorv32.$proc$../picorv32.v:859$1746'.
  created $dff cell `$procdff$5018' with positive edge clock.
Creating register for signal `\picorv32.\instr_blt' using process `\picorv32.$proc$../picorv32.v:859$1746'.
  created $dff cell `$procdff$5019' with positive edge clock.
Creating register for signal `\picorv32.\instr_bge' using process `\picorv32.$proc$../picorv32.v:859$1746'.
  created $dff cell `$procdff$5020' with positive edge clock.
Creating register for signal `\picorv32.\instr_bltu' using process `\picorv32.$proc$../picorv32.v:859$1746'.
  created $dff cell `$procdff$5021' with positive edge clock.
Creating register for signal `\picorv32.\instr_bgeu' using process `\picorv32.$proc$../picorv32.v:859$1746'.
  created $dff cell `$procdff$5022' with positive edge clock.
Creating register for signal `\picorv32.\instr_lb' using process `\picorv32.$proc$../picorv32.v:859$1746'.
  created $dff cell `$procdff$5023' with positive edge clock.
Creating register for signal `\picorv32.\instr_lh' using process `\picorv32.$proc$../picorv32.v:859$1746'.
  created $dff cell `$procdff$5024' with positive edge clock.
Creating register for signal `\picorv32.\instr_lw' using process `\picorv32.$proc$../picorv32.v:859$1746'.
  created $dff cell `$procdff$5025' with positive edge clock.
Creating register for signal `\picorv32.\instr_lbu' using process `\picorv32.$proc$../picorv32.v:859$1746'.
  created $dff cell `$procdff$5026' with positive edge clock.
Creating register for signal `\picorv32.\instr_lhu' using process `\picorv32.$proc$../picorv32.v:859$1746'.
  created $dff cell `$procdff$5027' with positive edge clock.
Creating register for signal `\picorv32.\instr_sb' using process `\picorv32.$proc$../picorv32.v:859$1746'.
  created $dff cell `$procdff$5028' with positive edge clock.
Creating register for signal `\picorv32.\instr_sh' using process `\picorv32.$proc$../picorv32.v:859$1746'.
  created $dff cell `$procdff$5029' with positive edge clock.
Creating register for signal `\picorv32.\instr_sw' using process `\picorv32.$proc$../picorv32.v:859$1746'.
  created $dff cell `$procdff$5030' with positive edge clock.
Creating register for signal `\picorv32.\instr_addi' using process `\picorv32.$proc$../picorv32.v:859$1746'.
  created $dff cell `$procdff$5031' with positive edge clock.
Creating register for signal `\picorv32.\instr_slti' using process `\picorv32.$proc$../picorv32.v:859$1746'.
  created $dff cell `$procdff$5032' with positive edge clock.
Creating register for signal `\picorv32.\instr_sltiu' using process `\picorv32.$proc$../picorv32.v:859$1746'.
  created $dff cell `$procdff$5033' with positive edge clock.
Creating register for signal `\picorv32.\instr_xori' using process `\picorv32.$proc$../picorv32.v:859$1746'.
  created $dff cell `$procdff$5034' with positive edge clock.
Creating register for signal `\picorv32.\instr_ori' using process `\picorv32.$proc$../picorv32.v:859$1746'.
  created $dff cell `$procdff$5035' with positive edge clock.
Creating register for signal `\picorv32.\instr_andi' using process `\picorv32.$proc$../picorv32.v:859$1746'.
  created $dff cell `$procdff$5036' with positive edge clock.
Creating register for signal `\picorv32.\instr_slli' using process `\picorv32.$proc$../picorv32.v:859$1746'.
  created $dff cell `$procdff$5037' with positive edge clock.
Creating register for signal `\picorv32.\instr_srli' using process `\picorv32.$proc$../picorv32.v:859$1746'.
  created $dff cell `$procdff$5038' with positive edge clock.
Creating register for signal `\picorv32.\instr_srai' using process `\picorv32.$proc$../picorv32.v:859$1746'.
  created $dff cell `$procdff$5039' with positive edge clock.
Creating register for signal `\picorv32.\instr_add' using process `\picorv32.$proc$../picorv32.v:859$1746'.
  created $dff cell `$procdff$5040' with positive edge clock.
Creating register for signal `\picorv32.\instr_sub' using process `\picorv32.$proc$../picorv32.v:859$1746'.
  created $dff cell `$procdff$5041' with positive edge clock.
Creating register for signal `\picorv32.\instr_sll' using process `\picorv32.$proc$../picorv32.v:859$1746'.
  created $dff cell `$procdff$5042' with positive edge clock.
Creating register for signal `\picorv32.\instr_slt' using process `\picorv32.$proc$../picorv32.v:859$1746'.
  created $dff cell `$procdff$5043' with positive edge clock.
Creating register for signal `\picorv32.\instr_sltu' using process `\picorv32.$proc$../picorv32.v:859$1746'.
  created $dff cell `$procdff$5044' with positive edge clock.
Creating register for signal `\picorv32.\instr_xor' using process `\picorv32.$proc$../picorv32.v:859$1746'.
  created $dff cell `$procdff$5045' with positive edge clock.
Creating register for signal `\picorv32.\instr_srl' using process `\picorv32.$proc$../picorv32.v:859$1746'.
  created $dff cell `$procdff$5046' with positive edge clock.
Creating register for signal `\picorv32.\instr_sra' using process `\picorv32.$proc$../picorv32.v:859$1746'.
  created $dff cell `$procdff$5047' with positive edge clock.
Creating register for signal `\picorv32.\instr_or' using process `\picorv32.$proc$../picorv32.v:859$1746'.
  created $dff cell `$procdff$5048' with positive edge clock.
Creating register for signal `\picorv32.\instr_and' using process `\picorv32.$proc$../picorv32.v:859$1746'.
  created $dff cell `$procdff$5049' with positive edge clock.
Creating register for signal `\picorv32.\instr_rdcycle' using process `\picorv32.$proc$../picorv32.v:859$1746'.
  created $dff cell `$procdff$5050' with positive edge clock.
Creating register for signal `\picorv32.\instr_rdcycleh' using process `\picorv32.$proc$../picorv32.v:859$1746'.
  created $dff cell `$procdff$5051' with positive edge clock.
Creating register for signal `\picorv32.\instr_rdinstr' using process `\picorv32.$proc$../picorv32.v:859$1746'.
  created $dff cell `$procdff$5052' with positive edge clock.
Creating register for signal `\picorv32.\instr_rdinstrh' using process `\picorv32.$proc$../picorv32.v:859$1746'.
  created $dff cell `$procdff$5053' with positive edge clock.
Creating register for signal `\picorv32.\instr_ecall_ebreak' using process `\picorv32.$proc$../picorv32.v:859$1746'.
  created $dff cell `$procdff$5054' with positive edge clock.
Creating register for signal `\picorv32.\instr_fence' using process `\picorv32.$proc$../picorv32.v:859$1746'.
  created $dff cell `$procdff$5055' with positive edge clock.
Creating register for signal `\picorv32.\instr_getq' using process `\picorv32.$proc$../picorv32.v:859$1746'.
  created $dff cell `$procdff$5056' with positive edge clock.
Creating register for signal `\picorv32.\instr_setq' using process `\picorv32.$proc$../picorv32.v:859$1746'.
  created $dff cell `$procdff$5057' with positive edge clock.
Creating register for signal `\picorv32.\instr_retirq' using process `\picorv32.$proc$../picorv32.v:859$1746'.
  created $dff cell `$procdff$5058' with positive edge clock.
Creating register for signal `\picorv32.\instr_maskirq' using process `\picorv32.$proc$../picorv32.v:859$1746'.
  created $dff cell `$procdff$5059' with positive edge clock.
Creating register for signal `\picorv32.\instr_waitirq' using process `\picorv32.$proc$../picorv32.v:859$1746'.
  created $dff cell `$procdff$5060' with positive edge clock.
Creating register for signal `\picorv32.\instr_timer' using process `\picorv32.$proc$../picorv32.v:859$1746'.
  created $dff cell `$procdff$5061' with positive edge clock.
Creating register for signal `\picorv32.\decoded_rd' using process `\picorv32.$proc$../picorv32.v:859$1746'.
  created $dff cell `$procdff$5062' with positive edge clock.
Creating register for signal `\picorv32.\decoded_rs1' using process `\picorv32.$proc$../picorv32.v:859$1746'.
  created $dff cell `$procdff$5063' with positive edge clock.
Creating register for signal `\picorv32.\decoded_rs2' using process `\picorv32.$proc$../picorv32.v:859$1746'.
  created $dff cell `$procdff$5064' with positive edge clock.
Creating register for signal `\picorv32.\decoded_imm' using process `\picorv32.$proc$../picorv32.v:859$1746'.
  created $dff cell `$procdff$5065' with positive edge clock.
Creating register for signal `\picorv32.\decoded_imm_j' using process `\picorv32.$proc$../picorv32.v:859$1746'.
  created $dff cell `$procdff$5066' with positive edge clock.
Creating register for signal `\picorv32.\compressed_instr' using process `\picorv32.$proc$../picorv32.v:859$1746'.
  created $dff cell `$procdff$5067' with positive edge clock.
Creating register for signal `\picorv32.\is_lui_auipc_jal' using process `\picorv32.$proc$../picorv32.v:859$1746'.
  created $dff cell `$procdff$5068' with positive edge clock.
Creating register for signal `\picorv32.\is_lb_lh_lw_lbu_lhu' using process `\picorv32.$proc$../picorv32.v:859$1746'.
  created $dff cell `$procdff$5069' with positive edge clock.
Creating register for signal `\picorv32.\is_slli_srli_srai' using process `\picorv32.$proc$../picorv32.v:859$1746'.
  created $dff cell `$procdff$5070' with positive edge clock.
Creating register for signal `\picorv32.\is_jalr_addi_slti_sltiu_xori_ori_andi' using process `\picorv32.$proc$../picorv32.v:859$1746'.
  created $dff cell `$procdff$5071' with positive edge clock.
Creating register for signal `\picorv32.\is_sb_sh_sw' using process `\picorv32.$proc$../picorv32.v:859$1746'.
  created $dff cell `$procdff$5072' with positive edge clock.
Creating register for signal `\picorv32.\is_sll_srl_sra' using process `\picorv32.$proc$../picorv32.v:859$1746'.
  created $dff cell `$procdff$5073' with positive edge clock.
Creating register for signal `\picorv32.\is_lui_auipc_jal_jalr_addi_add_sub' using process `\picorv32.$proc$../picorv32.v:859$1746'.
  created $dff cell `$procdff$5074' with positive edge clock.
Creating register for signal `\picorv32.\is_slti_blt_slt' using process `\picorv32.$proc$../picorv32.v:859$1746'.
  created $dff cell `$procdff$5075' with positive edge clock.
Creating register for signal `\picorv32.\is_sltiu_bltu_sltu' using process `\picorv32.$proc$../picorv32.v:859$1746'.
  created $dff cell `$procdff$5076' with positive edge clock.
Creating register for signal `\picorv32.\is_beq_bne_blt_bge_bltu_bgeu' using process `\picorv32.$proc$../picorv32.v:859$1746'.
  created $dff cell `$procdff$5077' with positive edge clock.
Creating register for signal `\picorv32.\is_lbu_lhu_lw' using process `\picorv32.$proc$../picorv32.v:859$1746'.
  created $dff cell `$procdff$5078' with positive edge clock.
Creating register for signal `\picorv32.\is_alu_reg_imm' using process `\picorv32.$proc$../picorv32.v:859$1746'.
  created $dff cell `$procdff$5079' with positive edge clock.
Creating register for signal `\picorv32.\is_alu_reg_reg' using process `\picorv32.$proc$../picorv32.v:859$1746'.
  created $dff cell `$procdff$5080' with positive edge clock.
Creating register for signal `\picorv32.\is_compare' using process `\picorv32.$proc$../picorv32.v:859$1746'.
  created $dff cell `$procdff$5081' with positive edge clock.
Creating register for signal `\picorv32.\clear_prefetched_high_word_q' using process `\picorv32.$proc$../picorv32.v:1327$2045'.
  created $dff cell `$procdff$5082' with positive edge clock.
Creating register for signal `\picorv32.$memwr$\cpuregs$../picorv32.v:1378$1592_DATA' using process `\picorv32.$proc$../picorv32.v:1371$2063'.
  created $dff cell `$procdff$5083' with positive edge clock.
Creating register for signal `\picorv32.$memwr$\cpuregs$../picorv32.v:1378$1592_EN' using process `\picorv32.$proc$../picorv32.v:1371$2063'.
  created $dff cell `$procdff$5084' with positive edge clock.
Creating register for signal `\picorv32.$memwr$\cpuregs$../picorv32.v:1378$1592_ADDR' using process `\picorv32.$proc$../picorv32.v:1371$2063'.
  created $dff cell `$procdff$5085' with positive edge clock.
Creating register for signal `\picorv32.\trap' using process `\picorv32.$proc$../picorv32.v:1436$2085'.
  created $dff cell `$procdff$5086' with positive edge clock.
Creating register for signal `\picorv32.\pcpi_valid' using process `\picorv32.$proc$../picorv32.v:1436$2085'.
  created $dff cell `$procdff$5087' with positive edge clock.
Creating register for signal `\picorv32.\eoi' using process `\picorv32.$proc$../picorv32.v:1436$2085'.
  created $dff cell `$procdff$5088' with positive edge clock.
Creating register for signal `\picorv32.\trace_valid' using process `\picorv32.$proc$../picorv32.v:1436$2085'.
  created $dff cell `$procdff$5089' with positive edge clock.
Creating register for signal `\picorv32.\trace_data' using process `\picorv32.$proc$../picorv32.v:1436$2085'.
  created $dff cell `$procdff$5090' with positive edge clock.
Creating register for signal `\picorv32.\count_cycle' using process `\picorv32.$proc$../picorv32.v:1436$2085'.
  created $dff cell `$procdff$5091' with positive edge clock.
Creating register for signal `\picorv32.\count_instr' using process `\picorv32.$proc$../picorv32.v:1436$2085'.
  created $dff cell `$procdff$5092' with positive edge clock.
Creating register for signal `\picorv32.\reg_pc' using process `\picorv32.$proc$../picorv32.v:1436$2085'.
  created $dff cell `$procdff$5093' with positive edge clock.
Creating register for signal `\picorv32.\reg_next_pc' using process `\picorv32.$proc$../picorv32.v:1436$2085'.
  created $dff cell `$procdff$5094' with positive edge clock.
Creating register for signal `\picorv32.\reg_op1' using process `\picorv32.$proc$../picorv32.v:1436$2085'.
  created $dff cell `$procdff$5095' with positive edge clock.
Creating register for signal `\picorv32.\reg_op2' using process `\picorv32.$proc$../picorv32.v:1436$2085'.
  created $dff cell `$procdff$5096' with positive edge clock.
Creating register for signal `\picorv32.\reg_out' using process `\picorv32.$proc$../picorv32.v:1436$2085'.
  created $dff cell `$procdff$5097' with positive edge clock.
Creating register for signal `\picorv32.\reg_sh' using process `\picorv32.$proc$../picorv32.v:1436$2085'.
  created $dff cell `$procdff$5098' with positive edge clock.
Creating register for signal `\picorv32.\irq_delay' using process `\picorv32.$proc$../picorv32.v:1436$2085'.
  created $dff cell `$procdff$5099' with positive edge clock.
Creating register for signal `\picorv32.\irq_active' using process `\picorv32.$proc$../picorv32.v:1436$2085'.
  created $dff cell `$procdff$5100' with positive edge clock.
Creating register for signal `\picorv32.\irq_mask' using process `\picorv32.$proc$../picorv32.v:1436$2085'.
  created $dff cell `$procdff$5101' with positive edge clock.
Creating register for signal `\picorv32.\irq_pending' using process `\picorv32.$proc$../picorv32.v:1436$2085'.
  created $dff cell `$procdff$5102' with positive edge clock.
Creating register for signal `\picorv32.\timer' using process `\picorv32.$proc$../picorv32.v:1436$2085'.
  created $dff cell `$procdff$5103' with positive edge clock.
Creating register for signal `\picorv32.\mem_wordsize' using process `\picorv32.$proc$../picorv32.v:1436$2085'.
  created $dff cell `$procdff$5104' with positive edge clock.
Creating register for signal `\picorv32.\mem_do_prefetch' using process `\picorv32.$proc$../picorv32.v:1436$2085'.
  created $dff cell `$procdff$5105' with positive edge clock.
Creating register for signal `\picorv32.\mem_do_rinst' using process `\picorv32.$proc$../picorv32.v:1436$2085'.
  created $dff cell `$procdff$5106' with positive edge clock.
Creating register for signal `\picorv32.\mem_do_rdata' using process `\picorv32.$proc$../picorv32.v:1436$2085'.
  created $dff cell `$procdff$5107' with positive edge clock.
Creating register for signal `\picorv32.\mem_do_wdata' using process `\picorv32.$proc$../picorv32.v:1436$2085'.
  created $dff cell `$procdff$5108' with positive edge clock.
Creating register for signal `\picorv32.\decoder_trigger' using process `\picorv32.$proc$../picorv32.v:1436$2085'.
  created $dff cell `$procdff$5109' with positive edge clock.
Creating register for signal `\picorv32.\decoder_trigger_q' using process `\picorv32.$proc$../picorv32.v:1436$2085'.
  created $dff cell `$procdff$5110' with positive edge clock.
Creating register for signal `\picorv32.\decoder_pseudo_trigger' using process `\picorv32.$proc$../picorv32.v:1436$2085'.
  created $dff cell `$procdff$5111' with positive edge clock.
Creating register for signal `\picorv32.\decoder_pseudo_trigger_q' using process `\picorv32.$proc$../picorv32.v:1436$2085'.
  created $dff cell `$procdff$5112' with positive edge clock.
Creating register for signal `\picorv32.\dbg_rs1val' using process `\picorv32.$proc$../picorv32.v:1436$2085'.
  created $dff cell `$procdff$5113' with positive edge clock.
Creating register for signal `\picorv32.\dbg_rs2val' using process `\picorv32.$proc$../picorv32.v:1436$2085'.
  created $dff cell `$procdff$5114' with positive edge clock.
Creating register for signal `\picorv32.\dbg_rs1val_valid' using process `\picorv32.$proc$../picorv32.v:1436$2085'.
  created $dff cell `$procdff$5115' with positive edge clock.
Creating register for signal `\picorv32.\dbg_rs2val_valid' using process `\picorv32.$proc$../picorv32.v:1436$2085'.
  created $dff cell `$procdff$5116' with positive edge clock.
Creating register for signal `\picorv32.\cpu_state' using process `\picorv32.$proc$../picorv32.v:1436$2085'.
  created $dff cell `$procdff$5117' with positive edge clock.
Creating register for signal `\picorv32.\irq_state' using process `\picorv32.$proc$../picorv32.v:1436$2085'.
  created $dff cell `$procdff$5118' with positive edge clock.
Creating register for signal `\picorv32.\set_mem_do_rinst' using process `\picorv32.$proc$../picorv32.v:1436$2085'.
  created $dff cell `$procdff$5119' with positive edge clock.
Creating register for signal `\picorv32.\set_mem_do_rdata' using process `\picorv32.$proc$../picorv32.v:1436$2085'.
  created $dff cell `$procdff$5120' with positive edge clock.
Creating register for signal `\picorv32.\set_mem_do_wdata' using process `\picorv32.$proc$../picorv32.v:1436$2085'.
  created $dff cell `$procdff$5121' with positive edge clock.
Creating register for signal `\picorv32.\latched_store' using process `\picorv32.$proc$../picorv32.v:1436$2085'.
  created $dff cell `$procdff$5122' with positive edge clock.
Creating register for signal `\picorv32.\latched_stalu' using process `\picorv32.$proc$../picorv32.v:1436$2085'.
  created $dff cell `$procdff$5123' with positive edge clock.
Creating register for signal `\picorv32.\latched_branch' using process `\picorv32.$proc$../picorv32.v:1436$2085'.
  created $dff cell `$procdff$5124' with positive edge clock.
Creating register for signal `\picorv32.\latched_compr' using process `\picorv32.$proc$../picorv32.v:1436$2085'.
  created $dff cell `$procdff$5125' with positive edge clock.
Creating register for signal `\picorv32.\latched_trace' using process `\picorv32.$proc$../picorv32.v:1436$2085'.
  created $dff cell `$procdff$5126' with positive edge clock.
Creating register for signal `\picorv32.\latched_is_lu' using process `\picorv32.$proc$../picorv32.v:1436$2085'.
  created $dff cell `$procdff$5127' with positive edge clock.
Creating register for signal `\picorv32.\latched_is_lh' using process `\picorv32.$proc$../picorv32.v:1436$2085'.
  created $dff cell `$procdff$5128' with positive edge clock.
Creating register for signal `\picorv32.\latched_is_lb' using process `\picorv32.$proc$../picorv32.v:1436$2085'.
  created $dff cell `$procdff$5129' with positive edge clock.
Creating register for signal `\picorv32.\latched_rd' using process `\picorv32.$proc$../picorv32.v:1436$2085'.
  created $dff cell `$procdff$5130' with positive edge clock.
Creating register for signal `\picorv32.\current_pc' using process `\picorv32.$proc$../picorv32.v:1436$2085'.
  created $dff cell `$procdff$5131' with positive edge clock.
Creating register for signal `\picorv32.\pcpi_timeout' using process `\picorv32.$proc$../picorv32.v:1436$2085'.
  created $dff cell `$procdff$5132' with positive edge clock.
Creating register for signal `\picorv32.\next_irq_pending' using process `\picorv32.$proc$../picorv32.v:1436$2085'.
  created $dff cell `$procdff$5133' with positive edge clock.
Creating register for signal `\picorv32.\do_waitirq' using process `\picorv32.$proc$../picorv32.v:1436$2085'.
  created $dff cell `$procdff$5134' with positive edge clock.
Creating register for signal `\picorv32.\alu_out_q' using process `\picorv32.$proc$../picorv32.v:1436$2085'.
  created $dff cell `$procdff$5135' with positive edge clock.
Creating register for signal `\picorv32.\alu_out_0_q' using process `\picorv32.$proc$../picorv32.v:1436$2085'.
  created $dff cell `$procdff$5136' with positive edge clock.
Creating register for signal `\picorv32.\alu_wait' using process `\picorv32.$proc$../picorv32.v:1436$2085'.
  created $dff cell `$procdff$5137' with positive edge clock.
Creating register for signal `\picorv32.\alu_wait_2' using process `\picorv32.$proc$../picorv32.v:1436$2085'.
  created $dff cell `$procdff$5138' with positive edge clock.
Creating register for signal `\picorv32.\mem_la_firstword_reg' using process `\picorv32.$proc$../picorv32.v:391$1667'.
  created $dff cell `$procdff$5139' with positive edge clock.
Creating register for signal `\picorv32.\last_mem_valid' using process `\picorv32.$proc$../picorv32.v:391$1667'.
  created $dff cell `$procdff$5140' with positive edge clock.

5.3.8. Executing PROC_CLEAN pass (remove empty switches from decision trees).
Found and cleaned up 3 empty switches in `\picorv32.$proc$../picorv32.v:402$1672'.
Removing empty process `picorv32.$proc$../picorv32.v:402$1672'.
Found and cleaned up 19 empty switches in `\picorv32.$proc$../picorv32.v:431$1675'.
Removing empty process `picorv32.$proc$../picorv32.v:431$1675'.
Found and cleaned up 1 empty switch in `\picorv32.$proc$../picorv32.v:326$1593'.
Removing empty process `picorv32.$proc$../picorv32.v:326$1593'.
Found and cleaned up 16 empty switches in `\picorv32.$proc$../picorv32.v:566$1715'.
Removing empty process `picorv32.$proc$../picorv32.v:566$1715'.
Found and cleaned up 48 empty switches in `\picorv32.$proc$../picorv32.v:702$1739'.
Removing empty process `picorv32.$proc$../picorv32.v:702$1739'.
Found and cleaned up 5 empty switches in `\picorv32.$proc$../picorv32.v:779$1740'.
Removing empty process `picorv32.$proc$../picorv32.v:779$1740'.
Found and cleaned up 3 empty switches in `\picorv32.$proc$../picorv32.v:810$1744'.
Removing empty process `picorv32.$proc$../picorv32.v:810$1744'.
Found and cleaned up 22 empty switches in `\picorv32.$proc$../picorv32.v:859$1746'.
Removing empty process `picorv32.$proc$../picorv32.v:859$1746'.
Found and cleaned up 8 empty switches in `\picorv32.$proc$../picorv32.v:1187$2009'.
Removing empty process `picorv32.$proc$../picorv32.v:1187$2009'.
Found and cleaned up 2 empty switches in `\picorv32.$proc$../picorv32.v:1283$2023'.
Removing empty process `picorv32.$proc$../picorv32.v:1283$2023'.
Removing empty process `picorv32.$proc$../picorv32.v:1327$2045'.
Found and cleaned up 2 empty switches in `\picorv32.$proc$../picorv32.v:1329$2046'.
Removing empty process `picorv32.$proc$../picorv32.v:1329$2046'.
Found and cleaned up 2 empty switches in `\picorv32.$proc$../picorv32.v:1343$2051'.
Removing empty process `picorv32.$proc$../picorv32.v:1343$2051'.
Found and cleaned up 1 empty switch in `\picorv32.$proc$../picorv32.v:1371$2063'.
Removing empty process `picorv32.$proc$../picorv32.v:1371$2063'.
Removing empty process `picorv32.$proc$../picorv32.v:1382$2069'.
Found and cleaned up 53 empty switches in `\picorv32.$proc$../picorv32.v:1436$2085'.
Removing empty process `picorv32.$proc$../picorv32.v:1436$2085'.
Removing empty process `picorv32.$proc$../picorv32.v:1273$2260'.
Found and cleaned up 2 empty switches in `\picorv32.$proc$../picorv32.v:391$1667'.
Removing empty process `picorv32.$proc$../picorv32.v:391$1667'.
Cleaned up 187 empty switches.

5.4. Executing FLATTEN pass (flatten design).
No more expansions possible.

5.5. Executing TRIBUF pass.

5.6. Executing DEMINOUT pass (demote inout ports to input or output).

5.7. Executing OPT_EXPR pass (perform const folding).
Optimizing module picorv32.
<suppressed ~834 debug messages>

5.8. Executing OPT_CLEAN pass (remove unused cells and wires).
Finding unused cells or wires in module \picorv32..
Removed 722 unused cells and 2207 unused wires.
<suppressed ~781 debug messages>

5.9. Executing CHECK pass (checking for obvious problems).
checking module picorv32..
found and reported 0 problems.

5.10. Executing OPT pass (performing simple optimizations).

5.10.1. Executing OPT_EXPR pass (perform const folding).
Optimizing module picorv32.

5.10.2. Executing OPT_MERGE pass (detect identical cells).
Finding identical cells in module `\picorv32'.
<suppressed ~585 debug messages>
Removed a total of 195 cells.

5.10.3. Executing OPT_MUXTREE pass (detect dead branches in mux trees).
Running muxtree optimizer on module \picorv32..
  Creating internal representation of mux trees.
  Evaluating internal representation of mux trees.
  Analyzing evaluation results.
    dead port 2/2 on $mux $procmux$2276.
    dead port 2/2 on $mux $procmux$2283.
    dead port 1/8 on $pmux $procmux$3426.
    dead port 2/8 on $pmux $procmux$3426.
    dead port 1/5 on $pmux $procmux$3450.
    dead port 2/5 on $pmux $procmux$3450.
    dead port 2/2 on $mux $procmux$3455.
    dead port 1/5 on $pmux $procmux$3459.
    dead port 2/5 on $pmux $procmux$3459.
    dead port 2/2 on $mux $procmux$3464.
    dead port 2/2 on $mux $procmux$3482.
    dead port 2/2 on $mux $procmux$3492.
    dead port 2/2 on $mux $procmux$3494.
    dead port 2/2 on $mux $procmux$3500.
    dead port 2/2 on $mux $procmux$3507.
    dead port 2/2 on $mux $procmux$3509.
    dead port 2/2 on $mux $procmux$3515.
    dead port 2/2 on $mux $procmux$3536.
    dead port 2/2 on $mux $procmux$3539.
    dead port 2/2 on $mux $procmux$3551.
    dead port 2/2 on $mux $procmux$3558.
    dead port 2/2 on $mux $procmux$3561.
    dead port 2/2 on $mux $procmux$3585.
    dead port 2/2 on $mux $procmux$3588.
    dead port 2/2 on $mux $procmux$3597.
    dead port 2/2 on $mux $procmux$3600.
    dead port 2/2 on $mux $procmux$3608.
    dead port 2/2 on $mux $procmux$3610.
    dead port 2/2 on $mux $procmux$3613.
    dead port 2/2 on $mux $procmux$3674.
    dead port 2/2 on $mux $procmux$3676.
    dead port 2/2 on $mux $procmux$3679.
    dead port 2/2 on $mux $procmux$3761.
    dead port 2/2 on $mux $procmux$3766.
    dead port 2/2 on $mux $procmux$3769.
    dead port 1/3 on $pmux $procmux$3822.
    dead port 2/2 on $mux $procmux$3854.
    dead port 2/2 on $mux $procmux$3867.
    dead port 2/2 on $mux $procmux$3880.
    dead port 1/7 on $pmux $procmux$4087.
    dead port 2/7 on $pmux $procmux$4087.
    dead port 3/7 on $pmux $procmux$4087.
    dead port 4/7 on $pmux $procmux$4087.
    dead port 5/7 on $pmux $procmux$4087.
    dead port 4/12 on $pmux $procmux$4126.
    dead port 5/12 on $pmux $procmux$4126.
    dead port 6/12 on $pmux $procmux$4126.
    dead port 7/12 on $pmux $procmux$4126.
    dead port 8/12 on $pmux $procmux$4126.
    dead port 1/7 on $pmux $procmux$4331.
    dead port 2/7 on $pmux $procmux$4331.
    dead port 3/7 on $pmux $procmux$4331.
    dead port 4/7 on $pmux $procmux$4331.
    dead port 5/7 on $pmux $procmux$4331.
    dead port 3/4 on $pmux $procmux$4395.
    dead port 1/2 on $mux $procmux$4402.
    dead port 2/2 on $mux $procmux$4402.
    dead port 4/12 on $pmux $procmux$4414.
    dead port 5/12 on $pmux $procmux$4414.
    dead port 6/12 on $pmux $procmux$4414.
    dead port 7/12 on $pmux $procmux$4414.
    dead port 8/12 on $pmux $procmux$4414.
    dead port 3/4 on $pmux $procmux$4596.
    dead port 4/12 on $pmux $procmux$4612.
    dead port 5/12 on $pmux $procmux$4612.
    dead port 6/12 on $pmux $procmux$4612.
    dead port 7/12 on $pmux $procmux$4612.
    dead port 8/12 on $pmux $procmux$4612.
    dead port 4/12 on $pmux $procmux$4793.
    dead port 5/12 on $pmux $procmux$4793.
    dead port 6/12 on $pmux $procmux$4793.
    dead port 7/12 on $pmux $procmux$4793.
    dead port 8/12 on $pmux $procmux$4793.
    dead port 1/9 on $pmux $procmux$4844.
    dead port 2/9 on $pmux $procmux$4844.
    dead port 3/9 on $pmux $procmux$4844.
    dead port 4/9 on $pmux $procmux$4844.
    dead port 5/9 on $pmux $procmux$4844.
Removed 78 multiplexer ports.
<suppressed ~147 debug messages>

5.10.4. Executing OPT_REDUCE pass (consolidate $*mux and $reduce_* inputs).
  Optimizing cells in module \picorv32.
    New input vector for $reduce_or cell $reduce_or$../picorv32.v:865$1752: { \instr_slti \instr_sltiu \instr_slt \instr_sltu \is_beq_bne_blt_bge_bltu_bgeu }
    New input vector for $reduce_or cell $reduce_or$../picorv32.v:864$1751: { \instr_lw \instr_lbu \instr_lhu }
    New input vector for $reduce_or cell $reduce_or$../picorv32.v:863$1750: { \instr_bltu \instr_sltiu \instr_sltu }
    New input vector for $reduce_or cell $reduce_or$../picorv32.v:862$1749: { \instr_blt \instr_slti \instr_slt }
    New input vector for $reduce_or cell $reduce_or$../picorv32.v:377$1622: { \mem_state [0] \mem_state [1] }
    New input vector for $reduce_or cell $reduce_or$../picorv32.v:1972$2244: { \reg_pc [0] \reg_pc [1] }
    New input vector for $reduce_or cell $reduce_or$../picorv32.v:1109$1991: { $eq$../picorv32.v:1060$1858_Y $eq$../picorv32.v:1050$1842_Y $eq$../picorv32.v:1046$1836_Y $eq$../picorv32.v:1045$1834_Y $eq$../picorv32.v:1043$1830_Y $eq$../picorv32.v:1041$1826_Y }
    New input vector for $reduce_and cell $reduce_and$../picorv32.v:377$1627: { \mem_state [0] \mem_state [1] }
    New ctrl vector for $pmux cell $procmux$3450: $auto$opt_reduce.cc:132:opt_mux$5142
    Consolidated identical input bits for $mux cell $procmux$3472:
      Old ports: A=0, B=32'11111111111111111111111111111111, Y=$0$memwr$\cpuregs$../picorv32.v:1378$1592_EN[31:0]$2065
      New ports: A=1'0, B=1'1, Y=$0$memwr$\cpuregs$../picorv32.v:1378$1592_EN[31:0]$2065 [0]
      New connections: $0$memwr$\cpuregs$../picorv32.v:1378$1592_EN[31:0]$2065 [31:1] = { $0$memwr$\cpuregs$../picorv32.v:1378$1592_EN[31:0]$2065 [0] $0$memwr$\cpuregs$../picorv32.v:1378$1592_EN[31:0]$2065 [0] $0$memwr$\cpuregs$../picorv32.v:1378$1592_EN[31:0]$2065 [0] $0$memwr$\cpuregs$../picorv32.v:1378$1592_EN[31:0]$2065 [0] $0$memwr$\cpuregs$../picorv32.v:1378$1592_EN[31:0]$2065 [0] $0$memwr$\cpuregs$../picorv32.v:1378$1592_EN[31:0]$2065 [0] $0$memwr$\cpuregs$../picorv32.v:1378$1592_EN[31:0]$2065 [0] $0$memwr$\cpuregs$../picorv32.v:1378$1592_EN[31:0]$2065 [0] $0$memwr$\cpuregs$../picorv32.v:1378$1592_EN[31:0]$2065 [0] $0$memwr$\cpuregs$../picorv32.v:1378$1592_EN[31:0]$2065 [0] $0$memwr$\cpuregs$../picorv32.v:1378$1592_EN[31:0]$2065 [0] $0$memwr$\cpuregs$../picorv32.v:1378$1592_EN[31:0]$2065 [0] $0$memwr$\cpuregs$../picorv32.v:1378$1592_EN[31:0]$2065 [0] $0$memwr$\cpuregs$../picorv32.v:1378$1592_EN[31:0]$2065 [0] $0$memwr$\cpuregs$../picorv32.v:1378$1592_EN[31:0]$2065 [0] $0$memwr$\cpuregs$../picorv32.v:1378$1592_EN[31:0]$2065 [0] $0$memwr$\cpuregs$../picorv32.v:1378$1592_EN[31:0]$2065 [0] $0$memwr$\cpuregs$../picorv32.v:1378$1592_EN[31:0]$2065 [0] $0$memwr$\cpuregs$../picorv32.v:1378$1592_EN[31:0]$2065 [0] $0$memwr$\cpuregs$../picorv32.v:1378$1592_EN[31:0]$2065 [0] $0$memwr$\cpuregs$../picorv32.v:1378$1592_EN[31:0]$2065 [0] $0$memwr$\cpuregs$../picorv32.v:1378$1592_EN[31:0]$2065 [0] $0$memwr$\cpuregs$../picorv32.v:1378$1592_EN[31:0]$2065 [0] $0$memwr$\cpuregs$../picorv32.v:1378$1592_EN[31:0]$2065 [0] $0$memwr$\cpuregs$../picorv32.v:1378$1592_EN[31:0]$2065 [0] $0$memwr$\cpuregs$../picorv32.v:1378$1592_EN[31:0]$2065 [0] $0$memwr$\cpuregs$../picorv32.v:1378$1592_EN[31:0]$2065 [0] $0$memwr$\cpuregs$../picorv32.v:1378$1592_EN[31:0]$2065 [0] $0$memwr$\cpuregs$../picorv32.v:1378$1592_EN[31:0]$2065 [0] $0$memwr$\cpuregs$../picorv32.v:1378$1592_EN[31:0]$2065 [0] $0$memwr$\cpuregs$../picorv32.v:1378$1592_EN[31:0]$2065 [0] }
    New ctrl vector for $mux cell $procmux$3485: { }
    New ctrl vector for $mux cell $procmux$3498: { }
    New ctrl vector for $mux cell $procmux$3513: { }
    New ctrl vector for $mux cell $procmux$3518: { }
    New ctrl vector for $pmux cell $procmux$3546: { }
    New ctrl vector for $pmux cell $procmux$3844: { $procmux$3559_CMP $auto$opt_reduce.cc:132:opt_mux$5144 }
    New ctrl vector for $pmux cell $procmux$3857: { $auto$opt_reduce.cc:132:opt_mux$5146 $procmux$3537_CMP }
    New ctrl vector for $pmux cell $procmux$3870: { $procmux$3586_CMP $auto$opt_reduce.cc:132:opt_mux$5148 }
    New ctrl vector for $pmux cell $procmux$4067: { $procmux$3548_CMP $procmux$3586_CMP $procmux$3847_CMP $procmux$3537_CMP }
    New ctrl vector for $pmux cell $procmux$4126: { \is_slli_srli_srai $auto$opt_reduce.cc:132:opt_mux$5150 }
    New ctrl vector for $pmux cell $procmux$4168: { $eq$../picorv32.v:1347$2052_Y $procmux$3586_CMP }
    New ctrl vector for $pmux cell $procmux$4265: { $eq$../picorv32.v:1347$2052_Y $procmux$3586_CMP }
    New ctrl vector for $pmux cell $procmux$4308: { $eq$../picorv32.v:1347$2052_Y $procmux$3548_CMP $procmux$3586_CMP $auto$opt_reduce.cc:132:opt_mux$5152 }
    New ctrl vector for $pmux cell $procmux$4414: { \instr_trap \is_rdcycle_rdcycleh_rdinstr_rdinstrh $logic_and$../picorv32.v:1730$2163_Y \is_slli_srli_srai $auto$opt_reduce.cc:132:opt_mux$5154 }
    New ctrl vector for $pmux cell $procmux$4586: { $eq$../picorv32.v:1347$2052_Y $procmux$3548_CMP $procmux$3547_CMP $procmux$3847_CMP }
    New ctrl vector for $pmux cell $procmux$4612: { $logic_and$../picorv32.v:1730$2163_Y $auto$opt_reduce.cc:132:opt_mux$5158 $auto$opt_reduce.cc:132:opt_mux$5156 }
    New ctrl vector for $pmux cell $procmux$4793: { $auto$opt_reduce.cc:132:opt_mux$5162 $auto$opt_reduce.cc:132:opt_mux$5160 }
    New ctrl vector for $pmux cell $procmux$4844: { $auto$opt_reduce.cc:132:opt_mux$5164 \is_lui_auipc_jal }
    New ctrl vector for $pmux cell $procmux$4948: { }
    New input vector for $reduce_or cell $auto$opt_reduce.cc:126:opt_mux$5163: { \instr_trap \instr_rdcycle \instr_rdcycleh \instr_rdinstr \instr_rdinstrh }
    New input vector for $reduce_or cell $auto$opt_reduce.cc:126:opt_mux$5143: { $eq$../picorv32.v:1347$2052_Y $procmux$3537_CMP $procmux$3547_CMP $procmux$3548_CMP $procmux$3586_CMP $procmux$3847_CMP $procmux$3852_CMP }
    New input vector for $reduce_or cell $auto$opt_reduce.cc:126:opt_mux$5145: { $eq$../picorv32.v:1347$2052_Y $procmux$3547_CMP $procmux$3548_CMP $procmux$3559_CMP $procmux$3586_CMP $procmux$3847_CMP $procmux$3852_CMP }
    New input vector for $reduce_or cell $auto$opt_reduce.cc:126:opt_mux$5147: { $eq$../picorv32.v:1347$2052_Y $procmux$3537_CMP $procmux$3547_CMP $procmux$3548_CMP $procmux$3559_CMP $procmux$3847_CMP $procmux$3852_CMP }
    New input vector for $reduce_or cell $auto$opt_reduce.cc:126:opt_mux$5149: { \instr_trap \is_lui_auipc_jal \is_jalr_addi_slti_sltiu_xori_ori_andi \instr_rdcycle \instr_rdcycleh \instr_rdinstr \instr_rdinstrh $logic_and$../picorv32.v:1730$2163_Y }
    New input vector for $reduce_or cell $auto$opt_reduce.cc:126:opt_mux$5151: { $procmux$3537_CMP $procmux$3847_CMP }
    New input vector for $reduce_or cell $auto$opt_reduce.cc:126:opt_mux$5157: { \instr_trap \is_slli_srli_srai \instr_rdcycle \instr_rdcycleh \instr_rdinstr \instr_rdinstrh }
    New input vector for $reduce_or cell $auto$opt_reduce.cc:126:opt_mux$5161: { \instr_trap \is_slli_srli_srai \instr_rdcycle \instr_rdcycleh \instr_rdinstr \instr_rdinstrh $logic_and$../picorv32.v:1730$2163_Y }
    New input vector for $reduce_or cell $auto$opt_reduce.cc:126:opt_mux$5163: { \instr_rdcycle \instr_rdcycleh \instr_rdinstr \instr_rdinstrh \instr_trap }
    New input vector for $reduce_or cell $auto$opt_reduce.cc:126:opt_mux$5149: { \instr_rdcycle \instr_rdcycleh \instr_rdinstr \instr_rdinstrh \instr_trap \is_lui_auipc_jal \is_jalr_addi_slti_sltiu_xori_ori_andi $logic_and$../picorv32.v:1730$2163_Y }
    New input vector for $reduce_or cell $auto$opt_reduce.cc:126:opt_mux$5157: { \instr_rdcycle \instr_rdcycleh \instr_rdinstr \instr_rdinstrh \instr_trap \is_slli_srli_srai }
    New input vector for $reduce_or cell $auto$opt_reduce.cc:126:opt_mux$5161: { \instr_rdcycle \instr_rdcycleh \instr_rdinstr \instr_rdinstrh \instr_trap \is_slli_srli_srai $logic_and$../picorv32.v:1730$2163_Y }
  Optimizing cells in module \picorv32.
Performed a total of 41 changes.

5.10.5. Executing OPT_MERGE pass (detect identical cells).
Finding identical cells in module `\picorv32'.
<suppressed ~39 debug messages>
Removed a total of 13 cells.

5.10.6. Executing OPT_RMDFF pass (remove dff with constant values).
Removing $procdff$5012 ($dff) from module picorv32.
Removing $procdff$5056 ($dff) from module picorv32.
Removing $procdff$5057 ($dff) from module picorv32.
Removing $procdff$5058 ($dff) from module picorv32.
Removing $procdff$5059 ($dff) from module picorv32.
Removing $procdff$5060 ($dff) from module picorv32.
Removing $procdff$5061 ($dff) from module picorv32.
Removing $procdff$5067 ($dff) from module picorv32.
Removing $procdff$5087 ($dff) from module picorv32.
Removing $procdff$5088 ($dff) from module picorv32.
Removing $procdff$5089 ($dff) from module picorv32.
Removing $procdff$5090 ($dff) from module picorv32.
Removing $procdff$5101 ($dff) from module picorv32.
Removing $procdff$5132 ($dff) from module picorv32.
Replaced 14 DFF cells.

5.10.7. Executing OPT_CLEAN pass (remove unused cells and wires).
Finding unused cells or wires in module \picorv32..
Removed 34 unused cells and 281 unused wires.
<suppressed ~40 debug messages>

5.10.8. Executing OPT_EXPR pass (perform const folding).
Optimizing module picorv32.
<suppressed ~5 debug messages>

5.10.9. Rerunning OPT passes. (Maybe there is more to do..)

5.10.10. Executing OPT_MUXTREE pass (detect dead branches in mux trees).
Running muxtree optimizer on module \picorv32..
  Creating internal representation of mux trees.
  Evaluating internal representation of mux trees.
  Analyzing evaluation results.
Removed 0 multiplexer ports.
<suppressed ~129 debug messages>

5.10.11. Executing OPT_REDUCE pass (consolidate $*mux and $reduce_* inputs).
  Optimizing cells in module \picorv32.
    New ctrl vector for $pmux cell $procmux$2636: { $logic_and$../picorv32.v:381$1642_Y $auto$opt_reduce.cc:132:opt_mux$5166 }
    New ctrl vector for $pmux cell $procmux$3938: $auto$opt_reduce.cc:132:opt_mux$5168
    New ctrl vector for $pmux cell $procmux$3955: { $procmux$3586_CMP $auto$opt_reduce.cc:132:opt_mux$5170 }
    New ctrl vector for $pmux cell $procmux$4373: { $eq$../picorv32.v:1347$2052_Y $procmux$3548_CMP $procmux$3547_CMP $procmux$3586_CMP $procmux$3847_CMP $auto$opt_reduce.cc:132:opt_mux$5172 }
    New input vector for $reduce_or cell $auto$opt_reduce.cc:126:opt_mux$5165: { $procmux$2582_CMP $procmux$2588_CMP }
    New input vector for $reduce_or cell $auto$opt_reduce.cc:126:opt_mux$5167: { $procmux$3537_CMP $procmux$3559_CMP }
    New input vector for $reduce_or cell $auto$opt_reduce.cc:126:opt_mux$5169: { $procmux$3537_CMP $procmux$3559_CMP }
    New input vector for $reduce_or cell $auto$opt_reduce.cc:126:opt_mux$5171: { $procmux$3537_CMP $procmux$3559_CMP }
  Optimizing cells in module \picorv32.
Performed a total of 8 changes.

5.10.12. Executing OPT_MERGE pass (detect identical cells).
Finding identical cells in module `\picorv32'.
<suppressed ~6 debug messages>
Removed a total of 2 cells.

5.10.13. Executing OPT_RMDFF pass (remove dff with constant values).

5.10.14. Executing OPT_CLEAN pass (remove unused cells and wires).
Finding unused cells or wires in module \picorv32..
Removed 0 unused cells and 7 unused wires.
<suppressed ~1 debug messages>

5.10.15. Executing OPT_EXPR pass (perform const folding).
Optimizing module picorv32.

5.10.16. Rerunning OPT passes. (Maybe there is more to do..)

5.10.17. Executing OPT_MUXTREE pass (detect dead branches in mux trees).
Running muxtree optimizer on module \picorv32..
  Creating internal representation of mux trees.
  Evaluating internal representation of mux trees.
  Analyzing evaluation results.
Removed 0 multiplexer ports.
<suppressed ~129 debug messages>

5.10.18. Executing OPT_REDUCE pass (consolidate $*mux and $reduce_* inputs).
  Optimizing cells in module \picorv32.
Performed a total of 0 changes.

5.10.19. Executing OPT_MERGE pass (detect identical cells).
Finding identical cells in module `\picorv32'.
Removed a total of 0 cells.

5.10.20. Executing OPT_RMDFF pass (remove dff with constant values).

5.10.21. Executing OPT_CLEAN pass (remove unused cells and wires).
Finding unused cells or wires in module \picorv32..

5.10.22. Executing OPT_EXPR pass (perform const folding).
Optimizing module picorv32.

5.10.23. Finished OPT passes. (There is nothing left to do.)

5.11. Executing WREDUCE pass (reducing word size of cells).
Removed top 1 bits (of 2) from port B of cell picorv32.$eq$../picorv32.v:1964$2235 ($eq).
Removed top 31 bits (of 32) from port B of cell picorv32.$sub$../picorv32.v:1884$2210 ($sub).
Removed top 27 bits (of 32) from port Y of cell picorv32.$sub$../picorv32.v:1884$2210 ($sub).
Removed top 1 bits (of 7) from port B of cell picorv32.$eq$../picorv32.v:1067$1876 ($eq).
Removed top 29 bits (of 32) from port B of cell picorv32.$sub$../picorv32.v:1876$2203 ($sub).
Removed top 27 bits (of 32) from port Y of cell picorv32.$sub$../picorv32.v:1876$2203 ($sub).
Removed top 29 bits (of 32) from port B of cell picorv32.$ge$../picorv32.v:1869$2195 ($ge).
Removed top 1 bits (of 3) from port B of cell picorv32.$eq$../picorv32.v:1060$1858 ($eq).
Removed top 1 bits (of 3) from port B of cell picorv32.$eq$../picorv32.v:1050$1842 ($eq).
Removed top 2 bits (of 3) from port B of cell picorv32.$eq$../picorv32.v:1042$1828 ($eq).
Removed top 31 bits (of 32) from port B of cell picorv32.$add$../picorv32.v:1598$2139 ($add).
Removed top 29 bits (of 32) from port B of cell picorv32.$add$../picorv32.v:1594$2138 ($add).
Removed top 1 bits (of 7) from port B of cell picorv32.$eq$../picorv32.v:879$1772 ($eq).
Removed top 2 bits (of 7) from port B of cell picorv32.$eq$../picorv32.v:878$1771 ($eq).
Removed top 1 bits (of 7) from port B of cell picorv32.$eq$../picorv32.v:877$1770 ($eq).
Removed top 5 bits (of 7) from port B of cell picorv32.$eq$../picorv32.v:876$1769 ($eq).
Removed top 2 bits (of 7) from port B of cell picorv32.$eq$../picorv32.v:869$1755 ($eq).
Removed top 1 bits (of 7) from port B of cell picorv32.$eq$../picorv32.v:868$1754 ($eq).
Removed top 31 bits (of 32) from port B of cell picorv32.$add$../picorv32.v:1467$2086 ($add).
Removed top 29 bits (of 32) from mux cell picorv32.$ternary$../picorv32.v:1351$2053 ($mux).
Removed top 1 bits (of 8) from port B of cell picorv32.$eq$../picorv32.v:1347$2052 ($eq).
Removed top 30 bits (of 32) from mux cell picorv32.$ternary$../picorv32.v:618$1735 ($mux).
Removed top 3 bits (of 4) from port A of cell picorv32.$shl$../picorv32.v:420$1674 ($shl).
Removed top 3 bits (of 7) from port B of cell picorv32.$eq$../picorv32.v:1089$1952 ($eq).
Removed top 16 bits (of 32) from mux cell picorv32.$procmux$2280 ($pmux).
Removed top 1 bits (of 2) from port B of cell picorv32.$procmux$2274_CMP0 ($eq).
Removed top 24 bits (of 32) from mux cell picorv32.$procmux$2271 ($pmux).
Removed top 1 bits (of 2) from port B of cell picorv32.$procmux$2588_CMP0 ($eq).
Removed cell picorv32.$procmux$3467 ($mux).
Removed cell picorv32.$procmux$3474 ($mux).
Removed cell picorv32.$procmux$3476 ($mux).
Removed top 7 bits (of 8) from port B of cell picorv32.$procmux$3537_CMP0 ($eq).
Removed top 3 bits (of 8) from port B of cell picorv32.$procmux$3547_CMP0 ($eq).
Removed top 2 bits (of 8) from port B of cell picorv32.$procmux$3548_CMP0 ($eq).
Removed top 6 bits (of 8) from port B of cell picorv32.$procmux$3559_CMP0 ($eq).
Removed top 4 bits (of 8) from port B of cell picorv32.$procmux$3586_CMP0 ($eq).
Removed cell picorv32.$procmux$3825 ($mux).
Removed cell picorv32.$procmux$3828 ($mux).
Removed top 5 bits (of 8) from port B of cell picorv32.$procmux$3847_CMP0 ($eq).
Removed cell picorv32.$procmux$4063 ($mux).
Removed cell picorv32.$procmux$4065 ($mux).
Removed cell picorv32.$procmux$4070 ($mux).
Removed cell picorv32.$procmux$4087 ($mux).
Removed cell picorv32.$procmux$4111 ($mux).
Removed cell picorv32.$procmux$4120 ($mux).
Removed cell picorv32.$procmux$4140 ($mux).
Removed top 4 bits (of 8) from mux cell picorv32.$procmux$4395 ($pmux).
Removed top 31 bits (of 32) from FF cell picorv32.$procdff$5084 ($dff).
Removed top 16 bits (of 32) from wire picorv32.$2\mem_rdata_word[31:0].
Removed top 24 bits (of 32) from wire picorv32.$3\mem_rdata_word[31:0].
Removed top 4 bits (of 8) from wire picorv32.$procmux$4395_Y.
Removed top 27 bits (of 32) from wire picorv32.$sub$../picorv32.v:1876$2203_Y.
Removed top 27 bits (of 32) from wire picorv32.$sub$../picorv32.v:1884$2210_Y.
Removed top 29 bits (of 32) from wire picorv32.$ternary$../picorv32.v:1351$2053_Y.

5.12. Executing PEEPOPT pass (run peephole optimizers).

5.13. Executing OPT_CLEAN pass (remove unused cells and wires).
Finding unused cells or wires in module \picorv32..
Removed 0 unused cells and 19 unused wires.
<suppressed ~1 debug messages>

5.14. Executing SHARE pass (SAT-based resource sharing).
Found 2 cells in module picorv32 that may be considered for resource sharing.
  Analyzing resource sharing options for $memrd$\cpuregs$../picorv32.v:1387$2073 ($memrd):
    Found 4 activation_patterns using ctrl signal { $auto$opt_reduce.cc:132:opt_mux$5150 $auto$opt_reduce.cc:132:opt_mux$5154 $auto$opt_reduce.cc:132:opt_mux$5162 $procmux$3548_CMP $procmux$3547_CMP $reduce_bool$../picorv32.v:1387$2074_Y \is_slli_srli_srai \resetn }.
    Found 1 candidates: $memrd$\cpuregs$../picorv32.v:1386$2070
    Analyzing resource sharing with $memrd$\cpuregs$../picorv32.v:1386$2070 ($memrd):
      Found 1 activation_patterns using ctrl signal { $auto$opt_reduce.cc:132:opt_mux$5164 $procmux$3548_CMP $reduce_bool$../picorv32.v:1386$2071_Y \is_lui_auipc_jal \resetn }.
      Activation pattern for cell $memrd$\cpuregs$../picorv32.v:1387$2073: { $auto$opt_reduce.cc:132:opt_mux$5154 $auto$opt_reduce.cc:132:opt_mux$5162 $procmux$3548_CMP $reduce_bool$../picorv32.v:1387$2074_Y \resetn } = 5'00111
      Activation pattern for cell $memrd$\cpuregs$../picorv32.v:1387$2073: { $procmux$3547_CMP $reduce_bool$../picorv32.v:1387$2074_Y \resetn } = 3'111
      Activation pattern for cell $memrd$\cpuregs$../picorv32.v:1387$2073: { $auto$opt_reduce.cc:132:opt_mux$5150 $procmux$3548_CMP $reduce_bool$../picorv32.v:1387$2074_Y \is_slli_srli_srai } = 4'0110
      Activation pattern for cell $memrd$\cpuregs$../picorv32.v:1387$2073: { $procmux$3547_CMP $reduce_bool$../picorv32.v:1387$2074_Y } = 2'11
      Activation pattern for cell $memrd$\cpuregs$../picorv32.v:1386$2070: { $auto$opt_reduce.cc:132:opt_mux$5164 $procmux$3548_CMP $reduce_bool$../picorv32.v:1386$2071_Y \is_lui_auipc_jal \resetn } = 5'01101
      Adding exclusive control bits: \instr_bge vs. \instr_bgeu
      Adding exclusive control bits: \instr_bne vs. \instr_bgeu
      Adding exclusive control bits: \instr_bne vs. \instr_bge
      Adding exclusive control bits: \instr_beq vs. \instr_bgeu
      Adding exclusive control bits: \instr_beq vs. \instr_bge
      Adding exclusive control bits: \instr_beq vs. \instr_bne
      Adding exclusive control bits: \instr_rdinstr vs. \instr_rdinstrh
      Adding exclusive control bits: \instr_rdcycleh vs. \instr_rdinstrh
      Adding exclusive control bits: \instr_rdcycleh vs. \instr_rdinstr
      Adding exclusive control bits: \instr_rdcycle vs. \instr_rdinstrh
      Adding exclusive control bits: \instr_rdcycle vs. \instr_rdinstr
      Adding exclusive control bits: \instr_rdcycle vs. \instr_rdcycleh
      Adding exclusive control bits: $procmux$3547_CMP vs. $procmux$3548_CMP
      Adding exclusive control bits: \is_slli_srli_srai vs. $auto$opt_reduce.cc:132:opt_mux$5150
      Adding exclusive control bits: $procmux$3547_CMP vs. $procmux$3548_CMP
      Adding exclusive control bits: \is_slli_srli_srai vs. $auto$opt_reduce.cc:132:opt_mux$5154
      Adding exclusive control bits: \is_slli_srli_srai vs. $logic_and$../picorv32.v:1730$2163_Y
      Adding exclusive control bits: $logic_and$../picorv32.v:1730$2163_Y vs. $auto$opt_reduce.cc:132:opt_mux$5154
      Adding exclusive control bits: \instr_trap vs. $auto$opt_reduce.cc:132:opt_mux$5154
      Adding exclusive control bits: \instr_trap vs. \is_slli_srli_srai
      Adding exclusive control bits: \instr_trap vs. $logic_and$../picorv32.v:1730$2163_Y
      Adding exclusive control bits: $procmux$3547_CMP vs. $procmux$3548_CMP
      Adding exclusive control bits: $logic_and$../picorv32.v:1730$2163_Y vs. $auto$opt_reduce.cc:132:opt_mux$5154
      Adding exclusive control bits: \instr_sh vs. \instr_sw
      Adding exclusive control bits: \instr_sb vs. \instr_sw
      Adding exclusive control bits: \instr_sb vs. \instr_sh
      Adding exclusive control bits: $procmux$3547_CMP vs. $procmux$3548_CMP
      Adding exclusive control bits: $auto$opt_reduce.cc:132:opt_mux$5162 vs. $auto$opt_reduce.cc:132:opt_mux$5154
      Adding exclusive control bits: \is_lui_auipc_jal vs. $auto$opt_reduce.cc:132:opt_mux$5164
      Size of SAT problem: 11 cells, 209 variables, 528 clauses
      According to the SAT solver this pair of cells can not be shared.
      Model from SAT solver: { $auto$opt_reduce.cc:132:opt_mux$5150 $auto$opt_reduce.cc:132:opt_mux$5154 $auto$opt_reduce.cc:132:opt_mux$5162 $auto$opt_reduce.cc:132:opt_mux$5164 $procmux$3548_CMP $procmux$3547_CMP $reduce_bool$../picorv32.v:1386$2071_Y $reduce_bool$../picorv32.v:1387$2074_Y \is_slli_srli_srai \is_lui_auipc_jal \resetn } = 11'00001011001
  Analyzing resource sharing options for $memrd$\cpuregs$../picorv32.v:1386$2070 ($memrd):
    Found 1 activation_patterns using ctrl signal { $auto$opt_reduce.cc:132:opt_mux$5164 $procmux$3548_CMP $reduce_bool$../picorv32.v:1386$2071_Y \is_lui_auipc_jal \resetn }.
    No candidates found.

5.15. Executing TECHMAP pass (map to technology primitives).

5.15.1. Executing Verilog-2005 frontend: /usr/bin/../share/yosys/cmp2lut.v
Parsing Verilog input from `/usr/bin/../share/yosys/cmp2lut.v' to AST representation.
Generating RTLIL representation for module `\_90_lut_cmp_'.
Successfully finished Verilog frontend.

5.15.2. Continuing TECHMAP pass.
Using template $paramod$6816abac91a51b405c3de5bceb2855c03dd44485\_90_lut_cmp_ for cells of type $eq.
Using template $paramod$169bae89c32dcc6f3626d16cf9f47ceb469145db\_90_lut_cmp_ for cells of type $eq.
Using template $paramod$4cde4291caf5aa85a196975f3624151774a86d78\_90_lut_cmp_ for cells of type $eq.
Using template $paramod$77ad031fce233083715243f95e3cd2547d931e42\_90_lut_cmp_ for cells of type $eq.
Using template $paramod$5b7c8f37cb386acdf3ce7e528c09e6d15eb51b72\_90_lut_cmp_ for cells of type $eq.
Using template $paramod$5652dda64580ddd7861fd245e644fd33eae2e158\_90_lut_cmp_ for cells of type $eq.
Using template $paramod$d31416a5863a8a220e16d7940a75ab70541ab32a\_90_lut_cmp_ for cells of type $eq.
Using template $paramod$d87a48a4cd82717ae6bd57e6fe5ce90d87c44016\_90_lut_cmp_ for cells of type $eq.
Using template $paramod$0760830c1e6c196382cd2cb153e9fff2d84c061d\_90_lut_cmp_ for cells of type $eq.
Using template $paramod$99e5b0ecd4c7f9fb6cd3a733593eba894c42613f\_90_lut_cmp_ for cells of type $eq.
No more expansions possible.
<suppressed ~689 debug messages>

5.16. Executing OPT_EXPR pass (perform const folding).
Optimizing module picorv32.

5.17. Executing OPT_CLEAN pass (remove unused cells and wires).
Finding unused cells or wires in module \picorv32..
Removed 0 unused cells and 45 unused wires.
<suppressed ~1 debug messages>

5.18. Executing ALUMACC pass (create $alu and $macc cells).
Extracting $alu and $macc cells in module picorv32:
  creating $macc model for $add$../picorv32.v:1257$2258 ($add).
  creating $macc model for $add$../picorv32.v:1351$2054 ($add).
  creating $macc model for $add$../picorv32.v:1467$2086 ($add).
  creating $macc model for $add$../picorv32.v:1594$2138 ($add).
  creating $macc model for $add$../picorv32.v:1598$2139 ($add).
  creating $macc model for $add$../picorv32.v:1603$2140 ($add).
  creating $macc model for $add$../picorv32.v:1840$2186 ($add).
  creating $macc model for $add$../picorv32.v:1903$2214 ($add).
  creating $macc model for $sub$../picorv32.v:1258$2259 ($sub).
  creating $macc model for $sub$../picorv32.v:1876$2203 ($sub).
  creating $macc model for $sub$../picorv32.v:1884$2210 ($sub).
  creating $alu model for $macc $sub$../picorv32.v:1884$2210.
  creating $alu model for $macc $sub$../picorv32.v:1876$2203.
  creating $alu model for $macc $sub$../picorv32.v:1258$2259.
  creating $alu model for $macc $add$../picorv32.v:1903$2214.
  creating $alu model for $macc $add$../picorv32.v:1840$2186.
  creating $alu model for $macc $add$../picorv32.v:1603$2140.
  creating $alu model for $macc $add$../picorv32.v:1598$2139.
  creating $alu model for $macc $add$../picorv32.v:1594$2138.
  creating $alu model for $macc $add$../picorv32.v:1467$2086.
  creating $alu model for $macc $add$../picorv32.v:1351$2054.
  creating $alu model for $macc $add$../picorv32.v:1257$2258.
  creating $alu model for $ge$../picorv32.v:1869$2195 ($ge): new $alu
  creating $alu model for $lt$../picorv32.v:1276$2262 ($lt): new $alu
  creating $alu model for $lt$../picorv32.v:1277$2263 ($lt): merged with $sub$../picorv32.v:1258$2259.
  creating $alu model for $eq$../picorv32.v:1275$2261 ($eq): merged with $sub$../picorv32.v:1258$2259.
  creating $alu cell for $ge$../picorv32.v:1869$2195: $auto$alumacc.cc:474:replace_alu$5206
  creating $alu cell for $add$../picorv32.v:1351$2054: $auto$alumacc.cc:474:replace_alu$5215
  creating $alu cell for $add$../picorv32.v:1467$2086: $auto$alumacc.cc:474:replace_alu$5218
  creating $alu cell for $add$../picorv32.v:1594$2138: $auto$alumacc.cc:474:replace_alu$5221
  creating $alu cell for $add$../picorv32.v:1598$2139: $auto$alumacc.cc:474:replace_alu$5224
  creating $alu cell for $add$../picorv32.v:1603$2140: $auto$alumacc.cc:474:replace_alu$5227
  creating $alu cell for $add$../picorv32.v:1840$2186: $auto$alumacc.cc:474:replace_alu$5230
  creating $alu cell for $add$../picorv32.v:1903$2214: $auto$alumacc.cc:474:replace_alu$5233
  creating $alu cell for $lt$../picorv32.v:1276$2262: $auto$alumacc.cc:474:replace_alu$5236
  creating $alu cell for $add$../picorv32.v:1257$2258: $auto$alumacc.cc:474:replace_alu$5243
  creating $alu cell for $sub$../picorv32.v:1258$2259, $lt$../picorv32.v:1277$2263, $eq$../picorv32.v:1275$2261: $auto$alumacc.cc:474:replace_alu$5246
  creating $alu cell for $sub$../picorv32.v:1876$2203: $auto$alumacc.cc:474:replace_alu$5253
  creating $alu cell for $sub$../picorv32.v:1884$2210: $auto$alumacc.cc:474:replace_alu$5256
  created 13 $alu and 0 $macc cells.

5.19. Executing OPT pass (performing simple optimizations).

5.19.1. Executing OPT_EXPR pass (perform const folding).
Optimizing module picorv32.
<suppressed ~1 debug messages>

5.19.2. Executing OPT_MERGE pass (detect identical cells).
Finding identical cells in module `\picorv32'.
Removed a total of 0 cells.

5.19.3. Executing OPT_MUXTREE pass (detect dead branches in mux trees).
Running muxtree optimizer on module \picorv32..
  Creating internal representation of mux trees.
  Evaluating internal representation of mux trees.
  Analyzing evaluation results.
Removed 0 multiplexer ports.
<suppressed ~128 debug messages>

5.19.4. Executing OPT_REDUCE pass (consolidate $*mux and $reduce_* inputs).
  Optimizing cells in module \picorv32.
    New input vector for $reduce_or cell $auto$alumacc.cc:509:replace_alu$5213: { $auto$rtlil.cc:1832:Not$5210 $auto$rtlil.cc:1835:ReduceAnd$5212 }
    New input vector for $reduce_and cell $auto$alumacc.cc:64:get_eq$5251: { $auto$alumacc.cc:490:replace_alu$5247 [0] $auto$alumacc.cc:490:replace_alu$5247 [1] $auto$alumacc.cc:490:replace_alu$5247 [2] $auto$alumacc.cc:490:replace_alu$5247 [3] $auto$alumacc.cc:490:replace_alu$5247 [4] $auto$alumacc.cc:490:replace_alu$5247 [5] $auto$alumacc.cc:490:replace_alu$5247 [6] $auto$alumacc.cc:490:replace_alu$5247 [7] $auto$alumacc.cc:490:replace_alu$5247 [8] $auto$alumacc.cc:490:replace_alu$5247 [9] $auto$alumacc.cc:490:replace_alu$5247 [10] $auto$alumacc.cc:490:replace_alu$5247 [11] $auto$alumacc.cc:490:replace_alu$5247 [12] $auto$alumacc.cc:490:replace_alu$5247 [13] $auto$alumacc.cc:490:replace_alu$5247 [14] $auto$alumacc.cc:490:replace_alu$5247 [15] $auto$alumacc.cc:490:replace_alu$5247 [16] $auto$alumacc.cc:490:replace_alu$5247 [17] $auto$alumacc.cc:490:replace_alu$5247 [18] $auto$alumacc.cc:490:replace_alu$5247 [19] $auto$alumacc.cc:490:replace_alu$5247 [20] $auto$alumacc.cc:490:replace_alu$5247 [21] $auto$alumacc.cc:490:replace_alu$5247 [22] $auto$alumacc.cc:490:replace_alu$5247 [23] $auto$alumacc.cc:490:replace_alu$5247 [24] $auto$alumacc.cc:490:replace_alu$5247 [25] $auto$alumacc.cc:490:replace_alu$5247 [26] $auto$alumacc.cc:490:replace_alu$5247 [27] $auto$alumacc.cc:490:replace_alu$5247 [28] $auto$alumacc.cc:490:replace_alu$5247 [29] $auto$alumacc.cc:490:replace_alu$5247 [30] $auto$alumacc.cc:490:replace_alu$5247 [31] }
    New input vector for $reduce_and cell $auto$alumacc.cc:64:get_eq$5211: { $auto$alumacc.cc:490:replace_alu$5207 [0] $auto$alumacc.cc:490:replace_alu$5207 [1] $auto$alumacc.cc:490:replace_alu$5207 [2] $auto$alumacc.cc:490:replace_alu$5207 [3] $auto$alumacc.cc:490:replace_alu$5207 [4] }
  Optimizing cells in module \picorv32.
Performed a total of 3 changes.

5.19.5. Executing OPT_MERGE pass (detect identical cells).
Finding identical cells in module `\picorv32'.
Removed a total of 0 cells.

5.19.6. Executing OPT_RMDFF pass (remove dff with constant values).

5.19.7. Executing OPT_CLEAN pass (remove unused cells and wires).
Finding unused cells or wires in module \picorv32..
Removed 0 unused cells and 5 unused wires.
<suppressed ~1 debug messages>

5.19.8. Executing OPT_EXPR pass (perform const folding).
Optimizing module picorv32.

5.19.9. Rerunning OPT passes. (Maybe there is more to do..)

5.19.10. Executing OPT_MUXTREE pass (detect dead branches in mux trees).
Running muxtree optimizer on module \picorv32..
  Creating internal representation of mux trees.
  Evaluating internal representation of mux trees.
  Analyzing evaluation results.
Removed 0 multiplexer ports.
<suppressed ~128 debug messages>

5.19.11. Executing OPT_REDUCE pass (consolidate $*mux and $reduce_* inputs).
  Optimizing cells in module \picorv32.
Performed a total of 0 changes.

5.19.12. Executing OPT_MERGE pass (detect identical cells).
Finding identical cells in module `\picorv32'.
Removed a total of 0 cells.

5.19.13. Executing OPT_RMDFF pass (remove dff with constant values).

5.19.14. Executing OPT_CLEAN pass (remove unused cells and wires).
Finding unused cells or wires in module \picorv32..

5.19.15. Executing OPT_EXPR pass (perform const folding).
Optimizing module picorv32.

5.19.16. Finished OPT passes. (There is nothing left to do.)

5.20. Executing FSM pass (extract and optimize FSM).

5.20.1. Executing FSM_DETECT pass (finding FSMs in design).
Found FSM state register picorv32.cpu_state.
Not marking picorv32.mem_state as FSM state register:
    Users of register don't seem to benefit from recoding.
Not marking picorv32.mem_wordsize as FSM state register:
    Users of register don't seem to benefit from recoding.

5.20.2. Executing FSM_EXTRACT pass (extracting FSM from design).
Extracting FSM `\cpu_state' from module `\picorv32'.
  found $dff cell for state register: $procdff$5117
  root of input selection tree: $0\cpu_state[7:0]
  found reset state: 8'10000000 (guessed from mux tree)
  found ctrl input: $logic_and$../picorv32.v:1972$2246_Y
  found ctrl input: $logic_and$../picorv32.v:1956$2227_Y
  found ctrl input: \resetn
  found state code: 8'01000000
  found ctrl input: $auto$opt_reduce.cc:132:opt_mux$5168
  found ctrl input: $procmux$3847_CMP
  found ctrl input: $procmux$3586_CMP
  found ctrl input: $procmux$3547_CMP
  found ctrl input: $procmux$3548_CMP
  found ctrl input: $eq$../picorv32.v:1347$2052_Y
  found ctrl input: $logic_or$../picorv32.v:1891$2212_Y
  found ctrl input: $logic_and$../picorv32.v:1906$2216_Y
  found ctrl input: $eq$../picorv32.v:1865$2194_Y
  found ctrl input: \is_beq_bne_blt_bge_bltu_bgeu
  found ctrl input: \mem_done
  found ctrl input: \is_sll_srl_sra
  found ctrl input: \is_sb_sh_sw
  found state code: 8'00001000
  found state code: 8'00000100
  found state code: 8'00000010
  found ctrl input: $auto$opt_reduce.cc:132:opt_mux$5154
  found ctrl input: \is_slli_srli_srai
  found ctrl input: $logic_and$../picorv32.v:1730$2163_Y
  found ctrl input: \is_rdcycle_rdcycleh_rdinstr_rdinstrh
  found ctrl input: \instr_trap
  found state code: 8'00000001
  found state code: 8'10000000
  found ctrl input: \decoder_trigger
  found ctrl input: \instr_jal
  found state code: 8'00100000
  found ctrl input: $logic_and$../picorv32.v:1964$2237_Y
  found ctrl input: $logic_and$../picorv32.v:1957$2230_Y
  found ctrl output: $eq$../picorv32.v:1347$2052_Y
  found ctrl output: $procmux$3537_CMP
  found ctrl output: $procmux$3547_CMP
  found ctrl output: $procmux$3548_CMP
  found ctrl output: $procmux$3559_CMP
  found ctrl output: $procmux$3586_CMP
  found ctrl output: $procmux$3847_CMP
  found ctrl output: $procmux$3852_CMP
  ctrl inputs: { $auto$opt_reduce.cc:132:opt_mux$5154 $auto$opt_reduce.cc:132:opt_mux$5168 $logic_and$../picorv32.v:1730$2163_Y $eq$../picorv32.v:1865$2194_Y $logic_or$../picorv32.v:1891$2212_Y $logic_and$../picorv32.v:1906$2216_Y $logic_and$../picorv32.v:1956$2227_Y $logic_and$../picorv32.v:1957$2230_Y $logic_and$../picorv32.v:1964$2237_Y $logic_and$../picorv32.v:1972$2246_Y \is_rdcycle_rdcycleh_rdinstr_rdinstrh \is_beq_bne_blt_bge_bltu_bgeu \is_sll_srl_sra \is_sb_sh_sw \is_slli_srli_srai \decoder_trigger \instr_trap \instr_jal \mem_done \resetn }
  ctrl outputs: { $procmux$3852_CMP $procmux$3847_CMP $procmux$3586_CMP $procmux$3559_CMP $procmux$3548_CMP $procmux$3547_CMP $procmux$3537_CMP $0\cpu_state[7:0] $eq$../picorv32.v:1347$2052_Y }
  transition: 8'10000000 20'------0--0---------0 -> 8'01000000 16'1000000010000000
  transition: 8'10000000 20'------0--0---------1 -> 8'10000000 16'1000000100000000
  transition: 8'10000000 20'------1000---------0 -> 8'01000000 16'1000000010000000
  transition: 8'10000000 20'------1000---------1 -> 8'10000000 16'1000000100000000
  transition: 8'10000000 20'------1100---------- -> 8'10000000 16'1000000100000000
  transition: 8'10000000 20'------1-10---------- -> 8'10000000 16'1000000100000000
  transition: 8'10000000 20'---------1---------- -> 8'10000000 16'1000000100000000
  transition: 8'01000000 20'------0--0---------0 -> 8'01000000 16'0000000010000001
  transition: 8'01000000 20'------0--0-----0---1 -> 8'01000000 16'0000000010000001
  transition: 8'01000000 20'------0--0-----1-0-1 -> 8'00100000 16'0000000001000001
  transition: 8'01000000 20'------0--0-----1-1-1 -> 8'01000000 16'0000000010000001
  transition: 8'01000000 20'------1000---------0 -> 8'01000000 16'0000000010000001
  transition: 8'01000000 20'------1000-----0---1 -> 8'01000000 16'0000000010000001
  transition: 8'01000000 20'------1000-----1-0-1 -> 8'00100000 16'0000000001000001
  transition: 8'01000000 20'------1000-----1-1-1 -> 8'01000000 16'0000000010000001
  transition: 8'01000000 20'------1100---------- -> 8'10000000 16'0000000100000001
  transition: 8'01000000 20'------1-10---------- -> 8'10000000 16'0000000100000001
  transition: 8'01000000 20'---------1---------- -> 8'10000000 16'0000000100000001
  transition: 8'00100000 20'------0--0---------0 -> 8'01000000 16'0000100010000000
  transition: 8'00100000 20'0-0---0--00-000-0--1 -> 8'00001000 16'0000100000010000
  transition: 8'00100000 20'0-0---0--00--10-0--1 -> 8'00000010 16'0000100000000100
  transition: 8'00100000 20'0-0---0--00-1-0-0--1 -> 8'00000100 16'0000100000001000
  transition: 8'00100000 20'------0--0------1--1 -> 8'10000000 16'0000100100000000
  transition: 8'00100000 20'------0--01--------1 -> 8'01000000 16'0000100010000000
  transition: 8'00100000 20'--1---0--0---------1 -> 8'00000001 16'0000100000000010
  transition: 8'00100000 20'------0--0----1----1 -> 8'00000100 16'0000100000001000
  transition: 8'00100000 20'1-----0--0---------1 -> 8'00001000 16'0000100000010000
  transition: 8'00100000 20'------1000---------0 -> 8'01000000 16'0000100010000000
  transition: 8'00100000 20'0-0---10000-000-0--1 -> 8'00001000 16'0000100000010000
  transition: 8'00100000 20'0-0---10000--10-0--1 -> 8'00000010 16'0000100000000100
  transition: 8'00100000 20'0-0---10000-1-0-0--1 -> 8'00000100 16'0000100000001000
  transition: 8'00100000 20'------1000------1--1 -> 8'10000000 16'0000100100000000
  transition: 8'00100000 20'------10001--------1 -> 8'01000000 16'0000100010000000
  transition: 8'00100000 20'--1---1000---------1 -> 8'00000001 16'0000100000000010
  transition: 8'00100000 20'------1000----1----1 -> 8'00000100 16'0000100000001000
  transition: 8'00100000 20'1-----1000---------1 -> 8'00001000 16'0000100000010000
  transition: 8'00100000 20'------1100---------- -> 8'10000000 16'0000100100000000
  transition: 8'00100000 20'------1-10---------- -> 8'10000000 16'0000100100000000
  transition: 8'00100000 20'---------1---------- -> 8'10000000 16'0000100100000000
  transition: 8'00001000 20'------0--0---------0 -> 8'01000000 16'0010000010000000
  transition: 8'00001000 20'------0--0-0-------1 -> 8'01000000 16'0010000010000000
  transition: 8'00001000 20'------0--0-1------01 -> 8'00001000 16'0010000000010000
  transition: 8'00001000 20'------0--0-1------11 -> 8'01000000 16'0010000010000000
  transition: 8'00001000 20'------1000---------0 -> 8'01000000 16'0010000010000000
  transition: 8'00001000 20'------1000-0-------1 -> 8'01000000 16'0010000010000000
  transition: 8'00001000 20'------1000-1------01 -> 8'00001000 16'0010000000010000
  transition: 8'00001000 20'------1000-1------11 -> 8'01000000 16'0010000010000000
  transition: 8'00001000 20'------1100---------- -> 8'10000000 16'0010000100000000
  transition: 8'00001000 20'------1-10---------- -> 8'10000000 16'0010000100000000
  transition: 8'00001000 20'---------1---------- -> 8'10000000 16'0010000100000000
  transition: 8'00000100 20'------0--0---------0 -> 8'01000000 16'0100000010000000
  transition: 8'00000100 20'---0--0--0---------1 -> 8'00000100 16'0100000000001000
  transition: 8'00000100 20'---1--0--0---------1 -> 8'01000000 16'0100000010000000
  transition: 8'00000100 20'------1000---------0 -> 8'01000000 16'0100000010000000
  transition: 8'00000100 20'---0--1000---------1 -> 8'00000100 16'0100000000001000
  transition: 8'00000100 20'---1--1000---------1 -> 8'01000000 16'0100000010000000
  transition: 8'00000100 20'------1100---------- -> 8'10000000 16'0100000100000000
  transition: 8'00000100 20'------1-10---------- -> 8'10000000 16'0100000100000000
  transition: 8'00000100 20'---------1---------- -> 8'10000000 16'0100000100000000
  transition: 8'00000010 20'------0--0---------0 -> 8'01000000 16'0001000010000000
  transition: 8'00000010 20'----0-0--0---------1 -> 8'00000010 16'0001000000000100
  transition: 8'00000010 20'----100--0---------1 -> 8'00000010 16'0001000000000100
  transition: 8'00000010 20'----110--0---------1 -> 8'01000000 16'0001000010000000
  transition: 8'00000010 20'------1000---------0 -> 8'01000000 16'0001000010000000
  transition: 8'00000010 20'----0-1000---------1 -> 8'00000010 16'0001000000000100
  transition: 8'00000010 20'----101000---------1 -> 8'00000010 16'0001000000000100
  transition: 8'00000010 20'----111000---------1 -> 8'01000000 16'0001000010000000
  transition: 8'00000010 20'------1100---------- -> 8'10000000 16'0001000100000000
  transition: 8'00000010 20'------1-10---------- -> 8'10000000 16'0001000100000000
  transition: 8'00000010 20'---------1---------- -> 8'10000000 16'0001000100000000
  transition: 8'00000001 20'------0--0---------0 -> 8'01000000 16'0000001010000000
  transition: 8'00000001 20'----0-0--0---------1 -> 8'00000001 16'0000001000000010
  transition: 8'00000001 20'----100--0---------1 -> 8'00000001 16'0000001000000010
  transition: 8'00000001 20'----110--0---------1 -> 8'01000000 16'0000001010000000
  transition: 8'00000001 20'------1000---------0 -> 8'01000000 16'0000001010000000
  transition: 8'00000001 20'----0-1000---------1 -> 8'00000001 16'0000001000000010
  transition: 8'00000001 20'----101000---------1 -> 8'00000001 16'0000001000000010
  transition: 8'00000001 20'----111000---------1 -> 8'01000000 16'0000001010000000
  transition: 8'00000001 20'------1100---------- -> 8'10000000 16'0000001100000000
  transition: 8'00000001 20'------1-10---------- -> 8'10000000 16'0000001100000000
  transition: 8'00000001 20'---------1---------- -> 8'10000000 16'0000001100000000

5.20.3. Executing FSM_OPT pass (simple optimizations of FSMs).
Optimizing FSM `$fsm$\cpu_state$5259' from module `\picorv32'.
  Removing unused input signal $auto$opt_reduce.cc:132:opt_mux$5168.

5.20.4. Executing OPT_CLEAN pass (remove unused cells and wires).
Finding unused cells or wires in module \picorv32..
Removed 24 unused cells and 24 unused wires.
<suppressed ~25 debug messages>

5.20.5. Executing FSM_OPT pass (simple optimizations of FSMs).
Optimizing FSM `$fsm$\cpu_state$5259' from module `\picorv32'.
  Removing unused output signal $0\cpu_state[7:0] [0].
  Removing unused output signal $0\cpu_state[7:0] [1].
  Removing unused output signal $0\cpu_state[7:0] [2].
  Removing unused output signal $0\cpu_state[7:0] [3].
  Removing unused output signal $0\cpu_state[7:0] [4].
  Removing unused output signal $0\cpu_state[7:0] [5].
  Removing unused output signal $0\cpu_state[7:0] [6].
  Removing unused output signal $0\cpu_state[7:0] [7].

5.20.6. Executing FSM_RECODE pass (re-assigning FSM state encoding).
Recoding FSM `$fsm$\cpu_state$5259' from module `\picorv32' using `auto' encoding:
  mapping auto encoding to `one-hot` for this FSM.
  10000000 -> ------1
  01000000 -> -----1-
  00100000 -> ----1--
  00001000 -> ---1---
  00000100 -> --1----
  00000010 -> -1-----
  00000001 -> 1------

5.20.7. Executing FSM_INFO pass (dumping all available information on FSM cells).

FSM `$fsm$\cpu_state$5259' from module `\picorv32':
-------------------------------------

  Information on FSM $fsm$\cpu_state$5259 (\cpu_state):

  Number of input signals:   19
  Number of output signals:   8
  Number of state bits:       7

  Input signals:
    0: \resetn
    1: \mem_done
    2: \instr_jal
    3: \instr_trap
    4: \decoder_trigger
    5: \is_slli_srli_srai
    6: \is_sb_sh_sw
    7: \is_sll_srl_sra
    8: \is_beq_bne_blt_bge_bltu_bgeu
    9: \is_rdcycle_rdcycleh_rdinstr_rdinstrh
   10: $logic_and$../picorv32.v:1972$2246_Y
   11: $logic_and$../picorv32.v:1964$2237_Y
   12: $logic_and$../picorv32.v:1957$2230_Y
   13: $logic_and$../picorv32.v:1956$2227_Y
   14: $logic_and$../picorv32.v:1906$2216_Y
   15: $logic_or$../picorv32.v:1891$2212_Y
   16: $eq$../picorv32.v:1865$2194_Y
   17: $logic_and$../picorv32.v:1730$2163_Y
   18: $auto$opt_reduce.cc:132:opt_mux$5154

  Output signals:
    0: $eq$../picorv32.v:1347$2052_Y
    1: $procmux$3537_CMP
    2: $procmux$3547_CMP
    3: $procmux$3548_CMP
    4: $procmux$3559_CMP
    5: $procmux$3586_CMP
    6: $procmux$3847_CMP
    7: $procmux$3852_CMP

  State encoding:
    0:  7'------1  <RESET STATE>
    1:  7'-----1-
    2:  7'----1--
    3:  7'---1---
    4:  7'--1----
    5:  7'-1-----
    6:  7'1------

  Transition Table (state_in, ctrl_in, state_out, ctrl_out):
      0:     0 19'-----1000---------1   ->     0 8'10000000
      1:     0 19'-----0--0---------1   ->     0 8'10000000
      2:     0 19'-----1100----------   ->     0 8'10000000
      3:     0 19'-----1-10----------   ->     0 8'10000000
      4:     0 19'--------1----------   ->     0 8'10000000
      5:     0 19'-----1000---------0   ->     1 8'10000000
      6:     0 19'-----0--0---------0   ->     1 8'10000000
      7:     1 19'-----1100----------   ->     0 8'00000001
      8:     1 19'-----1-10----------   ->     0 8'00000001
      9:     1 19'--------1----------   ->     0 8'00000001
     10:     1 19'-----1000---------0   ->     1 8'00000001
     11:     1 19'-----0--0---------0   ->     1 8'00000001
     12:     1 19'-----1000-----1-1-1   ->     1 8'00000001
     13:     1 19'-----0--0-----1-1-1   ->     1 8'00000001
     14:     1 19'-----1000-----0---1   ->     1 8'00000001
     15:     1 19'-----0--0-----0---1   ->     1 8'00000001
     16:     1 19'-----1000-----1-0-1   ->     2 8'00000001
     17:     1 19'-----0--0-----1-0-1   ->     2 8'00000001
     18:     2 19'-----1000------1--1   ->     0 8'00001000
     19:     2 19'-----0--0------1--1   ->     0 8'00001000
     20:     2 19'-----1100----------   ->     0 8'00001000
     21:     2 19'-----1-10----------   ->     0 8'00001000
     22:     2 19'--------1----------   ->     0 8'00001000
     23:     2 19'-----1000---------0   ->     1 8'00001000
     24:     2 19'-----0--0---------0   ->     1 8'00001000
     25:     2 19'-----10001--------1   ->     1 8'00001000
     26:     2 19'-----0--01--------1   ->     1 8'00001000
     27:     2 19'00---10000-000-0--1   ->     3 8'00001000
     28:     2 19'00---0--00-000-0--1   ->     3 8'00001000
     29:     2 19'1----1000---------1   ->     3 8'00001000
     30:     2 19'1----0--0---------1   ->     3 8'00001000
     31:     2 19'00---10000-1-0-0--1   ->     4 8'00001000
     32:     2 19'00---0--00-1-0-0--1   ->     4 8'00001000
     33:     2 19'-----1000----1----1   ->     4 8'00001000
     34:     2 19'-----0--0----1----1   ->     4 8'00001000
     35:     2 19'00---10000--10-0--1   ->     5 8'00001000
     36:     2 19'00---0--00--10-0--1   ->     5 8'00001000
     37:     2 19'-1---1000---------1   ->     6 8'00001000
     38:     2 19'-1---0--0---------1   ->     6 8'00001000
     39:     3 19'-----1100----------   ->     0 8'00100000
     40:     3 19'-----1-10----------   ->     0 8'00100000
     41:     3 19'--------1----------   ->     0 8'00100000
     42:     3 19'-----1000---------0   ->     1 8'00100000
     43:     3 19'-----0--0---------0   ->     1 8'00100000
     44:     3 19'-----1000-1------11   ->     1 8'00100000
     45:     3 19'-----0--0-1------11   ->     1 8'00100000
     46:     3 19'-----1000-0-------1   ->     1 8'00100000
     47:     3 19'-----0--0-0-------1   ->     1 8'00100000
     48:     3 19'-----1000-1------01   ->     3 8'00100000
     49:     3 19'-----0--0-1------01   ->     3 8'00100000
     50:     4 19'-----1100----------   ->     0 8'01000000
     51:     4 19'-----1-10----------   ->     0 8'01000000
     52:     4 19'--------1----------   ->     0 8'01000000
     53:     4 19'-----1000---------0   ->     1 8'01000000
     54:     4 19'-----0--0---------0   ->     1 8'01000000
     55:     4 19'--1--1000---------1   ->     1 8'01000000
     56:     4 19'--1--0--0---------1   ->     1 8'01000000
     57:     4 19'--0--1000---------1   ->     4 8'01000000
     58:     4 19'--0--0--0---------1   ->     4 8'01000000
     59:     5 19'-----1100----------   ->     0 8'00010000
     60:     5 19'-----1-10----------   ->     0 8'00010000
     61:     5 19'--------1----------   ->     0 8'00010000
     62:     5 19'-----1000---------0   ->     1 8'00010000
     63:     5 19'-----0--0---------0   ->     1 8'00010000
     64:     5 19'---111000---------1   ->     1 8'00010000
     65:     5 19'---110--0---------1   ->     1 8'00010000
     66:     5 19'---101000---------1   ->     5 8'00010000
     67:     5 19'---0-1000---------1   ->     5 8'00010000
     68:     5 19'---100--0---------1   ->     5 8'00010000
     69:     5 19'---0-0--0---------1   ->     5 8'00010000
     70:     6 19'-----1100----------   ->     0 8'00000010
     71:     6 19'-----1-10----------   ->     0 8'00000010
     72:     6 19'--------1----------   ->     0 8'00000010
     73:     6 19'-----1000---------0   ->     1 8'00000010
     74:     6 19'-----0--0---------0   ->     1 8'00000010
     75:     6 19'---111000---------1   ->     1 8'00000010
     76:     6 19'---110--0---------1   ->     1 8'00000010
     77:     6 19'---101000---------1   ->     6 8'00000010
     78:     6 19'---0-1000---------1   ->     6 8'00000010
     79:     6 19'---100--0---------1   ->     6 8'00000010
     80:     6 19'---0-0--0---------1   ->     6 8'00000010

-------------------------------------

5.20.8. Executing FSM_MAP pass (mapping FSMs to basic logic).
Mapping FSM `$fsm$\cpu_state$5259' from module `\picorv32'.

5.21. Executing OPT pass (performing simple optimizations).

5.21.1. Executing OPT_EXPR pass (perform const folding).
Optimizing module picorv32.
<suppressed ~2 debug messages>

5.21.2. Executing OPT_MERGE pass (detect identical cells).
Finding identical cells in module `\picorv32'.
<suppressed ~15 debug messages>
Removed a total of 5 cells.

5.21.3. Executing OPT_RMDFF pass (remove dff with constant values).

5.21.4. Executing OPT_CLEAN pass (remove unused cells and wires).
Finding unused cells or wires in module \picorv32..
Removed 0 unused cells and 17 unused wires.
<suppressed ~1 debug messages>

5.21.5. Finished fast OPT passes.

5.22. Executing MEMORY pass.

5.22.1. Executing MEMORY_DFF pass (merging $dff cells to $memrd and $memwr).
Checking cell `$memwr$\cpuregs$../picorv32.v:1378$2268' in module `\picorv32': merged $dff to cell.
Checking cell `$memrd$\cpuregs$../picorv32.v:1386$2070' in module `\picorv32': merged address $dff to cell.
Checking cell `$memrd$\cpuregs$../picorv32.v:1387$2073' in module `\picorv32': merged address $dff to cell.

5.22.2. Executing OPT_CLEAN pass (remove unused cells and wires).
Finding unused cells or wires in module \picorv32..
Removed 3 unused cells and 3 unused wires.
<suppressed ~4 debug messages>

5.22.3. Executing MEMORY_SHARE pass (consolidating $memrd/$memwr cells).

5.22.4. Executing OPT_CLEAN pass (remove unused cells and wires).
Finding unused cells or wires in module \picorv32..

5.22.5. Executing MEMORY_COLLECT pass (generating $mem cells).
Collecting $memrd, $memwr and $meminit for memory `\cpuregs' in module `\picorv32':
  $memwr$\cpuregs$../picorv32.v:1378$2268 ($memwr)
  $memrd$\cpuregs$../picorv32.v:1387$2073 ($memrd)
  $memrd$\cpuregs$../picorv32.v:1386$2070 ($memrd)

5.23. Executing OPT_CLEAN pass (remove unused cells and wires).
Finding unused cells or wires in module \picorv32..

5.24. Executing MEMORY_BRAM pass (mapping $mem cells to block memories).
Processing picorv32.cpuregs:
  Properties: ports=3 bits=1024 rports=2 wports=1 dbits=32 abits=5 words=32
  Checking rule #1 for bram type $__ICE40_RAM4K_M0 (variant 1):
    Bram geometry: abits=8 dbits=16 wports=0 rports=0
    Estimated number of duplicates for more read ports: dups=1
    Metrics for $__ICE40_RAM4K_M0: awaste=224 dwaste=0 bwaste=3584 waste=3584 efficiency=12
    Rule #1 for bram type $__ICE40_RAM4K_M0 (variant 1) accepted.
    Mapping to bram type $__ICE40_RAM4K_M0 (variant 1):
      Write port #0 is in clock domain \clk.
        Mapped to bram port B1.
      Read port #0 is in clock domain \clk.
        Mapped to bram port A1.1.
      Read port #1 is in clock domain \clk.
        Failed to map read port #1.
      Growing more read ports by duplicating bram cells.
      Read port #0 is in clock domain \clk.
        Mapped to bram port A1.1.
      Read port #1 is in clock domain \clk.
        Mapped to bram port A1.2.
      Updated properties: dups=2 waste=7168 efficiency=6
      Storing for later selection.
  Checking rule #2 for bram type $__ICE40_RAM4K_M123 (variant 1):
    Bram geometry: abits=9 dbits=8 wports=0 rports=0
    Estimated number of duplicates for more read ports: dups=1
    Metrics for $__ICE40_RAM4K_M123: awaste=480 dwaste=0 bwaste=3840 waste=3840 efficiency=6
    Rule #2 for bram type $__ICE40_RAM4K_M123 (variant 1) accepted.
    Mapping to bram type $__ICE40_RAM4K_M123 (variant 1):
      Write port #0 is in clock domain \clk.
        Mapped to bram port B1.
      Read port #0 is in clock domain \clk.
        Mapped to bram port A1.1.
      Read port #1 is in clock domain \clk.
        Failed to map read port #1.
      Growing more read ports by duplicating bram cells.
      Read port #0 is in clock domain \clk.
        Mapped to bram port A1.1.
      Read port #1 is in clock domain \clk.
        Mapped to bram port A1.2.
      Updated properties: dups=2 waste=7680 efficiency=3
      Storing for later selection.
  Checking rule #2 for bram type $__ICE40_RAM4K_M123 (variant 2):
    Bram geometry: abits=10 dbits=4 wports=0 rports=0
    Estimated number of duplicates for more read ports: dups=1
    Metrics for $__ICE40_RAM4K_M123: awaste=992 dwaste=0 bwaste=3968 waste=3968 efficiency=3
    Rule #2 for bram type $__ICE40_RAM4K_M123 (variant 2) accepted.
    Mapping to bram type $__ICE40_RAM4K_M123 (variant 2):
      Write port #0 is in clock domain \clk.
        Mapped to bram port B1.
      Read port #0 is in clock domain \clk.
        Mapped to bram port A1.1.
      Read port #1 is in clock domain \clk.
        Failed to map read port #1.
      Growing more read ports by duplicating bram cells.
      Read port #0 is in clock domain \clk.
        Mapped to bram port A1.1.
      Read port #1 is in clock domain \clk.
        Mapped to bram port A1.2.
      Updated properties: dups=2 waste=7936 efficiency=1
    Rule for bram type $__ICE40_RAM4K_M123 rejected: requirement 'min efficiency 2' not met.
    Mapping to bram type $__ICE40_RAM4K_M123 failed.
  Checking rule #2 for bram type $__ICE40_RAM4K_M123 (variant 3):
    Bram geometry: abits=11 dbits=2 wports=0 rports=0
    Estimated number of duplicates for more read ports: dups=1
    Metrics for $__ICE40_RAM4K_M123: awaste=2016 dwaste=0 bwaste=4032 waste=4032 efficiency=1
    Rule #2 for bram type $__ICE40_RAM4K_M123 (variant 3) rejected: requirement 'min efficiency 2' not met.
  Selecting best of 2 rules:
    Efficiency for rule 2.1: efficiency=3, cells=8, acells=1
    Efficiency for rule 1.1: efficiency=6, cells=4, acells=1
    Selected rule 1.1 with efficiency 6.
    Mapping to bram type $__ICE40_RAM4K_M0 (variant 1):
      Write port #0 is in clock domain \clk.
        Mapped to bram port B1.
      Read port #0 is in clock domain \clk.
        Mapped to bram port A1.1.
      Read port #1 is in clock domain \clk.
        Failed to map read port #1.
      Growing more read ports by duplicating bram cells.
      Read port #0 is in clock domain \clk.
        Mapped to bram port A1.1.
      Read port #1 is in clock domain \clk.
        Mapped to bram port A1.2.
      Creating $__ICE40_RAM4K_M0 cell at grid position <0 0 0>: cpuregs.0.0.0
        Adding extra logic for transparent port A1.1.
      Creating $__ICE40_RAM4K_M0 cell at grid position <0 0 1>: cpuregs.0.0.1
        Adding extra logic for transparent port A1.2.
      Creating $__ICE40_RAM4K_M0 cell at grid position <1 0 0>: cpuregs.1.0.0
        Adding extra logic for transparent port A1.1.
      Creating $__ICE40_RAM4K_M0 cell at grid position <1 0 1>: cpuregs.1.0.1
        Adding extra logic for transparent port A1.2.

5.25. Executing TECHMAP pass (map to technology primitives).

5.25.1. Executing Verilog-2005 frontend: /usr/bin/../share/yosys/ice40/brams_map.v
Parsing Verilog input from `/usr/bin/../share/yosys/ice40/brams_map.v' to AST representation.
Generating RTLIL representation for module `\$__ICE40_RAM4K'.
Generating RTLIL representation for module `\$__ICE40_RAM4K_M0'.
Generating RTLIL representation for module `\$__ICE40_RAM4K_M123'.
Successfully finished Verilog frontend.

5.25.2. Continuing TECHMAP pass.
Using template $paramod\$__ICE40_RAM4K_M0\CLKPOL2=1\CLKPOL3=1 for cells of type $__ICE40_RAM4K_M0.
Using template $paramod$4200c10d2e07b3359d49ca78f8f6d43ec6f7e316\$__ICE40_RAM4K for cells of type $__ICE40_RAM4K.
No more expansions possible.
<suppressed ~48 debug messages>

5.26. Executing ICE40_BRAMINIT pass.

5.27. Executing OPT pass (performing simple optimizations).

5.27.1. Executing OPT_EXPR pass (perform const folding).
Optimizing module picorv32.
<suppressed ~64 debug messages>

5.27.2. Executing OPT_MERGE pass (detect identical cells).
Finding identical cells in module `\picorv32'.
<suppressed ~30 debug messages>
Removed a total of 10 cells.

5.27.3. Executing OPT_RMDFF pass (remove dff with constant values).

5.27.4. Executing OPT_CLEAN pass (remove unused cells and wires).
Finding unused cells or wires in module \picorv32..
Removed 18 unused cells and 139 unused wires.
<suppressed ~22 debug messages>

5.27.5. Finished fast OPT passes.

5.28. Executing MEMORY_MAP pass (converting $mem cells to logic and flip-flops).

5.29. Executing OPT pass (performing simple optimizations).

5.29.1. Executing OPT_EXPR pass (perform const folding).
Optimizing module picorv32.

5.29.2. Executing OPT_MERGE pass (detect identical cells).
Finding identical cells in module `\picorv32'.
Removed a total of 0 cells.

5.29.3. Executing OPT_MUXTREE pass (detect dead branches in mux trees).
Running muxtree optimizer on module \picorv32..
  Creating internal representation of mux trees.
  Evaluating internal representation of mux trees.
  Analyzing evaluation results.
    dead port 2/3 on $pmux $procmux$4122.
    dead port 2/5 on $pmux $procmux$4586.
    dead port 1/3 on $pmux $procmux$4790.
Removed 3 multiplexer ports.
<suppressed ~123 debug messages>

5.29.4. Executing OPT_REDUCE pass (consolidate $*mux and $reduce_* inputs).
  Optimizing cells in module \picorv32.
    New input vector for $reduce_or cell $auto$opt_reduce.cc:126:opt_mux$5151: { \cpu_state [4] \cpu_state [6] }
    New input vector for $reduce_or cell $auto$opt_reduce.cc:126:opt_mux$5147: { \cpu_state [0] \cpu_state [1] \cpu_state [2] \cpu_state [4] \cpu_state [5] \cpu_state [6] }
    New input vector for $reduce_or cell $auto$opt_reduce.cc:126:opt_mux$5143: { \cpu_state [0] \cpu_state [1] \cpu_state [2] \cpu_state [3] \cpu_state [4] \cpu_state [6] }
    New input vector for $reduce_or cell $auto$fsm_map.cc:144:implement_pattern_cache$5469: { $auto$fsm_map.cc:118:implement_pattern_cache$5447 $auto$fsm_map.cc:118:implement_pattern_cache$5451 $auto$fsm_map.cc:118:implement_pattern_cache$5455 $auto$fsm_map.cc:118:implement_pattern_cache$5459 $auto$fsm_map.cc:118:implement_pattern_cache$5463 $auto$fsm_map.cc:118:implement_pattern_cache$5467 }
    New input vector for $reduce_or cell $auto$fsm_map.cc:144:implement_pattern_cache$5444: { $auto$fsm_map.cc:118:implement_pattern_cache$5426 $auto$fsm_map.cc:118:implement_pattern_cache$5422 $auto$fsm_map.cc:118:implement_pattern_cache$5434 $auto$fsm_map.cc:118:implement_pattern_cache$5430 $auto$fsm_map.cc:118:implement_pattern_cache$5438 $auto$fsm_map.cc:118:implement_pattern_cache$5442 }
    New input vector for $reduce_or cell $auto$fsm_map.cc:144:implement_pattern_cache$5419: { $auto$fsm_map.cc:118:implement_pattern_cache$5409 $auto$fsm_map.cc:118:implement_pattern_cache$5417 $auto$fsm_map.cc:118:implement_pattern_cache$5405 $auto$fsm_map.cc:118:implement_pattern_cache$5413 $auto$fsm_map.cc:118:implement_pattern_cache$5401 $auto$fsm_map.cc:118:implement_pattern_cache$5397 }
    New input vector for $reduce_or cell $auto$fsm_map.cc:144:implement_pattern_cache$5394: { $auto$fsm_map.cc:118:implement_pattern_cache$5388 $auto$fsm_map.cc:118:implement_pattern_cache$5392 $auto$fsm_map.cc:118:implement_pattern_cache$5384 $auto$fsm_map.cc:118:implement_pattern_cache$5376 $auto$fsm_map.cc:118:implement_pattern_cache$5380 $auto$fsm_map.cc:118:implement_pattern_cache$5372 }
    New input vector for $reduce_or cell $auto$fsm_map.cc:144:implement_pattern_cache$5360: { $auto$fsm_map.cc:118:implement_pattern_cache$5330 $auto$fsm_map.cc:118:implement_pattern_cache$5348 $auto$fsm_map.cc:118:implement_pattern_cache$5344 $auto$fsm_map.cc:118:implement_pattern_cache$5338 $auto$fsm_map.cc:118:implement_pattern_cache$5318 $auto$fsm_map.cc:118:implement_pattern_cache$5334 $auto$fsm_map.cc:118:implement_pattern_cache$5314 $auto$fsm_map.cc:118:implement_pattern_cache$5310 $auto$fsm_map.cc:118:implement_pattern_cache$5326 $auto$fsm_map.cc:118:implement_pattern_cache$5354 $auto$fsm_map.cc:118:implement_pattern_cache$5306 $auto$fsm_map.cc:118:implement_pattern_cache$5302 $auto$fsm_map.cc:74:implement_pattern_cache$5298 $auto$fsm_map.cc:74:implement_pattern_cache$5296 $auto$fsm_map.cc:118:implement_pattern_cache$5322 $auto$fsm_map.cc:118:implement_pattern_cache$5358 }
    New input vector for $reduce_or cell $auto$fsm_map.cc:144:implement_pattern_cache$5295: { $auto$fsm_map.cc:118:implement_pattern_cache$5279 $auto$fsm_map.cc:118:implement_pattern_cache$5275 $auto$fsm_map.cc:118:implement_pattern_cache$5283 $auto$fsm_map.cc:118:implement_pattern_cache$5287 $auto$fsm_map.cc:74:implement_pattern_cache$5289 $auto$fsm_map.cc:74:implement_pattern_cache$5291 $auto$fsm_map.cc:74:implement_pattern_cache$5293 }
    New input vector for $reduce_or cell $auto$fsm_map.cc:105:implement_pattern_cache$5353: { \cpu_state [5] \cpu_state [6] }
    Consolidated identical input bits for $mux cell $auto$memory_bram.cc:938:replace_cell$5562:
      Old ports: A=16'0000000000000000, B={ $0$memwr$\cpuregs$../picorv32.v:1378$1592_EN[31:0]$2065 [31] $0$memwr$\cpuregs$../picorv32.v:1378$1592_EN[31:0]$2065 [31] $0$memwr$\cpuregs$../picorv32.v:1378$1592_EN[31:0]$2065 [31] $0$memwr$\cpuregs$../picorv32.v:1378$1592_EN[31:0]$2065 [31] $0$memwr$\cpuregs$../picorv32.v:1378$1592_EN[31:0]$2065 [31] $0$memwr$\cpuregs$../picorv32.v:1378$1592_EN[31:0]$2065 [31] $0$memwr$\cpuregs$../picorv32.v:1378$1592_EN[31:0]$2065 [31] $0$memwr$\cpuregs$../picorv32.v:1378$1592_EN[31:0]$2065 [31] $0$memwr$\cpuregs$../picorv32.v:1378$1592_EN[31:0]$2065 [31] $0$memwr$\cpuregs$../picorv32.v:1378$1592_EN[31:0]$2065 [31] $0$memwr$\cpuregs$../picorv32.v:1378$1592_EN[31:0]$2065 [31] $0$memwr$\cpuregs$../picorv32.v:1378$1592_EN[31:0]$2065 [31] $0$memwr$\cpuregs$../picorv32.v:1378$1592_EN[31:0]$2065 [31] $0$memwr$\cpuregs$../picorv32.v:1378$1592_EN[31:0]$2065 [31] $0$memwr$\cpuregs$../picorv32.v:1378$1592_EN[31:0]$2065 [31] $0$memwr$\cpuregs$../picorv32.v:1378$1592_EN[31:0]$2065 [31] }, Y=$auto$rtlil.cc:1906:Mux$5480
      New ports: A=1'0, B=$0$memwr$\cpuregs$../picorv32.v:1378$1592_EN[31:0]$2065 [31], Y=$auto$rtlil.cc:1906:Mux$5480 [0]
      New connections: $auto$rtlil.cc:1906:Mux$5480 [15:1] = { $auto$rtlil.cc:1906:Mux$5480 [0] $auto$rtlil.cc:1906:Mux$5480 [0] $auto$rtlil.cc:1906:Mux$5480 [0] $auto$rtlil.cc:1906:Mux$5480 [0] $auto$rtlil.cc:1906:Mux$5480 [0] $auto$rtlil.cc:1906:Mux$5480 [0] $auto$rtlil.cc:1906:Mux$5480 [0] $auto$rtlil.cc:1906:Mux$5480 [0] $auto$rtlil.cc:1906:Mux$5480 [0] $auto$rtlil.cc:1906:Mux$5480 [0] $auto$rtlil.cc:1906:Mux$5480 [0] $auto$rtlil.cc:1906:Mux$5480 [0] $auto$rtlil.cc:1906:Mux$5480 [0] $auto$rtlil.cc:1906:Mux$5480 [0] $auto$rtlil.cc:1906:Mux$5480 [0] }
    Consolidated identical input bits for $mux cell $auto$memory_bram.cc:938:replace_cell$5601:
      Old ports: A=16'0000000000000000, B={ $0$memwr$\cpuregs$../picorv32.v:1378$1592_EN[31:0]$2065 [31] $0$memwr$\cpuregs$../picorv32.v:1378$1592_EN[31:0]$2065 [31] $0$memwr$\cpuregs$../picorv32.v:1378$1592_EN[31:0]$2065 [31] $0$memwr$\cpuregs$../picorv32.v:1378$1592_EN[31:0]$2065 [31] $0$memwr$\cpuregs$../picorv32.v:1378$1592_EN[31:0]$2065 [31] $0$memwr$\cpuregs$../picorv32.v:1378$1592_EN[31:0]$2065 [31] $0$memwr$\cpuregs$../picorv32.v:1378$1592_EN[31:0]$2065 [31] $0$memwr$\cpuregs$../picorv32.v:1378$1592_EN[31:0]$2065 [31] $0$memwr$\cpuregs$../picorv32.v:1378$1592_EN[31:0]$2065 [31] $0$memwr$\cpuregs$../picorv32.v:1378$1592_EN[31:0]$2065 [31] $0$memwr$\cpuregs$../picorv32.v:1378$1592_EN[31:0]$2065 [31] $0$memwr$\cpuregs$../picorv32.v:1378$1592_EN[31:0]$2065 [31] $0$memwr$\cpuregs$../picorv32.v:1378$1592_EN[31:0]$2065 [31] $0$memwr$\cpuregs$../picorv32.v:1378$1592_EN[31:0]$2065 [31] $0$memwr$\cpuregs$../picorv32.v:1378$1592_EN[31:0]$2065 [31] $0$memwr$\cpuregs$../picorv32.v:1378$1592_EN[31:0]$2065 [31] }, Y=$auto$rtlil.cc:1906:Mux$5519
      New ports: A=1'0, B=$0$memwr$\cpuregs$../picorv32.v:1378$1592_EN[31:0]$2065 [31], Y=$auto$rtlil.cc:1906:Mux$5519 [0]
      New connections: $auto$rtlil.cc:1906:Mux$5519 [15:1] = { $auto$rtlil.cc:1906:Mux$5519 [0] $auto$rtlil.cc:1906:Mux$5519 [0] $auto$rtlil.cc:1906:Mux$5519 [0] $auto$rtlil.cc:1906:Mux$5519 [0] $auto$rtlil.cc:1906:Mux$5519 [0] $auto$rtlil.cc:1906:Mux$5519 [0] $auto$rtlil.cc:1906:Mux$5519 [0] $auto$rtlil.cc:1906:Mux$5519 [0] $auto$rtlil.cc:1906:Mux$5519 [0] $auto$rtlil.cc:1906:Mux$5519 [0] $auto$rtlil.cc:1906:Mux$5519 [0] $auto$rtlil.cc:1906:Mux$5519 [0] $auto$rtlil.cc:1906:Mux$5519 [0] $auto$rtlil.cc:1906:Mux$5519 [0] $auto$rtlil.cc:1906:Mux$5519 [0] }
    Consolidated identical input bits for $pmux cell $procmux$2296:
      Old ports: A=\reg_op2, B={ \reg_op2 [15:0] \reg_op2 [15:0] \reg_op2 [7:0] \reg_op2 [7:0] \reg_op2 [7:0] \reg_op2 [7:0] }, Y=\mem_la_wdata
      New ports: A=\reg_op2 [31:8], B={ \reg_op2 [15:0] \reg_op2 [15:0] \reg_op2 [7:0] \reg_op2 [7:0] }, Y=\mem_la_wdata [31:8]
      New connections: \mem_la_wdata [7:0] = \reg_op2 [7:0]
    Consolidated identical input bits for $pmux cell $procmux$4059:
      Old ports: A=\mem_rdata_word, B={ \mem_rdata_word [15] \mem_rdata_word [15] \mem_rdata_word [15] \mem_rdata_word [15] \mem_rdata_word [15] \mem_rdata_word [15] \mem_rdata_word [15] \mem_rdata_word [15] \mem_rdata_word [15] \mem_rdata_word [15] \mem_rdata_word [15] \mem_rdata_word [15] \mem_rdata_word [15] \mem_rdata_word [15] \mem_rdata_word [15] \mem_rdata_word [15] \mem_rdata_word [15:0] \mem_rdata_word [7] \mem_rdata_word [7] \mem_rdata_word [7] \mem_rdata_word [7] \mem_rdata_word [7] \mem_rdata_word [7] \mem_rdata_word [7] \mem_rdata_word [7] \mem_rdata_word [7] \mem_rdata_word [7] \mem_rdata_word [7] \mem_rdata_word [7] \mem_rdata_word [7] \mem_rdata_word [7] \mem_rdata_word [7] \mem_rdata_word [7] \mem_rdata_word [7] \mem_rdata_word [7] \mem_rdata_word [7] \mem_rdata_word [7] \mem_rdata_word [7] \mem_rdata_word [7] \mem_rdata_word [7] \mem_rdata_word [7] \mem_rdata_word [7:0] }, Y=$procmux$4059_Y
      New ports: A=\mem_rdata_word [31:8], B={ \mem_rdata_word [15] \mem_rdata_word [15] \mem_rdata_word [15] \mem_rdata_word [15] \mem_rdata_word [15] \mem_rdata_word [15] \mem_rdata_word [15] \mem_rdata_word [15] \mem_rdata_word [15] \mem_rdata_word [15] \mem_rdata_word [15] \mem_rdata_word [15] \mem_rdata_word [15] \mem_rdata_word [15] \mem_rdata_word [15] \mem_rdata_word [15] \mem_rdata_word [15:7] \mem_rdata_word [7] \mem_rdata_word [7] \mem_rdata_word [7] \mem_rdata_word [7] \mem_rdata_word [7] \mem_rdata_word [7] \mem_rdata_word [7] \mem_rdata_word [7] \mem_rdata_word [7] \mem_rdata_word [7] \mem_rdata_word [7] \mem_rdata_word [7] \mem_rdata_word [7] \mem_rdata_word [7] \mem_rdata_word [7] \mem_rdata_word [7] \mem_rdata_word [7] \mem_rdata_word [7] \mem_rdata_word [7] \mem_rdata_word [7] \mem_rdata_word [7] \mem_rdata_word [7] \mem_rdata_word [7] }, Y=$procmux$4059_Y [31:8]
      New connections: $procmux$4059_Y [7:0] = \mem_rdata_word [7:0]
    Consolidated identical input bits for $mux cell $ternary$../picorv32.v:1351$2053:
      Old ports: A=3'100, B=3'010, Y=$auto$wreduce.cc:455:run$5178 [2:0]
      New ports: A=2'10, B=2'01, Y=$auto$wreduce.cc:455:run$5178 [2:1]
      New connections: $auto$wreduce.cc:455:run$5178 [0] = 1'0
    Consolidated identical input bits for $mux cell $ternary$../picorv32.v:383$1658:
      Old ports: A={ \reg_op1 [31:2] 2'00 }, B={ \next_pc [31:2] 2'00 }, Y=\mem_la_addr
      New ports: A=\reg_op1 [31:2], B=\next_pc [31:2], Y=\mem_la_addr [31:2]
      New connections: \mem_la_addr [1:0] = 2'00
    Consolidated identical input bits for $mux cell $ternary$../picorv32.v:412$1673:
      Old ports: A=4'0011, B=4'1100, Y=$ternary$../picorv32.v:412$1673_Y
      New ports: A=2'01, B=2'10, Y={ $ternary$../picorv32.v:412$1673_Y [2] $ternary$../picorv32.v:412$1673_Y [0] }
      New connections: { $ternary$../picorv32.v:412$1673_Y [3] $ternary$../picorv32.v:412$1673_Y [1] } = { $ternary$../picorv32.v:412$1673_Y [2] $ternary$../picorv32.v:412$1673_Y [0] }
    Consolidated identical input bits for $mux cell $ternary$../picorv32.v:618$1735:
      Old ports: A=2'11, B=2'00, Y=$procmux$2584_Y
      New ports: A=1'1, B=1'0, Y=$procmux$2584_Y [0]
      New connections: $procmux$2584_Y [1] = $procmux$2584_Y [0]
  Optimizing cells in module \picorv32.
Performed a total of 18 changes.

5.29.5. Executing OPT_MERGE pass (detect identical cells).
Finding identical cells in module `\picorv32'.
Removed a total of 0 cells.

5.29.6. Executing OPT_RMDFF pass (remove dff with constant values).

5.29.7. Executing OPT_CLEAN pass (remove unused cells and wires).
Finding unused cells or wires in module \picorv32..

5.29.8. Executing OPT_EXPR pass (perform const folding).
Optimizing module picorv32.

5.29.9. Rerunning OPT passes. (Maybe there is more to do..)

5.29.10. Executing OPT_MUXTREE pass (detect dead branches in mux trees).
Running muxtree optimizer on module \picorv32..
  Creating internal representation of mux trees.
  Evaluating internal representation of mux trees.
  Analyzing evaluation results.
Removed 0 multiplexer ports.
<suppressed ~123 debug messages>

5.29.11. Executing OPT_REDUCE pass (consolidate $*mux and $reduce_* inputs).
  Optimizing cells in module \picorv32.
Performed a total of 0 changes.

5.29.12. Executing OPT_MERGE pass (detect identical cells).
Finding identical cells in module `\picorv32'.
Removed a total of 0 cells.

5.29.13. Executing OPT_RMDFF pass (remove dff with constant values).

5.29.14. Executing OPT_CLEAN pass (remove unused cells and wires).
Finding unused cells or wires in module \picorv32..

5.29.15. Executing OPT_EXPR pass (perform const folding).
Optimizing module picorv32.

5.29.16. Finished OPT passes. (There is nothing left to do.)

5.30. Executing TECHMAP pass (map to technology primitives).

5.30.1. Executing Verilog-2005 frontend: /usr/bin/../share/yosys/techmap.v
Parsing Verilog input from `/usr/bin/../share/yosys/techmap.v' to AST representation.
Generating RTLIL representation for module `\_90_simplemap_bool_ops'.
Generating RTLIL representation for module `\_90_simplemap_reduce_ops'.
Generating RTLIL representation for module `\_90_simplemap_logic_ops'.
Generating RTLIL representation for module `\_90_simplemap_compare_ops'.
Generating RTLIL representation for module `\_90_simplemap_various'.
Generating RTLIL representation for module `\_90_simplemap_registers'.
Generating RTLIL representation for module `\_90_shift_ops_shr_shl_sshl_sshr'.
Generating RTLIL representation for module `\_90_shift_shiftx'.
Generating RTLIL representation for module `\_90_fa'.
Generating RTLIL representation for module `\_90_lcu'.
Generating RTLIL representation for module `\_90_alu'.
Generating RTLIL representation for module `\_90_macc'.
Generating RTLIL representation for module `\_90_alumacc'.
Generating RTLIL representation for module `\$__div_mod_u'.
Generating RTLIL representation for module `\$__div_mod'.
Generating RTLIL representation for module `\_90_div'.
Generating RTLIL representation for module `\_90_mod'.
Generating RTLIL representation for module `\_90_pow'.
Generating RTLIL representation for module `\_90_pmux'.
Generating RTLIL representation for module `\_90_lut'.
Successfully finished Verilog frontend.

5.30.2. Executing Verilog-2005 frontend: /usr/bin/../share/yosys/ice40/arith_map.v
Parsing Verilog input from `/usr/bin/../share/yosys/ice40/arith_map.v' to AST representation.
Generating RTLIL representation for module `\_80_ice40_alu'.
Successfully finished Verilog frontend.

5.30.3. Continuing TECHMAP pass.
Using extmapper simplemap for cells of type $mux.
Using extmapper simplemap for cells of type $dff.
Using extmapper simplemap for cells of type $logic_or.
Using extmapper simplemap for cells of type $logic_and.
Using extmapper simplemap for cells of type $eq.
Using extmapper simplemap for cells of type $logic_not.
Using extmapper simplemap for cells of type $and.
Using extmapper simplemap for cells of type $reduce_or.
Using template $paramod\_80_ice40_alu\A_SIGNED=0\B_SIGNED=0\A_WIDTH=5\B_WIDTH=1\Y_WIDTH=5 for cells of type $alu.
Using template $paramod\_80_ice40_alu\A_SIGNED=0\B_SIGNED=0\A_WIDTH=32\B_WIDTH=32\Y_WIDTH=32 for cells of type $alu.
Using template $paramod\_80_ice40_alu\A_SIGNED=0\B_SIGNED=0\A_WIDTH=5\B_WIDTH=3\Y_WIDTH=5 for cells of type $alu.
Using extmapper simplemap for cells of type $reduce_bool.
Using extmapper simplemap for cells of type $reduce_and.
Using extmapper simplemap for cells of type $lut.
Using template $paramod\_80_ice40_alu\A_SIGNED=0\B_SIGNED=0\A_WIDTH=3\B_WIDTH=5\Y_WIDTH=5 for cells of type $alu.
Using extmapper simplemap for cells of type $not.
Using template $paramod\_80_ice40_alu\A_SIGNED=0\B_SIGNED=0\A_WIDTH=1\B_WIDTH=64\Y_WIDTH=64 for cells of type $alu.
Using extmapper simplemap for cells of type $xor.
Using template $paramod\_80_ice40_alu\A_SIGNED=0\B_SIGNED=0\A_WIDTH=3\B_WIDTH=32\Y_WIDTH=32 for cells of type $alu.
Using extmapper simplemap for cells of type $or.
Using template $paramod$constmap:66d421c313e4e958be776b99540ac2de3b59fdbc$paramod$9b74a473ccd678a23e1df4cc12019cbbece20051\_90_shift_ops_shr_shl_sshl_sshr for cells of type $shl.
Using template $paramod\_90_pmux\WIDTH=4\S_WIDTH=2 for cells of type $pmux.
Using template $paramod\_90_pmux\WIDTH=8\S_WIDTH=3 for cells of type $pmux.
Using template $paramod\_90_pmux\WIDTH=32\S_WIDTH=2 for cells of type $pmux.
Using template $paramod\_90_pmux\WIDTH=24\S_WIDTH=2 for cells of type $pmux.
Using template $paramod\_90_pmux\WIDTH=2\S_WIDTH=4 for cells of type $pmux.
Using template $paramod\_90_pmux\WIDTH=32\S_WIDTH=5 for cells of type $pmux.
Using template $paramod\_90_pmux\WIDTH=1\S_WIDTH=2 for cells of type $pmux.
Using template $paramod\_90_pmux\WIDTH=1\S_WIDTH=5 for cells of type $pmux.
Using template $paramod\_90_pmux\WIDTH=32\S_WIDTH=4 for cells of type $pmux.
Using template $paramod\_90_pmux\WIDTH=32\S_WIDTH=3 for cells of type $pmux.
Using template $paramod\_90_pmux\WIDTH=5\S_WIDTH=2 for cells of type $pmux.
Using template $paramod\_90_pmux\WIDTH=1\S_WIDTH=4 for cells of type $pmux.
Using template $paramod\_90_pmux\WIDTH=1\S_WIDTH=3 for cells of type $pmux.
Using template $paramod\_90_pmux\WIDTH=2\S_WIDTH=2 for cells of type $pmux.
Using template $paramod\_90_pmux\WIDTH=2\S_WIDTH=3 for cells of type $pmux.
Using template $paramod\_80_ice40_alu\A_SIGNED=1\B_SIGNED=1\A_WIDTH=32\B_WIDTH=32\Y_WIDTH=32 for cells of type $alu.
Using extmapper simplemap for cells of type $pos.
No more expansions possible.
<suppressed ~1612 debug messages>

5.31. Executing ICE40_OPT pass (performing simple optimizations).

5.31.1. Running ICE40 specific optimizations.

5.31.2. Executing OPT_EXPR pass (perform const folding).
Optimizing module picorv32.
<suppressed ~1199 debug messages>

5.31.3. Executing OPT_MERGE pass (detect identical cells).
Finding identical cells in module `\picorv32'.
<suppressed ~2550 debug messages>
Removed a total of 850 cells.

5.31.4. Executing OPT_RMDFF pass (remove dff with constant values).

5.31.5. Executing OPT_CLEAN pass (remove unused cells and wires).
Finding unused cells or wires in module \picorv32..
Removed 410 unused cells and 1716 unused wires.
<suppressed ~411 debug messages>

5.31.6. Rerunning OPT passes. (Removed registers in this run.)

5.31.7. Running ICE40 specific optimizations.
Optimized away SB_CARRY cell picorv32.$auto$alumacc.cc:474:replace_alu$5206.slice[0].carry: CO=$auto$alumacc.cc:474:replace_alu$5206.BB [0]
Optimized away SB_CARRY cell picorv32.$auto$alumacc.cc:474:replace_alu$5215.slice[0].carry: CO=1'0
Optimized away SB_CARRY cell picorv32.$auto$alumacc.cc:474:replace_alu$5218.slice[0].carry: CO=\count_cycle [0]
Optimized away SB_CARRY cell picorv32.$auto$alumacc.cc:474:replace_alu$5221.slice[0].carry: CO=1'0
Optimized away SB_CARRY cell picorv32.$auto$alumacc.cc:474:replace_alu$5224.slice[0].carry: CO=\count_instr [0]
Optimized away SB_CARRY cell picorv32.$auto$alumacc.cc:474:replace_alu$5253.slice[0].carry: CO=1'1
Optimized away SB_CARRY cell picorv32.$auto$alumacc.cc:474:replace_alu$5256.slice[0].carry: CO=\reg_sh [0]
Mapping SB_LUT4 cell picorv32.$auto$alumacc.cc:474:replace_alu$5215.slice[1].adder back to logic.
Mapping SB_LUT4 cell picorv32.$auto$alumacc.cc:474:replace_alu$5218.slice[1].adder back to logic.
Mapping SB_LUT4 cell picorv32.$auto$alumacc.cc:474:replace_alu$5221.slice[1].adder back to logic.
Mapping SB_LUT4 cell picorv32.$auto$alumacc.cc:474:replace_alu$5224.slice[1].adder back to logic.
Mapping SB_LUT4 cell picorv32.$auto$alumacc.cc:474:replace_alu$5253.slice[1].adder back to logic.
Mapping SB_LUT4 cell picorv32.$auto$alumacc.cc:474:replace_alu$5256.slice[1].adder back to logic.

5.31.8. Executing OPT_EXPR pass (perform const folding).
Optimizing module picorv32.
<suppressed ~78 debug messages>

5.31.9. Executing OPT_MERGE pass (detect identical cells).
Finding identical cells in module `\picorv32'.
<suppressed ~15 debug messages>
Removed a total of 5 cells.

5.31.10. Executing OPT_RMDFF pass (remove dff with constant values).

5.31.11. Executing OPT_CLEAN pass (remove unused cells and wires).
Finding unused cells or wires in module \picorv32..
Removed 2 unused cells and 20 unused wires.
<suppressed ~3 debug messages>

5.31.12. Rerunning OPT passes. (Removed registers in this run.)

5.31.13. Running ICE40 specific optimizations.
Optimized away SB_CARRY cell picorv32.$auto$alumacc.cc:474:replace_alu$5221.slice[1].carry: CO=1'0
Optimized away SB_CARRY cell picorv32.$auto$alumacc.cc:474:replace_alu$5253.slice[1].carry: CO=1'1
Mapping SB_LUT4 cell picorv32.$auto$alumacc.cc:474:replace_alu$5221.slice[2].adder back to logic.
Mapping SB_LUT4 cell picorv32.$auto$alumacc.cc:474:replace_alu$5253.slice[2].adder back to logic.

5.31.14. Executing OPT_EXPR pass (perform const folding).
Optimizing module picorv32.
<suppressed ~27 debug messages>

5.31.15. Executing OPT_MERGE pass (detect identical cells).
Finding identical cells in module `\picorv32'.
<suppressed ~6 debug messages>
Removed a total of 2 cells.

5.31.16. Executing OPT_RMDFF pass (remove dff with constant values).

5.31.17. Executing OPT_CLEAN pass (remove unused cells and wires).
Finding unused cells or wires in module \picorv32..
Removed 0 unused cells and 8 unused wires.
<suppressed ~1 debug messages>

5.31.18. Rerunning OPT passes. (Removed registers in this run.)

5.31.19. Running ICE40 specific optimizations.
Optimized away SB_CARRY cell picorv32.$auto$alumacc.cc:474:replace_alu$5221.slice[2].carry: CO=$3\current_pc[31:0] [2]
Optimized away SB_CARRY cell picorv32.$auto$alumacc.cc:474:replace_alu$5253.slice[2].carry: CO=\reg_sh [2]
Mapping SB_LUT4 cell picorv32.$auto$alumacc.cc:474:replace_alu$5221.slice[3].adder back to logic.
Mapping SB_LUT4 cell picorv32.$auto$alumacc.cc:474:replace_alu$5253.slice[3].adder back to logic.

5.31.20. Executing OPT_EXPR pass (perform const folding).
Optimizing module picorv32.
<suppressed ~25 debug messages>

5.31.21. Executing OPT_MERGE pass (detect identical cells).
Finding identical cells in module `\picorv32'.
<suppressed ~6 debug messages>
Removed a total of 2 cells.

5.31.22. Executing OPT_RMDFF pass (remove dff with constant values).

5.31.23. Executing OPT_CLEAN pass (remove unused cells and wires).
Finding unused cells or wires in module \picorv32..
Removed 0 unused cells and 6 unused wires.
<suppressed ~1 debug messages>

5.31.24. Rerunning OPT passes. (Removed registers in this run.)

5.31.25. Running ICE40 specific optimizations.

5.31.26. Executing OPT_EXPR pass (perform const folding).
Optimizing module picorv32.

5.31.27. Executing OPT_MERGE pass (detect identical cells).
Finding identical cells in module `\picorv32'.
Removed a total of 0 cells.

5.31.28. Executing OPT_RMDFF pass (remove dff with constant values).

5.31.29. Executing OPT_CLEAN pass (remove unused cells and wires).
Finding unused cells or wires in module \picorv32..

5.31.30. Finished OPT passes. (There is nothing left to do.)

5.32. Executing DFFSR2DFF pass (mapping DFFSR cells to simpler FFs).

5.33. Executing DFF2DFFE pass (transform $dff to $dffe where applicable).
Selected cell types for direct conversion:
  $_DFF_PP1_ -> $__DFFE_PP1
  $_DFF_PP0_ -> $__DFFE_PP0
  $_DFF_PN1_ -> $__DFFE_PN1
  $_DFF_PN0_ -> $__DFFE_PN0
  $_DFF_NP1_ -> $__DFFE_NP1
  $_DFF_NP0_ -> $__DFFE_NP0
  $_DFF_NN1_ -> $__DFFE_NN1
  $_DFF_NN0_ -> $__DFFE_NN0
  $_DFF_N_ -> $_DFFE_NP_
  $_DFF_P_ -> $_DFFE_PP_
Transforming FF to FF+Enable cells in module picorv32:
  converting $_DFF_P_ cell $auto$simplemap.cc:420:simplemap_dff$10000 to $_DFFE_PP_ for $0\instr_rdinstr[0:0] -> \instr_rdinstr.
  converting $_DFF_P_ cell $auto$simplemap.cc:420:simplemap_dff$10001 to $_DFFE_PP_ for $0\instr_rdinstrh[0:0] -> \instr_rdinstrh.
  converting $_DFF_P_ cell $auto$simplemap.cc:420:simplemap_dff$10003 to $_DFFE_PP_ for $0\instr_fence[0:0] -> \instr_fence.
  converting $_DFF_P_ cell $auto$simplemap.cc:420:simplemap_dff$10039 to $_DFFE_PP_ for $0\decoded_rd[4:0] [0] -> \decoded_rd [0].
  converting $_DFF_P_ cell $auto$simplemap.cc:420:simplemap_dff$10040 to $_DFFE_PP_ for $0\decoded_rd[4:0] [1] -> \decoded_rd [1].
  converting $_DFF_P_ cell $auto$simplemap.cc:420:simplemap_dff$10041 to $_DFFE_PP_ for $0\decoded_rd[4:0] [2] -> \decoded_rd [2].
  converting $_DFF_P_ cell $auto$simplemap.cc:420:simplemap_dff$10042 to $_DFFE_PP_ for $0\decoded_rd[4:0] [3] -> \decoded_rd [3].
  converting $_DFF_P_ cell $auto$simplemap.cc:420:simplemap_dff$10043 to $_DFFE_PP_ for $0\decoded_rd[4:0] [4] -> \decoded_rd [4].
  converting $_DFF_P_ cell $auto$simplemap.cc:420:simplemap_dff$10054 to $_DFFE_PP_ for $0\decoded_imm[31:0] [0] -> \decoded_imm [0].
  converting $_DFF_P_ cell $auto$simplemap.cc:420:simplemap_dff$10055 to $_DFFE_PP_ for $0\decoded_imm[31:0] [1] -> \decoded_imm [1].
  converting $_DFF_P_ cell $auto$simplemap.cc:420:simplemap_dff$10056 to $_DFFE_PP_ for $0\decoded_imm[31:0] [2] -> \decoded_imm [2].
  converting $_DFF_P_ cell $auto$simplemap.cc:420:simplemap_dff$10057 to $_DFFE_PP_ for $0\decoded_imm[31:0] [3] -> \decoded_imm [3].
  converting $_DFF_P_ cell $auto$simplemap.cc:420:simplemap_dff$10058 to $_DFFE_PP_ for $0\decoded_imm[31:0] [4] -> \decoded_imm [4].
  converting $_DFF_P_ cell $auto$simplemap.cc:420:simplemap_dff$10059 to $_DFFE_PP_ for $0\decoded_imm[31:0] [5] -> \decoded_imm [5].
  converting $_DFF_P_ cell $auto$simplemap.cc:420:simplemap_dff$10060 to $_DFFE_PP_ for $0\decoded_imm[31:0] [6] -> \decoded_imm [6].
  converting $_DFF_P_ cell $auto$simplemap.cc:420:simplemap_dff$10061 to $_DFFE_PP_ for $0\decoded_imm[31:0] [7] -> \decoded_imm [7].
  converting $_DFF_P_ cell $auto$simplemap.cc:420:simplemap_dff$10062 to $_DFFE_PP_ for $0\decoded_imm[31:0] [8] -> \decoded_imm [8].
  converting $_DFF_P_ cell $auto$simplemap.cc:420:simplemap_dff$10063 to $_DFFE_PP_ for $0\decoded_imm[31:0] [9] -> \decoded_imm [9].
  converting $_DFF_P_ cell $auto$simplemap.cc:420:simplemap_dff$10064 to $_DFFE_PP_ for $0\decoded_imm[31:0] [10] -> \decoded_imm [10].
  converting $_DFF_P_ cell $auto$simplemap.cc:420:simplemap_dff$10065 to $_DFFE_PP_ for $0\decoded_imm[31:0] [11] -> \decoded_imm [11].
  converting $_DFF_P_ cell $auto$simplemap.cc:420:simplemap_dff$10066 to $_DFFE_PP_ for $0\decoded_imm[31:0] [12] -> \decoded_imm [12].
  converting $_DFF_P_ cell $auto$simplemap.cc:420:simplemap_dff$10067 to $_DFFE_PP_ for $0\decoded_imm[31:0] [13] -> \decoded_imm [13].
  converting $_DFF_P_ cell $auto$simplemap.cc:420:simplemap_dff$10068 to $_DFFE_PP_ for $0\decoded_imm[31:0] [14] -> \decoded_imm [14].
  converting $_DFF_P_ cell $auto$simplemap.cc:420:simplemap_dff$10069 to $_DFFE_PP_ for $0\decoded_imm[31:0] [15] -> \decoded_imm [15].
  converting $_DFF_P_ cell $auto$simplemap.cc:420:simplemap_dff$10070 to $_DFFE_PP_ for $0\decoded_imm[31:0] [16] -> \decoded_imm [16].
  converting $_DFF_P_ cell $auto$simplemap.cc:420:simplemap_dff$10071 to $_DFFE_PP_ for $0\decoded_imm[31:0] [17] -> \decoded_imm [17].
  converting $_DFF_P_ cell $auto$simplemap.cc:420:simplemap_dff$10072 to $_DFFE_PP_ for $0\decoded_imm[31:0] [18] -> \decoded_imm [18].
  converting $_DFF_P_ cell $auto$simplemap.cc:420:simplemap_dff$10073 to $_DFFE_PP_ for $0\decoded_imm[31:0] [19] -> \decoded_imm [19].
  converting $_DFF_P_ cell $auto$simplemap.cc:420:simplemap_dff$10074 to $_DFFE_PP_ for $0\decoded_imm[31:0] [20] -> \decoded_imm [20].
  converting $_DFF_P_ cell $auto$simplemap.cc:420:simplemap_dff$10075 to $_DFFE_PP_ for $0\decoded_imm[31:0] [21] -> \decoded_imm [21].
  converting $_DFF_P_ cell $auto$simplemap.cc:420:simplemap_dff$10076 to $_DFFE_PP_ for $0\decoded_imm[31:0] [22] -> \decoded_imm [22].
  converting $_DFF_P_ cell $auto$simplemap.cc:420:simplemap_dff$10077 to $_DFFE_PP_ for $0\decoded_imm[31:0] [23] -> \decoded_imm [23].
  converting $_DFF_P_ cell $auto$simplemap.cc:420:simplemap_dff$10078 to $_DFFE_PP_ for $0\decoded_imm[31:0] [24] -> \decoded_imm [24].
  converting $_DFF_P_ cell $auto$simplemap.cc:420:simplemap_dff$10079 to $_DFFE_PP_ for $0\decoded_imm[31:0] [25] -> \decoded_imm [25].
  converting $_DFF_P_ cell $auto$simplemap.cc:420:simplemap_dff$10080 to $_DFFE_PP_ for $0\decoded_imm[31:0] [26] -> \decoded_imm [26].
  converting $_DFF_P_ cell $auto$simplemap.cc:420:simplemap_dff$10081 to $_DFFE_PP_ for $0\decoded_imm[31:0] [27] -> \decoded_imm [27].
  converting $_DFF_P_ cell $auto$simplemap.cc:420:simplemap_dff$10082 to $_DFFE_PP_ for $0\decoded_imm[31:0] [28] -> \decoded_imm [28].
  converting $_DFF_P_ cell $auto$simplemap.cc:420:simplemap_dff$10083 to $_DFFE_PP_ for $0\decoded_imm[31:0] [29] -> \decoded_imm [29].
  converting $_DFF_P_ cell $auto$simplemap.cc:420:simplemap_dff$10084 to $_DFFE_PP_ for $0\decoded_imm[31:0] [30] -> \decoded_imm [30].
  converting $_DFF_P_ cell $auto$simplemap.cc:420:simplemap_dff$10085 to $_DFFE_PP_ for $0\decoded_imm[31:0] [31] -> \decoded_imm [31].
  converting $_DFF_P_ cell $auto$simplemap.cc:420:simplemap_dff$10086 to $_DFFE_PP_ for $0\decoded_imm_j[31:0] [0] -> \decoded_imm_j [0].
  converting $_DFF_P_ cell $auto$simplemap.cc:420:simplemap_dff$10087 to $_DFFE_PP_ for $0\decoded_imm_j[31:0] [1] -> \decoded_imm_j [1].
  converting $_DFF_P_ cell $auto$simplemap.cc:420:simplemap_dff$10088 to $_DFFE_PP_ for $0\decoded_imm_j[31:0] [2] -> \decoded_imm_j [2].
  converting $_DFF_P_ cell $auto$simplemap.cc:420:simplemap_dff$10089 to $_DFFE_PP_ for $0\decoded_imm_j[31:0] [3] -> \decoded_imm_j [3].
  converting $_DFF_P_ cell $auto$simplemap.cc:420:simplemap_dff$10090 to $_DFFE_PP_ for $0\decoded_imm_j[31:0] [4] -> \decoded_imm_j [4].
  converting $_DFF_P_ cell $auto$simplemap.cc:420:simplemap_dff$10091 to $_DFFE_PP_ for $0\decoded_imm_j[31:0] [5] -> \decoded_imm_j [5].
  converting $_DFF_P_ cell $auto$simplemap.cc:420:simplemap_dff$10092 to $_DFFE_PP_ for $0\decoded_imm_j[31:0] [6] -> \decoded_imm_j [6].
  converting $_DFF_P_ cell $auto$simplemap.cc:420:simplemap_dff$10093 to $_DFFE_PP_ for $0\decoded_imm_j[31:0] [7] -> \decoded_imm_j [7].
  converting $_DFF_P_ cell $auto$simplemap.cc:420:simplemap_dff$10094 to $_DFFE_PP_ for $0\decoded_imm_j[31:0] [8] -> \decoded_imm_j [8].
  converting $_DFF_P_ cell $auto$simplemap.cc:420:simplemap_dff$10095 to $_DFFE_PP_ for $0\decoded_imm_j[31:0] [9] -> \decoded_imm_j [9].
  converting $_DFF_P_ cell $auto$simplemap.cc:420:simplemap_dff$10096 to $_DFFE_PP_ for $0\decoded_imm_j[31:0] [10] -> \decoded_imm_j [10].
  converting $_DFF_P_ cell $auto$simplemap.cc:420:simplemap_dff$10097 to $_DFFE_PP_ for $0\decoded_imm_j[31:0] [11] -> \decoded_imm_j [11].
  converting $_DFF_P_ cell $auto$simplemap.cc:420:simplemap_dff$10098 to $_DFFE_PP_ for $0\decoded_imm_j[31:0] [12] -> \decoded_imm_j [12].
  converting $_DFF_P_ cell $auto$simplemap.cc:420:simplemap_dff$10099 to $_DFFE_PP_ for $0\decoded_imm_j[31:0] [13] -> \decoded_imm_j [13].
  converting $_DFF_P_ cell $auto$simplemap.cc:420:simplemap_dff$10100 to $_DFFE_PP_ for $0\decoded_imm_j[31:0] [14] -> \decoded_imm_j [14].
  converting $_DFF_P_ cell $auto$simplemap.cc:420:simplemap_dff$10101 to $_DFFE_PP_ for $0\decoded_imm_j[31:0] [15] -> \decoded_imm_j [15].
  converting $_DFF_P_ cell $auto$simplemap.cc:420:simplemap_dff$10102 to $_DFFE_PP_ for $0\decoded_imm_j[31:0] [16] -> \decoded_imm_j [16].
  converting $_DFF_P_ cell $auto$simplemap.cc:420:simplemap_dff$10103 to $_DFFE_PP_ for $0\decoded_imm_j[31:0] [17] -> \decoded_imm_j [17].
  converting $_DFF_P_ cell $auto$simplemap.cc:420:simplemap_dff$10104 to $_DFFE_PP_ for $0\decoded_imm_j[31:0] [18] -> \decoded_imm_j [18].
  converting $_DFF_P_ cell $auto$simplemap.cc:420:simplemap_dff$10105 to $_DFFE_PP_ for $0\decoded_imm_j[31:0] [19] -> \decoded_imm_j [19].
  converting $_DFF_P_ cell $auto$simplemap.cc:420:simplemap_dff$10106 to $_DFFE_PP_ for $0\decoded_imm_j[31:0] [20] -> \decoded_imm_j [20].
  converting $_DFF_P_ cell $auto$simplemap.cc:420:simplemap_dff$10107 to $_DFFE_PP_ for $0\decoded_imm_j[31:0] [21] -> \decoded_imm_j [21].
  converting $_DFF_P_ cell $auto$simplemap.cc:420:simplemap_dff$10108 to $_DFFE_PP_ for $0\decoded_imm_j[31:0] [22] -> \decoded_imm_j [22].
  converting $_DFF_P_ cell $auto$simplemap.cc:420:simplemap_dff$10109 to $_DFFE_PP_ for $0\decoded_imm_j[31:0] [23] -> \decoded_imm_j [23].
  converting $_DFF_P_ cell $auto$simplemap.cc:420:simplemap_dff$10110 to $_DFFE_PP_ for $0\decoded_imm_j[31:0] [24] -> \decoded_imm_j [24].
  converting $_DFF_P_ cell $auto$simplemap.cc:420:simplemap_dff$10111 to $_DFFE_PP_ for $0\decoded_imm_j[31:0] [25] -> \decoded_imm_j [25].
  converting $_DFF_P_ cell $auto$simplemap.cc:420:simplemap_dff$10112 to $_DFFE_PP_ for $0\decoded_imm_j[31:0] [26] -> \decoded_imm_j [26].
  converting $_DFF_P_ cell $auto$simplemap.cc:420:simplemap_dff$10113 to $_DFFE_PP_ for $0\decoded_imm_j[31:0] [27] -> \decoded_imm_j [27].
  converting $_DFF_P_ cell $auto$simplemap.cc:420:simplemap_dff$10114 to $_DFFE_PP_ for $0\decoded_imm_j[31:0] [28] -> \decoded_imm_j [28].
  converting $_DFF_P_ cell $auto$simplemap.cc:420:simplemap_dff$10115 to $_DFFE_PP_ for $0\decoded_imm_j[31:0] [29] -> \decoded_imm_j [29].
  converting $_DFF_P_ cell $auto$simplemap.cc:420:simplemap_dff$10116 to $_DFFE_PP_ for $0\decoded_imm_j[31:0] [30] -> \decoded_imm_j [30].
  converting $_DFF_P_ cell $auto$simplemap.cc:420:simplemap_dff$10117 to $_DFFE_PP_ for $0\decoded_imm_j[31:0] [31] -> \decoded_imm_j [31].
  converting $_DFF_P_ cell $auto$simplemap.cc:420:simplemap_dff$10119 to $_DFFE_PP_ for $0\is_lb_lh_lw_lbu_lhu[0:0] -> \is_lb_lh_lw_lbu_lhu.
  converting $_DFF_P_ cell $auto$simplemap.cc:420:simplemap_dff$10120 to $_DFFE_PP_ for $0\is_slli_srli_srai[0:0] -> \is_slli_srli_srai.
  converting $_DFF_P_ cell $auto$simplemap.cc:420:simplemap_dff$10121 to $_DFFE_PP_ for $0\is_jalr_addi_slti_sltiu_xori_ori_andi[0:0] -> \is_jalr_addi_slti_sltiu_xori_ori_andi.
  converting $_DFF_P_ cell $auto$simplemap.cc:420:simplemap_dff$10122 to $_DFFE_PP_ for $0\is_sb_sh_sw[0:0] -> \is_sb_sh_sw.
  converting $_DFF_P_ cell $auto$simplemap.cc:420:simplemap_dff$10123 to $_DFFE_PP_ for $0\is_sll_srl_sra[0:0] -> \is_sll_srl_sra.
  converting $_DFF_P_ cell $auto$simplemap.cc:420:simplemap_dff$10126 to $_DFFE_PP_ for $0\is_beq_bne_blt_bge_bltu_bgeu[0:0] -> \is_beq_bne_blt_bge_bltu_bgeu.
  converting $_DFF_P_ cell $auto$simplemap.cc:420:simplemap_dff$10127 to $_DFFE_PP_ for $0\is_alu_reg_imm[0:0] -> \is_alu_reg_imm.
  converting $_DFF_P_ cell $auto$simplemap.cc:420:simplemap_dff$10128 to $_DFFE_PP_ for $0\is_alu_reg_reg[0:0] -> \is_alu_reg_reg.
  converting $_DFF_P_ cell $auto$simplemap.cc:420:simplemap_dff$10145 to $_DFFE_PP_ for $0\count_cycle[63:0] [1] -> \count_cycle [1].
  converting $_DFF_P_ cell $auto$simplemap.cc:420:simplemap_dff$10208 to $_DFFE_PP_ for $0\count_instr[63:0] [0] -> \count_instr [0].
  converting $_DFF_P_ cell $auto$simplemap.cc:420:simplemap_dff$10209 to $_DFFE_PP_ for $0\count_instr[63:0] [1] -> \count_instr [1].
  converting $_DFF_P_ cell $auto$simplemap.cc:420:simplemap_dff$10210 to $_DFFE_PP_ for $0\count_instr[63:0] [2] -> \count_instr [2].
  converting $_DFF_P_ cell $auto$simplemap.cc:420:simplemap_dff$10211 to $_DFFE_PP_ for $0\count_instr[63:0] [3] -> \count_instr [3].
  converting $_DFF_P_ cell $auto$simplemap.cc:420:simplemap_dff$10212 to $_DFFE_PP_ for $0\count_instr[63:0] [4] -> \count_instr [4].
  converting $_DFF_P_ cell $auto$simplemap.cc:420:simplemap_dff$10213 to $_DFFE_PP_ for $0\count_instr[63:0] [5] -> \count_instr [5].
  converting $_DFF_P_ cell $auto$simplemap.cc:420:simplemap_dff$10214 to $_DFFE_PP_ for $0\count_instr[63:0] [6] -> \count_instr [6].
  converting $_DFF_P_ cell $auto$simplemap.cc:420:simplemap_dff$10215 to $_DFFE_PP_ for $0\count_instr[63:0] [7] -> \count_instr [7].
  converting $_DFF_P_ cell $auto$simplemap.cc:420:simplemap_dff$10216 to $_DFFE_PP_ for $0\count_instr[63:0] [8] -> \count_instr [8].
  converting $_DFF_P_ cell $auto$simplemap.cc:420:simplemap_dff$10217 to $_DFFE_PP_ for $0\count_instr[63:0] [9] -> \count_instr [9].
  converting $_DFF_P_ cell $auto$simplemap.cc:420:simplemap_dff$10218 to $_DFFE_PP_ for $0\count_instr[63:0] [10] -> \count_instr [10].
  converting $_DFF_P_ cell $auto$simplemap.cc:420:simplemap_dff$10219 to $_DFFE_PP_ for $0\count_instr[63:0] [11] -> \count_instr [11].
  converting $_DFF_P_ cell $auto$simplemap.cc:420:simplemap_dff$10220 to $_DFFE_PP_ for $0\count_instr[63:0] [12] -> \count_instr [12].
  converting $_DFF_P_ cell $auto$simplemap.cc:420:simplemap_dff$10221 to $_DFFE_PP_ for $0\count_instr[63:0] [13] -> \count_instr [13].
  converting $_DFF_P_ cell $auto$simplemap.cc:420:simplemap_dff$10222 to $_DFFE_PP_ for $0\count_instr[63:0] [14] -> \count_instr [14].
  converting $_DFF_P_ cell $auto$simplemap.cc:420:simplemap_dff$10223 to $_DFFE_PP_ for $0\count_instr[63:0] [15] -> \count_instr [15].
  converting $_DFF_P_ cell $auto$simplemap.cc:420:simplemap_dff$10224 to $_DFFE_PP_ for $0\count_instr[63:0] [16] -> \count_instr [16].
  converting $_DFF_P_ cell $auto$simplemap.cc:420:simplemap_dff$10225 to $_DFFE_PP_ for $0\count_instr[63:0] [17] -> \count_instr [17].
  converting $_DFF_P_ cell $auto$simplemap.cc:420:simplemap_dff$10226 to $_DFFE_PP_ for $0\count_instr[63:0] [18] -> \count_instr [18].
  converting $_DFF_P_ cell $auto$simplemap.cc:420:simplemap_dff$10227 to $_DFFE_PP_ for $0\count_instr[63:0] [19] -> \count_instr [19].
  converting $_DFF_P_ cell $auto$simplemap.cc:420:simplemap_dff$10228 to $_DFFE_PP_ for $0\count_instr[63:0] [20] -> \count_instr [20].
  converting $_DFF_P_ cell $auto$simplemap.cc:420:simplemap_dff$10229 to $_DFFE_PP_ for $0\count_instr[63:0] [21] -> \count_instr [21].
  converting $_DFF_P_ cell $auto$simplemap.cc:420:simplemap_dff$10230 to $_DFFE_PP_ for $0\count_instr[63:0] [22] -> \count_instr [22].
  converting $_DFF_P_ cell $auto$simplemap.cc:420:simplemap_dff$10231 to $_DFFE_PP_ for $0\count_instr[63:0] [23] -> \count_instr [23].
  converting $_DFF_P_ cell $auto$simplemap.cc:420:simplemap_dff$10232 to $_DFFE_PP_ for $0\count_instr[63:0] [24] -> \count_instr [24].
  converting $_DFF_P_ cell $auto$simplemap.cc:420:simplemap_dff$10233 to $_DFFE_PP_ for $0\count_instr[63:0] [25] -> \count_instr [25].
  converting $_DFF_P_ cell $auto$simplemap.cc:420:simplemap_dff$10234 to $_DFFE_PP_ for $0\count_instr[63:0] [26] -> \count_instr [26].
  converting $_DFF_P_ cell $auto$simplemap.cc:420:simplemap_dff$10235 to $_DFFE_PP_ for $0\count_instr[63:0] [27] -> \count_instr [27].
  converting $_DFF_P_ cell $auto$simplemap.cc:420:simplemap_dff$10236 to $_DFFE_PP_ for $0\count_instr[63:0] [28] -> \count_instr [28].
  converting $_DFF_P_ cell $auto$simplemap.cc:420:simplemap_dff$10237 to $_DFFE_PP_ for $0\count_instr[63:0] [29] -> \count_instr [29].
  converting $_DFF_P_ cell $auto$simplemap.cc:420:simplemap_dff$10238 to $_DFFE_PP_ for $0\count_instr[63:0] [30] -> \count_instr [30].
  converting $_DFF_P_ cell $auto$simplemap.cc:420:simplemap_dff$10239 to $_DFFE_PP_ for $0\count_instr[63:0] [31] -> \count_instr [31].
  converting $_DFF_P_ cell $auto$simplemap.cc:420:simplemap_dff$10240 to $_DFFE_PP_ for $0\count_instr[63:0] [32] -> \count_instr [32].
  converting $_DFF_P_ cell $auto$simplemap.cc:420:simplemap_dff$10241 to $_DFFE_PP_ for $0\count_instr[63:0] [33] -> \count_instr [33].
  converting $_DFF_P_ cell $auto$simplemap.cc:420:simplemap_dff$10242 to $_DFFE_PP_ for $0\count_instr[63:0] [34] -> \count_instr [34].
  converting $_DFF_P_ cell $auto$simplemap.cc:420:simplemap_dff$10243 to $_DFFE_PP_ for $0\count_instr[63:0] [35] -> \count_instr [35].
  converting $_DFF_P_ cell $auto$simplemap.cc:420:simplemap_dff$10244 to $_DFFE_PP_ for $0\count_instr[63:0] [36] -> \count_instr [36].
  converting $_DFF_P_ cell $auto$simplemap.cc:420:simplemap_dff$10245 to $_DFFE_PP_ for $0\count_instr[63:0] [37] -> \count_instr [37].
  converting $_DFF_P_ cell $auto$simplemap.cc:420:simplemap_dff$10246 to $_DFFE_PP_ for $0\count_instr[63:0] [38] -> \count_instr [38].
  converting $_DFF_P_ cell $auto$simplemap.cc:420:simplemap_dff$10247 to $_DFFE_PP_ for $0\count_instr[63:0] [39] -> \count_instr [39].
  converting $_DFF_P_ cell $auto$simplemap.cc:420:simplemap_dff$10248 to $_DFFE_PP_ for $0\count_instr[63:0] [40] -> \count_instr [40].
  converting $_DFF_P_ cell $auto$simplemap.cc:420:simplemap_dff$10249 to $_DFFE_PP_ for $0\count_instr[63:0] [41] -> \count_instr [41].
  converting $_DFF_P_ cell $auto$simplemap.cc:420:simplemap_dff$10250 to $_DFFE_PP_ for $0\count_instr[63:0] [42] -> \count_instr [42].
  converting $_DFF_P_ cell $auto$simplemap.cc:420:simplemap_dff$10251 to $_DFFE_PP_ for $0\count_instr[63:0] [43] -> \count_instr [43].
  converting $_DFF_P_ cell $auto$simplemap.cc:420:simplemap_dff$10252 to $_DFFE_PP_ for $0\count_instr[63:0] [44] -> \count_instr [44].
  converting $_DFF_P_ cell $auto$simplemap.cc:420:simplemap_dff$10253 to $_DFFE_PP_ for $0\count_instr[63:0] [45] -> \count_instr [45].
  converting $_DFF_P_ cell $auto$simplemap.cc:420:simplemap_dff$10254 to $_DFFE_PP_ for $0\count_instr[63:0] [46] -> \count_instr [46].
  converting $_DFF_P_ cell $auto$simplemap.cc:420:simplemap_dff$10255 to $_DFFE_PP_ for $0\count_instr[63:0] [47] -> \count_instr [47].
  converting $_DFF_P_ cell $auto$simplemap.cc:420:simplemap_dff$10256 to $_DFFE_PP_ for $0\count_instr[63:0] [48] -> \count_instr [48].
  converting $_DFF_P_ cell $auto$simplemap.cc:420:simplemap_dff$10257 to $_DFFE_PP_ for $0\count_instr[63:0] [49] -> \count_instr [49].
  converting $_DFF_P_ cell $auto$simplemap.cc:420:simplemap_dff$10258 to $_DFFE_PP_ for $0\count_instr[63:0] [50] -> \count_instr [50].
  converting $_DFF_P_ cell $auto$simplemap.cc:420:simplemap_dff$10259 to $_DFFE_PP_ for $0\count_instr[63:0] [51] -> \count_instr [51].
  converting $_DFF_P_ cell $auto$simplemap.cc:420:simplemap_dff$10260 to $_DFFE_PP_ for $0\count_instr[63:0] [52] -> \count_instr [52].
  converting $_DFF_P_ cell $auto$simplemap.cc:420:simplemap_dff$10261 to $_DFFE_PP_ for $0\count_instr[63:0] [53] -> \count_instr [53].
  converting $_DFF_P_ cell $auto$simplemap.cc:420:simplemap_dff$10262 to $_DFFE_PP_ for $0\count_instr[63:0] [54] -> \count_instr [54].
  converting $_DFF_P_ cell $auto$simplemap.cc:420:simplemap_dff$10263 to $_DFFE_PP_ for $0\count_instr[63:0] [55] -> \count_instr [55].
  converting $_DFF_P_ cell $auto$simplemap.cc:420:simplemap_dff$10264 to $_DFFE_PP_ for $0\count_instr[63:0] [56] -> \count_instr [56].
  converting $_DFF_P_ cell $auto$simplemap.cc:420:simplemap_dff$10265 to $_DFFE_PP_ for $0\count_instr[63:0] [57] -> \count_instr [57].
  converting $_DFF_P_ cell $auto$simplemap.cc:420:simplemap_dff$10266 to $_DFFE_PP_ for $0\count_instr[63:0] [58] -> \count_instr [58].
  converting $_DFF_P_ cell $auto$simplemap.cc:420:simplemap_dff$10267 to $_DFFE_PP_ for $0\count_instr[63:0] [59] -> \count_instr [59].
  converting $_DFF_P_ cell $auto$simplemap.cc:420:simplemap_dff$10268 to $_DFFE_PP_ for $0\count_instr[63:0] [60] -> \count_instr [60].
  converting $_DFF_P_ cell $auto$simplemap.cc:420:simplemap_dff$10269 to $_DFFE_PP_ for $0\count_instr[63:0] [61] -> \count_instr [61].
  converting $_DFF_P_ cell $auto$simplemap.cc:420:simplemap_dff$10270 to $_DFFE_PP_ for $0\count_instr[63:0] [62] -> \count_instr [62].
  converting $_DFF_P_ cell $auto$simplemap.cc:420:simplemap_dff$10271 to $_DFFE_PP_ for $0\count_instr[63:0] [63] -> \count_instr [63].
  converting $_DFF_P_ cell $auto$simplemap.cc:420:simplemap_dff$10272 to $_DFFE_PP_ for $0\reg_pc[31:0] [0] -> \reg_pc [0].
  converting $_DFF_P_ cell $auto$simplemap.cc:420:simplemap_dff$10273 to $_DFFE_PP_ for $0\reg_pc[31:0] [1] -> \reg_pc [1].
  converting $_DFF_P_ cell $auto$simplemap.cc:420:simplemap_dff$10274 to $_DFFE_PP_ for $0\reg_pc[31:0] [2] -> \reg_pc [2].
  converting $_DFF_P_ cell $auto$simplemap.cc:420:simplemap_dff$10275 to $_DFFE_PP_ for $0\reg_pc[31:0] [3] -> \reg_pc [3].
  converting $_DFF_P_ cell $auto$simplemap.cc:420:simplemap_dff$10276 to $_DFFE_PP_ for $0\reg_pc[31:0] [4] -> \reg_pc [4].
  converting $_DFF_P_ cell $auto$simplemap.cc:420:simplemap_dff$10277 to $_DFFE_PP_ for $0\reg_pc[31:0] [5] -> \reg_pc [5].
  converting $_DFF_P_ cell $auto$simplemap.cc:420:simplemap_dff$10278 to $_DFFE_PP_ for $0\reg_pc[31:0] [6] -> \reg_pc [6].
  converting $_DFF_P_ cell $auto$simplemap.cc:420:simplemap_dff$10279 to $_DFFE_PP_ for $0\reg_pc[31:0] [7] -> \reg_pc [7].
  converting $_DFF_P_ cell $auto$simplemap.cc:420:simplemap_dff$10280 to $_DFFE_PP_ for $0\reg_pc[31:0] [8] -> \reg_pc [8].
  converting $_DFF_P_ cell $auto$simplemap.cc:420:simplemap_dff$10281 to $_DFFE_PP_ for $0\reg_pc[31:0] [9] -> \reg_pc [9].
  converting $_DFF_P_ cell $auto$simplemap.cc:420:simplemap_dff$10282 to $_DFFE_PP_ for $0\reg_pc[31:0] [10] -> \reg_pc [10].
  converting $_DFF_P_ cell $auto$simplemap.cc:420:simplemap_dff$10283 to $_DFFE_PP_ for $0\reg_pc[31:0] [11] -> \reg_pc [11].
  converting $_DFF_P_ cell $auto$simplemap.cc:420:simplemap_dff$10284 to $_DFFE_PP_ for $0\reg_pc[31:0] [12] -> \reg_pc [12].
  converting $_DFF_P_ cell $auto$simplemap.cc:420:simplemap_dff$10285 to $_DFFE_PP_ for $0\reg_pc[31:0] [13] -> \reg_pc [13].
  converting $_DFF_P_ cell $auto$simplemap.cc:420:simplemap_dff$10286 to $_DFFE_PP_ for $0\reg_pc[31:0] [14] -> \reg_pc [14].
  converting $_DFF_P_ cell $auto$simplemap.cc:420:simplemap_dff$10287 to $_DFFE_PP_ for $0\reg_pc[31:0] [15] -> \reg_pc [15].
  converting $_DFF_P_ cell $auto$simplemap.cc:420:simplemap_dff$10288 to $_DFFE_PP_ for $0\reg_pc[31:0] [16] -> \reg_pc [16].
  converting $_DFF_P_ cell $auto$simplemap.cc:420:simplemap_dff$10289 to $_DFFE_PP_ for $0\reg_pc[31:0] [17] -> \reg_pc [17].
  converting $_DFF_P_ cell $auto$simplemap.cc:420:simplemap_dff$10290 to $_DFFE_PP_ for $0\reg_pc[31:0] [18] -> \reg_pc [18].
  converting $_DFF_P_ cell $auto$simplemap.cc:420:simplemap_dff$10291 to $_DFFE_PP_ for $0\reg_pc[31:0] [19] -> \reg_pc [19].
  converting $_DFF_P_ cell $auto$simplemap.cc:420:simplemap_dff$10292 to $_DFFE_PP_ for $0\reg_pc[31:0] [20] -> \reg_pc [20].
  converting $_DFF_P_ cell $auto$simplemap.cc:420:simplemap_dff$10293 to $_DFFE_PP_ for $0\reg_pc[31:0] [21] -> \reg_pc [21].
  converting $_DFF_P_ cell $auto$simplemap.cc:420:simplemap_dff$10294 to $_DFFE_PP_ for $0\reg_pc[31:0] [22] -> \reg_pc [22].
  converting $_DFF_P_ cell $auto$simplemap.cc:420:simplemap_dff$10295 to $_DFFE_PP_ for $0\reg_pc[31:0] [23] -> \reg_pc [23].
  converting $_DFF_P_ cell $auto$simplemap.cc:420:simplemap_dff$10296 to $_DFFE_PP_ for $0\reg_pc[31:0] [24] -> \reg_pc [24].
  converting $_DFF_P_ cell $auto$simplemap.cc:420:simplemap_dff$10297 to $_DFFE_PP_ for $0\reg_pc[31:0] [25] -> \reg_pc [25].
  converting $_DFF_P_ cell $auto$simplemap.cc:420:simplemap_dff$10298 to $_DFFE_PP_ for $0\reg_pc[31:0] [26] -> \reg_pc [26].
  converting $_DFF_P_ cell $auto$simplemap.cc:420:simplemap_dff$10299 to $_DFFE_PP_ for $0\reg_pc[31:0] [27] -> \reg_pc [27].
  converting $_DFF_P_ cell $auto$simplemap.cc:420:simplemap_dff$10300 to $_DFFE_PP_ for $0\reg_pc[31:0] [28] -> \reg_pc [28].
  converting $_DFF_P_ cell $auto$simplemap.cc:420:simplemap_dff$10301 to $_DFFE_PP_ for $0\reg_pc[31:0] [29] -> \reg_pc [29].
  converting $_DFF_P_ cell $auto$simplemap.cc:420:simplemap_dff$10302 to $_DFFE_PP_ for $0\reg_pc[31:0] [30] -> \reg_pc [30].
  converting $_DFF_P_ cell $auto$simplemap.cc:420:simplemap_dff$10303 to $_DFFE_PP_ for $0\reg_pc[31:0] [31] -> \reg_pc [31].
  converting $_DFF_P_ cell $auto$simplemap.cc:420:simplemap_dff$10304 to $_DFFE_PP_ for $0\reg_next_pc[31:0] [0] -> \reg_next_pc [0].
  converting $_DFF_P_ cell $auto$simplemap.cc:420:simplemap_dff$10305 to $_DFFE_PP_ for $0\reg_next_pc[31:0] [1] -> \reg_next_pc [1].
  converting $_DFF_P_ cell $auto$simplemap.cc:420:simplemap_dff$10306 to $_DFFE_PP_ for $0\reg_next_pc[31:0] [2] -> \reg_next_pc [2].
  converting $_DFF_P_ cell $auto$simplemap.cc:420:simplemap_dff$10307 to $_DFFE_PP_ for $0\reg_next_pc[31:0] [3] -> \reg_next_pc [3].
  converting $_DFF_P_ cell $auto$simplemap.cc:420:simplemap_dff$10308 to $_DFFE_PP_ for $0\reg_next_pc[31:0] [4] -> \reg_next_pc [4].
  converting $_DFF_P_ cell $auto$simplemap.cc:420:simplemap_dff$10309 to $_DFFE_PP_ for $0\reg_next_pc[31:0] [5] -> \reg_next_pc [5].
  converting $_DFF_P_ cell $auto$simplemap.cc:420:simplemap_dff$10310 to $_DFFE_PP_ for $0\reg_next_pc[31:0] [6] -> \reg_next_pc [6].
  converting $_DFF_P_ cell $auto$simplemap.cc:420:simplemap_dff$10311 to $_DFFE_PP_ for $0\reg_next_pc[31:0] [7] -> \reg_next_pc [7].
  converting $_DFF_P_ cell $auto$simplemap.cc:420:simplemap_dff$10312 to $_DFFE_PP_ for $0\reg_next_pc[31:0] [8] -> \reg_next_pc [8].
  converting $_DFF_P_ cell $auto$simplemap.cc:420:simplemap_dff$10313 to $_DFFE_PP_ for $0\reg_next_pc[31:0] [9] -> \reg_next_pc [9].
  converting $_DFF_P_ cell $auto$simplemap.cc:420:simplemap_dff$10314 to $_DFFE_PP_ for $0\reg_next_pc[31:0] [10] -> \reg_next_pc [10].
  converting $_DFF_P_ cell $auto$simplemap.cc:420:simplemap_dff$10315 to $_DFFE_PP_ for $0\reg_next_pc[31:0] [11] -> \reg_next_pc [11].
  converting $_DFF_P_ cell $auto$simplemap.cc:420:simplemap_dff$10316 to $_DFFE_PP_ for $0\reg_next_pc[31:0] [12] -> \reg_next_pc [12].
  converting $_DFF_P_ cell $auto$simplemap.cc:420:simplemap_dff$10317 to $_DFFE_PP_ for $0\reg_next_pc[31:0] [13] -> \reg_next_pc [13].
  converting $_DFF_P_ cell $auto$simplemap.cc:420:simplemap_dff$10318 to $_DFFE_PP_ for $0\reg_next_pc[31:0] [14] -> \reg_next_pc [14].
  converting $_DFF_P_ cell $auto$simplemap.cc:420:simplemap_dff$10319 to $_DFFE_PP_ for $0\reg_next_pc[31:0] [15] -> \reg_next_pc [15].
  converting $_DFF_P_ cell $auto$simplemap.cc:420:simplemap_dff$10320 to $_DFFE_PP_ for $0\reg_next_pc[31:0] [16] -> \reg_next_pc [16].
  converting $_DFF_P_ cell $auto$simplemap.cc:420:simplemap_dff$10321 to $_DFFE_PP_ for $0\reg_next_pc[31:0] [17] -> \reg_next_pc [17].
  converting $_DFF_P_ cell $auto$simplemap.cc:420:simplemap_dff$10322 to $_DFFE_PP_ for $0\reg_next_pc[31:0] [18] -> \reg_next_pc [18].
  converting $_DFF_P_ cell $auto$simplemap.cc:420:simplemap_dff$10323 to $_DFFE_PP_ for $0\reg_next_pc[31:0] [19] -> \reg_next_pc [19].
  converting $_DFF_P_ cell $auto$simplemap.cc:420:simplemap_dff$10324 to $_DFFE_PP_ for $0\reg_next_pc[31:0] [20] -> \reg_next_pc [20].
  converting $_DFF_P_ cell $auto$simplemap.cc:420:simplemap_dff$10325 to $_DFFE_PP_ for $0\reg_next_pc[31:0] [21] -> \reg_next_pc [21].
  converting $_DFF_P_ cell $auto$simplemap.cc:420:simplemap_dff$10326 to $_DFFE_PP_ for $0\reg_next_pc[31:0] [22] -> \reg_next_pc [22].
  converting $_DFF_P_ cell $auto$simplemap.cc:420:simplemap_dff$10327 to $_DFFE_PP_ for $0\reg_next_pc[31:0] [23] -> \reg_next_pc [23].
  converting $_DFF_P_ cell $auto$simplemap.cc:420:simplemap_dff$10328 to $_DFFE_PP_ for $0\reg_next_pc[31:0] [24] -> \reg_next_pc [24].
  converting $_DFF_P_ cell $auto$simplemap.cc:420:simplemap_dff$10329 to $_DFFE_PP_ for $0\reg_next_pc[31:0] [25] -> \reg_next_pc [25].
  converting $_DFF_P_ cell $auto$simplemap.cc:420:simplemap_dff$10330 to $_DFFE_PP_ for $0\reg_next_pc[31:0] [26] -> \reg_next_pc [26].
  converting $_DFF_P_ cell $auto$simplemap.cc:420:simplemap_dff$10331 to $_DFFE_PP_ for $0\reg_next_pc[31:0] [27] -> \reg_next_pc [27].
  converting $_DFF_P_ cell $auto$simplemap.cc:420:simplemap_dff$10332 to $_DFFE_PP_ for $0\reg_next_pc[31:0] [28] -> \reg_next_pc [28].
  converting $_DFF_P_ cell $auto$simplemap.cc:420:simplemap_dff$10333 to $_DFFE_PP_ for $0\reg_next_pc[31:0] [29] -> \reg_next_pc [29].
  converting $_DFF_P_ cell $auto$simplemap.cc:420:simplemap_dff$10334 to $_DFFE_PP_ for $0\reg_next_pc[31:0] [30] -> \reg_next_pc [30].
  converting $_DFF_P_ cell $auto$simplemap.cc:420:simplemap_dff$10335 to $_DFFE_PP_ for $0\reg_next_pc[31:0] [31] -> \reg_next_pc [31].
  converting $_DFF_P_ cell $auto$simplemap.cc:420:simplemap_dff$10336 to $_DFFE_PP_ for $0\reg_op1[31:0] [0] -> \reg_op1 [0].
  converting $_DFF_P_ cell $auto$simplemap.cc:420:simplemap_dff$10337 to $_DFFE_PP_ for $0\reg_op1[31:0] [1] -> \reg_op1 [1].
  converting $_DFF_P_ cell $auto$simplemap.cc:420:simplemap_dff$10338 to $_DFFE_PP_ for $0\reg_op1[31:0] [2] -> \reg_op1 [2].
  converting $_DFF_P_ cell $auto$simplemap.cc:420:simplemap_dff$10339 to $_DFFE_PP_ for $0\reg_op1[31:0] [3] -> \reg_op1 [3].
  converting $_DFF_P_ cell $auto$simplemap.cc:420:simplemap_dff$10340 to $_DFFE_PP_ for $0\reg_op1[31:0] [4] -> \reg_op1 [4].
  converting $_DFF_P_ cell $auto$simplemap.cc:420:simplemap_dff$10341 to $_DFFE_PP_ for $0\reg_op1[31:0] [5] -> \reg_op1 [5].
  converting $_DFF_P_ cell $auto$simplemap.cc:420:simplemap_dff$10342 to $_DFFE_PP_ for $0\reg_op1[31:0] [6] -> \reg_op1 [6].
  converting $_DFF_P_ cell $auto$simplemap.cc:420:simplemap_dff$10343 to $_DFFE_PP_ for $0\reg_op1[31:0] [7] -> \reg_op1 [7].
  converting $_DFF_P_ cell $auto$simplemap.cc:420:simplemap_dff$10344 to $_DFFE_PP_ for $0\reg_op1[31:0] [8] -> \reg_op1 [8].
  converting $_DFF_P_ cell $auto$simplemap.cc:420:simplemap_dff$10345 to $_DFFE_PP_ for $0\reg_op1[31:0] [9] -> \reg_op1 [9].
  converting $_DFF_P_ cell $auto$simplemap.cc:420:simplemap_dff$10346 to $_DFFE_PP_ for $0\reg_op1[31:0] [10] -> \reg_op1 [10].
  converting $_DFF_P_ cell $auto$simplemap.cc:420:simplemap_dff$10347 to $_DFFE_PP_ for $0\reg_op1[31:0] [11] -> \reg_op1 [11].
  converting $_DFF_P_ cell $auto$simplemap.cc:420:simplemap_dff$10348 to $_DFFE_PP_ for $0\reg_op1[31:0] [12] -> \reg_op1 [12].
  converting $_DFF_P_ cell $auto$simplemap.cc:420:simplemap_dff$10349 to $_DFFE_PP_ for $0\reg_op1[31:0] [13] -> \reg_op1 [13].
  converting $_DFF_P_ cell $auto$simplemap.cc:420:simplemap_dff$10350 to $_DFFE_PP_ for $0\reg_op1[31:0] [14] -> \reg_op1 [14].
  converting $_DFF_P_ cell $auto$simplemap.cc:420:simplemap_dff$10351 to $_DFFE_PP_ for $0\reg_op1[31:0] [15] -> \reg_op1 [15].
  converting $_DFF_P_ cell $auto$simplemap.cc:420:simplemap_dff$10352 to $_DFFE_PP_ for $0\reg_op1[31:0] [16] -> \reg_op1 [16].
  converting $_DFF_P_ cell $auto$simplemap.cc:420:simplemap_dff$10353 to $_DFFE_PP_ for $0\reg_op1[31:0] [17] -> \reg_op1 [17].
  converting $_DFF_P_ cell $auto$simplemap.cc:420:simplemap_dff$10354 to $_DFFE_PP_ for $0\reg_op1[31:0] [18] -> \reg_op1 [18].
  converting $_DFF_P_ cell $auto$simplemap.cc:420:simplemap_dff$10355 to $_DFFE_PP_ for $0\reg_op1[31:0] [19] -> \reg_op1 [19].
  converting $_DFF_P_ cell $auto$simplemap.cc:420:simplemap_dff$10356 to $_DFFE_PP_ for $0\reg_op1[31:0] [20] -> \reg_op1 [20].
  converting $_DFF_P_ cell $auto$simplemap.cc:420:simplemap_dff$10357 to $_DFFE_PP_ for $0\reg_op1[31:0] [21] -> \reg_op1 [21].
  converting $_DFF_P_ cell $auto$simplemap.cc:420:simplemap_dff$10358 to $_DFFE_PP_ for $0\reg_op1[31:0] [22] -> \reg_op1 [22].
  converting $_DFF_P_ cell $auto$simplemap.cc:420:simplemap_dff$10359 to $_DFFE_PP_ for $0\reg_op1[31:0] [23] -> \reg_op1 [23].
  converting $_DFF_P_ cell $auto$simplemap.cc:420:simplemap_dff$10360 to $_DFFE_PP_ for $0\reg_op1[31:0] [24] -> \reg_op1 [24].
  converting $_DFF_P_ cell $auto$simplemap.cc:420:simplemap_dff$10361 to $_DFFE_PP_ for $0\reg_op1[31:0] [25] -> \reg_op1 [25].
  converting $_DFF_P_ cell $auto$simplemap.cc:420:simplemap_dff$10362 to $_DFFE_PP_ for $0\reg_op1[31:0] [26] -> \reg_op1 [26].
  converting $_DFF_P_ cell $auto$simplemap.cc:420:simplemap_dff$10363 to $_DFFE_PP_ for $0\reg_op1[31:0] [27] -> \reg_op1 [27].
  converting $_DFF_P_ cell $auto$simplemap.cc:420:simplemap_dff$10364 to $_DFFE_PP_ for $0\reg_op1[31:0] [28] -> \reg_op1 [28].
  converting $_DFF_P_ cell $auto$simplemap.cc:420:simplemap_dff$10365 to $_DFFE_PP_ for $0\reg_op1[31:0] [29] -> \reg_op1 [29].
  converting $_DFF_P_ cell $auto$simplemap.cc:420:simplemap_dff$10366 to $_DFFE_PP_ for $0\reg_op1[31:0] [30] -> \reg_op1 [30].
  converting $_DFF_P_ cell $auto$simplemap.cc:420:simplemap_dff$10367 to $_DFFE_PP_ for $0\reg_op1[31:0] [31] -> \reg_op1 [31].
  converting $_DFF_P_ cell $auto$simplemap.cc:420:simplemap_dff$10368 to $_DFFE_PP_ for $0\reg_op2[31:0] [0] -> \reg_op2 [0].
  converting $_DFF_P_ cell $auto$simplemap.cc:420:simplemap_dff$10369 to $_DFFE_PP_ for $0\reg_op2[31:0] [1] -> \reg_op2 [1].
  converting $_DFF_P_ cell $auto$simplemap.cc:420:simplemap_dff$10370 to $_DFFE_PP_ for $0\reg_op2[31:0] [2] -> \reg_op2 [2].
  converting $_DFF_P_ cell $auto$simplemap.cc:420:simplemap_dff$10371 to $_DFFE_PP_ for $0\reg_op2[31:0] [3] -> \reg_op2 [3].
  converting $_DFF_P_ cell $auto$simplemap.cc:420:simplemap_dff$10372 to $_DFFE_PP_ for $0\reg_op2[31:0] [4] -> \reg_op2 [4].
  converting $_DFF_P_ cell $auto$simplemap.cc:420:simplemap_dff$10373 to $_DFFE_PP_ for $0\reg_op2[31:0] [5] -> \reg_op2 [5].
  converting $_DFF_P_ cell $auto$simplemap.cc:420:simplemap_dff$10374 to $_DFFE_PP_ for $0\reg_op2[31:0] [6] -> \reg_op2 [6].
  converting $_DFF_P_ cell $auto$simplemap.cc:420:simplemap_dff$10375 to $_DFFE_PP_ for $0\reg_op2[31:0] [7] -> \reg_op2 [7].
  converting $_DFF_P_ cell $auto$simplemap.cc:420:simplemap_dff$10376 to $_DFFE_PP_ for $0\reg_op2[31:0] [8] -> \reg_op2 [8].
  converting $_DFF_P_ cell $auto$simplemap.cc:420:simplemap_dff$10377 to $_DFFE_PP_ for $0\reg_op2[31:0] [9] -> \reg_op2 [9].
  converting $_DFF_P_ cell $auto$simplemap.cc:420:simplemap_dff$10378 to $_DFFE_PP_ for $0\reg_op2[31:0] [10] -> \reg_op2 [10].
  converting $_DFF_P_ cell $auto$simplemap.cc:420:simplemap_dff$10379 to $_DFFE_PP_ for $0\reg_op2[31:0] [11] -> \reg_op2 [11].
  converting $_DFF_P_ cell $auto$simplemap.cc:420:simplemap_dff$10380 to $_DFFE_PP_ for $0\reg_op2[31:0] [12] -> \reg_op2 [12].
  converting $_DFF_P_ cell $auto$simplemap.cc:420:simplemap_dff$10381 to $_DFFE_PP_ for $0\reg_op2[31:0] [13] -> \reg_op2 [13].
  converting $_DFF_P_ cell $auto$simplemap.cc:420:simplemap_dff$10382 to $_DFFE_PP_ for $0\reg_op2[31:0] [14] -> \reg_op2 [14].
  converting $_DFF_P_ cell $auto$simplemap.cc:420:simplemap_dff$10383 to $_DFFE_PP_ for $0\reg_op2[31:0] [15] -> \reg_op2 [15].
  converting $_DFF_P_ cell $auto$simplemap.cc:420:simplemap_dff$10384 to $_DFFE_PP_ for $0\reg_op2[31:0] [16] -> \reg_op2 [16].
  converting $_DFF_P_ cell $auto$simplemap.cc:420:simplemap_dff$10385 to $_DFFE_PP_ for $0\reg_op2[31:0] [17] -> \reg_op2 [17].
  converting $_DFF_P_ cell $auto$simplemap.cc:420:simplemap_dff$10386 to $_DFFE_PP_ for $0\reg_op2[31:0] [18] -> \reg_op2 [18].
  converting $_DFF_P_ cell $auto$simplemap.cc:420:simplemap_dff$10387 to $_DFFE_PP_ for $0\reg_op2[31:0] [19] -> \reg_op2 [19].
  converting $_DFF_P_ cell $auto$simplemap.cc:420:simplemap_dff$10388 to $_DFFE_PP_ for $0\reg_op2[31:0] [20] -> \reg_op2 [20].
  converting $_DFF_P_ cell $auto$simplemap.cc:420:simplemap_dff$10389 to $_DFFE_PP_ for $0\reg_op2[31:0] [21] -> \reg_op2 [21].
  converting $_DFF_P_ cell $auto$simplemap.cc:420:simplemap_dff$10390 to $_DFFE_PP_ for $0\reg_op2[31:0] [22] -> \reg_op2 [22].
  converting $_DFF_P_ cell $auto$simplemap.cc:420:simplemap_dff$10391 to $_DFFE_PP_ for $0\reg_op2[31:0] [23] -> \reg_op2 [23].
  converting $_DFF_P_ cell $auto$simplemap.cc:420:simplemap_dff$10392 to $_DFFE_PP_ for $0\reg_op2[31:0] [24] -> \reg_op2 [24].
  converting $_DFF_P_ cell $auto$simplemap.cc:420:simplemap_dff$10393 to $_DFFE_PP_ for $0\reg_op2[31:0] [25] -> \reg_op2 [25].
  converting $_DFF_P_ cell $auto$simplemap.cc:420:simplemap_dff$10394 to $_DFFE_PP_ for $0\reg_op2[31:0] [26] -> \reg_op2 [26].
  converting $_DFF_P_ cell $auto$simplemap.cc:420:simplemap_dff$10395 to $_DFFE_PP_ for $0\reg_op2[31:0] [27] -> \reg_op2 [27].
  converting $_DFF_P_ cell $auto$simplemap.cc:420:simplemap_dff$10396 to $_DFFE_PP_ for $0\reg_op2[31:0] [28] -> \reg_op2 [28].
  converting $_DFF_P_ cell $auto$simplemap.cc:420:simplemap_dff$10397 to $_DFFE_PP_ for $0\reg_op2[31:0] [29] -> \reg_op2 [29].
  converting $_DFF_P_ cell $auto$simplemap.cc:420:simplemap_dff$10398 to $_DFFE_PP_ for $0\reg_op2[31:0] [30] -> \reg_op2 [30].
  converting $_DFF_P_ cell $auto$simplemap.cc:420:simplemap_dff$10399 to $_DFFE_PP_ for $0\reg_op2[31:0] [31] -> \reg_op2 [31].
  converting $_DFF_P_ cell $auto$simplemap.cc:420:simplemap_dff$10433 to $_DFFE_PP_ for $0\reg_sh[4:0] [1] -> \reg_sh [1].
  converting $_DFF_P_ cell $auto$simplemap.cc:420:simplemap_dff$10435 to $_DFFE_PP_ for $0\reg_sh[4:0] [3] -> \reg_sh [3].
  converting $_DFF_P_ cell $auto$simplemap.cc:420:simplemap_dff$10447 to $_DFFE_PP_ for $0\mem_wordsize[1:0] [0] -> \mem_wordsize [0].
  converting $_DFF_P_ cell $auto$simplemap.cc:420:simplemap_dff$10448 to $_DFFE_PP_ for $0\mem_wordsize[1:0] [1] -> \mem_wordsize [1].
  converting $_DFF_P_ cell $auto$simplemap.cc:420:simplemap_dff$10449 to $_DFFE_PP_ for $0\mem_do_prefetch[0:0] -> \mem_do_prefetch.
  converting $_DFF_P_ cell $auto$simplemap.cc:420:simplemap_dff$10450 to $_DFFE_PP_ for $0\mem_do_rinst[0:0] -> \mem_do_rinst.
  converting $_DFF_P_ cell $auto$simplemap.cc:420:simplemap_dff$10451 to $_DFFE_PP_ for $0\mem_do_rdata[0:0] -> \mem_do_rdata.
  converting $_DFF_P_ cell $auto$simplemap.cc:420:simplemap_dff$10452 to $_DFFE_PP_ for $0\mem_do_wdata[0:0] -> \mem_do_wdata.
  converting $_DFF_P_ cell $auto$simplemap.cc:420:simplemap_dff$10455 to $_DFFE_PP_ for $0\latched_store[0:0] -> \latched_store.
  converting $_DFF_P_ cell $auto$simplemap.cc:420:simplemap_dff$10456 to $_DFFE_PP_ for $0\latched_stalu[0:0] -> \latched_stalu.
  converting $_DFF_P_ cell $auto$simplemap.cc:420:simplemap_dff$10457 to $_DFFE_PP_ for $0\latched_branch[0:0] -> \latched_branch.
  converting $_DFF_P_ cell $auto$simplemap.cc:420:simplemap_dff$10458 to $_DFFE_PP_ for $0\latched_compr[0:0] -> \latched_compr.
  converting $_DFF_P_ cell $auto$simplemap.cc:420:simplemap_dff$10459 to $_DFFE_PP_ for $0\latched_is_lh[0:0] -> \latched_is_lh.
  converting $_DFF_P_ cell $auto$simplemap.cc:420:simplemap_dff$10460 to $_DFFE_PP_ for $0\latched_is_lb[0:0] -> \latched_is_lb.
  converting $_DFF_P_ cell $auto$simplemap.cc:420:simplemap_dff$10461 to $_DFFE_PP_ for $0\latched_rd[4:0] [0] -> \latched_rd [0].
  converting $_DFF_P_ cell $auto$simplemap.cc:420:simplemap_dff$10462 to $_DFFE_PP_ for $0\latched_rd[4:0] [1] -> \latched_rd [1].
  converting $_DFF_P_ cell $auto$simplemap.cc:420:simplemap_dff$10463 to $_DFFE_PP_ for $0\latched_rd[4:0] [2] -> \latched_rd [2].
  converting $_DFF_P_ cell $auto$simplemap.cc:420:simplemap_dff$10464 to $_DFFE_PP_ for $0\latched_rd[4:0] [3] -> \latched_rd [3].
  converting $_DFF_P_ cell $auto$simplemap.cc:420:simplemap_dff$10465 to $_DFFE_PP_ for $0\latched_rd[4:0] [4] -> \latched_rd [4].
  converting $_DFF_P_ cell $auto$simplemap.cc:420:simplemap_dff$9889 to $_DFFE_PP_ for $0\mem_valid[0:0] -> \mem_valid.
  converting $_DFF_P_ cell $auto$simplemap.cc:420:simplemap_dff$9890 to $_DFFE_PP_ for $0\mem_instr[0:0] -> \mem_instr.
  converting $_DFF_P_ cell $auto$simplemap.cc:420:simplemap_dff$9891 to $_DFFE_PP_ for $0\mem_addr[31:0] [0] -> \mem_addr [0].
  converting $_DFF_P_ cell $auto$simplemap.cc:420:simplemap_dff$9892 to $_DFFE_PP_ for $0\mem_addr[31:0] [1] -> \mem_addr [1].
  converting $_DFF_P_ cell $auto$simplemap.cc:420:simplemap_dff$9893 to $_DFFE_PP_ for $0\mem_addr[31:0] [2] -> \mem_addr [2].
  converting $_DFF_P_ cell $auto$simplemap.cc:420:simplemap_dff$9894 to $_DFFE_PP_ for $0\mem_addr[31:0] [3] -> \mem_addr [3].
  converting $_DFF_P_ cell $auto$simplemap.cc:420:simplemap_dff$9895 to $_DFFE_PP_ for $0\mem_addr[31:0] [4] -> \mem_addr [4].
  converting $_DFF_P_ cell $auto$simplemap.cc:420:simplemap_dff$9896 to $_DFFE_PP_ for $0\mem_addr[31:0] [5] -> \mem_addr [5].
  converting $_DFF_P_ cell $auto$simplemap.cc:420:simplemap_dff$9897 to $_DFFE_PP_ for $0\mem_addr[31:0] [6] -> \mem_addr [6].
  converting $_DFF_P_ cell $auto$simplemap.cc:420:simplemap_dff$9898 to $_DFFE_PP_ for $0\mem_addr[31:0] [7] -> \mem_addr [7].
  converting $_DFF_P_ cell $auto$simplemap.cc:420:simplemap_dff$9899 to $_DFFE_PP_ for $0\mem_addr[31:0] [8] -> \mem_addr [8].
  converting $_DFF_P_ cell $auto$simplemap.cc:420:simplemap_dff$9900 to $_DFFE_PP_ for $0\mem_addr[31:0] [9] -> \mem_addr [9].
  converting $_DFF_P_ cell $auto$simplemap.cc:420:simplemap_dff$9901 to $_DFFE_PP_ for $0\mem_addr[31:0] [10] -> \mem_addr [10].
  converting $_DFF_P_ cell $auto$simplemap.cc:420:simplemap_dff$9902 to $_DFFE_PP_ for $0\mem_addr[31:0] [11] -> \mem_addr [11].
  converting $_DFF_P_ cell $auto$simplemap.cc:420:simplemap_dff$9903 to $_DFFE_PP_ for $0\mem_addr[31:0] [12] -> \mem_addr [12].
  converting $_DFF_P_ cell $auto$simplemap.cc:420:simplemap_dff$9904 to $_DFFE_PP_ for $0\mem_addr[31:0] [13] -> \mem_addr [13].
  converting $_DFF_P_ cell $auto$simplemap.cc:420:simplemap_dff$9905 to $_DFFE_PP_ for $0\mem_addr[31:0] [14] -> \mem_addr [14].
  converting $_DFF_P_ cell $auto$simplemap.cc:420:simplemap_dff$9906 to $_DFFE_PP_ for $0\mem_addr[31:0] [15] -> \mem_addr [15].
  converting $_DFF_P_ cell $auto$simplemap.cc:420:simplemap_dff$9907 to $_DFFE_PP_ for $0\mem_addr[31:0] [16] -> \mem_addr [16].
  converting $_DFF_P_ cell $auto$simplemap.cc:420:simplemap_dff$9908 to $_DFFE_PP_ for $0\mem_addr[31:0] [17] -> \mem_addr [17].
  converting $_DFF_P_ cell $auto$simplemap.cc:420:simplemap_dff$9909 to $_DFFE_PP_ for $0\mem_addr[31:0] [18] -> \mem_addr [18].
  converting $_DFF_P_ cell $auto$simplemap.cc:420:simplemap_dff$9910 to $_DFFE_PP_ for $0\mem_addr[31:0] [19] -> \mem_addr [19].
  converting $_DFF_P_ cell $auto$simplemap.cc:420:simplemap_dff$9911 to $_DFFE_PP_ for $0\mem_addr[31:0] [20] -> \mem_addr [20].
  converting $_DFF_P_ cell $auto$simplemap.cc:420:simplemap_dff$9912 to $_DFFE_PP_ for $0\mem_addr[31:0] [21] -> \mem_addr [21].
  converting $_DFF_P_ cell $auto$simplemap.cc:420:simplemap_dff$9913 to $_DFFE_PP_ for $0\mem_addr[31:0] [22] -> \mem_addr [22].
  converting $_DFF_P_ cell $auto$simplemap.cc:420:simplemap_dff$9914 to $_DFFE_PP_ for $0\mem_addr[31:0] [23] -> \mem_addr [23].
  converting $_DFF_P_ cell $auto$simplemap.cc:420:simplemap_dff$9915 to $_DFFE_PP_ for $0\mem_addr[31:0] [24] -> \mem_addr [24].
  converting $_DFF_P_ cell $auto$simplemap.cc:420:simplemap_dff$9916 to $_DFFE_PP_ for $0\mem_addr[31:0] [25] -> \mem_addr [25].
  converting $_DFF_P_ cell $auto$simplemap.cc:420:simplemap_dff$9917 to $_DFFE_PP_ for $0\mem_addr[31:0] [26] -> \mem_addr [26].
  converting $_DFF_P_ cell $auto$simplemap.cc:420:simplemap_dff$9918 to $_DFFE_PP_ for $0\mem_addr[31:0] [27] -> \mem_addr [27].
  converting $_DFF_P_ cell $auto$simplemap.cc:420:simplemap_dff$9919 to $_DFFE_PP_ for $0\mem_addr[31:0] [28] -> \mem_addr [28].
  converting $_DFF_P_ cell $auto$simplemap.cc:420:simplemap_dff$9920 to $_DFFE_PP_ for $0\mem_addr[31:0] [29] -> \mem_addr [29].
  converting $_DFF_P_ cell $auto$simplemap.cc:420:simplemap_dff$9921 to $_DFFE_PP_ for $0\mem_addr[31:0] [30] -> \mem_addr [30].
  converting $_DFF_P_ cell $auto$simplemap.cc:420:simplemap_dff$9922 to $_DFFE_PP_ for $0\mem_addr[31:0] [31] -> \mem_addr [31].
  converting $_DFF_P_ cell $auto$simplemap.cc:420:simplemap_dff$9923 to $_DFFE_PP_ for $0\mem_wdata[31:0] [0] -> \mem_wdata [0].
  converting $_DFF_P_ cell $auto$simplemap.cc:420:simplemap_dff$9924 to $_DFFE_PP_ for $0\mem_wdata[31:0] [1] -> \mem_wdata [1].
  converting $_DFF_P_ cell $auto$simplemap.cc:420:simplemap_dff$9925 to $_DFFE_PP_ for $0\mem_wdata[31:0] [2] -> \mem_wdata [2].
  converting $_DFF_P_ cell $auto$simplemap.cc:420:simplemap_dff$9926 to $_DFFE_PP_ for $0\mem_wdata[31:0] [3] -> \mem_wdata [3].
  converting $_DFF_P_ cell $auto$simplemap.cc:420:simplemap_dff$9927 to $_DFFE_PP_ for $0\mem_wdata[31:0] [4] -> \mem_wdata [4].
  converting $_DFF_P_ cell $auto$simplemap.cc:420:simplemap_dff$9928 to $_DFFE_PP_ for $0\mem_wdata[31:0] [5] -> \mem_wdata [5].
  converting $_DFF_P_ cell $auto$simplemap.cc:420:simplemap_dff$9929 to $_DFFE_PP_ for $0\mem_wdata[31:0] [6] -> \mem_wdata [6].
  converting $_DFF_P_ cell $auto$simplemap.cc:420:simplemap_dff$9930 to $_DFFE_PP_ for $0\mem_wdata[31:0] [7] -> \mem_wdata [7].
  converting $_DFF_P_ cell $auto$simplemap.cc:420:simplemap_dff$9931 to $_DFFE_PP_ for $0\mem_wdata[31:0] [8] -> \mem_wdata [8].
  converting $_DFF_P_ cell $auto$simplemap.cc:420:simplemap_dff$9932 to $_DFFE_PP_ for $0\mem_wdata[31:0] [9] -> \mem_wdata [9].
  converting $_DFF_P_ cell $auto$simplemap.cc:420:simplemap_dff$9933 to $_DFFE_PP_ for $0\mem_wdata[31:0] [10] -> \mem_wdata [10].
  converting $_DFF_P_ cell $auto$simplemap.cc:420:simplemap_dff$9934 to $_DFFE_PP_ for $0\mem_wdata[31:0] [11] -> \mem_wdata [11].
  converting $_DFF_P_ cell $auto$simplemap.cc:420:simplemap_dff$9935 to $_DFFE_PP_ for $0\mem_wdata[31:0] [12] -> \mem_wdata [12].
  converting $_DFF_P_ cell $auto$simplemap.cc:420:simplemap_dff$9936 to $_DFFE_PP_ for $0\mem_wdata[31:0] [13] -> \mem_wdata [13].
  converting $_DFF_P_ cell $auto$simplemap.cc:420:simplemap_dff$9937 to $_DFFE_PP_ for $0\mem_wdata[31:0] [14] -> \mem_wdata [14].
  converting $_DFF_P_ cell $auto$simplemap.cc:420:simplemap_dff$9938 to $_DFFE_PP_ for $0\mem_wdata[31:0] [15] -> \mem_wdata [15].
  converting $_DFF_P_ cell $auto$simplemap.cc:420:simplemap_dff$9939 to $_DFFE_PP_ for $0\mem_wdata[31:0] [16] -> \mem_wdata [16].
  converting $_DFF_P_ cell $auto$simplemap.cc:420:simplemap_dff$9940 to $_DFFE_PP_ for $0\mem_wdata[31:0] [17] -> \mem_wdata [17].
  converting $_DFF_P_ cell $auto$simplemap.cc:420:simplemap_dff$9941 to $_DFFE_PP_ for $0\mem_wdata[31:0] [18] -> \mem_wdata [18].
  converting $_DFF_P_ cell $auto$simplemap.cc:420:simplemap_dff$9942 to $_DFFE_PP_ for $0\mem_wdata[31:0] [19] -> \mem_wdata [19].
  converting $_DFF_P_ cell $auto$simplemap.cc:420:simplemap_dff$9943 to $_DFFE_PP_ for $0\mem_wdata[31:0] [20] -> \mem_wdata [20].
  converting $_DFF_P_ cell $auto$simplemap.cc:420:simplemap_dff$9944 to $_DFFE_PP_ for $0\mem_wdata[31:0] [21] -> \mem_wdata [21].
  converting $_DFF_P_ cell $auto$simplemap.cc:420:simplemap_dff$9945 to $_DFFE_PP_ for $0\mem_wdata[31:0] [22] -> \mem_wdata [22].
  converting $_DFF_P_ cell $auto$simplemap.cc:420:simplemap_dff$9946 to $_DFFE_PP_ for $0\mem_wdata[31:0] [23] -> \mem_wdata [23].
  converting $_DFF_P_ cell $auto$simplemap.cc:420:simplemap_dff$9947 to $_DFFE_PP_ for $0\mem_wdata[31:0] [24] -> \mem_wdata [24].
  converting $_DFF_P_ cell $auto$simplemap.cc:420:simplemap_dff$9948 to $_DFFE_PP_ for $0\mem_wdata[31:0] [25] -> \mem_wdata [25].
  converting $_DFF_P_ cell $auto$simplemap.cc:420:simplemap_dff$9949 to $_DFFE_PP_ for $0\mem_wdata[31:0] [26] -> \mem_wdata [26].
  converting $_DFF_P_ cell $auto$simplemap.cc:420:simplemap_dff$9950 to $_DFFE_PP_ for $0\mem_wdata[31:0] [27] -> \mem_wdata [27].
  converting $_DFF_P_ cell $auto$simplemap.cc:420:simplemap_dff$9951 to $_DFFE_PP_ for $0\mem_wdata[31:0] [28] -> \mem_wdata [28].
  converting $_DFF_P_ cell $auto$simplemap.cc:420:simplemap_dff$9952 to $_DFFE_PP_ for $0\mem_wdata[31:0] [29] -> \mem_wdata [29].
  converting $_DFF_P_ cell $auto$simplemap.cc:420:simplemap_dff$9953 to $_DFFE_PP_ for $0\mem_wdata[31:0] [30] -> \mem_wdata [30].
  converting $_DFF_P_ cell $auto$simplemap.cc:420:simplemap_dff$9954 to $_DFFE_PP_ for $0\mem_wdata[31:0] [31] -> \mem_wdata [31].
  converting $_DFF_P_ cell $auto$simplemap.cc:420:simplemap_dff$9955 to $_DFFE_PP_ for $0\mem_wstrb[3:0] [0] -> \mem_wstrb [0].
  converting $_DFF_P_ cell $auto$simplemap.cc:420:simplemap_dff$9956 to $_DFFE_PP_ for $0\mem_wstrb[3:0] [1] -> \mem_wstrb [1].
  converting $_DFF_P_ cell $auto$simplemap.cc:420:simplemap_dff$9957 to $_DFFE_PP_ for $0\mem_wstrb[3:0] [2] -> \mem_wstrb [2].
  converting $_DFF_P_ cell $auto$simplemap.cc:420:simplemap_dff$9958 to $_DFFE_PP_ for $0\mem_wstrb[3:0] [3] -> \mem_wstrb [3].
  converting $_DFF_P_ cell $auto$simplemap.cc:420:simplemap_dff$9959 to $_DFFE_PP_ for $0\mem_state[1:0] [0] -> \mem_state [0].
  converting $_DFF_P_ cell $auto$simplemap.cc:420:simplemap_dff$9960 to $_DFFE_PP_ for $0\mem_state[1:0] [1] -> \mem_state [1].
  converting $_DFF_P_ cell $auto$simplemap.cc:420:simplemap_dff$9961 to $_DFFE_PP_ for $0\instr_lui[0:0] -> \instr_lui.
  converting $_DFF_P_ cell $auto$simplemap.cc:420:simplemap_dff$9962 to $_DFFE_PP_ for $0\instr_auipc[0:0] -> \instr_auipc.
  converting $_DFF_P_ cell $auto$simplemap.cc:420:simplemap_dff$9963 to $_DFFE_PP_ for $0\instr_jal[0:0] -> \instr_jal.
  converting $_DFF_P_ cell $auto$simplemap.cc:420:simplemap_dff$9964 to $_DFFE_PP_ for $0\instr_jalr[0:0] -> \instr_jalr.
  converting $_DFF_P_ cell $auto$simplemap.cc:420:simplemap_dff$9965 to $_DFFE_PP_ for $0\instr_beq[0:0] -> \instr_beq.
  converting $_DFF_P_ cell $auto$simplemap.cc:420:simplemap_dff$9966 to $_DFFE_PP_ for $0\instr_bne[0:0] -> \instr_bne.
  converting $_DFF_P_ cell $auto$simplemap.cc:420:simplemap_dff$9967 to $_DFFE_PP_ for $0\instr_blt[0:0] -> \instr_blt.
  converting $_DFF_P_ cell $auto$simplemap.cc:420:simplemap_dff$9968 to $_DFFE_PP_ for $0\instr_bge[0:0] -> \instr_bge.
  converting $_DFF_P_ cell $auto$simplemap.cc:420:simplemap_dff$9969 to $_DFFE_PP_ for $0\instr_bltu[0:0] -> \instr_bltu.
  converting $_DFF_P_ cell $auto$simplemap.cc:420:simplemap_dff$9970 to $_DFFE_PP_ for $0\instr_bgeu[0:0] -> \instr_bgeu.
  converting $_DFF_P_ cell $auto$simplemap.cc:420:simplemap_dff$9971 to $_DFFE_PP_ for $0\instr_lb[0:0] -> \instr_lb.
  converting $_DFF_P_ cell $auto$simplemap.cc:420:simplemap_dff$9972 to $_DFFE_PP_ for $0\instr_lh[0:0] -> \instr_lh.
  converting $_DFF_P_ cell $auto$simplemap.cc:420:simplemap_dff$9973 to $_DFFE_PP_ for $0\instr_lw[0:0] -> \instr_lw.
  converting $_DFF_P_ cell $auto$simplemap.cc:420:simplemap_dff$9974 to $_DFFE_PP_ for $0\instr_lbu[0:0] -> \instr_lbu.
  converting $_DFF_P_ cell $auto$simplemap.cc:420:simplemap_dff$9975 to $_DFFE_PP_ for $0\instr_lhu[0:0] -> \instr_lhu.
  converting $_DFF_P_ cell $auto$simplemap.cc:420:simplemap_dff$9976 to $_DFFE_PP_ for $0\instr_sb[0:0] -> \instr_sb.
  converting $_DFF_P_ cell $auto$simplemap.cc:420:simplemap_dff$9977 to $_DFFE_PP_ for $0\instr_sh[0:0] -> \instr_sh.
  converting $_DFF_P_ cell $auto$simplemap.cc:420:simplemap_dff$9978 to $_DFFE_PP_ for $0\instr_sw[0:0] -> \instr_sw.
  converting $_DFF_P_ cell $auto$simplemap.cc:420:simplemap_dff$9979 to $_DFFE_PP_ for $0\instr_addi[0:0] -> \instr_addi.
  converting $_DFF_P_ cell $auto$simplemap.cc:420:simplemap_dff$9980 to $_DFFE_PP_ for $0\instr_slti[0:0] -> \instr_slti.
  converting $_DFF_P_ cell $auto$simplemap.cc:420:simplemap_dff$9981 to $_DFFE_PP_ for $0\instr_sltiu[0:0] -> \instr_sltiu.
  converting $_DFF_P_ cell $auto$simplemap.cc:420:simplemap_dff$9982 to $_DFFE_PP_ for $0\instr_xori[0:0] -> \instr_xori.
  converting $_DFF_P_ cell $auto$simplemap.cc:420:simplemap_dff$9983 to $_DFFE_PP_ for $0\instr_ori[0:0] -> \instr_ori.
  converting $_DFF_P_ cell $auto$simplemap.cc:420:simplemap_dff$9984 to $_DFFE_PP_ for $0\instr_andi[0:0] -> \instr_andi.
  converting $_DFF_P_ cell $auto$simplemap.cc:420:simplemap_dff$9985 to $_DFFE_PP_ for $0\instr_slli[0:0] -> \instr_slli.
  converting $_DFF_P_ cell $auto$simplemap.cc:420:simplemap_dff$9986 to $_DFFE_PP_ for $0\instr_srli[0:0] -> \instr_srli.
  converting $_DFF_P_ cell $auto$simplemap.cc:420:simplemap_dff$9987 to $_DFFE_PP_ for $0\instr_srai[0:0] -> \instr_srai.
  converting $_DFF_P_ cell $auto$simplemap.cc:420:simplemap_dff$9988 to $_DFFE_PP_ for $0\instr_add[0:0] -> \instr_add.
  converting $_DFF_P_ cell $auto$simplemap.cc:420:simplemap_dff$9989 to $_DFFE_PP_ for $0\instr_sub[0:0] -> \instr_sub.
  converting $_DFF_P_ cell $auto$simplemap.cc:420:simplemap_dff$9990 to $_DFFE_PP_ for $0\instr_sll[0:0] -> \instr_sll.
  converting $_DFF_P_ cell $auto$simplemap.cc:420:simplemap_dff$9991 to $_DFFE_PP_ for $0\instr_slt[0:0] -> \instr_slt.
  converting $_DFF_P_ cell $auto$simplemap.cc:420:simplemap_dff$9992 to $_DFFE_PP_ for $0\instr_sltu[0:0] -> \instr_sltu.
  converting $_DFF_P_ cell $auto$simplemap.cc:420:simplemap_dff$9993 to $_DFFE_PP_ for $0\instr_xor[0:0] -> \instr_xor.
  converting $_DFF_P_ cell $auto$simplemap.cc:420:simplemap_dff$9994 to $_DFFE_PP_ for $0\instr_srl[0:0] -> \instr_srl.
  converting $_DFF_P_ cell $auto$simplemap.cc:420:simplemap_dff$9995 to $_DFFE_PP_ for $0\instr_sra[0:0] -> \instr_sra.
  converting $_DFF_P_ cell $auto$simplemap.cc:420:simplemap_dff$9996 to $_DFFE_PP_ for $0\instr_or[0:0] -> \instr_or.
  converting $_DFF_P_ cell $auto$simplemap.cc:420:simplemap_dff$9997 to $_DFFE_PP_ for $0\instr_and[0:0] -> \instr_and.
  converting $_DFF_P_ cell $auto$simplemap.cc:420:simplemap_dff$9998 to $_DFFE_PP_ for $0\instr_rdcycle[0:0] -> \instr_rdcycle.
  converting $_DFF_P_ cell $auto$simplemap.cc:420:simplemap_dff$9999 to $_DFFE_PP_ for $0\instr_rdcycleh[0:0] -> \instr_rdcycleh.

5.34. Executing TECHMAP pass (map to technology primitives).

5.34.1. Executing Verilog-2005 frontend: /usr/bin/../share/yosys/ice40/cells_map.v
Parsing Verilog input from `/usr/bin/../share/yosys/ice40/cells_map.v' to AST representation.
Generating RTLIL representation for module `\$_DFF_N_'.
Generating RTLIL representation for module `\$_DFF_P_'.
Generating RTLIL representation for module `\$_DFFE_NN_'.
Generating RTLIL representation for module `\$_DFFE_PN_'.
Generating RTLIL representation for module `\$_DFFE_NP_'.
Generating RTLIL representation for module `\$_DFFE_PP_'.
Generating RTLIL representation for module `\$_DFF_NN0_'.
Generating RTLIL representation for module `\$_DFF_NN1_'.
Generating RTLIL representation for module `\$_DFF_PN0_'.
Generating RTLIL representation for module `\$_DFF_PN1_'.
Generating RTLIL representation for module `\$_DFF_NP0_'.
Generating RTLIL representation for module `\$_DFF_NP1_'.
Generating RTLIL representation for module `\$_DFF_PP0_'.
Generating RTLIL representation for module `\$_DFF_PP1_'.
Generating RTLIL representation for module `\$__DFFE_NN0'.
Generating RTLIL representation for module `\$__DFFE_NN1'.
Generating RTLIL representation for module `\$__DFFE_PN0'.
Generating RTLIL representation for module `\$__DFFE_PN1'.
Generating RTLIL representation for module `\$__DFFE_NP0'.
Generating RTLIL representation for module `\$__DFFE_NP1'.
Generating RTLIL representation for module `\$__DFFE_PP0'.
Generating RTLIL representation for module `\$__DFFE_PP1'.
Successfully finished Verilog frontend.

5.34.2. Continuing TECHMAP pass.
Using template \$_DFF_P_ for cells of type $_DFF_P_.
Using template \$_DFFE_PP_ for cells of type $_DFFE_PP_.
No more expansions possible.
<suppressed ~623 debug messages>

5.35. Executing OPT_EXPR pass (perform const folding).
Optimizing module picorv32.
<suppressed ~1236 debug messages>

5.36. Executing SIMPLEMAP pass (map simple cells to gate primitives).

5.37. Executing ICE40_FFINIT pass (implement FF init values).
Handling FF init values in picorv32.

5.38. Executing ICE40_FFSSR pass (merge synchronous set/reset into FF cells).
Merging set/reset $_MUX_ cells into SB_FFs in picorv32.
  Merging $auto$simplemap.cc:277:simplemap_mux$8291 (A=1'0, B=$logic_and$../picorv32.v:1075$1905_Y, S=\resetn) into $auto$simplemap.cc:420:simplemap_dff$9994 (SB_DFFE).
  Merging $auto$simplemap.cc:277:simplemap_mux$8011 (A=$procmux$2578.Y_B [1], B=1'0, S=$logic_or$../picorv32.v:567$1717_Y) into $auto$simplemap.cc:420:simplemap_dff$9960 (SB_DFFE).
  Merging $auto$simplemap.cc:277:simplemap_mux$11510 (A=1'0, B=$procmux$3130.Y_B [3], S=$techmap$procmux$3130.$reduce_or$/usr/bin/../share/yosys/techmap.v:445$8128_Y) into $auto$simplemap.cc:420:simplemap_dff$10057 (SB_DFFE).
  Merging $auto$simplemap.cc:277:simplemap_mux$11508 (A=1'0, B=$procmux$3130.Y_B [1], S=$techmap$procmux$3130.$reduce_or$/usr/bin/../share/yosys/techmap.v:445$8128_Y) into $auto$simplemap.cc:420:simplemap_dff$10055 (SB_DFFE).
  Merging $auto$simplemap.cc:277:simplemap_mux$11509 (A=1'0, B=$procmux$3130.Y_B [2], S=$techmap$procmux$3130.$reduce_or$/usr/bin/../share/yosys/techmap.v:445$8128_Y) into $auto$simplemap.cc:420:simplemap_dff$10056 (SB_DFFE).
  Merging $auto$simplemap.cc:277:simplemap_mux$11511 (A=1'0, B=$procmux$3130.Y_B [4], S=$techmap$procmux$3130.$reduce_or$/usr/bin/../share/yosys/techmap.v:445$8128_Y) into $auto$simplemap.cc:420:simplemap_dff$10058 (SB_DFFE).
  Merging $auto$simplemap.cc:277:simplemap_mux$11512 (A=1'0, B=$procmux$3130.Y_B [5], S=$techmap$procmux$3130.$reduce_or$/usr/bin/../share/yosys/techmap.v:445$8128_Y) into $auto$simplemap.cc:420:simplemap_dff$10059 (SB_DFFE).
  Merging $auto$simplemap.cc:277:simplemap_mux$11513 (A=1'0, B=$procmux$3130.Y_B [6], S=$techmap$procmux$3130.$reduce_or$/usr/bin/../share/yosys/techmap.v:445$8128_Y) into $auto$simplemap.cc:420:simplemap_dff$10060 (SB_DFFE).
  Merging $auto$simplemap.cc:277:simplemap_mux$11514 (A=1'0, B=$procmux$3130.Y_B [7], S=$techmap$procmux$3130.$reduce_or$/usr/bin/../share/yosys/techmap.v:445$8128_Y) into $auto$simplemap.cc:420:simplemap_dff$10061 (SB_DFFE).
  Merging $auto$simplemap.cc:277:simplemap_mux$11515 (A=1'0, B=$procmux$3130.Y_B [8], S=$techmap$procmux$3130.$reduce_or$/usr/bin/../share/yosys/techmap.v:445$8128_Y) into $auto$simplemap.cc:420:simplemap_dff$10062 (SB_DFFE).
  Merging $auto$simplemap.cc:277:simplemap_mux$11516 (A=1'0, B=$procmux$3130.Y_B [9], S=$techmap$procmux$3130.$reduce_or$/usr/bin/../share/yosys/techmap.v:445$8128_Y) into $auto$simplemap.cc:420:simplemap_dff$10063 (SB_DFFE).
  Merging $auto$simplemap.cc:277:simplemap_mux$11517 (A=1'0, B=$procmux$3130.Y_B [10], S=$techmap$procmux$3130.$reduce_or$/usr/bin/../share/yosys/techmap.v:445$8128_Y) into $auto$simplemap.cc:420:simplemap_dff$10064 (SB_DFFE).
  Merging $auto$simplemap.cc:277:simplemap_mux$11518 (A=1'0, B=$procmux$3130.Y_B [11], S=$techmap$procmux$3130.$reduce_or$/usr/bin/../share/yosys/techmap.v:445$8128_Y) into $auto$simplemap.cc:420:simplemap_dff$10065 (SB_DFFE).
  Merging $auto$simplemap.cc:277:simplemap_mux$11519 (A=1'0, B=$procmux$3130.Y_B [12], S=$techmap$procmux$3130.$reduce_or$/usr/bin/../share/yosys/techmap.v:445$8128_Y) into $auto$simplemap.cc:420:simplemap_dff$10066 (SB_DFFE).
  Merging $auto$simplemap.cc:277:simplemap_mux$11520 (A=1'0, B=$procmux$3130.Y_B [13], S=$techmap$procmux$3130.$reduce_or$/usr/bin/../share/yosys/techmap.v:445$8128_Y) into $auto$simplemap.cc:420:simplemap_dff$10067 (SB_DFFE).
  Merging $auto$simplemap.cc:277:simplemap_mux$11521 (A=1'0, B=$procmux$3130.Y_B [14], S=$techmap$procmux$3130.$reduce_or$/usr/bin/../share/yosys/techmap.v:445$8128_Y) into $auto$simplemap.cc:420:simplemap_dff$10068 (SB_DFFE).
  Merging $auto$simplemap.cc:277:simplemap_mux$11522 (A=1'0, B=$procmux$3130.Y_B [15], S=$techmap$procmux$3130.$reduce_or$/usr/bin/../share/yosys/techmap.v:445$8128_Y) into $auto$simplemap.cc:420:simplemap_dff$10069 (SB_DFFE).
  Merging $auto$simplemap.cc:277:simplemap_mux$11523 (A=1'0, B=$procmux$3130.Y_B [16], S=$techmap$procmux$3130.$reduce_or$/usr/bin/../share/yosys/techmap.v:445$8128_Y) into $auto$simplemap.cc:420:simplemap_dff$10070 (SB_DFFE).
  Merging $auto$simplemap.cc:277:simplemap_mux$11524 (A=1'0, B=$procmux$3130.Y_B [17], S=$techmap$procmux$3130.$reduce_or$/usr/bin/../share/yosys/techmap.v:445$8128_Y) into $auto$simplemap.cc:420:simplemap_dff$10071 (SB_DFFE).
  Merging $auto$simplemap.cc:277:simplemap_mux$11525 (A=1'0, B=$procmux$3130.Y_B [18], S=$techmap$procmux$3130.$reduce_or$/usr/bin/../share/yosys/techmap.v:445$8128_Y) into $auto$simplemap.cc:420:simplemap_dff$10072 (SB_DFFE).
  Merging $auto$simplemap.cc:277:simplemap_mux$11526 (A=1'0, B=$procmux$3130.Y_B [19], S=$techmap$procmux$3130.$reduce_or$/usr/bin/../share/yosys/techmap.v:445$8128_Y) into $auto$simplemap.cc:420:simplemap_dff$10073 (SB_DFFE).
  Merging $auto$simplemap.cc:277:simplemap_mux$11527 (A=1'0, B=$procmux$3130.Y_B [20], S=$techmap$procmux$3130.$reduce_or$/usr/bin/../share/yosys/techmap.v:445$8128_Y) into $auto$simplemap.cc:420:simplemap_dff$10074 (SB_DFFE).
  Merging $auto$simplemap.cc:277:simplemap_mux$11528 (A=1'0, B=$procmux$3130.Y_B [21], S=$techmap$procmux$3130.$reduce_or$/usr/bin/../share/yosys/techmap.v:445$8128_Y) into $auto$simplemap.cc:420:simplemap_dff$10075 (SB_DFFE).
  Merging $auto$simplemap.cc:277:simplemap_mux$11529 (A=1'0, B=$procmux$3130.Y_B [22], S=$techmap$procmux$3130.$reduce_or$/usr/bin/../share/yosys/techmap.v:445$8128_Y) into $auto$simplemap.cc:420:simplemap_dff$10076 (SB_DFFE).
  Merging $auto$simplemap.cc:277:simplemap_mux$11530 (A=1'0, B=$procmux$3130.Y_B [23], S=$techmap$procmux$3130.$reduce_or$/usr/bin/../share/yosys/techmap.v:445$8128_Y) into $auto$simplemap.cc:420:simplemap_dff$10077 (SB_DFFE).
  Merging $auto$simplemap.cc:277:simplemap_mux$11531 (A=1'0, B=$procmux$3130.Y_B [24], S=$techmap$procmux$3130.$reduce_or$/usr/bin/../share/yosys/techmap.v:445$8128_Y) into $auto$simplemap.cc:420:simplemap_dff$10078 (SB_DFFE).
  Merging $auto$simplemap.cc:277:simplemap_mux$11532 (A=1'0, B=$procmux$3130.Y_B [25], S=$techmap$procmux$3130.$reduce_or$/usr/bin/../share/yosys/techmap.v:445$8128_Y) into $auto$simplemap.cc:420:simplemap_dff$10079 (SB_DFFE).
  Merging $auto$simplemap.cc:277:simplemap_mux$11533 (A=1'0, B=$procmux$3130.Y_B [26], S=$techmap$procmux$3130.$reduce_or$/usr/bin/../share/yosys/techmap.v:445$8128_Y) into $auto$simplemap.cc:420:simplemap_dff$10080 (SB_DFFE).
  Merging $auto$simplemap.cc:277:simplemap_mux$11534 (A=1'0, B=$procmux$3130.Y_B [27], S=$techmap$procmux$3130.$reduce_or$/usr/bin/../share/yosys/techmap.v:445$8128_Y) into $auto$simplemap.cc:420:simplemap_dff$10081 (SB_DFFE).
  Merging $auto$simplemap.cc:277:simplemap_mux$11535 (A=1'0, B=$procmux$3130.Y_B [28], S=$techmap$procmux$3130.$reduce_or$/usr/bin/../share/yosys/techmap.v:445$8128_Y) into $auto$simplemap.cc:420:simplemap_dff$10082 (SB_DFFE).
  Merging $auto$simplemap.cc:277:simplemap_mux$11536 (A=1'0, B=$procmux$3130.Y_B [29], S=$techmap$procmux$3130.$reduce_or$/usr/bin/../share/yosys/techmap.v:445$8128_Y) into $auto$simplemap.cc:420:simplemap_dff$10083 (SB_DFFE).
  Merging $auto$simplemap.cc:277:simplemap_mux$11537 (A=1'0, B=$procmux$3130.Y_B [30], S=$techmap$procmux$3130.$reduce_or$/usr/bin/../share/yosys/techmap.v:445$8128_Y) into $auto$simplemap.cc:420:simplemap_dff$10084 (SB_DFFE).
  Merging $auto$simplemap.cc:277:simplemap_mux$11538 (A=1'0, B=$procmux$3130.Y_B [31], S=$techmap$procmux$3130.$reduce_or$/usr/bin/../share/yosys/techmap.v:445$8128_Y) into $auto$simplemap.cc:420:simplemap_dff$10085 (SB_DFFE).
  Merging $auto$simplemap.cc:277:simplemap_mux$7964 (A=1'0, B=$eq$../picorv32.v:875$1768_Y, S=\resetn) into $auto$simplemap.cc:420:simplemap_dff$10126 (SB_DFFE).
  Merging $auto$simplemap.cc:277:simplemap_mux$8095 (A=1'0, B=$procmux$3125_Y, S=\resetn) into $auto$simplemap.cc:420:simplemap_dff$10129 (SB_DFF).
  Merging $auto$simplemap.cc:277:simplemap_mux$6528 (A=1'0, B=$add$../picorv32.v:1467$2086_Y [8], S=\resetn) into $auto$simplemap.cc:420:simplemap_dff$10152 (SB_DFF).
  Merging $auto$simplemap.cc:277:simplemap_mux$6520 (A=1'0, B=$add$../picorv32.v:1467$2086_Y [0], S=\resetn) into $auto$simplemap.cc:420:simplemap_dff$10144 (SB_DFF).
  Merging $auto$simplemap.cc:277:simplemap_mux$6521 (A=1'0, B=$auto$simplemap.cc:309:simplemap_lut$14345 [1], S=\resetn) into $auto$simplemap.cc:420:simplemap_dff$10145 (SB_DFFE).
  Merging $auto$simplemap.cc:277:simplemap_mux$6522 (A=1'0, B=$add$../picorv32.v:1467$2086_Y [2], S=\resetn) into $auto$simplemap.cc:420:simplemap_dff$10146 (SB_DFF).
  Merging $auto$simplemap.cc:277:simplemap_mux$6523 (A=1'0, B=$add$../picorv32.v:1467$2086_Y [3], S=\resetn) into $auto$simplemap.cc:420:simplemap_dff$10147 (SB_DFF).
  Merging $auto$simplemap.cc:277:simplemap_mux$6524 (A=1'0, B=$add$../picorv32.v:1467$2086_Y [4], S=\resetn) into $auto$simplemap.cc:420:simplemap_dff$10148 (SB_DFF).
  Merging $auto$simplemap.cc:277:simplemap_mux$8820 (A=1'0, B=\cpu_state [0], S=\resetn) into $auto$simplemap.cc:420:simplemap_dff$10130 (SB_DFF).
  Merging $auto$simplemap.cc:277:simplemap_mux$6525 (A=1'0, B=$add$../picorv32.v:1467$2086_Y [5], S=\resetn) into $auto$simplemap.cc:420:simplemap_dff$10149 (SB_DFF).
  Merging $auto$simplemap.cc:277:simplemap_mux$6527 (A=1'0, B=$add$../picorv32.v:1467$2086_Y [7], S=\resetn) into $auto$simplemap.cc:420:simplemap_dff$10151 (SB_DFF).
  Merging $auto$simplemap.cc:277:simplemap_mux$6529 (A=1'0, B=$add$../picorv32.v:1467$2086_Y [9], S=\resetn) into $auto$simplemap.cc:420:simplemap_dff$10153 (SB_DFF).
  Merging $auto$simplemap.cc:277:simplemap_mux$6530 (A=1'0, B=$add$../picorv32.v:1467$2086_Y [10], S=\resetn) into $auto$simplemap.cc:420:simplemap_dff$10154 (SB_DFF).
  Merging $auto$simplemap.cc:277:simplemap_mux$6531 (A=1'0, B=$add$../picorv32.v:1467$2086_Y [11], S=\resetn) into $auto$simplemap.cc:420:simplemap_dff$10155 (SB_DFF).
  Merging $auto$simplemap.cc:277:simplemap_mux$6532 (A=1'0, B=$add$../picorv32.v:1467$2086_Y [12], S=\resetn) into $auto$simplemap.cc:420:simplemap_dff$10156 (SB_DFF).
  Merging $auto$simplemap.cc:277:simplemap_mux$6533 (A=1'0, B=$add$../picorv32.v:1467$2086_Y [13], S=\resetn) into $auto$simplemap.cc:420:simplemap_dff$10157 (SB_DFF).
  Merging $auto$simplemap.cc:277:simplemap_mux$6534 (A=1'0, B=$add$../picorv32.v:1467$2086_Y [14], S=\resetn) into $auto$simplemap.cc:420:simplemap_dff$10158 (SB_DFF).
  Merging $auto$simplemap.cc:277:simplemap_mux$6535 (A=1'0, B=$add$../picorv32.v:1467$2086_Y [15], S=\resetn) into $auto$simplemap.cc:420:simplemap_dff$10159 (SB_DFF).
  Merging $auto$simplemap.cc:277:simplemap_mux$6536 (A=1'0, B=$add$../picorv32.v:1467$2086_Y [16], S=\resetn) into $auto$simplemap.cc:420:simplemap_dff$10160 (SB_DFF).
  Merging $auto$simplemap.cc:277:simplemap_mux$6537 (A=1'0, B=$add$../picorv32.v:1467$2086_Y [17], S=\resetn) into $auto$simplemap.cc:420:simplemap_dff$10161 (SB_DFF).
  Merging $auto$simplemap.cc:277:simplemap_mux$6538 (A=1'0, B=$add$../picorv32.v:1467$2086_Y [18], S=\resetn) into $auto$simplemap.cc:420:simplemap_dff$10162 (SB_DFF).
  Merging $auto$simplemap.cc:277:simplemap_mux$6539 (A=1'0, B=$add$../picorv32.v:1467$2086_Y [19], S=\resetn) into $auto$simplemap.cc:420:simplemap_dff$10163 (SB_DFF).
  Merging $auto$simplemap.cc:277:simplemap_mux$6540 (A=1'0, B=$add$../picorv32.v:1467$2086_Y [20], S=\resetn) into $auto$simplemap.cc:420:simplemap_dff$10164 (SB_DFF).
  Merging $auto$simplemap.cc:277:simplemap_mux$6541 (A=1'0, B=$add$../picorv32.v:1467$2086_Y [21], S=\resetn) into $auto$simplemap.cc:420:simplemap_dff$10165 (SB_DFF).
  Merging $auto$simplemap.cc:277:simplemap_mux$6542 (A=1'0, B=$add$../picorv32.v:1467$2086_Y [22], S=\resetn) into $auto$simplemap.cc:420:simplemap_dff$10166 (SB_DFF).
  Merging $auto$simplemap.cc:277:simplemap_mux$6543 (A=1'0, B=$add$../picorv32.v:1467$2086_Y [23], S=\resetn) into $auto$simplemap.cc:420:simplemap_dff$10167 (SB_DFF).
  Merging $auto$simplemap.cc:277:simplemap_mux$6544 (A=1'0, B=$add$../picorv32.v:1467$2086_Y [24], S=\resetn) into $auto$simplemap.cc:420:simplemap_dff$10168 (SB_DFF).
  Merging $auto$simplemap.cc:277:simplemap_mux$6545 (A=1'0, B=$add$../picorv32.v:1467$2086_Y [25], S=\resetn) into $auto$simplemap.cc:420:simplemap_dff$10169 (SB_DFF).
  Merging $auto$simplemap.cc:277:simplemap_mux$6546 (A=1'0, B=$add$../picorv32.v:1467$2086_Y [26], S=\resetn) into $auto$simplemap.cc:420:simplemap_dff$10170 (SB_DFF).
  Merging $auto$simplemap.cc:277:simplemap_mux$6547 (A=1'0, B=$add$../picorv32.v:1467$2086_Y [27], S=\resetn) into $auto$simplemap.cc:420:simplemap_dff$10171 (SB_DFF).
  Merging $auto$simplemap.cc:277:simplemap_mux$6548 (A=1'0, B=$add$../picorv32.v:1467$2086_Y [28], S=\resetn) into $auto$simplemap.cc:420:simplemap_dff$10172 (SB_DFF).
  Merging $auto$simplemap.cc:277:simplemap_mux$6549 (A=1'0, B=$add$../picorv32.v:1467$2086_Y [29], S=\resetn) into $auto$simplemap.cc:420:simplemap_dff$10173 (SB_DFF).
  Merging $auto$simplemap.cc:277:simplemap_mux$6550 (A=1'0, B=$add$../picorv32.v:1467$2086_Y [30], S=\resetn) into $auto$simplemap.cc:420:simplemap_dff$10174 (SB_DFF).
  Merging $auto$simplemap.cc:277:simplemap_mux$6551 (A=1'0, B=$add$../picorv32.v:1467$2086_Y [31], S=\resetn) into $auto$simplemap.cc:420:simplemap_dff$10175 (SB_DFF).
  Merging $auto$simplemap.cc:277:simplemap_mux$6552 (A=1'0, B=$add$../picorv32.v:1467$2086_Y [32], S=\resetn) into $auto$simplemap.cc:420:simplemap_dff$10176 (SB_DFF).
  Merging $auto$simplemap.cc:277:simplemap_mux$6553 (A=1'0, B=$add$../picorv32.v:1467$2086_Y [33], S=\resetn) into $auto$simplemap.cc:420:simplemap_dff$10177 (SB_DFF).
  Merging $auto$simplemap.cc:277:simplemap_mux$6554 (A=1'0, B=$add$../picorv32.v:1467$2086_Y [34], S=\resetn) into $auto$simplemap.cc:420:simplemap_dff$10178 (SB_DFF).
  Merging $auto$simplemap.cc:277:simplemap_mux$6555 (A=1'0, B=$add$../picorv32.v:1467$2086_Y [35], S=\resetn) into $auto$simplemap.cc:420:simplemap_dff$10179 (SB_DFF).
  Merging $auto$simplemap.cc:277:simplemap_mux$6556 (A=1'0, B=$add$../picorv32.v:1467$2086_Y [36], S=\resetn) into $auto$simplemap.cc:420:simplemap_dff$10180 (SB_DFF).
  Merging $auto$simplemap.cc:277:simplemap_mux$6557 (A=1'0, B=$add$../picorv32.v:1467$2086_Y [37], S=\resetn) into $auto$simplemap.cc:420:simplemap_dff$10181 (SB_DFF).
  Merging $auto$simplemap.cc:277:simplemap_mux$6558 (A=1'0, B=$add$../picorv32.v:1467$2086_Y [38], S=\resetn) into $auto$simplemap.cc:420:simplemap_dff$10182 (SB_DFF).
  Merging $auto$simplemap.cc:277:simplemap_mux$6559 (A=1'0, B=$add$../picorv32.v:1467$2086_Y [39], S=\resetn) into $auto$simplemap.cc:420:simplemap_dff$10183 (SB_DFF).
  Merging $auto$simplemap.cc:277:simplemap_mux$6560 (A=1'0, B=$add$../picorv32.v:1467$2086_Y [40], S=\resetn) into $auto$simplemap.cc:420:simplemap_dff$10184 (SB_DFF).
  Merging $auto$simplemap.cc:277:simplemap_mux$6561 (A=1'0, B=$add$../picorv32.v:1467$2086_Y [41], S=\resetn) into $auto$simplemap.cc:420:simplemap_dff$10185 (SB_DFF).
  Merging $auto$simplemap.cc:277:simplemap_mux$6562 (A=1'0, B=$add$../picorv32.v:1467$2086_Y [42], S=\resetn) into $auto$simplemap.cc:420:simplemap_dff$10186 (SB_DFF).
  Merging $auto$simplemap.cc:277:simplemap_mux$6563 (A=1'0, B=$add$../picorv32.v:1467$2086_Y [43], S=\resetn) into $auto$simplemap.cc:420:simplemap_dff$10187 (SB_DFF).
  Merging $auto$simplemap.cc:277:simplemap_mux$6564 (A=1'0, B=$add$../picorv32.v:1467$2086_Y [44], S=\resetn) into $auto$simplemap.cc:420:simplemap_dff$10188 (SB_DFF).
  Merging $auto$simplemap.cc:277:simplemap_mux$6565 (A=1'0, B=$add$../picorv32.v:1467$2086_Y [45], S=\resetn) into $auto$simplemap.cc:420:simplemap_dff$10189 (SB_DFF).
  Merging $auto$simplemap.cc:277:simplemap_mux$6566 (A=1'0, B=$add$../picorv32.v:1467$2086_Y [46], S=\resetn) into $auto$simplemap.cc:420:simplemap_dff$10190 (SB_DFF).
  Merging $auto$simplemap.cc:277:simplemap_mux$6567 (A=1'0, B=$add$../picorv32.v:1467$2086_Y [47], S=\resetn) into $auto$simplemap.cc:420:simplemap_dff$10191 (SB_DFF).
  Merging $auto$simplemap.cc:277:simplemap_mux$6568 (A=1'0, B=$add$../picorv32.v:1467$2086_Y [48], S=\resetn) into $auto$simplemap.cc:420:simplemap_dff$10192 (SB_DFF).
  Merging $auto$simplemap.cc:277:simplemap_mux$6569 (A=1'0, B=$add$../picorv32.v:1467$2086_Y [49], S=\resetn) into $auto$simplemap.cc:420:simplemap_dff$10193 (SB_DFF).
  Merging $auto$simplemap.cc:277:simplemap_mux$6570 (A=1'0, B=$add$../picorv32.v:1467$2086_Y [50], S=\resetn) into $auto$simplemap.cc:420:simplemap_dff$10194 (SB_DFF).
  Merging $auto$simplemap.cc:277:simplemap_mux$6571 (A=1'0, B=$add$../picorv32.v:1467$2086_Y [51], S=\resetn) into $auto$simplemap.cc:420:simplemap_dff$10195 (SB_DFF).
  Merging $auto$simplemap.cc:277:simplemap_mux$6572 (A=1'0, B=$add$../picorv32.v:1467$2086_Y [52], S=\resetn) into $auto$simplemap.cc:420:simplemap_dff$10196 (SB_DFF).
  Merging $auto$simplemap.cc:277:simplemap_mux$6573 (A=1'0, B=$add$../picorv32.v:1467$2086_Y [53], S=\resetn) into $auto$simplemap.cc:420:simplemap_dff$10197 (SB_DFF).
  Merging $auto$simplemap.cc:277:simplemap_mux$6574 (A=1'0, B=$add$../picorv32.v:1467$2086_Y [54], S=\resetn) into $auto$simplemap.cc:420:simplemap_dff$10198 (SB_DFF).
  Merging $auto$simplemap.cc:277:simplemap_mux$6575 (A=1'0, B=$add$../picorv32.v:1467$2086_Y [55], S=\resetn) into $auto$simplemap.cc:420:simplemap_dff$10199 (SB_DFF).
  Merging $auto$simplemap.cc:277:simplemap_mux$6576 (A=1'0, B=$add$../picorv32.v:1467$2086_Y [56], S=\resetn) into $auto$simplemap.cc:420:simplemap_dff$10200 (SB_DFF).
  Merging $auto$simplemap.cc:277:simplemap_mux$6577 (A=1'0, B=$add$../picorv32.v:1467$2086_Y [57], S=\resetn) into $auto$simplemap.cc:420:simplemap_dff$10201 (SB_DFF).
  Merging $auto$simplemap.cc:277:simplemap_mux$6578 (A=1'0, B=$add$../picorv32.v:1467$2086_Y [58], S=\resetn) into $auto$simplemap.cc:420:simplemap_dff$10202 (SB_DFF).
  Merging $auto$simplemap.cc:277:simplemap_mux$6579 (A=1'0, B=$add$../picorv32.v:1467$2086_Y [59], S=\resetn) into $auto$simplemap.cc:420:simplemap_dff$10203 (SB_DFF).
  Merging $auto$simplemap.cc:277:simplemap_mux$6580 (A=1'0, B=$add$../picorv32.v:1467$2086_Y [60], S=\resetn) into $auto$simplemap.cc:420:simplemap_dff$10204 (SB_DFF).
  Merging $auto$simplemap.cc:277:simplemap_mux$6581 (A=1'0, B=$add$../picorv32.v:1467$2086_Y [61], S=\resetn) into $auto$simplemap.cc:420:simplemap_dff$10205 (SB_DFF).
  Merging $auto$simplemap.cc:277:simplemap_mux$6582 (A=1'0, B=$add$../picorv32.v:1467$2086_Y [62], S=\resetn) into $auto$simplemap.cc:420:simplemap_dff$10206 (SB_DFF).
  Merging $auto$simplemap.cc:277:simplemap_mux$6583 (A=1'0, B=$add$../picorv32.v:1467$2086_Y [63], S=\resetn) into $auto$simplemap.cc:420:simplemap_dff$10207 (SB_DFF).
  Merging $auto$simplemap.cc:277:simplemap_mux$9789 (A=1'0, B=$add$../picorv32.v:1598$2139_Y [0], S=\resetn) into $auto$simplemap.cc:420:simplemap_dff$10208 (SB_DFFE).
  Merging $auto$simplemap.cc:277:simplemap_mux$9790 (A=1'0, B=$auto$simplemap.cc:309:simplemap_lut$14383 [1], S=\resetn) into $auto$simplemap.cc:420:simplemap_dff$10209 (SB_DFFE).
  Merging $auto$simplemap.cc:277:simplemap_mux$9791 (A=1'0, B=$add$../picorv32.v:1598$2139_Y [2], S=\resetn) into $auto$simplemap.cc:420:simplemap_dff$10210 (SB_DFFE).
  Merging $auto$simplemap.cc:277:simplemap_mux$9792 (A=1'0, B=$add$../picorv32.v:1598$2139_Y [3], S=\resetn) into $auto$simplemap.cc:420:simplemap_dff$10211 (SB_DFFE).
  Merging $auto$simplemap.cc:277:simplemap_mux$9793 (A=1'0, B=$add$../picorv32.v:1598$2139_Y [4], S=\resetn) into $auto$simplemap.cc:420:simplemap_dff$10212 (SB_DFFE).
  Merging $auto$simplemap.cc:277:simplemap_mux$9794 (A=1'0, B=$add$../picorv32.v:1598$2139_Y [5], S=\resetn) into $auto$simplemap.cc:420:simplemap_dff$10213 (SB_DFFE).
  Merging $auto$simplemap.cc:277:simplemap_mux$9795 (A=1'0, B=$add$../picorv32.v:1598$2139_Y [6], S=\resetn) into $auto$simplemap.cc:420:simplemap_dff$10214 (SB_DFFE).
  Merging $auto$simplemap.cc:277:simplemap_mux$6526 (A=1'0, B=$add$../picorv32.v:1467$2086_Y [6], S=\resetn) into $auto$simplemap.cc:420:simplemap_dff$10150 (SB_DFF).
  Merging $auto$simplemap.cc:277:simplemap_mux$9796 (A=1'0, B=$add$../picorv32.v:1598$2139_Y [7], S=\resetn) into $auto$simplemap.cc:420:simplemap_dff$10215 (SB_DFFE).
  Merging $auto$simplemap.cc:277:simplemap_mux$9798 (A=1'0, B=$add$../picorv32.v:1598$2139_Y [9], S=\resetn) into $auto$simplemap.cc:420:simplemap_dff$10217 (SB_DFFE).
  Merging $auto$simplemap.cc:277:simplemap_mux$9799 (A=1'0, B=$add$../picorv32.v:1598$2139_Y [10], S=\resetn) into $auto$simplemap.cc:420:simplemap_dff$10218 (SB_DFFE).
  Merging $auto$simplemap.cc:277:simplemap_mux$9800 (A=1'0, B=$add$../picorv32.v:1598$2139_Y [11], S=\resetn) into $auto$simplemap.cc:420:simplemap_dff$10219 (SB_DFFE).
  Merging $auto$simplemap.cc:277:simplemap_mux$9801 (A=1'0, B=$add$../picorv32.v:1598$2139_Y [12], S=\resetn) into $auto$simplemap.cc:420:simplemap_dff$10220 (SB_DFFE).
  Merging $auto$simplemap.cc:277:simplemap_mux$9802 (A=1'0, B=$add$../picorv32.v:1598$2139_Y [13], S=\resetn) into $auto$simplemap.cc:420:simplemap_dff$10221 (SB_DFFE).
  Merging $auto$simplemap.cc:277:simplemap_mux$9803 (A=1'0, B=$add$../picorv32.v:1598$2139_Y [14], S=\resetn) into $auto$simplemap.cc:420:simplemap_dff$10222 (SB_DFFE).
  Merging $auto$simplemap.cc:277:simplemap_mux$9804 (A=1'0, B=$add$../picorv32.v:1598$2139_Y [15], S=\resetn) into $auto$simplemap.cc:420:simplemap_dff$10223 (SB_DFFE).
  Merging $auto$simplemap.cc:277:simplemap_mux$9805 (A=1'0, B=$add$../picorv32.v:1598$2139_Y [16], S=\resetn) into $auto$simplemap.cc:420:simplemap_dff$10224 (SB_DFFE).
  Merging $auto$simplemap.cc:277:simplemap_mux$9806 (A=1'0, B=$add$../picorv32.v:1598$2139_Y [17], S=\resetn) into $auto$simplemap.cc:420:simplemap_dff$10225 (SB_DFFE).
  Merging $auto$simplemap.cc:277:simplemap_mux$9807 (A=1'0, B=$add$../picorv32.v:1598$2139_Y [18], S=\resetn) into $auto$simplemap.cc:420:simplemap_dff$10226 (SB_DFFE).
  Merging $auto$simplemap.cc:277:simplemap_mux$9808 (A=1'0, B=$add$../picorv32.v:1598$2139_Y [19], S=\resetn) into $auto$simplemap.cc:420:simplemap_dff$10227 (SB_DFFE).
  Merging $auto$simplemap.cc:277:simplemap_mux$9809 (A=1'0, B=$add$../picorv32.v:1598$2139_Y [20], S=\resetn) into $auto$simplemap.cc:420:simplemap_dff$10228 (SB_DFFE).
  Merging $auto$simplemap.cc:277:simplemap_mux$9810 (A=1'0, B=$add$../picorv32.v:1598$2139_Y [21], S=\resetn) into $auto$simplemap.cc:420:simplemap_dff$10229 (SB_DFFE).
  Merging $auto$simplemap.cc:277:simplemap_mux$9811 (A=1'0, B=$add$../picorv32.v:1598$2139_Y [22], S=\resetn) into $auto$simplemap.cc:420:simplemap_dff$10230 (SB_DFFE).
  Merging $auto$simplemap.cc:277:simplemap_mux$9812 (A=1'0, B=$add$../picorv32.v:1598$2139_Y [23], S=\resetn) into $auto$simplemap.cc:420:simplemap_dff$10231 (SB_DFFE).
  Merging $auto$simplemap.cc:277:simplemap_mux$9813 (A=1'0, B=$add$../picorv32.v:1598$2139_Y [24], S=\resetn) into $auto$simplemap.cc:420:simplemap_dff$10232 (SB_DFFE).
  Merging $auto$simplemap.cc:277:simplemap_mux$9814 (A=1'0, B=$add$../picorv32.v:1598$2139_Y [25], S=\resetn) into $auto$simplemap.cc:420:simplemap_dff$10233 (SB_DFFE).
  Merging $auto$simplemap.cc:277:simplemap_mux$9815 (A=1'0, B=$add$../picorv32.v:1598$2139_Y [26], S=\resetn) into $auto$simplemap.cc:420:simplemap_dff$10234 (SB_DFFE).
  Merging $auto$simplemap.cc:277:simplemap_mux$9816 (A=1'0, B=$add$../picorv32.v:1598$2139_Y [27], S=\resetn) into $auto$simplemap.cc:420:simplemap_dff$10235 (SB_DFFE).
  Merging $auto$simplemap.cc:277:simplemap_mux$9817 (A=1'0, B=$add$../picorv32.v:1598$2139_Y [28], S=\resetn) into $auto$simplemap.cc:420:simplemap_dff$10236 (SB_DFFE).
  Merging $auto$simplemap.cc:277:simplemap_mux$9818 (A=1'0, B=$add$../picorv32.v:1598$2139_Y [29], S=\resetn) into $auto$simplemap.cc:420:simplemap_dff$10237 (SB_DFFE).
  Merging $auto$simplemap.cc:277:simplemap_mux$9819 (A=1'0, B=$add$../picorv32.v:1598$2139_Y [30], S=\resetn) into $auto$simplemap.cc:420:simplemap_dff$10238 (SB_DFFE).
  Merging $auto$simplemap.cc:277:simplemap_mux$9820 (A=1'0, B=$add$../picorv32.v:1598$2139_Y [31], S=\resetn) into $auto$simplemap.cc:420:simplemap_dff$10239 (SB_DFFE).
  Merging $auto$simplemap.cc:277:simplemap_mux$9821 (A=1'0, B=$add$../picorv32.v:1598$2139_Y [32], S=\resetn) into $auto$simplemap.cc:420:simplemap_dff$10240 (SB_DFFE).
  Merging $auto$simplemap.cc:277:simplemap_mux$9822 (A=1'0, B=$add$../picorv32.v:1598$2139_Y [33], S=\resetn) into $auto$simplemap.cc:420:simplemap_dff$10241 (SB_DFFE).
  Merging $auto$simplemap.cc:277:simplemap_mux$9823 (A=1'0, B=$add$../picorv32.v:1598$2139_Y [34], S=\resetn) into $auto$simplemap.cc:420:simplemap_dff$10242 (SB_DFFE).
  Merging $auto$simplemap.cc:277:simplemap_mux$9824 (A=1'0, B=$add$../picorv32.v:1598$2139_Y [35], S=\resetn) into $auto$simplemap.cc:420:simplemap_dff$10243 (SB_DFFE).
  Merging $auto$simplemap.cc:277:simplemap_mux$9825 (A=1'0, B=$add$../picorv32.v:1598$2139_Y [36], S=\resetn) into $auto$simplemap.cc:420:simplemap_dff$10244 (SB_DFFE).
  Merging $auto$simplemap.cc:277:simplemap_mux$9826 (A=1'0, B=$add$../picorv32.v:1598$2139_Y [37], S=\resetn) into $auto$simplemap.cc:420:simplemap_dff$10245 (SB_DFFE).
  Merging $auto$simplemap.cc:277:simplemap_mux$9827 (A=1'0, B=$add$../picorv32.v:1598$2139_Y [38], S=\resetn) into $auto$simplemap.cc:420:simplemap_dff$10246 (SB_DFFE).
  Merging $auto$simplemap.cc:277:simplemap_mux$9828 (A=1'0, B=$add$../picorv32.v:1598$2139_Y [39], S=\resetn) into $auto$simplemap.cc:420:simplemap_dff$10247 (SB_DFFE).
  Merging $auto$simplemap.cc:277:simplemap_mux$9829 (A=1'0, B=$add$../picorv32.v:1598$2139_Y [40], S=\resetn) into $auto$simplemap.cc:420:simplemap_dff$10248 (SB_DFFE).
  Merging $auto$simplemap.cc:277:simplemap_mux$9830 (A=1'0, B=$add$../picorv32.v:1598$2139_Y [41], S=\resetn) into $auto$simplemap.cc:420:simplemap_dff$10249 (SB_DFFE).
  Merging $auto$simplemap.cc:277:simplemap_mux$9831 (A=1'0, B=$add$../picorv32.v:1598$2139_Y [42], S=\resetn) into $auto$simplemap.cc:420:simplemap_dff$10250 (SB_DFFE).
  Merging $auto$simplemap.cc:277:simplemap_mux$9832 (A=1'0, B=$add$../picorv32.v:1598$2139_Y [43], S=\resetn) into $auto$simplemap.cc:420:simplemap_dff$10251 (SB_DFFE).
  Merging $auto$simplemap.cc:277:simplemap_mux$9833 (A=1'0, B=$add$../picorv32.v:1598$2139_Y [44], S=\resetn) into $auto$simplemap.cc:420:simplemap_dff$10252 (SB_DFFE).
  Merging $auto$simplemap.cc:277:simplemap_mux$9834 (A=1'0, B=$add$../picorv32.v:1598$2139_Y [45], S=\resetn) into $auto$simplemap.cc:420:simplemap_dff$10253 (SB_DFFE).
  Merging $auto$simplemap.cc:277:simplemap_mux$9835 (A=1'0, B=$add$../picorv32.v:1598$2139_Y [46], S=\resetn) into $auto$simplemap.cc:420:simplemap_dff$10254 (SB_DFFE).
  Merging $auto$simplemap.cc:277:simplemap_mux$9836 (A=1'0, B=$add$../picorv32.v:1598$2139_Y [47], S=\resetn) into $auto$simplemap.cc:420:simplemap_dff$10255 (SB_DFFE).
  Merging $auto$simplemap.cc:277:simplemap_mux$9837 (A=1'0, B=$add$../picorv32.v:1598$2139_Y [48], S=\resetn) into $auto$simplemap.cc:420:simplemap_dff$10256 (SB_DFFE).
  Merging $auto$simplemap.cc:277:simplemap_mux$9838 (A=1'0, B=$add$../picorv32.v:1598$2139_Y [49], S=\resetn) into $auto$simplemap.cc:420:simplemap_dff$10257 (SB_DFFE).
  Merging $auto$simplemap.cc:277:simplemap_mux$9839 (A=1'0, B=$add$../picorv32.v:1598$2139_Y [50], S=\resetn) into $auto$simplemap.cc:420:simplemap_dff$10258 (SB_DFFE).
  Merging $auto$simplemap.cc:277:simplemap_mux$9840 (A=1'0, B=$add$../picorv32.v:1598$2139_Y [51], S=\resetn) into $auto$simplemap.cc:420:simplemap_dff$10259 (SB_DFFE).
  Merging $auto$simplemap.cc:277:simplemap_mux$9841 (A=1'0, B=$add$../picorv32.v:1598$2139_Y [52], S=\resetn) into $auto$simplemap.cc:420:simplemap_dff$10260 (SB_DFFE).
  Merging $auto$simplemap.cc:277:simplemap_mux$9842 (A=1'0, B=$add$../picorv32.v:1598$2139_Y [53], S=\resetn) into $auto$simplemap.cc:420:simplemap_dff$10261 (SB_DFFE).
  Merging $auto$simplemap.cc:277:simplemap_mux$9843 (A=1'0, B=$add$../picorv32.v:1598$2139_Y [54], S=\resetn) into $auto$simplemap.cc:420:simplemap_dff$10262 (SB_DFFE).
  Merging $auto$simplemap.cc:277:simplemap_mux$9844 (A=1'0, B=$add$../picorv32.v:1598$2139_Y [55], S=\resetn) into $auto$simplemap.cc:420:simplemap_dff$10263 (SB_DFFE).
  Merging $auto$simplemap.cc:277:simplemap_mux$9845 (A=1'0, B=$add$../picorv32.v:1598$2139_Y [56], S=\resetn) into $auto$simplemap.cc:420:simplemap_dff$10264 (SB_DFFE).
  Merging $auto$simplemap.cc:277:simplemap_mux$9846 (A=1'0, B=$add$../picorv32.v:1598$2139_Y [57], S=\resetn) into $auto$simplemap.cc:420:simplemap_dff$10265 (SB_DFFE).
  Merging $auto$simplemap.cc:277:simplemap_mux$9847 (A=1'0, B=$add$../picorv32.v:1598$2139_Y [58], S=\resetn) into $auto$simplemap.cc:420:simplemap_dff$10266 (SB_DFFE).
  Merging $auto$simplemap.cc:277:simplemap_mux$9848 (A=1'0, B=$add$../picorv32.v:1598$2139_Y [59], S=\resetn) into $auto$simplemap.cc:420:simplemap_dff$10267 (SB_DFFE).
  Merging $auto$simplemap.cc:277:simplemap_mux$9849 (A=1'0, B=$add$../picorv32.v:1598$2139_Y [60], S=\resetn) into $auto$simplemap.cc:420:simplemap_dff$10268 (SB_DFFE).
  Merging $auto$simplemap.cc:277:simplemap_mux$9850 (A=1'0, B=$add$../picorv32.v:1598$2139_Y [61], S=\resetn) into $auto$simplemap.cc:420:simplemap_dff$10269 (SB_DFFE).
  Merging $auto$simplemap.cc:277:simplemap_mux$9851 (A=1'0, B=$add$../picorv32.v:1598$2139_Y [62], S=\resetn) into $auto$simplemap.cc:420:simplemap_dff$10270 (SB_DFFE).
  Merging $auto$simplemap.cc:277:simplemap_mux$9852 (A=1'0, B=$add$../picorv32.v:1598$2139_Y [63], S=\resetn) into $auto$simplemap.cc:420:simplemap_dff$10271 (SB_DFFE).
  Merging $auto$simplemap.cc:277:simplemap_mux$9629 (A=1'0, B=$3\current_pc[31:0] [0], S=\resetn) into $auto$simplemap.cc:420:simplemap_dff$10272 (SB_DFFE).
  Merging $auto$simplemap.cc:277:simplemap_mux$9630 (A=1'0, B=$3\current_pc[31:0] [1], S=\resetn) into $auto$simplemap.cc:420:simplemap_dff$10273 (SB_DFFE).
  Merging $auto$simplemap.cc:277:simplemap_mux$9631 (A=1'0, B=$3\current_pc[31:0] [2], S=\resetn) into $auto$simplemap.cc:420:simplemap_dff$10274 (SB_DFFE).
  Merging $auto$simplemap.cc:277:simplemap_mux$9632 (A=1'0, B=$3\current_pc[31:0] [3], S=\resetn) into $auto$simplemap.cc:420:simplemap_dff$10275 (SB_DFFE).
  Merging $auto$simplemap.cc:277:simplemap_mux$9633 (A=1'0, B=$3\current_pc[31:0] [4], S=\resetn) into $auto$simplemap.cc:420:simplemap_dff$10276 (SB_DFFE).
  Merging $auto$simplemap.cc:277:simplemap_mux$9634 (A=1'0, B=$3\current_pc[31:0] [5], S=\resetn) into $auto$simplemap.cc:420:simplemap_dff$10277 (SB_DFFE).
  Merging $auto$simplemap.cc:277:simplemap_mux$9635 (A=1'0, B=$3\current_pc[31:0] [6], S=\resetn) into $auto$simplemap.cc:420:simplemap_dff$10278 (SB_DFFE).
  Merging $auto$simplemap.cc:277:simplemap_mux$9797 (A=1'0, B=$add$../picorv32.v:1598$2139_Y [8], S=\resetn) into $auto$simplemap.cc:420:simplemap_dff$10216 (SB_DFFE).
  Merging $auto$simplemap.cc:277:simplemap_mux$9636 (A=1'0, B=$3\current_pc[31:0] [7], S=\resetn) into $auto$simplemap.cc:420:simplemap_dff$10279 (SB_DFFE).
  Merging $auto$simplemap.cc:277:simplemap_mux$9638 (A=1'0, B=$3\current_pc[31:0] [9], S=\resetn) into $auto$simplemap.cc:420:simplemap_dff$10281 (SB_DFFE).
  Merging $auto$simplemap.cc:277:simplemap_mux$9639 (A=1'0, B=$3\current_pc[31:0] [10], S=\resetn) into $auto$simplemap.cc:420:simplemap_dff$10282 (SB_DFFE).
  Merging $auto$simplemap.cc:277:simplemap_mux$9640 (A=1'0, B=$3\current_pc[31:0] [11], S=\resetn) into $auto$simplemap.cc:420:simplemap_dff$10283 (SB_DFFE).
  Merging $auto$simplemap.cc:277:simplemap_mux$9641 (A=1'0, B=$3\current_pc[31:0] [12], S=\resetn) into $auto$simplemap.cc:420:simplemap_dff$10284 (SB_DFFE).
  Merging $auto$simplemap.cc:277:simplemap_mux$9642 (A=1'0, B=$3\current_pc[31:0] [13], S=\resetn) into $auto$simplemap.cc:420:simplemap_dff$10285 (SB_DFFE).
  Merging $auto$simplemap.cc:277:simplemap_mux$9643 (A=1'0, B=$3\current_pc[31:0] [14], S=\resetn) into $auto$simplemap.cc:420:simplemap_dff$10286 (SB_DFFE).
  Merging $auto$simplemap.cc:277:simplemap_mux$9644 (A=1'0, B=$3\current_pc[31:0] [15], S=\resetn) into $auto$simplemap.cc:420:simplemap_dff$10287 (SB_DFFE).
  Merging $auto$simplemap.cc:277:simplemap_mux$9645 (A=1'0, B=$3\current_pc[31:0] [16], S=\resetn) into $auto$simplemap.cc:420:simplemap_dff$10288 (SB_DFFE).
  Merging $auto$simplemap.cc:277:simplemap_mux$9646 (A=1'0, B=$3\current_pc[31:0] [17], S=\resetn) into $auto$simplemap.cc:420:simplemap_dff$10289 (SB_DFFE).
  Merging $auto$simplemap.cc:277:simplemap_mux$9647 (A=1'0, B=$3\current_pc[31:0] [18], S=\resetn) into $auto$simplemap.cc:420:simplemap_dff$10290 (SB_DFFE).
  Merging $auto$simplemap.cc:277:simplemap_mux$9648 (A=1'0, B=$3\current_pc[31:0] [19], S=\resetn) into $auto$simplemap.cc:420:simplemap_dff$10291 (SB_DFFE).
  Merging $auto$simplemap.cc:277:simplemap_mux$9649 (A=1'0, B=$3\current_pc[31:0] [20], S=\resetn) into $auto$simplemap.cc:420:simplemap_dff$10292 (SB_DFFE).
  Merging $auto$simplemap.cc:277:simplemap_mux$9650 (A=1'0, B=$3\current_pc[31:0] [21], S=\resetn) into $auto$simplemap.cc:420:simplemap_dff$10293 (SB_DFFE).
  Merging $auto$simplemap.cc:277:simplemap_mux$9651 (A=1'0, B=$3\current_pc[31:0] [22], S=\resetn) into $auto$simplemap.cc:420:simplemap_dff$10294 (SB_DFFE).
  Merging $auto$simplemap.cc:277:simplemap_mux$9652 (A=1'0, B=$3\current_pc[31:0] [23], S=\resetn) into $auto$simplemap.cc:420:simplemap_dff$10295 (SB_DFFE).
  Merging $auto$simplemap.cc:277:simplemap_mux$9653 (A=1'0, B=$3\current_pc[31:0] [24], S=\resetn) into $auto$simplemap.cc:420:simplemap_dff$10296 (SB_DFFE).
  Merging $auto$simplemap.cc:277:simplemap_mux$9654 (A=1'0, B=$3\current_pc[31:0] [25], S=\resetn) into $auto$simplemap.cc:420:simplemap_dff$10297 (SB_DFFE).
  Merging $auto$simplemap.cc:277:simplemap_mux$9655 (A=1'0, B=$3\current_pc[31:0] [26], S=\resetn) into $auto$simplemap.cc:420:simplemap_dff$10298 (SB_DFFE).
  Merging $auto$simplemap.cc:277:simplemap_mux$9656 (A=1'0, B=$3\current_pc[31:0] [27], S=\resetn) into $auto$simplemap.cc:420:simplemap_dff$10299 (SB_DFFE).
  Merging $auto$simplemap.cc:277:simplemap_mux$9657 (A=1'0, B=$3\current_pc[31:0] [28], S=\resetn) into $auto$simplemap.cc:420:simplemap_dff$10300 (SB_DFFE).
  Merging $auto$simplemap.cc:277:simplemap_mux$9658 (A=1'0, B=$3\current_pc[31:0] [29], S=\resetn) into $auto$simplemap.cc:420:simplemap_dff$10301 (SB_DFFE).
  Merging $auto$simplemap.cc:277:simplemap_mux$9659 (A=1'0, B=$3\current_pc[31:0] [30], S=\resetn) into $auto$simplemap.cc:420:simplemap_dff$10302 (SB_DFFE).
  Merging $auto$simplemap.cc:277:simplemap_mux$9660 (A=1'0, B=$3\current_pc[31:0] [31], S=\resetn) into $auto$simplemap.cc:420:simplemap_dff$10303 (SB_DFFE).
  Merging $auto$simplemap.cc:277:simplemap_mux$9564 (A=1'0, B=$procmux$4867_Y [0], S=\resetn) into $auto$simplemap.cc:420:simplemap_dff$10304 (SB_DFFE).
  Merging $auto$simplemap.cc:277:simplemap_mux$9565 (A=1'0, B=$procmux$4867_Y [1], S=\resetn) into $auto$simplemap.cc:420:simplemap_dff$10305 (SB_DFFE).
  Merging $auto$simplemap.cc:277:simplemap_mux$9566 (A=1'0, B=$procmux$4867_Y [2], S=\resetn) into $auto$simplemap.cc:420:simplemap_dff$10306 (SB_DFFE).
  Merging $auto$simplemap.cc:277:simplemap_mux$9567 (A=1'0, B=$procmux$4867_Y [3], S=\resetn) into $auto$simplemap.cc:420:simplemap_dff$10307 (SB_DFFE).
  Merging $auto$simplemap.cc:277:simplemap_mux$9568 (A=1'0, B=$procmux$4867_Y [4], S=\resetn) into $auto$simplemap.cc:420:simplemap_dff$10308 (SB_DFFE).
  Merging $auto$simplemap.cc:277:simplemap_mux$9569 (A=1'0, B=$procmux$4867_Y [5], S=\resetn) into $auto$simplemap.cc:420:simplemap_dff$10309 (SB_DFFE).
  Merging $auto$simplemap.cc:277:simplemap_mux$9570 (A=1'0, B=$procmux$4867_Y [6], S=\resetn) into $auto$simplemap.cc:420:simplemap_dff$10310 (SB_DFFE).
  Merging $auto$simplemap.cc:277:simplemap_mux$9637 (A=1'0, B=$3\current_pc[31:0] [8], S=\resetn) into $auto$simplemap.cc:420:simplemap_dff$10280 (SB_DFFE).
  Merging $auto$simplemap.cc:277:simplemap_mux$9571 (A=1'0, B=$procmux$4867_Y [7], S=\resetn) into $auto$simplemap.cc:420:simplemap_dff$10311 (SB_DFFE).
  Merging $auto$simplemap.cc:277:simplemap_mux$9573 (A=1'0, B=$procmux$4867_Y [9], S=\resetn) into $auto$simplemap.cc:420:simplemap_dff$10313 (SB_DFFE).
  Merging $auto$simplemap.cc:277:simplemap_mux$9574 (A=1'0, B=$procmux$4867_Y [10], S=\resetn) into $auto$simplemap.cc:420:simplemap_dff$10314 (SB_DFFE).
  Merging $auto$simplemap.cc:277:simplemap_mux$9575 (A=1'0, B=$procmux$4867_Y [11], S=\resetn) into $auto$simplemap.cc:420:simplemap_dff$10315 (SB_DFFE).
  Merging $auto$simplemap.cc:277:simplemap_mux$9576 (A=1'0, B=$procmux$4867_Y [12], S=\resetn) into $auto$simplemap.cc:420:simplemap_dff$10316 (SB_DFFE).
  Merging $auto$simplemap.cc:277:simplemap_mux$9577 (A=1'0, B=$procmux$4867_Y [13], S=\resetn) into $auto$simplemap.cc:420:simplemap_dff$10317 (SB_DFFE).
  Merging $auto$simplemap.cc:277:simplemap_mux$9578 (A=1'0, B=$procmux$4867_Y [14], S=\resetn) into $auto$simplemap.cc:420:simplemap_dff$10318 (SB_DFFE).
  Merging $auto$simplemap.cc:277:simplemap_mux$9579 (A=1'0, B=$procmux$4867_Y [15], S=\resetn) into $auto$simplemap.cc:420:simplemap_dff$10319 (SB_DFFE).
  Merging $auto$simplemap.cc:277:simplemap_mux$9580 (A=1'0, B=$procmux$4867_Y [16], S=\resetn) into $auto$simplemap.cc:420:simplemap_dff$10320 (SB_DFFE).
  Merging $auto$simplemap.cc:277:simplemap_mux$9581 (A=1'0, B=$procmux$4867_Y [17], S=\resetn) into $auto$simplemap.cc:420:simplemap_dff$10321 (SB_DFFE).
  Merging $auto$simplemap.cc:277:simplemap_mux$9582 (A=1'0, B=$procmux$4867_Y [18], S=\resetn) into $auto$simplemap.cc:420:simplemap_dff$10322 (SB_DFFE).
  Merging $auto$simplemap.cc:277:simplemap_mux$9583 (A=1'0, B=$procmux$4867_Y [19], S=\resetn) into $auto$simplemap.cc:420:simplemap_dff$10323 (SB_DFFE).
  Merging $auto$simplemap.cc:277:simplemap_mux$9584 (A=1'0, B=$procmux$4867_Y [20], S=\resetn) into $auto$simplemap.cc:420:simplemap_dff$10324 (SB_DFFE).
  Merging $auto$simplemap.cc:277:simplemap_mux$9585 (A=1'0, B=$procmux$4867_Y [21], S=\resetn) into $auto$simplemap.cc:420:simplemap_dff$10325 (SB_DFFE).
  Merging $auto$simplemap.cc:277:simplemap_mux$9586 (A=1'0, B=$procmux$4867_Y [22], S=\resetn) into $auto$simplemap.cc:420:simplemap_dff$10326 (SB_DFFE).
  Merging $auto$simplemap.cc:277:simplemap_mux$9587 (A=1'0, B=$procmux$4867_Y [23], S=\resetn) into $auto$simplemap.cc:420:simplemap_dff$10327 (SB_DFFE).
  Merging $auto$simplemap.cc:277:simplemap_mux$9588 (A=1'0, B=$procmux$4867_Y [24], S=\resetn) into $auto$simplemap.cc:420:simplemap_dff$10328 (SB_DFFE).
  Merging $auto$simplemap.cc:277:simplemap_mux$9589 (A=1'0, B=$procmux$4867_Y [25], S=\resetn) into $auto$simplemap.cc:420:simplemap_dff$10329 (SB_DFFE).
  Merging $auto$simplemap.cc:277:simplemap_mux$9590 (A=1'0, B=$procmux$4867_Y [26], S=\resetn) into $auto$simplemap.cc:420:simplemap_dff$10330 (SB_DFFE).
  Merging $auto$simplemap.cc:277:simplemap_mux$9591 (A=1'0, B=$procmux$4867_Y [27], S=\resetn) into $auto$simplemap.cc:420:simplemap_dff$10331 (SB_DFFE).
  Merging $auto$simplemap.cc:277:simplemap_mux$9592 (A=1'0, B=$procmux$4867_Y [28], S=\resetn) into $auto$simplemap.cc:420:simplemap_dff$10332 (SB_DFFE).
  Merging $auto$simplemap.cc:277:simplemap_mux$9593 (A=1'0, B=$procmux$4867_Y [29], S=\resetn) into $auto$simplemap.cc:420:simplemap_dff$10333 (SB_DFFE).
  Merging $auto$simplemap.cc:277:simplemap_mux$9594 (A=1'0, B=$procmux$4867_Y [30], S=\resetn) into $auto$simplemap.cc:420:simplemap_dff$10334 (SB_DFFE).
  Merging $auto$simplemap.cc:277:simplemap_mux$9595 (A=1'0, B=$procmux$4867_Y [31], S=\resetn) into $auto$simplemap.cc:420:simplemap_dff$10335 (SB_DFFE).
  Merging $auto$simplemap.cc:277:simplemap_mux$9572 (A=1'0, B=$procmux$4867_Y [8], S=\resetn) into $auto$simplemap.cc:420:simplemap_dff$10312 (SB_DFFE).
  Merging $auto$simplemap.cc:277:simplemap_mux$9086 (A=$logic_and$../picorv32.v:1607$2143_Y, B=1'0, S=$logic_or$../picorv32.v:1983$2256_Y) into $auto$simplemap.cc:420:simplemap_dff$10449 (SB_DFFE).
  Merging $auto$simplemap.cc:277:simplemap_mux$9080 (A=$procmux$4647_Y, B=1'1, S=$0\set_mem_do_rinst[0:0]) into $auto$simplemap.cc:420:simplemap_dff$10450 (SB_DFFE).
  Merging $auto$simplemap.cc:277:simplemap_mux$8681 (A=1'0, B=$2\set_mem_do_rdata[0:0], S=\resetn) into $auto$simplemap.cc:420:simplemap_dff$10451 (SB_DFFE).
  Merging $auto$simplemap.cc:277:simplemap_mux$8680 (A=1'0, B=$2\set_mem_do_wdata[0:0], S=\resetn) into $auto$simplemap.cc:420:simplemap_dff$10452 (SB_DFFE).
  Merging $auto$simplemap.cc:277:simplemap_mux$8875 (A=1'0, B=$procmux$4301.B_AND_S [0], S=\resetn) into $auto$simplemap.cc:420:simplemap_dff$10456 (SB_DFFE).
  Merging $auto$simplemap.cc:277:simplemap_mux$8857 (A=1'0, B=$procmux$4265.Y_B, S=\resetn) into $auto$simplemap.cc:420:simplemap_dff$10457 (SB_DFFE).
  Merging $auto$simplemap.cc:277:simplemap_mux$8851 (A=1'0, B=$procmux$4207.B_AND_S [0], S=\resetn) into $auto$simplemap.cc:420:simplemap_dff$10459 (SB_DFFE).
  Merging $auto$simplemap.cc:277:simplemap_mux$8846 (A=1'0, B=$procmux$4194.B_AND_S [0], S=\resetn) into $auto$simplemap.cc:420:simplemap_dff$10460 (SB_DFFE).
  Merging $auto$simplemap.cc:277:simplemap_mux$8687 (A=1'0, B=$procmux$3938_Y, S=\resetn) into $auto$simplemap.cc:420:simplemap_dff$10454 (SB_DFF).
  Merging $auto$simplemap.cc:277:simplemap_mux$8904 (A=1'0, B=$procmux$4308.Y_B, S=\resetn) into $auto$simplemap.cc:420:simplemap_dff$10455 (SB_DFFE).
  Merging $auto$simplemap.cc:277:simplemap_mux$6137 (A=$0$memwr$\cpuregs$../picorv32.v:1378$1592_EN[31:0]$2065 [31], B=1'0, S=$auto$simplemap.cc:256:simplemap_eqne$6037) into $auto$simplemap.cc:420:simplemap_dff$5734 (SB_DFF).
  Merging $auto$simplemap.cc:277:simplemap_mux$8903 (A=$0$memwr$\cpuregs$../picorv32.v:1378$1592_EN[31:0]$2065 [31], B=1'0, S=$auto$simplemap.cc:256:simplemap_eqne$8891) into $auto$simplemap.cc:420:simplemap_dff$8938 (SB_DFF).
  Merging $auto$simplemap.cc:277:simplemap_mux$8200 (A=$logic_or$../picorv32.v:381$1643_Y, B=1'0, S=\mem_do_wdata) into $auto$simplemap.cc:420:simplemap_dff$9890 (SB_DFFE).
  Merging $auto$simplemap.cc:277:simplemap_mux$8253 (A=$procmux$2636.Y_B, B=1'0, S=$logic_or$../picorv32.v:567$1717_Y) into $auto$simplemap.cc:420:simplemap_dff$9889 (SB_DFFE).
  Merging $auto$simplemap.cc:277:simplemap_mux$8010 (A=$procmux$2578.Y_B [0], B=1'0, S=$logic_or$../picorv32.v:567$1717_Y) into $auto$simplemap.cc:420:simplemap_dff$9959 (SB_DFFE).
  Merging $auto$simplemap.cc:277:simplemap_mux$8329 (A=1'0, B=$logic_and$../picorv32.v:1041$1827_Y, S=\resetn) into $auto$simplemap.cc:420:simplemap_dff$9965 (SB_DFFE).
  Merging $auto$simplemap.cc:277:simplemap_mux$8267 (A=1'0, B=$logic_and$../picorv32.v:1042$1829_Y, S=\resetn) into $auto$simplemap.cc:420:simplemap_dff$9966 (SB_DFFE).
  Merging $auto$simplemap.cc:277:simplemap_mux$7955 (A=1'0, B=$logic_and$../picorv32.v:1043$1831_Y, S=\resetn) into $auto$simplemap.cc:420:simplemap_dff$9967 (SB_DFFE).
  Merging $auto$simplemap.cc:277:simplemap_mux$7903 (A=1'0, B=$logic_and$../picorv32.v:1044$1833_Y, S=\resetn) into $auto$simplemap.cc:420:simplemap_dff$9968 (SB_DFFE).
  Merging $auto$simplemap.cc:277:simplemap_mux$8330 (A=1'0, B=$logic_and$../picorv32.v:1045$1835_Y, S=\resetn) into $auto$simplemap.cc:420:simplemap_dff$9969 (SB_DFFE).
  Merging $auto$simplemap.cc:277:simplemap_mux$8317 (A=1'0, B=$logic_and$../picorv32.v:1058$1855_Y, S=\resetn) into $auto$simplemap.cc:420:simplemap_dff$9979 (SB_DFFE).
  Merging $auto$simplemap.cc:277:simplemap_mux$8327 (A=1'0, B=$logic_and$../picorv32.v:1046$1837_Y, S=\resetn) into $auto$simplemap.cc:420:simplemap_dff$9970 (SB_DFFE).
  Merging $auto$simplemap.cc:277:simplemap_mux$8315 (A=1'0, B=$logic_and$../picorv32.v:1059$1857_Y, S=\resetn) into $auto$simplemap.cc:420:simplemap_dff$9980 (SB_DFFE).
  Merging $auto$simplemap.cc:277:simplemap_mux$8313 (A=1'0, B=$logic_and$../picorv32.v:1060$1859_Y, S=\resetn) into $auto$simplemap.cc:420:simplemap_dff$9981 (SB_DFFE).
  Merging $auto$simplemap.cc:277:simplemap_mux$8311 (A=1'0, B=$logic_and$../picorv32.v:1061$1861_Y, S=\resetn) into $auto$simplemap.cc:420:simplemap_dff$9982 (SB_DFFE).
  Merging $auto$simplemap.cc:277:simplemap_mux$8309 (A=1'0, B=$logic_and$../picorv32.v:1062$1863_Y, S=\resetn) into $auto$simplemap.cc:420:simplemap_dff$9983 (SB_DFFE).
  Merging $auto$simplemap.cc:277:simplemap_mux$8307 (A=1'0, B=$logic_and$../picorv32.v:1063$1865_Y, S=\resetn) into $auto$simplemap.cc:420:simplemap_dff$9984 (SB_DFFE).
  Merging $auto$simplemap.cc:277:simplemap_mux$8288 (A=1'0, B=$logic_and$../picorv32.v:1076$1909_Y, S=\resetn) into $auto$simplemap.cc:420:simplemap_dff$9995 (SB_DFFE).
  Merging $auto$simplemap.cc:277:simplemap_mux$8302 (A=1'0, B=$logic_and$../picorv32.v:1069$1881_Y, S=\resetn) into $auto$simplemap.cc:420:simplemap_dff$9988 (SB_DFFE).
  Merging $auto$simplemap.cc:277:simplemap_mux$8301 (A=1'0, B=$logic_and$../picorv32.v:1070$1885_Y, S=\resetn) into $auto$simplemap.cc:420:simplemap_dff$9989 (SB_DFFE).
  Merging $auto$simplemap.cc:277:simplemap_mux$8298 (A=1'0, B=$logic_and$../picorv32.v:1071$1889_Y, S=\resetn) into $auto$simplemap.cc:420:simplemap_dff$9990 (SB_DFFE).
  Merging $auto$simplemap.cc:277:simplemap_mux$8296 (A=1'0, B=$logic_and$../picorv32.v:1072$1893_Y, S=\resetn) into $auto$simplemap.cc:420:simplemap_dff$9991 (SB_DFFE).
  Merging $auto$simplemap.cc:277:simplemap_mux$8294 (A=1'0, B=$logic_and$../picorv32.v:1073$1897_Y, S=\resetn) into $auto$simplemap.cc:420:simplemap_dff$9992 (SB_DFFE).
  Merging $auto$simplemap.cc:277:simplemap_mux$8292 (A=1'0, B=$logic_and$../picorv32.v:1074$1901_Y, S=\resetn) into $auto$simplemap.cc:420:simplemap_dff$9993 (SB_DFFE).
  Merging $auto$simplemap.cc:277:simplemap_mux$8278 (A=1'0, B=$logic_and$../picorv32.v:1089$1954_Y, S=\resetn) into $auto$simplemap.cc:420:simplemap_dff$10003 (SB_DFFE).
  Merging $auto$simplemap.cc:277:simplemap_mux$8286 (A=1'0, B=$logic_and$../picorv32.v:1077$1913_Y, S=\resetn) into $auto$simplemap.cc:420:simplemap_dff$9996 (SB_DFFE).
  Merging $auto$simplemap.cc:277:simplemap_mux$8284 (A=1'0, B=$logic_and$../picorv32.v:1078$1917_Y, S=\resetn) into $auto$simplemap.cc:420:simplemap_dff$9997 (SB_DFFE).

5.39. Executing ICE40_OPT pass (performing simple optimizations).

5.39.1. Running ICE40 specific optimizations.

5.39.2. Executing OPT_EXPR pass (perform const folding).
Optimizing module picorv32.
<suppressed ~355 debug messages>

5.39.3. Executing OPT_MERGE pass (detect identical cells).
Finding identical cells in module `\picorv32'.
<suppressed ~3924 debug messages>
Removed a total of 1308 cells.

5.39.4. Executing OPT_RMDFF pass (remove dff with constant values).

5.39.5. Executing OPT_CLEAN pass (remove unused cells and wires).
Finding unused cells or wires in module \picorv32..
Removed 263 unused cells and 4706 unused wires.
<suppressed ~264 debug messages>

5.39.6. Rerunning OPT passes. (Removed registers in this run.)

5.39.7. Running ICE40 specific optimizations.

5.39.8. Executing OPT_EXPR pass (perform const folding).
Optimizing module picorv32.

5.39.9. Executing OPT_MERGE pass (detect identical cells).
Finding identical cells in module `\picorv32'.
Removed a total of 0 cells.

5.39.10. Executing OPT_RMDFF pass (remove dff with constant values).

5.39.11. Executing OPT_CLEAN pass (remove unused cells and wires).
Finding unused cells or wires in module \picorv32..

5.39.12. Finished OPT passes. (There is nothing left to do.)

5.40. Executing TECHMAP pass (map to technology primitives).

5.40.1. Executing Verilog-2005 frontend: /usr/bin/../share/yosys/ice40/latches_map.v
Parsing Verilog input from `/usr/bin/../share/yosys/ice40/latches_map.v' to AST representation.
Generating RTLIL representation for module `\$_DLATCH_N_'.
Generating RTLIL representation for module `\$_DLATCH_P_'.
Successfully finished Verilog frontend.

5.40.2. Continuing TECHMAP pass.
No more expansions possible.

5.41. Executing ABC pass (technology mapping using ABC).

5.41.1. Extracting gate netlist of module `\picorv32' to `<abc-temp-dir>/input.blif'..
Extracted 3264 gates and 4153 wires to a netlist network with 887 inputs and 527 outputs.

5.41.1.1. Executing ABC.
Running ABC command: berkeley-abc -s -f <abc-temp-dir>/abc.script 2>&1
ABC: ABC command line: "source <abc-temp-dir>/abc.script".
ABC: 
ABC: + read_blif <abc-temp-dir>/input.blif 
ABC: + read_lut <abc-temp-dir>/lutdefs.txt 
ABC: + strash 
ABC: + ifraig 
ABC: + scorr 
ABC: Warning: The network is combinational (run "fraig" or "fraig_sweep").
ABC: + dc2 
ABC: + dretime 
ABC: + retime 
ABC: + strash 
ABC: + dch -f 
ABC: + if 
ABC: + mfs2 
ABC: + lutpack -S 1 
ABC: + dress 
ABC: Total number of equiv classes                =     975.
ABC: Participating nodes from both networks       =    2006.
ABC: Participating nodes from the first network   =     977. (  71.00 % of nodes)
ABC: Participating nodes from the second network  =    1029. (  74.78 % of nodes)
ABC: Node pairs (any polarity)                    =     977. (  71.00 % of names can be moved)
ABC: Node pairs (same polarity)                   =     691. (  50.22 % of names can be moved)
ABC: Total runtime =     0.07 sec
ABC: + write_blif <abc-temp-dir>/output.blif 

5.41.1.2. Re-integrating ABC results.
ABC RESULTS:              $lut cells:     2750
ABC RESULTS:        internal signals:     2739
ABC RESULTS:           input signals:      887
ABC RESULTS:          output signals:      527
Removing temp directory.
Removed 0 unused cells and 1997 unused wires.

5.42. Executing TECHMAP pass (map to technology primitives).

5.42.1. Executing Verilog-2005 frontend: /usr/bin/../share/yosys/ice40/cells_map.v
Parsing Verilog input from `/usr/bin/../share/yosys/ice40/cells_map.v' to AST representation.
Generating RTLIL representation for module `\$_DFF_N_'.
Generating RTLIL representation for module `\$_DFF_P_'.
Generating RTLIL representation for module `\$_DFFE_NN_'.
Generating RTLIL representation for module `\$_DFFE_PN_'.
Generating RTLIL representation for module `\$_DFFE_NP_'.
Generating RTLIL representation for module `\$_DFFE_PP_'.
Generating RTLIL representation for module `\$_DFF_NN0_'.
Generating RTLIL representation for module `\$_DFF_NN1_'.
Generating RTLIL representation for module `\$_DFF_PN0_'.
Generating RTLIL representation for module `\$_DFF_PN1_'.
Generating RTLIL representation for module `\$_DFF_NP0_'.
Generating RTLIL representation for module `\$_DFF_NP1_'.
Generating RTLIL representation for module `\$_DFF_PP0_'.
Generating RTLIL representation for module `\$_DFF_PP1_'.
Generating RTLIL representation for module `\$__DFFE_NN0'.
Generating RTLIL representation for module `\$__DFFE_NN1'.
Generating RTLIL representation for module `\$__DFFE_PN0'.
Generating RTLIL representation for module `\$__DFFE_PN1'.
Generating RTLIL representation for module `\$__DFFE_NP0'.
Generating RTLIL representation for module `\$__DFFE_NP1'.
Generating RTLIL representation for module `\$__DFFE_PP0'.
Generating RTLIL representation for module `\$__DFFE_PP1'.
Generating RTLIL representation for module `\$lut'.
Successfully finished Verilog frontend.

5.42.2. Continuing TECHMAP pass.
Using template $paramod\$lut\WIDTH=2\LUT=4'0001 for cells of type $lut.
Using template $paramod\$lut\WIDTH=4\LUT=16'1000110011001111 for cells of type $lut.
Using template $paramod\$lut\WIDTH=4\LUT=16'1110101100000000 for cells of type $lut.
Using template $paramod\$lut\WIDTH=4\LUT=16'0000000000000001 for cells of type $lut.
Using template $paramod\$lut\WIDTH=3\LUT=8'00110101 for cells of type $lut.
Using template $paramod\$lut\WIDTH=3\LUT=8'10110000 for cells of type $lut.
Using template $paramod\$lut\WIDTH=3\LUT=8'01110000 for cells of type $lut.
Using template $paramod\$lut\WIDTH=4\LUT=16'0011010100000000 for cells of type $lut.
Using template $paramod\$lut\WIDTH=4\LUT=16'0001110000000000 for cells of type $lut.
Using template $paramod\$lut\WIDTH=4\LUT=16'1111000100111111 for cells of type $lut.
Using template $paramod\$lut\WIDTH=2\LUT=4'0100 for cells of type $lut.
Using template $paramod\$lut\WIDTH=4\LUT=16'0011010111111111 for cells of type $lut.
Using template $paramod\$lut\WIDTH=4\LUT=16'0111000001110111 for cells of type $lut.
Using template $paramod\$lut\WIDTH=3\LUT=8'00001011 for cells of type $lut.
Using template $paramod\$lut\WIDTH=4\LUT=16'1100101000000000 for cells of type $lut.
Using template $paramod\$lut\WIDTH=4\LUT=16'1111100000000000 for cells of type $lut.
Using template $paramod\$lut\WIDTH=3\LUT=8'10000000 for cells of type $lut.
Using template $paramod\$lut\WIDTH=3\LUT=8'00000001 for cells of type $lut.
Using template $paramod\$lut\WIDTH=4\LUT=16'1110000000000000 for cells of type $lut.
Using template $paramod\$lut\WIDTH=4\LUT=16'0000111000000000 for cells of type $lut.
Using template $paramod\$lut\WIDTH=4\LUT=16'0000110100000000 for cells of type $lut.
Using template $paramod\$lut\WIDTH=4\LUT=16'0000000000000111 for cells of type $lut.
Using template $paramod\$lut\WIDTH=4\LUT=16'1111010000000000 for cells of type $lut.
Using template $paramod\$lut\WIDTH=3\LUT=8'01000000 for cells of type $lut.
Using template $paramod\$lut\WIDTH=3\LUT=8'00001101 for cells of type $lut.
Using template $paramod\$lut\WIDTH=4\LUT=16'1111001011111111 for cells of type $lut.
Using template $paramod\$lut\WIDTH=3\LUT=8'11100000 for cells of type $lut.
Using template $paramod\$lut\WIDTH=4\LUT=16'0000011101110111 for cells of type $lut.
Using template $paramod\$lut\WIDTH=4\LUT=16'0000000000011111 for cells of type $lut.
Using template $paramod\$lut\WIDTH=4\LUT=16'1111100011111111 for cells of type $lut.
Using template $paramod\$lut\WIDTH=4\LUT=16'0100000000000000 for cells of type $lut.
Using template $paramod\$lut\WIDTH=2\LUT=4'1001 for cells of type $lut.
Using template $paramod\$lut\WIDTH=3\LUT=8'11001010 for cells of type $lut.
Using template $paramod\$lut\WIDTH=3\LUT=8'10101100 for cells of type $lut.
Using template $paramod\$lut\WIDTH=2\LUT=4'1011 for cells of type $lut.
Using template $paramod\$lut\WIDTH=4\LUT=16'0001000000000000 for cells of type $lut.
Using template $paramod\$lut\WIDTH=3\LUT=8'11010000 for cells of type $lut.
Using template $paramod\$lut\WIDTH=4\LUT=16'1010110000000000 for cells of type $lut.
Using template $paramod\$lut\WIDTH=4\LUT=16'1001000000001001 for cells of type $lut.
Using template $paramod\$lut\WIDTH=4\LUT=16'1000000000000000 for cells of type $lut.
Using template $paramod\$lut\WIDTH=3\LUT=8'10010110 for cells of type $lut.
Using template $paramod\$lut\WIDTH=3\LUT=8'01010011 for cells of type $lut.
Using template $paramod\$lut\WIDTH=4\LUT=16'1101001100000000 for cells of type $lut.
Using template $paramod\$lut\WIDTH=4\LUT=16'1111111111111110 for cells of type $lut.
Using template $paramod\$lut\WIDTH=4\LUT=16'1111111111111000 for cells of type $lut.
Using template $paramod\$lut\WIDTH=3\LUT=8'00010000 for cells of type $lut.
Using template $paramod\$lut\WIDTH=4\LUT=16'1000111110001000 for cells of type $lut.
Using template $paramod\$lut\WIDTH=3\LUT=8'00010100 for cells of type $lut.
Using template $paramod\$lut\WIDTH=3\LUT=8'11101111 for cells of type $lut.
Using template $paramod\$lut\WIDTH=4\LUT=16'0000111110111011 for cells of type $lut.
Using template $paramod\$lut\WIDTH=4\LUT=16'1011000011111111 for cells of type $lut.
Using template $paramod\$lut\WIDTH=4\LUT=16'0000000100000000 for cells of type $lut.
Using template $paramod\$lut\WIDTH=3\LUT=8'00000111 for cells of type $lut.
Using template $paramod\$lut\WIDTH=4\LUT=16'1000111100000000 for cells of type $lut.
Using template $paramod\$lut\WIDTH=4\LUT=16'1111000100000000 for cells of type $lut.
Using template $paramod\$lut\WIDTH=4\LUT=16'1110111100000000 for cells of type $lut.
Using template $paramod\$lut\WIDTH=3\LUT=8'11111000 for cells of type $lut.
Using template $paramod\$lut\WIDTH=4\LUT=16'1111010011001111 for cells of type $lut.
Using template $paramod\$lut\WIDTH=4\LUT=16'1111100011001111 for cells of type $lut.
Using template $paramod\$lut\WIDTH=2\LUT=4'0111 for cells of type $lut.
Using template $paramod\$lut\WIDTH=2\LUT=4'1110 for cells of type $lut.
Using template $paramod\$lut\WIDTH=4\LUT=16'1111111000000000 for cells of type $lut.
Using template $paramod\$lut\WIDTH=2\LUT=4'1000 for cells of type $lut.
Using template $paramod\$lut\WIDTH=4\LUT=16'0000000011110100 for cells of type $lut.
Using template $paramod\$lut\WIDTH=4\LUT=16'1111000001000100 for cells of type $lut.
Using template $paramod\$lut\WIDTH=3\LUT=8'10001111 for cells of type $lut.
Using template $paramod\$lut\WIDTH=4\LUT=16'1111001000111111 for cells of type $lut.
Using template $paramod\$lut\WIDTH=4\LUT=16'1010110011111111 for cells of type $lut.
Using template $paramod\$lut\WIDTH=4\LUT=16'1111010011111111 for cells of type $lut.
Using template $paramod\$lut\WIDTH=4\LUT=16'1111100010001000 for cells of type $lut.
Using template $paramod\$lut\WIDTH=4\LUT=16'1111111111100000 for cells of type $lut.
Using template $paramod\$lut\WIDTH=4\LUT=16'1110000011111111 for cells of type $lut.
Using template $paramod\$lut\WIDTH=3\LUT=8'01001111 for cells of type $lut.
Using template $paramod\$lut\WIDTH=3\LUT=8'11111110 for cells of type $lut.
Using template $paramod\$lut\WIDTH=4\LUT=16'1111111110110000 for cells of type $lut.
Using template $paramod\$lut\WIDTH=4\LUT=16'0000000010111111 for cells of type $lut.
Using template $paramod\$lut\WIDTH=4\LUT=16'1111111100001011 for cells of type $lut.
Using template $paramod\$lut\WIDTH=3\LUT=8'11110100 for cells of type $lut.
Using template $paramod\$lut\WIDTH=4\LUT=16'0000001100000101 for cells of type $lut.
Using template $paramod\$lut\WIDTH=4\LUT=16'0111111100000000 for cells of type $lut.
Using template $paramod\$lut\WIDTH=4\LUT=16'1011101100001111 for cells of type $lut.
Using template $paramod\$lut\WIDTH=4\LUT=16'0000000010001111 for cells of type $lut.
Using template $paramod\$lut\WIDTH=4\LUT=16'0011000010111111 for cells of type $lut.
Using template $paramod\$lut\WIDTH=4\LUT=16'0000101000001100 for cells of type $lut.
Using template $paramod\$lut\WIDTH=4\LUT=16'1100001110100101 for cells of type $lut.
Using template $paramod\$lut\WIDTH=3\LUT=8'01111111 for cells of type $lut.
Using template $paramod\$lut\WIDTH=4\LUT=16'0000000000001101 for cells of type $lut.
Using template $paramod\$lut\WIDTH=4\LUT=16'1111111100010000 for cells of type $lut.
Using template $paramod\$lut\WIDTH=4\LUT=16'1010000011001111 for cells of type $lut.
Using template $paramod\$lut\WIDTH=4\LUT=16'0001111111111111 for cells of type $lut.
Using template $paramod\$lut\WIDTH=4\LUT=16'0100111111111111 for cells of type $lut.
Using template $paramod\$lut\WIDTH=4\LUT=16'0101001111111111 for cells of type $lut.
Using template $paramod\$lut\WIDTH=1\LUT=2'01 for cells of type $lut.
Using template $paramod\$lut\WIDTH=4\LUT=16'1000111111111111 for cells of type $lut.
Using template $paramod\$lut\WIDTH=3\LUT=8'00111010 for cells of type $lut.
Using template $paramod\$lut\WIDTH=4\LUT=16'0100000000110111 for cells of type $lut.
Using template $paramod\$lut\WIDTH=4\LUT=16'1010110011001100 for cells of type $lut.
Using template $paramod\$lut\WIDTH=4\LUT=16'0000110000001010 for cells of type $lut.
Using template $paramod\$lut\WIDTH=4\LUT=16'1010001111001100 for cells of type $lut.
Using template $paramod\$lut\WIDTH=3\LUT=8'10111111 for cells of type $lut.
Using template $paramod\$lut\WIDTH=4\LUT=16'0101110000000000 for cells of type $lut.
Using template $paramod\$lut\WIDTH=4\LUT=16'1111111101110000 for cells of type $lut.
Using template $paramod\$lut\WIDTH=4\LUT=16'1111111111110010 for cells of type $lut.
Using template $paramod\$lut\WIDTH=3\LUT=8'00001110 for cells of type $lut.
Using template $paramod\$lut\WIDTH=4\LUT=16'1010001111111111 for cells of type $lut.
Using template $paramod\$lut\WIDTH=4\LUT=16'0101010100111100 for cells of type $lut.
Using template $paramod\$lut\WIDTH=4\LUT=16'1111111101000000 for cells of type $lut.
Using template $paramod\$lut\WIDTH=4\LUT=16'1111001111110101 for cells of type $lut.
Using template $paramod\$lut\WIDTH=4\LUT=16'1011000010111011 for cells of type $lut.
No more expansions possible.
<suppressed ~2573 debug messages>
Removed 0 unused cells and 2748 unused wires.

5.43. Executing HIERARCHY pass (managing design hierarchy).

5.43.1. Analyzing design hierarchy..
Top module:  \picorv32

5.43.2. Analyzing design hierarchy..
Top module:  \picorv32
Removed 0 unused modules.

5.44. Printing statistics.

=== picorv32 ===

   Number of wires:               1475
   Number of wire bits:           3511
   Number of public wires:         153
   Number of public wire bits:    1471
   Number of memories:               0
   Number of memory bits:            0
   Number of processes:              0
   Number of cells:               2732
     SB_CARRY                      378
     SB_DFF                        152
     SB_DFFE                       206
     SB_DFFESR                     196
     SB_DFFESS                       1
     SB_DFFSR                       68
     SB_LUT4                      1727
     SB_RAM40_4K                     4

5.45. Executing CHECK pass (checking for obvious problems).
checking module picorv32..
found and reported 0 problems.

6. Printing statistics.

=== picorv32 ===

   Number of wires:               1475
   Number of wire bits:           3511
   Number of public wires:         153
   Number of public wire bits:    1471
   Number of memories:               0
   Number of memory bits:            0
   Number of processes:              0
   Number of cells:               2732
     SB_CARRY                      378
     SB_DFF                        152
     SB_DFFE                       206
     SB_DFFESR                     196
     SB_DFFESS                       1
     SB_DFFSR                       68
     SB_LUT4                      1727
     SB_RAM40_4K                     4

End of script. Logfile hash: d71f86ea78
CPU: user 5.35s system 0.05s, MEM: 43.65 MB total, 38.01 MB resident
Yosys 0.9 (git sha1 1979e0b)
Time spent: 21% 23x opt_clean (1 sec), 20% 23x opt_expr (1 sec), ...
