
 /----------------------------------------------------------------------------\
 |                                                                            |
 |  yosys -- Yosys Open SYnthesis Suite                                       |
 |                                                                            |
 |  Copyright (C) 2012 - 2019  Clifford Wolf <clifford@clifford.at>           |
 |                                                                            |
 |  Permission to use, copy, modify, and/or distribute this software for any  |
 |  purpose with or without fee is hereby granted, provided that the above    |
 |  copyright notice and this permission notice appear in all copies.         |
 |                                                                            |
 |  THE SOFTWARE IS PROVIDED "AS IS" AND THE AUTHOR DISCLAIMS ALL WARRANTIES  |
 |  WITH REGARD TO THIS SOFTWARE INCLUDING ALL IMPLIED WARRANTIES OF          |
 |  MERCHANTABILITY AND FITNESS. IN NO EVENT SHALL THE AUTHOR BE LIABLE FOR   |
 |  ANY SPECIAL, DIRECT, INDIRECT, OR CONSEQUENTIAL DAMAGES OR ANY DAMAGES    |
 |  WHATSOEVER RESULTING FROM LOSS OF USE, DATA OR PROFITS, WHETHER IN AN     |
 |  ACTION OF CONTRACT, NEGLIGENCE OR OTHER TORTIOUS ACTION, ARISING OUT OF   |
 |  OR IN CONNECTION WITH THE USE OR PERFORMANCE OF THIS SOFTWARE.            |
 |                                                                            |
 \----------------------------------------------------------------------------/

 Yosys 0.9 (git sha1 1979e0b)


-- Executing script file `synth/synth_baseline_B.ys' --

1. Executing Verilog-2005 frontend: ../picorv32.v
Parsing Verilog input from `../picorv32.v' to AST representation.
Generating RTLIL representation for module `\picorv32'.
Generating RTLIL representation for module `\picorv32_regs'.
Generating RTLIL representation for module `\picorv32_pcpi_mul'.
Generating RTLIL representation for module `\picorv32_pcpi_fast_mul'.
Generating RTLIL representation for module `\picorv32_pcpi_div'.
Generating RTLIL representation for module `\picorv32_axi'.
Generating RTLIL representation for module `\picorv32_axi_adapter'.
Generating RTLIL representation for module `\picorv32_wb'.
Successfully finished Verilog frontend.

2. Executing Verilog-2005 frontend: rtl/pcpi/pcpi_vedic_mul_fastshim.v
Parsing Verilog input from `rtl/pcpi/pcpi_vedic_mul_fastshim.v' to AST representation.
Generating RTLIL representation for module `\pcpi_vedic_mul'.
Successfully finished Verilog frontend.

3. Executing Verilog-2005 frontend: synth/picorv32_baseline_b_wrapper.v
Parsing Verilog input from `synth/picorv32_baseline_b_wrapper.v' to AST representation.
Generating RTLIL representation for module `\picorv32_baseline_b_wrapper'.
Successfully finished Verilog frontend.

4. Executing HIERARCHY pass (managing design hierarchy).

4.1. Analyzing design hierarchy..
Top module:  \picorv32_baseline_b_wrapper
Used module:     \picorv32

4.2. Executing AST frontend in derive mode using pre-parsed AST for module `\picorv32'.
Parameter \BARREL_SHIFTER = 1
Parameter \ENABLE_MUL = 1
Parameter \ENABLE_FAST_MUL = 1
Generating RTLIL representation for module `$paramod\picorv32\BARREL_SHIFTER=1\ENABLE_MUL=1\ENABLE_FAST_MUL=1'.

4.3. Analyzing design hierarchy..
Top module:  \picorv32_baseline_b_wrapper
Used module:     $paramod\picorv32\BARREL_SHIFTER=1\ENABLE_MUL=1\ENABLE_FAST_MUL=1
Used module:         \pcpi_vedic_mul
Used module:             \picorv32_pcpi_fast_mul

4.4. Analyzing design hierarchy..
Top module:  \picorv32_baseline_b_wrapper
Used module:     $paramod\picorv32\BARREL_SHIFTER=1\ENABLE_MUL=1\ENABLE_FAST_MUL=1
Used module:         \pcpi_vedic_mul
Used module:             \picorv32_pcpi_fast_mul
Removing unused module `\picorv32_wb'.
Removing unused module `\picorv32_axi_adapter'.
Removing unused module `\picorv32_axi'.
Removing unused module `\picorv32_pcpi_div'.
Removing unused module `\picorv32_pcpi_mul'.
Removing unused module `\picorv32_regs'.
Removing unused module `\picorv32'.
Removed 7 unused modules.

5. Executing SYNTH_ICE40 pass.

5.1. Executing Verilog-2005 frontend: /usr/bin/../share/yosys/ice40/cells_sim.v
Parsing Verilog input from `/usr/bin/../share/yosys/ice40/cells_sim.v' to AST representation.
Generating RTLIL representation for module `\SB_IO'.
Generating RTLIL representation for module `\SB_GB_IO'.
Generating RTLIL representation for module `\SB_GB'.
Generating RTLIL representation for module `\SB_LUT4'.
Generating RTLIL representation for module `\SB_CARRY'.
Generating RTLIL representation for module `\SB_DFF'.
Generating RTLIL representation for module `\SB_DFFE'.
Generating RTLIL representation for module `\SB_DFFSR'.
Generating RTLIL representation for module `\SB_DFFR'.
Generating RTLIL representation for module `\SB_DFFSS'.
Generating RTLIL representation for module `\SB_DFFS'.
Generating RTLIL representation for module `\SB_DFFESR'.
Generating RTLIL representation for module `\SB_DFFER'.
Generating RTLIL representation for module `\SB_DFFESS'.
Generating RTLIL representation for module `\SB_DFFES'.
Generating RTLIL representation for module `\SB_DFFN'.
Generating RTLIL representation for module `\SB_DFFNE'.
Generating RTLIL representation for module `\SB_DFFNSR'.
Generating RTLIL representation for module `\SB_DFFNR'.
Generating RTLIL representation for module `\SB_DFFNSS'.
Generating RTLIL representation for module `\SB_DFFNS'.
Generating RTLIL representation for module `\SB_DFFNESR'.
Generating RTLIL representation for module `\SB_DFFNER'.
Generating RTLIL representation for module `\SB_DFFNESS'.
Generating RTLIL representation for module `\SB_DFFNES'.
Generating RTLIL representation for module `\SB_RAM40_4K'.
Generating RTLIL representation for module `\SB_RAM40_4KNR'.
Generating RTLIL representation for module `\SB_RAM40_4KNW'.
Generating RTLIL representation for module `\SB_RAM40_4KNRNW'.
Generating RTLIL representation for module `\ICESTORM_LC'.
Generating RTLIL representation for module `\SB_PLL40_CORE'.
Generating RTLIL representation for module `\SB_PLL40_PAD'.
Generating RTLIL representation for module `\SB_PLL40_2_PAD'.
Generating RTLIL representation for module `\SB_PLL40_2F_CORE'.
Generating RTLIL representation for module `\SB_PLL40_2F_PAD'.
Generating RTLIL representation for module `\SB_WARMBOOT'.
Generating RTLIL representation for module `\SB_SPRAM256KA'.
Generating RTLIL representation for module `\SB_HFOSC'.
Generating RTLIL representation for module `\SB_LFOSC'.
Generating RTLIL representation for module `\SB_RGBA_DRV'.
Generating RTLIL representation for module `\SB_LED_DRV_CUR'.
Generating RTLIL representation for module `\SB_RGB_DRV'.
Generating RTLIL representation for module `\SB_I2C'.
Generating RTLIL representation for module `\SB_SPI'.
Generating RTLIL representation for module `\SB_LEDDA_IP'.
Generating RTLIL representation for module `\SB_FILTER_50NS'.
Generating RTLIL representation for module `\SB_IO_I3C'.
Generating RTLIL representation for module `\SB_IO_OD'.
Generating RTLIL representation for module `\SB_MAC16'.
Successfully finished Verilog frontend.

5.2. Executing HIERARCHY pass (managing design hierarchy).

5.2.1. Analyzing design hierarchy..
Top module:  \picorv32_baseline_b_wrapper
Used module:     $paramod\picorv32\BARREL_SHIFTER=1\ENABLE_MUL=1\ENABLE_FAST_MUL=1
Used module:         \pcpi_vedic_mul
Used module:             \picorv32_pcpi_fast_mul

5.2.2. Analyzing design hierarchy..
Top module:  \picorv32_baseline_b_wrapper
Used module:     $paramod\picorv32\BARREL_SHIFTER=1\ENABLE_MUL=1\ENABLE_FAST_MUL=1
Used module:         \pcpi_vedic_mul
Used module:             \picorv32_pcpi_fast_mul
Removed 0 unused modules.

5.3. Executing PROC pass (convert processes to netlists).

5.3.1. Executing PROC_CLEAN pass (remove empty switches from decision trees).
Found and cleaned up 1 empty switch in `$paramod\picorv32\BARREL_SHIFTER=1\ENABLE_MUL=1\ENABLE_FAST_MUL=1.$proc$../picorv32.v:207$1587'.
Removing empty process `$paramod\picorv32\BARREL_SHIFTER=1\ENABLE_MUL=1\ENABLE_FAST_MUL=1.$proc$../picorv32.v:207$1587'.
Found and cleaned up 17 empty switches in `$paramod\picorv32\BARREL_SHIFTER=1\ENABLE_MUL=1\ENABLE_FAST_MUL=1.$proc$../picorv32.v:1436$1395'.
Found and cleaned up 1 empty switch in `$paramod\picorv32\BARREL_SHIFTER=1\ENABLE_MUL=1\ENABLE_FAST_MUL=1.$proc$../picorv32.v:1382$1379'.
Found and cleaned up 6 empty switches in `$paramod\picorv32\BARREL_SHIFTER=1\ENABLE_MUL=1\ENABLE_FAST_MUL=1.$proc$../picorv32.v:547$1015'.
Removing empty process `$paramod\picorv32\BARREL_SHIFTER=1\ENABLE_MUL=1\ENABLE_FAST_MUL=1.$proc$../picorv32.v:547$1015'.
Cleaned up 25 empty switches.

5.3.2. Executing PROC_RMDEAD pass (remove dead branches from decision trees).
Marked 3 switch rules as full_case in process $proc$../picorv32.v:2412$800 in module picorv32_pcpi_fast_mul.
Marked 2 switch rules as full_case in process $proc$../picorv32.v:2382$787 in module picorv32_pcpi_fast_mul.
Marked 38 switch rules as full_case in process $proc$../picorv32.v:1436$1395 in module $paramod\picorv32\BARREL_SHIFTER=1\ENABLE_MUL=1\ENABLE_FAST_MUL=1.
Marked 2 switch rules as full_case in process $proc$../picorv32.v:1343$1361 in module $paramod\picorv32\BARREL_SHIFTER=1\ENABLE_MUL=1\ENABLE_FAST_MUL=1.
Marked 2 switch rules as full_case in process $proc$../picorv32.v:1329$1356 in module $paramod\picorv32\BARREL_SHIFTER=1\ENABLE_MUL=1\ENABLE_FAST_MUL=1.
Marked 8 switch rules as full_case in process $proc$../picorv32.v:1187$1319 in module $paramod\picorv32\BARREL_SHIFTER=1\ENABLE_MUL=1\ENABLE_FAST_MUL=1.
Marked 3 switch rules as full_case in process $proc$../picorv32.v:859$1055 in module $paramod\picorv32\BARREL_SHIFTER=1\ENABLE_MUL=1\ENABLE_FAST_MUL=1.
Marked 3 switch rules as full_case in process $proc$../picorv32.v:810$1053 in module $paramod\picorv32\BARREL_SHIFTER=1\ENABLE_MUL=1\ENABLE_FAST_MUL=1.
Marked 2 switch rules as full_case in process $proc$../picorv32.v:779$1049 in module $paramod\picorv32\BARREL_SHIFTER=1\ENABLE_MUL=1\ENABLE_FAST_MUL=1.
Marked 48 switch rules as full_case in process $proc$../picorv32.v:702$1048 in module $paramod\picorv32\BARREL_SHIFTER=1\ENABLE_MUL=1\ENABLE_FAST_MUL=1.
Marked 4 switch rules as full_case in process $proc$../picorv32.v:566$1024 in module $paramod\picorv32\BARREL_SHIFTER=1\ENABLE_MUL=1\ENABLE_FAST_MUL=1.
Marked 1 switch rules as full_case in process $proc$../picorv32.v:431$984 in module $paramod\picorv32\BARREL_SHIFTER=1\ENABLE_MUL=1\ENABLE_FAST_MUL=1.
Removed 2 dead cases from process $proc$../picorv32.v:402$981 in module $paramod\picorv32\BARREL_SHIFTER=1\ENABLE_MUL=1\ENABLE_FAST_MUL=1.
Marked 2 switch rules as full_case in process $proc$../picorv32.v:402$981 in module $paramod\picorv32\BARREL_SHIFTER=1\ENABLE_MUL=1\ENABLE_FAST_MUL=1.
Marked 1 switch rules as full_case in process $proc$../picorv32.v:391$976 in module $paramod\picorv32\BARREL_SHIFTER=1\ENABLE_MUL=1\ENABLE_FAST_MUL=1.
Marked 1 switch rules as full_case in process $proc$../picorv32.v:326$902 in module $paramod\picorv32\BARREL_SHIFTER=1\ENABLE_MUL=1\ENABLE_FAST_MUL=1.
Removed a total of 2 dead cases.

5.3.3. Executing PROC_INIT pass (extract init attributes).

5.3.4. Executing PROC_ARST pass (detect async resets in processes).

5.3.5. Executing PROC_MUX pass (convert decision trees to multiplexers).
Creating decoders for process `\picorv32_pcpi_fast_mul.$proc$../picorv32.v:2412$800'.
     1/5: $0\active[3:0] [3:1]
     2/5: $0\active[3:0] [0]
     3/5: $0\shift_out[0:0]
     4/5: $0\rs2[32:0]
     5/5: $0\rs1[32:0]
Creating decoders for process `\picorv32_pcpi_fast_mul.$proc$../picorv32.v:2398$791'.
     1/5: $0\pcpi_insn_valid_q[0:0]
     2/5: $0\rs2_q[32:0]
     3/5: $0\rs1_q[32:0]
     4/5: $0\rd_q[63:0]
     5/5: $0\rd[63:0]
Creating decoders for process `\picorv32_pcpi_fast_mul.$proc$../picorv32.v:2382$787'.
     1/12: $2\instr_mul[0:0]
     2/12: $2\instr_mulhu[0:0]
     3/12: $2\instr_mulh[0:0]
     4/12: $2\instr_mulhsu[0:0]
     5/12: $1\instr_mulhu[0:0]
     6/12: $1\instr_mulh[0:0]
     7/12: $1\instr_mul[0:0]
     8/12: $1\instr_mulhsu[0:0]
     9/12: $0\instr_mulhu[0:0]
    10/12: $0\instr_mulh[0:0]
    11/12: $0\instr_mul[0:0]
    12/12: $0\instr_mulhsu[0:0]
Creating decoders for process `$paramod\picorv32\BARREL_SHIFTER=1\ENABLE_MUL=1\ENABLE_FAST_MUL=1.$proc$../picorv32.v:1436$1395'.
     1/93: $20\next_irq_pending[2:2]
     2/93: $19\next_irq_pending[2:2]
     3/93: $18\next_irq_pending[2:2]
     4/93: $17\next_irq_pending[2:2]
     5/93: $16\next_irq_pending[2:2]
     6/93: $15\next_irq_pending[2:2]
     7/93: $14\next_irq_pending[2:2]
     8/93: $2\next_irq_pending[31:0] [31:2]
     9/93: $3\set_mem_do_rdata[0:0]
    10/93: $2\next_irq_pending[31:0] [1]
    11/93: $3\set_mem_do_wdata[0:0]
    12/93: $2\next_irq_pending[31:0] [0]
    13/93: $4\set_mem_do_rinst[0:0]
    14/93: $3\set_mem_do_rinst[0:0]
    15/93: $4\set_mem_do_wdata[0:0]
    16/93: $12\next_irq_pending[1:1]
    17/93: $11\next_irq_pending[1:1]
    18/93: $10\next_irq_pending[1:1]
    19/93: $4\set_mem_do_rdata[0:0]
    20/93: $8\next_irq_pending[1:1]
    21/93: $7\next_irq_pending[1:1]
    22/93: $6\next_irq_pending[1:1]
    23/93: $5\next_irq_pending[1:1]
    24/93: $4\next_irq_pending[1:1]
    25/93: $13\next_irq_pending[1:1]
    26/93: $5\set_mem_do_rinst[0:0]
    27/93: $9\next_irq_pending[1:1]
    28/93: $3\next_irq_pending[31:0]
    29/93: $3\current_pc[31:0]
    30/93: $2\current_pc[31:0]
    31/93: $2\set_mem_do_wdata[0:0]
    32/93: $2\set_mem_do_rdata[0:0]
    33/93: $2\set_mem_do_rinst[0:0]
    34/93: $1\next_irq_pending[31:0]
    35/93: $1\current_pc[31:0]
    36/93: $1\set_mem_do_wdata[0:0]
    37/93: $1\set_mem_do_rdata[0:0]
    38/93: $1\set_mem_do_rinst[0:0]
    39/93: $0\current_pc[31:0]
    40/93: $0\irq_pending[31:0]
    41/93: $0\next_irq_pending[31:0] [2]
    42/93: { $0\next_irq_pending[31:0] [31:3] $0\next_irq_pending[31:0] [1:0] }
    43/93: $0\set_mem_do_wdata[0:0]
    44/93: $0\set_mem_do_rdata[0:0]
    45/93: $0\set_mem_do_rinst[0:0]
    46/93: $0\trace_valid[0:0]
    47/93: $0\do_waitirq[0:0]
    48/93: $0\decoder_pseudo_trigger_q[0:0]
    49/93: $0\decoder_pseudo_trigger[0:0]
    50/93: $0\decoder_trigger_q[0:0]
    51/93: $0\decoder_trigger[0:0]
    52/93: $0\alu_wait_2[0:0]
    53/93: $0\alu_wait[0:0]
    54/93: $0\alu_out_q[31:0]
    55/93: $0\alu_out_0_q[0:0]
    56/93: $0\reg_out[31:0]
    57/93: $0\reg_sh[4:0]
    58/93: $0\trap[0:0]
    59/93: $0\pcpi_timeout[0:0]
    60/93: $0\pcpi_timeout_counter[3:0]
    61/93: $0\latched_rd[4:0]
    62/93: $0\latched_is_lb[0:0]
    63/93: $0\latched_is_lh[0:0]
    64/93: $0\latched_is_lu[0:0]
    65/93: $0\latched_trace[0:0]
    66/93: $0\latched_compr[0:0]
    67/93: $0\latched_branch[0:0]
    68/93: $0\latched_stalu[0:0]
    69/93: $0\latched_store[0:0]
    70/93: $0\irq_state[1:0]
    71/93: $0\cpu_state[7:0]
    72/93: $0\dbg_rs2val_valid[0:0]
    73/93: $0\dbg_rs1val_valid[0:0]
    74/93: $0\dbg_rs2val[31:0]
    75/93: $0\dbg_rs1val[31:0]
    76/93: $0\mem_do_wdata[0:0]
    77/93: $0\mem_do_rdata[0:0]
    78/93: $0\mem_do_rinst[0:0]
    79/93: $0\mem_do_prefetch[0:0]
    80/93: $0\mem_wordsize[1:0]
    81/93: $0\timer[31:0]
    82/93: $0\irq_mask[31:0]
    83/93: $0\irq_active[0:0]
    84/93: $0\irq_delay[0:0]
    85/93: $0\reg_op2[31:0]
    86/93: $0\reg_op1[31:0]
    87/93: $0\reg_next_pc[31:0]
    88/93: $0\reg_pc[31:0]
    89/93: $0\count_instr[63:0]
    90/93: $0\count_cycle[63:0]
    91/93: $0\trace_data[35:0]
    92/93: $0\eoi[31:0]
    93/93: $0\pcpi_valid[0:0]
Creating decoders for process `$paramod\picorv32\BARREL_SHIFTER=1\ENABLE_MUL=1\ENABLE_FAST_MUL=1.$proc$../picorv32.v:1382$1379'.
     1/5: $1\cpuregs_rs2[31:0]
     2/5: $1\cpuregs_rs1[31:0]
     3/5: $0\cpuregs_rs2[31:0]
     4/5: $0\cpuregs_rs1[31:0]
     5/5: $0\decoded_rs[4:0]
Creating decoders for process `$paramod\picorv32\BARREL_SHIFTER=1\ENABLE_MUL=1\ENABLE_FAST_MUL=1.$proc$../picorv32.v:1371$1373'.
     1/3: $0$memwr$\cpuregs$../picorv32.v:1378$901_EN[31:0]$1375
     2/3: $0$memwr$\cpuregs$../picorv32.v:1378$901_DATA[31:0]$1376
     3/3: $0$memwr$\cpuregs$../picorv32.v:1378$901_ADDR[4:0]$1374
Creating decoders for process `$paramod\picorv32\BARREL_SHIFTER=1\ENABLE_MUL=1\ENABLE_FAST_MUL=1.$proc$../picorv32.v:1343$1361'.
     1/6: $2\cpuregs_write[0:0]
     2/6: $2\cpuregs_wrdata[31:0]
     3/6: $1\cpuregs_wrdata[31:0]
     4/6: $1\cpuregs_write[0:0]
     5/6: $0\cpuregs_wrdata[31:0]
     6/6: $0\cpuregs_write[0:0]
Creating decoders for process `$paramod\picorv32\BARREL_SHIFTER=1\ENABLE_MUL=1\ENABLE_FAST_MUL=1.$proc$../picorv32.v:1329$1356'.
     1/3: $2\clear_prefetched_high_word[0:0]
     2/3: $1\clear_prefetched_high_word[0:0]
     3/3: $0\clear_prefetched_high_word[0:0]
Creating decoders for process `$paramod\picorv32\BARREL_SHIFTER=1\ENABLE_MUL=1\ENABLE_FAST_MUL=1.$proc$../picorv32.v:1327$1355'.
     1/1: $0\clear_prefetched_high_word_q[0:0]
Creating decoders for process `$paramod\picorv32\BARREL_SHIFTER=1\ENABLE_MUL=1\ENABLE_FAST_MUL=1.$proc$../picorv32.v:1283$1333'.
     1/4: $1\alu_out[31:0]
     2/4: $1\alu_out_0[0:0]
     3/4: $0\alu_out[31:0]
     4/4: $0\alu_out_0[0:0]
Creating decoders for process `$paramod\picorv32\BARREL_SHIFTER=1\ENABLE_MUL=1\ENABLE_FAST_MUL=1.$proc$../picorv32.v:1187$1319'.
     1/9: $8\dbg_ascii_state[127:0]
     2/9: $7\dbg_ascii_state[127:0]
     3/9: $6\dbg_ascii_state[127:0]
     4/9: $5\dbg_ascii_state[127:0]
     5/9: $4\dbg_ascii_state[127:0]
     6/9: $3\dbg_ascii_state[127:0]
     7/9: $2\dbg_ascii_state[127:0]
     8/9: $1\dbg_ascii_state[127:0]
     9/9: $0\dbg_ascii_state[127:0]
Creating decoders for process `$paramod\picorv32\BARREL_SHIFTER=1\ENABLE_MUL=1\ENABLE_FAST_MUL=1.$proc$../picorv32.v:859$1055'.
     1/81: $0\decoded_rs1[4:0] [4]
     2/81: $0\decoded_imm_j[31:0] [10]
     3/81: $0\decoded_imm_j[31:0] [7]
     4/81: $0\decoded_imm_j[31:0] [6]
     5/81: $0\decoded_imm_j[31:0] [3:1]
     6/81: $0\decoded_imm_j[31:0] [5]
     7/81: $0\decoded_imm_j[31:0] [9:8]
     8/81: $0\decoded_imm_j[31:0] [31:20]
     9/81: $0\decoded_imm_j[31:0] [4]
    10/81: $0\decoded_imm_j[31:0] [11]
    11/81: $0\decoded_imm_j[31:0] [0]
    12/81: $0\decoded_rs1[4:0] [3:0]
    13/81: $0\is_lbu_lhu_lw[0:0]
    14/81: $0\is_sltiu_bltu_sltu[0:0]
    15/81: $0\is_slti_blt_slt[0:0]
    16/81: $0\is_lui_auipc_jal_jalr_addi_add_sub[0:0]
    17/81: $0\is_lui_auipc_jal[0:0]
    18/81: $0\is_alu_reg_reg[0:0]
    19/81: $0\is_alu_reg_imm[0:0]
    20/81: $0\is_beq_bne_blt_bge_bltu_bgeu[0:0]
    21/81: $0\is_sll_srl_sra[0:0]
    22/81: $0\is_sb_sh_sw[0:0]
    23/81: $0\is_jalr_addi_slti_sltiu_xori_ori_andi[0:0]
    24/81: $0\is_slli_srli_srai[0:0]
    25/81: $0\is_lb_lh_lw_lbu_lhu[0:0]
    26/81: $0\compressed_instr[0:0]
    27/81: $0\is_compare[0:0]
    28/81: $0\decoded_imm[31:0]
    29/81: $0\decoded_rs2[4:0]
    30/81: $0\decoded_imm_j[31:0] [19:12]
    31/81: $0\decoded_rd[4:0]
    32/81: $0\instr_timer[0:0]
    33/81: $0\instr_waitirq[0:0]
    34/81: $0\instr_maskirq[0:0]
    35/81: $0\instr_retirq[0:0]
    36/81: $0\instr_setq[0:0]
    37/81: $0\instr_getq[0:0]
    38/81: $0\instr_fence[0:0]
    39/81: $0\instr_ecall_ebreak[0:0]
    40/81: $0\instr_rdinstrh[0:0]
    41/81: $0\instr_rdinstr[0:0]
    42/81: $0\instr_rdcycleh[0:0]
    43/81: $0\instr_rdcycle[0:0]
    44/81: $0\instr_and[0:0]
    45/81: $0\instr_or[0:0]
    46/81: $0\instr_sra[0:0]
    47/81: $0\instr_srl[0:0]
    48/81: $0\instr_xor[0:0]
    49/81: $0\instr_sltu[0:0]
    50/81: $0\instr_slt[0:0]
    51/81: $0\instr_sll[0:0]
    52/81: $0\instr_sub[0:0]
    53/81: $0\instr_add[0:0]
    54/81: $0\instr_srai[0:0]
    55/81: $0\instr_srli[0:0]
    56/81: $0\instr_slli[0:0]
    57/81: $0\instr_andi[0:0]
    58/81: $0\instr_ori[0:0]
    59/81: $0\instr_xori[0:0]
    60/81: $0\instr_sltiu[0:0]
    61/81: $0\instr_slti[0:0]
    62/81: $0\instr_addi[0:0]
    63/81: $0\instr_sw[0:0]
    64/81: $0\instr_sh[0:0]
    65/81: $0\instr_sb[0:0]
    66/81: $0\instr_lhu[0:0]
    67/81: $0\instr_lbu[0:0]
    68/81: $0\instr_lw[0:0]
    69/81: $0\instr_lh[0:0]
    70/81: $0\instr_lb[0:0]
    71/81: $0\instr_bgeu[0:0]
    72/81: $0\instr_bltu[0:0]
    73/81: $0\instr_bge[0:0]
    74/81: $0\instr_blt[0:0]
    75/81: $0\instr_bne[0:0]
    76/81: $0\instr_beq[0:0]
    77/81: $0\instr_jalr[0:0]
    78/81: $0\instr_jal[0:0]
    79/81: $0\instr_auipc[0:0]
    80/81: $0\instr_lui[0:0]
    81/81: $0\pcpi_insn[31:0]
Creating decoders for process `$paramod\picorv32\BARREL_SHIFTER=1\ENABLE_MUL=1\ENABLE_FAST_MUL=1.$proc$../picorv32.v:810$1053'.
     1/19: $3\dbg_insn_opcode[31:0]
     2/19: $2\dbg_insn_rd[4:0]
     3/19: $2\dbg_insn_rs2[4:0]
     4/19: $2\dbg_insn_rs1[4:0]
     5/19: $2\dbg_insn_opcode[31:0]
     6/19: $2\dbg_insn_imm[31:0]
     7/19: $2\dbg_ascii_instr[63:0]
     8/19: $1\dbg_insn_rd[4:0]
     9/19: $1\dbg_insn_rs2[4:0]
    10/19: $1\dbg_insn_rs1[4:0]
    11/19: $1\dbg_insn_imm[31:0]
    12/19: $1\dbg_ascii_instr[63:0]
    13/19: $1\dbg_insn_opcode[31:0]
    14/19: $0\dbg_insn_rd[4:0]
    15/19: $0\dbg_insn_rs2[4:0]
    16/19: $0\dbg_insn_rs1[4:0]
    17/19: $0\dbg_insn_imm[31:0]
    18/19: $0\dbg_ascii_instr[63:0]
    19/19: $0\dbg_insn_opcode[31:0]
Creating decoders for process `$paramod\picorv32\BARREL_SHIFTER=1\ENABLE_MUL=1\ENABLE_FAST_MUL=1.$proc$../picorv32.v:779$1049'.
     1/15: $0\dbg_next[0:0]
     2/15: $0\q_insn_rd[4:0]
     3/15: $0\q_insn_rs2[4:0]
     4/15: $0\q_insn_rs1[4:0]
     5/15: $0\q_insn_opcode[31:0]
     6/15: $0\q_insn_imm[31:0]
     7/15: $0\q_ascii_instr[63:0]
     8/15: $0\cached_insn_rd[4:0]
     9/15: $0\cached_insn_rs2[4:0]
    10/15: $0\cached_insn_rs1[4:0]
    11/15: $0\cached_insn_opcode[31:0]
    12/15: $0\cached_insn_imm[31:0]
    13/15: $0\cached_ascii_instr[63:0]
    14/15: $0\dbg_valid_insn[0:0]
    15/15: $0\dbg_insn_addr[31:0]
Creating decoders for process `$paramod\picorv32\BARREL_SHIFTER=1\ENABLE_MUL=1\ENABLE_FAST_MUL=1.$proc$../picorv32.v:702$1048'.
     1/49: $48\new_ascii_instr[63:0]
     2/49: $47\new_ascii_instr[63:0]
     3/49: $46\new_ascii_instr[63:0]
     4/49: $45\new_ascii_instr[63:0]
     5/49: $44\new_ascii_instr[63:0]
     6/49: $43\new_ascii_instr[63:0]
     7/49: $42\new_ascii_instr[63:0]
     8/49: $41\new_ascii_instr[63:0]
     9/49: $40\new_ascii_instr[63:0]
    10/49: $39\new_ascii_instr[63:0]
    11/49: $38\new_ascii_instr[63:0]
    12/49: $37\new_ascii_instr[63:0]
    13/49: $36\new_ascii_instr[63:0]
    14/49: $35\new_ascii_instr[63:0]
    15/49: $34\new_ascii_instr[63:0]
    16/49: $33\new_ascii_instr[63:0]
    17/49: $32\new_ascii_instr[63:0]
    18/49: $31\new_ascii_instr[63:0]
    19/49: $30\new_ascii_instr[63:0]
    20/49: $29\new_ascii_instr[63:0]
    21/49: $28\new_ascii_instr[63:0]
    22/49: $27\new_ascii_instr[63:0]
    23/49: $26\new_ascii_instr[63:0]
    24/49: $25\new_ascii_instr[63:0]
    25/49: $24\new_ascii_instr[63:0]
    26/49: $23\new_ascii_instr[63:0]
    27/49: $22\new_ascii_instr[63:0]
    28/49: $21\new_ascii_instr[63:0]
    29/49: $20\new_ascii_instr[63:0]
    30/49: $19\new_ascii_instr[63:0]
    31/49: $18\new_ascii_instr[63:0]
    32/49: $17\new_ascii_instr[63:0]
    33/49: $16\new_ascii_instr[63:0]
    34/49: $15\new_ascii_instr[63:0]
    35/49: $14\new_ascii_instr[63:0]
    36/49: $13\new_ascii_instr[63:0]
    37/49: $12\new_ascii_instr[63:0]
    38/49: $11\new_ascii_instr[63:0]
    39/49: $10\new_ascii_instr[63:0]
    40/49: $9\new_ascii_instr[63:0]
    41/49: $8\new_ascii_instr[63:0]
    42/49: $7\new_ascii_instr[63:0]
    43/49: $6\new_ascii_instr[63:0]
    44/49: $5\new_ascii_instr[63:0]
    45/49: $4\new_ascii_instr[63:0]
    46/49: $3\new_ascii_instr[63:0]
    47/49: $2\new_ascii_instr[63:0]
    48/49: $1\new_ascii_instr[63:0]
    49/49: $0\new_ascii_instr[63:0]
Creating decoders for process `$paramod\picorv32\BARREL_SHIFTER=1\ENABLE_MUL=1\ENABLE_FAST_MUL=1.$proc$../picorv32.v:566$1024'.
     1/9: $0\mem_16bit_buffer[15:0]
     2/9: $0\prefetched_high_word[0:0]
     3/9: $0\mem_la_secondword[0:0]
     4/9: $0\mem_state[1:0]
     5/9: $0\mem_wstrb[3:0]
     6/9: $0\mem_wdata[31:0]
     7/9: $0\mem_addr[31:0]
     8/9: $0\mem_instr[0:0]
     9/9: $0\mem_valid[0:0]
Creating decoders for process `$paramod\picorv32\BARREL_SHIFTER=1\ENABLE_MUL=1\ENABLE_FAST_MUL=1.$proc$../picorv32.v:1273$1578'.
     1/6: $0\alu_shr[31:0]
     2/6: $0\alu_shl[31:0]
     3/6: $0\alu_ltu[0:0]
     4/6: $0\alu_lts[0:0]
     5/6: $0\alu_eq[0:0]
     6/6: $0\alu_add_sub[31:0]
Creating decoders for process `$paramod\picorv32\BARREL_SHIFTER=1\ENABLE_MUL=1\ENABLE_FAST_MUL=1.$proc$../picorv32.v:431$984'.
     1/9: $0\mem_rdata_q[31:0] [31]
     2/9: $0\mem_rdata_q[31:0] [7]
     3/9: $0\mem_rdata_q[31:0] [24:20]
     4/9: $0\mem_rdata_q[31:0] [19:15]
     5/9: $0\mem_rdata_q[31:0] [6:0]
     6/9: $0\mem_rdata_q[31:0] [14:12]
     7/9: $0\mem_rdata_q[31:0] [11:8]
     8/9: $0\mem_rdata_q[31:0] [30:25]
     9/9: $0\next_insn_opcode[31:0]
Creating decoders for process `$paramod\picorv32\BARREL_SHIFTER=1\ENABLE_MUL=1\ENABLE_FAST_MUL=1.$proc$../picorv32.v:402$981'.
     1/8: $3\mem_rdata_word[31:0]
     2/8: $2\mem_rdata_word[31:0]
     3/8: $1\mem_rdata_word[31:0]
     4/8: $1\mem_la_wstrb[3:0]
     5/8: $1\mem_la_wdata[31:0]
     6/8: $0\mem_rdata_word[31:0]
     7/8: $0\mem_la_wstrb[3:0]
     8/8: $0\mem_la_wdata[31:0]
Creating decoders for process `$paramod\picorv32\BARREL_SHIFTER=1\ENABLE_MUL=1\ENABLE_FAST_MUL=1.$proc$../picorv32.v:391$976'.
     1/2: $0\last_mem_valid[0:0]
     2/2: $0\mem_la_firstword_reg[0:0]
Creating decoders for process `$paramod\picorv32\BARREL_SHIFTER=1\ENABLE_MUL=1\ENABLE_FAST_MUL=1.$proc$../picorv32.v:326$902'.
     1/6: $1\pcpi_int_rd[31:0]
     2/6: $1\pcpi_int_wr[0:0]
     3/6: $0\pcpi_int_rd[31:0]
     4/6: $0\pcpi_int_wr[0:0]
     5/6: $0\pcpi_int_ready[0:0]
     6/6: $0\pcpi_int_wait[0:0]

5.3.6. Executing PROC_DLATCH pass (convert process syncs to latches).
No latch inferred for signal `\picorv32_pcpi_fast_mul.\instr_mulhsu' from process `\picorv32_pcpi_fast_mul.$proc$../picorv32.v:2382$787'.
No latch inferred for signal `\picorv32_pcpi_fast_mul.\instr_mul' from process `\picorv32_pcpi_fast_mul.$proc$../picorv32.v:2382$787'.
No latch inferred for signal `\picorv32_pcpi_fast_mul.\instr_mulh' from process `\picorv32_pcpi_fast_mul.$proc$../picorv32.v:2382$787'.
No latch inferred for signal `\picorv32_pcpi_fast_mul.\instr_mulhu' from process `\picorv32_pcpi_fast_mul.$proc$../picorv32.v:2382$787'.
No latch inferred for signal `$paramod\picorv32\BARREL_SHIFTER=1\ENABLE_MUL=1\ENABLE_FAST_MUL=1.\cpuregs_rs1' from process `$paramod\picorv32\BARREL_SHIFTER=1\ENABLE_MUL=1\ENABLE_FAST_MUL=1.$proc$../picorv32.v:1382$1379'.
No latch inferred for signal `$paramod\picorv32\BARREL_SHIFTER=1\ENABLE_MUL=1\ENABLE_FAST_MUL=1.\cpuregs_rs2' from process `$paramod\picorv32\BARREL_SHIFTER=1\ENABLE_MUL=1\ENABLE_FAST_MUL=1.$proc$../picorv32.v:1382$1379'.
No latch inferred for signal `$paramod\picorv32\BARREL_SHIFTER=1\ENABLE_MUL=1\ENABLE_FAST_MUL=1.\decoded_rs' from process `$paramod\picorv32\BARREL_SHIFTER=1\ENABLE_MUL=1\ENABLE_FAST_MUL=1.$proc$../picorv32.v:1382$1379'.
No latch inferred for signal `$paramod\picorv32\BARREL_SHIFTER=1\ENABLE_MUL=1\ENABLE_FAST_MUL=1.\cpuregs_write' from process `$paramod\picorv32\BARREL_SHIFTER=1\ENABLE_MUL=1\ENABLE_FAST_MUL=1.$proc$../picorv32.v:1343$1361'.
No latch inferred for signal `$paramod\picorv32\BARREL_SHIFTER=1\ENABLE_MUL=1\ENABLE_FAST_MUL=1.\cpuregs_wrdata' from process `$paramod\picorv32\BARREL_SHIFTER=1\ENABLE_MUL=1\ENABLE_FAST_MUL=1.$proc$../picorv32.v:1343$1361'.
No latch inferred for signal `$paramod\picorv32\BARREL_SHIFTER=1\ENABLE_MUL=1\ENABLE_FAST_MUL=1.\clear_prefetched_high_word' from process `$paramod\picorv32\BARREL_SHIFTER=1\ENABLE_MUL=1\ENABLE_FAST_MUL=1.$proc$../picorv32.v:1329$1356'.
No latch inferred for signal `$paramod\picorv32\BARREL_SHIFTER=1\ENABLE_MUL=1\ENABLE_FAST_MUL=1.\alu_out' from process `$paramod\picorv32\BARREL_SHIFTER=1\ENABLE_MUL=1\ENABLE_FAST_MUL=1.$proc$../picorv32.v:1283$1333'.
No latch inferred for signal `$paramod\picorv32\BARREL_SHIFTER=1\ENABLE_MUL=1\ENABLE_FAST_MUL=1.\alu_out_0' from process `$paramod\picorv32\BARREL_SHIFTER=1\ENABLE_MUL=1\ENABLE_FAST_MUL=1.$proc$../picorv32.v:1283$1333'.
No latch inferred for signal `$paramod\picorv32\BARREL_SHIFTER=1\ENABLE_MUL=1\ENABLE_FAST_MUL=1.\dbg_ascii_state' from process `$paramod\picorv32\BARREL_SHIFTER=1\ENABLE_MUL=1\ENABLE_FAST_MUL=1.$proc$../picorv32.v:1187$1319'.
No latch inferred for signal `$paramod\picorv32\BARREL_SHIFTER=1\ENABLE_MUL=1\ENABLE_FAST_MUL=1.\dbg_insn_opcode' from process `$paramod\picorv32\BARREL_SHIFTER=1\ENABLE_MUL=1\ENABLE_FAST_MUL=1.$proc$../picorv32.v:810$1053'.
No latch inferred for signal `$paramod\picorv32\BARREL_SHIFTER=1\ENABLE_MUL=1\ENABLE_FAST_MUL=1.\dbg_ascii_instr' from process `$paramod\picorv32\BARREL_SHIFTER=1\ENABLE_MUL=1\ENABLE_FAST_MUL=1.$proc$../picorv32.v:810$1053'.
No latch inferred for signal `$paramod\picorv32\BARREL_SHIFTER=1\ENABLE_MUL=1\ENABLE_FAST_MUL=1.\dbg_insn_imm' from process `$paramod\picorv32\BARREL_SHIFTER=1\ENABLE_MUL=1\ENABLE_FAST_MUL=1.$proc$../picorv32.v:810$1053'.
No latch inferred for signal `$paramod\picorv32\BARREL_SHIFTER=1\ENABLE_MUL=1\ENABLE_FAST_MUL=1.\dbg_insn_rs1' from process `$paramod\picorv32\BARREL_SHIFTER=1\ENABLE_MUL=1\ENABLE_FAST_MUL=1.$proc$../picorv32.v:810$1053'.
No latch inferred for signal `$paramod\picorv32\BARREL_SHIFTER=1\ENABLE_MUL=1\ENABLE_FAST_MUL=1.\dbg_insn_rs2' from process `$paramod\picorv32\BARREL_SHIFTER=1\ENABLE_MUL=1\ENABLE_FAST_MUL=1.$proc$../picorv32.v:810$1053'.
No latch inferred for signal `$paramod\picorv32\BARREL_SHIFTER=1\ENABLE_MUL=1\ENABLE_FAST_MUL=1.\dbg_insn_rd' from process `$paramod\picorv32\BARREL_SHIFTER=1\ENABLE_MUL=1\ENABLE_FAST_MUL=1.$proc$../picorv32.v:810$1053'.
No latch inferred for signal `$paramod\picorv32\BARREL_SHIFTER=1\ENABLE_MUL=1\ENABLE_FAST_MUL=1.\new_ascii_instr' from process `$paramod\picorv32\BARREL_SHIFTER=1\ENABLE_MUL=1\ENABLE_FAST_MUL=1.$proc$../picorv32.v:702$1048'.
No latch inferred for signal `$paramod\picorv32\BARREL_SHIFTER=1\ENABLE_MUL=1\ENABLE_FAST_MUL=1.\alu_add_sub' from process `$paramod\picorv32\BARREL_SHIFTER=1\ENABLE_MUL=1\ENABLE_FAST_MUL=1.$proc$../picorv32.v:1273$1578'.
No latch inferred for signal `$paramod\picorv32\BARREL_SHIFTER=1\ENABLE_MUL=1\ENABLE_FAST_MUL=1.\alu_shl' from process `$paramod\picorv32\BARREL_SHIFTER=1\ENABLE_MUL=1\ENABLE_FAST_MUL=1.$proc$../picorv32.v:1273$1578'.
No latch inferred for signal `$paramod\picorv32\BARREL_SHIFTER=1\ENABLE_MUL=1\ENABLE_FAST_MUL=1.\alu_shr' from process `$paramod\picorv32\BARREL_SHIFTER=1\ENABLE_MUL=1\ENABLE_FAST_MUL=1.$proc$../picorv32.v:1273$1578'.
No latch inferred for signal `$paramod\picorv32\BARREL_SHIFTER=1\ENABLE_MUL=1\ENABLE_FAST_MUL=1.\alu_eq' from process `$paramod\picorv32\BARREL_SHIFTER=1\ENABLE_MUL=1\ENABLE_FAST_MUL=1.$proc$../picorv32.v:1273$1578'.
No latch inferred for signal `$paramod\picorv32\BARREL_SHIFTER=1\ENABLE_MUL=1\ENABLE_FAST_MUL=1.\alu_ltu' from process `$paramod\picorv32\BARREL_SHIFTER=1\ENABLE_MUL=1\ENABLE_FAST_MUL=1.$proc$../picorv32.v:1273$1578'.
No latch inferred for signal `$paramod\picorv32\BARREL_SHIFTER=1\ENABLE_MUL=1\ENABLE_FAST_MUL=1.\alu_lts' from process `$paramod\picorv32\BARREL_SHIFTER=1\ENABLE_MUL=1\ENABLE_FAST_MUL=1.$proc$../picorv32.v:1273$1578'.
No latch inferred for signal `$paramod\picorv32\BARREL_SHIFTER=1\ENABLE_MUL=1\ENABLE_FAST_MUL=1.\mem_la_wdata' from process `$paramod\picorv32\BARREL_SHIFTER=1\ENABLE_MUL=1\ENABLE_FAST_MUL=1.$proc$../picorv32.v:402$981'.
No latch inferred for signal `$paramod\picorv32\BARREL_SHIFTER=1\ENABLE_MUL=1\ENABLE_FAST_MUL=1.\mem_la_wstrb' from process `$paramod\picorv32\BARREL_SHIFTER=1\ENABLE_MUL=1\ENABLE_FAST_MUL=1.$proc$../picorv32.v:402$981'.
No latch inferred for signal `$paramod\picorv32\BARREL_SHIFTER=1\ENABLE_MUL=1\ENABLE_FAST_MUL=1.\mem_rdata_word' from process `$paramod\picorv32\BARREL_SHIFTER=1\ENABLE_MUL=1\ENABLE_FAST_MUL=1.$proc$../picorv32.v:402$981'.
No latch inferred for signal `$paramod\picorv32\BARREL_SHIFTER=1\ENABLE_MUL=1\ENABLE_FAST_MUL=1.\pcpi_int_wr' from process `$paramod\picorv32\BARREL_SHIFTER=1\ENABLE_MUL=1\ENABLE_FAST_MUL=1.$proc$../picorv32.v:326$902'.
No latch inferred for signal `$paramod\picorv32\BARREL_SHIFTER=1\ENABLE_MUL=1\ENABLE_FAST_MUL=1.\pcpi_int_rd' from process `$paramod\picorv32\BARREL_SHIFTER=1\ENABLE_MUL=1\ENABLE_FAST_MUL=1.$proc$../picorv32.v:326$902'.
No latch inferred for signal `$paramod\picorv32\BARREL_SHIFTER=1\ENABLE_MUL=1\ENABLE_FAST_MUL=1.\pcpi_int_wait' from process `$paramod\picorv32\BARREL_SHIFTER=1\ENABLE_MUL=1\ENABLE_FAST_MUL=1.$proc$../picorv32.v:326$902'.
No latch inferred for signal `$paramod\picorv32\BARREL_SHIFTER=1\ENABLE_MUL=1\ENABLE_FAST_MUL=1.\pcpi_int_ready' from process `$paramod\picorv32\BARREL_SHIFTER=1\ENABLE_MUL=1\ENABLE_FAST_MUL=1.$proc$../picorv32.v:326$902'.

5.3.7. Executing PROC_DFF pass (convert process syncs to FFs).
Creating register for signal `\picorv32_pcpi_fast_mul.\rs1' using process `\picorv32_pcpi_fast_mul.$proc$../picorv32.v:2412$800'.
  created $dff cell `$procdff$4497' with positive edge clock.
Creating register for signal `\picorv32_pcpi_fast_mul.\rs2' using process `\picorv32_pcpi_fast_mul.$proc$../picorv32.v:2412$800'.
  created $dff cell `$procdff$4498' with positive edge clock.
Creating register for signal `\picorv32_pcpi_fast_mul.\shift_out' using process `\picorv32_pcpi_fast_mul.$proc$../picorv32.v:2412$800'.
  created $dff cell `$procdff$4499' with positive edge clock.
Creating register for signal `\picorv32_pcpi_fast_mul.\active' using process `\picorv32_pcpi_fast_mul.$proc$../picorv32.v:2412$800'.
  created $dff cell `$procdff$4500' with positive edge clock.
Creating register for signal `\picorv32_pcpi_fast_mul.\rd' using process `\picorv32_pcpi_fast_mul.$proc$../picorv32.v:2398$791'.
  created $dff cell `$procdff$4501' with positive edge clock.
Creating register for signal `\picorv32_pcpi_fast_mul.\rd_q' using process `\picorv32_pcpi_fast_mul.$proc$../picorv32.v:2398$791'.
  created $dff cell `$procdff$4502' with positive edge clock.
Creating register for signal `\picorv32_pcpi_fast_mul.\pcpi_insn_valid_q' using process `\picorv32_pcpi_fast_mul.$proc$../picorv32.v:2398$791'.
  created $dff cell `$procdff$4503' with positive edge clock.
Creating register for signal `\picorv32_pcpi_fast_mul.\rs1_q' using process `\picorv32_pcpi_fast_mul.$proc$../picorv32.v:2398$791'.
  created $dff cell `$procdff$4504' with positive edge clock.
Creating register for signal `\picorv32_pcpi_fast_mul.\rs2_q' using process `\picorv32_pcpi_fast_mul.$proc$../picorv32.v:2398$791'.
  created $dff cell `$procdff$4505' with positive edge clock.
Creating register for signal `$paramod\picorv32\BARREL_SHIFTER=1\ENABLE_MUL=1\ENABLE_FAST_MUL=1.\trap' using process `$paramod\picorv32\BARREL_SHIFTER=1\ENABLE_MUL=1\ENABLE_FAST_MUL=1.$proc$../picorv32.v:1436$1395'.
  created $dff cell `$procdff$4506' with positive edge clock.
Creating register for signal `$paramod\picorv32\BARREL_SHIFTER=1\ENABLE_MUL=1\ENABLE_FAST_MUL=1.\pcpi_valid' using process `$paramod\picorv32\BARREL_SHIFTER=1\ENABLE_MUL=1\ENABLE_FAST_MUL=1.$proc$../picorv32.v:1436$1395'.
  created $dff cell `$procdff$4507' with positive edge clock.
Creating register for signal `$paramod\picorv32\BARREL_SHIFTER=1\ENABLE_MUL=1\ENABLE_FAST_MUL=1.\eoi' using process `$paramod\picorv32\BARREL_SHIFTER=1\ENABLE_MUL=1\ENABLE_FAST_MUL=1.$proc$../picorv32.v:1436$1395'.
  created $dff cell `$procdff$4508' with positive edge clock.
Creating register for signal `$paramod\picorv32\BARREL_SHIFTER=1\ENABLE_MUL=1\ENABLE_FAST_MUL=1.\trace_valid' using process `$paramod\picorv32\BARREL_SHIFTER=1\ENABLE_MUL=1\ENABLE_FAST_MUL=1.$proc$../picorv32.v:1436$1395'.
  created $dff cell `$procdff$4509' with positive edge clock.
Creating register for signal `$paramod\picorv32\BARREL_SHIFTER=1\ENABLE_MUL=1\ENABLE_FAST_MUL=1.\trace_data' using process `$paramod\picorv32\BARREL_SHIFTER=1\ENABLE_MUL=1\ENABLE_FAST_MUL=1.$proc$../picorv32.v:1436$1395'.
  created $dff cell `$procdff$4510' with positive edge clock.
Creating register for signal `$paramod\picorv32\BARREL_SHIFTER=1\ENABLE_MUL=1\ENABLE_FAST_MUL=1.\count_cycle' using process `$paramod\picorv32\BARREL_SHIFTER=1\ENABLE_MUL=1\ENABLE_FAST_MUL=1.$proc$../picorv32.v:1436$1395'.
  created $dff cell `$procdff$4511' with positive edge clock.
Creating register for signal `$paramod\picorv32\BARREL_SHIFTER=1\ENABLE_MUL=1\ENABLE_FAST_MUL=1.\count_instr' using process `$paramod\picorv32\BARREL_SHIFTER=1\ENABLE_MUL=1\ENABLE_FAST_MUL=1.$proc$../picorv32.v:1436$1395'.
  created $dff cell `$procdff$4512' with positive edge clock.
Creating register for signal `$paramod\picorv32\BARREL_SHIFTER=1\ENABLE_MUL=1\ENABLE_FAST_MUL=1.\reg_pc' using process `$paramod\picorv32\BARREL_SHIFTER=1\ENABLE_MUL=1\ENABLE_FAST_MUL=1.$proc$../picorv32.v:1436$1395'.
  created $dff cell `$procdff$4513' with positive edge clock.
Creating register for signal `$paramod\picorv32\BARREL_SHIFTER=1\ENABLE_MUL=1\ENABLE_FAST_MUL=1.\reg_next_pc' using process `$paramod\picorv32\BARREL_SHIFTER=1\ENABLE_MUL=1\ENABLE_FAST_MUL=1.$proc$../picorv32.v:1436$1395'.
  created $dff cell `$procdff$4514' with positive edge clock.
Creating register for signal `$paramod\picorv32\BARREL_SHIFTER=1\ENABLE_MUL=1\ENABLE_FAST_MUL=1.\reg_op1' using process `$paramod\picorv32\BARREL_SHIFTER=1\ENABLE_MUL=1\ENABLE_FAST_MUL=1.$proc$../picorv32.v:1436$1395'.
  created $dff cell `$procdff$4515' with positive edge clock.
Creating register for signal `$paramod\picorv32\BARREL_SHIFTER=1\ENABLE_MUL=1\ENABLE_FAST_MUL=1.\reg_op2' using process `$paramod\picorv32\BARREL_SHIFTER=1\ENABLE_MUL=1\ENABLE_FAST_MUL=1.$proc$../picorv32.v:1436$1395'.
  created $dff cell `$procdff$4516' with positive edge clock.
Creating register for signal `$paramod\picorv32\BARREL_SHIFTER=1\ENABLE_MUL=1\ENABLE_FAST_MUL=1.\reg_out' using process `$paramod\picorv32\BARREL_SHIFTER=1\ENABLE_MUL=1\ENABLE_FAST_MUL=1.$proc$../picorv32.v:1436$1395'.
  created $dff cell `$procdff$4517' with positive edge clock.
Creating register for signal `$paramod\picorv32\BARREL_SHIFTER=1\ENABLE_MUL=1\ENABLE_FAST_MUL=1.\reg_sh' using process `$paramod\picorv32\BARREL_SHIFTER=1\ENABLE_MUL=1\ENABLE_FAST_MUL=1.$proc$../picorv32.v:1436$1395'.
  created $dff cell `$procdff$4518' with positive edge clock.
Creating register for signal `$paramod\picorv32\BARREL_SHIFTER=1\ENABLE_MUL=1\ENABLE_FAST_MUL=1.\irq_delay' using process `$paramod\picorv32\BARREL_SHIFTER=1\ENABLE_MUL=1\ENABLE_FAST_MUL=1.$proc$../picorv32.v:1436$1395'.
  created $dff cell `$procdff$4519' with positive edge clock.
Creating register for signal `$paramod\picorv32\BARREL_SHIFTER=1\ENABLE_MUL=1\ENABLE_FAST_MUL=1.\irq_active' using process `$paramod\picorv32\BARREL_SHIFTER=1\ENABLE_MUL=1\ENABLE_FAST_MUL=1.$proc$../picorv32.v:1436$1395'.
  created $dff cell `$procdff$4520' with positive edge clock.
Creating register for signal `$paramod\picorv32\BARREL_SHIFTER=1\ENABLE_MUL=1\ENABLE_FAST_MUL=1.\irq_mask' using process `$paramod\picorv32\BARREL_SHIFTER=1\ENABLE_MUL=1\ENABLE_FAST_MUL=1.$proc$../picorv32.v:1436$1395'.
  created $dff cell `$procdff$4521' with positive edge clock.
Creating register for signal `$paramod\picorv32\BARREL_SHIFTER=1\ENABLE_MUL=1\ENABLE_FAST_MUL=1.\irq_pending' using process `$paramod\picorv32\BARREL_SHIFTER=1\ENABLE_MUL=1\ENABLE_FAST_MUL=1.$proc$../picorv32.v:1436$1395'.
  created $dff cell `$procdff$4522' with positive edge clock.
Creating register for signal `$paramod\picorv32\BARREL_SHIFTER=1\ENABLE_MUL=1\ENABLE_FAST_MUL=1.\timer' using process `$paramod\picorv32\BARREL_SHIFTER=1\ENABLE_MUL=1\ENABLE_FAST_MUL=1.$proc$../picorv32.v:1436$1395'.
  created $dff cell `$procdff$4523' with positive edge clock.
Creating register for signal `$paramod\picorv32\BARREL_SHIFTER=1\ENABLE_MUL=1\ENABLE_FAST_MUL=1.\mem_wordsize' using process `$paramod\picorv32\BARREL_SHIFTER=1\ENABLE_MUL=1\ENABLE_FAST_MUL=1.$proc$../picorv32.v:1436$1395'.
  created $dff cell `$procdff$4524' with positive edge clock.
Creating register for signal `$paramod\picorv32\BARREL_SHIFTER=1\ENABLE_MUL=1\ENABLE_FAST_MUL=1.\mem_do_prefetch' using process `$paramod\picorv32\BARREL_SHIFTER=1\ENABLE_MUL=1\ENABLE_FAST_MUL=1.$proc$../picorv32.v:1436$1395'.
  created $dff cell `$procdff$4525' with positive edge clock.
Creating register for signal `$paramod\picorv32\BARREL_SHIFTER=1\ENABLE_MUL=1\ENABLE_FAST_MUL=1.\mem_do_rinst' using process `$paramod\picorv32\BARREL_SHIFTER=1\ENABLE_MUL=1\ENABLE_FAST_MUL=1.$proc$../picorv32.v:1436$1395'.
  created $dff cell `$procdff$4526' with positive edge clock.
Creating register for signal `$paramod\picorv32\BARREL_SHIFTER=1\ENABLE_MUL=1\ENABLE_FAST_MUL=1.\mem_do_rdata' using process `$paramod\picorv32\BARREL_SHIFTER=1\ENABLE_MUL=1\ENABLE_FAST_MUL=1.$proc$../picorv32.v:1436$1395'.
  created $dff cell `$procdff$4527' with positive edge clock.
Creating register for signal `$paramod\picorv32\BARREL_SHIFTER=1\ENABLE_MUL=1\ENABLE_FAST_MUL=1.\mem_do_wdata' using process `$paramod\picorv32\BARREL_SHIFTER=1\ENABLE_MUL=1\ENABLE_FAST_MUL=1.$proc$../picorv32.v:1436$1395'.
  created $dff cell `$procdff$4528' with positive edge clock.
Creating register for signal `$paramod\picorv32\BARREL_SHIFTER=1\ENABLE_MUL=1\ENABLE_FAST_MUL=1.\decoder_trigger' using process `$paramod\picorv32\BARREL_SHIFTER=1\ENABLE_MUL=1\ENABLE_FAST_MUL=1.$proc$../picorv32.v:1436$1395'.
  created $dff cell `$procdff$4529' with positive edge clock.
Creating register for signal `$paramod\picorv32\BARREL_SHIFTER=1\ENABLE_MUL=1\ENABLE_FAST_MUL=1.\decoder_trigger_q' using process `$paramod\picorv32\BARREL_SHIFTER=1\ENABLE_MUL=1\ENABLE_FAST_MUL=1.$proc$../picorv32.v:1436$1395'.
  created $dff cell `$procdff$4530' with positive edge clock.
Creating register for signal `$paramod\picorv32\BARREL_SHIFTER=1\ENABLE_MUL=1\ENABLE_FAST_MUL=1.\decoder_pseudo_trigger' using process `$paramod\picorv32\BARREL_SHIFTER=1\ENABLE_MUL=1\ENABLE_FAST_MUL=1.$proc$../picorv32.v:1436$1395'.
  created $dff cell `$procdff$4531' with positive edge clock.
Creating register for signal `$paramod\picorv32\BARREL_SHIFTER=1\ENABLE_MUL=1\ENABLE_FAST_MUL=1.\decoder_pseudo_trigger_q' using process `$paramod\picorv32\BARREL_SHIFTER=1\ENABLE_MUL=1\ENABLE_FAST_MUL=1.$proc$../picorv32.v:1436$1395'.
  created $dff cell `$procdff$4532' with positive edge clock.
Creating register for signal `$paramod\picorv32\BARREL_SHIFTER=1\ENABLE_MUL=1\ENABLE_FAST_MUL=1.\dbg_rs1val' using process `$paramod\picorv32\BARREL_SHIFTER=1\ENABLE_MUL=1\ENABLE_FAST_MUL=1.$proc$../picorv32.v:1436$1395'.
  created $dff cell `$procdff$4533' with positive edge clock.
Creating register for signal `$paramod\picorv32\BARREL_SHIFTER=1\ENABLE_MUL=1\ENABLE_FAST_MUL=1.\dbg_rs2val' using process `$paramod\picorv32\BARREL_SHIFTER=1\ENABLE_MUL=1\ENABLE_FAST_MUL=1.$proc$../picorv32.v:1436$1395'.
  created $dff cell `$procdff$4534' with positive edge clock.
Creating register for signal `$paramod\picorv32\BARREL_SHIFTER=1\ENABLE_MUL=1\ENABLE_FAST_MUL=1.\dbg_rs1val_valid' using process `$paramod\picorv32\BARREL_SHIFTER=1\ENABLE_MUL=1\ENABLE_FAST_MUL=1.$proc$../picorv32.v:1436$1395'.
  created $dff cell `$procdff$4535' with positive edge clock.
Creating register for signal `$paramod\picorv32\BARREL_SHIFTER=1\ENABLE_MUL=1\ENABLE_FAST_MUL=1.\dbg_rs2val_valid' using process `$paramod\picorv32\BARREL_SHIFTER=1\ENABLE_MUL=1\ENABLE_FAST_MUL=1.$proc$../picorv32.v:1436$1395'.
  created $dff cell `$procdff$4536' with positive edge clock.
Creating register for signal `$paramod\picorv32\BARREL_SHIFTER=1\ENABLE_MUL=1\ENABLE_FAST_MUL=1.\cpu_state' using process `$paramod\picorv32\BARREL_SHIFTER=1\ENABLE_MUL=1\ENABLE_FAST_MUL=1.$proc$../picorv32.v:1436$1395'.
  created $dff cell `$procdff$4537' with positive edge clock.
Creating register for signal `$paramod\picorv32\BARREL_SHIFTER=1\ENABLE_MUL=1\ENABLE_FAST_MUL=1.\irq_state' using process `$paramod\picorv32\BARREL_SHIFTER=1\ENABLE_MUL=1\ENABLE_FAST_MUL=1.$proc$../picorv32.v:1436$1395'.
  created $dff cell `$procdff$4538' with positive edge clock.
Creating register for signal `$paramod\picorv32\BARREL_SHIFTER=1\ENABLE_MUL=1\ENABLE_FAST_MUL=1.\set_mem_do_rinst' using process `$paramod\picorv32\BARREL_SHIFTER=1\ENABLE_MUL=1\ENABLE_FAST_MUL=1.$proc$../picorv32.v:1436$1395'.
  created $dff cell `$procdff$4539' with positive edge clock.
Creating register for signal `$paramod\picorv32\BARREL_SHIFTER=1\ENABLE_MUL=1\ENABLE_FAST_MUL=1.\set_mem_do_rdata' using process `$paramod\picorv32\BARREL_SHIFTER=1\ENABLE_MUL=1\ENABLE_FAST_MUL=1.$proc$../picorv32.v:1436$1395'.
  created $dff cell `$procdff$4540' with positive edge clock.
Creating register for signal `$paramod\picorv32\BARREL_SHIFTER=1\ENABLE_MUL=1\ENABLE_FAST_MUL=1.\set_mem_do_wdata' using process `$paramod\picorv32\BARREL_SHIFTER=1\ENABLE_MUL=1\ENABLE_FAST_MUL=1.$proc$../picorv32.v:1436$1395'.
  created $dff cell `$procdff$4541' with positive edge clock.
Creating register for signal `$paramod\picorv32\BARREL_SHIFTER=1\ENABLE_MUL=1\ENABLE_FAST_MUL=1.\latched_store' using process `$paramod\picorv32\BARREL_SHIFTER=1\ENABLE_MUL=1\ENABLE_FAST_MUL=1.$proc$../picorv32.v:1436$1395'.
  created $dff cell `$procdff$4542' with positive edge clock.
Creating register for signal `$paramod\picorv32\BARREL_SHIFTER=1\ENABLE_MUL=1\ENABLE_FAST_MUL=1.\latched_stalu' using process `$paramod\picorv32\BARREL_SHIFTER=1\ENABLE_MUL=1\ENABLE_FAST_MUL=1.$proc$../picorv32.v:1436$1395'.
  created $dff cell `$procdff$4543' with positive edge clock.
Creating register for signal `$paramod\picorv32\BARREL_SHIFTER=1\ENABLE_MUL=1\ENABLE_FAST_MUL=1.\latched_branch' using process `$paramod\picorv32\BARREL_SHIFTER=1\ENABLE_MUL=1\ENABLE_FAST_MUL=1.$proc$../picorv32.v:1436$1395'.
  created $dff cell `$procdff$4544' with positive edge clock.
Creating register for signal `$paramod\picorv32\BARREL_SHIFTER=1\ENABLE_MUL=1\ENABLE_FAST_MUL=1.\latched_compr' using process `$paramod\picorv32\BARREL_SHIFTER=1\ENABLE_MUL=1\ENABLE_FAST_MUL=1.$proc$../picorv32.v:1436$1395'.
  created $dff cell `$procdff$4545' with positive edge clock.
Creating register for signal `$paramod\picorv32\BARREL_SHIFTER=1\ENABLE_MUL=1\ENABLE_FAST_MUL=1.\latched_trace' using process `$paramod\picorv32\BARREL_SHIFTER=1\ENABLE_MUL=1\ENABLE_FAST_MUL=1.$proc$../picorv32.v:1436$1395'.
  created $dff cell `$procdff$4546' with positive edge clock.
Creating register for signal `$paramod\picorv32\BARREL_SHIFTER=1\ENABLE_MUL=1\ENABLE_FAST_MUL=1.\latched_is_lu' using process `$paramod\picorv32\BARREL_SHIFTER=1\ENABLE_MUL=1\ENABLE_FAST_MUL=1.$proc$../picorv32.v:1436$1395'.
  created $dff cell `$procdff$4547' with positive edge clock.
Creating register for signal `$paramod\picorv32\BARREL_SHIFTER=1\ENABLE_MUL=1\ENABLE_FAST_MUL=1.\latched_is_lh' using process `$paramod\picorv32\BARREL_SHIFTER=1\ENABLE_MUL=1\ENABLE_FAST_MUL=1.$proc$../picorv32.v:1436$1395'.
  created $dff cell `$procdff$4548' with positive edge clock.
Creating register for signal `$paramod\picorv32\BARREL_SHIFTER=1\ENABLE_MUL=1\ENABLE_FAST_MUL=1.\latched_is_lb' using process `$paramod\picorv32\BARREL_SHIFTER=1\ENABLE_MUL=1\ENABLE_FAST_MUL=1.$proc$../picorv32.v:1436$1395'.
  created $dff cell `$procdff$4549' with positive edge clock.
Creating register for signal `$paramod\picorv32\BARREL_SHIFTER=1\ENABLE_MUL=1\ENABLE_FAST_MUL=1.\latched_rd' using process `$paramod\picorv32\BARREL_SHIFTER=1\ENABLE_MUL=1\ENABLE_FAST_MUL=1.$proc$../picorv32.v:1436$1395'.
  created $dff cell `$procdff$4550' with positive edge clock.
Creating register for signal `$paramod\picorv32\BARREL_SHIFTER=1\ENABLE_MUL=1\ENABLE_FAST_MUL=1.\current_pc' using process `$paramod\picorv32\BARREL_SHIFTER=1\ENABLE_MUL=1\ENABLE_FAST_MUL=1.$proc$../picorv32.v:1436$1395'.
  created $dff cell `$procdff$4551' with positive edge clock.
Creating register for signal `$paramod\picorv32\BARREL_SHIFTER=1\ENABLE_MUL=1\ENABLE_FAST_MUL=1.\pcpi_timeout_counter' using process `$paramod\picorv32\BARREL_SHIFTER=1\ENABLE_MUL=1\ENABLE_FAST_MUL=1.$proc$../picorv32.v:1436$1395'.
  created $dff cell `$procdff$4552' with positive edge clock.
Creating register for signal `$paramod\picorv32\BARREL_SHIFTER=1\ENABLE_MUL=1\ENABLE_FAST_MUL=1.\pcpi_timeout' using process `$paramod\picorv32\BARREL_SHIFTER=1\ENABLE_MUL=1\ENABLE_FAST_MUL=1.$proc$../picorv32.v:1436$1395'.
  created $dff cell `$procdff$4553' with positive edge clock.
Creating register for signal `$paramod\picorv32\BARREL_SHIFTER=1\ENABLE_MUL=1\ENABLE_FAST_MUL=1.\next_irq_pending' using process `$paramod\picorv32\BARREL_SHIFTER=1\ENABLE_MUL=1\ENABLE_FAST_MUL=1.$proc$../picorv32.v:1436$1395'.
  created $dff cell `$procdff$4554' with positive edge clock.
Creating register for signal `$paramod\picorv32\BARREL_SHIFTER=1\ENABLE_MUL=1\ENABLE_FAST_MUL=1.\do_waitirq' using process `$paramod\picorv32\BARREL_SHIFTER=1\ENABLE_MUL=1\ENABLE_FAST_MUL=1.$proc$../picorv32.v:1436$1395'.
  created $dff cell `$procdff$4555' with positive edge clock.
Creating register for signal `$paramod\picorv32\BARREL_SHIFTER=1\ENABLE_MUL=1\ENABLE_FAST_MUL=1.\alu_out_q' using process `$paramod\picorv32\BARREL_SHIFTER=1\ENABLE_MUL=1\ENABLE_FAST_MUL=1.$proc$../picorv32.v:1436$1395'.
  created $dff cell `$procdff$4556' with positive edge clock.
Creating register for signal `$paramod\picorv32\BARREL_SHIFTER=1\ENABLE_MUL=1\ENABLE_FAST_MUL=1.\alu_out_0_q' using process `$paramod\picorv32\BARREL_SHIFTER=1\ENABLE_MUL=1\ENABLE_FAST_MUL=1.$proc$../picorv32.v:1436$1395'.
  created $dff cell `$procdff$4557' with positive edge clock.
Creating register for signal `$paramod\picorv32\BARREL_SHIFTER=1\ENABLE_MUL=1\ENABLE_FAST_MUL=1.\alu_wait' using process `$paramod\picorv32\BARREL_SHIFTER=1\ENABLE_MUL=1\ENABLE_FAST_MUL=1.$proc$../picorv32.v:1436$1395'.
  created $dff cell `$procdff$4558' with positive edge clock.
Creating register for signal `$paramod\picorv32\BARREL_SHIFTER=1\ENABLE_MUL=1\ENABLE_FAST_MUL=1.\alu_wait_2' using process `$paramod\picorv32\BARREL_SHIFTER=1\ENABLE_MUL=1\ENABLE_FAST_MUL=1.$proc$../picorv32.v:1436$1395'.
  created $dff cell `$procdff$4559' with positive edge clock.
Creating register for signal `$paramod\picorv32\BARREL_SHIFTER=1\ENABLE_MUL=1\ENABLE_FAST_MUL=1.$memwr$\cpuregs$../picorv32.v:1378$901_ADDR' using process `$paramod\picorv32\BARREL_SHIFTER=1\ENABLE_MUL=1\ENABLE_FAST_MUL=1.$proc$../picorv32.v:1371$1373'.
  created $dff cell `$procdff$4560' with positive edge clock.
Creating register for signal `$paramod\picorv32\BARREL_SHIFTER=1\ENABLE_MUL=1\ENABLE_FAST_MUL=1.$memwr$\cpuregs$../picorv32.v:1378$901_EN' using process `$paramod\picorv32\BARREL_SHIFTER=1\ENABLE_MUL=1\ENABLE_FAST_MUL=1.$proc$../picorv32.v:1371$1373'.
  created $dff cell `$procdff$4561' with positive edge clock.
Creating register for signal `$paramod\picorv32\BARREL_SHIFTER=1\ENABLE_MUL=1\ENABLE_FAST_MUL=1.$memwr$\cpuregs$../picorv32.v:1378$901_DATA' using process `$paramod\picorv32\BARREL_SHIFTER=1\ENABLE_MUL=1\ENABLE_FAST_MUL=1.$proc$../picorv32.v:1371$1373'.
  created $dff cell `$procdff$4562' with positive edge clock.
Creating register for signal `$paramod\picorv32\BARREL_SHIFTER=1\ENABLE_MUL=1\ENABLE_FAST_MUL=1.\clear_prefetched_high_word_q' using process `$paramod\picorv32\BARREL_SHIFTER=1\ENABLE_MUL=1\ENABLE_FAST_MUL=1.$proc$../picorv32.v:1327$1355'.
  created $dff cell `$procdff$4563' with positive edge clock.
Creating register for signal `$paramod\picorv32\BARREL_SHIFTER=1\ENABLE_MUL=1\ENABLE_FAST_MUL=1.\pcpi_insn' using process `$paramod\picorv32\BARREL_SHIFTER=1\ENABLE_MUL=1\ENABLE_FAST_MUL=1.$proc$../picorv32.v:859$1055'.
  created $dff cell `$procdff$4564' with positive edge clock.
Creating register for signal `$paramod\picorv32\BARREL_SHIFTER=1\ENABLE_MUL=1\ENABLE_FAST_MUL=1.\instr_lui' using process `$paramod\picorv32\BARREL_SHIFTER=1\ENABLE_MUL=1\ENABLE_FAST_MUL=1.$proc$../picorv32.v:859$1055'.
  created $dff cell `$procdff$4565' with positive edge clock.
Creating register for signal `$paramod\picorv32\BARREL_SHIFTER=1\ENABLE_MUL=1\ENABLE_FAST_MUL=1.\instr_auipc' using process `$paramod\picorv32\BARREL_SHIFTER=1\ENABLE_MUL=1\ENABLE_FAST_MUL=1.$proc$../picorv32.v:859$1055'.
  created $dff cell `$procdff$4566' with positive edge clock.
Creating register for signal `$paramod\picorv32\BARREL_SHIFTER=1\ENABLE_MUL=1\ENABLE_FAST_MUL=1.\instr_jal' using process `$paramod\picorv32\BARREL_SHIFTER=1\ENABLE_MUL=1\ENABLE_FAST_MUL=1.$proc$../picorv32.v:859$1055'.
  created $dff cell `$procdff$4567' with positive edge clock.
Creating register for signal `$paramod\picorv32\BARREL_SHIFTER=1\ENABLE_MUL=1\ENABLE_FAST_MUL=1.\instr_jalr' using process `$paramod\picorv32\BARREL_SHIFTER=1\ENABLE_MUL=1\ENABLE_FAST_MUL=1.$proc$../picorv32.v:859$1055'.
  created $dff cell `$procdff$4568' with positive edge clock.
Creating register for signal `$paramod\picorv32\BARREL_SHIFTER=1\ENABLE_MUL=1\ENABLE_FAST_MUL=1.\instr_beq' using process `$paramod\picorv32\BARREL_SHIFTER=1\ENABLE_MUL=1\ENABLE_FAST_MUL=1.$proc$../picorv32.v:859$1055'.
  created $dff cell `$procdff$4569' with positive edge clock.
Creating register for signal `$paramod\picorv32\BARREL_SHIFTER=1\ENABLE_MUL=1\ENABLE_FAST_MUL=1.\instr_bne' using process `$paramod\picorv32\BARREL_SHIFTER=1\ENABLE_MUL=1\ENABLE_FAST_MUL=1.$proc$../picorv32.v:859$1055'.
  created $dff cell `$procdff$4570' with positive edge clock.
Creating register for signal `$paramod\picorv32\BARREL_SHIFTER=1\ENABLE_MUL=1\ENABLE_FAST_MUL=1.\instr_blt' using process `$paramod\picorv32\BARREL_SHIFTER=1\ENABLE_MUL=1\ENABLE_FAST_MUL=1.$proc$../picorv32.v:859$1055'.
  created $dff cell `$procdff$4571' with positive edge clock.
Creating register for signal `$paramod\picorv32\BARREL_SHIFTER=1\ENABLE_MUL=1\ENABLE_FAST_MUL=1.\instr_bge' using process `$paramod\picorv32\BARREL_SHIFTER=1\ENABLE_MUL=1\ENABLE_FAST_MUL=1.$proc$../picorv32.v:859$1055'.
  created $dff cell `$procdff$4572' with positive edge clock.
Creating register for signal `$paramod\picorv32\BARREL_SHIFTER=1\ENABLE_MUL=1\ENABLE_FAST_MUL=1.\instr_bltu' using process `$paramod\picorv32\BARREL_SHIFTER=1\ENABLE_MUL=1\ENABLE_FAST_MUL=1.$proc$../picorv32.v:859$1055'.
  created $dff cell `$procdff$4573' with positive edge clock.
Creating register for signal `$paramod\picorv32\BARREL_SHIFTER=1\ENABLE_MUL=1\ENABLE_FAST_MUL=1.\instr_bgeu' using process `$paramod\picorv32\BARREL_SHIFTER=1\ENABLE_MUL=1\ENABLE_FAST_MUL=1.$proc$../picorv32.v:859$1055'.
  created $dff cell `$procdff$4574' with positive edge clock.
Creating register for signal `$paramod\picorv32\BARREL_SHIFTER=1\ENABLE_MUL=1\ENABLE_FAST_MUL=1.\instr_lb' using process `$paramod\picorv32\BARREL_SHIFTER=1\ENABLE_MUL=1\ENABLE_FAST_MUL=1.$proc$../picorv32.v:859$1055'.
  created $dff cell `$procdff$4575' with positive edge clock.
Creating register for signal `$paramod\picorv32\BARREL_SHIFTER=1\ENABLE_MUL=1\ENABLE_FAST_MUL=1.\instr_lh' using process `$paramod\picorv32\BARREL_SHIFTER=1\ENABLE_MUL=1\ENABLE_FAST_MUL=1.$proc$../picorv32.v:859$1055'.
  created $dff cell `$procdff$4576' with positive edge clock.
Creating register for signal `$paramod\picorv32\BARREL_SHIFTER=1\ENABLE_MUL=1\ENABLE_FAST_MUL=1.\instr_lw' using process `$paramod\picorv32\BARREL_SHIFTER=1\ENABLE_MUL=1\ENABLE_FAST_MUL=1.$proc$../picorv32.v:859$1055'.
  created $dff cell `$procdff$4577' with positive edge clock.
Creating register for signal `$paramod\picorv32\BARREL_SHIFTER=1\ENABLE_MUL=1\ENABLE_FAST_MUL=1.\instr_lbu' using process `$paramod\picorv32\BARREL_SHIFTER=1\ENABLE_MUL=1\ENABLE_FAST_MUL=1.$proc$../picorv32.v:859$1055'.
  created $dff cell `$procdff$4578' with positive edge clock.
Creating register for signal `$paramod\picorv32\BARREL_SHIFTER=1\ENABLE_MUL=1\ENABLE_FAST_MUL=1.\instr_lhu' using process `$paramod\picorv32\BARREL_SHIFTER=1\ENABLE_MUL=1\ENABLE_FAST_MUL=1.$proc$../picorv32.v:859$1055'.
  created $dff cell `$procdff$4579' with positive edge clock.
Creating register for signal `$paramod\picorv32\BARREL_SHIFTER=1\ENABLE_MUL=1\ENABLE_FAST_MUL=1.\instr_sb' using process `$paramod\picorv32\BARREL_SHIFTER=1\ENABLE_MUL=1\ENABLE_FAST_MUL=1.$proc$../picorv32.v:859$1055'.
  created $dff cell `$procdff$4580' with positive edge clock.
Creating register for signal `$paramod\picorv32\BARREL_SHIFTER=1\ENABLE_MUL=1\ENABLE_FAST_MUL=1.\instr_sh' using process `$paramod\picorv32\BARREL_SHIFTER=1\ENABLE_MUL=1\ENABLE_FAST_MUL=1.$proc$../picorv32.v:859$1055'.
  created $dff cell `$procdff$4581' with positive edge clock.
Creating register for signal `$paramod\picorv32\BARREL_SHIFTER=1\ENABLE_MUL=1\ENABLE_FAST_MUL=1.\instr_sw' using process `$paramod\picorv32\BARREL_SHIFTER=1\ENABLE_MUL=1\ENABLE_FAST_MUL=1.$proc$../picorv32.v:859$1055'.
  created $dff cell `$procdff$4582' with positive edge clock.
Creating register for signal `$paramod\picorv32\BARREL_SHIFTER=1\ENABLE_MUL=1\ENABLE_FAST_MUL=1.\instr_addi' using process `$paramod\picorv32\BARREL_SHIFTER=1\ENABLE_MUL=1\ENABLE_FAST_MUL=1.$proc$../picorv32.v:859$1055'.
  created $dff cell `$procdff$4583' with positive edge clock.
Creating register for signal `$paramod\picorv32\BARREL_SHIFTER=1\ENABLE_MUL=1\ENABLE_FAST_MUL=1.\instr_slti' using process `$paramod\picorv32\BARREL_SHIFTER=1\ENABLE_MUL=1\ENABLE_FAST_MUL=1.$proc$../picorv32.v:859$1055'.
  created $dff cell `$procdff$4584' with positive edge clock.
Creating register for signal `$paramod\picorv32\BARREL_SHIFTER=1\ENABLE_MUL=1\ENABLE_FAST_MUL=1.\instr_sltiu' using process `$paramod\picorv32\BARREL_SHIFTER=1\ENABLE_MUL=1\ENABLE_FAST_MUL=1.$proc$../picorv32.v:859$1055'.
  created $dff cell `$procdff$4585' with positive edge clock.
Creating register for signal `$paramod\picorv32\BARREL_SHIFTER=1\ENABLE_MUL=1\ENABLE_FAST_MUL=1.\instr_xori' using process `$paramod\picorv32\BARREL_SHIFTER=1\ENABLE_MUL=1\ENABLE_FAST_MUL=1.$proc$../picorv32.v:859$1055'.
  created $dff cell `$procdff$4586' with positive edge clock.
Creating register for signal `$paramod\picorv32\BARREL_SHIFTER=1\ENABLE_MUL=1\ENABLE_FAST_MUL=1.\instr_ori' using process `$paramod\picorv32\BARREL_SHIFTER=1\ENABLE_MUL=1\ENABLE_FAST_MUL=1.$proc$../picorv32.v:859$1055'.
  created $dff cell `$procdff$4587' with positive edge clock.
Creating register for signal `$paramod\picorv32\BARREL_SHIFTER=1\ENABLE_MUL=1\ENABLE_FAST_MUL=1.\instr_andi' using process `$paramod\picorv32\BARREL_SHIFTER=1\ENABLE_MUL=1\ENABLE_FAST_MUL=1.$proc$../picorv32.v:859$1055'.
  created $dff cell `$procdff$4588' with positive edge clock.
Creating register for signal `$paramod\picorv32\BARREL_SHIFTER=1\ENABLE_MUL=1\ENABLE_FAST_MUL=1.\instr_slli' using process `$paramod\picorv32\BARREL_SHIFTER=1\ENABLE_MUL=1\ENABLE_FAST_MUL=1.$proc$../picorv32.v:859$1055'.
  created $dff cell `$procdff$4589' with positive edge clock.
Creating register for signal `$paramod\picorv32\BARREL_SHIFTER=1\ENABLE_MUL=1\ENABLE_FAST_MUL=1.\instr_srli' using process `$paramod\picorv32\BARREL_SHIFTER=1\ENABLE_MUL=1\ENABLE_FAST_MUL=1.$proc$../picorv32.v:859$1055'.
  created $dff cell `$procdff$4590' with positive edge clock.
Creating register for signal `$paramod\picorv32\BARREL_SHIFTER=1\ENABLE_MUL=1\ENABLE_FAST_MUL=1.\instr_srai' using process `$paramod\picorv32\BARREL_SHIFTER=1\ENABLE_MUL=1\ENABLE_FAST_MUL=1.$proc$../picorv32.v:859$1055'.
  created $dff cell `$procdff$4591' with positive edge clock.
Creating register for signal `$paramod\picorv32\BARREL_SHIFTER=1\ENABLE_MUL=1\ENABLE_FAST_MUL=1.\instr_add' using process `$paramod\picorv32\BARREL_SHIFTER=1\ENABLE_MUL=1\ENABLE_FAST_MUL=1.$proc$../picorv32.v:859$1055'.
  created $dff cell `$procdff$4592' with positive edge clock.
Creating register for signal `$paramod\picorv32\BARREL_SHIFTER=1\ENABLE_MUL=1\ENABLE_FAST_MUL=1.\instr_sub' using process `$paramod\picorv32\BARREL_SHIFTER=1\ENABLE_MUL=1\ENABLE_FAST_MUL=1.$proc$../picorv32.v:859$1055'.
  created $dff cell `$procdff$4593' with positive edge clock.
Creating register for signal `$paramod\picorv32\BARREL_SHIFTER=1\ENABLE_MUL=1\ENABLE_FAST_MUL=1.\instr_sll' using process `$paramod\picorv32\BARREL_SHIFTER=1\ENABLE_MUL=1\ENABLE_FAST_MUL=1.$proc$../picorv32.v:859$1055'.
  created $dff cell `$procdff$4594' with positive edge clock.
Creating register for signal `$paramod\picorv32\BARREL_SHIFTER=1\ENABLE_MUL=1\ENABLE_FAST_MUL=1.\instr_slt' using process `$paramod\picorv32\BARREL_SHIFTER=1\ENABLE_MUL=1\ENABLE_FAST_MUL=1.$proc$../picorv32.v:859$1055'.
  created $dff cell `$procdff$4595' with positive edge clock.
Creating register for signal `$paramod\picorv32\BARREL_SHIFTER=1\ENABLE_MUL=1\ENABLE_FAST_MUL=1.\instr_sltu' using process `$paramod\picorv32\BARREL_SHIFTER=1\ENABLE_MUL=1\ENABLE_FAST_MUL=1.$proc$../picorv32.v:859$1055'.
  created $dff cell `$procdff$4596' with positive edge clock.
Creating register for signal `$paramod\picorv32\BARREL_SHIFTER=1\ENABLE_MUL=1\ENABLE_FAST_MUL=1.\instr_xor' using process `$paramod\picorv32\BARREL_SHIFTER=1\ENABLE_MUL=1\ENABLE_FAST_MUL=1.$proc$../picorv32.v:859$1055'.
  created $dff cell `$procdff$4597' with positive edge clock.
Creating register for signal `$paramod\picorv32\BARREL_SHIFTER=1\ENABLE_MUL=1\ENABLE_FAST_MUL=1.\instr_srl' using process `$paramod\picorv32\BARREL_SHIFTER=1\ENABLE_MUL=1\ENABLE_FAST_MUL=1.$proc$../picorv32.v:859$1055'.
  created $dff cell `$procdff$4598' with positive edge clock.
Creating register for signal `$paramod\picorv32\BARREL_SHIFTER=1\ENABLE_MUL=1\ENABLE_FAST_MUL=1.\instr_sra' using process `$paramod\picorv32\BARREL_SHIFTER=1\ENABLE_MUL=1\ENABLE_FAST_MUL=1.$proc$../picorv32.v:859$1055'.
  created $dff cell `$procdff$4599' with positive edge clock.
Creating register for signal `$paramod\picorv32\BARREL_SHIFTER=1\ENABLE_MUL=1\ENABLE_FAST_MUL=1.\instr_or' using process `$paramod\picorv32\BARREL_SHIFTER=1\ENABLE_MUL=1\ENABLE_FAST_MUL=1.$proc$../picorv32.v:859$1055'.
  created $dff cell `$procdff$4600' with positive edge clock.
Creating register for signal `$paramod\picorv32\BARREL_SHIFTER=1\ENABLE_MUL=1\ENABLE_FAST_MUL=1.\instr_and' using process `$paramod\picorv32\BARREL_SHIFTER=1\ENABLE_MUL=1\ENABLE_FAST_MUL=1.$proc$../picorv32.v:859$1055'.
  created $dff cell `$procdff$4601' with positive edge clock.
Creating register for signal `$paramod\picorv32\BARREL_SHIFTER=1\ENABLE_MUL=1\ENABLE_FAST_MUL=1.\instr_rdcycle' using process `$paramod\picorv32\BARREL_SHIFTER=1\ENABLE_MUL=1\ENABLE_FAST_MUL=1.$proc$../picorv32.v:859$1055'.
  created $dff cell `$procdff$4602' with positive edge clock.
Creating register for signal `$paramod\picorv32\BARREL_SHIFTER=1\ENABLE_MUL=1\ENABLE_FAST_MUL=1.\instr_rdcycleh' using process `$paramod\picorv32\BARREL_SHIFTER=1\ENABLE_MUL=1\ENABLE_FAST_MUL=1.$proc$../picorv32.v:859$1055'.
  created $dff cell `$procdff$4603' with positive edge clock.
Creating register for signal `$paramod\picorv32\BARREL_SHIFTER=1\ENABLE_MUL=1\ENABLE_FAST_MUL=1.\instr_rdinstr' using process `$paramod\picorv32\BARREL_SHIFTER=1\ENABLE_MUL=1\ENABLE_FAST_MUL=1.$proc$../picorv32.v:859$1055'.
  created $dff cell `$procdff$4604' with positive edge clock.
Creating register for signal `$paramod\picorv32\BARREL_SHIFTER=1\ENABLE_MUL=1\ENABLE_FAST_MUL=1.\instr_rdinstrh' using process `$paramod\picorv32\BARREL_SHIFTER=1\ENABLE_MUL=1\ENABLE_FAST_MUL=1.$proc$../picorv32.v:859$1055'.
  created $dff cell `$procdff$4605' with positive edge clock.
Creating register for signal `$paramod\picorv32\BARREL_SHIFTER=1\ENABLE_MUL=1\ENABLE_FAST_MUL=1.\instr_ecall_ebreak' using process `$paramod\picorv32\BARREL_SHIFTER=1\ENABLE_MUL=1\ENABLE_FAST_MUL=1.$proc$../picorv32.v:859$1055'.
  created $dff cell `$procdff$4606' with positive edge clock.
Creating register for signal `$paramod\picorv32\BARREL_SHIFTER=1\ENABLE_MUL=1\ENABLE_FAST_MUL=1.\instr_fence' using process `$paramod\picorv32\BARREL_SHIFTER=1\ENABLE_MUL=1\ENABLE_FAST_MUL=1.$proc$../picorv32.v:859$1055'.
  created $dff cell `$procdff$4607' with positive edge clock.
Creating register for signal `$paramod\picorv32\BARREL_SHIFTER=1\ENABLE_MUL=1\ENABLE_FAST_MUL=1.\instr_getq' using process `$paramod\picorv32\BARREL_SHIFTER=1\ENABLE_MUL=1\ENABLE_FAST_MUL=1.$proc$../picorv32.v:859$1055'.
  created $dff cell `$procdff$4608' with positive edge clock.
Creating register for signal `$paramod\picorv32\BARREL_SHIFTER=1\ENABLE_MUL=1\ENABLE_FAST_MUL=1.\instr_setq' using process `$paramod\picorv32\BARREL_SHIFTER=1\ENABLE_MUL=1\ENABLE_FAST_MUL=1.$proc$../picorv32.v:859$1055'.
  created $dff cell `$procdff$4609' with positive edge clock.
Creating register for signal `$paramod\picorv32\BARREL_SHIFTER=1\ENABLE_MUL=1\ENABLE_FAST_MUL=1.\instr_retirq' using process `$paramod\picorv32\BARREL_SHIFTER=1\ENABLE_MUL=1\ENABLE_FAST_MUL=1.$proc$../picorv32.v:859$1055'.
  created $dff cell `$procdff$4610' with positive edge clock.
Creating register for signal `$paramod\picorv32\BARREL_SHIFTER=1\ENABLE_MUL=1\ENABLE_FAST_MUL=1.\instr_maskirq' using process `$paramod\picorv32\BARREL_SHIFTER=1\ENABLE_MUL=1\ENABLE_FAST_MUL=1.$proc$../picorv32.v:859$1055'.
  created $dff cell `$procdff$4611' with positive edge clock.
Creating register for signal `$paramod\picorv32\BARREL_SHIFTER=1\ENABLE_MUL=1\ENABLE_FAST_MUL=1.\instr_waitirq' using process `$paramod\picorv32\BARREL_SHIFTER=1\ENABLE_MUL=1\ENABLE_FAST_MUL=1.$proc$../picorv32.v:859$1055'.
  created $dff cell `$procdff$4612' with positive edge clock.
Creating register for signal `$paramod\picorv32\BARREL_SHIFTER=1\ENABLE_MUL=1\ENABLE_FAST_MUL=1.\instr_timer' using process `$paramod\picorv32\BARREL_SHIFTER=1\ENABLE_MUL=1\ENABLE_FAST_MUL=1.$proc$../picorv32.v:859$1055'.
  created $dff cell `$procdff$4613' with positive edge clock.
Creating register for signal `$paramod\picorv32\BARREL_SHIFTER=1\ENABLE_MUL=1\ENABLE_FAST_MUL=1.\decoded_rd' using process `$paramod\picorv32\BARREL_SHIFTER=1\ENABLE_MUL=1\ENABLE_FAST_MUL=1.$proc$../picorv32.v:859$1055'.
  created $dff cell `$procdff$4614' with positive edge clock.
Creating register for signal `$paramod\picorv32\BARREL_SHIFTER=1\ENABLE_MUL=1\ENABLE_FAST_MUL=1.\decoded_rs1' using process `$paramod\picorv32\BARREL_SHIFTER=1\ENABLE_MUL=1\ENABLE_FAST_MUL=1.$proc$../picorv32.v:859$1055'.
  created $dff cell `$procdff$4615' with positive edge clock.
Creating register for signal `$paramod\picorv32\BARREL_SHIFTER=1\ENABLE_MUL=1\ENABLE_FAST_MUL=1.\decoded_rs2' using process `$paramod\picorv32\BARREL_SHIFTER=1\ENABLE_MUL=1\ENABLE_FAST_MUL=1.$proc$../picorv32.v:859$1055'.
  created $dff cell `$procdff$4616' with positive edge clock.
Creating register for signal `$paramod\picorv32\BARREL_SHIFTER=1\ENABLE_MUL=1\ENABLE_FAST_MUL=1.\decoded_imm' using process `$paramod\picorv32\BARREL_SHIFTER=1\ENABLE_MUL=1\ENABLE_FAST_MUL=1.$proc$../picorv32.v:859$1055'.
  created $dff cell `$procdff$4617' with positive edge clock.
Creating register for signal `$paramod\picorv32\BARREL_SHIFTER=1\ENABLE_MUL=1\ENABLE_FAST_MUL=1.\decoded_imm_j' using process `$paramod\picorv32\BARREL_SHIFTER=1\ENABLE_MUL=1\ENABLE_FAST_MUL=1.$proc$../picorv32.v:859$1055'.
  created $dff cell `$procdff$4618' with positive edge clock.
Creating register for signal `$paramod\picorv32\BARREL_SHIFTER=1\ENABLE_MUL=1\ENABLE_FAST_MUL=1.\compressed_instr' using process `$paramod\picorv32\BARREL_SHIFTER=1\ENABLE_MUL=1\ENABLE_FAST_MUL=1.$proc$../picorv32.v:859$1055'.
  created $dff cell `$procdff$4619' with positive edge clock.
Creating register for signal `$paramod\picorv32\BARREL_SHIFTER=1\ENABLE_MUL=1\ENABLE_FAST_MUL=1.\is_lui_auipc_jal' using process `$paramod\picorv32\BARREL_SHIFTER=1\ENABLE_MUL=1\ENABLE_FAST_MUL=1.$proc$../picorv32.v:859$1055'.
  created $dff cell `$procdff$4620' with positive edge clock.
Creating register for signal `$paramod\picorv32\BARREL_SHIFTER=1\ENABLE_MUL=1\ENABLE_FAST_MUL=1.\is_lb_lh_lw_lbu_lhu' using process `$paramod\picorv32\BARREL_SHIFTER=1\ENABLE_MUL=1\ENABLE_FAST_MUL=1.$proc$../picorv32.v:859$1055'.
  created $dff cell `$procdff$4621' with positive edge clock.
Creating register for signal `$paramod\picorv32\BARREL_SHIFTER=1\ENABLE_MUL=1\ENABLE_FAST_MUL=1.\is_slli_srli_srai' using process `$paramod\picorv32\BARREL_SHIFTER=1\ENABLE_MUL=1\ENABLE_FAST_MUL=1.$proc$../picorv32.v:859$1055'.
  created $dff cell `$procdff$4622' with positive edge clock.
Creating register for signal `$paramod\picorv32\BARREL_SHIFTER=1\ENABLE_MUL=1\ENABLE_FAST_MUL=1.\is_jalr_addi_slti_sltiu_xori_ori_andi' using process `$paramod\picorv32\BARREL_SHIFTER=1\ENABLE_MUL=1\ENABLE_FAST_MUL=1.$proc$../picorv32.v:859$1055'.
  created $dff cell `$procdff$4623' with positive edge clock.
Creating register for signal `$paramod\picorv32\BARREL_SHIFTER=1\ENABLE_MUL=1\ENABLE_FAST_MUL=1.\is_sb_sh_sw' using process `$paramod\picorv32\BARREL_SHIFTER=1\ENABLE_MUL=1\ENABLE_FAST_MUL=1.$proc$../picorv32.v:859$1055'.
  created $dff cell `$procdff$4624' with positive edge clock.
Creating register for signal `$paramod\picorv32\BARREL_SHIFTER=1\ENABLE_MUL=1\ENABLE_FAST_MUL=1.\is_sll_srl_sra' using process `$paramod\picorv32\BARREL_SHIFTER=1\ENABLE_MUL=1\ENABLE_FAST_MUL=1.$proc$../picorv32.v:859$1055'.
  created $dff cell `$procdff$4625' with positive edge clock.
Creating register for signal `$paramod\picorv32\BARREL_SHIFTER=1\ENABLE_MUL=1\ENABLE_FAST_MUL=1.\is_lui_auipc_jal_jalr_addi_add_sub' using process `$paramod\picorv32\BARREL_SHIFTER=1\ENABLE_MUL=1\ENABLE_FAST_MUL=1.$proc$../picorv32.v:859$1055'.
  created $dff cell `$procdff$4626' with positive edge clock.
Creating register for signal `$paramod\picorv32\BARREL_SHIFTER=1\ENABLE_MUL=1\ENABLE_FAST_MUL=1.\is_slti_blt_slt' using process `$paramod\picorv32\BARREL_SHIFTER=1\ENABLE_MUL=1\ENABLE_FAST_MUL=1.$proc$../picorv32.v:859$1055'.
  created $dff cell `$procdff$4627' with positive edge clock.
Creating register for signal `$paramod\picorv32\BARREL_SHIFTER=1\ENABLE_MUL=1\ENABLE_FAST_MUL=1.\is_sltiu_bltu_sltu' using process `$paramod\picorv32\BARREL_SHIFTER=1\ENABLE_MUL=1\ENABLE_FAST_MUL=1.$proc$../picorv32.v:859$1055'.
  created $dff cell `$procdff$4628' with positive edge clock.
Creating register for signal `$paramod\picorv32\BARREL_SHIFTER=1\ENABLE_MUL=1\ENABLE_FAST_MUL=1.\is_beq_bne_blt_bge_bltu_bgeu' using process `$paramod\picorv32\BARREL_SHIFTER=1\ENABLE_MUL=1\ENABLE_FAST_MUL=1.$proc$../picorv32.v:859$1055'.
  created $dff cell `$procdff$4629' with positive edge clock.
Creating register for signal `$paramod\picorv32\BARREL_SHIFTER=1\ENABLE_MUL=1\ENABLE_FAST_MUL=1.\is_lbu_lhu_lw' using process `$paramod\picorv32\BARREL_SHIFTER=1\ENABLE_MUL=1\ENABLE_FAST_MUL=1.$proc$../picorv32.v:859$1055'.
  created $dff cell `$procdff$4630' with positive edge clock.
Creating register for signal `$paramod\picorv32\BARREL_SHIFTER=1\ENABLE_MUL=1\ENABLE_FAST_MUL=1.\is_alu_reg_imm' using process `$paramod\picorv32\BARREL_SHIFTER=1\ENABLE_MUL=1\ENABLE_FAST_MUL=1.$proc$../picorv32.v:859$1055'.
  created $dff cell `$procdff$4631' with positive edge clock.
Creating register for signal `$paramod\picorv32\BARREL_SHIFTER=1\ENABLE_MUL=1\ENABLE_FAST_MUL=1.\is_alu_reg_reg' using process `$paramod\picorv32\BARREL_SHIFTER=1\ENABLE_MUL=1\ENABLE_FAST_MUL=1.$proc$../picorv32.v:859$1055'.
  created $dff cell `$procdff$4632' with positive edge clock.
Creating register for signal `$paramod\picorv32\BARREL_SHIFTER=1\ENABLE_MUL=1\ENABLE_FAST_MUL=1.\is_compare' using process `$paramod\picorv32\BARREL_SHIFTER=1\ENABLE_MUL=1\ENABLE_FAST_MUL=1.$proc$../picorv32.v:859$1055'.
  created $dff cell `$procdff$4633' with positive edge clock.
Creating register for signal `$paramod\picorv32\BARREL_SHIFTER=1\ENABLE_MUL=1\ENABLE_FAST_MUL=1.\dbg_insn_addr' using process `$paramod\picorv32\BARREL_SHIFTER=1\ENABLE_MUL=1\ENABLE_FAST_MUL=1.$proc$../picorv32.v:779$1049'.
  created $dff cell `$procdff$4634' with positive edge clock.
Creating register for signal `$paramod\picorv32\BARREL_SHIFTER=1\ENABLE_MUL=1\ENABLE_FAST_MUL=1.\q_ascii_instr' using process `$paramod\picorv32\BARREL_SHIFTER=1\ENABLE_MUL=1\ENABLE_FAST_MUL=1.$proc$../picorv32.v:779$1049'.
  created $dff cell `$procdff$4635' with positive edge clock.
Creating register for signal `$paramod\picorv32\BARREL_SHIFTER=1\ENABLE_MUL=1\ENABLE_FAST_MUL=1.\q_insn_imm' using process `$paramod\picorv32\BARREL_SHIFTER=1\ENABLE_MUL=1\ENABLE_FAST_MUL=1.$proc$../picorv32.v:779$1049'.
  created $dff cell `$procdff$4636' with positive edge clock.
Creating register for signal `$paramod\picorv32\BARREL_SHIFTER=1\ENABLE_MUL=1\ENABLE_FAST_MUL=1.\q_insn_opcode' using process `$paramod\picorv32\BARREL_SHIFTER=1\ENABLE_MUL=1\ENABLE_FAST_MUL=1.$proc$../picorv32.v:779$1049'.
  created $dff cell `$procdff$4637' with positive edge clock.
Creating register for signal `$paramod\picorv32\BARREL_SHIFTER=1\ENABLE_MUL=1\ENABLE_FAST_MUL=1.\q_insn_rs1' using process `$paramod\picorv32\BARREL_SHIFTER=1\ENABLE_MUL=1\ENABLE_FAST_MUL=1.$proc$../picorv32.v:779$1049'.
  created $dff cell `$procdff$4638' with positive edge clock.
Creating register for signal `$paramod\picorv32\BARREL_SHIFTER=1\ENABLE_MUL=1\ENABLE_FAST_MUL=1.\q_insn_rs2' using process `$paramod\picorv32\BARREL_SHIFTER=1\ENABLE_MUL=1\ENABLE_FAST_MUL=1.$proc$../picorv32.v:779$1049'.
  created $dff cell `$procdff$4639' with positive edge clock.
Creating register for signal `$paramod\picorv32\BARREL_SHIFTER=1\ENABLE_MUL=1\ENABLE_FAST_MUL=1.\q_insn_rd' using process `$paramod\picorv32\BARREL_SHIFTER=1\ENABLE_MUL=1\ENABLE_FAST_MUL=1.$proc$../picorv32.v:779$1049'.
  created $dff cell `$procdff$4640' with positive edge clock.
Creating register for signal `$paramod\picorv32\BARREL_SHIFTER=1\ENABLE_MUL=1\ENABLE_FAST_MUL=1.\dbg_next' using process `$paramod\picorv32\BARREL_SHIFTER=1\ENABLE_MUL=1\ENABLE_FAST_MUL=1.$proc$../picorv32.v:779$1049'.
  created $dff cell `$procdff$4641' with positive edge clock.
Creating register for signal `$paramod\picorv32\BARREL_SHIFTER=1\ENABLE_MUL=1\ENABLE_FAST_MUL=1.\dbg_valid_insn' using process `$paramod\picorv32\BARREL_SHIFTER=1\ENABLE_MUL=1\ENABLE_FAST_MUL=1.$proc$../picorv32.v:779$1049'.
  created $dff cell `$procdff$4642' with positive edge clock.
Creating register for signal `$paramod\picorv32\BARREL_SHIFTER=1\ENABLE_MUL=1\ENABLE_FAST_MUL=1.\cached_ascii_instr' using process `$paramod\picorv32\BARREL_SHIFTER=1\ENABLE_MUL=1\ENABLE_FAST_MUL=1.$proc$../picorv32.v:779$1049'.
  created $dff cell `$procdff$4643' with positive edge clock.
Creating register for signal `$paramod\picorv32\BARREL_SHIFTER=1\ENABLE_MUL=1\ENABLE_FAST_MUL=1.\cached_insn_imm' using process `$paramod\picorv32\BARREL_SHIFTER=1\ENABLE_MUL=1\ENABLE_FAST_MUL=1.$proc$../picorv32.v:779$1049'.
  created $dff cell `$procdff$4644' with positive edge clock.
Creating register for signal `$paramod\picorv32\BARREL_SHIFTER=1\ENABLE_MUL=1\ENABLE_FAST_MUL=1.\cached_insn_opcode' using process `$paramod\picorv32\BARREL_SHIFTER=1\ENABLE_MUL=1\ENABLE_FAST_MUL=1.$proc$../picorv32.v:779$1049'.
  created $dff cell `$procdff$4645' with positive edge clock.
Creating register for signal `$paramod\picorv32\BARREL_SHIFTER=1\ENABLE_MUL=1\ENABLE_FAST_MUL=1.\cached_insn_rs1' using process `$paramod\picorv32\BARREL_SHIFTER=1\ENABLE_MUL=1\ENABLE_FAST_MUL=1.$proc$../picorv32.v:779$1049'.
  created $dff cell `$procdff$4646' with positive edge clock.
Creating register for signal `$paramod\picorv32\BARREL_SHIFTER=1\ENABLE_MUL=1\ENABLE_FAST_MUL=1.\cached_insn_rs2' using process `$paramod\picorv32\BARREL_SHIFTER=1\ENABLE_MUL=1\ENABLE_FAST_MUL=1.$proc$../picorv32.v:779$1049'.
  created $dff cell `$procdff$4647' with positive edge clock.
Creating register for signal `$paramod\picorv32\BARREL_SHIFTER=1\ENABLE_MUL=1\ENABLE_FAST_MUL=1.\cached_insn_rd' using process `$paramod\picorv32\BARREL_SHIFTER=1\ENABLE_MUL=1\ENABLE_FAST_MUL=1.$proc$../picorv32.v:779$1049'.
  created $dff cell `$procdff$4648' with positive edge clock.
Creating register for signal `$paramod\picorv32\BARREL_SHIFTER=1\ENABLE_MUL=1\ENABLE_FAST_MUL=1.\mem_valid' using process `$paramod\picorv32\BARREL_SHIFTER=1\ENABLE_MUL=1\ENABLE_FAST_MUL=1.$proc$../picorv32.v:566$1024'.
  created $dff cell `$procdff$4649' with positive edge clock.
Creating register for signal `$paramod\picorv32\BARREL_SHIFTER=1\ENABLE_MUL=1\ENABLE_FAST_MUL=1.\mem_instr' using process `$paramod\picorv32\BARREL_SHIFTER=1\ENABLE_MUL=1\ENABLE_FAST_MUL=1.$proc$../picorv32.v:566$1024'.
  created $dff cell `$procdff$4650' with positive edge clock.
Creating register for signal `$paramod\picorv32\BARREL_SHIFTER=1\ENABLE_MUL=1\ENABLE_FAST_MUL=1.\mem_addr' using process `$paramod\picorv32\BARREL_SHIFTER=1\ENABLE_MUL=1\ENABLE_FAST_MUL=1.$proc$../picorv32.v:566$1024'.
  created $dff cell `$procdff$4651' with positive edge clock.
Creating register for signal `$paramod\picorv32\BARREL_SHIFTER=1\ENABLE_MUL=1\ENABLE_FAST_MUL=1.\mem_wdata' using process `$paramod\picorv32\BARREL_SHIFTER=1\ENABLE_MUL=1\ENABLE_FAST_MUL=1.$proc$../picorv32.v:566$1024'.
  created $dff cell `$procdff$4652' with positive edge clock.
Creating register for signal `$paramod\picorv32\BARREL_SHIFTER=1\ENABLE_MUL=1\ENABLE_FAST_MUL=1.\mem_wstrb' using process `$paramod\picorv32\BARREL_SHIFTER=1\ENABLE_MUL=1\ENABLE_FAST_MUL=1.$proc$../picorv32.v:566$1024'.
  created $dff cell `$procdff$4653' with positive edge clock.
Creating register for signal `$paramod\picorv32\BARREL_SHIFTER=1\ENABLE_MUL=1\ENABLE_FAST_MUL=1.\mem_state' using process `$paramod\picorv32\BARREL_SHIFTER=1\ENABLE_MUL=1\ENABLE_FAST_MUL=1.$proc$../picorv32.v:566$1024'.
  created $dff cell `$procdff$4654' with positive edge clock.
Creating register for signal `$paramod\picorv32\BARREL_SHIFTER=1\ENABLE_MUL=1\ENABLE_FAST_MUL=1.\mem_la_secondword' using process `$paramod\picorv32\BARREL_SHIFTER=1\ENABLE_MUL=1\ENABLE_FAST_MUL=1.$proc$../picorv32.v:566$1024'.
  created $dff cell `$procdff$4655' with positive edge clock.
Creating register for signal `$paramod\picorv32\BARREL_SHIFTER=1\ENABLE_MUL=1\ENABLE_FAST_MUL=1.\prefetched_high_word' using process `$paramod\picorv32\BARREL_SHIFTER=1\ENABLE_MUL=1\ENABLE_FAST_MUL=1.$proc$../picorv32.v:566$1024'.
  created $dff cell `$procdff$4656' with positive edge clock.
Creating register for signal `$paramod\picorv32\BARREL_SHIFTER=1\ENABLE_MUL=1\ENABLE_FAST_MUL=1.\mem_16bit_buffer' using process `$paramod\picorv32\BARREL_SHIFTER=1\ENABLE_MUL=1\ENABLE_FAST_MUL=1.$proc$../picorv32.v:566$1024'.
  created $dff cell `$procdff$4657' with positive edge clock.
Creating register for signal `$paramod\picorv32\BARREL_SHIFTER=1\ENABLE_MUL=1\ENABLE_FAST_MUL=1.\next_insn_opcode' using process `$paramod\picorv32\BARREL_SHIFTER=1\ENABLE_MUL=1\ENABLE_FAST_MUL=1.$proc$../picorv32.v:431$984'.
  created $dff cell `$procdff$4658' with positive edge clock.
Creating register for signal `$paramod\picorv32\BARREL_SHIFTER=1\ENABLE_MUL=1\ENABLE_FAST_MUL=1.\mem_rdata_q' using process `$paramod\picorv32\BARREL_SHIFTER=1\ENABLE_MUL=1\ENABLE_FAST_MUL=1.$proc$../picorv32.v:431$984'.
  created $dff cell `$procdff$4659' with positive edge clock.
Creating register for signal `$paramod\picorv32\BARREL_SHIFTER=1\ENABLE_MUL=1\ENABLE_FAST_MUL=1.\mem_la_firstword_reg' using process `$paramod\picorv32\BARREL_SHIFTER=1\ENABLE_MUL=1\ENABLE_FAST_MUL=1.$proc$../picorv32.v:391$976'.
  created $dff cell `$procdff$4660' with positive edge clock.
Creating register for signal `$paramod\picorv32\BARREL_SHIFTER=1\ENABLE_MUL=1\ENABLE_FAST_MUL=1.\last_mem_valid' using process `$paramod\picorv32\BARREL_SHIFTER=1\ENABLE_MUL=1\ENABLE_FAST_MUL=1.$proc$../picorv32.v:391$976'.
  created $dff cell `$procdff$4661' with positive edge clock.

5.3.8. Executing PROC_CLEAN pass (remove empty switches from decision trees).
Found and cleaned up 4 empty switches in `\picorv32_pcpi_fast_mul.$proc$../picorv32.v:2412$800'.
Removing empty process `picorv32_pcpi_fast_mul.$proc$../picorv32.v:2412$800'.
Found and cleaned up 3 empty switches in `\picorv32_pcpi_fast_mul.$proc$../picorv32.v:2398$791'.
Removing empty process `picorv32_pcpi_fast_mul.$proc$../picorv32.v:2398$791'.
Found and cleaned up 2 empty switches in `\picorv32_pcpi_fast_mul.$proc$../picorv32.v:2382$787'.
Removing empty process `picorv32_pcpi_fast_mul.$proc$../picorv32.v:2382$787'.
Found and cleaned up 58 empty switches in `$paramod\picorv32\BARREL_SHIFTER=1\ENABLE_MUL=1\ENABLE_FAST_MUL=1.$proc$../picorv32.v:1436$1395'.
Removing empty process `$paramod\picorv32\BARREL_SHIFTER=1\ENABLE_MUL=1\ENABLE_FAST_MUL=1.$proc$../picorv32.v:1436$1395'.
Removing empty process `$paramod\picorv32\BARREL_SHIFTER=1\ENABLE_MUL=1\ENABLE_FAST_MUL=1.$proc$../picorv32.v:1382$1379'.
Found and cleaned up 1 empty switch in `$paramod\picorv32\BARREL_SHIFTER=1\ENABLE_MUL=1\ENABLE_FAST_MUL=1.$proc$../picorv32.v:1371$1373'.
Removing empty process `$paramod\picorv32\BARREL_SHIFTER=1\ENABLE_MUL=1\ENABLE_FAST_MUL=1.$proc$../picorv32.v:1371$1373'.
Found and cleaned up 2 empty switches in `$paramod\picorv32\BARREL_SHIFTER=1\ENABLE_MUL=1\ENABLE_FAST_MUL=1.$proc$../picorv32.v:1343$1361'.
Removing empty process `$paramod\picorv32\BARREL_SHIFTER=1\ENABLE_MUL=1\ENABLE_FAST_MUL=1.$proc$../picorv32.v:1343$1361'.
Found and cleaned up 2 empty switches in `$paramod\picorv32\BARREL_SHIFTER=1\ENABLE_MUL=1\ENABLE_FAST_MUL=1.$proc$../picorv32.v:1329$1356'.
Removing empty process `$paramod\picorv32\BARREL_SHIFTER=1\ENABLE_MUL=1\ENABLE_FAST_MUL=1.$proc$../picorv32.v:1329$1356'.
Removing empty process `$paramod\picorv32\BARREL_SHIFTER=1\ENABLE_MUL=1\ENABLE_FAST_MUL=1.$proc$../picorv32.v:1327$1355'.
Found and cleaned up 2 empty switches in `$paramod\picorv32\BARREL_SHIFTER=1\ENABLE_MUL=1\ENABLE_FAST_MUL=1.$proc$../picorv32.v:1283$1333'.
Removing empty process `$paramod\picorv32\BARREL_SHIFTER=1\ENABLE_MUL=1\ENABLE_FAST_MUL=1.$proc$../picorv32.v:1283$1333'.
Found and cleaned up 8 empty switches in `$paramod\picorv32\BARREL_SHIFTER=1\ENABLE_MUL=1\ENABLE_FAST_MUL=1.$proc$../picorv32.v:1187$1319'.
Removing empty process `$paramod\picorv32\BARREL_SHIFTER=1\ENABLE_MUL=1\ENABLE_FAST_MUL=1.$proc$../picorv32.v:1187$1319'.
Found and cleaned up 22 empty switches in `$paramod\picorv32\BARREL_SHIFTER=1\ENABLE_MUL=1\ENABLE_FAST_MUL=1.$proc$../picorv32.v:859$1055'.
Removing empty process `$paramod\picorv32\BARREL_SHIFTER=1\ENABLE_MUL=1\ENABLE_FAST_MUL=1.$proc$../picorv32.v:859$1055'.
Found and cleaned up 3 empty switches in `$paramod\picorv32\BARREL_SHIFTER=1\ENABLE_MUL=1\ENABLE_FAST_MUL=1.$proc$../picorv32.v:810$1053'.
Removing empty process `$paramod\picorv32\BARREL_SHIFTER=1\ENABLE_MUL=1\ENABLE_FAST_MUL=1.$proc$../picorv32.v:810$1053'.
Found and cleaned up 5 empty switches in `$paramod\picorv32\BARREL_SHIFTER=1\ENABLE_MUL=1\ENABLE_FAST_MUL=1.$proc$../picorv32.v:779$1049'.
Removing empty process `$paramod\picorv32\BARREL_SHIFTER=1\ENABLE_MUL=1\ENABLE_FAST_MUL=1.$proc$../picorv32.v:779$1049'.
Found and cleaned up 48 empty switches in `$paramod\picorv32\BARREL_SHIFTER=1\ENABLE_MUL=1\ENABLE_FAST_MUL=1.$proc$../picorv32.v:702$1048'.
Removing empty process `$paramod\picorv32\BARREL_SHIFTER=1\ENABLE_MUL=1\ENABLE_FAST_MUL=1.$proc$../picorv32.v:702$1048'.
Found and cleaned up 16 empty switches in `$paramod\picorv32\BARREL_SHIFTER=1\ENABLE_MUL=1\ENABLE_FAST_MUL=1.$proc$../picorv32.v:566$1024'.
Removing empty process `$paramod\picorv32\BARREL_SHIFTER=1\ENABLE_MUL=1\ENABLE_FAST_MUL=1.$proc$../picorv32.v:566$1024'.
Removing empty process `$paramod\picorv32\BARREL_SHIFTER=1\ENABLE_MUL=1\ENABLE_FAST_MUL=1.$proc$../picorv32.v:1273$1578'.
Found and cleaned up 19 empty switches in `$paramod\picorv32\BARREL_SHIFTER=1\ENABLE_MUL=1\ENABLE_FAST_MUL=1.$proc$../picorv32.v:431$984'.
Removing empty process `$paramod\picorv32\BARREL_SHIFTER=1\ENABLE_MUL=1\ENABLE_FAST_MUL=1.$proc$../picorv32.v:431$984'.
Found and cleaned up 3 empty switches in `$paramod\picorv32\BARREL_SHIFTER=1\ENABLE_MUL=1\ENABLE_FAST_MUL=1.$proc$../picorv32.v:402$981'.
Removing empty process `$paramod\picorv32\BARREL_SHIFTER=1\ENABLE_MUL=1\ENABLE_FAST_MUL=1.$proc$../picorv32.v:402$981'.
Found and cleaned up 2 empty switches in `$paramod\picorv32\BARREL_SHIFTER=1\ENABLE_MUL=1\ENABLE_FAST_MUL=1.$proc$../picorv32.v:391$976'.
Removing empty process `$paramod\picorv32\BARREL_SHIFTER=1\ENABLE_MUL=1\ENABLE_FAST_MUL=1.$proc$../picorv32.v:391$976'.
Found and cleaned up 1 empty switch in `$paramod\picorv32\BARREL_SHIFTER=1\ENABLE_MUL=1\ENABLE_FAST_MUL=1.$proc$../picorv32.v:326$902'.
Removing empty process `$paramod\picorv32\BARREL_SHIFTER=1\ENABLE_MUL=1\ENABLE_FAST_MUL=1.$proc$../picorv32.v:326$902'.
Cleaned up 201 empty switches.

5.4. Executing FLATTEN pass (flatten design).
Using template $paramod\picorv32\BARREL_SHIFTER=1\ENABLE_MUL=1\ENABLE_FAST_MUL=1 for cells of type $paramod\picorv32\BARREL_SHIFTER=1\ENABLE_MUL=1\ENABLE_FAST_MUL=1.
Using template pcpi_vedic_mul for cells of type pcpi_vedic_mul.
Using template picorv32_pcpi_fast_mul for cells of type picorv32_pcpi_fast_mul.
<suppressed ~3 debug messages>
No more expansions possible.
Deleting now unused module picorv32_pcpi_fast_mul.
Deleting now unused module pcpi_vedic_mul.
Deleting now unused module $paramod\picorv32\BARREL_SHIFTER=1\ENABLE_MUL=1\ENABLE_FAST_MUL=1.

5.5. Executing TRIBUF pass.

5.6. Executing DEMINOUT pass (demote inout ports to input or output).

5.7. Executing OPT_EXPR pass (perform const folding).
Optimizing module picorv32_baseline_b_wrapper.
<suppressed ~864 debug messages>

5.8. Executing OPT_CLEAN pass (remove unused cells and wires).
Finding unused cells or wires in module \picorv32_baseline_b_wrapper..
Removed 739 unused cells and 2328 unused wires.
<suppressed ~808 debug messages>

5.9. Executing CHECK pass (checking for obvious problems).
checking module picorv32_baseline_b_wrapper..
found and reported 0 problems.

5.10. Executing OPT pass (performing simple optimizations).

5.10.1. Executing OPT_EXPR pass (perform const folding).
Optimizing module picorv32_baseline_b_wrapper.

5.10.2. Executing OPT_MERGE pass (detect identical cells).
Finding identical cells in module `\picorv32_baseline_b_wrapper'.
<suppressed ~567 debug messages>
Removed a total of 189 cells.

5.10.3. Executing OPT_MUXTREE pass (detect dead branches in mux trees).
Running muxtree optimizer on module \picorv32_baseline_b_wrapper..
  Creating internal representation of mux trees.
  Evaluating internal representation of mux trees.
      Replacing known input bits on port A of cell $techmap\u_core.$procmux$4213: \u_core.mem_valid -> 1'0
      Replacing known input bits on port A of cell $techmap\u_core.$procmux$4220: \u_core.mem_valid -> 1'0
      Replacing known input bits on port B of cell $techmap\u_core.$procmux$4494: { \u_core.pcpi_mul.u_fast_mul.active [1] 1'0 } -> 2'00
  Analyzing evaluation results.
    dead port 2/2 on $mux $techmap\u_core.$procmux$1661.
    dead port 2/2 on $mux $techmap\u_core.$procmux$1671.
    dead port 2/2 on $mux $techmap\u_core.$procmux$1673.
    dead port 2/2 on $mux $techmap\u_core.$procmux$1679.
    dead port 2/2 on $mux $techmap\u_core.$procmux$1686.
    dead port 2/2 on $mux $techmap\u_core.$procmux$1688.
    dead port 2/2 on $mux $techmap\u_core.$procmux$1694.
    dead port 2/2 on $mux $techmap\u_core.$procmux$1715.
    dead port 2/2 on $mux $techmap\u_core.$procmux$1718.
    dead port 2/2 on $mux $techmap\u_core.$procmux$1730.
    dead port 2/2 on $mux $techmap\u_core.$procmux$1737.
    dead port 2/2 on $mux $techmap\u_core.$procmux$1740.
    dead port 2/2 on $mux $techmap\u_core.$procmux$1764.
    dead port 2/2 on $mux $techmap\u_core.$procmux$1767.
    dead port 2/2 on $mux $techmap\u_core.$procmux$1776.
    dead port 2/2 on $mux $techmap\u_core.$procmux$1779.
    dead port 2/2 on $mux $techmap\u_core.$procmux$1787.
    dead port 2/2 on $mux $techmap\u_core.$procmux$1789.
    dead port 2/2 on $mux $techmap\u_core.$procmux$1792.
    dead port 2/2 on $mux $techmap\u_core.$procmux$1853.
    dead port 2/2 on $mux $techmap\u_core.$procmux$1855.
    dead port 2/2 on $mux $techmap\u_core.$procmux$1858.
    dead port 2/2 on $mux $techmap\u_core.$procmux$2021.
    dead port 2/2 on $mux $techmap\u_core.$procmux$2026.
    dead port 2/2 on $mux $techmap\u_core.$procmux$2029.
    dead port 1/3 on $pmux $techmap\u_core.$procmux$2088.
    dead port 2/2 on $mux $techmap\u_core.$procmux$2120.
    dead port 2/2 on $mux $techmap\u_core.$procmux$2133.
    dead port 2/2 on $mux $techmap\u_core.$procmux$2146.
    dead port 1/8 on $pmux $techmap\u_core.$procmux$2353.
    dead port 2/8 on $pmux $techmap\u_core.$procmux$2353.
    dead port 3/8 on $pmux $techmap\u_core.$procmux$2353.
    dead port 4/8 on $pmux $techmap\u_core.$procmux$2353.
    dead port 5/8 on $pmux $techmap\u_core.$procmux$2353.
    dead port 2/11 on $pmux $techmap\u_core.$procmux$2396.
    dead port 4/11 on $pmux $techmap\u_core.$procmux$2396.
    dead port 5/11 on $pmux $techmap\u_core.$procmux$2396.
    dead port 6/11 on $pmux $techmap\u_core.$procmux$2396.
    dead port 7/11 on $pmux $techmap\u_core.$procmux$2396.
    dead port 8/11 on $pmux $techmap\u_core.$procmux$2396.
    dead port 1/8 on $pmux $techmap\u_core.$procmux$2607.
    dead port 2/8 on $pmux $techmap\u_core.$procmux$2607.
    dead port 3/8 on $pmux $techmap\u_core.$procmux$2607.
    dead port 4/8 on $pmux $techmap\u_core.$procmux$2607.
    dead port 5/8 on $pmux $techmap\u_core.$procmux$2607.
    dead port 1/4 on $pmux $techmap\u_core.$procmux$2675.
    dead port 1/3 on $pmux $techmap\u_core.$procmux$2690.
    dead port 2/12 on $pmux $techmap\u_core.$procmux$2694.
    dead port 4/12 on $pmux $techmap\u_core.$procmux$2694.
    dead port 5/12 on $pmux $techmap\u_core.$procmux$2694.
    dead port 6/12 on $pmux $techmap\u_core.$procmux$2694.
    dead port 7/12 on $pmux $techmap\u_core.$procmux$2694.
    dead port 8/12 on $pmux $techmap\u_core.$procmux$2694.
    dead port 1/4 on $pmux $techmap\u_core.$procmux$2878.
    dead port 1/3 on $pmux $techmap\u_core.$procmux$2890.
    dead port 2/12 on $pmux $techmap\u_core.$procmux$2894.
    dead port 4/12 on $pmux $techmap\u_core.$procmux$2894.
    dead port 5/12 on $pmux $techmap\u_core.$procmux$2894.
    dead port 6/12 on $pmux $techmap\u_core.$procmux$2894.
    dead port 7/12 on $pmux $techmap\u_core.$procmux$2894.
    dead port 8/12 on $pmux $techmap\u_core.$procmux$2894.
    dead port 2/11 on $pmux $techmap\u_core.$procmux$3078.
    dead port 4/11 on $pmux $techmap\u_core.$procmux$3078.
    dead port 5/11 on $pmux $techmap\u_core.$procmux$3078.
    dead port 6/11 on $pmux $techmap\u_core.$procmux$3078.
    dead port 7/11 on $pmux $techmap\u_core.$procmux$3078.
    dead port 8/11 on $pmux $techmap\u_core.$procmux$3078.
    dead port 1/8 on $pmux $techmap\u_core.$procmux$3128.
    dead port 2/8 on $pmux $techmap\u_core.$procmux$3128.
    dead port 3/8 on $pmux $techmap\u_core.$procmux$3128.
    dead port 4/8 on $pmux $techmap\u_core.$procmux$3128.
    dead port 5/8 on $pmux $techmap\u_core.$procmux$3128.
    dead port 1/5 on $pmux $techmap\u_core.$procmux$3289.
    dead port 2/5 on $pmux $techmap\u_core.$procmux$3289.
    dead port 2/2 on $mux $techmap\u_core.$procmux$3294.
    dead port 1/5 on $pmux $techmap\u_core.$procmux$3298.
    dead port 2/5 on $pmux $techmap\u_core.$procmux$3298.
    dead port 2/2 on $mux $techmap\u_core.$procmux$3303.
    dead port 2/2 on $mux $techmap\u_core.$procmux$4456.
    dead port 2/2 on $mux $techmap\u_core.$procmux$4463.
    dead port 1/4 on $pmux $techmap\u_core.$procmux$4489.
    dead port 3/4 on $pmux $techmap\u_core.$procmux$4489.
    dead port 4/4 on $pmux $techmap\u_core.$procmux$4489.
    dead port 1/3 on $pmux $techmap\u_core.$procmux$4494.
    dead port 3/3 on $pmux $techmap\u_core.$procmux$4494.
    dead port 2/2 on $mux $techmap\u_core.pcpi_mul.u_fast_mul.$procmux$1622.
    dead port 2/2 on $mux $techmap\u_core.pcpi_mul.u_fast_mul.$procmux$1628.
    dead port 2/2 on $mux $techmap\u_core.pcpi_mul.u_fast_mul.$procmux$1636.
    dead port 2/2 on $mux $techmap\u_core.pcpi_mul.u_fast_mul.$procmux$1643.
Removed 89 multiplexer ports.
<suppressed ~154 debug messages>

5.10.4. Executing OPT_REDUCE pass (consolidate $*mux and $reduce_* inputs).
  Optimizing cells in module \picorv32_baseline_b_wrapper.
    New input vector for $reduce_or cell $techmap\u_core.pcpi_mul.u_fast_mul.$reduce_or$../picorv32.v:2371$781: { \u_core.pcpi_mul.u_fast_mul.instr_mulhsu \u_core.pcpi_mul.u_fast_mul.instr_mulh }
    New input vector for $reduce_or cell $techmap\u_core.pcpi_mul.u_fast_mul.$reduce_or$../picorv32.v:2370$780: { \u_core.pcpi_mul.u_fast_mul.instr_mulhu \u_core.pcpi_mul.u_fast_mul.instr_mulhsu \u_core.pcpi_mul.u_fast_mul.instr_mulh }
    New input vector for $reduce_or cell $techmap\u_core.pcpi_mul.u_fast_mul.$reduce_or$../picorv32.v:2369$779: { \u_core.pcpi_mul.u_fast_mul.instr_mulhu \u_core.pcpi_mul.u_fast_mul.instr_mulhsu \u_core.pcpi_mul.u_fast_mul.instr_mulh \u_core.pcpi_mul.u_fast_mul.instr_mul }
    New input vector for $reduce_or cell $techmap\u_core.$reduce_or$../picorv32.v:865$1061: { \u_core.is_beq_bne_blt_bge_bltu_bgeu \u_core.instr_sltu \u_core.instr_slt \u_core.instr_sltiu \u_core.instr_slti }
    New input vector for $reduce_or cell $techmap\u_core.$reduce_or$../picorv32.v:864$1060: { \u_core.instr_lhu \u_core.instr_lbu \u_core.instr_lw }
    New input vector for $reduce_or cell $techmap\u_core.$reduce_or$../picorv32.v:863$1059: { \u_core.instr_sltu \u_core.instr_sltiu \u_core.instr_bltu }
    New input vector for $reduce_or cell $techmap\u_core.$reduce_or$../picorv32.v:862$1058: { \u_core.instr_slt \u_core.instr_slti \u_core.instr_blt }
    New input vector for $reduce_or cell $techmap\u_core.$reduce_or$../picorv32.v:861$1057: { \u_core.instr_sub \u_core.instr_add \u_core.instr_addi \u_core.instr_jalr \u_core.instr_jal \u_core.instr_auipc \u_core.instr_lui }
    New input vector for $reduce_or cell $techmap\u_core.$reduce_or$../picorv32.v:860$1056: { \u_core.instr_jal \u_core.instr_auipc \u_core.instr_lui }
    New input vector for $reduce_or cell $techmap\u_core.$reduce_or$../picorv32.v:689$1047: { \u_core.instr_rdinstrh \u_core.instr_rdinstr \u_core.instr_rdcycleh \u_core.instr_rdcycle }
    New input vector for $reduce_or cell $techmap\u_core.$reduce_or$../picorv32.v:377$931: { \u_core.mem_state [0] \u_core.mem_state [1] }
    New input vector for $reduce_or cell $techmap\u_core.$reduce_or$../picorv32.v:1972$1562: { \u_core.reg_pc [0] \u_core.reg_pc [1] }
    New input vector for $reduce_or cell $techmap\u_core.$reduce_or$../picorv32.v:1126$1317: { \u_core.is_alu_reg_imm \u_core.is_lb_lh_lw_lbu_lhu \u_core.instr_jalr }
    New input vector for $reduce_or cell $techmap\u_core.$reduce_or$../picorv32.v:1124$1315: { \u_core.instr_auipc \u_core.instr_lui }
    New input vector for $reduce_or cell $techmap\u_core.$reduce_or$../picorv32.v:1109$1301: { $techmap\u_core.$eq$../picorv32.v:1060$1168_Y $techmap\u_core.$eq$../picorv32.v:1050$1152_Y $techmap\u_core.$eq$../picorv32.v:1046$1146_Y $techmap\u_core.$eq$../picorv32.v:1045$1144_Y $techmap\u_core.$eq$../picorv32.v:1043$1140_Y $techmap\u_core.$eq$../picorv32.v:1041$1136_Y }
    New input vector for $reduce_or cell $techmap\u_core.$procmux$2397_ANY: { \u_core.is_jalr_addi_slti_sltiu_xori_ori_andi \u_core.is_slli_srli_srai }
    New input vector for $reduce_and cell $techmap\u_core.$reduce_and$../picorv32.v:377$936: { \u_core.mem_state [0] \u_core.mem_state [1] }
    New ctrl vector for $mux cell $techmap\u_core.$procmux$1664: { }
    New ctrl vector for $mux cell $techmap\u_core.$procmux$1677: { }
    New ctrl vector for $mux cell $techmap\u_core.$procmux$1692: { }
    New ctrl vector for $mux cell $techmap\u_core.$procmux$1697: { }
    New ctrl vector for $pmux cell $techmap\u_core.$procmux$1725: { }
    New ctrl vector for $pmux cell $techmap\u_core.$procmux$2110: { $techmap\u_core.$procmux$1738_CMP $auto$opt_reduce.cc:132:opt_mux$4663 }
    New ctrl vector for $pmux cell $techmap\u_core.$procmux$2123: { $auto$opt_reduce.cc:132:opt_mux$4665 $techmap\u_core.$procmux$1716_CMP }
    New ctrl vector for $pmux cell $techmap\u_core.$procmux$2136: { $techmap\u_core.$procmux$1765_CMP $auto$opt_reduce.cc:132:opt_mux$4667 }
    New ctrl vector for $pmux cell $techmap\u_core.$procmux$2333: { $techmap\u_core.$procmux$1727_CMP $techmap\u_core.$procmux$1726_CMP $techmap\u_core.$procmux$1765_CMP $techmap\u_core.$procmux$2113_CMP $techmap\u_core.$procmux$1716_CMP }
    New ctrl vector for $pmux cell $techmap\u_core.$procmux$2396: $auto$opt_reduce.cc:132:opt_mux$4669
    New ctrl vector for $pmux cell $techmap\u_core.$procmux$2444: { $techmap\u_core.$eq$../picorv32.v:1347$1362_Y $techmap\u_core.$procmux$1765_CMP }
    New ctrl vector for $pmux cell $techmap\u_core.$procmux$2541: { $techmap\u_core.$eq$../picorv32.v:1347$1362_Y $techmap\u_core.$procmux$1765_CMP }
    New ctrl vector for $pmux cell $techmap\u_core.$procmux$2584: { $techmap\u_core.$eq$../picorv32.v:1347$1362_Y $techmap\u_core.$procmux$1727_CMP $techmap\u_core.$procmux$1726_CMP $techmap\u_core.$procmux$1765_CMP $auto$opt_reduce.cc:132:opt_mux$4671 }
    New ctrl vector for $pmux cell $techmap\u_core.$procmux$2694: { \u_core.instr_trap \u_core.is_rdcycle_rdcycleh_rdinstr_rdinstrh $techmap\u_core.$logic_and$../picorv32.v:1730$1481_Y $auto$opt_reduce.cc:132:opt_mux$4673 }
    New ctrl vector for $pmux cell $techmap\u_core.$procmux$2868: { $techmap\u_core.$eq$../picorv32.v:1347$1362_Y $techmap\u_core.$procmux$1727_CMP $techmap\u_core.$procmux$1726_CMP $techmap\u_core.$procmux$2113_CMP }
    New ctrl vector for $pmux cell $techmap\u_core.$procmux$2894: { \u_core.instr_trap \u_core.is_rdcycle_rdcycleh_rdinstr_rdinstrh $techmap\u_core.$logic_and$../picorv32.v:1730$1481_Y $auto$opt_reduce.cc:132:opt_mux$4675 }
    New ctrl vector for $pmux cell $techmap\u_core.$procmux$3078: { \u_core.is_lui_auipc_jal $auto$opt_reduce.cc:132:opt_mux$4677 $techmap\u_core.$procmux$2397_CTRL }
    Consolidated identical input bits for $mux cell $techmap\u_core.$procmux$3281:
      Old ports: A=0, B=32'11111111111111111111111111111111, Y=$techmap\u_core.$0$memwr$\cpuregs$../picorv32.v:1378$901_EN[31:0]$1375
      New ports: A=1'0, B=1'1, Y=$techmap\u_core.$0$memwr$\cpuregs$../picorv32.v:1378$901_EN[31:0]$1375 [0]
      New connections: $techmap\u_core.$0$memwr$\cpuregs$../picorv32.v:1378$901_EN[31:0]$1375 [31:1] = { $techmap\u_core.$0$memwr$\cpuregs$../picorv32.v:1378$901_EN[31:0]$1375 [0] $techmap\u_core.$0$memwr$\cpuregs$../picorv32.v:1378$901_EN[31:0]$1375 [0] $techmap\u_core.$0$memwr$\cpuregs$../picorv32.v:1378$901_EN[31:0]$1375 [0] $techmap\u_core.$0$memwr$\cpuregs$../picorv32.v:1378$901_EN[31:0]$1375 [0] $techmap\u_core.$0$memwr$\cpuregs$../picorv32.v:1378$901_EN[31:0]$1375 [0] $techmap\u_core.$0$memwr$\cpuregs$../picorv32.v:1378$901_EN[31:0]$1375 [0] $techmap\u_core.$0$memwr$\cpuregs$../picorv32.v:1378$901_EN[31:0]$1375 [0] $techmap\u_core.$0$memwr$\cpuregs$../picorv32.v:1378$901_EN[31:0]$1375 [0] $techmap\u_core.$0$memwr$\cpuregs$../picorv32.v:1378$901_EN[31:0]$1375 [0] $techmap\u_core.$0$memwr$\cpuregs$../picorv32.v:1378$901_EN[31:0]$1375 [0] $techmap\u_core.$0$memwr$\cpuregs$../picorv32.v:1378$901_EN[31:0]$1375 [0] $techmap\u_core.$0$memwr$\cpuregs$../picorv32.v:1378$901_EN[31:0]$1375 [0] $techmap\u_core.$0$memwr$\cpuregs$../picorv32.v:1378$901_EN[31:0]$1375 [0] $techmap\u_core.$0$memwr$\cpuregs$../picorv32.v:1378$901_EN[31:0]$1375 [0] $techmap\u_core.$0$memwr$\cpuregs$../picorv32.v:1378$901_EN[31:0]$1375 [0] $techmap\u_core.$0$memwr$\cpuregs$../picorv32.v:1378$901_EN[31:0]$1375 [0] $techmap\u_core.$0$memwr$\cpuregs$../picorv32.v:1378$901_EN[31:0]$1375 [0] $techmap\u_core.$0$memwr$\cpuregs$../picorv32.v:1378$901_EN[31:0]$1375 [0] $techmap\u_core.$0$memwr$\cpuregs$../picorv32.v:1378$901_EN[31:0]$1375 [0] $techmap\u_core.$0$memwr$\cpuregs$../picorv32.v:1378$901_EN[31:0]$1375 [0] $techmap\u_core.$0$memwr$\cpuregs$../picorv32.v:1378$901_EN[31:0]$1375 [0] $techmap\u_core.$0$memwr$\cpuregs$../picorv32.v:1378$901_EN[31:0]$1375 [0] $techmap\u_core.$0$memwr$\cpuregs$../picorv32.v:1378$901_EN[31:0]$1375 [0] $techmap\u_core.$0$memwr$\cpuregs$../picorv32.v:1378$901_EN[31:0]$1375 [0] $techmap\u_core.$0$memwr$\cpuregs$../picorv32.v:1378$901_EN[31:0]$1375 [0] $techmap\u_core.$0$memwr$\cpuregs$../picorv32.v:1378$901_EN[31:0]$1375 [0] $techmap\u_core.$0$memwr$\cpuregs$../picorv32.v:1378$901_EN[31:0]$1375 [0] $techmap\u_core.$0$memwr$\cpuregs$../picorv32.v:1378$901_EN[31:0]$1375 [0] $techmap\u_core.$0$memwr$\cpuregs$../picorv32.v:1378$901_EN[31:0]$1375 [0] $techmap\u_core.$0$memwr$\cpuregs$../picorv32.v:1378$901_EN[31:0]$1375 [0] $techmap\u_core.$0$memwr$\cpuregs$../picorv32.v:1378$901_EN[31:0]$1375 [0] }
    New ctrl vector for $pmux cell $techmap\u_core.$procmux$3289: $auto$opt_reduce.cc:132:opt_mux$4679
    New ctrl vector for $mux cell $techmap\u_core.$procmux$4213: { }
    New ctrl vector for $mux cell $techmap\u_core.$procmux$4220: { }
    New ctrl vector for $pmux cell $techmap\u_core.$procmux$4451: $auto$opt_reduce.cc:132:opt_mux$4681
    New ctrl vector for $pmux cell $techmap\u_core.$procmux$4460: $auto$opt_reduce.cc:132:opt_mux$4683
    New input vector for $reduce_or cell $auto$opt_reduce.cc:126:opt_mux$4676: { $techmap\u_core.$logic_and$../picorv32.v:1730$1481_Y \u_core.instr_rdinstrh \u_core.instr_rdinstr \u_core.instr_rdcycleh \u_core.instr_rdcycle }
    New input vector for $reduce_or cell $auto$opt_reduce.cc:126:opt_mux$4678: { $techmap\u_core.$logic_and$../picorv32.v:1354$1366_Y \u_core.latched_branch }
    New input vector for $reduce_or cell $auto$opt_reduce.cc:126:opt_mux$4662: { $techmap\u_core.$procmux$2118_CMP $techmap\u_core.$procmux$2113_CMP $techmap\u_core.$procmux$1765_CMP $techmap\u_core.$procmux$1727_CMP $techmap\u_core.$procmux$1726_CMP $techmap\u_core.$procmux$1716_CMP $techmap\u_core.$eq$../picorv32.v:1347$1362_Y }
    New input vector for $reduce_or cell $auto$opt_reduce.cc:126:opt_mux$4664: { $techmap\u_core.$procmux$2118_CMP $techmap\u_core.$procmux$2113_CMP $techmap\u_core.$procmux$1765_CMP $techmap\u_core.$procmux$1738_CMP $techmap\u_core.$procmux$1727_CMP $techmap\u_core.$procmux$1726_CMP $techmap\u_core.$eq$../picorv32.v:1347$1362_Y }
    New input vector for $reduce_or cell $auto$opt_reduce.cc:126:opt_mux$4666: { $techmap\u_core.$procmux$2118_CMP $techmap\u_core.$procmux$2113_CMP $techmap\u_core.$procmux$1738_CMP $techmap\u_core.$procmux$1727_CMP $techmap\u_core.$procmux$1726_CMP $techmap\u_core.$procmux$1716_CMP $techmap\u_core.$eq$../picorv32.v:1347$1362_Y }
    New input vector for $reduce_or cell $auto$opt_reduce.cc:126:opt_mux$4668: { \u_core.is_jalr_addi_slti_sltiu_xori_ori_andi \u_core.is_slli_srli_srai $techmap\u_core.$logic_and$../picorv32.v:1730$1481_Y \u_core.instr_rdinstrh \u_core.instr_rdinstr \u_core.instr_rdcycleh \u_core.instr_rdcycle \u_core.is_lui_auipc_jal }
    New input vector for $reduce_or cell $auto$opt_reduce.cc:126:opt_mux$4672: { \u_core.is_jalr_addi_slti_sltiu_xori_ori_andi \u_core.is_slli_srli_srai \u_core.is_lui_auipc_jal }
    New input vector for $reduce_or cell $auto$opt_reduce.cc:126:opt_mux$4674: { \u_core.is_jalr_addi_slti_sltiu_xori_ori_andi \u_core.is_slli_srli_srai \u_core.is_lui_auipc_jal }
    New ctrl vector for $pmux cell $techmap\u_core.$procmux$4215: { $techmap\u_core.$logic_not$../picorv32.v:380$946_Y $auto$opt_reduce.cc:132:opt_mux$4685 }
    New input vector for $reduce_or cell $auto$opt_reduce.cc:126:opt_mux$4668: { $techmap\u_core.$logic_and$../picorv32.v:1730$1481_Y \u_core.is_jalr_addi_slti_sltiu_xori_ori_andi \u_core.is_slli_srli_srai \u_core.is_lui_auipc_jal \u_core.instr_rdinstrh \u_core.instr_rdinstr \u_core.instr_rdcycleh \u_core.instr_rdcycle }
  Optimizing cells in module \picorv32_baseline_b_wrapper.
Performed a total of 50 changes.

5.10.5. Executing OPT_MERGE pass (detect identical cells).
Finding identical cells in module `\picorv32_baseline_b_wrapper'.
<suppressed ~51 debug messages>
Removed a total of 17 cells.

5.10.6. Executing OPT_RMDFF pass (remove dff with constant values).
Removing $techmap\u_core.$procdff$4521 ($dff) from module picorv32_baseline_b_wrapper.
Removing $techmap\u_core.$procdff$4555 ($dff) from module picorv32_baseline_b_wrapper.
Removing $techmap\u_core.$procdff$4608 ($dff) from module picorv32_baseline_b_wrapper.
Removing $techmap\u_core.$procdff$4609 ($dff) from module picorv32_baseline_b_wrapper.
Removing $techmap\u_core.$procdff$4610 ($dff) from module picorv32_baseline_b_wrapper.
Removing $techmap\u_core.$procdff$4611 ($dff) from module picorv32_baseline_b_wrapper.
Removing $techmap\u_core.$procdff$4612 ($dff) from module picorv32_baseline_b_wrapper.
Removing $techmap\u_core.$procdff$4613 ($dff) from module picorv32_baseline_b_wrapper.
Removing $techmap\u_core.$procdff$4619 ($dff) from module picorv32_baseline_b_wrapper.
Replaced 9 DFF cells.

5.10.7. Executing OPT_CLEAN pass (remove unused cells and wires).
Finding unused cells or wires in module \picorv32_baseline_b_wrapper..
Removed 20 unused cells and 269 unused wires.
<suppressed ~23 debug messages>

5.10.8. Executing OPT_EXPR pass (perform const folding).
Optimizing module picorv32_baseline_b_wrapper.
<suppressed ~7 debug messages>

5.10.9. Rerunning OPT passes. (Maybe there is more to do..)

5.10.10. Executing OPT_MUXTREE pass (detect dead branches in mux trees).
Running muxtree optimizer on module \picorv32_baseline_b_wrapper..
  Creating internal representation of mux trees.
  Evaluating internal representation of mux trees.
  Analyzing evaluation results.
Removed 0 multiplexer ports.
<suppressed ~142 debug messages>

5.10.11. Executing OPT_REDUCE pass (consolidate $*mux and $reduce_* inputs).
  Optimizing cells in module \picorv32_baseline_b_wrapper.
    New ctrl vector for $pmux cell $techmap\u_core.$procmux$2204: $auto$opt_reduce.cc:132:opt_mux$4687
    New ctrl vector for $pmux cell $techmap\u_core.$procmux$2221: { $techmap\u_core.$procmux$1765_CMP $auto$opt_reduce.cc:132:opt_mux$4689 }
    New ctrl vector for $pmux cell $techmap\u_core.$procmux$2653: { $techmap\u_core.$eq$../picorv32.v:1347$1362_Y $techmap\u_core.$procmux$1727_CMP $techmap\u_core.$procmux$1726_CMP $techmap\u_core.$procmux$1765_CMP $techmap\u_core.$procmux$2113_CMP $auto$opt_reduce.cc:132:opt_mux$4691 }
    New ctrl vector for $pmux cell $techmap\u_core.$procmux$3256: $auto$opt_reduce.cc:132:opt_mux$4693
    New ctrl vector for $pmux cell $techmap\u_core.$procmux$4466: { $auto$opt_reduce.cc:132:opt_mux$4695 $techmap\u_core.$procmux$4457_CMP }
    New input vector for $reduce_or cell $auto$opt_reduce.cc:126:opt_mux$4694: { $techmap\u_core.$eq$../picorv32.v:1964$1553_Y $techmap\u_core.$eq$../picorv32.v:1957$1546_Y }
  Optimizing cells in module \picorv32_baseline_b_wrapper.
Performed a total of 6 changes.

5.10.12. Executing OPT_MERGE pass (detect identical cells).
Finding identical cells in module `\picorv32_baseline_b_wrapper'.
<suppressed ~6 debug messages>
Removed a total of 2 cells.

5.10.13. Executing OPT_RMDFF pass (remove dff with constant values).

5.10.14. Executing OPT_CLEAN pass (remove unused cells and wires).
Finding unused cells or wires in module \picorv32_baseline_b_wrapper..
Removed 1 unused cells and 10 unused wires.
<suppressed ~2 debug messages>

5.10.15. Executing OPT_EXPR pass (perform const folding).
Optimizing module picorv32_baseline_b_wrapper.

5.10.16. Rerunning OPT passes. (Maybe there is more to do..)

5.10.17. Executing OPT_MUXTREE pass (detect dead branches in mux trees).
Running muxtree optimizer on module \picorv32_baseline_b_wrapper..
  Creating internal representation of mux trees.
  Evaluating internal representation of mux trees.
  Analyzing evaluation results.
Removed 0 multiplexer ports.
<suppressed ~142 debug messages>

5.10.18. Executing OPT_REDUCE pass (consolidate $*mux and $reduce_* inputs).
  Optimizing cells in module \picorv32_baseline_b_wrapper.
Performed a total of 0 changes.

5.10.19. Executing OPT_MERGE pass (detect identical cells).
Finding identical cells in module `\picorv32_baseline_b_wrapper'.
Removed a total of 0 cells.

5.10.20. Executing OPT_RMDFF pass (remove dff with constant values).

5.10.21. Executing OPT_CLEAN pass (remove unused cells and wires).
Finding unused cells or wires in module \picorv32_baseline_b_wrapper..

5.10.22. Executing OPT_EXPR pass (perform const folding).
Optimizing module picorv32_baseline_b_wrapper.

5.10.23. Finished OPT passes. (There is nothing left to do.)

5.11. Executing WREDUCE pass (reducing word size of cells).
Removed top 31 bits (of 32) from FF cell picorv32_baseline_b_wrapper.$techmap\u_core.$procdff$4561 ($dff).
Removed top 1 bits (of 2) from port B of cell picorv32_baseline_b_wrapper.$techmap\u_core.$procmux$4454_CMP0 ($eq).
Removed cell picorv32_baseline_b_wrapper.$techmap\u_core.$procmux$4451 ($mux).
Removed top 1 bits (of 2) from port B of cell picorv32_baseline_b_wrapper.$techmap\u_core.$procmux$4167_CMP0 ($eq).
Removed cell picorv32_baseline_b_wrapper.$techmap\u_core.$procmux$3306 ($mux).
Removed cell picorv32_baseline_b_wrapper.$techmap\u_core.$procmux$3285 ($mux).
Removed cell picorv32_baseline_b_wrapper.$techmap\u_core.$procmux$3283 ($mux).
Removed top 4 bits (of 8) from mux cell picorv32_baseline_b_wrapper.$techmap\u_core.$procmux$2690 ($mux).
Removed cell picorv32_baseline_b_wrapper.$techmap\u_core.$procmux$2409 ($mux).
Removed cell picorv32_baseline_b_wrapper.$techmap\u_core.$procmux$2396 ($mux).
Removed cell picorv32_baseline_b_wrapper.$techmap\u_core.$procmux$2390 ($mux).
Removed cell picorv32_baseline_b_wrapper.$techmap\u_core.$procmux$2381 ($mux).
Removed cell picorv32_baseline_b_wrapper.$techmap\u_core.$procmux$2346 ($mux).
Removed cell picorv32_baseline_b_wrapper.$techmap\u_core.$procmux$2344 ($mux).
Removed cell picorv32_baseline_b_wrapper.$techmap\u_core.$procmux$2336 ($mux).
Removed cell picorv32_baseline_b_wrapper.$techmap\u_core.$procmux$2331 ($mux).
Removed cell picorv32_baseline_b_wrapper.$techmap\u_core.$procmux$2329 ($mux).
Removed top 5 bits (of 8) from port B of cell picorv32_baseline_b_wrapper.$techmap\u_core.$procmux$2113_CMP0 ($eq).
Removed cell picorv32_baseline_b_wrapper.$techmap\u_core.$procmux$2094 ($mux).
Removed cell picorv32_baseline_b_wrapper.$techmap\u_core.$procmux$2091 ($mux).
Removed top 4 bits (of 8) from port B of cell picorv32_baseline_b_wrapper.$techmap\u_core.$procmux$1765_CMP0 ($eq).
Removed top 6 bits (of 8) from port B of cell picorv32_baseline_b_wrapper.$techmap\u_core.$procmux$1738_CMP0 ($eq).
Removed top 2 bits (of 8) from port B of cell picorv32_baseline_b_wrapper.$techmap\u_core.$procmux$1727_CMP0 ($eq).
Removed top 3 bits (of 8) from port B of cell picorv32_baseline_b_wrapper.$techmap\u_core.$procmux$1726_CMP0 ($eq).
Removed top 7 bits (of 8) from port B of cell picorv32_baseline_b_wrapper.$techmap\u_core.$procmux$1716_CMP0 ($eq).
Removed top 1 bits (of 33) from port Y of cell picorv32_baseline_b_wrapper.$techmap\u_core.$sshr$../picorv32.v:1279$1585 ($sshr).
Removed top 1 bits (of 2) from port B of cell picorv32_baseline_b_wrapper.$techmap\u_core.$eq$../picorv32.v:1964$1553 ($eq).
Removed top 31 bits (of 32) from port B of cell picorv32_baseline_b_wrapper.$techmap\u_core.$sub$../picorv32.v:1884$1528 ($sub).
Removed top 27 bits (of 32) from port Y of cell picorv32_baseline_b_wrapper.$techmap\u_core.$sub$../picorv32.v:1884$1528 ($sub).
Removed top 29 bits (of 32) from port B of cell picorv32_baseline_b_wrapper.$techmap\u_core.$sub$../picorv32.v:1876$1521 ($sub).
Removed top 27 bits (of 32) from port Y of cell picorv32_baseline_b_wrapper.$techmap\u_core.$sub$../picorv32.v:1876$1521 ($sub).
Removed top 29 bits (of 32) from port B of cell picorv32_baseline_b_wrapper.$techmap\u_core.$ge$../picorv32.v:1869$1513 ($ge).
Removed top 31 bits (of 32) from port B of cell picorv32_baseline_b_wrapper.$techmap\u_core.$add$../picorv32.v:1598$1455 ($add).
Removed top 29 bits (of 32) from port B of cell picorv32_baseline_b_wrapper.$techmap\u_core.$add$../picorv32.v:1594$1454 ($add).
Removed top 31 bits (of 32) from port B of cell picorv32_baseline_b_wrapper.$techmap\u_core.$add$../picorv32.v:1467$1402 ($add).
Removed top 31 bits (of 32) from port B of cell picorv32_baseline_b_wrapper.$techmap\u_core.$sub$../picorv32.v:1460$1400 ($sub).
Removed top 28 bits (of 32) from port Y of cell picorv32_baseline_b_wrapper.$techmap\u_core.$sub$../picorv32.v:1460$1400 ($sub).
Removed top 29 bits (of 32) from mux cell picorv32_baseline_b_wrapper.$techmap\u_core.$ternary$../picorv32.v:1351$1363 ($mux).
Removed top 1 bits (of 8) from port B of cell picorv32_baseline_b_wrapper.$techmap\u_core.$eq$../picorv32.v:1347$1362 ($eq).
Removed top 3 bits (of 7) from port B of cell picorv32_baseline_b_wrapper.$techmap\u_core.$eq$../picorv32.v:1089$1262 ($eq).
Removed top 1 bits (of 7) from port B of cell picorv32_baseline_b_wrapper.$techmap\u_core.$eq$../picorv32.v:1067$1186 ($eq).
Removed top 1 bits (of 3) from port B of cell picorv32_baseline_b_wrapper.$techmap\u_core.$eq$../picorv32.v:1060$1168 ($eq).
Removed top 1 bits (of 3) from port B of cell picorv32_baseline_b_wrapper.$techmap\u_core.$eq$../picorv32.v:1050$1152 ($eq).
Removed top 2 bits (of 3) from port B of cell picorv32_baseline_b_wrapper.$techmap\u_core.$eq$../picorv32.v:1042$1138 ($eq).
Removed top 1 bits (of 7) from port B of cell picorv32_baseline_b_wrapper.$techmap\u_core.$eq$../picorv32.v:879$1081 ($eq).
Removed top 2 bits (of 7) from port B of cell picorv32_baseline_b_wrapper.$techmap\u_core.$eq$../picorv32.v:878$1080 ($eq).
Removed top 1 bits (of 7) from port B of cell picorv32_baseline_b_wrapper.$techmap\u_core.$eq$../picorv32.v:877$1079 ($eq).
Removed top 5 bits (of 7) from port B of cell picorv32_baseline_b_wrapper.$techmap\u_core.$eq$../picorv32.v:876$1078 ($eq).
Removed top 2 bits (of 7) from port B of cell picorv32_baseline_b_wrapper.$techmap\u_core.$eq$../picorv32.v:869$1064 ($eq).
Removed top 1 bits (of 7) from port B of cell picorv32_baseline_b_wrapper.$techmap\u_core.$eq$../picorv32.v:868$1063 ($eq).
Removed top 30 bits (of 32) from mux cell picorv32_baseline_b_wrapper.$techmap\u_core.$ternary$../picorv32.v:618$1044 ($mux).
Removed top 3 bits (of 4) from port A of cell picorv32_baseline_b_wrapper.$techmap\u_core.$shl$../picorv32.v:420$983 ($shl).
Removed top 1 bits (of 4) from FF cell picorv32_baseline_b_wrapper.$techmap\u_core.pcpi_mul.u_fast_mul.$procdff$4500 ($dff).
Removed top 1 bits (of 3) from port B of cell picorv32_baseline_b_wrapper.$techmap\u_core.pcpi_mul.u_fast_mul.$procmux$1642_CMP0 ($eq).
Removed top 2 bits (of 3) from port B of cell picorv32_baseline_b_wrapper.$techmap\u_core.pcpi_mul.u_fast_mul.$procmux$1635_CMP0 ($eq).
Removed top 1 bits (of 3) from port B of cell picorv32_baseline_b_wrapper.$techmap\u_core.pcpi_mul.u_fast_mul.$procmux$1627_CMP0 ($eq).
Removed top 1 bits (of 3) from mux cell picorv32_baseline_b_wrapper.$techmap\u_core.pcpi_mul.u_fast_mul.$procmux$1588 ($mux).
Removed top 32 bits (of 64) from mux cell picorv32_baseline_b_wrapper.$techmap\u_core.pcpi_mul.u_fast_mul.$ternary$../picorv32.v:2445$812 ($mux).
Removed top 31 bits (of 64) from port A of cell picorv32_baseline_b_wrapper.$techmap\u_core.pcpi_mul.u_fast_mul.$mul$../picorv32.v:2405$798 ($mul).
Removed top 31 bits (of 64) from port B of cell picorv32_baseline_b_wrapper.$techmap\u_core.pcpi_mul.u_fast_mul.$mul$../picorv32.v:2405$798 ($mul).
Removed top 6 bits (of 7) from port B of cell picorv32_baseline_b_wrapper.$techmap\u_core.pcpi_mul.u_fast_mul.$eq$../picorv32.v:2379$785 ($eq).
Removed top 1 bits (of 7) from port B of cell picorv32_baseline_b_wrapper.$techmap\u_core.pcpi_mul.u_fast_mul.$eq$../picorv32.v:2379$783 ($eq).
Removed top 1 bits (of 3) from FF cell picorv32_baseline_b_wrapper.$techmap\u_core.pcpi_mul.u_fast_mul.$procdff$4500 ($dff).
Removed top 1 bits (of 2) from mux cell picorv32_baseline_b_wrapper.$techmap\u_core.pcpi_mul.u_fast_mul.$procmux$1588 ($mux).
Removed top 4 bits (of 8) from wire picorv32_baseline_b_wrapper.$techmap\u_core.$procmux$2690_Y.
Removed top 28 bits (of 32) from wire picorv32_baseline_b_wrapper.$techmap\u_core.$sub$../picorv32.v:1460$1400_Y.
Removed top 27 bits (of 32) from wire picorv32_baseline_b_wrapper.$techmap\u_core.$sub$../picorv32.v:1876$1521_Y.
Removed top 27 bits (of 32) from wire picorv32_baseline_b_wrapper.$techmap\u_core.$sub$../picorv32.v:1884$1528_Y.
Removed top 29 bits (of 32) from wire picorv32_baseline_b_wrapper.$techmap\u_core.$ternary$../picorv32.v:1351$1363_Y.
Removed top 2 bits (of 4) from wire picorv32_baseline_b_wrapper.$techmap\u_core.pcpi_mul.u_fast_mul.$0\active[3:0].
Removed top 2 bits (of 4) from wire picorv32_baseline_b_wrapper.u_core.pcpi_mul.u_fast_mul.active.
Removed top 6 bits (of 33) from wire picorv32_baseline_b_wrapper.u_core.pcpi_mul.u_fast_mul.rs1.
Removed top 6 bits (of 33) from wire picorv32_baseline_b_wrapper.u_core.pcpi_mul.u_fast_mul.rs2.

5.12. Executing PEEPOPT pass (run peephole optimizers).

5.13. Executing OPT_CLEAN pass (remove unused cells and wires).
Finding unused cells or wires in module \picorv32_baseline_b_wrapper..
Removed 6 unused cells and 31 unused wires.
<suppressed ~7 debug messages>

5.14. Executing SHARE pass (SAT-based resource sharing).
Found 4 cells in module picorv32_baseline_b_wrapper that may be considered for resource sharing.
  Analyzing resource sharing options for $techmap\u_core.$sshr$../picorv32.v:1279$1585 ($sshr):
    Found 1 activation_patterns using ctrl signal $techmap\u_core.$logic_and$../picorv32.v:1316$1354_Y.
    No candidates found.
  Analyzing resource sharing options for $techmap\u_core.$shl$../picorv32.v:1278$1582 ($shl):
    Found 1 activation_patterns using ctrl signal $techmap\u_core.$logic_and$../picorv32.v:1314$1350_Y.
    No candidates found.
  Analyzing resource sharing options for $techmap\u_core.$memrd$\cpuregs$../picorv32.v:1387$1383 ($memrd):
    Found 4 activation_patterns using ctrl signal { $auto$opt_reduce.cc:132:opt_mux$4677 \u_core.is_lui_auipc_jal $techmap\u_core.$reduce_bool$../picorv32.v:1387$1384_Y $techmap\u_core.$procmux$1726_CMP $techmap\u_core.$procmux$1727_CMP $techmap\u_core.$procmux$2397_CTRL \resetn }.
    Found 1 candidates: $techmap\u_core.$memrd$\cpuregs$../picorv32.v:1386$1380
    Analyzing resource sharing with $techmap\u_core.$memrd$\cpuregs$../picorv32.v:1386$1380 ($memrd):
      Found 1 activation_patterns using ctrl signal { \u_core.is_lui_auipc_jal \u_core.is_rdcycle_rdcycleh_rdinstr_rdinstrh $techmap\u_core.$reduce_bool$../picorv32.v:1386$1381_Y $techmap\u_core.$procmux$1727_CMP \resetn }.
      Activation pattern for cell $techmap\u_core.$memrd$\cpuregs$../picorv32.v:1387$1383: { $auto$opt_reduce.cc:132:opt_mux$4677 \u_core.is_lui_auipc_jal $techmap\u_core.$reduce_bool$../picorv32.v:1387$1384_Y $techmap\u_core.$procmux$1727_CMP $techmap\u_core.$procmux$2397_CTRL \resetn } = 6'001101
      Activation pattern for cell $techmap\u_core.$memrd$\cpuregs$../picorv32.v:1387$1383: { $techmap\u_core.$reduce_bool$../picorv32.v:1387$1384_Y $techmap\u_core.$procmux$1726_CMP \resetn } = 3'111
      Activation pattern for cell $techmap\u_core.$memrd$\cpuregs$../picorv32.v:1387$1383: { $techmap\u_core.$reduce_bool$../picorv32.v:1387$1384_Y $techmap\u_core.$procmux$1727_CMP } = 2'11
      Activation pattern for cell $techmap\u_core.$memrd$\cpuregs$../picorv32.v:1387$1383: { $techmap\u_core.$reduce_bool$../picorv32.v:1387$1384_Y $techmap\u_core.$procmux$1726_CMP } = 2'11
      Activation pattern for cell $techmap\u_core.$memrd$\cpuregs$../picorv32.v:1386$1380: { \u_core.is_lui_auipc_jal \u_core.is_rdcycle_rdcycleh_rdinstr_rdinstrh $techmap\u_core.$reduce_bool$../picorv32.v:1386$1381_Y $techmap\u_core.$procmux$1727_CMP \resetn } = 5'00111
      Adding exclusive control bits: $techmap\u_core.$procmux$1727_CMP vs. $techmap\u_core.$procmux$1726_CMP
      Adding exclusive control bits: \u_core.is_rdcycle_rdcycleh_rdinstr_rdinstrh vs. \u_core.instr_trap
      Adding exclusive control bits: \u_core.instr_rdinstrh vs. \u_core.instr_rdinstr
      Adding exclusive control bits: \u_core.instr_rdinstrh vs. \u_core.instr_rdcycleh
      Adding exclusive control bits: \u_core.instr_rdinstrh vs. \u_core.instr_rdcycle
      Adding exclusive control bits: \u_core.instr_rdinstr vs. \u_core.instr_rdcycleh
      Adding exclusive control bits: \u_core.instr_rdinstr vs. \u_core.instr_rdcycle
      Adding exclusive control bits: \u_core.instr_rdcycleh vs. \u_core.instr_rdcycle
      Adding exclusive control bits: $techmap\u_core.$procmux$1727_CMP vs. $techmap\u_core.$procmux$1726_CMP
      Adding exclusive control bits: $techmap\u_core.$procmux$1727_CMP vs. $techmap\u_core.$procmux$1726_CMP
      Adding exclusive control bits: \u_core.is_rdcycle_rdcycleh_rdinstr_rdinstrh vs. \u_core.instr_trap
      Adding exclusive control bits: $techmap\u_core.$procmux$1727_CMP vs. $techmap\u_core.$procmux$1726_CMP
      Adding exclusive control bits: $techmap\u_core.$logic_and$../picorv32.v:1730$1481_Y vs. \u_core.is_rdcycle_rdcycleh_rdinstr_rdinstrh
      Adding exclusive control bits: $techmap\u_core.$logic_and$../picorv32.v:1730$1481_Y vs. \u_core.instr_trap
      Adding exclusive control bits: \u_core.is_rdcycle_rdcycleh_rdinstr_rdinstrh vs. \u_core.instr_trap
      Adding exclusive control bits: $techmap\u_core.$procmux$1727_CMP vs. $techmap\u_core.$procmux$1726_CMP
      Adding exclusive control bits: $techmap\u_core.$logic_and$../picorv32.v:1730$1481_Y vs. \u_core.is_rdcycle_rdcycleh_rdinstr_rdinstrh
      Adding exclusive control bits: $techmap\u_core.$logic_and$../picorv32.v:1730$1481_Y vs. \u_core.instr_trap
      Adding exclusive control bits: \u_core.is_rdcycle_rdcycleh_rdinstr_rdinstrh vs. \u_core.instr_trap
      Adding exclusive control bits: \u_core.instr_sw vs. \u_core.instr_sh
      Adding exclusive control bits: \u_core.instr_sw vs. \u_core.instr_sb
      Adding exclusive control bits: \u_core.instr_sh vs. \u_core.instr_sb
      Adding exclusive control bits: $techmap\u_core.$procmux$1727_CMP vs. $techmap\u_core.$procmux$1726_CMP
      Adding exclusive control bits: $techmap\u_core.$procmux$2397_CTRL vs. $auto$opt_reduce.cc:132:opt_mux$4677
      Adding exclusive control bits: $techmap\u_core.$procmux$2397_CTRL vs. \u_core.is_lui_auipc_jal
      Adding exclusive control bits: \u_core.is_lui_auipc_jal vs. $auto$opt_reduce.cc:132:opt_mux$4677
      Adding exclusive control bits: \u_core.is_rdcycle_rdcycleh_rdinstr_rdinstrh vs. \u_core.is_lui_auipc_jal
      Adding exclusive control bits: \u_core.instr_bgeu vs. \u_core.instr_bge
      Adding exclusive control bits: \u_core.instr_bgeu vs. \u_core.instr_bne
      Adding exclusive control bits: \u_core.instr_bgeu vs. \u_core.instr_beq
      Adding exclusive control bits: \u_core.instr_bge vs. \u_core.instr_bne
      Adding exclusive control bits: \u_core.instr_bge vs. \u_core.instr_beq
      Adding exclusive control bits: \u_core.instr_bne vs. \u_core.instr_beq
      Size of SAT problem: 10 cells, 198 variables, 490 clauses
      According to the SAT solver this pair of cells can not be shared.
      Model from SAT solver: { $auto$opt_reduce.cc:132:opt_mux$4677 \u_core.is_lui_auipc_jal \u_core.is_rdcycle_rdcycleh_rdinstr_rdinstrh $techmap\u_core.$reduce_bool$../picorv32.v:1386$1381_Y $techmap\u_core.$reduce_bool$../picorv32.v:1387$1384_Y $techmap\u_core.$procmux$1726_CMP $techmap\u_core.$procmux$1727_CMP $techmap\u_core.$procmux$2397_CTRL \resetn } = 9'000110101
  Analyzing resource sharing options for $techmap\u_core.$memrd$\cpuregs$../picorv32.v:1386$1380 ($memrd):
    Found 1 activation_patterns using ctrl signal { \u_core.is_lui_auipc_jal \u_core.is_rdcycle_rdcycleh_rdinstr_rdinstrh $techmap\u_core.$reduce_bool$../picorv32.v:1386$1381_Y $techmap\u_core.$procmux$1727_CMP \resetn }.
    No candidates found.

5.15. Executing TECHMAP pass (map to technology primitives).

5.15.1. Executing Verilog-2005 frontend: /usr/bin/../share/yosys/cmp2lut.v
Parsing Verilog input from `/usr/bin/../share/yosys/cmp2lut.v' to AST representation.
Generating RTLIL representation for module `\_90_lut_cmp_'.
Successfully finished Verilog frontend.

5.15.2. Continuing TECHMAP pass.
Using template $paramod$99e5b0ecd4c7f9fb6cd3a733593eba894c42613f\_90_lut_cmp_ for cells of type $eq.
Using template $paramod$6816abac91a51b405c3de5bceb2855c03dd44485\_90_lut_cmp_ for cells of type $eq.
Using template $paramod$0760830c1e6c196382cd2cb153e9fff2d84c061d\_90_lut_cmp_ for cells of type $eq.
Using template $paramod$169bae89c32dcc6f3626d16cf9f47ceb469145db\_90_lut_cmp_ for cells of type $eq.
Using template $paramod$4cde4291caf5aa85a196975f3624151774a86d78\_90_lut_cmp_ for cells of type $eq.
Using template $paramod$77ad031fce233083715243f95e3cd2547d931e42\_90_lut_cmp_ for cells of type $eq.
Using template $paramod$5b7c8f37cb386acdf3ce7e528c09e6d15eb51b72\_90_lut_cmp_ for cells of type $eq.
Using template $paramod$5652dda64580ddd7861fd245e644fd33eae2e158\_90_lut_cmp_ for cells of type $eq.
Using template $paramod$d31416a5863a8a220e16d7940a75ab70541ab32a\_90_lut_cmp_ for cells of type $eq.
Using template $paramod$d87a48a4cd82717ae6bd57e6fe5ce90d87c44016\_90_lut_cmp_ for cells of type $eq.
No more expansions possible.
<suppressed ~713 debug messages>

5.16. Executing OPT_EXPR pass (perform const folding).
Optimizing module picorv32_baseline_b_wrapper.

5.17. Executing OPT_CLEAN pass (remove unused cells and wires).
Finding unused cells or wires in module \picorv32_baseline_b_wrapper..
Removed 0 unused cells and 45 unused wires.
<suppressed ~1 debug messages>

5.18. Executing ICE40_DSP pass (map multipliers).
Checking picorv32_baseline_b_wrapper.$techmap\u_core.pcpi_mul.u_fast_mul.$mul$../picorv32.v:2405$798 for iCE40 DSP inference.
  input A ($techmap\u_core.pcpi_mul.u_fast_mul.$0\rs1[32:0]) is too large (33 > 16).
Checking picorv32_baseline_b_wrapper.$techmap\u_core.pcpi_mul.u_fast_mul.$mul$../picorv32.v:2405$798 for iCE40 DSP inference.
  input A ($techmap\u_core.pcpi_mul.u_fast_mul.$0\rs1[32:0]) is too large (33 > 16).
Checking picorv32_baseline_b_wrapper.$techmap\u_core.pcpi_mul.u_fast_mul.$mul$../picorv32.v:2405$798 for iCE40 DSP inference.
  input A ($techmap\u_core.pcpi_mul.u_fast_mul.$0\rs1[32:0]) is too large (33 > 16).
Checking picorv32_baseline_b_wrapper.$techmap\u_core.pcpi_mul.u_fast_mul.$mul$../picorv32.v:2405$798 for iCE40 DSP inference.
  input A ($techmap\u_core.pcpi_mul.u_fast_mul.$0\rs1[32:0]) is too large (33 > 16).
Checking picorv32_baseline_b_wrapper.$techmap\u_core.pcpi_mul.u_fast_mul.$mul$../picorv32.v:2405$798 for iCE40 DSP inference.
  input A ({ $auto$wreduce.cc:455:run$4703 [32:27] \u_core.pcpi_mul.u_fast_mul.rs1 }) is too large (33 > 16).
Checking picorv32_baseline_b_wrapper.$techmap\u_core.pcpi_mul.u_fast_mul.$mul$../picorv32.v:2405$798 for iCE40 DSP inference.
  input A ({ $auto$wreduce.cc:455:run$4703 [32:27] \u_core.pcpi_mul.u_fast_mul.rs1 }) is too large (33 > 16).
Checking picorv32_baseline_b_wrapper.$techmap\u_core.pcpi_mul.u_fast_mul.$mul$../picorv32.v:2405$798 for iCE40 DSP inference.
  input A ({ $auto$wreduce.cc:455:run$4703 [32:27] \u_core.pcpi_mul.u_fast_mul.rs1 }) is too large (33 > 16).
Checking picorv32_baseline_b_wrapper.$techmap\u_core.pcpi_mul.u_fast_mul.$mul$../picorv32.v:2405$798 for iCE40 DSP inference.
  input A ({ $auto$wreduce.cc:455:run$4703 [32:27] \u_core.pcpi_mul.u_fast_mul.rs1 }) is too large (33 > 16).

5.19. Executing ALUMACC pass (create $alu and $macc cells).
Extracting $alu and $macc cells in module picorv32_baseline_b_wrapper:
  creating $macc model for $techmap\u_core.$add$../picorv32.v:1257$1576 ($add).
  creating $macc model for $techmap\u_core.$add$../picorv32.v:1351$1364 ($add).
  creating $macc model for $techmap\u_core.$add$../picorv32.v:1467$1402 ($add).
  creating $macc model for $techmap\u_core.$add$../picorv32.v:1594$1454 ($add).
  creating $macc model for $techmap\u_core.$add$../picorv32.v:1598$1455 ($add).
  creating $macc model for $techmap\u_core.$add$../picorv32.v:1603$1456 ($add).
  creating $macc model for $techmap\u_core.$add$../picorv32.v:1840$1504 ($add).
  creating $macc model for $techmap\u_core.$add$../picorv32.v:1903$1532 ($add).
  creating $macc model for $techmap\u_core.$sub$../picorv32.v:1258$1577 ($sub).
  creating $macc model for $techmap\u_core.$sub$../picorv32.v:1460$1400 ($sub).
  creating $macc model for $techmap\u_core.$sub$../picorv32.v:1876$1521 ($sub).
  creating $macc model for $techmap\u_core.$sub$../picorv32.v:1884$1528 ($sub).
  creating $macc model for $techmap\u_core.pcpi_mul.u_fast_mul.$mul$../picorv32.v:2405$798 ($mul).
  creating $alu model for $macc $techmap\u_core.$sub$../picorv32.v:1884$1528.
  creating $alu model for $macc $techmap\u_core.$sub$../picorv32.v:1876$1521.
  creating $alu model for $macc $techmap\u_core.$sub$../picorv32.v:1460$1400.
  creating $alu model for $macc $techmap\u_core.$sub$../picorv32.v:1258$1577.
  creating $alu model for $macc $techmap\u_core.$add$../picorv32.v:1903$1532.
  creating $alu model for $macc $techmap\u_core.$add$../picorv32.v:1840$1504.
  creating $alu model for $macc $techmap\u_core.$add$../picorv32.v:1603$1456.
  creating $alu model for $macc $techmap\u_core.$add$../picorv32.v:1598$1455.
  creating $alu model for $macc $techmap\u_core.$add$../picorv32.v:1594$1454.
  creating $alu model for $macc $techmap\u_core.$add$../picorv32.v:1467$1402.
  creating $alu model for $macc $techmap\u_core.$add$../picorv32.v:1351$1364.
  creating $alu model for $macc $techmap\u_core.$add$../picorv32.v:1257$1576.
  creating $macc cell for $techmap\u_core.pcpi_mul.u_fast_mul.$mul$../picorv32.v:2405$798: $auto$alumacc.cc:354:replace_macc$4730
  creating $alu model for $techmap\u_core.$ge$../picorv32.v:1869$1513 ($ge): new $alu
  creating $alu model for $techmap\u_core.$lt$../picorv32.v:1276$1580 ($lt): new $alu
  creating $alu model for $techmap\u_core.$lt$../picorv32.v:1277$1581 ($lt): new $alu
  creating $alu model for $techmap\u_core.$eq$../picorv32.v:1275$1579 ($eq): merged with $techmap\u_core.$lt$../picorv32.v:1277$1581.
  creating $alu cell for $techmap\u_core.$ge$../picorv32.v:1869$1513: $auto$alumacc.cc:474:replace_alu$4734
  creating $alu cell for $techmap\u_core.$lt$../picorv32.v:1277$1581, $techmap\u_core.$eq$../picorv32.v:1275$1579: $auto$alumacc.cc:474:replace_alu$4743
  creating $alu cell for $techmap\u_core.$lt$../picorv32.v:1276$1580: $auto$alumacc.cc:474:replace_alu$4754
  creating $alu cell for $techmap\u_core.$add$../picorv32.v:1257$1576: $auto$alumacc.cc:474:replace_alu$4767
  creating $alu cell for $techmap\u_core.$add$../picorv32.v:1351$1364: $auto$alumacc.cc:474:replace_alu$4770
  creating $alu cell for $techmap\u_core.$add$../picorv32.v:1467$1402: $auto$alumacc.cc:474:replace_alu$4773
  creating $alu cell for $techmap\u_core.$add$../picorv32.v:1594$1454: $auto$alumacc.cc:474:replace_alu$4776
  creating $alu cell for $techmap\u_core.$add$../picorv32.v:1598$1455: $auto$alumacc.cc:474:replace_alu$4779
  creating $alu cell for $techmap\u_core.$add$../picorv32.v:1603$1456: $auto$alumacc.cc:474:replace_alu$4782
  creating $alu cell for $techmap\u_core.$add$../picorv32.v:1840$1504: $auto$alumacc.cc:474:replace_alu$4785
  creating $alu cell for $techmap\u_core.$add$../picorv32.v:1903$1532: $auto$alumacc.cc:474:replace_alu$4788
  creating $alu cell for $techmap\u_core.$sub$../picorv32.v:1258$1577: $auto$alumacc.cc:474:replace_alu$4791
  creating $alu cell for $techmap\u_core.$sub$../picorv32.v:1460$1400: $auto$alumacc.cc:474:replace_alu$4794
  creating $alu cell for $techmap\u_core.$sub$../picorv32.v:1876$1521: $auto$alumacc.cc:474:replace_alu$4797
  creating $alu cell for $techmap\u_core.$sub$../picorv32.v:1884$1528: $auto$alumacc.cc:474:replace_alu$4800
  created 15 $alu and 1 $macc cells.

5.20. Executing OPT pass (performing simple optimizations).

5.20.1. Executing OPT_EXPR pass (perform const folding).
Optimizing module picorv32_baseline_b_wrapper.
<suppressed ~2 debug messages>

5.20.2. Executing OPT_MERGE pass (detect identical cells).
Finding identical cells in module `\picorv32_baseline_b_wrapper'.
Removed a total of 0 cells.

5.20.3. Executing OPT_MUXTREE pass (detect dead branches in mux trees).
Running muxtree optimizer on module \picorv32_baseline_b_wrapper..
  Creating internal representation of mux trees.
  Evaluating internal representation of mux trees.
  Analyzing evaluation results.
Removed 0 multiplexer ports.
<suppressed ~141 debug messages>

5.20.4. Executing OPT_REDUCE pass (consolidate $*mux and $reduce_* inputs).
  Optimizing cells in module \picorv32_baseline_b_wrapper.
    New input vector for $reduce_and cell $auto$alumacc.cc:64:get_eq$4739: { $auto$alumacc.cc:490:replace_alu$4735 [0] $auto$alumacc.cc:490:replace_alu$4735 [1] $auto$alumacc.cc:490:replace_alu$4735 [2] $auto$alumacc.cc:490:replace_alu$4735 [3] $auto$alumacc.cc:490:replace_alu$4735 [4] }
    New input vector for $reduce_and cell $auto$alumacc.cc:64:get_eq$4746: { $auto$alumacc.cc:490:replace_alu$4744 [0] $auto$alumacc.cc:490:replace_alu$4744 [1] $auto$alumacc.cc:490:replace_alu$4744 [2] $auto$alumacc.cc:490:replace_alu$4744 [3] $auto$alumacc.cc:490:replace_alu$4744 [4] $auto$alumacc.cc:490:replace_alu$4744 [5] $auto$alumacc.cc:490:replace_alu$4744 [6] $auto$alumacc.cc:490:replace_alu$4744 [7] $auto$alumacc.cc:490:replace_alu$4744 [8] $auto$alumacc.cc:490:replace_alu$4744 [9] $auto$alumacc.cc:490:replace_alu$4744 [10] $auto$alumacc.cc:490:replace_alu$4744 [11] $auto$alumacc.cc:490:replace_alu$4744 [12] $auto$alumacc.cc:490:replace_alu$4744 [13] $auto$alumacc.cc:490:replace_alu$4744 [14] $auto$alumacc.cc:490:replace_alu$4744 [15] $auto$alumacc.cc:490:replace_alu$4744 [16] $auto$alumacc.cc:490:replace_alu$4744 [17] $auto$alumacc.cc:490:replace_alu$4744 [18] $auto$alumacc.cc:490:replace_alu$4744 [19] $auto$alumacc.cc:490:replace_alu$4744 [20] $auto$alumacc.cc:490:replace_alu$4744 [21] $auto$alumacc.cc:490:replace_alu$4744 [22] $auto$alumacc.cc:490:replace_alu$4744 [23] $auto$alumacc.cc:490:replace_alu$4744 [24] $auto$alumacc.cc:490:replace_alu$4744 [25] $auto$alumacc.cc:490:replace_alu$4744 [26] $auto$alumacc.cc:490:replace_alu$4744 [27] $auto$alumacc.cc:490:replace_alu$4744 [28] $auto$alumacc.cc:490:replace_alu$4744 [29] $auto$alumacc.cc:490:replace_alu$4744 [30] $auto$alumacc.cc:490:replace_alu$4744 [31] }
    New input vector for $reduce_and cell $auto$alumacc.cc:64:get_eq$4757: { $auto$alumacc.cc:490:replace_alu$4755 [0] $auto$alumacc.cc:490:replace_alu$4755 [1] $auto$alumacc.cc:490:replace_alu$4755 [2] $auto$alumacc.cc:490:replace_alu$4755 [3] $auto$alumacc.cc:490:replace_alu$4755 [4] $auto$alumacc.cc:490:replace_alu$4755 [5] $auto$alumacc.cc:490:replace_alu$4755 [6] $auto$alumacc.cc:490:replace_alu$4755 [7] $auto$alumacc.cc:490:replace_alu$4755 [8] $auto$alumacc.cc:490:replace_alu$4755 [9] $auto$alumacc.cc:490:replace_alu$4755 [10] $auto$alumacc.cc:490:replace_alu$4755 [11] $auto$alumacc.cc:490:replace_alu$4755 [12] $auto$alumacc.cc:490:replace_alu$4755 [13] $auto$alumacc.cc:490:replace_alu$4755 [14] $auto$alumacc.cc:490:replace_alu$4755 [15] $auto$alumacc.cc:490:replace_alu$4755 [16] $auto$alumacc.cc:490:replace_alu$4755 [17] $auto$alumacc.cc:490:replace_alu$4755 [18] $auto$alumacc.cc:490:replace_alu$4755 [19] $auto$alumacc.cc:490:replace_alu$4755 [20] $auto$alumacc.cc:490:replace_alu$4755 [21] $auto$alumacc.cc:490:replace_alu$4755 [22] $auto$alumacc.cc:490:replace_alu$4755 [23] $auto$alumacc.cc:490:replace_alu$4755 [24] $auto$alumacc.cc:490:replace_alu$4755 [25] $auto$alumacc.cc:490:replace_alu$4755 [26] $auto$alumacc.cc:490:replace_alu$4755 [27] $auto$alumacc.cc:490:replace_alu$4755 [28] $auto$alumacc.cc:490:replace_alu$4755 [29] $auto$alumacc.cc:490:replace_alu$4755 [30] $auto$alumacc.cc:490:replace_alu$4755 [31] }
    New ctrl vector for $pmux cell $techmap\u_core.$procmux$2392: { $auto$opt_reduce.cc:132:opt_mux$4804 $techmap\u_core.$procmux$2113_CMP }
    New ctrl vector for $pmux cell $techmap\u_core.$procmux$4466: $auto$opt_reduce.cc:132:opt_mux$4806
    New input vector for $reduce_or cell $auto$opt_reduce.cc:126:opt_mux$4805: { $techmap\u_core.$procmux$4457_CMP $techmap\u_core.$eq$../picorv32.v:1964$1553_Y $techmap\u_core.$eq$../picorv32.v:1957$1546_Y }
  Optimizing cells in module \picorv32_baseline_b_wrapper.
Performed a total of 6 changes.

5.20.5. Executing OPT_MERGE pass (detect identical cells).
Finding identical cells in module `\picorv32_baseline_b_wrapper'.
Removed a total of 0 cells.

5.20.6. Executing OPT_RMDFF pass (remove dff with constant values).

5.20.7. Executing OPT_CLEAN pass (remove unused cells and wires).
Finding unused cells or wires in module \picorv32_baseline_b_wrapper..
Removed 1 unused cells and 7 unused wires.
<suppressed ~2 debug messages>

5.20.8. Executing OPT_EXPR pass (perform const folding).
Optimizing module picorv32_baseline_b_wrapper.

5.20.9. Rerunning OPT passes. (Maybe there is more to do..)

5.20.10. Executing OPT_MUXTREE pass (detect dead branches in mux trees).
Running muxtree optimizer on module \picorv32_baseline_b_wrapper..
  Creating internal representation of mux trees.
  Evaluating internal representation of mux trees.
  Analyzing evaluation results.
Removed 0 multiplexer ports.
<suppressed ~141 debug messages>

5.20.11. Executing OPT_REDUCE pass (consolidate $*mux and $reduce_* inputs).
  Optimizing cells in module \picorv32_baseline_b_wrapper.
Performed a total of 0 changes.

5.20.12. Executing OPT_MERGE pass (detect identical cells).
Finding identical cells in module `\picorv32_baseline_b_wrapper'.
<suppressed ~3 debug messages>
Removed a total of 1 cells.

5.20.13. Executing OPT_RMDFF pass (remove dff with constant values).

5.20.14. Executing OPT_CLEAN pass (remove unused cells and wires).
Finding unused cells or wires in module \picorv32_baseline_b_wrapper..
Removed 0 unused cells and 1 unused wires.
<suppressed ~1 debug messages>

5.20.15. Executing OPT_EXPR pass (perform const folding).
Optimizing module picorv32_baseline_b_wrapper.

5.20.16. Rerunning OPT passes. (Maybe there is more to do..)

5.20.17. Executing OPT_MUXTREE pass (detect dead branches in mux trees).
Running muxtree optimizer on module \picorv32_baseline_b_wrapper..
  Creating internal representation of mux trees.
  Evaluating internal representation of mux trees.
  Analyzing evaluation results.
Removed 0 multiplexer ports.
<suppressed ~141 debug messages>

5.20.18. Executing OPT_REDUCE pass (consolidate $*mux and $reduce_* inputs).
  Optimizing cells in module \picorv32_baseline_b_wrapper.
Performed a total of 0 changes.

5.20.19. Executing OPT_MERGE pass (detect identical cells).
Finding identical cells in module `\picorv32_baseline_b_wrapper'.
Removed a total of 0 cells.

5.20.20. Executing OPT_RMDFF pass (remove dff with constant values).

5.20.21. Executing OPT_CLEAN pass (remove unused cells and wires).
Finding unused cells or wires in module \picorv32_baseline_b_wrapper..

5.20.22. Executing OPT_EXPR pass (perform const folding).
Optimizing module picorv32_baseline_b_wrapper.

5.20.23. Finished OPT passes. (There is nothing left to do.)

5.21. Executing FSM pass (extract and optimize FSM).

5.21.1. Executing FSM_DETECT pass (finding FSMs in design).
Found FSM state register picorv32_baseline_b_wrapper.u_core.cpu_state.
Not marking picorv32_baseline_b_wrapper.u_core.mem_state as FSM state register:
    Users of register don't seem to benefit from recoding.
Not marking picorv32_baseline_b_wrapper.u_core.mem_wordsize as FSM state register:
    Users of register don't seem to benefit from recoding.

5.21.2. Executing FSM_EXTRACT pass (extracting FSM from design).
Extracting FSM `\u_core.cpu_state' from module `\picorv32_baseline_b_wrapper'.
  found $dff cell for state register: $techmap\u_core.$procdff$4537
  root of input selection tree: $techmap\u_core.$0\cpu_state[7:0]
  found reset state: 8'10000000 (guessed from mux tree)
  found ctrl input: $techmap\u_core.$logic_and$../picorv32.v:1972$1564_Y
  found ctrl input: $techmap\u_core.$logic_and$../picorv32.v:1956$1545_Y
  found ctrl input: \resetn
  found state code: 8'01000000
  found ctrl input: $auto$opt_reduce.cc:132:opt_mux$4687
  found ctrl input: $techmap\u_core.$procmux$2113_CMP
  found ctrl input: $techmap\u_core.$procmux$1765_CMP
  found ctrl input: $techmap\u_core.$procmux$1726_CMP
  found ctrl input: $techmap\u_core.$procmux$1727_CMP
  found ctrl input: $techmap\u_core.$eq$../picorv32.v:1347$1362_Y
  found ctrl input: $techmap\u_core.$logic_or$../picorv32.v:1891$1530_Y
  found ctrl input: $techmap\u_core.$logic_and$../picorv32.v:1906$1534_Y
  found ctrl input: $techmap\u_core.$eq$../picorv32.v:1865$1512_Y
  found ctrl input: \u_core.is_beq_bne_blt_bge_bltu_bgeu
  found ctrl input: \u_core.mem_done
  found ctrl input: \u_core.is_sb_sh_sw
  found ctrl input: \u_core.instr_trap
  found state code: 8'00001000
  found state code: 8'00000010
  found ctrl input: \u_core.pcpi_mul.u_fast_mul.active [1]
  found ctrl input: $techmap\u_core.$logic_and$../picorv32.v:1639$1462_Y
  found state code: 8'10000000
  found ctrl input: $auto$opt_reduce.cc:132:opt_mux$4673
  found ctrl input: $techmap\u_core.$logic_and$../picorv32.v:1730$1481_Y
  found ctrl input: \u_core.is_rdcycle_rdcycleh_rdinstr_rdinstrh
  found state code: 8'00000001
  found ctrl input: \u_core.decoder_trigger
  found ctrl input: \u_core.instr_jal
  found state code: 8'00100000
  found ctrl input: $techmap\u_core.$logic_and$../picorv32.v:1964$1555_Y
  found ctrl input: $techmap\u_core.$logic_and$../picorv32.v:1957$1548_Y
  found ctrl output: $techmap\u_core.$procmux$2118_CMP
  found ctrl output: $techmap\u_core.$procmux$2113_CMP
  found ctrl output: $techmap\u_core.$procmux$1765_CMP
  found ctrl output: $techmap\u_core.$procmux$1738_CMP
  found ctrl output: $techmap\u_core.$procmux$1727_CMP
  found ctrl output: $techmap\u_core.$procmux$1726_CMP
  found ctrl output: $techmap\u_core.$procmux$1716_CMP
  found ctrl output: $techmap\u_core.$eq$../picorv32.v:1347$1362_Y
  ctrl inputs: { \u_core.pcpi_mul.u_fast_mul.active [1] $auto$opt_reduce.cc:132:opt_mux$4687 $auto$opt_reduce.cc:132:opt_mux$4673 \u_core.mem_done \u_core.instr_jal \u_core.instr_trap \u_core.decoder_trigger \u_core.is_sb_sh_sw \u_core.is_beq_bne_blt_bge_bltu_bgeu \u_core.is_rdcycle_rdcycleh_rdinstr_rdinstrh $techmap\u_core.$logic_and$../picorv32.v:1639$1462_Y $techmap\u_core.$logic_and$../picorv32.v:1730$1481_Y $techmap\u_core.$eq$../picorv32.v:1865$1512_Y $techmap\u_core.$logic_or$../picorv32.v:1891$1530_Y $techmap\u_core.$logic_and$../picorv32.v:1906$1534_Y $techmap\u_core.$logic_and$../picorv32.v:1956$1545_Y $techmap\u_core.$logic_and$../picorv32.v:1957$1548_Y $techmap\u_core.$logic_and$../picorv32.v:1964$1555_Y $techmap\u_core.$logic_and$../picorv32.v:1972$1564_Y \resetn }
  ctrl outputs: { $techmap\u_core.$eq$../picorv32.v:1347$1362_Y $techmap\u_core.$0\cpu_state[7:0] $techmap\u_core.$procmux$1716_CMP $techmap\u_core.$procmux$1726_CMP $techmap\u_core.$procmux$1727_CMP $techmap\u_core.$procmux$1738_CMP $techmap\u_core.$procmux$1765_CMP $techmap\u_core.$procmux$2113_CMP $techmap\u_core.$procmux$2118_CMP }
  transition: 8'10000000 20'---------------0--00 -> 8'01000000 16'0010000000000001
  transition: 8'10000000 20'---------------0--01 -> 8'10000000 16'0100000000000001
  transition: 8'10000000 20'---------------10000 -> 8'01000000 16'0010000000000001
  transition: 8'10000000 20'---------------10001 -> 8'10000000 16'0100000000000001
  transition: 8'10000000 20'---------------1100- -> 8'10000000 16'0100000000000001
  transition: 8'10000000 20'---------------1-10- -> 8'10000000 16'0100000000000001
  transition: 8'10000000 20'------------------1- -> 8'10000000 16'0100000000000001
  transition: 8'01000000 20'---------------0--00 -> 8'01000000 16'1010000000000000
  transition: 8'01000000 20'------0--------0--01 -> 8'01000000 16'1010000000000000
  transition: 8'01000000 20'----0-1--------0--01 -> 8'00100000 16'1001000000000000
  transition: 8'01000000 20'----1-1--------0--01 -> 8'01000000 16'1010000000000000
  transition: 8'01000000 20'---------------10000 -> 8'01000000 16'1010000000000000
  transition: 8'01000000 20'------0--------10001 -> 8'01000000 16'1010000000000000
  transition: 8'01000000 20'----0-1--------10001 -> 8'00100000 16'1001000000000000
  transition: 8'01000000 20'----1-1--------10001 -> 8'01000000 16'1010000000000000
  transition: 8'01000000 20'---------------1100- -> 8'10000000 16'1100000000000000
  transition: 8'01000000 20'---------------1-10- -> 8'10000000 16'1100000000000000
  transition: 8'01000000 20'------------------1- -> 8'10000000 16'1100000000000000
  transition: 8'00100000 20'---------------0--00 -> 8'01000000 16'0010000000010000
  transition: 8'00100000 20'--0--0-0-0-0---0--01 -> 8'00001000 16'0000010000010000
  transition: 8'00100000 20'--0----1-0-0---0--01 -> 8'00000010 16'0000000100010000
  transition: 8'00100000 20'0----1----0----0--01 -> 8'00100000 16'0001000000010000
  transition: 8'00100000 20'0----1----1----0--01 -> 8'10000000 16'0100000000010000
  transition: 8'00100000 20'1----1---------0--01 -> 8'01000000 16'0010000000010000
  transition: 8'00100000 20'---------1-----0--01 -> 8'01000000 16'0010000000010000
  transition: 8'00100000 20'-----------1---0--01 -> 8'00000001 16'0000000010010000
  transition: 8'00100000 20'--1------------0--01 -> 8'00001000 16'0000010000010000
  transition: 8'00100000 20'---------------10000 -> 8'01000000 16'0010000000010000
  transition: 8'00100000 20'--0--0-0-0-0---10001 -> 8'00001000 16'0000010000010000
  transition: 8'00100000 20'--0----1-0-0---10001 -> 8'00000010 16'0000000100010000
  transition: 8'00100000 20'0----1----0----10001 -> 8'00100000 16'0001000000010000
  transition: 8'00100000 20'0----1----1----10001 -> 8'10000000 16'0100000000010000
  transition: 8'00100000 20'1----1---------10001 -> 8'01000000 16'0010000000010000
  transition: 8'00100000 20'---------1-----10001 -> 8'01000000 16'0010000000010000
  transition: 8'00100000 20'-----------1---10001 -> 8'00000001 16'0000000010010000
  transition: 8'00100000 20'--1------------10001 -> 8'00001000 16'0000010000010000
  transition: 8'00100000 20'---------------1100- -> 8'10000000 16'0100000000010000
  transition: 8'00100000 20'---------------1-10- -> 8'10000000 16'0100000000010000
  transition: 8'00100000 20'------------------1- -> 8'10000000 16'0100000000010000
  transition: 8'00001000 20'---------------0--00 -> 8'01000000 16'0010000000000100
  transition: 8'00001000 20'--------0------0--01 -> 8'01000000 16'0010000000000100
  transition: 8'00001000 20'---0----1------0--01 -> 8'00001000 16'0000010000000100
  transition: 8'00001000 20'---1----1------0--01 -> 8'01000000 16'0010000000000100
  transition: 8'00001000 20'---------------10000 -> 8'01000000 16'0010000000000100
  transition: 8'00001000 20'--------0------10001 -> 8'01000000 16'0010000000000100
  transition: 8'00001000 20'---0----1------10001 -> 8'00001000 16'0000010000000100
  transition: 8'00001000 20'---1----1------10001 -> 8'01000000 16'0010000000000100
  transition: 8'00001000 20'---------------1100- -> 8'10000000 16'0100000000000100
  transition: 8'00001000 20'---------------1-10- -> 8'10000000 16'0100000000000100
  transition: 8'00001000 20'------------------1- -> 8'10000000 16'0100000000000100
  transition: 8'00000010 20'---------------0--00 -> 8'01000000 16'0010000000001000
  transition: 8'00000010 20'-------------0-0--01 -> 8'00000010 16'0000000100001000
  transition: 8'00000010 20'-------------100--01 -> 8'00000010 16'0000000100001000
  transition: 8'00000010 20'-------------110--01 -> 8'01000000 16'0010000000001000
  transition: 8'00000010 20'---------------10000 -> 8'01000000 16'0010000000001000
  transition: 8'00000010 20'-------------0-10001 -> 8'00000010 16'0000000100001000
  transition: 8'00000010 20'-------------1010001 -> 8'00000010 16'0000000100001000
  transition: 8'00000010 20'-------------1110001 -> 8'01000000 16'0010000000001000
  transition: 8'00000010 20'---------------1100- -> 8'10000000 16'0100000000001000
  transition: 8'00000010 20'---------------1-10- -> 8'10000000 16'0100000000001000
  transition: 8'00000010 20'------------------1- -> 8'10000000 16'0100000000001000
  transition: 8'00000001 20'---------------0--00 -> 8'01000000 16'0010000001000000
  transition: 8'00000001 20'-------------0-0--01 -> 8'00000001 16'0000000011000000
  transition: 8'00000001 20'-------------100--01 -> 8'00000001 16'0000000011000000
  transition: 8'00000001 20'-------------110--01 -> 8'01000000 16'0010000001000000
  transition: 8'00000001 20'---------------10000 -> 8'01000000 16'0010000001000000
  transition: 8'00000001 20'-------------0-10001 -> 8'00000001 16'0000000011000000
  transition: 8'00000001 20'-------------1010001 -> 8'00000001 16'0000000011000000
  transition: 8'00000001 20'-------------1110001 -> 8'01000000 16'0010000001000000
  transition: 8'00000001 20'---------------1100- -> 8'10000000 16'0100000001000000
  transition: 8'00000001 20'---------------1-10- -> 8'10000000 16'0100000001000000
  transition: 8'00000001 20'------------------1- -> 8'10000000 16'0100000001000000

5.21.3. Executing FSM_OPT pass (simple optimizations of FSMs).
Optimizing FSM `$fsm$\u_core.cpu_state$4807' from module `\picorv32_baseline_b_wrapper'.
  Removing unused input signal $auto$opt_reduce.cc:132:opt_mux$4687.
  Removing unused input signal $techmap\u_core.$eq$../picorv32.v:1865$1512_Y.

5.21.4. Executing OPT_CLEAN pass (remove unused cells and wires).
Finding unused cells or wires in module \picorv32_baseline_b_wrapper..
Removed 27 unused cells and 27 unused wires.
<suppressed ~28 debug messages>

5.21.5. Executing FSM_OPT pass (simple optimizations of FSMs).
Optimizing FSM `$fsm$\u_core.cpu_state$4807' from module `\picorv32_baseline_b_wrapper'.
  Removing unused output signal $techmap\u_core.$0\cpu_state[7:0] [0].
  Removing unused output signal $techmap\u_core.$0\cpu_state[7:0] [1].
  Removing unused output signal $techmap\u_core.$0\cpu_state[7:0] [2].
  Removing unused output signal $techmap\u_core.$0\cpu_state[7:0] [3].
  Removing unused output signal $techmap\u_core.$0\cpu_state[7:0] [4].
  Removing unused output signal $techmap\u_core.$0\cpu_state[7:0] [5].
  Removing unused output signal $techmap\u_core.$0\cpu_state[7:0] [6].
  Removing unused output signal $techmap\u_core.$0\cpu_state[7:0] [7].

5.21.6. Executing FSM_RECODE pass (re-assigning FSM state encoding).
Recoding FSM `$fsm$\u_core.cpu_state$4807' from module `\picorv32_baseline_b_wrapper' using `auto' encoding:
  mapping auto encoding to `one-hot` for this FSM.
  10000000 -> -----1
  01000000 -> ----1-
  00100000 -> ---1--
  00001000 -> --1---
  00000010 -> -1----
  00000001 -> 1-----

5.21.7. Executing FSM_INFO pass (dumping all available information on FSM cells).

FSM `$fsm$\u_core.cpu_state$4807' from module `\picorv32_baseline_b_wrapper':
-------------------------------------

  Information on FSM $fsm$\u_core.cpu_state$4807 (\u_core.cpu_state):

  Number of input signals:   18
  Number of output signals:   8
  Number of state bits:       6

  Input signals:
    0: \resetn
    1: $techmap\u_core.$logic_and$../picorv32.v:1972$1564_Y
    2: $techmap\u_core.$logic_and$../picorv32.v:1964$1555_Y
    3: $techmap\u_core.$logic_and$../picorv32.v:1957$1548_Y
    4: $techmap\u_core.$logic_and$../picorv32.v:1956$1545_Y
    5: $techmap\u_core.$logic_and$../picorv32.v:1906$1534_Y
    6: $techmap\u_core.$logic_or$../picorv32.v:1891$1530_Y
    7: $techmap\u_core.$logic_and$../picorv32.v:1730$1481_Y
    8: $techmap\u_core.$logic_and$../picorv32.v:1639$1462_Y
    9: \u_core.is_rdcycle_rdcycleh_rdinstr_rdinstrh
   10: \u_core.is_beq_bne_blt_bge_bltu_bgeu
   11: \u_core.is_sb_sh_sw
   12: \u_core.decoder_trigger
   13: \u_core.instr_trap
   14: \u_core.instr_jal
   15: \u_core.mem_done
   16: $auto$opt_reduce.cc:132:opt_mux$4673
   17: \u_core.pcpi_mul.u_fast_mul.active [1]

  Output signals:
    0: $techmap\u_core.$procmux$2118_CMP
    1: $techmap\u_core.$procmux$2113_CMP
    2: $techmap\u_core.$procmux$1765_CMP
    3: $techmap\u_core.$procmux$1738_CMP
    4: $techmap\u_core.$procmux$1727_CMP
    5: $techmap\u_core.$procmux$1726_CMP
    6: $techmap\u_core.$procmux$1716_CMP
    7: $techmap\u_core.$eq$../picorv32.v:1347$1362_Y

  State encoding:
    0:   6'-----1  <RESET STATE>
    1:   6'----1-
    2:   6'---1--
    3:   6'--1---
    4:   6'-1----
    5:   6'1-----

  Transition Table (state_in, ctrl_in, state_out, ctrl_out):
      0:     0 18'-------------10001   ->     0 8'00000001
      1:     0 18'-------------0--01   ->     0 8'00000001
      2:     0 18'-------------1100-   ->     0 8'00000001
      3:     0 18'-------------1-10-   ->     0 8'00000001
      4:     0 18'----------------1-   ->     0 8'00000001
      5:     0 18'-------------10000   ->     1 8'00000001
      6:     0 18'-------------0--00   ->     1 8'00000001
      7:     1 18'-------------1100-   ->     0 8'10000000
      8:     1 18'-------------1-10-   ->     0 8'10000000
      9:     1 18'----------------1-   ->     0 8'10000000
     10:     1 18'-------------10000   ->     1 8'10000000
     11:     1 18'-------------0--00   ->     1 8'10000000
     12:     1 18'-----0-------10001   ->     1 8'10000000
     13:     1 18'---1-1-------10001   ->     1 8'10000000
     14:     1 18'-----0-------0--01   ->     1 8'10000000
     15:     1 18'---1-1-------0--01   ->     1 8'10000000
     16:     1 18'---0-1-------10001   ->     2 8'10000000
     17:     1 18'---0-1-------0--01   ->     2 8'10000000
     18:     2 18'0---1----1---10001   ->     0 8'00010000
     19:     2 18'0---1----1---0--01   ->     0 8'00010000
     20:     2 18'-------------1100-   ->     0 8'00010000
     21:     2 18'-------------1-10-   ->     0 8'00010000
     22:     2 18'----------------1-   ->     0 8'00010000
     23:     2 18'-------------10000   ->     1 8'00010000
     24:     2 18'-------------0--00   ->     1 8'00010000
     25:     2 18'--------1----10001   ->     1 8'00010000
     26:     2 18'1---1--------10001   ->     1 8'00010000
     27:     2 18'--------1----0--01   ->     1 8'00010000
     28:     2 18'1---1--------0--01   ->     1 8'00010000
     29:     2 18'0---1----0---10001   ->     2 8'00010000
     30:     2 18'0---1----0---0--01   ->     2 8'00010000
     31:     2 18'-0--0-0-0-0--10001   ->     3 8'00010000
     32:     2 18'-1-----------10001   ->     3 8'00010000
     33:     2 18'-0--0-0-0-0--0--01   ->     3 8'00010000
     34:     2 18'-1-----------0--01   ->     3 8'00010000
     35:     2 18'-0----1-0-0--10001   ->     4 8'00010000
     36:     2 18'-0----1-0-0--0--01   ->     4 8'00010000
     37:     2 18'----------1--10001   ->     5 8'00010000
     38:     2 18'----------1--0--01   ->     5 8'00010000
     39:     3 18'-------------1100-   ->     0 8'00000100
     40:     3 18'-------------1-10-   ->     0 8'00000100
     41:     3 18'----------------1-   ->     0 8'00000100
     42:     3 18'-------------10000   ->     1 8'00000100
     43:     3 18'-------------0--00   ->     1 8'00000100
     44:     3 18'-------0-----10001   ->     1 8'00000100
     45:     3 18'--1----1-----10001   ->     1 8'00000100
     46:     3 18'-------0-----0--01   ->     1 8'00000100
     47:     3 18'--1----1-----0--01   ->     1 8'00000100
     48:     3 18'--0----1-----10001   ->     3 8'00000100
     49:     3 18'--0----1-----0--01   ->     3 8'00000100
     50:     4 18'-------------1100-   ->     0 8'00001000
     51:     4 18'-------------1-10-   ->     0 8'00001000
     52:     4 18'----------------1-   ->     0 8'00001000
     53:     4 18'-------------10000   ->     1 8'00001000
     54:     4 18'-------------0--00   ->     1 8'00001000
     55:     4 18'-----------1110001   ->     1 8'00001000
     56:     4 18'-----------110--01   ->     1 8'00001000
     57:     4 18'-----------1010001   ->     4 8'00001000
     58:     4 18'-----------0-10001   ->     4 8'00001000
     59:     4 18'-----------100--01   ->     4 8'00001000
     60:     4 18'-----------0-0--01   ->     4 8'00001000
     61:     5 18'-------------1100-   ->     0 8'01000000
     62:     5 18'-------------1-10-   ->     0 8'01000000
     63:     5 18'----------------1-   ->     0 8'01000000
     64:     5 18'-------------10000   ->     1 8'01000000
     65:     5 18'-------------0--00   ->     1 8'01000000
     66:     5 18'-----------1110001   ->     1 8'01000000
     67:     5 18'-----------110--01   ->     1 8'01000000
     68:     5 18'-----------1010001   ->     5 8'01000000
     69:     5 18'-----------0-10001   ->     5 8'01000000
     70:     5 18'-----------100--01   ->     5 8'01000000
     71:     5 18'-----------0-0--01   ->     5 8'01000000

-------------------------------------

5.21.8. Executing FSM_MAP pass (mapping FSMs to basic logic).
Mapping FSM `$fsm$\u_core.cpu_state$4807' from module `\picorv32_baseline_b_wrapper'.

5.22. Executing OPT pass (performing simple optimizations).

5.22.1. Executing OPT_EXPR pass (perform const folding).
Optimizing module picorv32_baseline_b_wrapper.
<suppressed ~4 debug messages>

5.22.2. Executing OPT_MERGE pass (detect identical cells).
Finding identical cells in module `\picorv32_baseline_b_wrapper'.
<suppressed ~15 debug messages>
Removed a total of 5 cells.

5.22.3. Executing OPT_RMDFF pass (remove dff with constant values).

5.22.4. Executing OPT_CLEAN pass (remove unused cells and wires).
Finding unused cells or wires in module \picorv32_baseline_b_wrapper..
Removed 0 unused cells and 19 unused wires.
<suppressed ~1 debug messages>

5.22.5. Finished fast OPT passes.

5.23. Executing MEMORY pass.

5.23.1. Executing MEMORY_DFF pass (merging $dff cells to $memrd and $memwr).
Checking cell `$techmap\u_core.$memwr$\cpuregs$../picorv32.v:1378$1586' in module `\picorv32_baseline_b_wrapper': merged $dff to cell.
Checking cell `$techmap\u_core.$memrd$\cpuregs$../picorv32.v:1386$1380' in module `\picorv32_baseline_b_wrapper': merged address $dff to cell.
Checking cell `$techmap\u_core.$memrd$\cpuregs$../picorv32.v:1387$1383' in module `\picorv32_baseline_b_wrapper': merged address $dff to cell.

5.23.2. Executing OPT_CLEAN pass (remove unused cells and wires).
Finding unused cells or wires in module \picorv32_baseline_b_wrapper..
Removed 3 unused cells and 3 unused wires.
<suppressed ~4 debug messages>

5.23.3. Executing MEMORY_SHARE pass (consolidating $memrd/$memwr cells).

5.23.4. Executing OPT_CLEAN pass (remove unused cells and wires).
Finding unused cells or wires in module \picorv32_baseline_b_wrapper..

5.23.5. Executing MEMORY_COLLECT pass (generating $mem cells).
Collecting $memrd, $memwr and $meminit for memory `\u_core.cpuregs' in module `\picorv32_baseline_b_wrapper':
  $techmap\u_core.$memwr$\cpuregs$../picorv32.v:1378$1586 ($memwr)
  $techmap\u_core.$memrd$\cpuregs$../picorv32.v:1387$1383 ($memrd)
  $techmap\u_core.$memrd$\cpuregs$../picorv32.v:1386$1380 ($memrd)

5.24. Executing OPT_CLEAN pass (remove unused cells and wires).
Finding unused cells or wires in module \picorv32_baseline_b_wrapper..

5.25. Executing MEMORY_BRAM pass (mapping $mem cells to block memories).
Processing picorv32_baseline_b_wrapper.u_core.cpuregs:
  Properties: ports=3 bits=1024 rports=2 wports=1 dbits=32 abits=5 words=32
  Checking rule #1 for bram type $__ICE40_RAM4K_M0 (variant 1):
    Bram geometry: abits=8 dbits=16 wports=0 rports=0
    Estimated number of duplicates for more read ports: dups=1
    Metrics for $__ICE40_RAM4K_M0: awaste=224 dwaste=0 bwaste=3584 waste=3584 efficiency=12
    Rule #1 for bram type $__ICE40_RAM4K_M0 (variant 1) accepted.
    Mapping to bram type $__ICE40_RAM4K_M0 (variant 1):
      Write port #0 is in clock domain \clk.
        Mapped to bram port B1.
      Read port #0 is in clock domain \clk.
        Mapped to bram port A1.1.
      Read port #1 is in clock domain \clk.
        Failed to map read port #1.
      Growing more read ports by duplicating bram cells.
      Read port #0 is in clock domain \clk.
        Mapped to bram port A1.1.
      Read port #1 is in clock domain \clk.
        Mapped to bram port A1.2.
      Updated properties: dups=2 waste=7168 efficiency=6
      Storing for later selection.
  Checking rule #2 for bram type $__ICE40_RAM4K_M123 (variant 1):
    Bram geometry: abits=9 dbits=8 wports=0 rports=0
    Estimated number of duplicates for more read ports: dups=1
    Metrics for $__ICE40_RAM4K_M123: awaste=480 dwaste=0 bwaste=3840 waste=3840 efficiency=6
    Rule #2 for bram type $__ICE40_RAM4K_M123 (variant 1) accepted.
    Mapping to bram type $__ICE40_RAM4K_M123 (variant 1):
      Write port #0 is in clock domain \clk.
        Mapped to bram port B1.
      Read port #0 is in clock domain \clk.
        Mapped to bram port A1.1.
      Read port #1 is in clock domain \clk.
        Failed to map read port #1.
      Growing more read ports by duplicating bram cells.
      Read port #0 is in clock domain \clk.
        Mapped to bram port A1.1.
      Read port #1 is in clock domain \clk.
        Mapped to bram port A1.2.
      Updated properties: dups=2 waste=7680 efficiency=3
      Storing for later selection.
  Checking rule #2 for bram type $__ICE40_RAM4K_M123 (variant 2):
    Bram geometry: abits=10 dbits=4 wports=0 rports=0
    Estimated number of duplicates for more read ports: dups=1
    Metrics for $__ICE40_RAM4K_M123: awaste=992 dwaste=0 bwaste=3968 waste=3968 efficiency=3
    Rule #2 for bram type $__ICE40_RAM4K_M123 (variant 2) accepted.
    Mapping to bram type $__ICE40_RAM4K_M123 (variant 2):
      Write port #0 is in clock domain \clk.
        Mapped to bram port B1.
      Read port #0 is in clock domain \clk.
        Mapped to bram port A1.1.
      Read port #1 is in clock domain \clk.
        Failed to map read port #1.
      Growing more read ports by duplicating bram cells.
      Read port #0 is in clock domain \clk.
        Mapped to bram port A1.1.
      Read port #1 is in clock domain \clk.
        Mapped to bram port A1.2.
      Updated properties: dups=2 waste=7936 efficiency=1
    Rule for bram type $__ICE40_RAM4K_M123 rejected: requirement 'min efficiency 2' not met.
    Mapping to bram type $__ICE40_RAM4K_M123 failed.
  Checking rule #2 for bram type $__ICE40_RAM4K_M123 (variant 3):
    Bram geometry: abits=11 dbits=2 wports=0 rports=0
    Estimated number of duplicates for more read ports: dups=1
    Metrics for $__ICE40_RAM4K_M123: awaste=2016 dwaste=0 bwaste=4032 waste=4032 efficiency=1
    Rule #2 for bram type $__ICE40_RAM4K_M123 (variant 3) rejected: requirement 'min efficiency 2' not met.
  Selecting best of 2 rules:
    Efficiency for rule 2.1: efficiency=3, cells=8, acells=1
    Efficiency for rule 1.1: efficiency=6, cells=4, acells=1
    Selected rule 1.1 with efficiency 6.
    Mapping to bram type $__ICE40_RAM4K_M0 (variant 1):
      Write port #0 is in clock domain \clk.
        Mapped to bram port B1.
      Read port #0 is in clock domain \clk.
        Mapped to bram port A1.1.
      Read port #1 is in clock domain \clk.
        Failed to map read port #1.
      Growing more read ports by duplicating bram cells.
      Read port #0 is in clock domain \clk.
        Mapped to bram port A1.1.
      Read port #1 is in clock domain \clk.
        Mapped to bram port A1.2.
      Creating $__ICE40_RAM4K_M0 cell at grid position <0 0 0>: u_core.cpuregs.0.0.0
        Adding extra logic for transparent port A1.1.
      Creating $__ICE40_RAM4K_M0 cell at grid position <0 0 1>: u_core.cpuregs.0.0.1
        Adding extra logic for transparent port A1.2.
      Creating $__ICE40_RAM4K_M0 cell at grid position <1 0 0>: u_core.cpuregs.1.0.0
        Adding extra logic for transparent port A1.1.
      Creating $__ICE40_RAM4K_M0 cell at grid position <1 0 1>: u_core.cpuregs.1.0.1
        Adding extra logic for transparent port A1.2.

5.26. Executing TECHMAP pass (map to technology primitives).

5.26.1. Executing Verilog-2005 frontend: /usr/bin/../share/yosys/ice40/brams_map.v
Parsing Verilog input from `/usr/bin/../share/yosys/ice40/brams_map.v' to AST representation.
Generating RTLIL representation for module `\$__ICE40_RAM4K'.
Generating RTLIL representation for module `\$__ICE40_RAM4K_M0'.
Generating RTLIL representation for module `\$__ICE40_RAM4K_M123'.
Successfully finished Verilog frontend.

5.26.2. Continuing TECHMAP pass.
Using template $paramod\$__ICE40_RAM4K_M0\CLKPOL2=1\CLKPOL3=1 for cells of type $__ICE40_RAM4K_M0.
Using template $paramod$4200c10d2e07b3359d49ca78f8f6d43ec6f7e316\$__ICE40_RAM4K for cells of type $__ICE40_RAM4K.
No more expansions possible.
<suppressed ~48 debug messages>

5.27. Executing ICE40_BRAMINIT pass.

5.28. Executing OPT pass (performing simple optimizations).

5.28.1. Executing OPT_EXPR pass (perform const folding).
Optimizing module picorv32_baseline_b_wrapper.
<suppressed ~69 debug messages>

5.28.2. Executing OPT_MERGE pass (detect identical cells).
Finding identical cells in module `\picorv32_baseline_b_wrapper'.
<suppressed ~30 debug messages>
Removed a total of 10 cells.

5.28.3. Executing OPT_RMDFF pass (remove dff with constant values).

5.28.4. Executing OPT_CLEAN pass (remove unused cells and wires).
Finding unused cells or wires in module \picorv32_baseline_b_wrapper..
Removed 17 unused cells and 148 unused wires.
<suppressed ~21 debug messages>

5.28.5. Finished fast OPT passes.

5.29. Executing MEMORY_MAP pass (converting $mem cells to logic and flip-flops).

5.30. Executing OPT pass (performing simple optimizations).

5.30.1. Executing OPT_EXPR pass (perform const folding).
Optimizing module picorv32_baseline_b_wrapper.

5.30.2. Executing OPT_MERGE pass (detect identical cells).
Finding identical cells in module `\picorv32_baseline_b_wrapper'.
Removed a total of 0 cells.

5.30.3. Executing OPT_MUXTREE pass (detect dead branches in mux trees).
Running muxtree optimizer on module \picorv32_baseline_b_wrapper..
  Creating internal representation of mux trees.
  Evaluating internal representation of mux trees.
  Analyzing evaluation results.
    dead port 2/5 on $pmux $techmap\u_core.$procmux$2333.
    dead port 4/5 on $pmux $techmap\u_core.$procmux$2333.
    dead port 3/6 on $pmux $techmap\u_core.$procmux$2584.
    dead port 1/2 on $mux $techmap\u_core.$procmux$2600.
    dead port 2/2 on $mux $techmap\u_core.$procmux$2600.
    dead port 1/2 on $mux $techmap\u_core.$procmux$2866.
    dead port 2/2 on $mux $techmap\u_core.$procmux$2866.
    dead port 1/5 on $pmux $techmap\u_core.$procmux$2868.
    dead port 2/5 on $pmux $techmap\u_core.$procmux$2868.
    dead port 1/3 on $pmux $techmap\u_core.$procmux$2878.
    dead port 2/3 on $pmux $techmap\u_core.$procmux$2878.
    dead port 3/3 on $pmux $techmap\u_core.$procmux$2878.
    dead port 1/3 on $pmux $techmap\u_core.$procmux$3075.
    dead port 3/5 on $pmux $techmap\u_core.$procmux$3100.
    dead port 1/3 on $pmux $techmap\u_core.$procmux$3109.
    dead port 2/3 on $pmux $techmap\u_core.$procmux$3109.
    dead port 3/3 on $pmux $techmap\u_core.$procmux$3109.
    dead port 1/3 on $pmux $techmap\u_core.$procmux$3114.
    dead port 2/3 on $pmux $techmap\u_core.$procmux$3114.
    dead port 3/3 on $pmux $techmap\u_core.$procmux$3114.
    dead port 1/2 on $mux $techmap\u_core.$procmux$3118.
    dead port 2/2 on $mux $techmap\u_core.$procmux$3118.
    dead port 1/2 on $mux $techmap\u_core.$procmux$3121.
    dead port 2/2 on $mux $techmap\u_core.$procmux$3121.
Removed 24 multiplexer ports.
<suppressed ~135 debug messages>

5.30.4. Executing OPT_REDUCE pass (consolidate $*mux and $reduce_* inputs).
  Optimizing cells in module \picorv32_baseline_b_wrapper.
    New input vector for $reduce_or cell $auto$opt_reduce.cc:126:opt_mux$4666: { \u_core.cpu_state [0] \u_core.cpu_state [1] \u_core.cpu_state [2] \u_core.cpu_state [4] \u_core.cpu_state [5] }
    New input vector for $reduce_or cell $auto$opt_reduce.cc:126:opt_mux$4662: { \u_core.cpu_state [0] \u_core.cpu_state [1] \u_core.cpu_state [2] \u_core.cpu_state [3] \u_core.cpu_state [5] }
    New input vector for $reduce_or cell $auto$fsm_map.cc:144:implement_pattern_cache$4975: { $auto$fsm_map.cc:118:implement_pattern_cache$4973 $auto$fsm_map.cc:118:implement_pattern_cache$4969 $auto$fsm_map.cc:118:implement_pattern_cache$4957 $auto$fsm_map.cc:118:implement_pattern_cache$4953 $auto$fsm_map.cc:118:implement_pattern_cache$4965 $auto$fsm_map.cc:118:implement_pattern_cache$4961 }
    New input vector for $reduce_or cell $auto$fsm_map.cc:144:implement_pattern_cache$4950: { $auto$fsm_map.cc:118:implement_pattern_cache$4948 $auto$fsm_map.cc:118:implement_pattern_cache$4944 $auto$fsm_map.cc:118:implement_pattern_cache$4936 $auto$fsm_map.cc:118:implement_pattern_cache$4928 $auto$fsm_map.cc:118:implement_pattern_cache$4932 $auto$fsm_map.cc:118:implement_pattern_cache$4940 }
    New input vector for $reduce_or cell $auto$fsm_map.cc:144:implement_pattern_cache$4908: { $auto$fsm_map.cc:74:implement_pattern_cache$4844 $auto$fsm_map.cc:118:implement_pattern_cache$4886 $auto$fsm_map.cc:118:implement_pattern_cache$4894 $auto$fsm_map.cc:118:implement_pattern_cache$4902 $auto$fsm_map.cc:118:implement_pattern_cache$4876 $auto$fsm_map.cc:118:implement_pattern_cache$4906 $auto$fsm_map.cc:118:implement_pattern_cache$4890 $auto$fsm_map.cc:118:implement_pattern_cache$4868 $auto$fsm_map.cc:118:implement_pattern_cache$4864 $auto$fsm_map.cc:118:implement_pattern_cache$4860 $auto$fsm_map.cc:118:implement_pattern_cache$4856 $auto$fsm_map.cc:118:implement_pattern_cache$4852 $auto$fsm_map.cc:74:implement_pattern_cache$4846 $auto$fsm_map.cc:118:implement_pattern_cache$4872 $auto$fsm_map.cc:118:implement_pattern_cache$4882 $auto$fsm_map.cc:118:implement_pattern_cache$4898 }
    New input vector for $reduce_or cell $auto$fsm_map.cc:144:implement_pattern_cache$4843: { $auto$fsm_map.cc:74:implement_pattern_cache$4841 $auto$fsm_map.cc:74:implement_pattern_cache$4839 $auto$fsm_map.cc:74:implement_pattern_cache$4837 $auto$fsm_map.cc:118:implement_pattern_cache$4835 $auto$fsm_map.cc:118:implement_pattern_cache$4831 $auto$fsm_map.cc:118:implement_pattern_cache$4823 $auto$fsm_map.cc:118:implement_pattern_cache$4827 }
    New input vector for $reduce_or cell $auto$fsm_map.cc:105:implement_pattern_cache$4881: { \u_core.cpu_state [4] \u_core.cpu_state [5] }
    Consolidated identical input bits for $mux cell $auto$memory_bram.cc:938:replace_cell$5049:
      Old ports: A=16'0000000000000000, B={ $auto$memory_bram.cc:837:replace_cell$5006 [15] $auto$memory_bram.cc:837:replace_cell$5006 [15] $auto$memory_bram.cc:837:replace_cell$5006 [15] $auto$memory_bram.cc:837:replace_cell$5006 [15] $auto$memory_bram.cc:837:replace_cell$5006 [15] $auto$memory_bram.cc:837:replace_cell$5006 [15] $auto$memory_bram.cc:837:replace_cell$5006 [15] $auto$memory_bram.cc:837:replace_cell$5006 [15] $auto$memory_bram.cc:837:replace_cell$5006 [15] $auto$memory_bram.cc:837:replace_cell$5006 [15] $auto$memory_bram.cc:837:replace_cell$5006 [15] $auto$memory_bram.cc:837:replace_cell$5006 [15] $auto$memory_bram.cc:837:replace_cell$5006 [15] $auto$memory_bram.cc:837:replace_cell$5006 [15] $auto$memory_bram.cc:837:replace_cell$5006 [15] $auto$memory_bram.cc:837:replace_cell$5006 [15] }, Y=$auto$rtlil.cc:1906:Mux$5050
      New ports: A=1'0, B=$auto$memory_bram.cc:837:replace_cell$5006 [15], Y=$auto$rtlil.cc:1906:Mux$5050 [0]
      New connections: $auto$rtlil.cc:1906:Mux$5050 [15:1] = { $auto$rtlil.cc:1906:Mux$5050 [0] $auto$rtlil.cc:1906:Mux$5050 [0] $auto$rtlil.cc:1906:Mux$5050 [0] $auto$rtlil.cc:1906:Mux$5050 [0] $auto$rtlil.cc:1906:Mux$5050 [0] $auto$rtlil.cc:1906:Mux$5050 [0] $auto$rtlil.cc:1906:Mux$5050 [0] $auto$rtlil.cc:1906:Mux$5050 [0] $auto$rtlil.cc:1906:Mux$5050 [0] $auto$rtlil.cc:1906:Mux$5050 [0] $auto$rtlil.cc:1906:Mux$5050 [0] $auto$rtlil.cc:1906:Mux$5050 [0] $auto$rtlil.cc:1906:Mux$5050 [0] $auto$rtlil.cc:1906:Mux$5050 [0] $auto$rtlil.cc:1906:Mux$5050 [0] }
    Consolidated identical input bits for $mux cell $auto$memory_bram.cc:938:replace_cell$5093:
      Old ports: A=16'0000000000000000, B={ $auto$memory_bram.cc:837:replace_cell$5006 [15] $auto$memory_bram.cc:837:replace_cell$5006 [15] $auto$memory_bram.cc:837:replace_cell$5006 [15] $auto$memory_bram.cc:837:replace_cell$5006 [15] $auto$memory_bram.cc:837:replace_cell$5006 [15] $auto$memory_bram.cc:837:replace_cell$5006 [15] $auto$memory_bram.cc:837:replace_cell$5006 [15] $auto$memory_bram.cc:837:replace_cell$5006 [15] $auto$memory_bram.cc:837:replace_cell$5006 [15] $auto$memory_bram.cc:837:replace_cell$5006 [15] $auto$memory_bram.cc:837:replace_cell$5006 [15] $auto$memory_bram.cc:837:replace_cell$5006 [15] $auto$memory_bram.cc:837:replace_cell$5006 [15] $auto$memory_bram.cc:837:replace_cell$5006 [15] $auto$memory_bram.cc:837:replace_cell$5006 [15] $auto$memory_bram.cc:837:replace_cell$5006 [15] }, Y=$auto$rtlil.cc:1906:Mux$5011
      New ports: A=1'0, B=$auto$memory_bram.cc:837:replace_cell$5006 [15], Y=$auto$rtlil.cc:1906:Mux$5011 [0]
      New connections: $auto$rtlil.cc:1906:Mux$5011 [15:1] = { $auto$rtlil.cc:1906:Mux$5011 [0] $auto$rtlil.cc:1906:Mux$5011 [0] $auto$rtlil.cc:1906:Mux$5011 [0] $auto$rtlil.cc:1906:Mux$5011 [0] $auto$rtlil.cc:1906:Mux$5011 [0] $auto$rtlil.cc:1906:Mux$5011 [0] $auto$rtlil.cc:1906:Mux$5011 [0] $auto$rtlil.cc:1906:Mux$5011 [0] $auto$rtlil.cc:1906:Mux$5011 [0] $auto$rtlil.cc:1906:Mux$5011 [0] $auto$rtlil.cc:1906:Mux$5011 [0] $auto$rtlil.cc:1906:Mux$5011 [0] $auto$rtlil.cc:1906:Mux$5011 [0] $auto$rtlil.cc:1906:Mux$5011 [0] $auto$rtlil.cc:1906:Mux$5011 [0] }
    Consolidated identical input bits for $pmux cell $techmap\u_core.$procmux$2325:
      Old ports: A=0, B=64'0000000000000000000000000000000000000000000000000000000000000000, Y=$techmap\u_core.$procmux$2325_Y
      New ports: A={ }, B={ }, Y={ }
      New connections: $techmap\u_core.$procmux$2325_Y = 0
    New ctrl vector for $pmux cell $techmap\u_core.$procmux$2325: { }
    Consolidated identical input bits for $pmux cell $techmap\u_core.$procmux$4476:
      Old ports: A=\u_core.reg_op2, B={ \u_core.reg_op2 [15:0] \u_core.reg_op2 [15:0] \u_core.reg_op2 [7:0] \u_core.reg_op2 [7:0] \u_core.reg_op2 [7:0] \u_core.reg_op2 [7:0] }, Y=\u_core.mem_la_wdata
      New ports: A=\u_core.reg_op2 [31:8], B={ \u_core.reg_op2 [15:0] \u_core.reg_op2 [15:0] \u_core.reg_op2 [7:0] \u_core.reg_op2 [7:0] }, Y=\u_core.mem_la_wdata [31:8]
      New connections: \u_core.mem_la_wdata [7:0] = \u_core.reg_op2 [7:0]
    Consolidated identical input bits for $mux cell $techmap\u_core.$ternary$../picorv32.v:1351$1363:
      Old ports: A=3'100, B=3'010, Y=$auto$wreduce.cc:455:run$4700 [2:0]
      New ports: A=2'10, B=2'01, Y=$auto$wreduce.cc:455:run$4700 [2:1]
      New connections: $auto$wreduce.cc:455:run$4700 [0] = 1'0
    Consolidated identical input bits for $mux cell $techmap\u_core.$ternary$../picorv32.v:383$967:
      Old ports: A={ \u_core.reg_op1 [31:2] 2'00 }, B={ \u_core.next_pc [31:2] 2'00 }, Y=\u_core.mem_la_addr
      New ports: A=\u_core.reg_op1 [31:2], B=\u_core.next_pc [31:2], Y=\u_core.mem_la_addr [31:2]
      New connections: \u_core.mem_la_addr [1:0] = 2'00
    Consolidated identical input bits for $mux cell $techmap\u_core.$ternary$../picorv32.v:412$982:
      Old ports: A=4'0011, B=4'1100, Y=$techmap\u_core.$ternary$../picorv32.v:412$982_Y
      New ports: A=2'01, B=2'10, Y={ $techmap\u_core.$ternary$../picorv32.v:412$982_Y [2] $techmap\u_core.$ternary$../picorv32.v:412$982_Y [0] }
      New connections: { $techmap\u_core.$ternary$../picorv32.v:412$982_Y [3] $techmap\u_core.$ternary$../picorv32.v:412$982_Y [1] } = { $techmap\u_core.$ternary$../picorv32.v:412$982_Y [2] $techmap\u_core.$ternary$../picorv32.v:412$982_Y [0] }
    Consolidated identical input bits for $mux cell $techmap\u_core.$ternary$../picorv32.v:618$1044:
      Old ports: A=2'11, B=2'00, Y=$techmap\u_core.$procmux$4163_Y
      New ports: A=1'1, B=1'0, Y=$techmap\u_core.$procmux$4163_Y [0]
      New connections: $techmap\u_core.$procmux$4163_Y [1] = $techmap\u_core.$procmux$4163_Y [0]
    Consolidated identical input bits for $mux cell $techmap\u_core.pcpi_mul.u_fast_mul.$procmux$1597:
      Old ports: A={ 1'0 \u_core.reg_op2 }, B={ \u_core.reg_op2 [31] \u_core.reg_op2 }, Y=$techmap\u_core.pcpi_mul.u_fast_mul.$procmux$1597_Y
      New ports: A=1'0, B=\u_core.reg_op2 [31], Y=$techmap\u_core.pcpi_mul.u_fast_mul.$procmux$1597_Y [32]
      New connections: $techmap\u_core.pcpi_mul.u_fast_mul.$procmux$1597_Y [31:0] = \u_core.reg_op2
    Consolidated identical input bits for $mux cell $techmap\u_core.pcpi_mul.u_fast_mul.$procmux$1603:
      Old ports: A={ 1'0 \u_core.reg_op1 }, B={ \u_core.reg_op1 [31] \u_core.reg_op1 }, Y=$techmap\u_core.pcpi_mul.u_fast_mul.$procmux$1603_Y
      New ports: A=1'0, B=\u_core.reg_op1 [31], Y=$techmap\u_core.pcpi_mul.u_fast_mul.$procmux$1603_Y [32]
      New connections: $techmap\u_core.pcpi_mul.u_fast_mul.$procmux$1603_Y [31:0] = \u_core.reg_op1
  Optimizing cells in module \picorv32_baseline_b_wrapper.
Performed a total of 18 changes.

5.30.5. Executing OPT_MERGE pass (detect identical cells).
Finding identical cells in module `\picorv32_baseline_b_wrapper'.
Removed a total of 0 cells.

5.30.6. Executing OPT_RMDFF pass (remove dff with constant values).

5.30.7. Executing OPT_CLEAN pass (remove unused cells and wires).
Finding unused cells or wires in module \picorv32_baseline_b_wrapper..
Removed 16 unused cells and 26 unused wires.
<suppressed ~20 debug messages>

5.30.8. Executing OPT_EXPR pass (perform const folding).
Optimizing module picorv32_baseline_b_wrapper.

5.30.9. Rerunning OPT passes. (Maybe there is more to do..)

5.30.10. Executing OPT_MUXTREE pass (detect dead branches in mux trees).
Running muxtree optimizer on module \picorv32_baseline_b_wrapper..
  Creating internal representation of mux trees.
  Evaluating internal representation of mux trees.
  Analyzing evaluation results.
Removed 0 multiplexer ports.
<suppressed ~129 debug messages>

5.30.11. Executing OPT_REDUCE pass (consolidate $*mux and $reduce_* inputs).
  Optimizing cells in module \picorv32_baseline_b_wrapper.
Performed a total of 0 changes.

5.30.12. Executing OPT_MERGE pass (detect identical cells).
Finding identical cells in module `\picorv32_baseline_b_wrapper'.
Removed a total of 0 cells.

5.30.13. Executing OPT_RMDFF pass (remove dff with constant values).

5.30.14. Executing OPT_CLEAN pass (remove unused cells and wires).
Finding unused cells or wires in module \picorv32_baseline_b_wrapper..

5.30.15. Executing OPT_EXPR pass (perform const folding).
Optimizing module picorv32_baseline_b_wrapper.

5.30.16. Finished OPT passes. (There is nothing left to do.)

5.31. Executing TECHMAP pass (map to technology primitives).

5.31.1. Executing Verilog-2005 frontend: /usr/bin/../share/yosys/techmap.v
Parsing Verilog input from `/usr/bin/../share/yosys/techmap.v' to AST representation.
Generating RTLIL representation for module `\_90_simplemap_bool_ops'.
Generating RTLIL representation for module `\_90_simplemap_reduce_ops'.
Generating RTLIL representation for module `\_90_simplemap_logic_ops'.
Generating RTLIL representation for module `\_90_simplemap_compare_ops'.
Generating RTLIL representation for module `\_90_simplemap_various'.
Generating RTLIL representation for module `\_90_simplemap_registers'.
Generating RTLIL representation for module `\_90_shift_ops_shr_shl_sshl_sshr'.
Generating RTLIL representation for module `\_90_shift_shiftx'.
Generating RTLIL representation for module `\_90_fa'.
Generating RTLIL representation for module `\_90_lcu'.
Generating RTLIL representation for module `\_90_alu'.
Generating RTLIL representation for module `\_90_macc'.
Generating RTLIL representation for module `\_90_alumacc'.
Generating RTLIL representation for module `\$__div_mod_u'.
Generating RTLIL representation for module `\$__div_mod'.
Generating RTLIL representation for module `\_90_div'.
Generating RTLIL representation for module `\_90_mod'.
Generating RTLIL representation for module `\_90_pow'.
Generating RTLIL representation for module `\_90_pmux'.
Generating RTLIL representation for module `\_90_lut'.
Successfully finished Verilog frontend.

5.31.2. Executing Verilog-2005 frontend: /usr/bin/../share/yosys/ice40/arith_map.v
Parsing Verilog input from `/usr/bin/../share/yosys/ice40/arith_map.v' to AST representation.
Generating RTLIL representation for module `\_80_ice40_alu'.
Successfully finished Verilog frontend.

5.31.3. Continuing TECHMAP pass.
Using extmapper simplemap for cells of type $dff.
Using extmapper simplemap for cells of type $mux.
Using extmapper simplemap for cells of type $reduce_or.
Using extmapper simplemap for cells of type $xor.
Using extmapper simplemap for cells of type $and.
Using extmapper simplemap for cells of type $eq.
Using template $paramod\_80_ice40_alu\A_SIGNED=0\B_SIGNED=0\A_WIDTH=32\B_WIDTH=32\Y_WIDTH=32 for cells of type $alu.
Using extmapper simplemap for cells of type $lut.
Using extmapper simplemap for cells of type $or.
Using template $paramod\_80_ice40_alu\A_SIGNED=0\B_SIGNED=0\A_WIDTH=3\B_WIDTH=32\Y_WIDTH=32 for cells of type $alu.
Using template $paramod\_80_ice40_alu\A_SIGNED=0\B_SIGNED=0\A_WIDTH=1\B_WIDTH=64\Y_WIDTH=64 for cells of type $alu.
Using extmapper maccmap for cells of type $macc.
  add { $auto$wreduce.cc:455:run$4703 [32:27] \u_core.pcpi_mul.u_fast_mul.rs1 } * { $auto$wreduce.cc:455:run$4704 [32:27] \u_core.pcpi_mul.u_fast_mul.rs2 } (33x33 bits, signed)
Using extmapper simplemap for cells of type $reduce_and.
Using template $paramod\_80_ice40_alu\A_SIGNED=1\B_SIGNED=1\A_WIDTH=32\B_WIDTH=32\Y_WIDTH=32 for cells of type $alu.
Using extmapper simplemap for cells of type $not.
Using template $paramod\_90_pmux\WIDTH=24\S_WIDTH=2 for cells of type $pmux.
Using template $paramod$constmap:66d421c313e4e958be776b99540ac2de3b59fdbc$paramod$9b74a473ccd678a23e1df4cc12019cbbece20051\_90_shift_ops_shr_shl_sshl_sshr for cells of type $shl.
Using template $paramod\_90_pmux\WIDTH=4\S_WIDTH=2 for cells of type $pmux.
Using template $paramod\_90_pmux\WIDTH=1\S_WIDTH=2 for cells of type $pmux.
Using template $paramod\_90_pmux\WIDTH=2\S_WIDTH=4 for cells of type $pmux.
Using template $paramod\_90_pmux\WIDTH=32\S_WIDTH=5 for cells of type $pmux.
Using template $paramod\_90_pmux\WIDTH=1\S_WIDTH=5 for cells of type $pmux.
Using template $paramod$constmap:87f69c0bea22f84de4bcd0314b57cb19e61b5eb7$paramod$88abf4b792300efa328894e6936be740fdc22f6d\_90_shift_ops_shr_shl_sshl_sshr for cells of type $sshr.
Using template $paramod$constmap:4621fcf06a436d1e2a4080e2ed9866a7d07a6e07$paramod$887c9fe2c55be14c90171bd2ff359c086a0858d7\_90_shift_ops_shr_shl_sshl_sshr for cells of type $shl.
Using template $paramod\_90_pmux\WIDTH=32\S_WIDTH=6 for cells of type $pmux.
Using template $paramod\_90_pmux\WIDTH=32\S_WIDTH=3 for cells of type $pmux.
Using template $paramod\_90_pmux\WIDTH=32\S_WIDTH=2 for cells of type $pmux.
Using template $paramod\_90_pmux\WIDTH=2\S_WIDTH=2 for cells of type $pmux.
Using template $paramod\_90_pmux\WIDTH=2\S_WIDTH=3 for cells of type $pmux.
Using template $paramod\_90_pmux\WIDTH=1\S_WIDTH=4 for cells of type $pmux.
Using template $paramod\_90_pmux\WIDTH=5\S_WIDTH=2 for cells of type $pmux.
Using extmapper simplemap for cells of type $logic_not.
Using extmapper simplemap for cells of type $logic_or.
Using extmapper simplemap for cells of type $logic_and.
Using extmapper simplemap for cells of type $reduce_bool.
Using template $paramod\_80_ice40_alu\A_SIGNED=0\B_SIGNED=0\A_WIDTH=4\B_WIDTH=1\Y_WIDTH=4 for cells of type $alu.
Using extmapper simplemap for cells of type $pos.
Using template $paramod\_90_fa\WIDTH=64 for cells of type $fa.
Using template $paramod\_90_fa\WIDTH=63 for cells of type $fa.
Using template $paramod\_80_ice40_alu\A_SIGNED=0\B_SIGNED=0\A_WIDTH=64\B_WIDTH=64\Y_WIDTH=64 for cells of type $alu.
No more expansions possible.
<suppressed ~2508 debug messages>

5.32. Executing ICE40_OPT pass (performing simple optimizations).

5.32.1. Running ICE40 specific optimizations.

5.32.2. Executing OPT_EXPR pass (perform const folding).
Optimizing module picorv32_baseline_b_wrapper.
<suppressed ~4536 debug messages>

5.32.3. Executing OPT_MERGE pass (detect identical cells).
Finding identical cells in module `\picorv32_baseline_b_wrapper'.
<suppressed ~8178 debug messages>
Removed a total of 2726 cells.

5.32.4. Executing OPT_RMDFF pass (remove dff with constant values).

5.32.5. Executing OPT_CLEAN pass (remove unused cells and wires).
Finding unused cells or wires in module \picorv32_baseline_b_wrapper..
Removed 876 unused cells and 1517 unused wires.
<suppressed ~877 debug messages>

5.32.6. Rerunning OPT passes. (Removed registers in this run.)

5.32.7. Running ICE40 specific optimizations.
Optimized away SB_CARRY cell picorv32_baseline_b_wrapper.$auto$alumacc.cc:474:replace_alu$4770.slice[0].carry: CO=1'0
Optimized away SB_CARRY cell picorv32_baseline_b_wrapper.$auto$alumacc.cc:474:replace_alu$4773.slice[0].carry: CO=\u_core.count_cycle [0]
Optimized away SB_CARRY cell picorv32_baseline_b_wrapper.$auto$alumacc.cc:474:replace_alu$4776.slice[0].carry: CO=1'0
Optimized away SB_CARRY cell picorv32_baseline_b_wrapper.$auto$alumacc.cc:474:replace_alu$4779.slice[0].carry: CO=\u_core.count_instr [0]
Optimized away SB_CARRY cell picorv32_baseline_b_wrapper.$auto$alumacc.cc:474:replace_alu$4794.slice[0].carry: CO=\u_core.pcpi_timeout_counter [0]
Optimized away SB_CARRY cell picorv32_baseline_b_wrapper.$auto$maccmap.cc:240:synth$6211.slice[0].carry: CO=1'0
Mapping SB_LUT4 cell picorv32_baseline_b_wrapper.$auto$alumacc.cc:474:replace_alu$4770.slice[1].adder back to logic.
Mapping SB_LUT4 cell picorv32_baseline_b_wrapper.$auto$alumacc.cc:474:replace_alu$4773.slice[1].adder back to logic.
Mapping SB_LUT4 cell picorv32_baseline_b_wrapper.$auto$alumacc.cc:474:replace_alu$4776.slice[1].adder back to logic.
Mapping SB_LUT4 cell picorv32_baseline_b_wrapper.$auto$alumacc.cc:474:replace_alu$4779.slice[1].adder back to logic.
Mapping SB_LUT4 cell picorv32_baseline_b_wrapper.$auto$alumacc.cc:474:replace_alu$4794.slice[1].adder back to logic.
Mapping SB_LUT4 cell picorv32_baseline_b_wrapper.$auto$maccmap.cc:240:synth$6211.slice[1].adder back to logic.

5.32.8. Executing OPT_EXPR pass (perform const folding).
Optimizing module picorv32_baseline_b_wrapper.
<suppressed ~212 debug messages>

5.32.9. Executing OPT_MERGE pass (detect identical cells).
Finding identical cells in module `\picorv32_baseline_b_wrapper'.
<suppressed ~9 debug messages>
Removed a total of 3 cells.

5.32.10. Executing OPT_RMDFF pass (remove dff with constant values).

5.32.11. Executing OPT_CLEAN pass (remove unused cells and wires).
Finding unused cells or wires in module \picorv32_baseline_b_wrapper..
Removed 3 unused cells and 16 unused wires.
<suppressed ~4 debug messages>

5.32.12. Rerunning OPT passes. (Removed registers in this run.)

5.32.13. Running ICE40 specific optimizations.
Optimized away SB_CARRY cell picorv32_baseline_b_wrapper.$auto$alumacc.cc:474:replace_alu$4776.slice[1].carry: CO=1'0
Optimized away SB_CARRY cell picorv32_baseline_b_wrapper.$auto$maccmap.cc:240:synth$6211.slice[1].carry: CO=1'0
Mapping SB_LUT4 cell picorv32_baseline_b_wrapper.$auto$alumacc.cc:474:replace_alu$4776.slice[2].adder back to logic.
Mapping SB_LUT4 cell picorv32_baseline_b_wrapper.$auto$maccmap.cc:240:synth$6211.slice[2].adder back to logic.

5.32.14. Executing OPT_EXPR pass (perform const folding).
Optimizing module picorv32_baseline_b_wrapper.
<suppressed ~27 debug messages>

5.32.15. Executing OPT_MERGE pass (detect identical cells).
Finding identical cells in module `\picorv32_baseline_b_wrapper'.
<suppressed ~3 debug messages>
Removed a total of 1 cells.

5.32.16. Executing OPT_RMDFF pass (remove dff with constant values).

5.32.17. Executing OPT_CLEAN pass (remove unused cells and wires).
Finding unused cells or wires in module \picorv32_baseline_b_wrapper..
Removed 1 unused cells and 7 unused wires.
<suppressed ~2 debug messages>

5.32.18. Rerunning OPT passes. (Removed registers in this run.)

5.32.19. Running ICE40 specific optimizations.
Optimized away SB_CARRY cell picorv32_baseline_b_wrapper.$auto$alumacc.cc:474:replace_alu$4776.slice[2].carry: CO=$auto$alumacc.cc:474:replace_alu$4776.BB [2]
Optimized away SB_CARRY cell picorv32_baseline_b_wrapper.$auto$maccmap.cc:240:synth$6211.slice[2].carry: CO=1'0
Mapping SB_LUT4 cell picorv32_baseline_b_wrapper.$auto$alumacc.cc:474:replace_alu$4776.slice[3].adder back to logic.
Mapping SB_LUT4 cell picorv32_baseline_b_wrapper.$auto$maccmap.cc:240:synth$6211.slice[3].adder back to logic.

5.32.20. Executing OPT_EXPR pass (perform const folding).
Optimizing module picorv32_baseline_b_wrapper.
<suppressed ~26 debug messages>

5.32.21. Executing OPT_MERGE pass (detect identical cells).
Finding identical cells in module `\picorv32_baseline_b_wrapper'.
<suppressed ~3 debug messages>
Removed a total of 1 cells.

5.32.22. Executing OPT_RMDFF pass (remove dff with constant values).

5.32.23. Executing OPT_CLEAN pass (remove unused cells and wires).
Finding unused cells or wires in module \picorv32_baseline_b_wrapper..
Removed 1 unused cells and 6 unused wires.
<suppressed ~2 debug messages>

5.32.24. Rerunning OPT passes. (Removed registers in this run.)

5.32.25. Running ICE40 specific optimizations.
Optimized away SB_CARRY cell picorv32_baseline_b_wrapper.$auto$maccmap.cc:240:synth$6211.slice[3].carry: CO=1'0
Mapping SB_LUT4 cell picorv32_baseline_b_wrapper.$auto$maccmap.cc:240:synth$6211.slice[4].adder back to logic.

5.32.26. Executing OPT_EXPR pass (perform const folding).
Optimizing module picorv32_baseline_b_wrapper.
<suppressed ~13 debug messages>

5.32.27. Executing OPT_MERGE pass (detect identical cells).
Finding identical cells in module `\picorv32_baseline_b_wrapper'.
<suppressed ~3 debug messages>
Removed a total of 1 cells.

5.32.28. Executing OPT_RMDFF pass (remove dff with constant values).

5.32.29. Executing OPT_CLEAN pass (remove unused cells and wires).
Finding unused cells or wires in module \picorv32_baseline_b_wrapper..
Removed 1 unused cells and 4 unused wires.
<suppressed ~2 debug messages>

5.32.30. Rerunning OPT passes. (Removed registers in this run.)

5.32.31. Running ICE40 specific optimizations.
Optimized away SB_CARRY cell picorv32_baseline_b_wrapper.$auto$maccmap.cc:240:synth$6211.slice[4].carry: CO=1'0
Mapping SB_LUT4 cell picorv32_baseline_b_wrapper.$auto$maccmap.cc:240:synth$6211.slice[5].adder back to logic.

5.32.32. Executing OPT_EXPR pass (perform const folding).
Optimizing module picorv32_baseline_b_wrapper.
<suppressed ~11 debug messages>

5.32.33. Executing OPT_MERGE pass (detect identical cells).
Finding identical cells in module `\picorv32_baseline_b_wrapper'.
<suppressed ~3 debug messages>
Removed a total of 1 cells.

5.32.34. Executing OPT_RMDFF pass (remove dff with constant values).

5.32.35. Executing OPT_CLEAN pass (remove unused cells and wires).
Finding unused cells or wires in module \picorv32_baseline_b_wrapper..
Removed 1 unused cells and 3 unused wires.
<suppressed ~2 debug messages>

5.32.36. Rerunning OPT passes. (Removed registers in this run.)

5.32.37. Running ICE40 specific optimizations.

5.32.38. Executing OPT_EXPR pass (perform const folding).
Optimizing module picorv32_baseline_b_wrapper.

5.32.39. Executing OPT_MERGE pass (detect identical cells).
Finding identical cells in module `\picorv32_baseline_b_wrapper'.
Removed a total of 0 cells.

5.32.40. Executing OPT_RMDFF pass (remove dff with constant values).

5.32.41. Executing OPT_CLEAN pass (remove unused cells and wires).
Finding unused cells or wires in module \picorv32_baseline_b_wrapper..

5.32.42. Finished OPT passes. (There is nothing left to do.)

5.33. Executing DFFSR2DFF pass (mapping DFFSR cells to simpler FFs).

5.34. Executing DFF2DFFE pass (transform $dff to $dffe where applicable).
Selected cell types for direct conversion:
  $_DFF_PP1_ -> $__DFFE_PP1
  $_DFF_PP0_ -> $__DFFE_PP0
  $_DFF_PN1_ -> $__DFFE_PN1
  $_DFF_PN0_ -> $__DFFE_PN0
  $_DFF_NP1_ -> $__DFFE_NP1
  $_DFF_NP0_ -> $__DFFE_NP0
  $_DFF_NN1_ -> $__DFFE_NN1
  $_DFF_NN0_ -> $__DFFE_NN0
  $_DFF_N_ -> $_DFFE_NP_
  $_DFF_P_ -> $_DFFE_PP_
Transforming FF to FF+Enable cells in module picorv32_baseline_b_wrapper:
  converting $_DFF_P_ cell $auto$simplemap.cc:420:simplemap_dff$11207 to $_DFFE_PP_ for $techmap\u_core.pcpi_mul.u_fast_mul.$0\rs2[32:0] [0] -> \u_core.pcpi_mul.u_fast_mul.rs2 [0].
  converting $_DFF_P_ cell $auto$simplemap.cc:420:simplemap_dff$11208 to $_DFFE_PP_ for $techmap\u_core.pcpi_mul.u_fast_mul.$0\rs2[32:0] [1] -> \u_core.pcpi_mul.u_fast_mul.rs2 [1].
  converting $_DFF_P_ cell $auto$simplemap.cc:420:simplemap_dff$11209 to $_DFFE_PP_ for $techmap\u_core.pcpi_mul.u_fast_mul.$0\rs2[32:0] [2] -> \u_core.pcpi_mul.u_fast_mul.rs2 [2].
  converting $_DFF_P_ cell $auto$simplemap.cc:420:simplemap_dff$11210 to $_DFFE_PP_ for $techmap\u_core.pcpi_mul.u_fast_mul.$0\rs2[32:0] [3] -> \u_core.pcpi_mul.u_fast_mul.rs2 [3].
  converting $_DFF_P_ cell $auto$simplemap.cc:420:simplemap_dff$11211 to $_DFFE_PP_ for $techmap\u_core.pcpi_mul.u_fast_mul.$0\rs2[32:0] [4] -> \u_core.pcpi_mul.u_fast_mul.rs2 [4].
  converting $_DFF_P_ cell $auto$simplemap.cc:420:simplemap_dff$11212 to $_DFFE_PP_ for $techmap\u_core.pcpi_mul.u_fast_mul.$0\rs2[32:0] [5] -> \u_core.pcpi_mul.u_fast_mul.rs2 [5].
  converting $_DFF_P_ cell $auto$simplemap.cc:420:simplemap_dff$11213 to $_DFFE_PP_ for $techmap\u_core.pcpi_mul.u_fast_mul.$0\rs2[32:0] [6] -> \u_core.pcpi_mul.u_fast_mul.rs2 [6].
  converting $_DFF_P_ cell $auto$simplemap.cc:420:simplemap_dff$11214 to $_DFFE_PP_ for $techmap\u_core.pcpi_mul.u_fast_mul.$0\rs2[32:0] [7] -> \u_core.pcpi_mul.u_fast_mul.rs2 [7].
  converting $_DFF_P_ cell $auto$simplemap.cc:420:simplemap_dff$11215 to $_DFFE_PP_ for $techmap\u_core.pcpi_mul.u_fast_mul.$0\rs2[32:0] [8] -> \u_core.pcpi_mul.u_fast_mul.rs2 [8].
  converting $_DFF_P_ cell $auto$simplemap.cc:420:simplemap_dff$11216 to $_DFFE_PP_ for $techmap\u_core.pcpi_mul.u_fast_mul.$0\rs2[32:0] [9] -> \u_core.pcpi_mul.u_fast_mul.rs2 [9].
  converting $_DFF_P_ cell $auto$simplemap.cc:420:simplemap_dff$11217 to $_DFFE_PP_ for $techmap\u_core.pcpi_mul.u_fast_mul.$0\rs2[32:0] [10] -> \u_core.pcpi_mul.u_fast_mul.rs2 [10].
  converting $_DFF_P_ cell $auto$simplemap.cc:420:simplemap_dff$11218 to $_DFFE_PP_ for $techmap\u_core.pcpi_mul.u_fast_mul.$0\rs2[32:0] [11] -> \u_core.pcpi_mul.u_fast_mul.rs2 [11].
  converting $_DFF_P_ cell $auto$simplemap.cc:420:simplemap_dff$11219 to $_DFFE_PP_ for $techmap\u_core.pcpi_mul.u_fast_mul.$0\rs2[32:0] [12] -> \u_core.pcpi_mul.u_fast_mul.rs2 [12].
  converting $_DFF_P_ cell $auto$simplemap.cc:420:simplemap_dff$11220 to $_DFFE_PP_ for $techmap\u_core.pcpi_mul.u_fast_mul.$0\rs2[32:0] [13] -> \u_core.pcpi_mul.u_fast_mul.rs2 [13].
  converting $_DFF_P_ cell $auto$simplemap.cc:420:simplemap_dff$11221 to $_DFFE_PP_ for $techmap\u_core.pcpi_mul.u_fast_mul.$0\rs2[32:0] [14] -> \u_core.pcpi_mul.u_fast_mul.rs2 [14].
  converting $_DFF_P_ cell $auto$simplemap.cc:420:simplemap_dff$11222 to $_DFFE_PP_ for $techmap\u_core.pcpi_mul.u_fast_mul.$0\rs2[32:0] [15] -> \u_core.pcpi_mul.u_fast_mul.rs2 [15].
  converting $_DFF_P_ cell $auto$simplemap.cc:420:simplemap_dff$11223 to $_DFFE_PP_ for $techmap\u_core.pcpi_mul.u_fast_mul.$0\rs2[32:0] [16] -> \u_core.pcpi_mul.u_fast_mul.rs2 [16].
  converting $_DFF_P_ cell $auto$simplemap.cc:420:simplemap_dff$11224 to $_DFFE_PP_ for $techmap\u_core.pcpi_mul.u_fast_mul.$0\rs2[32:0] [17] -> \u_core.pcpi_mul.u_fast_mul.rs2 [17].
  converting $_DFF_P_ cell $auto$simplemap.cc:420:simplemap_dff$11225 to $_DFFE_PP_ for $techmap\u_core.pcpi_mul.u_fast_mul.$0\rs2[32:0] [18] -> \u_core.pcpi_mul.u_fast_mul.rs2 [18].
  converting $_DFF_P_ cell $auto$simplemap.cc:420:simplemap_dff$11226 to $_DFFE_PP_ for $techmap\u_core.pcpi_mul.u_fast_mul.$0\rs2[32:0] [19] -> \u_core.pcpi_mul.u_fast_mul.rs2 [19].
  converting $_DFF_P_ cell $auto$simplemap.cc:420:simplemap_dff$11227 to $_DFFE_PP_ for $techmap\u_core.pcpi_mul.u_fast_mul.$0\rs2[32:0] [20] -> \u_core.pcpi_mul.u_fast_mul.rs2 [20].
  converting $_DFF_P_ cell $auto$simplemap.cc:420:simplemap_dff$11228 to $_DFFE_PP_ for $techmap\u_core.pcpi_mul.u_fast_mul.$0\rs2[32:0] [21] -> \u_core.pcpi_mul.u_fast_mul.rs2 [21].
  converting $_DFF_P_ cell $auto$simplemap.cc:420:simplemap_dff$11229 to $_DFFE_PP_ for $techmap\u_core.pcpi_mul.u_fast_mul.$0\rs2[32:0] [22] -> \u_core.pcpi_mul.u_fast_mul.rs2 [22].
  converting $_DFF_P_ cell $auto$simplemap.cc:420:simplemap_dff$11230 to $_DFFE_PP_ for $techmap\u_core.pcpi_mul.u_fast_mul.$0\rs2[32:0] [23] -> \u_core.pcpi_mul.u_fast_mul.rs2 [23].
  converting $_DFF_P_ cell $auto$simplemap.cc:420:simplemap_dff$11231 to $_DFFE_PP_ for $techmap\u_core.pcpi_mul.u_fast_mul.$0\rs2[32:0] [24] -> \u_core.pcpi_mul.u_fast_mul.rs2 [24].
  converting $_DFF_P_ cell $auto$simplemap.cc:420:simplemap_dff$11232 to $_DFFE_PP_ for $techmap\u_core.pcpi_mul.u_fast_mul.$0\rs2[32:0] [25] -> \u_core.pcpi_mul.u_fast_mul.rs2 [25].
  converting $_DFF_P_ cell $auto$simplemap.cc:420:simplemap_dff$11233 to $_DFFE_PP_ for $techmap\u_core.pcpi_mul.u_fast_mul.$0\rs2[32:0] [26] -> \u_core.pcpi_mul.u_fast_mul.rs2 [26].
  converting $_DFF_P_ cell $auto$simplemap.cc:420:simplemap_dff$11234 to $_DFFE_PP_ for $techmap\u_core.pcpi_mul.u_fast_mul.$0\rs2[32:0] [27] -> $auto$wreduce.cc:455:run$4704 [27].
  converting $_DFF_P_ cell $auto$simplemap.cc:420:simplemap_dff$11235 to $_DFFE_PP_ for $techmap\u_core.pcpi_mul.u_fast_mul.$0\rs2[32:0] [28] -> $auto$wreduce.cc:455:run$4704 [28].
  converting $_DFF_P_ cell $auto$simplemap.cc:420:simplemap_dff$11236 to $_DFFE_PP_ for $techmap\u_core.pcpi_mul.u_fast_mul.$0\rs2[32:0] [29] -> $auto$wreduce.cc:455:run$4704 [29].
  converting $_DFF_P_ cell $auto$simplemap.cc:420:simplemap_dff$11237 to $_DFFE_PP_ for $techmap\u_core.pcpi_mul.u_fast_mul.$0\rs2[32:0] [30] -> $auto$wreduce.cc:455:run$4704 [30].
  converting $_DFF_P_ cell $auto$simplemap.cc:420:simplemap_dff$11238 to $_DFFE_PP_ for $techmap\u_core.pcpi_mul.u_fast_mul.$0\rs2[32:0] [31] -> $auto$wreduce.cc:455:run$4704 [31].
  converting $_DFF_P_ cell $auto$simplemap.cc:420:simplemap_dff$11239 to $_DFFE_PP_ for $techmap\u_core.pcpi_mul.u_fast_mul.$0\rs2[32:0] [32] -> $auto$wreduce.cc:455:run$4704 [32].
  converting $_DFF_P_ cell $auto$simplemap.cc:420:simplemap_dff$11240 to $_DFFE_PP_ for $techmap\u_core.pcpi_mul.u_fast_mul.$0\rs1[32:0] [0] -> \u_core.pcpi_mul.u_fast_mul.rs1 [0].
  converting $_DFF_P_ cell $auto$simplemap.cc:420:simplemap_dff$11241 to $_DFFE_PP_ for $techmap\u_core.pcpi_mul.u_fast_mul.$0\rs1[32:0] [1] -> \u_core.pcpi_mul.u_fast_mul.rs1 [1].
  converting $_DFF_P_ cell $auto$simplemap.cc:420:simplemap_dff$11242 to $_DFFE_PP_ for $techmap\u_core.pcpi_mul.u_fast_mul.$0\rs1[32:0] [2] -> \u_core.pcpi_mul.u_fast_mul.rs1 [2].
  converting $_DFF_P_ cell $auto$simplemap.cc:420:simplemap_dff$11243 to $_DFFE_PP_ for $techmap\u_core.pcpi_mul.u_fast_mul.$0\rs1[32:0] [3] -> \u_core.pcpi_mul.u_fast_mul.rs1 [3].
  converting $_DFF_P_ cell $auto$simplemap.cc:420:simplemap_dff$11244 to $_DFFE_PP_ for $techmap\u_core.pcpi_mul.u_fast_mul.$0\rs1[32:0] [4] -> \u_core.pcpi_mul.u_fast_mul.rs1 [4].
  converting $_DFF_P_ cell $auto$simplemap.cc:420:simplemap_dff$11245 to $_DFFE_PP_ for $techmap\u_core.pcpi_mul.u_fast_mul.$0\rs1[32:0] [5] -> \u_core.pcpi_mul.u_fast_mul.rs1 [5].
  converting $_DFF_P_ cell $auto$simplemap.cc:420:simplemap_dff$11246 to $_DFFE_PP_ for $techmap\u_core.pcpi_mul.u_fast_mul.$0\rs1[32:0] [6] -> \u_core.pcpi_mul.u_fast_mul.rs1 [6].
  converting $_DFF_P_ cell $auto$simplemap.cc:420:simplemap_dff$11247 to $_DFFE_PP_ for $techmap\u_core.pcpi_mul.u_fast_mul.$0\rs1[32:0] [7] -> \u_core.pcpi_mul.u_fast_mul.rs1 [7].
  converting $_DFF_P_ cell $auto$simplemap.cc:420:simplemap_dff$11248 to $_DFFE_PP_ for $techmap\u_core.pcpi_mul.u_fast_mul.$0\rs1[32:0] [8] -> \u_core.pcpi_mul.u_fast_mul.rs1 [8].
  converting $_DFF_P_ cell $auto$simplemap.cc:420:simplemap_dff$11249 to $_DFFE_PP_ for $techmap\u_core.pcpi_mul.u_fast_mul.$0\rs1[32:0] [9] -> \u_core.pcpi_mul.u_fast_mul.rs1 [9].
  converting $_DFF_P_ cell $auto$simplemap.cc:420:simplemap_dff$11250 to $_DFFE_PP_ for $techmap\u_core.pcpi_mul.u_fast_mul.$0\rs1[32:0] [10] -> \u_core.pcpi_mul.u_fast_mul.rs1 [10].
  converting $_DFF_P_ cell $auto$simplemap.cc:420:simplemap_dff$11251 to $_DFFE_PP_ for $techmap\u_core.pcpi_mul.u_fast_mul.$0\rs1[32:0] [11] -> \u_core.pcpi_mul.u_fast_mul.rs1 [11].
  converting $_DFF_P_ cell $auto$simplemap.cc:420:simplemap_dff$11252 to $_DFFE_PP_ for $techmap\u_core.pcpi_mul.u_fast_mul.$0\rs1[32:0] [12] -> \u_core.pcpi_mul.u_fast_mul.rs1 [12].
  converting $_DFF_P_ cell $auto$simplemap.cc:420:simplemap_dff$11253 to $_DFFE_PP_ for $techmap\u_core.pcpi_mul.u_fast_mul.$0\rs1[32:0] [13] -> \u_core.pcpi_mul.u_fast_mul.rs1 [13].
  converting $_DFF_P_ cell $auto$simplemap.cc:420:simplemap_dff$11254 to $_DFFE_PP_ for $techmap\u_core.pcpi_mul.u_fast_mul.$0\rs1[32:0] [14] -> \u_core.pcpi_mul.u_fast_mul.rs1 [14].
  converting $_DFF_P_ cell $auto$simplemap.cc:420:simplemap_dff$11255 to $_DFFE_PP_ for $techmap\u_core.pcpi_mul.u_fast_mul.$0\rs1[32:0] [15] -> \u_core.pcpi_mul.u_fast_mul.rs1 [15].
  converting $_DFF_P_ cell $auto$simplemap.cc:420:simplemap_dff$11256 to $_DFFE_PP_ for $techmap\u_core.pcpi_mul.u_fast_mul.$0\rs1[32:0] [16] -> \u_core.pcpi_mul.u_fast_mul.rs1 [16].
  converting $_DFF_P_ cell $auto$simplemap.cc:420:simplemap_dff$11257 to $_DFFE_PP_ for $techmap\u_core.pcpi_mul.u_fast_mul.$0\rs1[32:0] [17] -> \u_core.pcpi_mul.u_fast_mul.rs1 [17].
  converting $_DFF_P_ cell $auto$simplemap.cc:420:simplemap_dff$11258 to $_DFFE_PP_ for $techmap\u_core.pcpi_mul.u_fast_mul.$0\rs1[32:0] [18] -> \u_core.pcpi_mul.u_fast_mul.rs1 [18].
  converting $_DFF_P_ cell $auto$simplemap.cc:420:simplemap_dff$11259 to $_DFFE_PP_ for $techmap\u_core.pcpi_mul.u_fast_mul.$0\rs1[32:0] [19] -> \u_core.pcpi_mul.u_fast_mul.rs1 [19].
  converting $_DFF_P_ cell $auto$simplemap.cc:420:simplemap_dff$11260 to $_DFFE_PP_ for $techmap\u_core.pcpi_mul.u_fast_mul.$0\rs1[32:0] [20] -> \u_core.pcpi_mul.u_fast_mul.rs1 [20].
  converting $_DFF_P_ cell $auto$simplemap.cc:420:simplemap_dff$11261 to $_DFFE_PP_ for $techmap\u_core.pcpi_mul.u_fast_mul.$0\rs1[32:0] [21] -> \u_core.pcpi_mul.u_fast_mul.rs1 [21].
  converting $_DFF_P_ cell $auto$simplemap.cc:420:simplemap_dff$11262 to $_DFFE_PP_ for $techmap\u_core.pcpi_mul.u_fast_mul.$0\rs1[32:0] [22] -> \u_core.pcpi_mul.u_fast_mul.rs1 [22].
  converting $_DFF_P_ cell $auto$simplemap.cc:420:simplemap_dff$11263 to $_DFFE_PP_ for $techmap\u_core.pcpi_mul.u_fast_mul.$0\rs1[32:0] [23] -> \u_core.pcpi_mul.u_fast_mul.rs1 [23].
  converting $_DFF_P_ cell $auto$simplemap.cc:420:simplemap_dff$11264 to $_DFFE_PP_ for $techmap\u_core.pcpi_mul.u_fast_mul.$0\rs1[32:0] [24] -> \u_core.pcpi_mul.u_fast_mul.rs1 [24].
  converting $_DFF_P_ cell $auto$simplemap.cc:420:simplemap_dff$11265 to $_DFFE_PP_ for $techmap\u_core.pcpi_mul.u_fast_mul.$0\rs1[32:0] [25] -> \u_core.pcpi_mul.u_fast_mul.rs1 [25].
  converting $_DFF_P_ cell $auto$simplemap.cc:420:simplemap_dff$11266 to $_DFFE_PP_ for $techmap\u_core.pcpi_mul.u_fast_mul.$0\rs1[32:0] [26] -> \u_core.pcpi_mul.u_fast_mul.rs1 [26].
  converting $_DFF_P_ cell $auto$simplemap.cc:420:simplemap_dff$11267 to $_DFFE_PP_ for $techmap\u_core.pcpi_mul.u_fast_mul.$0\rs1[32:0] [27] -> $auto$wreduce.cc:455:run$4703 [27].
  converting $_DFF_P_ cell $auto$simplemap.cc:420:simplemap_dff$11268 to $_DFFE_PP_ for $techmap\u_core.pcpi_mul.u_fast_mul.$0\rs1[32:0] [28] -> $auto$wreduce.cc:455:run$4703 [28].
  converting $_DFF_P_ cell $auto$simplemap.cc:420:simplemap_dff$11269 to $_DFFE_PP_ for $techmap\u_core.pcpi_mul.u_fast_mul.$0\rs1[32:0] [29] -> $auto$wreduce.cc:455:run$4703 [29].
  converting $_DFF_P_ cell $auto$simplemap.cc:420:simplemap_dff$11270 to $_DFFE_PP_ for $techmap\u_core.pcpi_mul.u_fast_mul.$0\rs1[32:0] [30] -> $auto$wreduce.cc:455:run$4703 [30].
  converting $_DFF_P_ cell $auto$simplemap.cc:420:simplemap_dff$11271 to $_DFFE_PP_ for $techmap\u_core.pcpi_mul.u_fast_mul.$0\rs1[32:0] [31] -> $auto$wreduce.cc:455:run$4703 [31].
  converting $_DFF_P_ cell $auto$simplemap.cc:420:simplemap_dff$11272 to $_DFFE_PP_ for $techmap\u_core.pcpi_mul.u_fast_mul.$0\rs1[32:0] [32] -> $auto$wreduce.cc:455:run$4703 [32].
  converting $_DFF_P_ cell $auto$simplemap.cc:420:simplemap_dff$6352 to $_DFFE_PP_ for $techmap\u_core.$0\mem_state[1:0] [0] -> \u_core.mem_state [0].
  converting $_DFF_P_ cell $auto$simplemap.cc:420:simplemap_dff$6353 to $_DFFE_PP_ for $techmap\u_core.$0\mem_state[1:0] [1] -> \u_core.mem_state [1].
  converting $_DFF_P_ cell $auto$simplemap.cc:420:simplemap_dff$6354 to $_DFFE_PP_ for $techmap\u_core.$0\mem_wstrb[3:0] [0] -> \u_core.mem_wstrb [0].
  converting $_DFF_P_ cell $auto$simplemap.cc:420:simplemap_dff$6355 to $_DFFE_PP_ for $techmap\u_core.$0\mem_wstrb[3:0] [1] -> \u_core.mem_wstrb [1].
  converting $_DFF_P_ cell $auto$simplemap.cc:420:simplemap_dff$6356 to $_DFFE_PP_ for $techmap\u_core.$0\mem_wstrb[3:0] [2] -> \u_core.mem_wstrb [2].
  converting $_DFF_P_ cell $auto$simplemap.cc:420:simplemap_dff$6357 to $_DFFE_PP_ for $techmap\u_core.$0\mem_wstrb[3:0] [3] -> \u_core.mem_wstrb [3].
  converting $_DFF_P_ cell $auto$simplemap.cc:420:simplemap_dff$6358 to $_DFFE_PP_ for $techmap\u_core.$0\mem_wdata[31:0] [0] -> \u_core.mem_wdata [0].
  converting $_DFF_P_ cell $auto$simplemap.cc:420:simplemap_dff$6359 to $_DFFE_PP_ for $techmap\u_core.$0\mem_wdata[31:0] [1] -> \u_core.mem_wdata [1].
  converting $_DFF_P_ cell $auto$simplemap.cc:420:simplemap_dff$6360 to $_DFFE_PP_ for $techmap\u_core.$0\mem_wdata[31:0] [2] -> \u_core.mem_wdata [2].
  converting $_DFF_P_ cell $auto$simplemap.cc:420:simplemap_dff$6361 to $_DFFE_PP_ for $techmap\u_core.$0\mem_wdata[31:0] [3] -> \u_core.mem_wdata [3].
  converting $_DFF_P_ cell $auto$simplemap.cc:420:simplemap_dff$6362 to $_DFFE_PP_ for $techmap\u_core.$0\mem_wdata[31:0] [4] -> \u_core.mem_wdata [4].
  converting $_DFF_P_ cell $auto$simplemap.cc:420:simplemap_dff$6363 to $_DFFE_PP_ for $techmap\u_core.$0\mem_wdata[31:0] [5] -> \u_core.mem_wdata [5].
  converting $_DFF_P_ cell $auto$simplemap.cc:420:simplemap_dff$6364 to $_DFFE_PP_ for $techmap\u_core.$0\mem_wdata[31:0] [6] -> \u_core.mem_wdata [6].
  converting $_DFF_P_ cell $auto$simplemap.cc:420:simplemap_dff$6365 to $_DFFE_PP_ for $techmap\u_core.$0\mem_wdata[31:0] [7] -> \u_core.mem_wdata [7].
  converting $_DFF_P_ cell $auto$simplemap.cc:420:simplemap_dff$6390 to $_DFFE_PP_ for $techmap\u_core.$0\mem_addr[31:0] [0] -> \u_core.mem_addr [0].
  converting $_DFF_P_ cell $auto$simplemap.cc:420:simplemap_dff$6391 to $_DFFE_PP_ for $techmap\u_core.$0\mem_addr[31:0] [1] -> \u_core.mem_addr [1].
  converting $_DFF_P_ cell $auto$simplemap.cc:420:simplemap_dff$6392 to $_DFFE_PP_ for $techmap\u_core.$0\mem_addr[31:0] [2] -> \u_core.mem_addr [2].
  converting $_DFF_P_ cell $auto$simplemap.cc:420:simplemap_dff$6393 to $_DFFE_PP_ for $techmap\u_core.$0\mem_addr[31:0] [3] -> \u_core.mem_addr [3].
  converting $_DFF_P_ cell $auto$simplemap.cc:420:simplemap_dff$6394 to $_DFFE_PP_ for $techmap\u_core.$0\mem_addr[31:0] [4] -> \u_core.mem_addr [4].
  converting $_DFF_P_ cell $auto$simplemap.cc:420:simplemap_dff$6395 to $_DFFE_PP_ for $techmap\u_core.$0\mem_addr[31:0] [5] -> \u_core.mem_addr [5].
  converting $_DFF_P_ cell $auto$simplemap.cc:420:simplemap_dff$6396 to $_DFFE_PP_ for $techmap\u_core.$0\mem_addr[31:0] [6] -> \u_core.mem_addr [6].
  converting $_DFF_P_ cell $auto$simplemap.cc:420:simplemap_dff$6397 to $_DFFE_PP_ for $techmap\u_core.$0\mem_addr[31:0] [7] -> \u_core.mem_addr [7].
  converting $_DFF_P_ cell $auto$simplemap.cc:420:simplemap_dff$6422 to $_DFFE_PP_ for $techmap\u_core.$0\mem_instr[0:0] -> \u_core.mem_instr.
  converting $_DFF_P_ cell $auto$simplemap.cc:420:simplemap_dff$6423 to $_DFFE_PP_ for $techmap\u_core.$0\mem_valid[0:0] -> \u_core.mem_valid.
  converting $_DFF_P_ cell $auto$simplemap.cc:420:simplemap_dff$6425 to $_DFFE_PP_ for $techmap\u_core.$0\is_alu_reg_reg[0:0] -> \u_core.is_alu_reg_reg.
  converting $_DFF_P_ cell $auto$simplemap.cc:420:simplemap_dff$6426 to $_DFFE_PP_ for $techmap\u_core.$0\is_alu_reg_imm[0:0] -> \u_core.is_alu_reg_imm.
  converting $_DFF_P_ cell $auto$simplemap.cc:420:simplemap_dff$6427 to $_DFFE_PP_ for $techmap\u_core.$0\is_beq_bne_blt_bge_bltu_bgeu[0:0] -> \u_core.is_beq_bne_blt_bge_bltu_bgeu.
  converting $_DFF_P_ cell $auto$simplemap.cc:420:simplemap_dff$6430 to $_DFFE_PP_ for $techmap\u_core.$0\is_sb_sh_sw[0:0] -> \u_core.is_sb_sh_sw.
  converting $_DFF_P_ cell $auto$simplemap.cc:420:simplemap_dff$6431 to $_DFFE_PP_ for $techmap\u_core.$0\is_jalr_addi_slti_sltiu_xori_ori_andi[0:0] -> \u_core.is_jalr_addi_slti_sltiu_xori_ori_andi.
  converting $_DFF_P_ cell $auto$simplemap.cc:420:simplemap_dff$6432 to $_DFFE_PP_ for $techmap\u_core.$0\is_slli_srli_srai[0:0] -> \u_core.is_slli_srli_srai.
  converting $_DFF_P_ cell $auto$simplemap.cc:420:simplemap_dff$6433 to $_DFFE_PP_ for $techmap\u_core.$0\is_lb_lh_lw_lbu_lhu[0:0] -> \u_core.is_lb_lh_lw_lbu_lhu.
  converting $_DFF_P_ cell $auto$simplemap.cc:420:simplemap_dff$6436 to $_DFFE_PP_ for $techmap\u_core.$0\decoded_imm_j[31:0] [0] -> \u_core.decoded_imm_j [0].
  converting $_DFF_P_ cell $auto$simplemap.cc:420:simplemap_dff$6437 to $_DFFE_PP_ for $techmap\u_core.$0\decoded_imm_j[31:0] [1] -> \u_core.decoded_imm_j [1].
  converting $_DFF_P_ cell $auto$simplemap.cc:420:simplemap_dff$6438 to $_DFFE_PP_ for $techmap\u_core.$0\decoded_imm_j[31:0] [2] -> \u_core.decoded_imm_j [2].
  converting $_DFF_P_ cell $auto$simplemap.cc:420:simplemap_dff$6439 to $_DFFE_PP_ for $techmap\u_core.$0\decoded_imm_j[31:0] [3] -> \u_core.decoded_imm_j [3].
  converting $_DFF_P_ cell $auto$simplemap.cc:420:simplemap_dff$6440 to $_DFFE_PP_ for $techmap\u_core.$0\decoded_imm_j[31:0] [4] -> \u_core.decoded_imm_j [4].
  converting $_DFF_P_ cell $auto$simplemap.cc:420:simplemap_dff$6441 to $_DFFE_PP_ for $techmap\u_core.$0\decoded_imm_j[31:0] [5] -> \u_core.decoded_imm_j [5].
  converting $_DFF_P_ cell $auto$simplemap.cc:420:simplemap_dff$6442 to $_DFFE_PP_ for $techmap\u_core.$0\decoded_imm_j[31:0] [6] -> \u_core.decoded_imm_j [6].
  converting $_DFF_P_ cell $auto$simplemap.cc:420:simplemap_dff$6443 to $_DFFE_PP_ for $techmap\u_core.$0\decoded_imm_j[31:0] [7] -> \u_core.decoded_imm_j [7].
  converting $_DFF_P_ cell $auto$simplemap.cc:420:simplemap_dff$6444 to $_DFFE_PP_ for $techmap\u_core.$0\decoded_imm_j[31:0] [8] -> \u_core.decoded_imm_j [8].
  converting $_DFF_P_ cell $auto$simplemap.cc:420:simplemap_dff$6445 to $_DFFE_PP_ for $techmap\u_core.$0\decoded_imm_j[31:0] [9] -> \u_core.decoded_imm_j [9].
  converting $_DFF_P_ cell $auto$simplemap.cc:420:simplemap_dff$6446 to $_DFFE_PP_ for $techmap\u_core.$0\decoded_imm_j[31:0] [10] -> \u_core.decoded_imm_j [10].
  converting $_DFF_P_ cell $auto$simplemap.cc:420:simplemap_dff$6447 to $_DFFE_PP_ for $techmap\u_core.$0\decoded_imm_j[31:0] [11] -> \u_core.decoded_imm_j [11].
  converting $_DFF_P_ cell $auto$simplemap.cc:420:simplemap_dff$6448 to $_DFFE_PP_ for $techmap\u_core.$0\decoded_imm_j[31:0] [12] -> \u_core.decoded_imm_j [12].
  converting $_DFF_P_ cell $auto$simplemap.cc:420:simplemap_dff$6449 to $_DFFE_PP_ for $techmap\u_core.$0\decoded_imm_j[31:0] [13] -> \u_core.decoded_imm_j [13].
  converting $_DFF_P_ cell $auto$simplemap.cc:420:simplemap_dff$6450 to $_DFFE_PP_ for $techmap\u_core.$0\decoded_imm_j[31:0] [14] -> \u_core.decoded_imm_j [14].
  converting $_DFF_P_ cell $auto$simplemap.cc:420:simplemap_dff$6451 to $_DFFE_PP_ for $techmap\u_core.$0\decoded_imm_j[31:0] [15] -> \u_core.decoded_imm_j [15].
  converting $_DFF_P_ cell $auto$simplemap.cc:420:simplemap_dff$6452 to $_DFFE_PP_ for $techmap\u_core.$0\decoded_imm_j[31:0] [16] -> \u_core.decoded_imm_j [16].
  converting $_DFF_P_ cell $auto$simplemap.cc:420:simplemap_dff$6453 to $_DFFE_PP_ for $techmap\u_core.$0\decoded_imm_j[31:0] [17] -> \u_core.decoded_imm_j [17].
  converting $_DFF_P_ cell $auto$simplemap.cc:420:simplemap_dff$6454 to $_DFFE_PP_ for $techmap\u_core.$0\decoded_imm_j[31:0] [18] -> \u_core.decoded_imm_j [18].
  converting $_DFF_P_ cell $auto$simplemap.cc:420:simplemap_dff$6455 to $_DFFE_PP_ for $techmap\u_core.$0\decoded_imm_j[31:0] [19] -> \u_core.decoded_imm_j [19].
  converting $_DFF_P_ cell $auto$simplemap.cc:420:simplemap_dff$6456 to $_DFFE_PP_ for $techmap\u_core.$0\decoded_imm_j[31:0] [20] -> \u_core.decoded_imm_j [20].
  converting $_DFF_P_ cell $auto$simplemap.cc:420:simplemap_dff$6457 to $_DFFE_PP_ for $techmap\u_core.$0\decoded_imm_j[31:0] [21] -> \u_core.decoded_imm_j [21].
  converting $_DFF_P_ cell $auto$simplemap.cc:420:simplemap_dff$6458 to $_DFFE_PP_ for $techmap\u_core.$0\decoded_imm_j[31:0] [22] -> \u_core.decoded_imm_j [22].
  converting $_DFF_P_ cell $auto$simplemap.cc:420:simplemap_dff$6459 to $_DFFE_PP_ for $techmap\u_core.$0\decoded_imm_j[31:0] [23] -> \u_core.decoded_imm_j [23].
  converting $_DFF_P_ cell $auto$simplemap.cc:420:simplemap_dff$6460 to $_DFFE_PP_ for $techmap\u_core.$0\decoded_imm_j[31:0] [24] -> \u_core.decoded_imm_j [24].
  converting $_DFF_P_ cell $auto$simplemap.cc:420:simplemap_dff$6461 to $_DFFE_PP_ for $techmap\u_core.$0\decoded_imm_j[31:0] [25] -> \u_core.decoded_imm_j [25].
  converting $_DFF_P_ cell $auto$simplemap.cc:420:simplemap_dff$6462 to $_DFFE_PP_ for $techmap\u_core.$0\decoded_imm_j[31:0] [26] -> \u_core.decoded_imm_j [26].
  converting $_DFF_P_ cell $auto$simplemap.cc:420:simplemap_dff$6463 to $_DFFE_PP_ for $techmap\u_core.$0\decoded_imm_j[31:0] [27] -> \u_core.decoded_imm_j [27].
  converting $_DFF_P_ cell $auto$simplemap.cc:420:simplemap_dff$6464 to $_DFFE_PP_ for $techmap\u_core.$0\decoded_imm_j[31:0] [28] -> \u_core.decoded_imm_j [28].
  converting $_DFF_P_ cell $auto$simplemap.cc:420:simplemap_dff$6465 to $_DFFE_PP_ for $techmap\u_core.$0\decoded_imm_j[31:0] [29] -> \u_core.decoded_imm_j [29].
  converting $_DFF_P_ cell $auto$simplemap.cc:420:simplemap_dff$6466 to $_DFFE_PP_ for $techmap\u_core.$0\decoded_imm_j[31:0] [30] -> \u_core.decoded_imm_j [30].
  converting $_DFF_P_ cell $auto$simplemap.cc:420:simplemap_dff$6467 to $_DFFE_PP_ for $techmap\u_core.$0\decoded_imm_j[31:0] [31] -> \u_core.decoded_imm_j [31].
  converting $_DFF_P_ cell $auto$simplemap.cc:420:simplemap_dff$6468 to $_DFFE_PP_ for $techmap\u_core.$0\decoded_imm[31:0] [0] -> \u_core.decoded_imm [0].
  converting $_DFF_P_ cell $auto$simplemap.cc:420:simplemap_dff$6469 to $_DFFE_PP_ for $techmap\u_core.$0\decoded_imm[31:0] [1] -> \u_core.decoded_imm [1].
  converting $_DFF_P_ cell $auto$simplemap.cc:420:simplemap_dff$6470 to $_DFFE_PP_ for $techmap\u_core.$0\decoded_imm[31:0] [2] -> \u_core.decoded_imm [2].
  converting $_DFF_P_ cell $auto$simplemap.cc:420:simplemap_dff$6471 to $_DFFE_PP_ for $techmap\u_core.$0\decoded_imm[31:0] [3] -> \u_core.decoded_imm [3].
  converting $_DFF_P_ cell $auto$simplemap.cc:420:simplemap_dff$6472 to $_DFFE_PP_ for $techmap\u_core.$0\decoded_imm[31:0] [4] -> \u_core.decoded_imm [4].
  converting $_DFF_P_ cell $auto$simplemap.cc:420:simplemap_dff$6473 to $_DFFE_PP_ for $techmap\u_core.$0\decoded_imm[31:0] [5] -> \u_core.decoded_imm [5].
  converting $_DFF_P_ cell $auto$simplemap.cc:420:simplemap_dff$6474 to $_DFFE_PP_ for $techmap\u_core.$0\decoded_imm[31:0] [6] -> \u_core.decoded_imm [6].
  converting $_DFF_P_ cell $auto$simplemap.cc:420:simplemap_dff$6475 to $_DFFE_PP_ for $techmap\u_core.$0\decoded_imm[31:0] [7] -> \u_core.decoded_imm [7].
  converting $_DFF_P_ cell $auto$simplemap.cc:420:simplemap_dff$6476 to $_DFFE_PP_ for $techmap\u_core.$0\decoded_imm[31:0] [8] -> \u_core.decoded_imm [8].
  converting $_DFF_P_ cell $auto$simplemap.cc:420:simplemap_dff$6477 to $_DFFE_PP_ for $techmap\u_core.$0\decoded_imm[31:0] [9] -> \u_core.decoded_imm [9].
  converting $_DFF_P_ cell $auto$simplemap.cc:420:simplemap_dff$6478 to $_DFFE_PP_ for $techmap\u_core.$0\decoded_imm[31:0] [10] -> \u_core.decoded_imm [10].
  converting $_DFF_P_ cell $auto$simplemap.cc:420:simplemap_dff$6479 to $_DFFE_PP_ for $techmap\u_core.$0\decoded_imm[31:0] [11] -> \u_core.decoded_imm [11].
  converting $_DFF_P_ cell $auto$simplemap.cc:420:simplemap_dff$6480 to $_DFFE_PP_ for $techmap\u_core.$0\decoded_imm[31:0] [12] -> \u_core.decoded_imm [12].
  converting $_DFF_P_ cell $auto$simplemap.cc:420:simplemap_dff$6481 to $_DFFE_PP_ for $techmap\u_core.$0\decoded_imm[31:0] [13] -> \u_core.decoded_imm [13].
  converting $_DFF_P_ cell $auto$simplemap.cc:420:simplemap_dff$6482 to $_DFFE_PP_ for $techmap\u_core.$0\decoded_imm[31:0] [14] -> \u_core.decoded_imm [14].
  converting $_DFF_P_ cell $auto$simplemap.cc:420:simplemap_dff$6483 to $_DFFE_PP_ for $techmap\u_core.$0\decoded_imm[31:0] [15] -> \u_core.decoded_imm [15].
  converting $_DFF_P_ cell $auto$simplemap.cc:420:simplemap_dff$6484 to $_DFFE_PP_ for $techmap\u_core.$0\decoded_imm[31:0] [16] -> \u_core.decoded_imm [16].
  converting $_DFF_P_ cell $auto$simplemap.cc:420:simplemap_dff$6485 to $_DFFE_PP_ for $techmap\u_core.$0\decoded_imm[31:0] [17] -> \u_core.decoded_imm [17].
  converting $_DFF_P_ cell $auto$simplemap.cc:420:simplemap_dff$6486 to $_DFFE_PP_ for $techmap\u_core.$0\decoded_imm[31:0] [18] -> \u_core.decoded_imm [18].
  converting $_DFF_P_ cell $auto$simplemap.cc:420:simplemap_dff$6487 to $_DFFE_PP_ for $techmap\u_core.$0\decoded_imm[31:0] [19] -> \u_core.decoded_imm [19].
  converting $_DFF_P_ cell $auto$simplemap.cc:420:simplemap_dff$6488 to $_DFFE_PP_ for $techmap\u_core.$0\decoded_imm[31:0] [20] -> \u_core.decoded_imm [20].
  converting $_DFF_P_ cell $auto$simplemap.cc:420:simplemap_dff$6489 to $_DFFE_PP_ for $techmap\u_core.$0\decoded_imm[31:0] [21] -> \u_core.decoded_imm [21].
  converting $_DFF_P_ cell $auto$simplemap.cc:420:simplemap_dff$6490 to $_DFFE_PP_ for $techmap\u_core.$0\decoded_imm[31:0] [22] -> \u_core.decoded_imm [22].
  converting $_DFF_P_ cell $auto$simplemap.cc:420:simplemap_dff$6491 to $_DFFE_PP_ for $techmap\u_core.$0\decoded_imm[31:0] [23] -> \u_core.decoded_imm [23].
  converting $_DFF_P_ cell $auto$simplemap.cc:420:simplemap_dff$6492 to $_DFFE_PP_ for $techmap\u_core.$0\decoded_imm[31:0] [24] -> \u_core.decoded_imm [24].
  converting $_DFF_P_ cell $auto$simplemap.cc:420:simplemap_dff$6493 to $_DFFE_PP_ for $techmap\u_core.$0\decoded_imm[31:0] [25] -> \u_core.decoded_imm [25].
  converting $_DFF_P_ cell $auto$simplemap.cc:420:simplemap_dff$6494 to $_DFFE_PP_ for $techmap\u_core.$0\decoded_imm[31:0] [26] -> \u_core.decoded_imm [26].
  converting $_DFF_P_ cell $auto$simplemap.cc:420:simplemap_dff$6495 to $_DFFE_PP_ for $techmap\u_core.$0\decoded_imm[31:0] [27] -> \u_core.decoded_imm [27].
  converting $_DFF_P_ cell $auto$simplemap.cc:420:simplemap_dff$6496 to $_DFFE_PP_ for $techmap\u_core.$0\decoded_imm[31:0] [28] -> \u_core.decoded_imm [28].
  converting $_DFF_P_ cell $auto$simplemap.cc:420:simplemap_dff$6497 to $_DFFE_PP_ for $techmap\u_core.$0\decoded_imm[31:0] [29] -> \u_core.decoded_imm [29].
  converting $_DFF_P_ cell $auto$simplemap.cc:420:simplemap_dff$6498 to $_DFFE_PP_ for $techmap\u_core.$0\decoded_imm[31:0] [30] -> \u_core.decoded_imm [30].
  converting $_DFF_P_ cell $auto$simplemap.cc:420:simplemap_dff$6499 to $_DFFE_PP_ for $techmap\u_core.$0\decoded_imm[31:0] [31] -> \u_core.decoded_imm [31].
  converting $_DFF_P_ cell $auto$simplemap.cc:420:simplemap_dff$6510 to $_DFFE_PP_ for $techmap\u_core.$0\decoded_rd[4:0] [0] -> \u_core.decoded_rd [0].
  converting $_DFF_P_ cell $auto$simplemap.cc:420:simplemap_dff$6511 to $_DFFE_PP_ for $techmap\u_core.$0\decoded_rd[4:0] [1] -> \u_core.decoded_rd [1].
  converting $_DFF_P_ cell $auto$simplemap.cc:420:simplemap_dff$6512 to $_DFFE_PP_ for $techmap\u_core.$0\decoded_rd[4:0] [2] -> \u_core.decoded_rd [2].
  converting $_DFF_P_ cell $auto$simplemap.cc:420:simplemap_dff$6513 to $_DFFE_PP_ for $techmap\u_core.$0\decoded_rd[4:0] [3] -> \u_core.decoded_rd [3].
  converting $_DFF_P_ cell $auto$simplemap.cc:420:simplemap_dff$6514 to $_DFFE_PP_ for $techmap\u_core.$0\decoded_rd[4:0] [4] -> \u_core.decoded_rd [4].
  converting $_DFF_P_ cell $auto$simplemap.cc:420:simplemap_dff$6519 to $_DFFE_PP_ for $techmap\u_core.$0\instr_fence[0:0] -> \u_core.instr_fence.
  converting $_DFF_P_ cell $auto$simplemap.cc:420:simplemap_dff$6520 to $_DFFE_PP_ for $techmap\u_core.$0\instr_ecall_ebreak[0:0] -> \u_core.instr_ecall_ebreak.
  converting $_DFF_P_ cell $auto$simplemap.cc:420:simplemap_dff$6521 to $_DFFE_PP_ for $techmap\u_core.$0\instr_rdinstrh[0:0] -> \u_core.instr_rdinstrh.
  converting $_DFF_P_ cell $auto$simplemap.cc:420:simplemap_dff$6522 to $_DFFE_PP_ for $techmap\u_core.$0\instr_rdinstr[0:0] -> \u_core.instr_rdinstr.
  converting $_DFF_P_ cell $auto$simplemap.cc:420:simplemap_dff$6523 to $_DFFE_PP_ for $techmap\u_core.$0\instr_rdcycleh[0:0] -> \u_core.instr_rdcycleh.
  converting $_DFF_P_ cell $auto$simplemap.cc:420:simplemap_dff$6524 to $_DFFE_PP_ for $techmap\u_core.$0\instr_rdcycle[0:0] -> \u_core.instr_rdcycle.
  converting $_DFF_P_ cell $auto$simplemap.cc:420:simplemap_dff$6525 to $_DFFE_PP_ for $techmap\u_core.$0\instr_and[0:0] -> \u_core.instr_and.
  converting $_DFF_P_ cell $auto$simplemap.cc:420:simplemap_dff$6526 to $_DFFE_PP_ for $techmap\u_core.$0\instr_or[0:0] -> \u_core.instr_or.
  converting $_DFF_P_ cell $auto$simplemap.cc:420:simplemap_dff$6527 to $_DFFE_PP_ for $techmap\u_core.$0\instr_sra[0:0] -> \u_core.instr_sra.
  converting $_DFF_P_ cell $auto$simplemap.cc:420:simplemap_dff$6528 to $_DFFE_PP_ for $techmap\u_core.$0\instr_srl[0:0] -> \u_core.instr_srl.
  converting $_DFF_P_ cell $auto$simplemap.cc:420:simplemap_dff$6529 to $_DFFE_PP_ for $techmap\u_core.$0\instr_xor[0:0] -> \u_core.instr_xor.
  converting $_DFF_P_ cell $auto$simplemap.cc:420:simplemap_dff$6530 to $_DFFE_PP_ for $techmap\u_core.$0\instr_sltu[0:0] -> \u_core.instr_sltu.
  converting $_DFF_P_ cell $auto$simplemap.cc:420:simplemap_dff$6531 to $_DFFE_PP_ for $techmap\u_core.$0\instr_slt[0:0] -> \u_core.instr_slt.
  converting $_DFF_P_ cell $auto$simplemap.cc:420:simplemap_dff$6532 to $_DFFE_PP_ for $techmap\u_core.$0\instr_sll[0:0] -> \u_core.instr_sll.
  converting $_DFF_P_ cell $auto$simplemap.cc:420:simplemap_dff$6533 to $_DFFE_PP_ for $techmap\u_core.$0\instr_sub[0:0] -> \u_core.instr_sub.
  converting $_DFF_P_ cell $auto$simplemap.cc:420:simplemap_dff$6534 to $_DFFE_PP_ for $techmap\u_core.$0\instr_add[0:0] -> \u_core.instr_add.
  converting $_DFF_P_ cell $auto$simplemap.cc:420:simplemap_dff$6535 to $_DFFE_PP_ for $techmap\u_core.$0\instr_srai[0:0] -> \u_core.instr_srai.
  converting $_DFF_P_ cell $auto$simplemap.cc:420:simplemap_dff$6536 to $_DFFE_PP_ for $techmap\u_core.$0\instr_srli[0:0] -> \u_core.instr_srli.
  converting $_DFF_P_ cell $auto$simplemap.cc:420:simplemap_dff$6537 to $_DFFE_PP_ for $techmap\u_core.$0\instr_slli[0:0] -> \u_core.instr_slli.
  converting $_DFF_P_ cell $auto$simplemap.cc:420:simplemap_dff$6538 to $_DFFE_PP_ for $techmap\u_core.$0\instr_andi[0:0] -> \u_core.instr_andi.
  converting $_DFF_P_ cell $auto$simplemap.cc:420:simplemap_dff$6539 to $_DFFE_PP_ for $techmap\u_core.$0\instr_ori[0:0] -> \u_core.instr_ori.
  converting $_DFF_P_ cell $auto$simplemap.cc:420:simplemap_dff$6540 to $_DFFE_PP_ for $techmap\u_core.$0\instr_xori[0:0] -> \u_core.instr_xori.
  converting $_DFF_P_ cell $auto$simplemap.cc:420:simplemap_dff$6541 to $_DFFE_PP_ for $techmap\u_core.$0\instr_sltiu[0:0] -> \u_core.instr_sltiu.
  converting $_DFF_P_ cell $auto$simplemap.cc:420:simplemap_dff$6542 to $_DFFE_PP_ for $techmap\u_core.$0\instr_slti[0:0] -> \u_core.instr_slti.
  converting $_DFF_P_ cell $auto$simplemap.cc:420:simplemap_dff$6543 to $_DFFE_PP_ for $techmap\u_core.$0\instr_addi[0:0] -> \u_core.instr_addi.
  converting $_DFF_P_ cell $auto$simplemap.cc:420:simplemap_dff$6544 to $_DFFE_PP_ for $techmap\u_core.$0\instr_sw[0:0] -> \u_core.instr_sw.
  converting $_DFF_P_ cell $auto$simplemap.cc:420:simplemap_dff$6545 to $_DFFE_PP_ for $techmap\u_core.$0\instr_sh[0:0] -> \u_core.instr_sh.
  converting $_DFF_P_ cell $auto$simplemap.cc:420:simplemap_dff$6546 to $_DFFE_PP_ for $techmap\u_core.$0\instr_sb[0:0] -> \u_core.instr_sb.
  converting $_DFF_P_ cell $auto$simplemap.cc:420:simplemap_dff$6547 to $_DFFE_PP_ for $techmap\u_core.$0\instr_lhu[0:0] -> \u_core.instr_lhu.
  converting $_DFF_P_ cell $auto$simplemap.cc:420:simplemap_dff$6548 to $_DFFE_PP_ for $techmap\u_core.$0\instr_lbu[0:0] -> \u_core.instr_lbu.
  converting $_DFF_P_ cell $auto$simplemap.cc:420:simplemap_dff$6549 to $_DFFE_PP_ for $techmap\u_core.$0\instr_lw[0:0] -> \u_core.instr_lw.
  converting $_DFF_P_ cell $auto$simplemap.cc:420:simplemap_dff$6550 to $_DFFE_PP_ for $techmap\u_core.$0\instr_lh[0:0] -> \u_core.instr_lh.
  converting $_DFF_P_ cell $auto$simplemap.cc:420:simplemap_dff$6551 to $_DFFE_PP_ for $techmap\u_core.$0\instr_lb[0:0] -> \u_core.instr_lb.
  converting $_DFF_P_ cell $auto$simplemap.cc:420:simplemap_dff$6552 to $_DFFE_PP_ for $techmap\u_core.$0\instr_bgeu[0:0] -> \u_core.instr_bgeu.
  converting $_DFF_P_ cell $auto$simplemap.cc:420:simplemap_dff$6553 to $_DFFE_PP_ for $techmap\u_core.$0\instr_bltu[0:0] -> \u_core.instr_bltu.
  converting $_DFF_P_ cell $auto$simplemap.cc:420:simplemap_dff$6554 to $_DFFE_PP_ for $techmap\u_core.$0\instr_bge[0:0] -> \u_core.instr_bge.
  converting $_DFF_P_ cell $auto$simplemap.cc:420:simplemap_dff$6555 to $_DFFE_PP_ for $techmap\u_core.$0\instr_blt[0:0] -> \u_core.instr_blt.
  converting $_DFF_P_ cell $auto$simplemap.cc:420:simplemap_dff$6556 to $_DFFE_PP_ for $techmap\u_core.$0\instr_bne[0:0] -> \u_core.instr_bne.
  converting $_DFF_P_ cell $auto$simplemap.cc:420:simplemap_dff$6557 to $_DFFE_PP_ for $techmap\u_core.$0\instr_beq[0:0] -> \u_core.instr_beq.
  converting $_DFF_P_ cell $auto$simplemap.cc:420:simplemap_dff$6558 to $_DFFE_PP_ for $techmap\u_core.$0\instr_jalr[0:0] -> \u_core.instr_jalr.
  converting $_DFF_P_ cell $auto$simplemap.cc:420:simplemap_dff$6559 to $_DFFE_PP_ for $techmap\u_core.$0\instr_jal[0:0] -> \u_core.instr_jal.
  converting $_DFF_P_ cell $auto$simplemap.cc:420:simplemap_dff$6560 to $_DFFE_PP_ for $techmap\u_core.$0\instr_auipc[0:0] -> \u_core.instr_auipc.
  converting $_DFF_P_ cell $auto$simplemap.cc:420:simplemap_dff$6561 to $_DFFE_PP_ for $techmap\u_core.$0\instr_lui[0:0] -> \u_core.instr_lui.
  converting $_DFF_P_ cell $auto$simplemap.cc:420:simplemap_dff$6562 to $_DFFE_PP_ for $techmap\u_core.$0\pcpi_insn[31:0] [0] -> \u_core.pcpi_insn [0].
  converting $_DFF_P_ cell $auto$simplemap.cc:420:simplemap_dff$6563 to $_DFFE_PP_ for $techmap\u_core.$0\pcpi_insn[31:0] [1] -> \u_core.pcpi_insn [1].
  converting $_DFF_P_ cell $auto$simplemap.cc:420:simplemap_dff$6564 to $_DFFE_PP_ for $techmap\u_core.$0\pcpi_insn[31:0] [2] -> \u_core.pcpi_insn [2].
  converting $_DFF_P_ cell $auto$simplemap.cc:420:simplemap_dff$6565 to $_DFFE_PP_ for $techmap\u_core.$0\pcpi_insn[31:0] [3] -> \u_core.pcpi_insn [3].
  converting $_DFF_P_ cell $auto$simplemap.cc:420:simplemap_dff$6566 to $_DFFE_PP_ for $techmap\u_core.$0\pcpi_insn[31:0] [4] -> \u_core.pcpi_insn [4].
  converting $_DFF_P_ cell $auto$simplemap.cc:420:simplemap_dff$6567 to $_DFFE_PP_ for $techmap\u_core.$0\pcpi_insn[31:0] [5] -> \u_core.pcpi_insn [5].
  converting $_DFF_P_ cell $auto$simplemap.cc:420:simplemap_dff$6568 to $_DFFE_PP_ for $techmap\u_core.$0\pcpi_insn[31:0] [6] -> \u_core.pcpi_insn [6].
  converting $_DFF_P_ cell $auto$simplemap.cc:420:simplemap_dff$6574 to $_DFFE_PP_ for $techmap\u_core.$0\pcpi_insn[31:0] [12] -> \u_core.pcpi_insn [12].
  converting $_DFF_P_ cell $auto$simplemap.cc:420:simplemap_dff$6575 to $_DFFE_PP_ for $techmap\u_core.$0\pcpi_insn[31:0] [13] -> \u_core.pcpi_insn [13].
  converting $_DFF_P_ cell $auto$simplemap.cc:420:simplemap_dff$6576 to $_DFFE_PP_ for $techmap\u_core.$0\pcpi_insn[31:0] [14] -> \u_core.pcpi_insn [14].
  converting $_DFF_P_ cell $auto$simplemap.cc:420:simplemap_dff$6587 to $_DFFE_PP_ for $techmap\u_core.$0\pcpi_insn[31:0] [25] -> \u_core.pcpi_insn [25].
  converting $_DFF_P_ cell $auto$simplemap.cc:420:simplemap_dff$6588 to $_DFFE_PP_ for $techmap\u_core.$0\pcpi_insn[31:0] [26] -> \u_core.pcpi_insn [26].
  converting $_DFF_P_ cell $auto$simplemap.cc:420:simplemap_dff$6589 to $_DFFE_PP_ for $techmap\u_core.$0\pcpi_insn[31:0] [27] -> \u_core.pcpi_insn [27].
  converting $_DFF_P_ cell $auto$simplemap.cc:420:simplemap_dff$6590 to $_DFFE_PP_ for $techmap\u_core.$0\pcpi_insn[31:0] [28] -> \u_core.pcpi_insn [28].
  converting $_DFF_P_ cell $auto$simplemap.cc:420:simplemap_dff$6591 to $_DFFE_PP_ for $techmap\u_core.$0\pcpi_insn[31:0] [29] -> \u_core.pcpi_insn [29].
  converting $_DFF_P_ cell $auto$simplemap.cc:420:simplemap_dff$6592 to $_DFFE_PP_ for $techmap\u_core.$0\pcpi_insn[31:0] [30] -> \u_core.pcpi_insn [30].
  converting $_DFF_P_ cell $auto$simplemap.cc:420:simplemap_dff$6593 to $_DFFE_PP_ for $techmap\u_core.$0\pcpi_insn[31:0] [31] -> \u_core.pcpi_insn [31].
  converting $_DFF_P_ cell $auto$simplemap.cc:420:simplemap_dff$6628 to $_DFFE_PP_ for $techmap\u_core.$0\pcpi_timeout_counter[3:0] [0] -> \u_core.pcpi_timeout_counter [0].
  converting $_DFF_P_ cell $auto$simplemap.cc:420:simplemap_dff$6629 to $_DFFE_PP_ for $techmap\u_core.$0\pcpi_timeout_counter[3:0] [1] -> \u_core.pcpi_timeout_counter [1].
  converting $_DFF_P_ cell $auto$simplemap.cc:420:simplemap_dff$6630 to $_DFFE_PP_ for $techmap\u_core.$0\pcpi_timeout_counter[3:0] [2] -> \u_core.pcpi_timeout_counter [2].
  converting $_DFF_P_ cell $auto$simplemap.cc:420:simplemap_dff$6631 to $_DFFE_PP_ for $techmap\u_core.$0\pcpi_timeout_counter[3:0] [3] -> \u_core.pcpi_timeout_counter [3].
  converting $_DFF_P_ cell $auto$simplemap.cc:420:simplemap_dff$6632 to $_DFFE_PP_ for $techmap\u_core.$0\latched_rd[4:0] [0] -> \u_core.latched_rd [0].
  converting $_DFF_P_ cell $auto$simplemap.cc:420:simplemap_dff$6633 to $_DFFE_PP_ for $techmap\u_core.$0\latched_rd[4:0] [1] -> \u_core.latched_rd [1].
  converting $_DFF_P_ cell $auto$simplemap.cc:420:simplemap_dff$6634 to $_DFFE_PP_ for $techmap\u_core.$0\latched_rd[4:0] [2] -> \u_core.latched_rd [2].
  converting $_DFF_P_ cell $auto$simplemap.cc:420:simplemap_dff$6635 to $_DFFE_PP_ for $techmap\u_core.$0\latched_rd[4:0] [3] -> \u_core.latched_rd [3].
  converting $_DFF_P_ cell $auto$simplemap.cc:420:simplemap_dff$6636 to $_DFFE_PP_ for $techmap\u_core.$0\latched_rd[4:0] [4] -> \u_core.latched_rd [4].
  converting $_DFF_P_ cell $auto$simplemap.cc:420:simplemap_dff$6637 to $_DFFE_PP_ for $techmap\u_core.$0\latched_compr[0:0] -> \u_core.latched_compr.
  converting $_DFF_P_ cell $auto$simplemap.cc:420:simplemap_dff$6638 to $_DFFE_PP_ for $techmap\u_core.$0\latched_branch[0:0] -> \u_core.latched_branch.
  converting $_DFF_P_ cell $auto$simplemap.cc:420:simplemap_dff$6639 to $_DFFE_PP_ for $techmap\u_core.$0\latched_stalu[0:0] -> \u_core.latched_stalu.
  converting $_DFF_P_ cell $auto$simplemap.cc:420:simplemap_dff$6640 to $_DFFE_PP_ for $techmap\u_core.$0\latched_store[0:0] -> \u_core.latched_store.
  converting $_DFF_P_ cell $auto$simplemap.cc:420:simplemap_dff$6643 to $_DFFE_PP_ for $techmap\u_core.$0\mem_do_wdata[0:0] -> \u_core.mem_do_wdata.
  converting $_DFF_P_ cell $auto$simplemap.cc:420:simplemap_dff$6644 to $_DFFE_PP_ for $techmap\u_core.$0\mem_do_rdata[0:0] -> \u_core.mem_do_rdata.
  converting $_DFF_P_ cell $auto$simplemap.cc:420:simplemap_dff$6645 to $_DFFE_PP_ for $techmap\u_core.$0\mem_do_rinst[0:0] -> \u_core.mem_do_rinst.
  converting $_DFF_P_ cell $auto$simplemap.cc:420:simplemap_dff$6646 to $_DFFE_PP_ for $techmap\u_core.$0\mem_do_prefetch[0:0] -> \u_core.mem_do_prefetch.
  converting $_DFF_P_ cell $auto$simplemap.cc:420:simplemap_dff$6647 to $_DFFE_PP_ for $techmap\u_core.$0\mem_wordsize[1:0] [0] -> \u_core.mem_wordsize [0].
  converting $_DFF_P_ cell $auto$simplemap.cc:420:simplemap_dff$6648 to $_DFFE_PP_ for $techmap\u_core.$0\mem_wordsize[1:0] [1] -> \u_core.mem_wordsize [1].
  converting $_DFF_P_ cell $auto$simplemap.cc:420:simplemap_dff$6681 to $_DFFE_PP_ for $techmap\u_core.$0\reg_op2[31:0] [0] -> \u_core.reg_op2 [0].
  converting $_DFF_P_ cell $auto$simplemap.cc:420:simplemap_dff$6682 to $_DFFE_PP_ for $techmap\u_core.$0\reg_op2[31:0] [1] -> \u_core.reg_op2 [1].
  converting $_DFF_P_ cell $auto$simplemap.cc:420:simplemap_dff$6683 to $_DFFE_PP_ for $techmap\u_core.$0\reg_op2[31:0] [2] -> \u_core.reg_op2 [2].
  converting $_DFF_P_ cell $auto$simplemap.cc:420:simplemap_dff$6684 to $_DFFE_PP_ for $techmap\u_core.$0\reg_op2[31:0] [3] -> \u_core.reg_op2 [3].
  converting $_DFF_P_ cell $auto$simplemap.cc:420:simplemap_dff$6685 to $_DFFE_PP_ for $techmap\u_core.$0\reg_op2[31:0] [4] -> \u_core.reg_op2 [4].
  converting $_DFF_P_ cell $auto$simplemap.cc:420:simplemap_dff$6686 to $_DFFE_PP_ for $techmap\u_core.$0\reg_op2[31:0] [5] -> \u_core.reg_op2 [5].
  converting $_DFF_P_ cell $auto$simplemap.cc:420:simplemap_dff$6687 to $_DFFE_PP_ for $techmap\u_core.$0\reg_op2[31:0] [6] -> \u_core.reg_op2 [6].
  converting $_DFF_P_ cell $auto$simplemap.cc:420:simplemap_dff$6688 to $_DFFE_PP_ for $techmap\u_core.$0\reg_op2[31:0] [7] -> \u_core.reg_op2 [7].
  converting $_DFF_P_ cell $auto$simplemap.cc:420:simplemap_dff$6689 to $_DFFE_PP_ for $techmap\u_core.$0\reg_op2[31:0] [8] -> \u_core.reg_op2 [8].
  converting $_DFF_P_ cell $auto$simplemap.cc:420:simplemap_dff$6690 to $_DFFE_PP_ for $techmap\u_core.$0\reg_op2[31:0] [9] -> \u_core.reg_op2 [9].
  converting $_DFF_P_ cell $auto$simplemap.cc:420:simplemap_dff$6691 to $_DFFE_PP_ for $techmap\u_core.$0\reg_op2[31:0] [10] -> \u_core.reg_op2 [10].
  converting $_DFF_P_ cell $auto$simplemap.cc:420:simplemap_dff$6692 to $_DFFE_PP_ for $techmap\u_core.$0\reg_op2[31:0] [11] -> \u_core.reg_op2 [11].
  converting $_DFF_P_ cell $auto$simplemap.cc:420:simplemap_dff$6693 to $_DFFE_PP_ for $techmap\u_core.$0\reg_op2[31:0] [12] -> \u_core.reg_op2 [12].
  converting $_DFF_P_ cell $auto$simplemap.cc:420:simplemap_dff$6694 to $_DFFE_PP_ for $techmap\u_core.$0\reg_op2[31:0] [13] -> \u_core.reg_op2 [13].
  converting $_DFF_P_ cell $auto$simplemap.cc:420:simplemap_dff$6695 to $_DFFE_PP_ for $techmap\u_core.$0\reg_op2[31:0] [14] -> \u_core.reg_op2 [14].
  converting $_DFF_P_ cell $auto$simplemap.cc:420:simplemap_dff$6696 to $_DFFE_PP_ for $techmap\u_core.$0\reg_op2[31:0] [15] -> \u_core.reg_op2 [15].
  converting $_DFF_P_ cell $auto$simplemap.cc:420:simplemap_dff$6697 to $_DFFE_PP_ for $techmap\u_core.$0\reg_op2[31:0] [16] -> \u_core.reg_op2 [16].
  converting $_DFF_P_ cell $auto$simplemap.cc:420:simplemap_dff$6698 to $_DFFE_PP_ for $techmap\u_core.$0\reg_op2[31:0] [17] -> \u_core.reg_op2 [17].
  converting $_DFF_P_ cell $auto$simplemap.cc:420:simplemap_dff$6699 to $_DFFE_PP_ for $techmap\u_core.$0\reg_op2[31:0] [18] -> \u_core.reg_op2 [18].
  converting $_DFF_P_ cell $auto$simplemap.cc:420:simplemap_dff$6700 to $_DFFE_PP_ for $techmap\u_core.$0\reg_op2[31:0] [19] -> \u_core.reg_op2 [19].
  converting $_DFF_P_ cell $auto$simplemap.cc:420:simplemap_dff$6701 to $_DFFE_PP_ for $techmap\u_core.$0\reg_op2[31:0] [20] -> \u_core.reg_op2 [20].
  converting $_DFF_P_ cell $auto$simplemap.cc:420:simplemap_dff$6702 to $_DFFE_PP_ for $techmap\u_core.$0\reg_op2[31:0] [21] -> \u_core.reg_op2 [21].
  converting $_DFF_P_ cell $auto$simplemap.cc:420:simplemap_dff$6703 to $_DFFE_PP_ for $techmap\u_core.$0\reg_op2[31:0] [22] -> \u_core.reg_op2 [22].
  converting $_DFF_P_ cell $auto$simplemap.cc:420:simplemap_dff$6704 to $_DFFE_PP_ for $techmap\u_core.$0\reg_op2[31:0] [23] -> \u_core.reg_op2 [23].
  converting $_DFF_P_ cell $auto$simplemap.cc:420:simplemap_dff$6705 to $_DFFE_PP_ for $techmap\u_core.$0\reg_op2[31:0] [24] -> \u_core.reg_op2 [24].
  converting $_DFF_P_ cell $auto$simplemap.cc:420:simplemap_dff$6706 to $_DFFE_PP_ for $techmap\u_core.$0\reg_op2[31:0] [25] -> \u_core.reg_op2 [25].
  converting $_DFF_P_ cell $auto$simplemap.cc:420:simplemap_dff$6707 to $_DFFE_PP_ for $techmap\u_core.$0\reg_op2[31:0] [26] -> \u_core.reg_op2 [26].
  converting $_DFF_P_ cell $auto$simplemap.cc:420:simplemap_dff$6708 to $_DFFE_PP_ for $techmap\u_core.$0\reg_op2[31:0] [27] -> \u_core.reg_op2 [27].
  converting $_DFF_P_ cell $auto$simplemap.cc:420:simplemap_dff$6709 to $_DFFE_PP_ for $techmap\u_core.$0\reg_op2[31:0] [28] -> \u_core.reg_op2 [28].
  converting $_DFF_P_ cell $auto$simplemap.cc:420:simplemap_dff$6710 to $_DFFE_PP_ for $techmap\u_core.$0\reg_op2[31:0] [29] -> \u_core.reg_op2 [29].
  converting $_DFF_P_ cell $auto$simplemap.cc:420:simplemap_dff$6711 to $_DFFE_PP_ for $techmap\u_core.$0\reg_op2[31:0] [30] -> \u_core.reg_op2 [30].
  converting $_DFF_P_ cell $auto$simplemap.cc:420:simplemap_dff$6712 to $_DFFE_PP_ for $techmap\u_core.$0\reg_op2[31:0] [31] -> \u_core.reg_op2 [31].
  converting $_DFF_P_ cell $auto$simplemap.cc:420:simplemap_dff$6713 to $_DFFE_PP_ for $techmap\u_core.$0\reg_op1[31:0] [0] -> \u_core.reg_op1 [0].
  converting $_DFF_P_ cell $auto$simplemap.cc:420:simplemap_dff$6714 to $_DFFE_PP_ for $techmap\u_core.$0\reg_op1[31:0] [1] -> \u_core.reg_op1 [1].
  converting $_DFF_P_ cell $auto$simplemap.cc:420:simplemap_dff$6715 to $_DFFE_PP_ for $techmap\u_core.$0\reg_op1[31:0] [2] -> \u_core.reg_op1 [2].
  converting $_DFF_P_ cell $auto$simplemap.cc:420:simplemap_dff$6716 to $_DFFE_PP_ for $techmap\u_core.$0\reg_op1[31:0] [3] -> \u_core.reg_op1 [3].
  converting $_DFF_P_ cell $auto$simplemap.cc:420:simplemap_dff$6717 to $_DFFE_PP_ for $techmap\u_core.$0\reg_op1[31:0] [4] -> \u_core.reg_op1 [4].
  converting $_DFF_P_ cell $auto$simplemap.cc:420:simplemap_dff$6718 to $_DFFE_PP_ for $techmap\u_core.$0\reg_op1[31:0] [5] -> \u_core.reg_op1 [5].
  converting $_DFF_P_ cell $auto$simplemap.cc:420:simplemap_dff$6719 to $_DFFE_PP_ for $techmap\u_core.$0\reg_op1[31:0] [6] -> \u_core.reg_op1 [6].
  converting $_DFF_P_ cell $auto$simplemap.cc:420:simplemap_dff$6720 to $_DFFE_PP_ for $techmap\u_core.$0\reg_op1[31:0] [7] -> \u_core.reg_op1 [7].
  converting $_DFF_P_ cell $auto$simplemap.cc:420:simplemap_dff$6721 to $_DFFE_PP_ for $techmap\u_core.$0\reg_op1[31:0] [8] -> \u_core.reg_op1 [8].
  converting $_DFF_P_ cell $auto$simplemap.cc:420:simplemap_dff$6722 to $_DFFE_PP_ for $techmap\u_core.$0\reg_op1[31:0] [9] -> \u_core.reg_op1 [9].
  converting $_DFF_P_ cell $auto$simplemap.cc:420:simplemap_dff$6723 to $_DFFE_PP_ for $techmap\u_core.$0\reg_op1[31:0] [10] -> \u_core.reg_op1 [10].
  converting $_DFF_P_ cell $auto$simplemap.cc:420:simplemap_dff$6724 to $_DFFE_PP_ for $techmap\u_core.$0\reg_op1[31:0] [11] -> \u_core.reg_op1 [11].
  converting $_DFF_P_ cell $auto$simplemap.cc:420:simplemap_dff$6725 to $_DFFE_PP_ for $techmap\u_core.$0\reg_op1[31:0] [12] -> \u_core.reg_op1 [12].
  converting $_DFF_P_ cell $auto$simplemap.cc:420:simplemap_dff$6726 to $_DFFE_PP_ for $techmap\u_core.$0\reg_op1[31:0] [13] -> \u_core.reg_op1 [13].
  converting $_DFF_P_ cell $auto$simplemap.cc:420:simplemap_dff$6727 to $_DFFE_PP_ for $techmap\u_core.$0\reg_op1[31:0] [14] -> \u_core.reg_op1 [14].
  converting $_DFF_P_ cell $auto$simplemap.cc:420:simplemap_dff$6728 to $_DFFE_PP_ for $techmap\u_core.$0\reg_op1[31:0] [15] -> \u_core.reg_op1 [15].
  converting $_DFF_P_ cell $auto$simplemap.cc:420:simplemap_dff$6729 to $_DFFE_PP_ for $techmap\u_core.$0\reg_op1[31:0] [16] -> \u_core.reg_op1 [16].
  converting $_DFF_P_ cell $auto$simplemap.cc:420:simplemap_dff$6730 to $_DFFE_PP_ for $techmap\u_core.$0\reg_op1[31:0] [17] -> \u_core.reg_op1 [17].
  converting $_DFF_P_ cell $auto$simplemap.cc:420:simplemap_dff$6731 to $_DFFE_PP_ for $techmap\u_core.$0\reg_op1[31:0] [18] -> \u_core.reg_op1 [18].
  converting $_DFF_P_ cell $auto$simplemap.cc:420:simplemap_dff$6732 to $_DFFE_PP_ for $techmap\u_core.$0\reg_op1[31:0] [19] -> \u_core.reg_op1 [19].
  converting $_DFF_P_ cell $auto$simplemap.cc:420:simplemap_dff$6733 to $_DFFE_PP_ for $techmap\u_core.$0\reg_op1[31:0] [20] -> \u_core.reg_op1 [20].
  converting $_DFF_P_ cell $auto$simplemap.cc:420:simplemap_dff$6734 to $_DFFE_PP_ for $techmap\u_core.$0\reg_op1[31:0] [21] -> \u_core.reg_op1 [21].
  converting $_DFF_P_ cell $auto$simplemap.cc:420:simplemap_dff$6735 to $_DFFE_PP_ for $techmap\u_core.$0\reg_op1[31:0] [22] -> \u_core.reg_op1 [22].
  converting $_DFF_P_ cell $auto$simplemap.cc:420:simplemap_dff$6736 to $_DFFE_PP_ for $techmap\u_core.$0\reg_op1[31:0] [23] -> \u_core.reg_op1 [23].
  converting $_DFF_P_ cell $auto$simplemap.cc:420:simplemap_dff$6737 to $_DFFE_PP_ for $techmap\u_core.$0\reg_op1[31:0] [24] -> \u_core.reg_op1 [24].
  converting $_DFF_P_ cell $auto$simplemap.cc:420:simplemap_dff$6738 to $_DFFE_PP_ for $techmap\u_core.$0\reg_op1[31:0] [25] -> \u_core.reg_op1 [25].
  converting $_DFF_P_ cell $auto$simplemap.cc:420:simplemap_dff$6739 to $_DFFE_PP_ for $techmap\u_core.$0\reg_op1[31:0] [26] -> \u_core.reg_op1 [26].
  converting $_DFF_P_ cell $auto$simplemap.cc:420:simplemap_dff$6740 to $_DFFE_PP_ for $techmap\u_core.$0\reg_op1[31:0] [27] -> \u_core.reg_op1 [27].
  converting $_DFF_P_ cell $auto$simplemap.cc:420:simplemap_dff$6741 to $_DFFE_PP_ for $techmap\u_core.$0\reg_op1[31:0] [28] -> \u_core.reg_op1 [28].
  converting $_DFF_P_ cell $auto$simplemap.cc:420:simplemap_dff$6742 to $_DFFE_PP_ for $techmap\u_core.$0\reg_op1[31:0] [29] -> \u_core.reg_op1 [29].
  converting $_DFF_P_ cell $auto$simplemap.cc:420:simplemap_dff$6743 to $_DFFE_PP_ for $techmap\u_core.$0\reg_op1[31:0] [30] -> \u_core.reg_op1 [30].
  converting $_DFF_P_ cell $auto$simplemap.cc:420:simplemap_dff$6744 to $_DFFE_PP_ for $techmap\u_core.$0\reg_op1[31:0] [31] -> \u_core.reg_op1 [31].
  converting $_DFF_P_ cell $auto$simplemap.cc:420:simplemap_dff$6745 to $_DFFE_PP_ for $techmap\u_core.$0\reg_next_pc[31:0] [0] -> \u_core.reg_next_pc [0].
  converting $_DFF_P_ cell $auto$simplemap.cc:420:simplemap_dff$6746 to $_DFFE_PP_ for $techmap\u_core.$0\reg_next_pc[31:0] [1] -> \u_core.reg_next_pc [1].
  converting $_DFF_P_ cell $auto$simplemap.cc:420:simplemap_dff$6747 to $_DFFE_PP_ for $techmap\u_core.$0\reg_next_pc[31:0] [2] -> \u_core.reg_next_pc [2].
  converting $_DFF_P_ cell $auto$simplemap.cc:420:simplemap_dff$6748 to $_DFFE_PP_ for $techmap\u_core.$0\reg_next_pc[31:0] [3] -> \u_core.reg_next_pc [3].
  converting $_DFF_P_ cell $auto$simplemap.cc:420:simplemap_dff$6749 to $_DFFE_PP_ for $techmap\u_core.$0\reg_next_pc[31:0] [4] -> \u_core.reg_next_pc [4].
  converting $_DFF_P_ cell $auto$simplemap.cc:420:simplemap_dff$6750 to $_DFFE_PP_ for $techmap\u_core.$0\reg_next_pc[31:0] [5] -> \u_core.reg_next_pc [5].
  converting $_DFF_P_ cell $auto$simplemap.cc:420:simplemap_dff$6751 to $_DFFE_PP_ for $techmap\u_core.$0\reg_next_pc[31:0] [6] -> \u_core.reg_next_pc [6].
  converting $_DFF_P_ cell $auto$simplemap.cc:420:simplemap_dff$6752 to $_DFFE_PP_ for $techmap\u_core.$0\reg_next_pc[31:0] [7] -> \u_core.reg_next_pc [7].
  converting $_DFF_P_ cell $auto$simplemap.cc:420:simplemap_dff$6753 to $_DFFE_PP_ for $techmap\u_core.$0\reg_next_pc[31:0] [8] -> \u_core.reg_next_pc [8].
  converting $_DFF_P_ cell $auto$simplemap.cc:420:simplemap_dff$6754 to $_DFFE_PP_ for $techmap\u_core.$0\reg_next_pc[31:0] [9] -> \u_core.reg_next_pc [9].
  converting $_DFF_P_ cell $auto$simplemap.cc:420:simplemap_dff$6755 to $_DFFE_PP_ for $techmap\u_core.$0\reg_next_pc[31:0] [10] -> \u_core.reg_next_pc [10].
  converting $_DFF_P_ cell $auto$simplemap.cc:420:simplemap_dff$6756 to $_DFFE_PP_ for $techmap\u_core.$0\reg_next_pc[31:0] [11] -> \u_core.reg_next_pc [11].
  converting $_DFF_P_ cell $auto$simplemap.cc:420:simplemap_dff$6757 to $_DFFE_PP_ for $techmap\u_core.$0\reg_next_pc[31:0] [12] -> \u_core.reg_next_pc [12].
  converting $_DFF_P_ cell $auto$simplemap.cc:420:simplemap_dff$6758 to $_DFFE_PP_ for $techmap\u_core.$0\reg_next_pc[31:0] [13] -> \u_core.reg_next_pc [13].
  converting $_DFF_P_ cell $auto$simplemap.cc:420:simplemap_dff$6759 to $_DFFE_PP_ for $techmap\u_core.$0\reg_next_pc[31:0] [14] -> \u_core.reg_next_pc [14].
  converting $_DFF_P_ cell $auto$simplemap.cc:420:simplemap_dff$6760 to $_DFFE_PP_ for $techmap\u_core.$0\reg_next_pc[31:0] [15] -> \u_core.reg_next_pc [15].
  converting $_DFF_P_ cell $auto$simplemap.cc:420:simplemap_dff$6761 to $_DFFE_PP_ for $techmap\u_core.$0\reg_next_pc[31:0] [16] -> \u_core.reg_next_pc [16].
  converting $_DFF_P_ cell $auto$simplemap.cc:420:simplemap_dff$6762 to $_DFFE_PP_ for $techmap\u_core.$0\reg_next_pc[31:0] [17] -> \u_core.reg_next_pc [17].
  converting $_DFF_P_ cell $auto$simplemap.cc:420:simplemap_dff$6763 to $_DFFE_PP_ for $techmap\u_core.$0\reg_next_pc[31:0] [18] -> \u_core.reg_next_pc [18].
  converting $_DFF_P_ cell $auto$simplemap.cc:420:simplemap_dff$6764 to $_DFFE_PP_ for $techmap\u_core.$0\reg_next_pc[31:0] [19] -> \u_core.reg_next_pc [19].
  converting $_DFF_P_ cell $auto$simplemap.cc:420:simplemap_dff$6765 to $_DFFE_PP_ for $techmap\u_core.$0\reg_next_pc[31:0] [20] -> \u_core.reg_next_pc [20].
  converting $_DFF_P_ cell $auto$simplemap.cc:420:simplemap_dff$6766 to $_DFFE_PP_ for $techmap\u_core.$0\reg_next_pc[31:0] [21] -> \u_core.reg_next_pc [21].
  converting $_DFF_P_ cell $auto$simplemap.cc:420:simplemap_dff$6767 to $_DFFE_PP_ for $techmap\u_core.$0\reg_next_pc[31:0] [22] -> \u_core.reg_next_pc [22].
  converting $_DFF_P_ cell $auto$simplemap.cc:420:simplemap_dff$6768 to $_DFFE_PP_ for $techmap\u_core.$0\reg_next_pc[31:0] [23] -> \u_core.reg_next_pc [23].
  converting $_DFF_P_ cell $auto$simplemap.cc:420:simplemap_dff$6769 to $_DFFE_PP_ for $techmap\u_core.$0\reg_next_pc[31:0] [24] -> \u_core.reg_next_pc [24].
  converting $_DFF_P_ cell $auto$simplemap.cc:420:simplemap_dff$6770 to $_DFFE_PP_ for $techmap\u_core.$0\reg_next_pc[31:0] [25] -> \u_core.reg_next_pc [25].
  converting $_DFF_P_ cell $auto$simplemap.cc:420:simplemap_dff$6771 to $_DFFE_PP_ for $techmap\u_core.$0\reg_next_pc[31:0] [26] -> \u_core.reg_next_pc [26].
  converting $_DFF_P_ cell $auto$simplemap.cc:420:simplemap_dff$6772 to $_DFFE_PP_ for $techmap\u_core.$0\reg_next_pc[31:0] [27] -> \u_core.reg_next_pc [27].
  converting $_DFF_P_ cell $auto$simplemap.cc:420:simplemap_dff$6773 to $_DFFE_PP_ for $techmap\u_core.$0\reg_next_pc[31:0] [28] -> \u_core.reg_next_pc [28].
  converting $_DFF_P_ cell $auto$simplemap.cc:420:simplemap_dff$6774 to $_DFFE_PP_ for $techmap\u_core.$0\reg_next_pc[31:0] [29] -> \u_core.reg_next_pc [29].
  converting $_DFF_P_ cell $auto$simplemap.cc:420:simplemap_dff$6775 to $_DFFE_PP_ for $techmap\u_core.$0\reg_next_pc[31:0] [30] -> \u_core.reg_next_pc [30].
  converting $_DFF_P_ cell $auto$simplemap.cc:420:simplemap_dff$6776 to $_DFFE_PP_ for $techmap\u_core.$0\reg_next_pc[31:0] [31] -> \u_core.reg_next_pc [31].
  converting $_DFF_P_ cell $auto$simplemap.cc:420:simplemap_dff$6777 to $_DFFE_PP_ for $techmap\u_core.$0\reg_pc[31:0] [0] -> \u_core.reg_pc [0].
  converting $_DFF_P_ cell $auto$simplemap.cc:420:simplemap_dff$6778 to $_DFFE_PP_ for $techmap\u_core.$0\reg_pc[31:0] [1] -> \u_core.reg_pc [1].
  converting $_DFF_P_ cell $auto$simplemap.cc:420:simplemap_dff$6779 to $_DFFE_PP_ for $techmap\u_core.$0\reg_pc[31:0] [2] -> \u_core.reg_pc [2].
  converting $_DFF_P_ cell $auto$simplemap.cc:420:simplemap_dff$6780 to $_DFFE_PP_ for $techmap\u_core.$0\reg_pc[31:0] [3] -> \u_core.reg_pc [3].
  converting $_DFF_P_ cell $auto$simplemap.cc:420:simplemap_dff$6781 to $_DFFE_PP_ for $techmap\u_core.$0\reg_pc[31:0] [4] -> \u_core.reg_pc [4].
  converting $_DFF_P_ cell $auto$simplemap.cc:420:simplemap_dff$6782 to $_DFFE_PP_ for $techmap\u_core.$0\reg_pc[31:0] [5] -> \u_core.reg_pc [5].
  converting $_DFF_P_ cell $auto$simplemap.cc:420:simplemap_dff$6783 to $_DFFE_PP_ for $techmap\u_core.$0\reg_pc[31:0] [6] -> \u_core.reg_pc [6].
  converting $_DFF_P_ cell $auto$simplemap.cc:420:simplemap_dff$6784 to $_DFFE_PP_ for $techmap\u_core.$0\reg_pc[31:0] [7] -> \u_core.reg_pc [7].
  converting $_DFF_P_ cell $auto$simplemap.cc:420:simplemap_dff$6785 to $_DFFE_PP_ for $techmap\u_core.$0\reg_pc[31:0] [8] -> \u_core.reg_pc [8].
  converting $_DFF_P_ cell $auto$simplemap.cc:420:simplemap_dff$6786 to $_DFFE_PP_ for $techmap\u_core.$0\reg_pc[31:0] [9] -> \u_core.reg_pc [9].
  converting $_DFF_P_ cell $auto$simplemap.cc:420:simplemap_dff$6787 to $_DFFE_PP_ for $techmap\u_core.$0\reg_pc[31:0] [10] -> \u_core.reg_pc [10].
  converting $_DFF_P_ cell $auto$simplemap.cc:420:simplemap_dff$6788 to $_DFFE_PP_ for $techmap\u_core.$0\reg_pc[31:0] [11] -> \u_core.reg_pc [11].
  converting $_DFF_P_ cell $auto$simplemap.cc:420:simplemap_dff$6789 to $_DFFE_PP_ for $techmap\u_core.$0\reg_pc[31:0] [12] -> \u_core.reg_pc [12].
  converting $_DFF_P_ cell $auto$simplemap.cc:420:simplemap_dff$6790 to $_DFFE_PP_ for $techmap\u_core.$0\reg_pc[31:0] [13] -> \u_core.reg_pc [13].
  converting $_DFF_P_ cell $auto$simplemap.cc:420:simplemap_dff$6791 to $_DFFE_PP_ for $techmap\u_core.$0\reg_pc[31:0] [14] -> \u_core.reg_pc [14].
  converting $_DFF_P_ cell $auto$simplemap.cc:420:simplemap_dff$6792 to $_DFFE_PP_ for $techmap\u_core.$0\reg_pc[31:0] [15] -> \u_core.reg_pc [15].
  converting $_DFF_P_ cell $auto$simplemap.cc:420:simplemap_dff$6793 to $_DFFE_PP_ for $techmap\u_core.$0\reg_pc[31:0] [16] -> \u_core.reg_pc [16].
  converting $_DFF_P_ cell $auto$simplemap.cc:420:simplemap_dff$6794 to $_DFFE_PP_ for $techmap\u_core.$0\reg_pc[31:0] [17] -> \u_core.reg_pc [17].
  converting $_DFF_P_ cell $auto$simplemap.cc:420:simplemap_dff$6795 to $_DFFE_PP_ for $techmap\u_core.$0\reg_pc[31:0] [18] -> \u_core.reg_pc [18].
  converting $_DFF_P_ cell $auto$simplemap.cc:420:simplemap_dff$6796 to $_DFFE_PP_ for $techmap\u_core.$0\reg_pc[31:0] [19] -> \u_core.reg_pc [19].
  converting $_DFF_P_ cell $auto$simplemap.cc:420:simplemap_dff$6797 to $_DFFE_PP_ for $techmap\u_core.$0\reg_pc[31:0] [20] -> \u_core.reg_pc [20].
  converting $_DFF_P_ cell $auto$simplemap.cc:420:simplemap_dff$6798 to $_DFFE_PP_ for $techmap\u_core.$0\reg_pc[31:0] [21] -> \u_core.reg_pc [21].
  converting $_DFF_P_ cell $auto$simplemap.cc:420:simplemap_dff$6799 to $_DFFE_PP_ for $techmap\u_core.$0\reg_pc[31:0] [22] -> \u_core.reg_pc [22].
  converting $_DFF_P_ cell $auto$simplemap.cc:420:simplemap_dff$6800 to $_DFFE_PP_ for $techmap\u_core.$0\reg_pc[31:0] [23] -> \u_core.reg_pc [23].
  converting $_DFF_P_ cell $auto$simplemap.cc:420:simplemap_dff$6801 to $_DFFE_PP_ for $techmap\u_core.$0\reg_pc[31:0] [24] -> \u_core.reg_pc [24].
  converting $_DFF_P_ cell $auto$simplemap.cc:420:simplemap_dff$6802 to $_DFFE_PP_ for $techmap\u_core.$0\reg_pc[31:0] [25] -> \u_core.reg_pc [25].
  converting $_DFF_P_ cell $auto$simplemap.cc:420:simplemap_dff$6803 to $_DFFE_PP_ for $techmap\u_core.$0\reg_pc[31:0] [26] -> \u_core.reg_pc [26].
  converting $_DFF_P_ cell $auto$simplemap.cc:420:simplemap_dff$6804 to $_DFFE_PP_ for $techmap\u_core.$0\reg_pc[31:0] [27] -> \u_core.reg_pc [27].
  converting $_DFF_P_ cell $auto$simplemap.cc:420:simplemap_dff$6805 to $_DFFE_PP_ for $techmap\u_core.$0\reg_pc[31:0] [28] -> \u_core.reg_pc [28].
  converting $_DFF_P_ cell $auto$simplemap.cc:420:simplemap_dff$6806 to $_DFFE_PP_ for $techmap\u_core.$0\reg_pc[31:0] [29] -> \u_core.reg_pc [29].
  converting $_DFF_P_ cell $auto$simplemap.cc:420:simplemap_dff$6807 to $_DFFE_PP_ for $techmap\u_core.$0\reg_pc[31:0] [30] -> \u_core.reg_pc [30].
  converting $_DFF_P_ cell $auto$simplemap.cc:420:simplemap_dff$6808 to $_DFFE_PP_ for $techmap\u_core.$0\reg_pc[31:0] [31] -> \u_core.reg_pc [31].
  converting $_DFF_P_ cell $auto$simplemap.cc:420:simplemap_dff$6809 to $_DFFE_PP_ for $techmap\u_core.$0\count_instr[63:0] [0] -> \u_core.count_instr [0].
  converting $_DFF_P_ cell $auto$simplemap.cc:420:simplemap_dff$6810 to $_DFFE_PP_ for $techmap\u_core.$0\count_instr[63:0] [1] -> \u_core.count_instr [1].
  converting $_DFF_P_ cell $auto$simplemap.cc:420:simplemap_dff$6811 to $_DFFE_PP_ for $techmap\u_core.$0\count_instr[63:0] [2] -> \u_core.count_instr [2].
  converting $_DFF_P_ cell $auto$simplemap.cc:420:simplemap_dff$6812 to $_DFFE_PP_ for $techmap\u_core.$0\count_instr[63:0] [3] -> \u_core.count_instr [3].
  converting $_DFF_P_ cell $auto$simplemap.cc:420:simplemap_dff$6813 to $_DFFE_PP_ for $techmap\u_core.$0\count_instr[63:0] [4] -> \u_core.count_instr [4].
  converting $_DFF_P_ cell $auto$simplemap.cc:420:simplemap_dff$6814 to $_DFFE_PP_ for $techmap\u_core.$0\count_instr[63:0] [5] -> \u_core.count_instr [5].
  converting $_DFF_P_ cell $auto$simplemap.cc:420:simplemap_dff$6815 to $_DFFE_PP_ for $techmap\u_core.$0\count_instr[63:0] [6] -> \u_core.count_instr [6].
  converting $_DFF_P_ cell $auto$simplemap.cc:420:simplemap_dff$6816 to $_DFFE_PP_ for $techmap\u_core.$0\count_instr[63:0] [7] -> \u_core.count_instr [7].
  converting $_DFF_P_ cell $auto$simplemap.cc:420:simplemap_dff$6817 to $_DFFE_PP_ for $techmap\u_core.$0\count_instr[63:0] [8] -> \u_core.count_instr [8].
  converting $_DFF_P_ cell $auto$simplemap.cc:420:simplemap_dff$6818 to $_DFFE_PP_ for $techmap\u_core.$0\count_instr[63:0] [9] -> \u_core.count_instr [9].
  converting $_DFF_P_ cell $auto$simplemap.cc:420:simplemap_dff$6819 to $_DFFE_PP_ for $techmap\u_core.$0\count_instr[63:0] [10] -> \u_core.count_instr [10].
  converting $_DFF_P_ cell $auto$simplemap.cc:420:simplemap_dff$6820 to $_DFFE_PP_ for $techmap\u_core.$0\count_instr[63:0] [11] -> \u_core.count_instr [11].
  converting $_DFF_P_ cell $auto$simplemap.cc:420:simplemap_dff$6821 to $_DFFE_PP_ for $techmap\u_core.$0\count_instr[63:0] [12] -> \u_core.count_instr [12].
  converting $_DFF_P_ cell $auto$simplemap.cc:420:simplemap_dff$6822 to $_DFFE_PP_ for $techmap\u_core.$0\count_instr[63:0] [13] -> \u_core.count_instr [13].
  converting $_DFF_P_ cell $auto$simplemap.cc:420:simplemap_dff$6823 to $_DFFE_PP_ for $techmap\u_core.$0\count_instr[63:0] [14] -> \u_core.count_instr [14].
  converting $_DFF_P_ cell $auto$simplemap.cc:420:simplemap_dff$6824 to $_DFFE_PP_ for $techmap\u_core.$0\count_instr[63:0] [15] -> \u_core.count_instr [15].
  converting $_DFF_P_ cell $auto$simplemap.cc:420:simplemap_dff$6825 to $_DFFE_PP_ for $techmap\u_core.$0\count_instr[63:0] [16] -> \u_core.count_instr [16].
  converting $_DFF_P_ cell $auto$simplemap.cc:420:simplemap_dff$6826 to $_DFFE_PP_ for $techmap\u_core.$0\count_instr[63:0] [17] -> \u_core.count_instr [17].
  converting $_DFF_P_ cell $auto$simplemap.cc:420:simplemap_dff$6827 to $_DFFE_PP_ for $techmap\u_core.$0\count_instr[63:0] [18] -> \u_core.count_instr [18].
  converting $_DFF_P_ cell $auto$simplemap.cc:420:simplemap_dff$6828 to $_DFFE_PP_ for $techmap\u_core.$0\count_instr[63:0] [19] -> \u_core.count_instr [19].
  converting $_DFF_P_ cell $auto$simplemap.cc:420:simplemap_dff$6829 to $_DFFE_PP_ for $techmap\u_core.$0\count_instr[63:0] [20] -> \u_core.count_instr [20].
  converting $_DFF_P_ cell $auto$simplemap.cc:420:simplemap_dff$6830 to $_DFFE_PP_ for $techmap\u_core.$0\count_instr[63:0] [21] -> \u_core.count_instr [21].
  converting $_DFF_P_ cell $auto$simplemap.cc:420:simplemap_dff$6831 to $_DFFE_PP_ for $techmap\u_core.$0\count_instr[63:0] [22] -> \u_core.count_instr [22].
  converting $_DFF_P_ cell $auto$simplemap.cc:420:simplemap_dff$6832 to $_DFFE_PP_ for $techmap\u_core.$0\count_instr[63:0] [23] -> \u_core.count_instr [23].
  converting $_DFF_P_ cell $auto$simplemap.cc:420:simplemap_dff$6833 to $_DFFE_PP_ for $techmap\u_core.$0\count_instr[63:0] [24] -> \u_core.count_instr [24].
  converting $_DFF_P_ cell $auto$simplemap.cc:420:simplemap_dff$6834 to $_DFFE_PP_ for $techmap\u_core.$0\count_instr[63:0] [25] -> \u_core.count_instr [25].
  converting $_DFF_P_ cell $auto$simplemap.cc:420:simplemap_dff$6835 to $_DFFE_PP_ for $techmap\u_core.$0\count_instr[63:0] [26] -> \u_core.count_instr [26].
  converting $_DFF_P_ cell $auto$simplemap.cc:420:simplemap_dff$6836 to $_DFFE_PP_ for $techmap\u_core.$0\count_instr[63:0] [27] -> \u_core.count_instr [27].
  converting $_DFF_P_ cell $auto$simplemap.cc:420:simplemap_dff$6837 to $_DFFE_PP_ for $techmap\u_core.$0\count_instr[63:0] [28] -> \u_core.count_instr [28].
  converting $_DFF_P_ cell $auto$simplemap.cc:420:simplemap_dff$6838 to $_DFFE_PP_ for $techmap\u_core.$0\count_instr[63:0] [29] -> \u_core.count_instr [29].
  converting $_DFF_P_ cell $auto$simplemap.cc:420:simplemap_dff$6839 to $_DFFE_PP_ for $techmap\u_core.$0\count_instr[63:0] [30] -> \u_core.count_instr [30].
  converting $_DFF_P_ cell $auto$simplemap.cc:420:simplemap_dff$6840 to $_DFFE_PP_ for $techmap\u_core.$0\count_instr[63:0] [31] -> \u_core.count_instr [31].
  converting $_DFF_P_ cell $auto$simplemap.cc:420:simplemap_dff$6841 to $_DFFE_PP_ for $techmap\u_core.$0\count_instr[63:0] [32] -> \u_core.count_instr [32].
  converting $_DFF_P_ cell $auto$simplemap.cc:420:simplemap_dff$6842 to $_DFFE_PP_ for $techmap\u_core.$0\count_instr[63:0] [33] -> \u_core.count_instr [33].
  converting $_DFF_P_ cell $auto$simplemap.cc:420:simplemap_dff$6843 to $_DFFE_PP_ for $techmap\u_core.$0\count_instr[63:0] [34] -> \u_core.count_instr [34].
  converting $_DFF_P_ cell $auto$simplemap.cc:420:simplemap_dff$6844 to $_DFFE_PP_ for $techmap\u_core.$0\count_instr[63:0] [35] -> \u_core.count_instr [35].
  converting $_DFF_P_ cell $auto$simplemap.cc:420:simplemap_dff$6845 to $_DFFE_PP_ for $techmap\u_core.$0\count_instr[63:0] [36] -> \u_core.count_instr [36].
  converting $_DFF_P_ cell $auto$simplemap.cc:420:simplemap_dff$6846 to $_DFFE_PP_ for $techmap\u_core.$0\count_instr[63:0] [37] -> \u_core.count_instr [37].
  converting $_DFF_P_ cell $auto$simplemap.cc:420:simplemap_dff$6847 to $_DFFE_PP_ for $techmap\u_core.$0\count_instr[63:0] [38] -> \u_core.count_instr [38].
  converting $_DFF_P_ cell $auto$simplemap.cc:420:simplemap_dff$6848 to $_DFFE_PP_ for $techmap\u_core.$0\count_instr[63:0] [39] -> \u_core.count_instr [39].
  converting $_DFF_P_ cell $auto$simplemap.cc:420:simplemap_dff$6849 to $_DFFE_PP_ for $techmap\u_core.$0\count_instr[63:0] [40] -> \u_core.count_instr [40].
  converting $_DFF_P_ cell $auto$simplemap.cc:420:simplemap_dff$6850 to $_DFFE_PP_ for $techmap\u_core.$0\count_instr[63:0] [41] -> \u_core.count_instr [41].
  converting $_DFF_P_ cell $auto$simplemap.cc:420:simplemap_dff$6851 to $_DFFE_PP_ for $techmap\u_core.$0\count_instr[63:0] [42] -> \u_core.count_instr [42].
  converting $_DFF_P_ cell $auto$simplemap.cc:420:simplemap_dff$6852 to $_DFFE_PP_ for $techmap\u_core.$0\count_instr[63:0] [43] -> \u_core.count_instr [43].
  converting $_DFF_P_ cell $auto$simplemap.cc:420:simplemap_dff$6853 to $_DFFE_PP_ for $techmap\u_core.$0\count_instr[63:0] [44] -> \u_core.count_instr [44].
  converting $_DFF_P_ cell $auto$simplemap.cc:420:simplemap_dff$6854 to $_DFFE_PP_ for $techmap\u_core.$0\count_instr[63:0] [45] -> \u_core.count_instr [45].
  converting $_DFF_P_ cell $auto$simplemap.cc:420:simplemap_dff$6855 to $_DFFE_PP_ for $techmap\u_core.$0\count_instr[63:0] [46] -> \u_core.count_instr [46].
  converting $_DFF_P_ cell $auto$simplemap.cc:420:simplemap_dff$6856 to $_DFFE_PP_ for $techmap\u_core.$0\count_instr[63:0] [47] -> \u_core.count_instr [47].
  converting $_DFF_P_ cell $auto$simplemap.cc:420:simplemap_dff$6857 to $_DFFE_PP_ for $techmap\u_core.$0\count_instr[63:0] [48] -> \u_core.count_instr [48].
  converting $_DFF_P_ cell $auto$simplemap.cc:420:simplemap_dff$6858 to $_DFFE_PP_ for $techmap\u_core.$0\count_instr[63:0] [49] -> \u_core.count_instr [49].
  converting $_DFF_P_ cell $auto$simplemap.cc:420:simplemap_dff$6859 to $_DFFE_PP_ for $techmap\u_core.$0\count_instr[63:0] [50] -> \u_core.count_instr [50].
  converting $_DFF_P_ cell $auto$simplemap.cc:420:simplemap_dff$6860 to $_DFFE_PP_ for $techmap\u_core.$0\count_instr[63:0] [51] -> \u_core.count_instr [51].
  converting $_DFF_P_ cell $auto$simplemap.cc:420:simplemap_dff$6861 to $_DFFE_PP_ for $techmap\u_core.$0\count_instr[63:0] [52] -> \u_core.count_instr [52].
  converting $_DFF_P_ cell $auto$simplemap.cc:420:simplemap_dff$6862 to $_DFFE_PP_ for $techmap\u_core.$0\count_instr[63:0] [53] -> \u_core.count_instr [53].
  converting $_DFF_P_ cell $auto$simplemap.cc:420:simplemap_dff$6863 to $_DFFE_PP_ for $techmap\u_core.$0\count_instr[63:0] [54] -> \u_core.count_instr [54].
  converting $_DFF_P_ cell $auto$simplemap.cc:420:simplemap_dff$6864 to $_DFFE_PP_ for $techmap\u_core.$0\count_instr[63:0] [55] -> \u_core.count_instr [55].
  converting $_DFF_P_ cell $auto$simplemap.cc:420:simplemap_dff$6865 to $_DFFE_PP_ for $techmap\u_core.$0\count_instr[63:0] [56] -> \u_core.count_instr [56].
  converting $_DFF_P_ cell $auto$simplemap.cc:420:simplemap_dff$6866 to $_DFFE_PP_ for $techmap\u_core.$0\count_instr[63:0] [57] -> \u_core.count_instr [57].
  converting $_DFF_P_ cell $auto$simplemap.cc:420:simplemap_dff$6867 to $_DFFE_PP_ for $techmap\u_core.$0\count_instr[63:0] [58] -> \u_core.count_instr [58].
  converting $_DFF_P_ cell $auto$simplemap.cc:420:simplemap_dff$6868 to $_DFFE_PP_ for $techmap\u_core.$0\count_instr[63:0] [59] -> \u_core.count_instr [59].
  converting $_DFF_P_ cell $auto$simplemap.cc:420:simplemap_dff$6869 to $_DFFE_PP_ for $techmap\u_core.$0\count_instr[63:0] [60] -> \u_core.count_instr [60].
  converting $_DFF_P_ cell $auto$simplemap.cc:420:simplemap_dff$6870 to $_DFFE_PP_ for $techmap\u_core.$0\count_instr[63:0] [61] -> \u_core.count_instr [61].
  converting $_DFF_P_ cell $auto$simplemap.cc:420:simplemap_dff$6871 to $_DFFE_PP_ for $techmap\u_core.$0\count_instr[63:0] [62] -> \u_core.count_instr [62].
  converting $_DFF_P_ cell $auto$simplemap.cc:420:simplemap_dff$6872 to $_DFFE_PP_ for $techmap\u_core.$0\count_instr[63:0] [63] -> \u_core.count_instr [63].
  converting $_DFF_P_ cell $auto$simplemap.cc:420:simplemap_dff$6874 to $_DFFE_PP_ for $techmap\u_core.$0\count_cycle[63:0] [1] -> \u_core.count_cycle [1].
  converting $_DFF_P_ cell $auto$simplemap.cc:420:simplemap_dff$6937 to $_DFFE_PP_ for $techmap\u_core.$0\pcpi_valid[0:0] -> \u_core.pcpi_valid.

5.35. Executing TECHMAP pass (map to technology primitives).

5.35.1. Executing Verilog-2005 frontend: /usr/bin/../share/yosys/ice40/cells_map.v
Parsing Verilog input from `/usr/bin/../share/yosys/ice40/cells_map.v' to AST representation.
Generating RTLIL representation for module `\$_DFF_N_'.
Generating RTLIL representation for module `\$_DFF_P_'.
Generating RTLIL representation for module `\$_DFFE_NN_'.
Generating RTLIL representation for module `\$_DFFE_PN_'.
Generating RTLIL representation for module `\$_DFFE_NP_'.
Generating RTLIL representation for module `\$_DFFE_PP_'.
Generating RTLIL representation for module `\$_DFF_NN0_'.
Generating RTLIL representation for module `\$_DFF_NN1_'.
Generating RTLIL representation for module `\$_DFF_PN0_'.
Generating RTLIL representation for module `\$_DFF_PN1_'.
Generating RTLIL representation for module `\$_DFF_NP0_'.
Generating RTLIL representation for module `\$_DFF_NP1_'.
Generating RTLIL representation for module `\$_DFF_PP0_'.
Generating RTLIL representation for module `\$_DFF_PP1_'.
Generating RTLIL representation for module `\$__DFFE_NN0'.
Generating RTLIL representation for module `\$__DFFE_NN1'.
Generating RTLIL representation for module `\$__DFFE_PN0'.
Generating RTLIL representation for module `\$__DFFE_PN1'.
Generating RTLIL representation for module `\$__DFFE_NP0'.
Generating RTLIL representation for module `\$__DFFE_NP1'.
Generating RTLIL representation for module `\$__DFFE_PP0'.
Generating RTLIL representation for module `\$__DFFE_PP1'.
Successfully finished Verilog frontend.

5.35.2. Continuing TECHMAP pass.
Using template \$_DFF_P_ for cells of type $_DFF_P_.
Using template \$_DFFE_PP_ for cells of type $_DFFE_PP_.
No more expansions possible.
<suppressed ~723 debug messages>

5.36. Executing OPT_EXPR pass (perform const folding).
Optimizing module picorv32_baseline_b_wrapper.
<suppressed ~1212 debug messages>

5.37. Executing SIMPLEMAP pass (map simple cells to gate primitives).

5.38. Executing ICE40_FFINIT pass (implement FF init values).
Handling FF init values in picorv32_baseline_b_wrapper.

5.39. Executing ICE40_FFSSR pass (merge synchronous set/reset into FF cells).
Merging set/reset $_MUX_ cells into SB_FFs in picorv32_baseline_b_wrapper.
  Merging $auto$simplemap.cc:277:simplemap_mux$11356 (A=1'0, B=$techmap\u_core.pcpi_mul.u_fast_mul.$logic_and$../picorv32.v:2413$805_Y, S=\resetn) into $auto$simplemap.cc:420:simplemap_dff$11204 (SB_DFF).
  Merging $auto$simplemap.cc:277:simplemap_mux$11357 (A=1'0, B=\u_core.pcpi_mul.u_fast_mul.active [0], S=\resetn) into $auto$simplemap.cc:420:simplemap_dff$11205 (SB_DFF).
  Merging $auto$simplemap.cc:277:simplemap_mux$11355 (A=1'0, B=\u_core.reg_op2 [31], S=\u_core.pcpi_mul.u_fast_mul.instr_mulh) into $auto$simplemap.cc:420:simplemap_dff$11239 (SB_DFFE).
  Merging $auto$simplemap.cc:277:simplemap_mux$11321 (A=1'0, B=\u_core.reg_op1 [31], S=\u_core.pcpi_mul.u_fast_mul.instr_rs1_signed) into $auto$simplemap.cc:420:simplemap_dff$11272 (SB_DFFE).
  Merging $auto$simplemap.cc:277:simplemap_mux$5373 (A=$auto$memory_bram.cc:837:replace_cell$5006 [15], B=1'0, S=$auto$simplemap.cc:256:simplemap_eqne$5382) into $auto$simplemap.cc:420:simplemap_dff$5354 (SB_DFF).
  Merging $auto$simplemap.cc:277:simplemap_mux$9457 (A=1'0, B=\u_core.cpu_state [0], S=\resetn) into $auto$simplemap.cc:420:simplemap_dff$6938 (SB_DFF).
  Merging $auto$simplemap.cc:277:simplemap_mux$11055 (A=\u_core.mem_rdata_q [1], B=1'0, S=\u_core.mem_valid) into $auto$simplemap.cc:420:simplemap_dff$6321 (SB_DFF).
  Merging $auto$simplemap.cc:277:simplemap_mux$11054 (A=\u_core.mem_rdata_q [0], B=1'0, S=\u_core.mem_valid) into $auto$simplemap.cc:420:simplemap_dff$6320 (SB_DFF).
  Merging $auto$simplemap.cc:277:simplemap_mux$11056 (A=\u_core.mem_rdata_q [2], B=1'0, S=\u_core.mem_valid) into $auto$simplemap.cc:420:simplemap_dff$6322 (SB_DFF).
  Merging $auto$simplemap.cc:277:simplemap_mux$11057 (A=\u_core.mem_rdata_q [3], B=1'0, S=\u_core.mem_valid) into $auto$simplemap.cc:420:simplemap_dff$6323 (SB_DFF).
  Merging $auto$simplemap.cc:277:simplemap_mux$11058 (A=\u_core.mem_rdata_q [4], B=1'0, S=\u_core.mem_valid) into $auto$simplemap.cc:420:simplemap_dff$6324 (SB_DFF).
  Merging $auto$simplemap.cc:277:simplemap_mux$11059 (A=\u_core.mem_rdata_q [5], B=1'0, S=\u_core.mem_valid) into $auto$simplemap.cc:420:simplemap_dff$6325 (SB_DFF).
  Merging $auto$simplemap.cc:277:simplemap_mux$11060 (A=\u_core.mem_rdata_q [6], B=1'0, S=\u_core.mem_valid) into $auto$simplemap.cc:420:simplemap_dff$6326 (SB_DFF).
  Merging $auto$simplemap.cc:277:simplemap_mux$11061 (A=\u_core.mem_rdata_q [7], B=1'0, S=\u_core.mem_valid) into $auto$simplemap.cc:420:simplemap_dff$6327 (SB_DFF).
  Merging $auto$simplemap.cc:277:simplemap_mux$11063 (A=\u_core.mem_rdata_q [9], B=1'0, S=\u_core.mem_valid) into $auto$simplemap.cc:420:simplemap_dff$6329 (SB_DFF).
  Merging $auto$simplemap.cc:277:simplemap_mux$5485 (A=$auto$memory_bram.cc:837:replace_cell$5006 [15], B=1'0, S=$auto$simplemap.cc:256:simplemap_eqne$5276) into $auto$simplemap.cc:420:simplemap_dff$5483 (SB_DFF).
  Merging $auto$simplemap.cc:277:simplemap_mux$11064 (A=\u_core.mem_rdata_q [10], B=1'0, S=\u_core.mem_valid) into $auto$simplemap.cc:420:simplemap_dff$6330 (SB_DFF).
  Merging $auto$simplemap.cc:277:simplemap_mux$11065 (A=\u_core.mem_rdata_q [11], B=1'0, S=\u_core.mem_valid) into $auto$simplemap.cc:420:simplemap_dff$6331 (SB_DFF).
  Merging $auto$simplemap.cc:277:simplemap_mux$11066 (A=\u_core.mem_rdata_q [12], B=1'0, S=\u_core.mem_valid) into $auto$simplemap.cc:420:simplemap_dff$6332 (SB_DFF).
  Merging $auto$simplemap.cc:277:simplemap_mux$11067 (A=\u_core.mem_rdata_q [13], B=1'0, S=\u_core.mem_valid) into $auto$simplemap.cc:420:simplemap_dff$6333 (SB_DFF).
  Merging $auto$simplemap.cc:277:simplemap_mux$11068 (A=\u_core.mem_rdata_q [14], B=1'0, S=\u_core.mem_valid) into $auto$simplemap.cc:420:simplemap_dff$6334 (SB_DFF).
  Merging $auto$simplemap.cc:277:simplemap_mux$11069 (A=\u_core.mem_rdata_q [15], B=1'0, S=\u_core.mem_valid) into $auto$simplemap.cc:420:simplemap_dff$6335 (SB_DFF).
  Merging $auto$simplemap.cc:277:simplemap_mux$11070 (A=\u_core.mem_rdata_q [16], B=1'0, S=\u_core.mem_valid) into $auto$simplemap.cc:420:simplemap_dff$6336 (SB_DFF).
  Merging $auto$simplemap.cc:277:simplemap_mux$11071 (A=\u_core.mem_rdata_q [17], B=1'0, S=\u_core.mem_valid) into $auto$simplemap.cc:420:simplemap_dff$6337 (SB_DFF).
  Merging $auto$simplemap.cc:277:simplemap_mux$11072 (A=\u_core.mem_rdata_q [18], B=1'0, S=\u_core.mem_valid) into $auto$simplemap.cc:420:simplemap_dff$6338 (SB_DFF).
  Merging $auto$simplemap.cc:277:simplemap_mux$11073 (A=\u_core.mem_rdata_q [19], B=1'0, S=\u_core.mem_valid) into $auto$simplemap.cc:420:simplemap_dff$6339 (SB_DFF).
  Merging $auto$simplemap.cc:277:simplemap_mux$11074 (A=\u_core.mem_rdata_q [20], B=1'0, S=\u_core.mem_valid) into $auto$simplemap.cc:420:simplemap_dff$6340 (SB_DFF).
  Merging $auto$simplemap.cc:277:simplemap_mux$11075 (A=\u_core.mem_rdata_q [21], B=1'0, S=\u_core.mem_valid) into $auto$simplemap.cc:420:simplemap_dff$6341 (SB_DFF).
  Merging $auto$simplemap.cc:277:simplemap_mux$11076 (A=\u_core.mem_rdata_q [22], B=1'0, S=\u_core.mem_valid) into $auto$simplemap.cc:420:simplemap_dff$6342 (SB_DFF).
  Merging $auto$simplemap.cc:277:simplemap_mux$11077 (A=\u_core.mem_rdata_q [23], B=1'0, S=\u_core.mem_valid) into $auto$simplemap.cc:420:simplemap_dff$6343 (SB_DFF).
  Merging $auto$simplemap.cc:277:simplemap_mux$11078 (A=\u_core.mem_rdata_q [24], B=1'0, S=\u_core.mem_valid) into $auto$simplemap.cc:420:simplemap_dff$6344 (SB_DFF).
  Merging $auto$simplemap.cc:277:simplemap_mux$11079 (A=\u_core.mem_rdata_q [25], B=1'0, S=\u_core.mem_valid) into $auto$simplemap.cc:420:simplemap_dff$6345 (SB_DFF).
  Merging $auto$simplemap.cc:277:simplemap_mux$11080 (A=\u_core.mem_rdata_q [26], B=1'0, S=\u_core.mem_valid) into $auto$simplemap.cc:420:simplemap_dff$6346 (SB_DFF).
  Merging $auto$simplemap.cc:277:simplemap_mux$11081 (A=\u_core.mem_rdata_q [27], B=1'0, S=\u_core.mem_valid) into $auto$simplemap.cc:420:simplemap_dff$6347 (SB_DFF).
  Merging $auto$simplemap.cc:277:simplemap_mux$11082 (A=\u_core.mem_rdata_q [28], B=1'0, S=\u_core.mem_valid) into $auto$simplemap.cc:420:simplemap_dff$6348 (SB_DFF).
  Merging $auto$simplemap.cc:277:simplemap_mux$11083 (A=\u_core.mem_rdata_q [29], B=1'0, S=\u_core.mem_valid) into $auto$simplemap.cc:420:simplemap_dff$6349 (SB_DFF).
  Merging $auto$simplemap.cc:277:simplemap_mux$11084 (A=\u_core.mem_rdata_q [30], B=1'0, S=\u_core.mem_valid) into $auto$simplemap.cc:420:simplemap_dff$6350 (SB_DFF).
  Merging $auto$simplemap.cc:277:simplemap_mux$7074 (A=\u_core.mem_rdata_q [31], B=1'0, S=\u_core.mem_valid) into $auto$simplemap.cc:420:simplemap_dff$6351 (SB_DFF).
  Merging $auto$simplemap.cc:277:simplemap_mux$7231 (A=$techmap$techmap\u_core.$procmux$4157.$reduce_or$/usr/bin/../share/yosys/techmap.v:441$7254_Y, B=1'0, S=$techmap\u_core.$logic_or$../picorv32.v:567$1026_Y) into $auto$simplemap.cc:420:simplemap_dff$6352 (SB_DFFE).
  Merging $auto$simplemap.cc:277:simplemap_mux$7232 (A=$techmap$techmap\u_core.$procmux$4157.$reduce_or$/usr/bin/../share/yosys/techmap.v:441$7255_Y, B=1'0, S=$techmap\u_core.$logic_or$../picorv32.v:567$1026_Y) into $auto$simplemap.cc:420:simplemap_dff$6353 (SB_DFFE).
  Merging $auto$simplemap.cc:277:simplemap_mux$11062 (A=\u_core.mem_rdata_q [8], B=1'0, S=\u_core.mem_valid) into $auto$simplemap.cc:420:simplemap_dff$6328 (SB_DFF).
  Merging $auto$simplemap.cc:277:simplemap_mux$7085 (A=$techmap\u_core.$logic_or$../picorv32.v:381$952_Y, B=1'0, S=\u_core.mem_do_wdata) into $auto$simplemap.cc:420:simplemap_dff$6422 (SB_DFFE).
  Merging $auto$simplemap.cc:277:simplemap_mux$11075 (A=\u_core.mem_rdata_q [21], B=1'0, S=\u_core.mem_valid) into $auto$simplemap.cc:420:simplemap_dff$6437 (SB_DFFE).
  Merging $auto$simplemap.cc:277:simplemap_mux$7075 (A=$techmap$techmap\u_core.$procmux$4215.$and$/usr/bin/../share/yosys/techmap.v:434$7081_Y, B=1'0, S=$techmap\u_core.$logic_or$../picorv32.v:567$1026_Y) into $auto$simplemap.cc:420:simplemap_dff$6423 (SB_DFFE).
  Merging $auto$simplemap.cc:277:simplemap_mux$7460 (A=1'0, B=$techmap\u_core.$procmux$3600_Y, S=\resetn) into $auto$simplemap.cc:420:simplemap_dff$6424 (SB_DFF).
  Merging $auto$simplemap.cc:277:simplemap_mux$7466 (A=1'0, B=$techmap\u_core.$eq$../picorv32.v:875$1077_Y, S=\resetn) into $auto$simplemap.cc:420:simplemap_dff$6427 (SB_DFFE).
  Merging $auto$simplemap.cc:277:simplemap_mux$11076 (A=\u_core.mem_rdata_q [22], B=1'0, S=\u_core.mem_valid) into $auto$simplemap.cc:420:simplemap_dff$6438 (SB_DFFE).
  Merging $auto$simplemap.cc:277:simplemap_mux$11077 (A=\u_core.mem_rdata_q [23], B=1'0, S=\u_core.mem_valid) into $auto$simplemap.cc:420:simplemap_dff$6439 (SB_DFFE).
  Merging $auto$simplemap.cc:277:simplemap_mux$11078 (A=\u_core.mem_rdata_q [24], B=1'0, S=\u_core.mem_valid) into $auto$simplemap.cc:420:simplemap_dff$6440 (SB_DFFE).
  Merging $auto$simplemap.cc:277:simplemap_mux$11079 (A=\u_core.mem_rdata_q [25], B=1'0, S=\u_core.mem_valid) into $auto$simplemap.cc:420:simplemap_dff$6441 (SB_DFFE).
  Merging $auto$simplemap.cc:277:simplemap_mux$11080 (A=\u_core.mem_rdata_q [26], B=1'0, S=\u_core.mem_valid) into $auto$simplemap.cc:420:simplemap_dff$6442 (SB_DFFE).
  Merging $auto$simplemap.cc:277:simplemap_mux$11081 (A=\u_core.mem_rdata_q [27], B=1'0, S=\u_core.mem_valid) into $auto$simplemap.cc:420:simplemap_dff$6443 (SB_DFFE).
  Merging $auto$simplemap.cc:277:simplemap_mux$11082 (A=\u_core.mem_rdata_q [28], B=1'0, S=\u_core.mem_valid) into $auto$simplemap.cc:420:simplemap_dff$6444 (SB_DFFE).
  Merging $auto$simplemap.cc:277:simplemap_mux$11083 (A=\u_core.mem_rdata_q [29], B=1'0, S=\u_core.mem_valid) into $auto$simplemap.cc:420:simplemap_dff$6445 (SB_DFFE).
  Merging $auto$simplemap.cc:277:simplemap_mux$11084 (A=\u_core.mem_rdata_q [30], B=1'0, S=\u_core.mem_valid) into $auto$simplemap.cc:420:simplemap_dff$6446 (SB_DFFE).
  Merging $auto$simplemap.cc:277:simplemap_mux$11074 (A=\u_core.mem_rdata_q [20], B=1'0, S=\u_core.mem_valid) into $auto$simplemap.cc:420:simplemap_dff$6447 (SB_DFFE).
  Merging $auto$simplemap.cc:277:simplemap_mux$11066 (A=\u_core.mem_rdata_q [12], B=1'0, S=\u_core.mem_valid) into $auto$simplemap.cc:420:simplemap_dff$6448 (SB_DFFE).
  Merging $auto$simplemap.cc:277:simplemap_mux$11067 (A=\u_core.mem_rdata_q [13], B=1'0, S=\u_core.mem_valid) into $auto$simplemap.cc:420:simplemap_dff$6449 (SB_DFFE).
  Merging $auto$simplemap.cc:277:simplemap_mux$11068 (A=\u_core.mem_rdata_q [14], B=1'0, S=\u_core.mem_valid) into $auto$simplemap.cc:420:simplemap_dff$6450 (SB_DFFE).
  Merging $auto$simplemap.cc:277:simplemap_mux$11069 (A=\u_core.mem_rdata_q [15], B=1'0, S=\u_core.mem_valid) into $auto$simplemap.cc:420:simplemap_dff$6451 (SB_DFFE).
  Merging $auto$simplemap.cc:277:simplemap_mux$11070 (A=\u_core.mem_rdata_q [16], B=1'0, S=\u_core.mem_valid) into $auto$simplemap.cc:420:simplemap_dff$6452 (SB_DFFE).
  Merging $auto$simplemap.cc:277:simplemap_mux$11071 (A=\u_core.mem_rdata_q [17], B=1'0, S=\u_core.mem_valid) into $auto$simplemap.cc:420:simplemap_dff$6453 (SB_DFFE).
  Merging $auto$simplemap.cc:277:simplemap_mux$11072 (A=\u_core.mem_rdata_q [18], B=1'0, S=\u_core.mem_valid) into $auto$simplemap.cc:420:simplemap_dff$6454 (SB_DFFE).
  Merging $auto$simplemap.cc:277:simplemap_mux$11073 (A=\u_core.mem_rdata_q [19], B=1'0, S=\u_core.mem_valid) into $auto$simplemap.cc:420:simplemap_dff$6455 (SB_DFFE).
  Merging $auto$simplemap.cc:277:simplemap_mux$7074 (A=\u_core.mem_rdata_q [31], B=1'0, S=\u_core.mem_valid) into $auto$simplemap.cc:420:simplemap_dff$6456 (SB_DFFE).
  Merging $auto$simplemap.cc:277:simplemap_mux$7074 (A=\u_core.mem_rdata_q [31], B=1'0, S=\u_core.mem_valid) into $auto$simplemap.cc:420:simplemap_dff$6457 (SB_DFFE).
  Merging $auto$simplemap.cc:277:simplemap_mux$7074 (A=\u_core.mem_rdata_q [31], B=1'0, S=\u_core.mem_valid) into $auto$simplemap.cc:420:simplemap_dff$6458 (SB_DFFE).
  Merging $auto$simplemap.cc:277:simplemap_mux$7074 (A=\u_core.mem_rdata_q [31], B=1'0, S=\u_core.mem_valid) into $auto$simplemap.cc:420:simplemap_dff$6459 (SB_DFFE).
  Merging $auto$simplemap.cc:277:simplemap_mux$7074 (A=\u_core.mem_rdata_q [31], B=1'0, S=\u_core.mem_valid) into $auto$simplemap.cc:420:simplemap_dff$6460 (SB_DFFE).
  Merging $auto$simplemap.cc:277:simplemap_mux$7074 (A=\u_core.mem_rdata_q [31], B=1'0, S=\u_core.mem_valid) into $auto$simplemap.cc:420:simplemap_dff$6461 (SB_DFFE).
  Merging $auto$simplemap.cc:277:simplemap_mux$7074 (A=\u_core.mem_rdata_q [31], B=1'0, S=\u_core.mem_valid) into $auto$simplemap.cc:420:simplemap_dff$6462 (SB_DFFE).
  Merging $auto$simplemap.cc:277:simplemap_mux$7074 (A=\u_core.mem_rdata_q [31], B=1'0, S=\u_core.mem_valid) into $auto$simplemap.cc:420:simplemap_dff$6463 (SB_DFFE).
  Merging $auto$simplemap.cc:277:simplemap_mux$7074 (A=\u_core.mem_rdata_q [31], B=1'0, S=\u_core.mem_valid) into $auto$simplemap.cc:420:simplemap_dff$6464 (SB_DFFE).
  Merging $auto$simplemap.cc:277:simplemap_mux$7074 (A=\u_core.mem_rdata_q [31], B=1'0, S=\u_core.mem_valid) into $auto$simplemap.cc:420:simplemap_dff$6465 (SB_DFFE).
  Merging $auto$simplemap.cc:277:simplemap_mux$7074 (A=\u_core.mem_rdata_q [31], B=1'0, S=\u_core.mem_valid) into $auto$simplemap.cc:420:simplemap_dff$6466 (SB_DFFE).
  Merging $auto$simplemap.cc:277:simplemap_mux$7074 (A=\u_core.mem_rdata_q [31], B=1'0, S=\u_core.mem_valid) into $auto$simplemap.cc:420:simplemap_dff$6467 (SB_DFFE).
  Merging $auto$simplemap.cc:277:simplemap_mux$16413 (A=1'0, B=$techmap$techmap\u_core.$procmux$3605.$reduce_or$/usr/bin/../share/yosys/techmap.v:441$7429_Y, S=$techmap$techmap\u_core.$procmux$3605.$reduce_or$/usr/bin/../share/yosys/techmap.v:445$7421_Y) into $auto$simplemap.cc:420:simplemap_dff$6469 (SB_DFFE).
  Merging $auto$simplemap.cc:277:simplemap_mux$16414 (A=1'0, B=$techmap$techmap\u_core.$procmux$3605.$reduce_or$/usr/bin/../share/yosys/techmap.v:441$7430_Y, S=$techmap$techmap\u_core.$procmux$3605.$reduce_or$/usr/bin/../share/yosys/techmap.v:445$7421_Y) into $auto$simplemap.cc:420:simplemap_dff$6470 (SB_DFFE).
  Merging $auto$simplemap.cc:277:simplemap_mux$16415 (A=1'0, B=$techmap$techmap\u_core.$procmux$3605.$reduce_or$/usr/bin/../share/yosys/techmap.v:441$7431_Y, S=$techmap$techmap\u_core.$procmux$3605.$reduce_or$/usr/bin/../share/yosys/techmap.v:445$7421_Y) into $auto$simplemap.cc:420:simplemap_dff$6471 (SB_DFFE).
  Merging $auto$simplemap.cc:277:simplemap_mux$16416 (A=1'0, B=$techmap$techmap\u_core.$procmux$3605.$reduce_or$/usr/bin/../share/yosys/techmap.v:441$7432_Y, S=$techmap$techmap\u_core.$procmux$3605.$reduce_or$/usr/bin/../share/yosys/techmap.v:445$7421_Y) into $auto$simplemap.cc:420:simplemap_dff$6472 (SB_DFFE).
  Merging $auto$simplemap.cc:277:simplemap_mux$16417 (A=1'0, B=$techmap$techmap\u_core.$procmux$3605.$reduce_or$/usr/bin/../share/yosys/techmap.v:441$7433_Y, S=$techmap$techmap\u_core.$procmux$3605.$reduce_or$/usr/bin/../share/yosys/techmap.v:445$7421_Y) into $auto$simplemap.cc:420:simplemap_dff$6473 (SB_DFFE).
  Merging $auto$simplemap.cc:277:simplemap_mux$16418 (A=1'0, B=$techmap$techmap\u_core.$procmux$3605.$reduce_or$/usr/bin/../share/yosys/techmap.v:441$7434_Y, S=$techmap$techmap\u_core.$procmux$3605.$reduce_or$/usr/bin/../share/yosys/techmap.v:445$7421_Y) into $auto$simplemap.cc:420:simplemap_dff$6474 (SB_DFFE).
  Merging $auto$simplemap.cc:277:simplemap_mux$16419 (A=1'0, B=$techmap$techmap\u_core.$procmux$3605.$reduce_or$/usr/bin/../share/yosys/techmap.v:441$7435_Y, S=$techmap$techmap\u_core.$procmux$3605.$reduce_or$/usr/bin/../share/yosys/techmap.v:445$7421_Y) into $auto$simplemap.cc:420:simplemap_dff$6475 (SB_DFFE).
  Merging $auto$simplemap.cc:277:simplemap_mux$16421 (A=1'0, B=$techmap$techmap\u_core.$procmux$3605.$reduce_or$/usr/bin/../share/yosys/techmap.v:441$7437_Y, S=$techmap$techmap\u_core.$procmux$3605.$reduce_or$/usr/bin/../share/yosys/techmap.v:445$7421_Y) into $auto$simplemap.cc:420:simplemap_dff$6477 (SB_DFFE).
  Merging $auto$simplemap.cc:277:simplemap_mux$16422 (A=1'0, B=$techmap$techmap\u_core.$procmux$3605.$reduce_or$/usr/bin/../share/yosys/techmap.v:441$7438_Y, S=$techmap$techmap\u_core.$procmux$3605.$reduce_or$/usr/bin/../share/yosys/techmap.v:445$7421_Y) into $auto$simplemap.cc:420:simplemap_dff$6478 (SB_DFFE).
  Merging $auto$simplemap.cc:277:simplemap_mux$16423 (A=1'0, B=$techmap$techmap\u_core.$procmux$3605.$reduce_or$/usr/bin/../share/yosys/techmap.v:441$7439_Y, S=$techmap$techmap\u_core.$procmux$3605.$reduce_or$/usr/bin/../share/yosys/techmap.v:445$7421_Y) into $auto$simplemap.cc:420:simplemap_dff$6479 (SB_DFFE).
  Merging $auto$simplemap.cc:277:simplemap_mux$16424 (A=1'0, B=$techmap$techmap\u_core.$procmux$3605.$reduce_or$/usr/bin/../share/yosys/techmap.v:441$7440_Y, S=$techmap$techmap\u_core.$procmux$3605.$reduce_or$/usr/bin/../share/yosys/techmap.v:445$7421_Y) into $auto$simplemap.cc:420:simplemap_dff$6480 (SB_DFFE).
  Merging $auto$simplemap.cc:277:simplemap_mux$16425 (A=1'0, B=$techmap$techmap\u_core.$procmux$3605.$reduce_or$/usr/bin/../share/yosys/techmap.v:441$7441_Y, S=$techmap$techmap\u_core.$procmux$3605.$reduce_or$/usr/bin/../share/yosys/techmap.v:445$7421_Y) into $auto$simplemap.cc:420:simplemap_dff$6481 (SB_DFFE).
  Merging $auto$simplemap.cc:277:simplemap_mux$16426 (A=1'0, B=$techmap$techmap\u_core.$procmux$3605.$reduce_or$/usr/bin/../share/yosys/techmap.v:441$7442_Y, S=$techmap$techmap\u_core.$procmux$3605.$reduce_or$/usr/bin/../share/yosys/techmap.v:445$7421_Y) into $auto$simplemap.cc:420:simplemap_dff$6482 (SB_DFFE).
  Merging $auto$simplemap.cc:277:simplemap_mux$16427 (A=1'0, B=$techmap$techmap\u_core.$procmux$3605.$reduce_or$/usr/bin/../share/yosys/techmap.v:441$7443_Y, S=$techmap$techmap\u_core.$procmux$3605.$reduce_or$/usr/bin/../share/yosys/techmap.v:445$7421_Y) into $auto$simplemap.cc:420:simplemap_dff$6483 (SB_DFFE).
  Merging $auto$simplemap.cc:277:simplemap_mux$16428 (A=1'0, B=$techmap$techmap\u_core.$procmux$3605.$reduce_or$/usr/bin/../share/yosys/techmap.v:441$7444_Y, S=$techmap$techmap\u_core.$procmux$3605.$reduce_or$/usr/bin/../share/yosys/techmap.v:445$7421_Y) into $auto$simplemap.cc:420:simplemap_dff$6484 (SB_DFFE).
  Merging $auto$simplemap.cc:277:simplemap_mux$16429 (A=1'0, B=$techmap$techmap\u_core.$procmux$3605.$reduce_or$/usr/bin/../share/yosys/techmap.v:441$7445_Y, S=$techmap$techmap\u_core.$procmux$3605.$reduce_or$/usr/bin/../share/yosys/techmap.v:445$7421_Y) into $auto$simplemap.cc:420:simplemap_dff$6485 (SB_DFFE).
  Merging $auto$simplemap.cc:277:simplemap_mux$16430 (A=1'0, B=$techmap$techmap\u_core.$procmux$3605.$reduce_or$/usr/bin/../share/yosys/techmap.v:441$7446_Y, S=$techmap$techmap\u_core.$procmux$3605.$reduce_or$/usr/bin/../share/yosys/techmap.v:445$7421_Y) into $auto$simplemap.cc:420:simplemap_dff$6486 (SB_DFFE).
  Merging $auto$simplemap.cc:277:simplemap_mux$16431 (A=1'0, B=$techmap$techmap\u_core.$procmux$3605.$reduce_or$/usr/bin/../share/yosys/techmap.v:441$7447_Y, S=$techmap$techmap\u_core.$procmux$3605.$reduce_or$/usr/bin/../share/yosys/techmap.v:445$7421_Y) into $auto$simplemap.cc:420:simplemap_dff$6487 (SB_DFFE).
  Merging $auto$simplemap.cc:277:simplemap_mux$16432 (A=1'0, B=$techmap$techmap\u_core.$procmux$3605.$reduce_or$/usr/bin/../share/yosys/techmap.v:441$7448_Y, S=$techmap$techmap\u_core.$procmux$3605.$reduce_or$/usr/bin/../share/yosys/techmap.v:445$7421_Y) into $auto$simplemap.cc:420:simplemap_dff$6488 (SB_DFFE).
  Merging $auto$simplemap.cc:277:simplemap_mux$16433 (A=1'0, B=$techmap$techmap\u_core.$procmux$3605.$reduce_or$/usr/bin/../share/yosys/techmap.v:441$7449_Y, S=$techmap$techmap\u_core.$procmux$3605.$reduce_or$/usr/bin/../share/yosys/techmap.v:445$7421_Y) into $auto$simplemap.cc:420:simplemap_dff$6489 (SB_DFFE).
  Merging $auto$simplemap.cc:277:simplemap_mux$16434 (A=1'0, B=$techmap$techmap\u_core.$procmux$3605.$reduce_or$/usr/bin/../share/yosys/techmap.v:441$7450_Y, S=$techmap$techmap\u_core.$procmux$3605.$reduce_or$/usr/bin/../share/yosys/techmap.v:445$7421_Y) into $auto$simplemap.cc:420:simplemap_dff$6490 (SB_DFFE).
  Merging $auto$simplemap.cc:277:simplemap_mux$16435 (A=1'0, B=$techmap$techmap\u_core.$procmux$3605.$reduce_or$/usr/bin/../share/yosys/techmap.v:441$7451_Y, S=$techmap$techmap\u_core.$procmux$3605.$reduce_or$/usr/bin/../share/yosys/techmap.v:445$7421_Y) into $auto$simplemap.cc:420:simplemap_dff$6491 (SB_DFFE).
  Merging $auto$simplemap.cc:277:simplemap_mux$16436 (A=1'0, B=$techmap$techmap\u_core.$procmux$3605.$reduce_or$/usr/bin/../share/yosys/techmap.v:441$7452_Y, S=$techmap$techmap\u_core.$procmux$3605.$reduce_or$/usr/bin/../share/yosys/techmap.v:445$7421_Y) into $auto$simplemap.cc:420:simplemap_dff$6492 (SB_DFFE).
  Merging $auto$simplemap.cc:277:simplemap_mux$16437 (A=1'0, B=$techmap$techmap\u_core.$procmux$3605.$reduce_or$/usr/bin/../share/yosys/techmap.v:441$7453_Y, S=$techmap$techmap\u_core.$procmux$3605.$reduce_or$/usr/bin/../share/yosys/techmap.v:445$7421_Y) into $auto$simplemap.cc:420:simplemap_dff$6493 (SB_DFFE).
  Merging $auto$simplemap.cc:277:simplemap_mux$16438 (A=1'0, B=$techmap$techmap\u_core.$procmux$3605.$reduce_or$/usr/bin/../share/yosys/techmap.v:441$7454_Y, S=$techmap$techmap\u_core.$procmux$3605.$reduce_or$/usr/bin/../share/yosys/techmap.v:445$7421_Y) into $auto$simplemap.cc:420:simplemap_dff$6494 (SB_DFFE).
  Merging $auto$simplemap.cc:277:simplemap_mux$16439 (A=1'0, B=$techmap$techmap\u_core.$procmux$3605.$reduce_or$/usr/bin/../share/yosys/techmap.v:441$7455_Y, S=$techmap$techmap\u_core.$procmux$3605.$reduce_or$/usr/bin/../share/yosys/techmap.v:445$7421_Y) into $auto$simplemap.cc:420:simplemap_dff$6495 (SB_DFFE).
  Merging $auto$simplemap.cc:277:simplemap_mux$16440 (A=1'0, B=$techmap$techmap\u_core.$procmux$3605.$reduce_or$/usr/bin/../share/yosys/techmap.v:441$7456_Y, S=$techmap$techmap\u_core.$procmux$3605.$reduce_or$/usr/bin/../share/yosys/techmap.v:445$7421_Y) into $auto$simplemap.cc:420:simplemap_dff$6496 (SB_DFFE).
  Merging $auto$simplemap.cc:277:simplemap_mux$16441 (A=1'0, B=$techmap$techmap\u_core.$procmux$3605.$reduce_or$/usr/bin/../share/yosys/techmap.v:441$7457_Y, S=$techmap$techmap\u_core.$procmux$3605.$reduce_or$/usr/bin/../share/yosys/techmap.v:445$7421_Y) into $auto$simplemap.cc:420:simplemap_dff$6497 (SB_DFFE).
  Merging $auto$simplemap.cc:277:simplemap_mux$16442 (A=1'0, B=$techmap$techmap\u_core.$procmux$3605.$reduce_or$/usr/bin/../share/yosys/techmap.v:441$7458_Y, S=$techmap$techmap\u_core.$procmux$3605.$reduce_or$/usr/bin/../share/yosys/techmap.v:445$7421_Y) into $auto$simplemap.cc:420:simplemap_dff$6498 (SB_DFFE).
  Merging $auto$simplemap.cc:277:simplemap_mux$16443 (A=1'0, B=$techmap$techmap\u_core.$procmux$3605.$reduce_or$/usr/bin/../share/yosys/techmap.v:441$7459_Y, S=$techmap$techmap\u_core.$procmux$3605.$reduce_or$/usr/bin/../share/yosys/techmap.v:445$7421_Y) into $auto$simplemap.cc:420:simplemap_dff$6499 (SB_DFFE).
  Merging $auto$simplemap.cc:277:simplemap_mux$16420 (A=1'0, B=$techmap$techmap\u_core.$procmux$3605.$reduce_or$/usr/bin/../share/yosys/techmap.v:441$7436_Y, S=$techmap$techmap\u_core.$procmux$3605.$reduce_or$/usr/bin/../share/yosys/techmap.v:445$7421_Y) into $auto$simplemap.cc:420:simplemap_dff$6476 (SB_DFFE).
  Merging $auto$simplemap.cc:277:simplemap_mux$11061 (A=\u_core.mem_rdata_q [7], B=1'0, S=\u_core.mem_valid) into $auto$simplemap.cc:420:simplemap_dff$6510 (SB_DFFE).
  Merging $auto$simplemap.cc:277:simplemap_mux$11062 (A=\u_core.mem_rdata_q [8], B=1'0, S=\u_core.mem_valid) into $auto$simplemap.cc:420:simplemap_dff$6511 (SB_DFFE).
  Merging $auto$simplemap.cc:277:simplemap_mux$11063 (A=\u_core.mem_rdata_q [9], B=1'0, S=\u_core.mem_valid) into $auto$simplemap.cc:420:simplemap_dff$6512 (SB_DFFE).
  Merging $auto$simplemap.cc:277:simplemap_mux$11064 (A=\u_core.mem_rdata_q [10], B=1'0, S=\u_core.mem_valid) into $auto$simplemap.cc:420:simplemap_dff$6513 (SB_DFFE).
  Merging $auto$simplemap.cc:277:simplemap_mux$11065 (A=\u_core.mem_rdata_q [11], B=1'0, S=\u_core.mem_valid) into $auto$simplemap.cc:420:simplemap_dff$6514 (SB_DFFE).
  Merging $auto$simplemap.cc:277:simplemap_mux$7369 (A=1'0, B=$techmap\u_core.$logic_and$../picorv32.v:1089$1264_Y, S=\resetn) into $auto$simplemap.cc:420:simplemap_dff$6519 (SB_DFFE).
  Merging $auto$simplemap.cc:277:simplemap_mux$7344 (A=1'0, B=$techmap\u_core.$logic_and$../picorv32.v:1069$1191_Y, S=\resetn) into $auto$simplemap.cc:420:simplemap_dff$6534 (SB_DFFE).
  Merging $auto$simplemap.cc:277:simplemap_mux$7358 (A=1'0, B=$techmap\u_core.$logic_and$../picorv32.v:1076$1219_Y, S=\resetn) into $auto$simplemap.cc:420:simplemap_dff$6527 (SB_DFFE).
  Merging $auto$simplemap.cc:277:simplemap_mux$7356 (A=1'0, B=$techmap\u_core.$logic_and$../picorv32.v:1075$1215_Y, S=\resetn) into $auto$simplemap.cc:420:simplemap_dff$6528 (SB_DFFE).
  Merging $auto$simplemap.cc:277:simplemap_mux$7354 (A=1'0, B=$techmap\u_core.$logic_and$../picorv32.v:1074$1211_Y, S=\resetn) into $auto$simplemap.cc:420:simplemap_dff$6529 (SB_DFFE).
  Merging $auto$simplemap.cc:277:simplemap_mux$7352 (A=1'0, B=$techmap\u_core.$logic_and$../picorv32.v:1073$1207_Y, S=\resetn) into $auto$simplemap.cc:420:simplemap_dff$6530 (SB_DFFE).
  Merging $auto$simplemap.cc:277:simplemap_mux$7350 (A=1'0, B=$techmap\u_core.$logic_and$../picorv32.v:1072$1203_Y, S=\resetn) into $auto$simplemap.cc:420:simplemap_dff$6531 (SB_DFFE).
  Merging $auto$simplemap.cc:277:simplemap_mux$7348 (A=1'0, B=$techmap\u_core.$logic_and$../picorv32.v:1071$1199_Y, S=\resetn) into $auto$simplemap.cc:420:simplemap_dff$6532 (SB_DFFE).
  Merging $auto$simplemap.cc:277:simplemap_mux$7362 (A=1'0, B=$techmap\u_core.$logic_and$../picorv32.v:1078$1227_Y, S=\resetn) into $auto$simplemap.cc:420:simplemap_dff$6525 (SB_DFFE).
  Merging $auto$simplemap.cc:277:simplemap_mux$7331 (A=1'0, B=$techmap\u_core.$logic_and$../picorv32.v:1059$1167_Y, S=\resetn) into $auto$simplemap.cc:420:simplemap_dff$6542 (SB_DFFE).
  Merging $auto$simplemap.cc:277:simplemap_mux$7339 (A=1'0, B=$techmap\u_core.$logic_and$../picorv32.v:1063$1175_Y, S=\resetn) into $auto$simplemap.cc:420:simplemap_dff$6538 (SB_DFFE).
  Merging $auto$simplemap.cc:277:simplemap_mux$7337 (A=1'0, B=$techmap\u_core.$logic_and$../picorv32.v:1062$1173_Y, S=\resetn) into $auto$simplemap.cc:420:simplemap_dff$6539 (SB_DFFE).
  Merging $auto$simplemap.cc:277:simplemap_mux$7335 (A=1'0, B=$techmap\u_core.$logic_and$../picorv32.v:1061$1171_Y, S=\resetn) into $auto$simplemap.cc:420:simplemap_dff$6540 (SB_DFFE).
  Merging $auto$simplemap.cc:277:simplemap_mux$7346 (A=1'0, B=$techmap\u_core.$logic_and$../picorv32.v:1070$1195_Y, S=\resetn) into $auto$simplemap.cc:420:simplemap_dff$6533 (SB_DFFE).
  Merging $auto$simplemap.cc:277:simplemap_mux$7329 (A=1'0, B=$techmap\u_core.$logic_and$../picorv32.v:1058$1165_Y, S=\resetn) into $auto$simplemap.cc:420:simplemap_dff$6543 (SB_DFFE).
  Merging $auto$simplemap.cc:277:simplemap_mux$7333 (A=1'0, B=$techmap\u_core.$logic_and$../picorv32.v:1060$1169_Y, S=\resetn) into $auto$simplemap.cc:420:simplemap_dff$6541 (SB_DFFE).
  Merging $auto$simplemap.cc:277:simplemap_mux$7319 (A=1'0, B=$techmap\u_core.$logic_and$../picorv32.v:1046$1147_Y, S=\resetn) into $auto$simplemap.cc:420:simplemap_dff$6552 (SB_DFFE).
  Merging $auto$simplemap.cc:277:simplemap_mux$7317 (A=1'0, B=$techmap\u_core.$logic_and$../picorv32.v:1045$1145_Y, S=\resetn) into $auto$simplemap.cc:420:simplemap_dff$6553 (SB_DFFE).
  Merging $auto$simplemap.cc:277:simplemap_mux$7315 (A=1'0, B=$techmap\u_core.$logic_and$../picorv32.v:1044$1143_Y, S=\resetn) into $auto$simplemap.cc:420:simplemap_dff$6554 (SB_DFFE).
  Merging $auto$simplemap.cc:277:simplemap_mux$7313 (A=1'0, B=$techmap\u_core.$logic_and$../picorv32.v:1043$1141_Y, S=\resetn) into $auto$simplemap.cc:420:simplemap_dff$6555 (SB_DFFE).
  Merging $auto$simplemap.cc:277:simplemap_mux$7311 (A=1'0, B=$techmap\u_core.$logic_and$../picorv32.v:1042$1139_Y, S=\resetn) into $auto$simplemap.cc:420:simplemap_dff$6556 (SB_DFFE).
  Merging $auto$simplemap.cc:277:simplemap_mux$7360 (A=1'0, B=$techmap\u_core.$logic_and$../picorv32.v:1077$1223_Y, S=\resetn) into $auto$simplemap.cc:420:simplemap_dff$6526 (SB_DFFE).
  Merging $auto$simplemap.cc:277:simplemap_mux$7309 (A=1'0, B=$techmap\u_core.$logic_and$../picorv32.v:1041$1137_Y, S=\resetn) into $auto$simplemap.cc:420:simplemap_dff$6557 (SB_DFFE).
  Merging $auto$simplemap.cc:277:simplemap_mux$9449 (A=1'1, B=$auto$simplemap.cc:309:simplemap_lut$27468 [2], S=$techmap\u_core.$logic_and$../picorv32.v:1458$1396_Y) into $auto$simplemap.cc:420:simplemap_dff$6629 (SB_DFFE).
  Merging $auto$simplemap.cc:277:simplemap_mux$9456 (A=1'0, B=$techmap\u_core.$logic_not$../picorv32.v:1463$1401_Y, S=\resetn) into $auto$simplemap.cc:420:simplemap_dff$6627 (SB_DFF).
  Merging $auto$simplemap.cc:277:simplemap_mux$9450 (A=1'1, B=$auto$wreduce.cc:455:run$4697 [2], S=$techmap\u_core.$logic_and$../picorv32.v:1458$1396_Y) into $auto$simplemap.cc:420:simplemap_dff$6630 (SB_DFFE).
  Merging $auto$simplemap.cc:277:simplemap_mux$9451 (A=1'1, B=$auto$wreduce.cc:455:run$4697 [3], S=$techmap\u_core.$logic_and$../picorv32.v:1458$1396_Y) into $auto$simplemap.cc:420:simplemap_dff$6631 (SB_DFFE).
  Merging $auto$simplemap.cc:277:simplemap_mux$9448 (A=1'1, B=$auto$wreduce.cc:455:run$4697 [0], S=$techmap\u_core.$logic_and$../picorv32.v:1458$1396_Y) into $auto$simplemap.cc:420:simplemap_dff$6628 (SB_DFFE).
  Merging $auto$simplemap.cc:277:simplemap_mux$9315 (A=$techmap\u_core.$procmux$2932_Y, B=1'1, S=$techmap\u_core.$0\set_mem_do_rinst[0:0]) into $auto$simplemap.cc:420:simplemap_dff$6645 (SB_DFFE).
  Merging $auto$simplemap.cc:277:simplemap_mux$9424 (A=1'0, B=$techmap$techmap\u_core.$procmux$2541.$reduce_or$/usr/bin/../share/yosys/techmap.v:441$7082_Y, S=\resetn) into $auto$simplemap.cc:420:simplemap_dff$6638 (SB_DFFE).
  Merging $auto$simplemap.cc:277:simplemap_mux$9422 (A=1'0, B=$techmap$techmap\u_core.$procmux$2577.$and$/usr/bin/../share/yosys/techmap.v:434$7080_Y, S=\resetn) into $auto$simplemap.cc:420:simplemap_dff$6639 (SB_DFFE).
  Merging $auto$simplemap.cc:277:simplemap_mux$9419 (A=1'0, B=$techmap$techmap\u_core.$procmux$2584.$reduce_or$/usr/bin/../share/yosys/techmap.v:441$9325_Y, S=\resetn) into $auto$simplemap.cc:420:simplemap_dff$6640 (SB_DFFE).
  Merging $auto$simplemap.cc:277:simplemap_mux$9504 (A=1'0, B=$techmap\u_core.$procmux$2204_Y, S=\resetn) into $auto$simplemap.cc:420:simplemap_dff$6641 (SB_DFF).
  Merging $auto$simplemap.cc:277:simplemap_mux$9510 (A=1'0, B=$techmap\u_core.$2\set_mem_do_wdata[0:0], S=\resetn) into $auto$simplemap.cc:420:simplemap_dff$6643 (SB_DFFE).
  Merging $auto$simplemap.cc:277:simplemap_mux$9310 (A=$techmap\u_core.$logic_and$../picorv32.v:1607$1459_Y, B=1'0, S=$techmap\u_core.$logic_or$../picorv32.v:1983$1574_Y) into $auto$simplemap.cc:420:simplemap_dff$6646 (SB_DFFE).
  Merging $auto$simplemap.cc:277:simplemap_mux$9509 (A=1'0, B=$techmap\u_core.$2\set_mem_do_rdata[0:0], S=\resetn) into $auto$simplemap.cc:420:simplemap_dff$6644 (SB_DFFE).
  Merging $auto$simplemap.cc:277:simplemap_mux$8829 (A=1'0, B=$techmap\u_core.$procmux$3150_Y [0], S=\resetn) into $auto$simplemap.cc:420:simplemap_dff$6745 (SB_DFFE).
  Merging $auto$simplemap.cc:277:simplemap_mux$8830 (A=1'0, B=$techmap\u_core.$procmux$3150_Y [1], S=\resetn) into $auto$simplemap.cc:420:simplemap_dff$6746 (SB_DFFE).
  Merging $auto$simplemap.cc:277:simplemap_mux$8831 (A=1'0, B=$techmap\u_core.$procmux$3150_Y [2], S=\resetn) into $auto$simplemap.cc:420:simplemap_dff$6747 (SB_DFFE).
  Merging $auto$simplemap.cc:277:simplemap_mux$8832 (A=1'0, B=$techmap\u_core.$procmux$3150_Y [3], S=\resetn) into $auto$simplemap.cc:420:simplemap_dff$6748 (SB_DFFE).
  Merging $auto$simplemap.cc:277:simplemap_mux$8833 (A=1'0, B=$techmap\u_core.$procmux$3150_Y [4], S=\resetn) into $auto$simplemap.cc:420:simplemap_dff$6749 (SB_DFFE).
  Merging $auto$simplemap.cc:277:simplemap_mux$8834 (A=1'0, B=$techmap\u_core.$procmux$3150_Y [5], S=\resetn) into $auto$simplemap.cc:420:simplemap_dff$6750 (SB_DFFE).
  Merging $auto$simplemap.cc:277:simplemap_mux$8835 (A=1'0, B=$techmap\u_core.$procmux$3150_Y [6], S=\resetn) into $auto$simplemap.cc:420:simplemap_dff$6751 (SB_DFFE).
  Merging $auto$simplemap.cc:277:simplemap_mux$8836 (A=1'0, B=$techmap\u_core.$procmux$3150_Y [7], S=\resetn) into $auto$simplemap.cc:420:simplemap_dff$6752 (SB_DFFE).
  Merging $auto$simplemap.cc:277:simplemap_mux$8838 (A=1'0, B=$techmap\u_core.$procmux$3150_Y [9], S=\resetn) into $auto$simplemap.cc:420:simplemap_dff$6754 (SB_DFFE).
  Merging $auto$simplemap.cc:277:simplemap_mux$8839 (A=1'0, B=$techmap\u_core.$procmux$3150_Y [10], S=\resetn) into $auto$simplemap.cc:420:simplemap_dff$6755 (SB_DFFE).
  Merging $auto$simplemap.cc:277:simplemap_mux$8840 (A=1'0, B=$techmap\u_core.$procmux$3150_Y [11], S=\resetn) into $auto$simplemap.cc:420:simplemap_dff$6756 (SB_DFFE).
  Merging $auto$simplemap.cc:277:simplemap_mux$8841 (A=1'0, B=$techmap\u_core.$procmux$3150_Y [12], S=\resetn) into $auto$simplemap.cc:420:simplemap_dff$6757 (SB_DFFE).
  Merging $auto$simplemap.cc:277:simplemap_mux$8842 (A=1'0, B=$techmap\u_core.$procmux$3150_Y [13], S=\resetn) into $auto$simplemap.cc:420:simplemap_dff$6758 (SB_DFFE).
  Merging $auto$simplemap.cc:277:simplemap_mux$8843 (A=1'0, B=$techmap\u_core.$procmux$3150_Y [14], S=\resetn) into $auto$simplemap.cc:420:simplemap_dff$6759 (SB_DFFE).
  Merging $auto$simplemap.cc:277:simplemap_mux$8844 (A=1'0, B=$techmap\u_core.$procmux$3150_Y [15], S=\resetn) into $auto$simplemap.cc:420:simplemap_dff$6760 (SB_DFFE).
  Merging $auto$simplemap.cc:277:simplemap_mux$8845 (A=1'0, B=$techmap\u_core.$procmux$3150_Y [16], S=\resetn) into $auto$simplemap.cc:420:simplemap_dff$6761 (SB_DFFE).
  Merging $auto$simplemap.cc:277:simplemap_mux$8846 (A=1'0, B=$techmap\u_core.$procmux$3150_Y [17], S=\resetn) into $auto$simplemap.cc:420:simplemap_dff$6762 (SB_DFFE).
  Merging $auto$simplemap.cc:277:simplemap_mux$8847 (A=1'0, B=$techmap\u_core.$procmux$3150_Y [18], S=\resetn) into $auto$simplemap.cc:420:simplemap_dff$6763 (SB_DFFE).
  Merging $auto$simplemap.cc:277:simplemap_mux$8848 (A=1'0, B=$techmap\u_core.$procmux$3150_Y [19], S=\resetn) into $auto$simplemap.cc:420:simplemap_dff$6764 (SB_DFFE).
  Merging $auto$simplemap.cc:277:simplemap_mux$8849 (A=1'0, B=$techmap\u_core.$procmux$3150_Y [20], S=\resetn) into $auto$simplemap.cc:420:simplemap_dff$6765 (SB_DFFE).
  Merging $auto$simplemap.cc:277:simplemap_mux$8850 (A=1'0, B=$techmap\u_core.$procmux$3150_Y [21], S=\resetn) into $auto$simplemap.cc:420:simplemap_dff$6766 (SB_DFFE).
  Merging $auto$simplemap.cc:277:simplemap_mux$8851 (A=1'0, B=$techmap\u_core.$procmux$3150_Y [22], S=\resetn) into $auto$simplemap.cc:420:simplemap_dff$6767 (SB_DFFE).
  Merging $auto$simplemap.cc:277:simplemap_mux$8852 (A=1'0, B=$techmap\u_core.$procmux$3150_Y [23], S=\resetn) into $auto$simplemap.cc:420:simplemap_dff$6768 (SB_DFFE).
  Merging $auto$simplemap.cc:277:simplemap_mux$8853 (A=1'0, B=$techmap\u_core.$procmux$3150_Y [24], S=\resetn) into $auto$simplemap.cc:420:simplemap_dff$6769 (SB_DFFE).
  Merging $auto$simplemap.cc:277:simplemap_mux$8854 (A=1'0, B=$techmap\u_core.$procmux$3150_Y [25], S=\resetn) into $auto$simplemap.cc:420:simplemap_dff$6770 (SB_DFFE).
  Merging $auto$simplemap.cc:277:simplemap_mux$8855 (A=1'0, B=$techmap\u_core.$procmux$3150_Y [26], S=\resetn) into $auto$simplemap.cc:420:simplemap_dff$6771 (SB_DFFE).
  Merging $auto$simplemap.cc:277:simplemap_mux$8856 (A=1'0, B=$techmap\u_core.$procmux$3150_Y [27], S=\resetn) into $auto$simplemap.cc:420:simplemap_dff$6772 (SB_DFFE).
  Merging $auto$simplemap.cc:277:simplemap_mux$8857 (A=1'0, B=$techmap\u_core.$procmux$3150_Y [28], S=\resetn) into $auto$simplemap.cc:420:simplemap_dff$6773 (SB_DFFE).
  Merging $auto$simplemap.cc:277:simplemap_mux$8858 (A=1'0, B=$techmap\u_core.$procmux$3150_Y [29], S=\resetn) into $auto$simplemap.cc:420:simplemap_dff$6774 (SB_DFFE).
  Merging $auto$simplemap.cc:277:simplemap_mux$8859 (A=1'0, B=$techmap\u_core.$procmux$3150_Y [30], S=\resetn) into $auto$simplemap.cc:420:simplemap_dff$6775 (SB_DFFE).
  Merging $auto$simplemap.cc:277:simplemap_mux$8860 (A=1'0, B=$techmap\u_core.$procmux$3150_Y [31], S=\resetn) into $auto$simplemap.cc:420:simplemap_dff$6776 (SB_DFFE).
  Merging $auto$simplemap.cc:277:simplemap_mux$8765 (A=1'0, B=$auto$alumacc.cc:474:replace_alu$4776.BB [0], S=\resetn) into $auto$simplemap.cc:420:simplemap_dff$6777 (SB_DFFE).
  Merging $auto$simplemap.cc:277:simplemap_mux$8766 (A=1'0, B=$auto$alumacc.cc:474:replace_alu$4776.BB [1], S=\resetn) into $auto$simplemap.cc:420:simplemap_dff$6778 (SB_DFFE).
  Merging $auto$simplemap.cc:277:simplemap_mux$8767 (A=1'0, B=$auto$alumacc.cc:474:replace_alu$4776.BB [2], S=\resetn) into $auto$simplemap.cc:420:simplemap_dff$6779 (SB_DFFE).
  Merging $auto$simplemap.cc:277:simplemap_mux$8768 (A=1'0, B=$auto$alumacc.cc:474:replace_alu$4776.BB [3], S=\resetn) into $auto$simplemap.cc:420:simplemap_dff$6780 (SB_DFFE).
  Merging $auto$simplemap.cc:277:simplemap_mux$8769 (A=1'0, B=$auto$alumacc.cc:474:replace_alu$4776.BB [4], S=\resetn) into $auto$simplemap.cc:420:simplemap_dff$6781 (SB_DFFE).
  Merging $auto$simplemap.cc:277:simplemap_mux$8770 (A=1'0, B=$auto$alumacc.cc:474:replace_alu$4776.BB [5], S=\resetn) into $auto$simplemap.cc:420:simplemap_dff$6782 (SB_DFFE).
  Merging $auto$simplemap.cc:277:simplemap_mux$8771 (A=1'0, B=$auto$alumacc.cc:474:replace_alu$4776.BB [6], S=\resetn) into $auto$simplemap.cc:420:simplemap_dff$6783 (SB_DFFE).
  Merging $auto$simplemap.cc:277:simplemap_mux$8772 (A=1'0, B=$auto$alumacc.cc:474:replace_alu$4776.BB [7], S=\resetn) into $auto$simplemap.cc:420:simplemap_dff$6784 (SB_DFFE).
  Merging $auto$simplemap.cc:277:simplemap_mux$8774 (A=1'0, B=$auto$alumacc.cc:474:replace_alu$4776.BB [9], S=\resetn) into $auto$simplemap.cc:420:simplemap_dff$6786 (SB_DFFE).
  Merging $auto$simplemap.cc:277:simplemap_mux$8837 (A=1'0, B=$techmap\u_core.$procmux$3150_Y [8], S=\resetn) into $auto$simplemap.cc:420:simplemap_dff$6753 (SB_DFFE).
  Merging $auto$simplemap.cc:277:simplemap_mux$8775 (A=1'0, B=$auto$alumacc.cc:474:replace_alu$4776.BB [10], S=\resetn) into $auto$simplemap.cc:420:simplemap_dff$6787 (SB_DFFE).
  Merging $auto$simplemap.cc:277:simplemap_mux$8776 (A=1'0, B=$auto$alumacc.cc:474:replace_alu$4776.BB [11], S=\resetn) into $auto$simplemap.cc:420:simplemap_dff$6788 (SB_DFFE).
  Merging $auto$simplemap.cc:277:simplemap_mux$8777 (A=1'0, B=$auto$alumacc.cc:474:replace_alu$4776.BB [12], S=\resetn) into $auto$simplemap.cc:420:simplemap_dff$6789 (SB_DFFE).
  Merging $auto$simplemap.cc:277:simplemap_mux$8778 (A=1'0, B=$auto$alumacc.cc:474:replace_alu$4776.BB [13], S=\resetn) into $auto$simplemap.cc:420:simplemap_dff$6790 (SB_DFFE).
  Merging $auto$simplemap.cc:277:simplemap_mux$8779 (A=1'0, B=$auto$alumacc.cc:474:replace_alu$4776.BB [14], S=\resetn) into $auto$simplemap.cc:420:simplemap_dff$6791 (SB_DFFE).
  Merging $auto$simplemap.cc:277:simplemap_mux$8780 (A=1'0, B=$auto$alumacc.cc:474:replace_alu$4776.BB [15], S=\resetn) into $auto$simplemap.cc:420:simplemap_dff$6792 (SB_DFFE).
  Merging $auto$simplemap.cc:277:simplemap_mux$8781 (A=1'0, B=$auto$alumacc.cc:474:replace_alu$4776.BB [16], S=\resetn) into $auto$simplemap.cc:420:simplemap_dff$6793 (SB_DFFE).
  Merging $auto$simplemap.cc:277:simplemap_mux$8782 (A=1'0, B=$auto$alumacc.cc:474:replace_alu$4776.BB [17], S=\resetn) into $auto$simplemap.cc:420:simplemap_dff$6794 (SB_DFFE).
  Merging $auto$simplemap.cc:277:simplemap_mux$8783 (A=1'0, B=$auto$alumacc.cc:474:replace_alu$4776.BB [18], S=\resetn) into $auto$simplemap.cc:420:simplemap_dff$6795 (SB_DFFE).
  Merging $auto$simplemap.cc:277:simplemap_mux$8784 (A=1'0, B=$auto$alumacc.cc:474:replace_alu$4776.BB [19], S=\resetn) into $auto$simplemap.cc:420:simplemap_dff$6796 (SB_DFFE).
  Merging $auto$simplemap.cc:277:simplemap_mux$8785 (A=1'0, B=$auto$alumacc.cc:474:replace_alu$4776.BB [20], S=\resetn) into $auto$simplemap.cc:420:simplemap_dff$6797 (SB_DFFE).
  Merging $auto$simplemap.cc:277:simplemap_mux$8786 (A=1'0, B=$auto$alumacc.cc:474:replace_alu$4776.BB [21], S=\resetn) into $auto$simplemap.cc:420:simplemap_dff$6798 (SB_DFFE).
  Merging $auto$simplemap.cc:277:simplemap_mux$8787 (A=1'0, B=$auto$alumacc.cc:474:replace_alu$4776.BB [22], S=\resetn) into $auto$simplemap.cc:420:simplemap_dff$6799 (SB_DFFE).
  Merging $auto$simplemap.cc:277:simplemap_mux$8788 (A=1'0, B=$auto$alumacc.cc:474:replace_alu$4776.BB [23], S=\resetn) into $auto$simplemap.cc:420:simplemap_dff$6800 (SB_DFFE).
  Merging $auto$simplemap.cc:277:simplemap_mux$8789 (A=1'0, B=$auto$alumacc.cc:474:replace_alu$4776.BB [24], S=\resetn) into $auto$simplemap.cc:420:simplemap_dff$6801 (SB_DFFE).
  Merging $auto$simplemap.cc:277:simplemap_mux$8790 (A=1'0, B=$auto$alumacc.cc:474:replace_alu$4776.BB [25], S=\resetn) into $auto$simplemap.cc:420:simplemap_dff$6802 (SB_DFFE).
  Merging $auto$simplemap.cc:277:simplemap_mux$8791 (A=1'0, B=$auto$alumacc.cc:474:replace_alu$4776.BB [26], S=\resetn) into $auto$simplemap.cc:420:simplemap_dff$6803 (SB_DFFE).
  Merging $auto$simplemap.cc:277:simplemap_mux$8792 (A=1'0, B=$auto$alumacc.cc:474:replace_alu$4776.BB [27], S=\resetn) into $auto$simplemap.cc:420:simplemap_dff$6804 (SB_DFFE).
  Merging $auto$simplemap.cc:277:simplemap_mux$8793 (A=1'0, B=$auto$alumacc.cc:474:replace_alu$4776.BB [28], S=\resetn) into $auto$simplemap.cc:420:simplemap_dff$6805 (SB_DFFE).
  Merging $auto$simplemap.cc:277:simplemap_mux$8794 (A=1'0, B=$auto$alumacc.cc:474:replace_alu$4776.BB [29], S=\resetn) into $auto$simplemap.cc:420:simplemap_dff$6806 (SB_DFFE).
  Merging $auto$simplemap.cc:277:simplemap_mux$8795 (A=1'0, B=$auto$alumacc.cc:474:replace_alu$4776.BB [30], S=\resetn) into $auto$simplemap.cc:420:simplemap_dff$6807 (SB_DFFE).
  Merging $auto$simplemap.cc:277:simplemap_mux$8796 (A=1'0, B=$auto$alumacc.cc:474:replace_alu$4776.BB [31], S=\resetn) into $auto$simplemap.cc:420:simplemap_dff$6808 (SB_DFFE).
  Merging $auto$simplemap.cc:277:simplemap_mux$8573 (A=1'0, B=$techmap\u_core.$add$../picorv32.v:1598$1455_Y [0], S=\resetn) into $auto$simplemap.cc:420:simplemap_dff$6809 (SB_DFFE).
  Merging $auto$simplemap.cc:277:simplemap_mux$8574 (A=1'0, B=$auto$simplemap.cc:309:simplemap_lut$27454 [1], S=\resetn) into $auto$simplemap.cc:420:simplemap_dff$6810 (SB_DFFE).
  Merging $auto$simplemap.cc:277:simplemap_mux$8575 (A=1'0, B=$techmap\u_core.$add$../picorv32.v:1598$1455_Y [2], S=\resetn) into $auto$simplemap.cc:420:simplemap_dff$6811 (SB_DFFE).
  Merging $auto$simplemap.cc:277:simplemap_mux$8576 (A=1'0, B=$techmap\u_core.$add$../picorv32.v:1598$1455_Y [3], S=\resetn) into $auto$simplemap.cc:420:simplemap_dff$6812 (SB_DFFE).
  Merging $auto$simplemap.cc:277:simplemap_mux$8577 (A=1'0, B=$techmap\u_core.$add$../picorv32.v:1598$1455_Y [4], S=\resetn) into $auto$simplemap.cc:420:simplemap_dff$6813 (SB_DFFE).
  Merging $auto$simplemap.cc:277:simplemap_mux$8578 (A=1'0, B=$techmap\u_core.$add$../picorv32.v:1598$1455_Y [5], S=\resetn) into $auto$simplemap.cc:420:simplemap_dff$6814 (SB_DFFE).
  Merging $auto$simplemap.cc:277:simplemap_mux$8579 (A=1'0, B=$techmap\u_core.$add$../picorv32.v:1598$1455_Y [6], S=\resetn) into $auto$simplemap.cc:420:simplemap_dff$6815 (SB_DFFE).
  Merging $auto$simplemap.cc:277:simplemap_mux$8580 (A=1'0, B=$techmap\u_core.$add$../picorv32.v:1598$1455_Y [7], S=\resetn) into $auto$simplemap.cc:420:simplemap_dff$6816 (SB_DFFE).
  Merging $auto$simplemap.cc:277:simplemap_mux$8582 (A=1'0, B=$techmap\u_core.$add$../picorv32.v:1598$1455_Y [9], S=\resetn) into $auto$simplemap.cc:420:simplemap_dff$6818 (SB_DFFE).
  Merging $auto$simplemap.cc:277:simplemap_mux$8773 (A=1'0, B=$auto$alumacc.cc:474:replace_alu$4776.BB [8], S=\resetn) into $auto$simplemap.cc:420:simplemap_dff$6785 (SB_DFFE).
  Merging $auto$simplemap.cc:277:simplemap_mux$8583 (A=1'0, B=$techmap\u_core.$add$../picorv32.v:1598$1455_Y [10], S=\resetn) into $auto$simplemap.cc:420:simplemap_dff$6819 (SB_DFFE).
  Merging $auto$simplemap.cc:277:simplemap_mux$8584 (A=1'0, B=$techmap\u_core.$add$../picorv32.v:1598$1455_Y [11], S=\resetn) into $auto$simplemap.cc:420:simplemap_dff$6820 (SB_DFFE).
  Merging $auto$simplemap.cc:277:simplemap_mux$8585 (A=1'0, B=$techmap\u_core.$add$../picorv32.v:1598$1455_Y [12], S=\resetn) into $auto$simplemap.cc:420:simplemap_dff$6821 (SB_DFFE).
  Merging $auto$simplemap.cc:277:simplemap_mux$8586 (A=1'0, B=$techmap\u_core.$add$../picorv32.v:1598$1455_Y [13], S=\resetn) into $auto$simplemap.cc:420:simplemap_dff$6822 (SB_DFFE).
  Merging $auto$simplemap.cc:277:simplemap_mux$8587 (A=1'0, B=$techmap\u_core.$add$../picorv32.v:1598$1455_Y [14], S=\resetn) into $auto$simplemap.cc:420:simplemap_dff$6823 (SB_DFFE).
  Merging $auto$simplemap.cc:277:simplemap_mux$8588 (A=1'0, B=$techmap\u_core.$add$../picorv32.v:1598$1455_Y [15], S=\resetn) into $auto$simplemap.cc:420:simplemap_dff$6824 (SB_DFFE).
  Merging $auto$simplemap.cc:277:simplemap_mux$8589 (A=1'0, B=$techmap\u_core.$add$../picorv32.v:1598$1455_Y [16], S=\resetn) into $auto$simplemap.cc:420:simplemap_dff$6825 (SB_DFFE).
  Merging $auto$simplemap.cc:277:simplemap_mux$8590 (A=1'0, B=$techmap\u_core.$add$../picorv32.v:1598$1455_Y [17], S=\resetn) into $auto$simplemap.cc:420:simplemap_dff$6826 (SB_DFFE).
  Merging $auto$simplemap.cc:277:simplemap_mux$8591 (A=1'0, B=$techmap\u_core.$add$../picorv32.v:1598$1455_Y [18], S=\resetn) into $auto$simplemap.cc:420:simplemap_dff$6827 (SB_DFFE).
  Merging $auto$simplemap.cc:277:simplemap_mux$8592 (A=1'0, B=$techmap\u_core.$add$../picorv32.v:1598$1455_Y [19], S=\resetn) into $auto$simplemap.cc:420:simplemap_dff$6828 (SB_DFFE).
  Merging $auto$simplemap.cc:277:simplemap_mux$8593 (A=1'0, B=$techmap\u_core.$add$../picorv32.v:1598$1455_Y [20], S=\resetn) into $auto$simplemap.cc:420:simplemap_dff$6829 (SB_DFFE).
  Merging $auto$simplemap.cc:277:simplemap_mux$8594 (A=1'0, B=$techmap\u_core.$add$../picorv32.v:1598$1455_Y [21], S=\resetn) into $auto$simplemap.cc:420:simplemap_dff$6830 (SB_DFFE).
  Merging $auto$simplemap.cc:277:simplemap_mux$8595 (A=1'0, B=$techmap\u_core.$add$../picorv32.v:1598$1455_Y [22], S=\resetn) into $auto$simplemap.cc:420:simplemap_dff$6831 (SB_DFFE).
  Merging $auto$simplemap.cc:277:simplemap_mux$8596 (A=1'0, B=$techmap\u_core.$add$../picorv32.v:1598$1455_Y [23], S=\resetn) into $auto$simplemap.cc:420:simplemap_dff$6832 (SB_DFFE).
  Merging $auto$simplemap.cc:277:simplemap_mux$8597 (A=1'0, B=$techmap\u_core.$add$../picorv32.v:1598$1455_Y [24], S=\resetn) into $auto$simplemap.cc:420:simplemap_dff$6833 (SB_DFFE).
  Merging $auto$simplemap.cc:277:simplemap_mux$8598 (A=1'0, B=$techmap\u_core.$add$../picorv32.v:1598$1455_Y [25], S=\resetn) into $auto$simplemap.cc:420:simplemap_dff$6834 (SB_DFFE).
  Merging $auto$simplemap.cc:277:simplemap_mux$8599 (A=1'0, B=$techmap\u_core.$add$../picorv32.v:1598$1455_Y [26], S=\resetn) into $auto$simplemap.cc:420:simplemap_dff$6835 (SB_DFFE).
  Merging $auto$simplemap.cc:277:simplemap_mux$8600 (A=1'0, B=$techmap\u_core.$add$../picorv32.v:1598$1455_Y [27], S=\resetn) into $auto$simplemap.cc:420:simplemap_dff$6836 (SB_DFFE).
  Merging $auto$simplemap.cc:277:simplemap_mux$8601 (A=1'0, B=$techmap\u_core.$add$../picorv32.v:1598$1455_Y [28], S=\resetn) into $auto$simplemap.cc:420:simplemap_dff$6837 (SB_DFFE).
  Merging $auto$simplemap.cc:277:simplemap_mux$8602 (A=1'0, B=$techmap\u_core.$add$../picorv32.v:1598$1455_Y [29], S=\resetn) into $auto$simplemap.cc:420:simplemap_dff$6838 (SB_DFFE).
  Merging $auto$simplemap.cc:277:simplemap_mux$8603 (A=1'0, B=$techmap\u_core.$add$../picorv32.v:1598$1455_Y [30], S=\resetn) into $auto$simplemap.cc:420:simplemap_dff$6839 (SB_DFFE).
  Merging $auto$simplemap.cc:277:simplemap_mux$8604 (A=1'0, B=$techmap\u_core.$add$../picorv32.v:1598$1455_Y [31], S=\resetn) into $auto$simplemap.cc:420:simplemap_dff$6840 (SB_DFFE).
  Merging $auto$simplemap.cc:277:simplemap_mux$8605 (A=1'0, B=$techmap\u_core.$add$../picorv32.v:1598$1455_Y [32], S=\resetn) into $auto$simplemap.cc:420:simplemap_dff$6841 (SB_DFFE).
  Merging $auto$simplemap.cc:277:simplemap_mux$8606 (A=1'0, B=$techmap\u_core.$add$../picorv32.v:1598$1455_Y [33], S=\resetn) into $auto$simplemap.cc:420:simplemap_dff$6842 (SB_DFFE).
  Merging $auto$simplemap.cc:277:simplemap_mux$8607 (A=1'0, B=$techmap\u_core.$add$../picorv32.v:1598$1455_Y [34], S=\resetn) into $auto$simplemap.cc:420:simplemap_dff$6843 (SB_DFFE).
  Merging $auto$simplemap.cc:277:simplemap_mux$8608 (A=1'0, B=$techmap\u_core.$add$../picorv32.v:1598$1455_Y [35], S=\resetn) into $auto$simplemap.cc:420:simplemap_dff$6844 (SB_DFFE).
  Merging $auto$simplemap.cc:277:simplemap_mux$8609 (A=1'0, B=$techmap\u_core.$add$../picorv32.v:1598$1455_Y [36], S=\resetn) into $auto$simplemap.cc:420:simplemap_dff$6845 (SB_DFFE).
  Merging $auto$simplemap.cc:277:simplemap_mux$8610 (A=1'0, B=$techmap\u_core.$add$../picorv32.v:1598$1455_Y [37], S=\resetn) into $auto$simplemap.cc:420:simplemap_dff$6846 (SB_DFFE).
  Merging $auto$simplemap.cc:277:simplemap_mux$8611 (A=1'0, B=$techmap\u_core.$add$../picorv32.v:1598$1455_Y [38], S=\resetn) into $auto$simplemap.cc:420:simplemap_dff$6847 (SB_DFFE).
  Merging $auto$simplemap.cc:277:simplemap_mux$8612 (A=1'0, B=$techmap\u_core.$add$../picorv32.v:1598$1455_Y [39], S=\resetn) into $auto$simplemap.cc:420:simplemap_dff$6848 (SB_DFFE).
  Merging $auto$simplemap.cc:277:simplemap_mux$8613 (A=1'0, B=$techmap\u_core.$add$../picorv32.v:1598$1455_Y [40], S=\resetn) into $auto$simplemap.cc:420:simplemap_dff$6849 (SB_DFFE).
  Merging $auto$simplemap.cc:277:simplemap_mux$8614 (A=1'0, B=$techmap\u_core.$add$../picorv32.v:1598$1455_Y [41], S=\resetn) into $auto$simplemap.cc:420:simplemap_dff$6850 (SB_DFFE).
  Merging $auto$simplemap.cc:277:simplemap_mux$8615 (A=1'0, B=$techmap\u_core.$add$../picorv32.v:1598$1455_Y [42], S=\resetn) into $auto$simplemap.cc:420:simplemap_dff$6851 (SB_DFFE).
  Merging $auto$simplemap.cc:277:simplemap_mux$8616 (A=1'0, B=$techmap\u_core.$add$../picorv32.v:1598$1455_Y [43], S=\resetn) into $auto$simplemap.cc:420:simplemap_dff$6852 (SB_DFFE).
  Merging $auto$simplemap.cc:277:simplemap_mux$8617 (A=1'0, B=$techmap\u_core.$add$../picorv32.v:1598$1455_Y [44], S=\resetn) into $auto$simplemap.cc:420:simplemap_dff$6853 (SB_DFFE).
  Merging $auto$simplemap.cc:277:simplemap_mux$8618 (A=1'0, B=$techmap\u_core.$add$../picorv32.v:1598$1455_Y [45], S=\resetn) into $auto$simplemap.cc:420:simplemap_dff$6854 (SB_DFFE).
  Merging $auto$simplemap.cc:277:simplemap_mux$8619 (A=1'0, B=$techmap\u_core.$add$../picorv32.v:1598$1455_Y [46], S=\resetn) into $auto$simplemap.cc:420:simplemap_dff$6855 (SB_DFFE).
  Merging $auto$simplemap.cc:277:simplemap_mux$8620 (A=1'0, B=$techmap\u_core.$add$../picorv32.v:1598$1455_Y [47], S=\resetn) into $auto$simplemap.cc:420:simplemap_dff$6856 (SB_DFFE).
  Merging $auto$simplemap.cc:277:simplemap_mux$8621 (A=1'0, B=$techmap\u_core.$add$../picorv32.v:1598$1455_Y [48], S=\resetn) into $auto$simplemap.cc:420:simplemap_dff$6857 (SB_DFFE).
  Merging $auto$simplemap.cc:277:simplemap_mux$8622 (A=1'0, B=$techmap\u_core.$add$../picorv32.v:1598$1455_Y [49], S=\resetn) into $auto$simplemap.cc:420:simplemap_dff$6858 (SB_DFFE).
  Merging $auto$simplemap.cc:277:simplemap_mux$8623 (A=1'0, B=$techmap\u_core.$add$../picorv32.v:1598$1455_Y [50], S=\resetn) into $auto$simplemap.cc:420:simplemap_dff$6859 (SB_DFFE).
  Merging $auto$simplemap.cc:277:simplemap_mux$8624 (A=1'0, B=$techmap\u_core.$add$../picorv32.v:1598$1455_Y [51], S=\resetn) into $auto$simplemap.cc:420:simplemap_dff$6860 (SB_DFFE).
  Merging $auto$simplemap.cc:277:simplemap_mux$8625 (A=1'0, B=$techmap\u_core.$add$../picorv32.v:1598$1455_Y [52], S=\resetn) into $auto$simplemap.cc:420:simplemap_dff$6861 (SB_DFFE).
  Merging $auto$simplemap.cc:277:simplemap_mux$8626 (A=1'0, B=$techmap\u_core.$add$../picorv32.v:1598$1455_Y [53], S=\resetn) into $auto$simplemap.cc:420:simplemap_dff$6862 (SB_DFFE).
  Merging $auto$simplemap.cc:277:simplemap_mux$8627 (A=1'0, B=$techmap\u_core.$add$../picorv32.v:1598$1455_Y [54], S=\resetn) into $auto$simplemap.cc:420:simplemap_dff$6863 (SB_DFFE).
  Merging $auto$simplemap.cc:277:simplemap_mux$8628 (A=1'0, B=$techmap\u_core.$add$../picorv32.v:1598$1455_Y [55], S=\resetn) into $auto$simplemap.cc:420:simplemap_dff$6864 (SB_DFFE).
  Merging $auto$simplemap.cc:277:simplemap_mux$8629 (A=1'0, B=$techmap\u_core.$add$../picorv32.v:1598$1455_Y [56], S=\resetn) into $auto$simplemap.cc:420:simplemap_dff$6865 (SB_DFFE).
  Merging $auto$simplemap.cc:277:simplemap_mux$8630 (A=1'0, B=$techmap\u_core.$add$../picorv32.v:1598$1455_Y [57], S=\resetn) into $auto$simplemap.cc:420:simplemap_dff$6866 (SB_DFFE).
  Merging $auto$simplemap.cc:277:simplemap_mux$8631 (A=1'0, B=$techmap\u_core.$add$../picorv32.v:1598$1455_Y [58], S=\resetn) into $auto$simplemap.cc:420:simplemap_dff$6867 (SB_DFFE).
  Merging $auto$simplemap.cc:277:simplemap_mux$8632 (A=1'0, B=$techmap\u_core.$add$../picorv32.v:1598$1455_Y [59], S=\resetn) into $auto$simplemap.cc:420:simplemap_dff$6868 (SB_DFFE).
  Merging $auto$simplemap.cc:277:simplemap_mux$8633 (A=1'0, B=$techmap\u_core.$add$../picorv32.v:1598$1455_Y [60], S=\resetn) into $auto$simplemap.cc:420:simplemap_dff$6869 (SB_DFFE).
  Merging $auto$simplemap.cc:277:simplemap_mux$8634 (A=1'0, B=$techmap\u_core.$add$../picorv32.v:1598$1455_Y [61], S=\resetn) into $auto$simplemap.cc:420:simplemap_dff$6870 (SB_DFFE).
  Merging $auto$simplemap.cc:277:simplemap_mux$8635 (A=1'0, B=$techmap\u_core.$add$../picorv32.v:1598$1455_Y [62], S=\resetn) into $auto$simplemap.cc:420:simplemap_dff$6871 (SB_DFFE).
  Merging $auto$simplemap.cc:277:simplemap_mux$8636 (A=1'0, B=$techmap\u_core.$add$../picorv32.v:1598$1455_Y [63], S=\resetn) into $auto$simplemap.cc:420:simplemap_dff$6872 (SB_DFFE).
  Merging $auto$simplemap.cc:277:simplemap_mux$9852 (A=1'0, B=$techmap\u_core.$add$../picorv32.v:1467$1402_Y [0], S=\resetn) into $auto$simplemap.cc:420:simplemap_dff$6873 (SB_DFF).
  Merging $auto$simplemap.cc:277:simplemap_mux$9853 (A=1'0, B=$auto$simplemap.cc:309:simplemap_lut$27416 [1], S=\resetn) into $auto$simplemap.cc:420:simplemap_dff$6874 (SB_DFFE).
  Merging $auto$simplemap.cc:277:simplemap_mux$9854 (A=1'0, B=$techmap\u_core.$add$../picorv32.v:1467$1402_Y [2], S=\resetn) into $auto$simplemap.cc:420:simplemap_dff$6875 (SB_DFF).
  Merging $auto$simplemap.cc:277:simplemap_mux$9855 (A=1'0, B=$techmap\u_core.$add$../picorv32.v:1467$1402_Y [3], S=\resetn) into $auto$simplemap.cc:420:simplemap_dff$6876 (SB_DFF).
  Merging $auto$simplemap.cc:277:simplemap_mux$9856 (A=1'0, B=$techmap\u_core.$add$../picorv32.v:1467$1402_Y [4], S=\resetn) into $auto$simplemap.cc:420:simplemap_dff$6877 (SB_DFF).
  Merging $auto$simplemap.cc:277:simplemap_mux$9857 (A=1'0, B=$techmap\u_core.$add$../picorv32.v:1467$1402_Y [5], S=\resetn) into $auto$simplemap.cc:420:simplemap_dff$6878 (SB_DFF).
  Merging $auto$simplemap.cc:277:simplemap_mux$9858 (A=1'0, B=$techmap\u_core.$add$../picorv32.v:1467$1402_Y [6], S=\resetn) into $auto$simplemap.cc:420:simplemap_dff$6879 (SB_DFF).
  Merging $auto$simplemap.cc:277:simplemap_mux$9859 (A=1'0, B=$techmap\u_core.$add$../picorv32.v:1467$1402_Y [7], S=\resetn) into $auto$simplemap.cc:420:simplemap_dff$6880 (SB_DFF).
  Merging $auto$simplemap.cc:277:simplemap_mux$9861 (A=1'0, B=$techmap\u_core.$add$../picorv32.v:1467$1402_Y [9], S=\resetn) into $auto$simplemap.cc:420:simplemap_dff$6882 (SB_DFF).
  Merging $auto$simplemap.cc:277:simplemap_mux$8581 (A=1'0, B=$techmap\u_core.$add$../picorv32.v:1598$1455_Y [8], S=\resetn) into $auto$simplemap.cc:420:simplemap_dff$6817 (SB_DFFE).
  Merging $auto$simplemap.cc:277:simplemap_mux$9862 (A=1'0, B=$techmap\u_core.$add$../picorv32.v:1467$1402_Y [10], S=\resetn) into $auto$simplemap.cc:420:simplemap_dff$6883 (SB_DFF).
  Merging $auto$simplemap.cc:277:simplemap_mux$9863 (A=1'0, B=$techmap\u_core.$add$../picorv32.v:1467$1402_Y [11], S=\resetn) into $auto$simplemap.cc:420:simplemap_dff$6884 (SB_DFF).
  Merging $auto$simplemap.cc:277:simplemap_mux$9864 (A=1'0, B=$techmap\u_core.$add$../picorv32.v:1467$1402_Y [12], S=\resetn) into $auto$simplemap.cc:420:simplemap_dff$6885 (SB_DFF).
  Merging $auto$simplemap.cc:277:simplemap_mux$9865 (A=1'0, B=$techmap\u_core.$add$../picorv32.v:1467$1402_Y [13], S=\resetn) into $auto$simplemap.cc:420:simplemap_dff$6886 (SB_DFF).
  Merging $auto$simplemap.cc:277:simplemap_mux$9866 (A=1'0, B=$techmap\u_core.$add$../picorv32.v:1467$1402_Y [14], S=\resetn) into $auto$simplemap.cc:420:simplemap_dff$6887 (SB_DFF).
  Merging $auto$simplemap.cc:277:simplemap_mux$9867 (A=1'0, B=$techmap\u_core.$add$../picorv32.v:1467$1402_Y [15], S=\resetn) into $auto$simplemap.cc:420:simplemap_dff$6888 (SB_DFF).
  Merging $auto$simplemap.cc:277:simplemap_mux$9868 (A=1'0, B=$techmap\u_core.$add$../picorv32.v:1467$1402_Y [16], S=\resetn) into $auto$simplemap.cc:420:simplemap_dff$6889 (SB_DFF).
  Merging $auto$simplemap.cc:277:simplemap_mux$9869 (A=1'0, B=$techmap\u_core.$add$../picorv32.v:1467$1402_Y [17], S=\resetn) into $auto$simplemap.cc:420:simplemap_dff$6890 (SB_DFF).
  Merging $auto$simplemap.cc:277:simplemap_mux$9870 (A=1'0, B=$techmap\u_core.$add$../picorv32.v:1467$1402_Y [18], S=\resetn) into $auto$simplemap.cc:420:simplemap_dff$6891 (SB_DFF).
  Merging $auto$simplemap.cc:277:simplemap_mux$9871 (A=1'0, B=$techmap\u_core.$add$../picorv32.v:1467$1402_Y [19], S=\resetn) into $auto$simplemap.cc:420:simplemap_dff$6892 (SB_DFF).
  Merging $auto$simplemap.cc:277:simplemap_mux$9872 (A=1'0, B=$techmap\u_core.$add$../picorv32.v:1467$1402_Y [20], S=\resetn) into $auto$simplemap.cc:420:simplemap_dff$6893 (SB_DFF).
  Merging $auto$simplemap.cc:277:simplemap_mux$9873 (A=1'0, B=$techmap\u_core.$add$../picorv32.v:1467$1402_Y [21], S=\resetn) into $auto$simplemap.cc:420:simplemap_dff$6894 (SB_DFF).
  Merging $auto$simplemap.cc:277:simplemap_mux$9874 (A=1'0, B=$techmap\u_core.$add$../picorv32.v:1467$1402_Y [22], S=\resetn) into $auto$simplemap.cc:420:simplemap_dff$6895 (SB_DFF).
  Merging $auto$simplemap.cc:277:simplemap_mux$9875 (A=1'0, B=$techmap\u_core.$add$../picorv32.v:1467$1402_Y [23], S=\resetn) into $auto$simplemap.cc:420:simplemap_dff$6896 (SB_DFF).
  Merging $auto$simplemap.cc:277:simplemap_mux$9876 (A=1'0, B=$techmap\u_core.$add$../picorv32.v:1467$1402_Y [24], S=\resetn) into $auto$simplemap.cc:420:simplemap_dff$6897 (SB_DFF).
  Merging $auto$simplemap.cc:277:simplemap_mux$9877 (A=1'0, B=$techmap\u_core.$add$../picorv32.v:1467$1402_Y [25], S=\resetn) into $auto$simplemap.cc:420:simplemap_dff$6898 (SB_DFF).
  Merging $auto$simplemap.cc:277:simplemap_mux$9878 (A=1'0, B=$techmap\u_core.$add$../picorv32.v:1467$1402_Y [26], S=\resetn) into $auto$simplemap.cc:420:simplemap_dff$6899 (SB_DFF).
  Merging $auto$simplemap.cc:277:simplemap_mux$9879 (A=1'0, B=$techmap\u_core.$add$../picorv32.v:1467$1402_Y [27], S=\resetn) into $auto$simplemap.cc:420:simplemap_dff$6900 (SB_DFF).
  Merging $auto$simplemap.cc:277:simplemap_mux$9880 (A=1'0, B=$techmap\u_core.$add$../picorv32.v:1467$1402_Y [28], S=\resetn) into $auto$simplemap.cc:420:simplemap_dff$6901 (SB_DFF).
  Merging $auto$simplemap.cc:277:simplemap_mux$9881 (A=1'0, B=$techmap\u_core.$add$../picorv32.v:1467$1402_Y [29], S=\resetn) into $auto$simplemap.cc:420:simplemap_dff$6902 (SB_DFF).
  Merging $auto$simplemap.cc:277:simplemap_mux$9882 (A=1'0, B=$techmap\u_core.$add$../picorv32.v:1467$1402_Y [30], S=\resetn) into $auto$simplemap.cc:420:simplemap_dff$6903 (SB_DFF).
  Merging $auto$simplemap.cc:277:simplemap_mux$9883 (A=1'0, B=$techmap\u_core.$add$../picorv32.v:1467$1402_Y [31], S=\resetn) into $auto$simplemap.cc:420:simplemap_dff$6904 (SB_DFF).
  Merging $auto$simplemap.cc:277:simplemap_mux$9884 (A=1'0, B=$techmap\u_core.$add$../picorv32.v:1467$1402_Y [32], S=\resetn) into $auto$simplemap.cc:420:simplemap_dff$6905 (SB_DFF).
  Merging $auto$simplemap.cc:277:simplemap_mux$9885 (A=1'0, B=$techmap\u_core.$add$../picorv32.v:1467$1402_Y [33], S=\resetn) into $auto$simplemap.cc:420:simplemap_dff$6906 (SB_DFF).
  Merging $auto$simplemap.cc:277:simplemap_mux$9886 (A=1'0, B=$techmap\u_core.$add$../picorv32.v:1467$1402_Y [34], S=\resetn) into $auto$simplemap.cc:420:simplemap_dff$6907 (SB_DFF).
  Merging $auto$simplemap.cc:277:simplemap_mux$9887 (A=1'0, B=$techmap\u_core.$add$../picorv32.v:1467$1402_Y [35], S=\resetn) into $auto$simplemap.cc:420:simplemap_dff$6908 (SB_DFF).
  Merging $auto$simplemap.cc:277:simplemap_mux$9888 (A=1'0, B=$techmap\u_core.$add$../picorv32.v:1467$1402_Y [36], S=\resetn) into $auto$simplemap.cc:420:simplemap_dff$6909 (SB_DFF).
  Merging $auto$simplemap.cc:277:simplemap_mux$9889 (A=1'0, B=$techmap\u_core.$add$../picorv32.v:1467$1402_Y [37], S=\resetn) into $auto$simplemap.cc:420:simplemap_dff$6910 (SB_DFF).
  Merging $auto$simplemap.cc:277:simplemap_mux$9890 (A=1'0, B=$techmap\u_core.$add$../picorv32.v:1467$1402_Y [38], S=\resetn) into $auto$simplemap.cc:420:simplemap_dff$6911 (SB_DFF).
  Merging $auto$simplemap.cc:277:simplemap_mux$9891 (A=1'0, B=$techmap\u_core.$add$../picorv32.v:1467$1402_Y [39], S=\resetn) into $auto$simplemap.cc:420:simplemap_dff$6912 (SB_DFF).
  Merging $auto$simplemap.cc:277:simplemap_mux$9892 (A=1'0, B=$techmap\u_core.$add$../picorv32.v:1467$1402_Y [40], S=\resetn) into $auto$simplemap.cc:420:simplemap_dff$6913 (SB_DFF).
  Merging $auto$simplemap.cc:277:simplemap_mux$9893 (A=1'0, B=$techmap\u_core.$add$../picorv32.v:1467$1402_Y [41], S=\resetn) into $auto$simplemap.cc:420:simplemap_dff$6914 (SB_DFF).
  Merging $auto$simplemap.cc:277:simplemap_mux$9894 (A=1'0, B=$techmap\u_core.$add$../picorv32.v:1467$1402_Y [42], S=\resetn) into $auto$simplemap.cc:420:simplemap_dff$6915 (SB_DFF).
  Merging $auto$simplemap.cc:277:simplemap_mux$9895 (A=1'0, B=$techmap\u_core.$add$../picorv32.v:1467$1402_Y [43], S=\resetn) into $auto$simplemap.cc:420:simplemap_dff$6916 (SB_DFF).
  Merging $auto$simplemap.cc:277:simplemap_mux$9896 (A=1'0, B=$techmap\u_core.$add$../picorv32.v:1467$1402_Y [44], S=\resetn) into $auto$simplemap.cc:420:simplemap_dff$6917 (SB_DFF).
  Merging $auto$simplemap.cc:277:simplemap_mux$9897 (A=1'0, B=$techmap\u_core.$add$../picorv32.v:1467$1402_Y [45], S=\resetn) into $auto$simplemap.cc:420:simplemap_dff$6918 (SB_DFF).
  Merging $auto$simplemap.cc:277:simplemap_mux$9898 (A=1'0, B=$techmap\u_core.$add$../picorv32.v:1467$1402_Y [46], S=\resetn) into $auto$simplemap.cc:420:simplemap_dff$6919 (SB_DFF).
  Merging $auto$simplemap.cc:277:simplemap_mux$9899 (A=1'0, B=$techmap\u_core.$add$../picorv32.v:1467$1402_Y [47], S=\resetn) into $auto$simplemap.cc:420:simplemap_dff$6920 (SB_DFF).
  Merging $auto$simplemap.cc:277:simplemap_mux$9900 (A=1'0, B=$techmap\u_core.$add$../picorv32.v:1467$1402_Y [48], S=\resetn) into $auto$simplemap.cc:420:simplemap_dff$6921 (SB_DFF).
  Merging $auto$simplemap.cc:277:simplemap_mux$9901 (A=1'0, B=$techmap\u_core.$add$../picorv32.v:1467$1402_Y [49], S=\resetn) into $auto$simplemap.cc:420:simplemap_dff$6922 (SB_DFF).
  Merging $auto$simplemap.cc:277:simplemap_mux$9902 (A=1'0, B=$techmap\u_core.$add$../picorv32.v:1467$1402_Y [50], S=\resetn) into $auto$simplemap.cc:420:simplemap_dff$6923 (SB_DFF).
  Merging $auto$simplemap.cc:277:simplemap_mux$9903 (A=1'0, B=$techmap\u_core.$add$../picorv32.v:1467$1402_Y [51], S=\resetn) into $auto$simplemap.cc:420:simplemap_dff$6924 (SB_DFF).
  Merging $auto$simplemap.cc:277:simplemap_mux$9904 (A=1'0, B=$techmap\u_core.$add$../picorv32.v:1467$1402_Y [52], S=\resetn) into $auto$simplemap.cc:420:simplemap_dff$6925 (SB_DFF).
  Merging $auto$simplemap.cc:277:simplemap_mux$9905 (A=1'0, B=$techmap\u_core.$add$../picorv32.v:1467$1402_Y [53], S=\resetn) into $auto$simplemap.cc:420:simplemap_dff$6926 (SB_DFF).
  Merging $auto$simplemap.cc:277:simplemap_mux$9906 (A=1'0, B=$techmap\u_core.$add$../picorv32.v:1467$1402_Y [54], S=\resetn) into $auto$simplemap.cc:420:simplemap_dff$6927 (SB_DFF).
  Merging $auto$simplemap.cc:277:simplemap_mux$9907 (A=1'0, B=$techmap\u_core.$add$../picorv32.v:1467$1402_Y [55], S=\resetn) into $auto$simplemap.cc:420:simplemap_dff$6928 (SB_DFF).
  Merging $auto$simplemap.cc:277:simplemap_mux$9908 (A=1'0, B=$techmap\u_core.$add$../picorv32.v:1467$1402_Y [56], S=\resetn) into $auto$simplemap.cc:420:simplemap_dff$6929 (SB_DFF).
  Merging $auto$simplemap.cc:277:simplemap_mux$9909 (A=1'0, B=$techmap\u_core.$add$../picorv32.v:1467$1402_Y [57], S=\resetn) into $auto$simplemap.cc:420:simplemap_dff$6930 (SB_DFF).
  Merging $auto$simplemap.cc:277:simplemap_mux$9910 (A=1'0, B=$techmap\u_core.$add$../picorv32.v:1467$1402_Y [58], S=\resetn) into $auto$simplemap.cc:420:simplemap_dff$6931 (SB_DFF).
  Merging $auto$simplemap.cc:277:simplemap_mux$9911 (A=1'0, B=$techmap\u_core.$add$../picorv32.v:1467$1402_Y [59], S=\resetn) into $auto$simplemap.cc:420:simplemap_dff$6932 (SB_DFF).
  Merging $auto$simplemap.cc:277:simplemap_mux$9912 (A=1'0, B=$techmap\u_core.$add$../picorv32.v:1467$1402_Y [60], S=\resetn) into $auto$simplemap.cc:420:simplemap_dff$6933 (SB_DFF).
  Merging $auto$simplemap.cc:277:simplemap_mux$9913 (A=1'0, B=$techmap\u_core.$add$../picorv32.v:1467$1402_Y [61], S=\resetn) into $auto$simplemap.cc:420:simplemap_dff$6934 (SB_DFF).
  Merging $auto$simplemap.cc:277:simplemap_mux$9914 (A=1'0, B=$techmap\u_core.$add$../picorv32.v:1467$1402_Y [62], S=\resetn) into $auto$simplemap.cc:420:simplemap_dff$6935 (SB_DFF).
  Merging $auto$simplemap.cc:277:simplemap_mux$9915 (A=1'0, B=$techmap\u_core.$add$../picorv32.v:1467$1402_Y [63], S=\resetn) into $auto$simplemap.cc:420:simplemap_dff$6936 (SB_DFF).
  Merging $auto$simplemap.cc:277:simplemap_mux$8568 (A=1'0, B=$techmap\u_core.$procmux$3252_Y, S=\resetn) into $auto$simplemap.cc:420:simplemap_dff$6937 (SB_DFFE).
  Merging $auto$simplemap.cc:277:simplemap_mux$9860 (A=1'0, B=$techmap\u_core.$add$../picorv32.v:1467$1402_Y [8], S=\resetn) into $auto$simplemap.cc:420:simplemap_dff$6881 (SB_DFF).

5.40. Executing ICE40_OPT pass (performing simple optimizations).

5.40.1. Running ICE40 specific optimizations.

5.40.2. Executing OPT_EXPR pass (perform const folding).
Optimizing module picorv32_baseline_b_wrapper.
<suppressed ~362 debug messages>

5.40.3. Executing OPT_MERGE pass (detect identical cells).
Finding identical cells in module `\picorv32_baseline_b_wrapper'.
<suppressed ~3510 debug messages>
Removed a total of 1170 cells.

5.40.4. Executing OPT_RMDFF pass (remove dff with constant values).

5.40.5. Executing OPT_CLEAN pass (remove unused cells and wires).
Finding unused cells or wires in module \picorv32_baseline_b_wrapper..
Removed 283 unused cells and 4888 unused wires.
<suppressed ~284 debug messages>

5.40.6. Rerunning OPT passes. (Removed registers in this run.)

5.40.7. Running ICE40 specific optimizations.

5.40.8. Executing OPT_EXPR pass (perform const folding).
Optimizing module picorv32_baseline_b_wrapper.
<suppressed ~12 debug messages>

5.40.9. Executing OPT_MERGE pass (detect identical cells).
Finding identical cells in module `\picorv32_baseline_b_wrapper'.
Removed a total of 0 cells.

5.40.10. Executing OPT_RMDFF pass (remove dff with constant values).

5.40.11. Executing OPT_CLEAN pass (remove unused cells and wires).
Finding unused cells or wires in module \picorv32_baseline_b_wrapper..

5.40.12. Rerunning OPT passes. (Removed registers in this run.)

5.40.13. Running ICE40 specific optimizations.

5.40.14. Executing OPT_EXPR pass (perform const folding).
Optimizing module picorv32_baseline_b_wrapper.

5.40.15. Executing OPT_MERGE pass (detect identical cells).
Finding identical cells in module `\picorv32_baseline_b_wrapper'.
Removed a total of 0 cells.

5.40.16. Executing OPT_RMDFF pass (remove dff with constant values).

5.40.17. Executing OPT_CLEAN pass (remove unused cells and wires).
Finding unused cells or wires in module \picorv32_baseline_b_wrapper..

5.40.18. Finished OPT passes. (There is nothing left to do.)

5.41. Executing TECHMAP pass (map to technology primitives).

5.41.1. Executing Verilog-2005 frontend: /usr/bin/../share/yosys/ice40/latches_map.v
Parsing Verilog input from `/usr/bin/../share/yosys/ice40/latches_map.v' to AST representation.
Generating RTLIL representation for module `\$_DLATCH_N_'.
Generating RTLIL representation for module `\$_DLATCH_P_'.
Successfully finished Verilog frontend.

5.41.2. Continuing TECHMAP pass.
No more expansions possible.

5.42. Executing ABC pass (technology mapping using ABC).

5.42.1. Extracting gate netlist of module `\picorv32_baseline_b_wrapper' to `<abc-temp-dir>/input.blif'..
Extracted 10308 gates and 11305 wires to a netlist network with 995 inputs and 592 outputs.

5.42.1.1. Executing ABC.
Running ABC command: berkeley-abc -s -f <abc-temp-dir>/abc.script 2>&1
ABC: ABC command line: "source <abc-temp-dir>/abc.script".
ABC: 
ABC: + read_blif <abc-temp-dir>/input.blif 
ABC: + read_lut <abc-temp-dir>/lutdefs.txt 
ABC: + strash 
ABC: + ifraig 
ABC: + scorr 
ABC: Warning: The network is combinational (run "fraig" or "fraig_sweep").
ABC: + dc2 
ABC: + dretime 
ABC: + retime 
ABC: + strash 
ABC: + dch -f 
ABC: + if 
ABC: + mfs2 
ABC: + lutpack -S 1 
ABC: + dress 
ABC: Total number of equiv classes                =    4148.
ABC: Participating nodes from both networks       =    8355.
ABC: Participating nodes from the first network   =    4150. (  89.65 % of nodes)
ABC: Participating nodes from the second network  =    4205. (  90.84 % of nodes)
ABC: Node pairs (any polarity)                    =    4150. (  89.65 % of names can be moved)
ABC: Node pairs (same polarity)                   =    2753. (  59.47 % of names can be moved)
ABC: Total runtime =     0.19 sec
ABC: + write_blif <abc-temp-dir>/output.blif 

5.42.1.2. Re-integrating ABC results.
ABC RESULTS:              $lut cells:     9256
ABC RESULTS:        internal signals:     9718
ABC RESULTS:           input signals:      995
ABC RESULTS:          output signals:      592
Removing temp directory.
Removed 0 unused cells and 2261 unused wires.

5.43. Executing TECHMAP pass (map to technology primitives).

5.43.1. Executing Verilog-2005 frontend: /usr/bin/../share/yosys/ice40/cells_map.v
Parsing Verilog input from `/usr/bin/../share/yosys/ice40/cells_map.v' to AST representation.
Generating RTLIL representation for module `\$_DFF_N_'.
Generating RTLIL representation for module `\$_DFF_P_'.
Generating RTLIL representation for module `\$_DFFE_NN_'.
Generating RTLIL representation for module `\$_DFFE_PN_'.
Generating RTLIL representation for module `\$_DFFE_NP_'.
Generating RTLIL representation for module `\$_DFFE_PP_'.
Generating RTLIL representation for module `\$_DFF_NN0_'.
Generating RTLIL representation for module `\$_DFF_NN1_'.
Generating RTLIL representation for module `\$_DFF_PN0_'.
Generating RTLIL representation for module `\$_DFF_PN1_'.
Generating RTLIL representation for module `\$_DFF_NP0_'.
Generating RTLIL representation for module `\$_DFF_NP1_'.
Generating RTLIL representation for module `\$_DFF_PP0_'.
Generating RTLIL representation for module `\$_DFF_PP1_'.
Generating RTLIL representation for module `\$__DFFE_NN0'.
Generating RTLIL representation for module `\$__DFFE_NN1'.
Generating RTLIL representation for module `\$__DFFE_PN0'.
Generating RTLIL representation for module `\$__DFFE_PN1'.
Generating RTLIL representation for module `\$__DFFE_NP0'.
Generating RTLIL representation for module `\$__DFFE_NP1'.
Generating RTLIL representation for module `\$__DFFE_PP0'.
Generating RTLIL representation for module `\$__DFFE_PP1'.
Generating RTLIL representation for module `\$lut'.
Successfully finished Verilog frontend.

5.43.2. Continuing TECHMAP pass.
Using template $paramod\$lut\WIDTH=4\LUT=16'1000000000000000 for cells of type $lut.
Using template $paramod\$lut\WIDTH=4\LUT=16'0111100010001000 for cells of type $lut.
Using template $paramod\$lut\WIDTH=4\LUT=16'0000000001111111 for cells of type $lut.
Using template $paramod\$lut\WIDTH=3\LUT=8'01111000 for cells of type $lut.
Using template $paramod\$lut\WIDTH=3\LUT=8'10010110 for cells of type $lut.
Using template $paramod\$lut\WIDTH=4\LUT=16'1011010001000100 for cells of type $lut.
Using template $paramod\$lut\WIDTH=4\LUT=16'0100000000000000 for cells of type $lut.
Using template $paramod\$lut\WIDTH=3\LUT=8'01101001 for cells of type $lut.
Using template $paramod\$lut\WIDTH=3\LUT=8'00101011 for cells of type $lut.
Using template $paramod\$lut\WIDTH=3\LUT=8'10110010 for cells of type $lut.
Using template $paramod\$lut\WIDTH=2\LUT=4'1001 for cells of type $lut.
Using template $paramod\$lut\WIDTH=4\LUT=16'1001011000000000 for cells of type $lut.
Using template $paramod\$lut\WIDTH=4\LUT=16'1001011001101001 for cells of type $lut.
Using template $paramod\$lut\WIDTH=2\LUT=4'1000 for cells of type $lut.
Using template $paramod\$lut\WIDTH=4\LUT=16'1101011100101000 for cells of type $lut.
Using template $paramod\$lut\WIDTH=4\LUT=16'1011001000101011 for cells of type $lut.
Using template $paramod\$lut\WIDTH=2\LUT=4'0110 for cells of type $lut.
Using template $paramod\$lut\WIDTH=3\LUT=8'00000111 for cells of type $lut.
Using template $paramod\$lut\WIDTH=4\LUT=16'0000000111111111 for cells of type $lut.
Using template $paramod\$lut\WIDTH=4\LUT=16'0101001111010101 for cells of type $lut.
Using template $paramod\$lut\WIDTH=4\LUT=16'0001011111111111 for cells of type $lut.
Using template $paramod\$lut\WIDTH=4\LUT=16'0001011101110111 for cells of type $lut.
Using template $paramod\$lut\WIDTH=3\LUT=8'01110001 for cells of type $lut.
Using template $paramod\$lut\WIDTH=4\LUT=16'0010101111010100 for cells of type $lut.
Using template $paramod\$lut\WIDTH=3\LUT=8'10100011 for cells of type $lut.
Using template $paramod\$lut\WIDTH=3\LUT=8'11010100 for cells of type $lut.
Using template $paramod\$lut\WIDTH=4\LUT=16'0110100110010110 for cells of type $lut.
Using template $paramod\$lut\WIDTH=3\LUT=8'00010111 for cells of type $lut.
Using template $paramod\$lut\WIDTH=3\LUT=8'01000000 for cells of type $lut.
Using template $paramod\$lut\WIDTH=3\LUT=8'00001011 for cells of type $lut.
Using template $paramod\$lut\WIDTH=4\LUT=16'0111000110001110 for cells of type $lut.
Using template $paramod\$lut\WIDTH=3\LUT=8'01100000 for cells of type $lut.
Using template $paramod\$lut\WIDTH=4\LUT=16'1011010011010010 for cells of type $lut.
Using template $paramod\$lut\WIDTH=4\LUT=16'0100110111010100 for cells of type $lut.
Using template $paramod\$lut\WIDTH=4\LUT=16'1000111001110001 for cells of type $lut.
Using template $paramod\$lut\WIDTH=4\LUT=16'0000000001110001 for cells of type $lut.
Using template $paramod\$lut\WIDTH=4\LUT=16'0001011101110001 for cells of type $lut.
Using template $paramod\$lut\WIDTH=2\LUT=4'0100 for cells of type $lut.
Using template $paramod\$lut\WIDTH=4\LUT=16'0111100010000111 for cells of type $lut.
Using template $paramod\$lut\WIDTH=3\LUT=8'10010000 for cells of type $lut.
Using template $paramod\$lut\WIDTH=4\LUT=16'0000011100001000 for cells of type $lut.
Using template $paramod\$lut\WIDTH=4\LUT=16'1000011101111000 for cells of type $lut.
Using template $paramod\$lut\WIDTH=4\LUT=16'1011001001001101 for cells of type $lut.
Using template $paramod\$lut\WIDTH=4\LUT=16'0110100100000000 for cells of type $lut.
Using template $paramod\$lut\WIDTH=3\LUT=8'10000000 for cells of type $lut.
Using template $paramod\$lut\WIDTH=4\LUT=16'1101010000101011 for cells of type $lut.
Using template $paramod\$lut\WIDTH=3\LUT=8'11100001 for cells of type $lut.
Using template $paramod\$lut\WIDTH=3\LUT=8'00010000 for cells of type $lut.
Using template $paramod\$lut\WIDTH=4\LUT=16'1111100000000111 for cells of type $lut.
Using template $paramod\$lut\WIDTH=4\LUT=16'1110100010001110 for cells of type $lut.
Using template $paramod\$lut\WIDTH=4\LUT=16'0000011111111000 for cells of type $lut.
Using template $paramod\$lut\WIDTH=4\LUT=16'1101001010110100 for cells of type $lut.
Using template $paramod\$lut\WIDTH=4\LUT=16'1011101001000001 for cells of type $lut.
Using template $paramod\$lut\WIDTH=4\LUT=16'0010110101000111 for cells of type $lut.
Using template $paramod\$lut\WIDTH=3\LUT=8'11000101 for cells of type $lut.
Using template $paramod\$lut\WIDTH=4\LUT=16'0000101111110100 for cells of type $lut.
Using template $paramod\$lut\WIDTH=4\LUT=16'0000000000001011 for cells of type $lut.
Using template $paramod\$lut\WIDTH=4\LUT=16'0000000010001111 for cells of type $lut.
Using template $paramod\$lut\WIDTH=2\LUT=4'0001 for cells of type $lut.
Using template $paramod\$lut\WIDTH=1\LUT=2'01 for cells of type $lut.
Using template $paramod\$lut\WIDTH=4\LUT=16'0111100000000000 for cells of type $lut.
Using template $paramod\$lut\WIDTH=2\LUT=4'0111 for cells of type $lut.
Using template $paramod\$lut\WIDTH=3\LUT=8'00000001 for cells of type $lut.
Using template $paramod\$lut\WIDTH=4\LUT=16'0000000000000001 for cells of type $lut.
Using template $paramod\$lut\WIDTH=4\LUT=16'0000000100000000 for cells of type $lut.
Using template $paramod\$lut\WIDTH=3\LUT=8'10111111 for cells of type $lut.
Using template $paramod\$lut\WIDTH=3\LUT=8'10011111 for cells of type $lut.
Using template $paramod\$lut\WIDTH=3\LUT=8'11111110 for cells of type $lut.
Using template $paramod\$lut\WIDTH=3\LUT=8'11100000 for cells of type $lut.
Using template $paramod\$lut\WIDTH=4\LUT=16'0001001100111111 for cells of type $lut.
Using template $paramod\$lut\WIDTH=4\LUT=16'0000101100000000 for cells of type $lut.
Using template $paramod\$lut\WIDTH=3\LUT=8'00001101 for cells of type $lut.
Using template $paramod\$lut\WIDTH=4\LUT=16'0000110000001010 for cells of type $lut.
Using template $paramod\$lut\WIDTH=4\LUT=16'1011101100001111 for cells of type $lut.
Using template $paramod\$lut\WIDTH=4\LUT=16'1011000010111011 for cells of type $lut.
Using template $paramod\$lut\WIDTH=3\LUT=8'01001111 for cells of type $lut.
Using template $paramod\$lut\WIDTH=4\LUT=16'1001000000000000 for cells of type $lut.
Using template $paramod\$lut\WIDTH=4\LUT=16'0111000100010111 for cells of type $lut.
Using template $paramod\$lut\WIDTH=4\LUT=16'0000101000001100 for cells of type $lut.
Using template $paramod\$lut\WIDTH=3\LUT=8'01001011 for cells of type $lut.
Using template $paramod\$lut\WIDTH=4\LUT=16'1001000000001001 for cells of type $lut.
Using template $paramod\$lut\WIDTH=4\LUT=16'1111100010001000 for cells of type $lut.
Using template $paramod\$lut\WIDTH=4\LUT=16'0001000000000000 for cells of type $lut.
Using template $paramod\$lut\WIDTH=4\LUT=16'0100000100000000 for cells of type $lut.
Using template $paramod\$lut\WIDTH=4\LUT=16'0001010001000001 for cells of type $lut.
Using template $paramod\$lut\WIDTH=4\LUT=16'0000000011101111 for cells of type $lut.
Using template $paramod\$lut\WIDTH=4\LUT=16'0000001100000101 for cells of type $lut.
Using template $paramod\$lut\WIDTH=3\LUT=8'11001010 for cells of type $lut.
Using template $paramod\$lut\WIDTH=4\LUT=16'0011010100000000 for cells of type $lut.
Using template $paramod\$lut\WIDTH=3\LUT=8'01110000 for cells of type $lut.
Using template $paramod\$lut\WIDTH=4\LUT=16'1111111111100000 for cells of type $lut.
Using template $paramod\$lut\WIDTH=4\LUT=16'1011000011111111 for cells of type $lut.
Using template $paramod\$lut\WIDTH=3\LUT=8'11101111 for cells of type $lut.
Using template $paramod\$lut\WIDTH=4\LUT=16'0000000000011111 for cells of type $lut.
Using template $paramod\$lut\WIDTH=4\LUT=16'1111111111110010 for cells of type $lut.
Using template $paramod\$lut\WIDTH=4\LUT=16'1000111110001000 for cells of type $lut.
Using template $paramod\$lut\WIDTH=4\LUT=16'0000011101110111 for cells of type $lut.
Using template $paramod\$lut\WIDTH=4\LUT=16'0111000001110111 for cells of type $lut.
Using template $paramod\$lut\WIDTH=4\LUT=16'1110000011111111 for cells of type $lut.
Using template $paramod\$lut\WIDTH=3\LUT=8'10001111 for cells of type $lut.
Using template $paramod\$lut\WIDTH=4\LUT=16'1111100011111111 for cells of type $lut.
Using template $paramod\$lut\WIDTH=4\LUT=16'1111000000001000 for cells of type $lut.
Using template $paramod\$lut\WIDTH=4\LUT=16'1111110011000100 for cells of type $lut.
Using template $paramod\$lut\WIDTH=4\LUT=16'0100000100110000 for cells of type $lut.
Using template $paramod\$lut\WIDTH=3\LUT=8'11100111 for cells of type $lut.
Using template $paramod\$lut\WIDTH=4\LUT=16'1110011101110001 for cells of type $lut.
Using template $paramod\$lut\WIDTH=4\LUT=16'0000000010110010 for cells of type $lut.
Using template $paramod\$lut\WIDTH=4\LUT=16'1110111100000000 for cells of type $lut.
Using template $paramod\$lut\WIDTH=3\LUT=8'11111000 for cells of type $lut.
Using template $paramod\$lut\WIDTH=4\LUT=16'1100111111110101 for cells of type $lut.
Using template $paramod\$lut\WIDTH=4\LUT=16'1100101011111111 for cells of type $lut.
Using template $paramod\$lut\WIDTH=4\LUT=16'1111111000000000 for cells of type $lut.
Using template $paramod\$lut\WIDTH=3\LUT=8'01111111 for cells of type $lut.
Using template $paramod\$lut\WIDTH=2\LUT=4'1011 for cells of type $lut.
Using template $paramod\$lut\WIDTH=3\LUT=8'11110001 for cells of type $lut.
Using template $paramod\$lut\WIDTH=2\LUT=4'1110 for cells of type $lut.
Using template $paramod\$lut\WIDTH=4\LUT=16'0000101111111111 for cells of type $lut.
Using template $paramod\$lut\WIDTH=4\LUT=16'1111010011111111 for cells of type $lut.
Using template $paramod\$lut\WIDTH=4\LUT=16'1110000000000000 for cells of type $lut.
Using template $paramod\$lut\WIDTH=4\LUT=16'0100010011110000 for cells of type $lut.
Using template $paramod\$lut\WIDTH=3\LUT=8'10110000 for cells of type $lut.
Using template $paramod\$lut\WIDTH=3\LUT=8'11110100 for cells of type $lut.
Using template $paramod\$lut\WIDTH=4\LUT=16'0000111000000000 for cells of type $lut.
Using template $paramod\$lut\WIDTH=4\LUT=16'0000000000001101 for cells of type $lut.
Using template $paramod\$lut\WIDTH=3\LUT=8'11010000 for cells of type $lut.
Using template $paramod\$lut\WIDTH=4\LUT=16'1111010000000000 for cells of type $lut.
Using template $paramod\$lut\WIDTH=4\LUT=16'0000000011111000 for cells of type $lut.
Using template $paramod\$lut\WIDTH=4\LUT=16'1111111101000000 for cells of type $lut.
Using template $paramod\$lut\WIDTH=4\LUT=16'0000000010111111 for cells of type $lut.
Using template $paramod\$lut\WIDTH=4\LUT=16'0100010001001111 for cells of type $lut.
Using template $paramod\$lut\WIDTH=3\LUT=8'01010011 for cells of type $lut.
Using template $paramod\$lut\WIDTH=3\LUT=8'10101100 for cells of type $lut.
Using template $paramod\$lut\WIDTH=3\LUT=8'10000111 for cells of type $lut.
Using template $paramod\$lut\WIDTH=3\LUT=8'01011100 for cells of type $lut.
Using template $paramod\$lut\WIDTH=4\LUT=16'1100101000000000 for cells of type $lut.
Using template $paramod\$lut\WIDTH=3\LUT=8'00110101 for cells of type $lut.
Using template $paramod\$lut\WIDTH=4\LUT=16'1010110011001111 for cells of type $lut.
Using template $paramod\$lut\WIDTH=4\LUT=16'0000011100000000 for cells of type $lut.
Using template $paramod\$lut\WIDTH=4\LUT=16'1111100000000000 for cells of type $lut.
Using template $paramod\$lut\WIDTH=4\LUT=16'0000111011111111 for cells of type $lut.
Using template $paramod\$lut\WIDTH=3\LUT=8'00111010 for cells of type $lut.
Using template $paramod\$lut\WIDTH=4\LUT=16'0100111100000000 for cells of type $lut.
Using template $paramod\$lut\WIDTH=4\LUT=16'0101001100000000 for cells of type $lut.
Using template $paramod\$lut\WIDTH=4\LUT=16'1110000100011110 for cells of type $lut.
Using template $paramod\$lut\WIDTH=4\LUT=16'0000110101010111 for cells of type $lut.
Using template $paramod\$lut\WIDTH=4\LUT=16'1000111100000000 for cells of type $lut.
Using template $paramod\$lut\WIDTH=4\LUT=16'1111110011111010 for cells of type $lut.
Using template $paramod\$lut\WIDTH=4\LUT=16'0011101000000000 for cells of type $lut.
Using template $paramod\$lut\WIDTH=4\LUT=16'1110111000001111 for cells of type $lut.
Using template $paramod\$lut\WIDTH=4\LUT=16'1000110011001111 for cells of type $lut.
Using template $paramod\$lut\WIDTH=4\LUT=16'1110101100000000 for cells of type $lut.
Using template $paramod\$lut\WIDTH=3\LUT=8'00011111 for cells of type $lut.
Using template $paramod\$lut\WIDTH=3\LUT=8'00001110 for cells of type $lut.
Using template $paramod\$lut\WIDTH=4\LUT=16'0000000001001111 for cells of type $lut.
Using template $paramod\$lut\WIDTH=4\LUT=16'0000010100000011 for cells of type $lut.
Using template $paramod\$lut\WIDTH=4\LUT=16'1010001100000000 for cells of type $lut.
Using template $paramod\$lut\WIDTH=4\LUT=16'1011101111110000 for cells of type $lut.
Using template $paramod\$lut\WIDTH=4\LUT=16'0011010111111111 for cells of type $lut.
Using template $paramod\$lut\WIDTH=4\LUT=16'1010110011001100 for cells of type $lut.
Using template $paramod\$lut\WIDTH=4\LUT=16'1111111011111111 for cells of type $lut.
Using template $paramod\$lut\WIDTH=4\LUT=16'1010001111001100 for cells of type $lut.
Using template $paramod\$lut\WIDTH=4\LUT=16'1111101011001111 for cells of type $lut.
Using template $paramod\$lut\WIDTH=4\LUT=16'1111000100000000 for cells of type $lut.
Using template $paramod\$lut\WIDTH=4\LUT=16'0000110100000000 for cells of type $lut.
Using template $paramod\$lut\WIDTH=4\LUT=16'1111111100001011 for cells of type $lut.
Using template $paramod\$lut\WIDTH=4\LUT=16'0000010100001100 for cells of type $lut.
Using template $paramod\$lut\WIDTH=4\LUT=16'1010110000000000 for cells of type $lut.
Using template $paramod\$lut\WIDTH=4\LUT=16'0001000011111111 for cells of type $lut.
Using template $paramod\$lut\WIDTH=4\LUT=16'1111001011111111 for cells of type $lut.
Using template $paramod\$lut\WIDTH=4\LUT=16'1100100010001111 for cells of type $lut.
Using template $paramod\$lut\WIDTH=3\LUT=8'00010100 for cells of type $lut.
Using template $paramod\$lut\WIDTH=4\LUT=16'1111000000010001 for cells of type $lut.
Using template $paramod\$lut\WIDTH=4\LUT=16'0000001100001010 for cells of type $lut.
Using template $paramod\$lut\WIDTH=4\LUT=16'0000000011110001 for cells of type $lut.
Using template $paramod\$lut\WIDTH=4\LUT=16'1111000010111011 for cells of type $lut.
Using template $paramod\$lut\WIDTH=3\LUT=8'00011110 for cells of type $lut.
Using template $paramod\$lut\WIDTH=4\LUT=16'0110111111111111 for cells of type $lut.
Using template $paramod\$lut\WIDTH=4\LUT=16'0000111011101110 for cells of type $lut.
Using template $paramod\$lut\WIDTH=4\LUT=16'0101010100111100 for cells of type $lut.
Using template $paramod\$lut\WIDTH=4\LUT=16'0000111100010001 for cells of type $lut.
Using template $paramod\$lut\WIDTH=4\LUT=16'1010110011111111 for cells of type $lut.
Using template $paramod\$lut\WIDTH=3\LUT=8'11101000 for cells of type $lut.
Using template $paramod\$lut\WIDTH=4\LUT=16'1111110011110101 for cells of type $lut.
Using template $paramod\$lut\WIDTH=4\LUT=16'0000111110111011 for cells of type $lut.
Using template $paramod\$lut\WIDTH=4\LUT=16'1111101011000000 for cells of type $lut.
Using template $paramod\$lut\WIDTH=4\LUT=16'0000000000000111 for cells of type $lut.
No more expansions possible.
<suppressed ~6673 debug messages>
Removed 0 unused cells and 9254 unused wires.

5.44. Executing HIERARCHY pass (managing design hierarchy).

5.44.1. Analyzing design hierarchy..
Top module:  \picorv32_baseline_b_wrapper

5.44.2. Analyzing design hierarchy..
Top module:  \picorv32_baseline_b_wrapper
Removed 0 unused modules.

5.45. Printing statistics.

=== picorv32_baseline_b_wrapper ===

   Number of wires:               4991
   Number of wire bits:           7313
   Number of public wires:         180
   Number of public wire bits:    1811
   Number of memories:               0
   Number of memory bits:            0
   Number of processes:              0
   Number of cells:               6224
     SB_CARRY                      461
     SB_DFF                        181
     SB_DFFE                       201
     SB_DFFESR                     233
     SB_DFFESS                       5
     SB_DFFSR                      103
     SB_LUT4                      5036
     SB_RAM40_4K                     4

5.46. Executing CHECK pass (checking for obvious problems).
checking module picorv32_baseline_b_wrapper..
found and reported 0 problems.

5.47. Executing BLIF backend.

5.48. Executing JSON backend.
End of script. Logfile hash: 217e0116d0
CPU: user 13.88s system 0.08s, MEM: 74.17 MB total, 68.27 MB resident
Yosys 0.9 (git sha1 1979e0b)
Time spent: 28% 23x opt_merge (4 sec), 21% 29x opt_expr (2 sec), 20% 27x opt_clean (2 sec), ...
