
 /----------------------------------------------------------------------------\
 |                                                                            |
 |  yosys -- Yosys Open SYnthesis Suite                                       |
 |                                                                            |
 |  Copyright (C) 2012 - 2019  Clifford Wolf <clifford@clifford.at>           |
 |                                                                            |
 |  Permission to use, copy, modify, and/or distribute this software for any  |
 |  purpose with or without fee is hereby granted, provided that the above    |
 |  copyright notice and this permission notice appear in all copies.         |
 |                                                                            |
 |  THE SOFTWARE IS PROVIDED "AS IS" AND THE AUTHOR DISCLAIMS ALL WARRANTIES  |
 |  WITH REGARD TO THIS SOFTWARE INCLUDING ALL IMPLIED WARRANTIES OF          |
 |  MERCHANTABILITY AND FITNESS. IN NO EVENT SHALL THE AUTHOR BE LIABLE FOR   |
 |  ANY SPECIAL, DIRECT, INDIRECT, OR CONSEQUENTIAL DAMAGES OR ANY DAMAGES    |
 |  WHATSOEVER RESULTING FROM LOSS OF USE, DATA OR PROFITS, WHETHER IN AN     |
 |  ACTION OF CONTRACT, NEGLIGENCE OR OTHER TORTIOUS ACTION, ARISING OUT OF   |
 |  OR IN CONNECTION WITH THE USE OR PERFORMANCE OF THIS SOFTWARE.            |
 |                                                                            |
 \----------------------------------------------------------------------------/

 Yosys 0.9 (git sha1 1979e0b)


-- Executing script file `synth/synth_baseline_C_ksa.ys' --

1. Executing Verilog-2005 frontend: ../picorv32.v
Parsing Verilog input from `../picorv32.v' to AST representation.
Generating RTLIL representation for module `\picorv32'.
Generating RTLIL representation for module `\picorv32_regs'.
Generating RTLIL representation for module `\picorv32_pcpi_mul'.
Generating RTLIL representation for module `\picorv32_pcpi_fast_mul'.
Generating RTLIL representation for module `\picorv32_pcpi_div'.
Generating RTLIL representation for module `\picorv32_axi'.
Generating RTLIL representation for module `\picorv32_axi_adapter'.
Generating RTLIL representation for module `\picorv32_wb'.
Successfully finished Verilog frontend.

2. Executing Verilog-2005 frontend: rtl/ksa/ksa_adder.v
Parsing Verilog input from `rtl/ksa/ksa_adder.v' to AST representation.
Generating RTLIL representation for module `\ksa_adder'.
Successfully finished Verilog frontend.

3. Executing Verilog-2005 frontend: rtl/ksa/ksa_32bit.v
Parsing Verilog input from `rtl/ksa/ksa_32bit.v' to AST representation.
Generating RTLIL representation for module `\ksa_32bit'.
Successfully finished Verilog frontend.

4. Executing Verilog-2005 frontend: synth/picorv32_baseline_c_ksa_wrapper.v
Parsing Verilog input from `synth/picorv32_baseline_c_ksa_wrapper.v' to AST representation.
Generating RTLIL representation for module `\picorv32_baseline_c_ksa_wrapper'.
Successfully finished Verilog frontend.

5. Executing HIERARCHY pass (managing design hierarchy).

5.1. Analyzing design hierarchy..
Top module:  \picorv32_baseline_c_ksa_wrapper
Used module:     \picorv32

5.2. Executing AST frontend in derive mode using pre-parsed AST for module `\picorv32'.
Parameter \BARREL_SHIFTER = 1
Parameter \ENABLE_MUL = 0
Parameter \ENABLE_FAST_MUL = 0
Parameter \ENABLE_FAST_ADD = 1
Generating RTLIL representation for module `$paramod$e4a158359d963b168a4aaf25bc9630e827e25c92\picorv32'.

5.3. Analyzing design hierarchy..
Top module:  \picorv32_baseline_c_ksa_wrapper
Used module:     $paramod$e4a158359d963b168a4aaf25bc9630e827e25c92\picorv32
Used module:         \ksa_adder

5.4. Executing AST frontend in derive mode using pre-parsed AST for module `\ksa_adder'.
Parameter \WIDTH = 32
Generating RTLIL representation for module `$paramod\ksa_adder\WIDTH=32'.

5.5. Executing AST frontend in derive mode using pre-parsed AST for module `\ksa_adder'.
Parameter \WIDTH = 32
Found cached RTLIL representation for module `$paramod\ksa_adder\WIDTH=32'.

5.6. Analyzing design hierarchy..
Top module:  \picorv32_baseline_c_ksa_wrapper
Used module:     $paramod$e4a158359d963b168a4aaf25bc9630e827e25c92\picorv32
Used module:         $paramod\ksa_adder\WIDTH=32

5.7. Analyzing design hierarchy..
Top module:  \picorv32_baseline_c_ksa_wrapper
Used module:     $paramod$e4a158359d963b168a4aaf25bc9630e827e25c92\picorv32
Used module:         $paramod\ksa_adder\WIDTH=32
Removing unused module `\ksa_32bit'.
Removing unused module `\ksa_adder'.
Removing unused module `\picorv32_wb'.
Removing unused module `\picorv32_axi_adapter'.
Removing unused module `\picorv32_axi'.
Removing unused module `\picorv32_pcpi_div'.
Removing unused module `\picorv32_pcpi_fast_mul'.
Removing unused module `\picorv32_pcpi_mul'.
Removing unused module `\picorv32_regs'.
Removing unused module `\picorv32'.
Removed 10 unused modules.

6. Executing SYNTH_ICE40 pass.

6.1. Executing Verilog-2005 frontend: /usr/bin/../share/yosys/ice40/cells_sim.v
Parsing Verilog input from `/usr/bin/../share/yosys/ice40/cells_sim.v' to AST representation.
Generating RTLIL representation for module `\SB_IO'.
Generating RTLIL representation for module `\SB_GB_IO'.
Generating RTLIL representation for module `\SB_GB'.
Generating RTLIL representation for module `\SB_LUT4'.
Generating RTLIL representation for module `\SB_CARRY'.
Generating RTLIL representation for module `\SB_DFF'.
Generating RTLIL representation for module `\SB_DFFE'.
Generating RTLIL representation for module `\SB_DFFSR'.
Generating RTLIL representation for module `\SB_DFFR'.
Generating RTLIL representation for module `\SB_DFFSS'.
Generating RTLIL representation for module `\SB_DFFS'.
Generating RTLIL representation for module `\SB_DFFESR'.
Generating RTLIL representation for module `\SB_DFFER'.
Generating RTLIL representation for module `\SB_DFFESS'.
Generating RTLIL representation for module `\SB_DFFES'.
Generating RTLIL representation for module `\SB_DFFN'.
Generating RTLIL representation for module `\SB_DFFNE'.
Generating RTLIL representation for module `\SB_DFFNSR'.
Generating RTLIL representation for module `\SB_DFFNR'.
Generating RTLIL representation for module `\SB_DFFNSS'.
Generating RTLIL representation for module `\SB_DFFNS'.
Generating RTLIL representation for module `\SB_DFFNESR'.
Generating RTLIL representation for module `\SB_DFFNER'.
Generating RTLIL representation for module `\SB_DFFNESS'.
Generating RTLIL representation for module `\SB_DFFNES'.
Generating RTLIL representation for module `\SB_RAM40_4K'.
Generating RTLIL representation for module `\SB_RAM40_4KNR'.
Generating RTLIL representation for module `\SB_RAM40_4KNW'.
Generating RTLIL representation for module `\SB_RAM40_4KNRNW'.
Generating RTLIL representation for module `\ICESTORM_LC'.
Generating RTLIL representation for module `\SB_PLL40_CORE'.
Generating RTLIL representation for module `\SB_PLL40_PAD'.
Generating RTLIL representation for module `\SB_PLL40_2_PAD'.
Generating RTLIL representation for module `\SB_PLL40_2F_CORE'.
Generating RTLIL representation for module `\SB_PLL40_2F_PAD'.
Generating RTLIL representation for module `\SB_WARMBOOT'.
Generating RTLIL representation for module `\SB_SPRAM256KA'.
Generating RTLIL representation for module `\SB_HFOSC'.
Generating RTLIL representation for module `\SB_LFOSC'.
Generating RTLIL representation for module `\SB_RGBA_DRV'.
Generating RTLIL representation for module `\SB_LED_DRV_CUR'.
Generating RTLIL representation for module `\SB_RGB_DRV'.
Generating RTLIL representation for module `\SB_I2C'.
Generating RTLIL representation for module `\SB_SPI'.
Generating RTLIL representation for module `\SB_LEDDA_IP'.
Generating RTLIL representation for module `\SB_FILTER_50NS'.
Generating RTLIL representation for module `\SB_IO_I3C'.
Generating RTLIL representation for module `\SB_IO_OD'.
Generating RTLIL representation for module `\SB_MAC16'.
Successfully finished Verilog frontend.

6.2. Executing HIERARCHY pass (managing design hierarchy).

6.2.1. Analyzing design hierarchy..
Top module:  \picorv32_baseline_c_ksa_wrapper
Used module:     $paramod$e4a158359d963b168a4aaf25bc9630e827e25c92\picorv32
Used module:         $paramod\ksa_adder\WIDTH=32

6.2.2. Analyzing design hierarchy..
Top module:  \picorv32_baseline_c_ksa_wrapper
Used module:     $paramod$e4a158359d963b168a4aaf25bc9630e827e25c92\picorv32
Used module:         $paramod\ksa_adder\WIDTH=32
Removed 0 unused modules.

6.3. Executing PROC pass (convert processes to netlists).

6.3.1. Executing PROC_CLEAN pass (remove empty switches from decision trees).
Found and cleaned up 1 empty switch in `$paramod$e4a158359d963b168a4aaf25bc9630e827e25c92\picorv32.$proc$../picorv32.v:207$4437'.
Removing empty process `$paramod$e4a158359d963b168a4aaf25bc9630e827e25c92\picorv32.$proc$../picorv32.v:207$4437'.
Found and cleaned up 17 empty switches in `$paramod$e4a158359d963b168a4aaf25bc9630e827e25c92\picorv32.$proc$../picorv32.v:1436$4255'.
Found and cleaned up 1 empty switch in `$paramod$e4a158359d963b168a4aaf25bc9630e827e25c92\picorv32.$proc$../picorv32.v:1382$4239'.
Found and cleaned up 6 empty switches in `$paramod$e4a158359d963b168a4aaf25bc9630e827e25c92\picorv32.$proc$../picorv32.v:547$3876'.
Removing empty process `$paramod$e4a158359d963b168a4aaf25bc9630e827e25c92\picorv32.$proc$../picorv32.v:547$3876'.
Cleaned up 25 empty switches.

6.3.2. Executing PROC_RMDEAD pass (remove dead branches from decision trees).
Marked 34 switch rules as full_case in process $proc$../picorv32.v:1436$4255 in module $paramod$e4a158359d963b168a4aaf25bc9630e827e25c92\picorv32.
Marked 2 switch rules as full_case in process $proc$../picorv32.v:1343$4221 in module $paramod$e4a158359d963b168a4aaf25bc9630e827e25c92\picorv32.
Marked 2 switch rules as full_case in process $proc$../picorv32.v:1329$4216 in module $paramod$e4a158359d963b168a4aaf25bc9630e827e25c92\picorv32.
Marked 8 switch rules as full_case in process $proc$../picorv32.v:1187$4179 in module $paramod$e4a158359d963b168a4aaf25bc9630e827e25c92\picorv32.
Marked 3 switch rules as full_case in process $proc$../picorv32.v:859$3916 in module $paramod$e4a158359d963b168a4aaf25bc9630e827e25c92\picorv32.
Marked 3 switch rules as full_case in process $proc$../picorv32.v:810$3914 in module $paramod$e4a158359d963b168a4aaf25bc9630e827e25c92\picorv32.
Marked 2 switch rules as full_case in process $proc$../picorv32.v:779$3910 in module $paramod$e4a158359d963b168a4aaf25bc9630e827e25c92\picorv32.
Marked 48 switch rules as full_case in process $proc$../picorv32.v:702$3909 in module $paramod$e4a158359d963b168a4aaf25bc9630e827e25c92\picorv32.
Marked 4 switch rules as full_case in process $proc$../picorv32.v:566$3885 in module $paramod$e4a158359d963b168a4aaf25bc9630e827e25c92\picorv32.
Marked 1 switch rules as full_case in process $proc$../picorv32.v:431$3845 in module $paramod$e4a158359d963b168a4aaf25bc9630e827e25c92\picorv32.
Removed 2 dead cases from process $proc$../picorv32.v:402$3842 in module $paramod$e4a158359d963b168a4aaf25bc9630e827e25c92\picorv32.
Marked 2 switch rules as full_case in process $proc$../picorv32.v:402$3842 in module $paramod$e4a158359d963b168a4aaf25bc9630e827e25c92\picorv32.
Marked 1 switch rules as full_case in process $proc$../picorv32.v:391$3837 in module $paramod$e4a158359d963b168a4aaf25bc9630e827e25c92\picorv32.
Marked 1 switch rules as full_case in process $proc$../picorv32.v:326$3763 in module $paramod$e4a158359d963b168a4aaf25bc9630e827e25c92\picorv32.
Removed a total of 2 dead cases.

6.3.3. Executing PROC_INIT pass (extract init attributes).

6.3.4. Executing PROC_ARST pass (detect async resets in processes).

6.3.5. Executing PROC_MUX pass (convert decision trees to multiplexers).
Creating decoders for process `$paramod$e4a158359d963b168a4aaf25bc9630e827e25c92\picorv32.$proc$../picorv32.v:1436$4255'.
     1/89: $17\next_irq_pending[2:2]
     2/89: $16\next_irq_pending[2:2]
     3/89: $15\next_irq_pending[2:2]
     4/89: $14\next_irq_pending[2:2]
     5/89: $13\next_irq_pending[2:2]
     6/89: $12\next_irq_pending[2:2]
     7/89: $11\next_irq_pending[2:2]
     8/89: $2\next_irq_pending[31:0] [31:2]
     9/89: $3\set_mem_do_rdata[0:0]
    10/89: $2\next_irq_pending[31:0] [1]
    11/89: $3\set_mem_do_wdata[0:0]
    12/89: $2\next_irq_pending[31:0] [0]
    13/89: $4\set_mem_do_rinst[0:0]
    14/89: $3\set_mem_do_rinst[0:0]
    15/89: $4\set_mem_do_wdata[0:0]
    16/89: $9\next_irq_pending[1:1]
    17/89: $8\next_irq_pending[1:1]
    18/89: $7\next_irq_pending[1:1]
    19/89: $4\set_mem_do_rdata[0:0]
    20/89: $5\next_irq_pending[1:1]
    21/89: $4\next_irq_pending[1:1]
    22/89: $10\next_irq_pending[1:1]
    23/89: $5\set_mem_do_rinst[0:0]
    24/89: $6\next_irq_pending[1:1]
    25/89: $3\next_irq_pending[31:0]
    26/89: $3\current_pc[31:0]
    27/89: $2\current_pc[31:0]
    28/89: $2\set_mem_do_wdata[0:0]
    29/89: $2\set_mem_do_rdata[0:0]
    30/89: $2\set_mem_do_rinst[0:0]
    31/89: $1\next_irq_pending[31:0]
    32/89: $1\current_pc[31:0]
    33/89: $1\set_mem_do_wdata[0:0]
    34/89: $1\set_mem_do_rdata[0:0]
    35/89: $1\set_mem_do_rinst[0:0]
    36/89: $0\current_pc[31:0]
    37/89: $0\irq_pending[31:0]
    38/89: $0\next_irq_pending[31:0] [2]
    39/89: { $0\next_irq_pending[31:0] [31:3] $0\next_irq_pending[31:0] [1:0] }
    40/89: $0\set_mem_do_wdata[0:0]
    41/89: $0\set_mem_do_rdata[0:0]
    42/89: $0\set_mem_do_rinst[0:0]
    43/89: $0\trace_valid[0:0]
    44/89: $0\do_waitirq[0:0]
    45/89: $0\decoder_pseudo_trigger_q[0:0]
    46/89: $0\decoder_pseudo_trigger[0:0]
    47/89: $0\decoder_trigger_q[0:0]
    48/89: $0\decoder_trigger[0:0]
    49/89: $0\alu_wait_2[0:0]
    50/89: $0\alu_wait[0:0]
    51/89: $0\alu_out_q[31:0]
    52/89: $0\alu_out_0_q[0:0]
    53/89: $0\reg_out[31:0]
    54/89: $0\reg_sh[4:0]
    55/89: $0\trap[0:0]
    56/89: $0\pcpi_timeout[0:0]
    57/89: $0\latched_rd[4:0]
    58/89: $0\latched_is_lb[0:0]
    59/89: $0\latched_is_lh[0:0]
    60/89: $0\latched_is_lu[0:0]
    61/89: $0\latched_trace[0:0]
    62/89: $0\latched_compr[0:0]
    63/89: $0\latched_branch[0:0]
    64/89: $0\latched_stalu[0:0]
    65/89: $0\latched_store[0:0]
    66/89: $0\irq_state[1:0]
    67/89: $0\cpu_state[7:0]
    68/89: $0\dbg_rs2val_valid[0:0]
    69/89: $0\dbg_rs1val_valid[0:0]
    70/89: $0\dbg_rs2val[31:0]
    71/89: $0\dbg_rs1val[31:0]
    72/89: $0\mem_do_wdata[0:0]
    73/89: $0\mem_do_rdata[0:0]
    74/89: $0\mem_do_rinst[0:0]
    75/89: $0\mem_do_prefetch[0:0]
    76/89: $0\mem_wordsize[1:0]
    77/89: $0\timer[31:0]
    78/89: $0\irq_mask[31:0]
    79/89: $0\irq_active[0:0]
    80/89: $0\irq_delay[0:0]
    81/89: $0\reg_op2[31:0]
    82/89: $0\reg_op1[31:0]
    83/89: $0\reg_next_pc[31:0]
    84/89: $0\reg_pc[31:0]
    85/89: $0\count_instr[63:0]
    86/89: $0\count_cycle[63:0]
    87/89: $0\trace_data[35:0]
    88/89: $0\eoi[31:0]
    89/89: $0\pcpi_valid[0:0]
Creating decoders for process `$paramod$e4a158359d963b168a4aaf25bc9630e827e25c92\picorv32.$proc$../picorv32.v:1382$4239'.
     1/5: $1\cpuregs_rs2[31:0]
     2/5: $1\cpuregs_rs1[31:0]
     3/5: $0\cpuregs_rs2[31:0]
     4/5: $0\cpuregs_rs1[31:0]
     5/5: $0\decoded_rs[4:0]
Creating decoders for process `$paramod$e4a158359d963b168a4aaf25bc9630e827e25c92\picorv32.$proc$../picorv32.v:1371$4233'.
     1/3: $0$memwr$\cpuregs$../picorv32.v:1378$3762_EN[31:0]$4234
     2/3: $0$memwr$\cpuregs$../picorv32.v:1378$3762_DATA[31:0]$4236
     3/3: $0$memwr$\cpuregs$../picorv32.v:1378$3762_ADDR[4:0]$4235
Creating decoders for process `$paramod$e4a158359d963b168a4aaf25bc9630e827e25c92\picorv32.$proc$../picorv32.v:1343$4221'.
     1/6: $2\cpuregs_write[0:0]
     2/6: $2\cpuregs_wrdata[31:0]
     3/6: $1\cpuregs_wrdata[31:0]
     4/6: $1\cpuregs_write[0:0]
     5/6: $0\cpuregs_wrdata[31:0]
     6/6: $0\cpuregs_write[0:0]
Creating decoders for process `$paramod$e4a158359d963b168a4aaf25bc9630e827e25c92\picorv32.$proc$../picorv32.v:1329$4216'.
     1/3: $2\clear_prefetched_high_word[0:0]
     2/3: $1\clear_prefetched_high_word[0:0]
     3/3: $0\clear_prefetched_high_word[0:0]
Creating decoders for process `$paramod$e4a158359d963b168a4aaf25bc9630e827e25c92\picorv32.$proc$../picorv32.v:1327$4215'.
     1/1: $0\clear_prefetched_high_word_q[0:0]
Creating decoders for process `$paramod$e4a158359d963b168a4aaf25bc9630e827e25c92\picorv32.$proc$../picorv32.v:1283$4193'.
     1/4: $1\alu_out[31:0]
     2/4: $1\alu_out_0[0:0]
     3/4: $0\alu_out[31:0]
     4/4: $0\alu_out_0[0:0]
Creating decoders for process `$paramod$e4a158359d963b168a4aaf25bc9630e827e25c92\picorv32.$proc$../picorv32.v:1187$4179'.
     1/9: $8\dbg_ascii_state[127:0]
     2/9: $7\dbg_ascii_state[127:0]
     3/9: $6\dbg_ascii_state[127:0]
     4/9: $5\dbg_ascii_state[127:0]
     5/9: $4\dbg_ascii_state[127:0]
     6/9: $3\dbg_ascii_state[127:0]
     7/9: $2\dbg_ascii_state[127:0]
     8/9: $1\dbg_ascii_state[127:0]
     9/9: $0\dbg_ascii_state[127:0]
Creating decoders for process `$paramod$e4a158359d963b168a4aaf25bc9630e827e25c92\picorv32.$proc$../picorv32.v:859$3916'.
     1/81: $0\decoded_rs1[4:0] [4]
     2/81: $0\decoded_imm_j[31:0] [10]
     3/81: $0\decoded_imm_j[31:0] [7]
     4/81: $0\decoded_imm_j[31:0] [6]
     5/81: $0\decoded_imm_j[31:0] [3:1]
     6/81: $0\decoded_imm_j[31:0] [5]
     7/81: $0\decoded_imm_j[31:0] [9:8]
     8/81: $0\decoded_imm_j[31:0] [31:20]
     9/81: $0\decoded_imm_j[31:0] [4]
    10/81: $0\decoded_imm_j[31:0] [11]
    11/81: $0\decoded_imm_j[31:0] [0]
    12/81: $0\decoded_rs1[4:0] [3:0]
    13/81: $0\is_lbu_lhu_lw[0:0]
    14/81: $0\is_sltiu_bltu_sltu[0:0]
    15/81: $0\is_slti_blt_slt[0:0]
    16/81: $0\is_lui_auipc_jal_jalr_addi_add_sub[0:0]
    17/81: $0\is_lui_auipc_jal[0:0]
    18/81: $0\is_alu_reg_reg[0:0]
    19/81: $0\is_alu_reg_imm[0:0]
    20/81: $0\is_beq_bne_blt_bge_bltu_bgeu[0:0]
    21/81: $0\is_sll_srl_sra[0:0]
    22/81: $0\is_sb_sh_sw[0:0]
    23/81: $0\is_jalr_addi_slti_sltiu_xori_ori_andi[0:0]
    24/81: $0\is_slli_srli_srai[0:0]
    25/81: $0\is_lb_lh_lw_lbu_lhu[0:0]
    26/81: $0\compressed_instr[0:0]
    27/81: $0\is_compare[0:0]
    28/81: $0\decoded_imm[31:0]
    29/81: $0\decoded_rs2[4:0]
    30/81: $0\decoded_imm_j[31:0] [19:12]
    31/81: $0\decoded_rd[4:0]
    32/81: $0\instr_timer[0:0]
    33/81: $0\instr_waitirq[0:0]
    34/81: $0\instr_maskirq[0:0]
    35/81: $0\instr_retirq[0:0]
    36/81: $0\instr_setq[0:0]
    37/81: $0\instr_getq[0:0]
    38/81: $0\instr_fence[0:0]
    39/81: $0\instr_ecall_ebreak[0:0]
    40/81: $0\instr_rdinstrh[0:0]
    41/81: $0\instr_rdinstr[0:0]
    42/81: $0\instr_rdcycleh[0:0]
    43/81: $0\instr_rdcycle[0:0]
    44/81: $0\instr_and[0:0]
    45/81: $0\instr_or[0:0]
    46/81: $0\instr_sra[0:0]
    47/81: $0\instr_srl[0:0]
    48/81: $0\instr_xor[0:0]
    49/81: $0\instr_sltu[0:0]
    50/81: $0\instr_slt[0:0]
    51/81: $0\instr_sll[0:0]
    52/81: $0\instr_sub[0:0]
    53/81: $0\instr_add[0:0]
    54/81: $0\instr_srai[0:0]
    55/81: $0\instr_srli[0:0]
    56/81: $0\instr_slli[0:0]
    57/81: $0\instr_andi[0:0]
    58/81: $0\instr_ori[0:0]
    59/81: $0\instr_xori[0:0]
    60/81: $0\instr_sltiu[0:0]
    61/81: $0\instr_slti[0:0]
    62/81: $0\instr_addi[0:0]
    63/81: $0\instr_sw[0:0]
    64/81: $0\instr_sh[0:0]
    65/81: $0\instr_sb[0:0]
    66/81: $0\instr_lhu[0:0]
    67/81: $0\instr_lbu[0:0]
    68/81: $0\instr_lw[0:0]
    69/81: $0\instr_lh[0:0]
    70/81: $0\instr_lb[0:0]
    71/81: $0\instr_bgeu[0:0]
    72/81: $0\instr_bltu[0:0]
    73/81: $0\instr_bge[0:0]
    74/81: $0\instr_blt[0:0]
    75/81: $0\instr_bne[0:0]
    76/81: $0\instr_beq[0:0]
    77/81: $0\instr_jalr[0:0]
    78/81: $0\instr_jal[0:0]
    79/81: $0\instr_auipc[0:0]
    80/81: $0\instr_lui[0:0]
    81/81: $0\pcpi_insn[31:0]
Creating decoders for process `$paramod$e4a158359d963b168a4aaf25bc9630e827e25c92\picorv32.$proc$../picorv32.v:810$3914'.
     1/19: $3\dbg_insn_opcode[31:0]
     2/19: $2\dbg_insn_rd[4:0]
     3/19: $2\dbg_insn_rs2[4:0]
     4/19: $2\dbg_insn_rs1[4:0]
     5/19: $2\dbg_insn_opcode[31:0]
     6/19: $2\dbg_insn_imm[31:0]
     7/19: $2\dbg_ascii_instr[63:0]
     8/19: $1\dbg_insn_rd[4:0]
     9/19: $1\dbg_insn_rs2[4:0]
    10/19: $1\dbg_insn_rs1[4:0]
    11/19: $1\dbg_insn_imm[31:0]
    12/19: $1\dbg_ascii_instr[63:0]
    13/19: $1\dbg_insn_opcode[31:0]
    14/19: $0\dbg_insn_rd[4:0]
    15/19: $0\dbg_insn_rs2[4:0]
    16/19: $0\dbg_insn_rs1[4:0]
    17/19: $0\dbg_insn_imm[31:0]
    18/19: $0\dbg_ascii_instr[63:0]
    19/19: $0\dbg_insn_opcode[31:0]
Creating decoders for process `$paramod$e4a158359d963b168a4aaf25bc9630e827e25c92\picorv32.$proc$../picorv32.v:779$3910'.
     1/15: $0\dbg_next[0:0]
     2/15: $0\q_insn_rd[4:0]
     3/15: $0\q_insn_rs2[4:0]
     4/15: $0\q_insn_rs1[4:0]
     5/15: $0\q_insn_opcode[31:0]
     6/15: $0\q_insn_imm[31:0]
     7/15: $0\q_ascii_instr[63:0]
     8/15: $0\cached_insn_rd[4:0]
     9/15: $0\cached_insn_rs2[4:0]
    10/15: $0\cached_insn_rs1[4:0]
    11/15: $0\cached_insn_opcode[31:0]
    12/15: $0\cached_insn_imm[31:0]
    13/15: $0\cached_ascii_instr[63:0]
    14/15: $0\dbg_valid_insn[0:0]
    15/15: $0\dbg_insn_addr[31:0]
Creating decoders for process `$paramod$e4a158359d963b168a4aaf25bc9630e827e25c92\picorv32.$proc$../picorv32.v:702$3909'.
     1/49: $48\new_ascii_instr[63:0]
     2/49: $47\new_ascii_instr[63:0]
     3/49: $46\new_ascii_instr[63:0]
     4/49: $45\new_ascii_instr[63:0]
     5/49: $44\new_ascii_instr[63:0]
     6/49: $43\new_ascii_instr[63:0]
     7/49: $42\new_ascii_instr[63:0]
     8/49: $41\new_ascii_instr[63:0]
     9/49: $40\new_ascii_instr[63:0]
    10/49: $39\new_ascii_instr[63:0]
    11/49: $38\new_ascii_instr[63:0]
    12/49: $37\new_ascii_instr[63:0]
    13/49: $36\new_ascii_instr[63:0]
    14/49: $35\new_ascii_instr[63:0]
    15/49: $34\new_ascii_instr[63:0]
    16/49: $33\new_ascii_instr[63:0]
    17/49: $32\new_ascii_instr[63:0]
    18/49: $31\new_ascii_instr[63:0]
    19/49: $30\new_ascii_instr[63:0]
    20/49: $29\new_ascii_instr[63:0]
    21/49: $28\new_ascii_instr[63:0]
    22/49: $27\new_ascii_instr[63:0]
    23/49: $26\new_ascii_instr[63:0]
    24/49: $25\new_ascii_instr[63:0]
    25/49: $24\new_ascii_instr[63:0]
    26/49: $23\new_ascii_instr[63:0]
    27/49: $22\new_ascii_instr[63:0]
    28/49: $21\new_ascii_instr[63:0]
    29/49: $20\new_ascii_instr[63:0]
    30/49: $19\new_ascii_instr[63:0]
    31/49: $18\new_ascii_instr[63:0]
    32/49: $17\new_ascii_instr[63:0]
    33/49: $16\new_ascii_instr[63:0]
    34/49: $15\new_ascii_instr[63:0]
    35/49: $14\new_ascii_instr[63:0]
    36/49: $13\new_ascii_instr[63:0]
    37/49: $12\new_ascii_instr[63:0]
    38/49: $11\new_ascii_instr[63:0]
    39/49: $10\new_ascii_instr[63:0]
    40/49: $9\new_ascii_instr[63:0]
    41/49: $8\new_ascii_instr[63:0]
    42/49: $7\new_ascii_instr[63:0]
    43/49: $6\new_ascii_instr[63:0]
    44/49: $5\new_ascii_instr[63:0]
    45/49: $4\new_ascii_instr[63:0]
    46/49: $3\new_ascii_instr[63:0]
    47/49: $2\new_ascii_instr[63:0]
    48/49: $1\new_ascii_instr[63:0]
    49/49: $0\new_ascii_instr[63:0]
Creating decoders for process `$paramod$e4a158359d963b168a4aaf25bc9630e827e25c92\picorv32.$proc$../picorv32.v:566$3885'.
     1/9: $0\mem_16bit_buffer[15:0]
     2/9: $0\prefetched_high_word[0:0]
     3/9: $0\mem_la_secondword[0:0]
     4/9: $0\mem_state[1:0]
     5/9: $0\mem_wstrb[3:0]
     6/9: $0\mem_wdata[31:0]
     7/9: $0\mem_addr[31:0]
     8/9: $0\mem_instr[0:0]
     9/9: $0\mem_valid[0:0]
Creating decoders for process `$paramod$e4a158359d963b168a4aaf25bc9630e827e25c92\picorv32.$proc$../picorv32.v:1273$4428'.
     1/6: $0\alu_shr[31:0]
     2/6: $0\alu_shl[31:0]
     3/6: $0\alu_ltu[0:0]
     4/6: $0\alu_lts[0:0]
     5/6: $0\alu_eq[0:0]
     6/6: $0\alu_add_sub[31:0]
Creating decoders for process `$paramod$e4a158359d963b168a4aaf25bc9630e827e25c92\picorv32.$proc$../picorv32.v:431$3845'.
     1/9: $0\mem_rdata_q[31:0] [31]
     2/9: $0\mem_rdata_q[31:0] [7]
     3/9: $0\mem_rdata_q[31:0] [24:20]
     4/9: $0\mem_rdata_q[31:0] [19:15]
     5/9: $0\mem_rdata_q[31:0] [6:0]
     6/9: $0\mem_rdata_q[31:0] [14:12]
     7/9: $0\mem_rdata_q[31:0] [11:8]
     8/9: $0\mem_rdata_q[31:0] [30:25]
     9/9: $0\next_insn_opcode[31:0]
Creating decoders for process `$paramod$e4a158359d963b168a4aaf25bc9630e827e25c92\picorv32.$proc$../picorv32.v:402$3842'.
     1/8: $3\mem_rdata_word[31:0]
     2/8: $2\mem_rdata_word[31:0]
     3/8: $1\mem_rdata_word[31:0]
     4/8: $1\mem_la_wstrb[3:0]
     5/8: $1\mem_la_wdata[31:0]
     6/8: $0\mem_rdata_word[31:0]
     7/8: $0\mem_la_wstrb[3:0]
     8/8: $0\mem_la_wdata[31:0]
Creating decoders for process `$paramod$e4a158359d963b168a4aaf25bc9630e827e25c92\picorv32.$proc$../picorv32.v:391$3837'.
     1/2: $0\last_mem_valid[0:0]
     2/2: $0\mem_la_firstword_reg[0:0]
Creating decoders for process `$paramod$e4a158359d963b168a4aaf25bc9630e827e25c92\picorv32.$proc$../picorv32.v:326$3763'.
     1/6: $1\pcpi_int_rd[31:0]
     2/6: $1\pcpi_int_wr[0:0]
     3/6: $0\pcpi_int_rd[31:0]
     4/6: $0\pcpi_int_wr[0:0]
     5/6: $0\pcpi_int_ready[0:0]
     6/6: $0\pcpi_int_wait[0:0]
Creating decoders for process `$paramod\ksa_adder\WIDTH=32.$proc$rtl/ksa/ksa_adder.v:3$6879'.
     1/384: $0\p_stage[5][31:0] [31]
     2/384: $0\g_stage[5][31:0] [31]
     3/384: $0\p_stage[5][31:0] [30]
     4/384: $0\g_stage[5][31:0] [30]
     5/384: $0\p_stage[5][31:0] [29]
     6/384: $0\g_stage[5][31:0] [29]
     7/384: $0\p_stage[5][31:0] [28]
     8/384: $0\g_stage[5][31:0] [28]
     9/384: $0\p_stage[5][31:0] [27]
    10/384: $0\g_stage[5][31:0] [27]
    11/384: $0\p_stage[5][31:0] [26]
    12/384: $0\g_stage[5][31:0] [26]
    13/384: $0\p_stage[5][31:0] [25]
    14/384: $0\g_stage[5][31:0] [25]
    15/384: $0\p_stage[5][31:0] [24]
    16/384: $0\g_stage[5][31:0] [24]
    17/384: $0\p_stage[5][31:0] [23]
    18/384: $0\g_stage[5][31:0] [23]
    19/384: $0\p_stage[5][31:0] [22]
    20/384: $0\g_stage[5][31:0] [22]
    21/384: $0\p_stage[5][31:0] [21]
    22/384: $0\g_stage[5][31:0] [21]
    23/384: $0\p_stage[5][31:0] [20]
    24/384: $0\g_stage[5][31:0] [20]
    25/384: $0\p_stage[5][31:0] [19]
    26/384: $0\g_stage[5][31:0] [19]
    27/384: $0\p_stage[5][31:0] [18]
    28/384: $0\g_stage[5][31:0] [18]
    29/384: $0\p_stage[5][31:0] [17]
    30/384: $0\g_stage[5][31:0] [17]
    31/384: $0\p_stage[5][31:0] [16]
    32/384: $0\g_stage[5][31:0] [16]
    33/384: $0\p_stage[5][31:0] [15]
    34/384: $0\g_stage[5][31:0] [15]
    35/384: $0\p_stage[5][31:0] [14]
    36/384: $0\g_stage[5][31:0] [14]
    37/384: $0\p_stage[5][31:0] [13]
    38/384: $0\g_stage[5][31:0] [13]
    39/384: $0\p_stage[5][31:0] [12]
    40/384: $0\g_stage[5][31:0] [12]
    41/384: $0\p_stage[5][31:0] [11]
    42/384: $0\g_stage[5][31:0] [11]
    43/384: $0\p_stage[5][31:0] [10]
    44/384: $0\g_stage[5][31:0] [10]
    45/384: $0\p_stage[5][31:0] [9]
    46/384: $0\g_stage[5][31:0] [9]
    47/384: $0\p_stage[5][31:0] [8]
    48/384: $0\g_stage[5][31:0] [8]
    49/384: $0\p_stage[5][31:0] [7]
    50/384: $0\g_stage[5][31:0] [7]
    51/384: $0\p_stage[5][31:0] [6]
    52/384: $0\g_stage[5][31:0] [6]
    53/384: $0\p_stage[5][31:0] [5]
    54/384: $0\g_stage[5][31:0] [5]
    55/384: $0\p_stage[5][31:0] [4]
    56/384: $0\g_stage[5][31:0] [4]
    57/384: $0\p_stage[5][31:0] [3]
    58/384: $0\g_stage[5][31:0] [3]
    59/384: $0\p_stage[5][31:0] [2]
    60/384: $0\g_stage[5][31:0] [2]
    61/384: $0\p_stage[5][31:0] [1]
    62/384: $0\g_stage[5][31:0] [1]
    63/384: $0\p_stage[5][31:0] [0]
    64/384: $0\g_stage[5][31:0] [0]
    65/384: $0\p_stage[4][31:0] [31]
    66/384: $0\g_stage[4][31:0] [31]
    67/384: $0\p_stage[4][31:0] [30]
    68/384: $0\g_stage[4][31:0] [30]
    69/384: $0\p_stage[4][31:0] [29]
    70/384: $0\g_stage[4][31:0] [29]
    71/384: $0\p_stage[4][31:0] [28]
    72/384: $0\g_stage[4][31:0] [28]
    73/384: $0\p_stage[4][31:0] [27]
    74/384: $0\g_stage[4][31:0] [27]
    75/384: $0\p_stage[4][31:0] [26]
    76/384: $0\g_stage[4][31:0] [26]
    77/384: $0\p_stage[4][31:0] [25]
    78/384: $0\g_stage[4][31:0] [25]
    79/384: $0\p_stage[4][31:0] [24]
    80/384: $0\g_stage[4][31:0] [24]
    81/384: $0\p_stage[4][31:0] [23]
    82/384: $0\g_stage[4][31:0] [23]
    83/384: $0\p_stage[4][31:0] [22]
    84/384: $0\g_stage[4][31:0] [22]
    85/384: $0\p_stage[4][31:0] [21]
    86/384: $0\g_stage[4][31:0] [21]
    87/384: $0\p_stage[4][31:0] [20]
    88/384: $0\g_stage[4][31:0] [20]
    89/384: $0\p_stage[4][31:0] [19]
    90/384: $0\g_stage[4][31:0] [19]
    91/384: $0\p_stage[4][31:0] [18]
    92/384: $0\g_stage[4][31:0] [18]
    93/384: $0\p_stage[4][31:0] [17]
    94/384: $0\g_stage[4][31:0] [17]
    95/384: $0\p_stage[4][31:0] [16]
    96/384: $0\g_stage[4][31:0] [16]
    97/384: $0\p_stage[4][31:0] [15]
    98/384: $0\g_stage[4][31:0] [15]
    99/384: $0\p_stage[4][31:0] [14]
   100/384: $0\g_stage[4][31:0] [14]
   101/384: $0\p_stage[4][31:0] [13]
   102/384: $0\g_stage[4][31:0] [13]
   103/384: $0\p_stage[4][31:0] [12]
   104/384: $0\g_stage[4][31:0] [12]
   105/384: $0\p_stage[4][31:0] [11]
   106/384: $0\g_stage[4][31:0] [11]
   107/384: $0\p_stage[4][31:0] [10]
   108/384: $0\g_stage[4][31:0] [10]
   109/384: $0\p_stage[4][31:0] [9]
   110/384: $0\g_stage[4][31:0] [9]
   111/384: $0\p_stage[4][31:0] [8]
   112/384: $0\g_stage[4][31:0] [8]
   113/384: $0\p_stage[4][31:0] [7]
   114/384: $0\g_stage[4][31:0] [7]
   115/384: $0\p_stage[4][31:0] [6]
   116/384: $0\g_stage[4][31:0] [6]
   117/384: $0\p_stage[4][31:0] [5]
   118/384: $0\g_stage[4][31:0] [5]
   119/384: $0\p_stage[4][31:0] [4]
   120/384: $0\g_stage[4][31:0] [4]
   121/384: $0\p_stage[4][31:0] [3]
   122/384: $0\g_stage[4][31:0] [3]
   123/384: $0\p_stage[4][31:0] [2]
   124/384: $0\g_stage[4][31:0] [2]
   125/384: $0\p_stage[4][31:0] [1]
   126/384: $0\g_stage[4][31:0] [1]
   127/384: $0\p_stage[4][31:0] [0]
   128/384: $0\g_stage[4][31:0] [0]
   129/384: $0\p_stage[3][31:0] [31]
   130/384: $0\g_stage[3][31:0] [31]
   131/384: $0\p_stage[3][31:0] [30]
   132/384: $0\g_stage[3][31:0] [30]
   133/384: $0\p_stage[3][31:0] [29]
   134/384: $0\g_stage[3][31:0] [29]
   135/384: $0\p_stage[3][31:0] [28]
   136/384: $0\g_stage[3][31:0] [28]
   137/384: $0\p_stage[3][31:0] [27]
   138/384: $0\g_stage[3][31:0] [27]
   139/384: $0\p_stage[3][31:0] [26]
   140/384: $0\g_stage[3][31:0] [26]
   141/384: $0\p_stage[3][31:0] [25]
   142/384: $0\g_stage[3][31:0] [25]
   143/384: $0\p_stage[3][31:0] [24]
   144/384: $0\g_stage[3][31:0] [24]
   145/384: $0\p_stage[3][31:0] [23]
   146/384: $0\g_stage[3][31:0] [23]
   147/384: $0\p_stage[3][31:0] [22]
   148/384: $0\g_stage[3][31:0] [22]
   149/384: $0\p_stage[3][31:0] [21]
   150/384: $0\g_stage[3][31:0] [21]
   151/384: $0\p_stage[3][31:0] [20]
   152/384: $0\g_stage[3][31:0] [20]
   153/384: $0\p_stage[3][31:0] [19]
   154/384: $0\g_stage[3][31:0] [19]
   155/384: $0\p_stage[3][31:0] [18]
   156/384: $0\g_stage[3][31:0] [18]
   157/384: $0\p_stage[3][31:0] [17]
   158/384: $0\g_stage[3][31:0] [17]
   159/384: $0\p_stage[3][31:0] [16]
   160/384: $0\g_stage[3][31:0] [16]
   161/384: $0\p_stage[3][31:0] [15]
   162/384: $0\g_stage[3][31:0] [15]
   163/384: $0\p_stage[3][31:0] [14]
   164/384: $0\g_stage[3][31:0] [14]
   165/384: $0\p_stage[3][31:0] [13]
   166/384: $0\g_stage[3][31:0] [13]
   167/384: $0\p_stage[3][31:0] [12]
   168/384: $0\g_stage[3][31:0] [12]
   169/384: $0\p_stage[3][31:0] [11]
   170/384: $0\g_stage[3][31:0] [11]
   171/384: $0\p_stage[3][31:0] [10]
   172/384: $0\g_stage[3][31:0] [10]
   173/384: $0\p_stage[3][31:0] [9]
   174/384: $0\g_stage[3][31:0] [9]
   175/384: $0\p_stage[3][31:0] [8]
   176/384: $0\g_stage[3][31:0] [8]
   177/384: $0\p_stage[3][31:0] [7]
   178/384: $0\g_stage[3][31:0] [7]
   179/384: $0\p_stage[3][31:0] [6]
   180/384: $0\g_stage[3][31:0] [6]
   181/384: $0\p_stage[3][31:0] [5]
   182/384: $0\g_stage[3][31:0] [5]
   183/384: $0\p_stage[3][31:0] [4]
   184/384: $0\g_stage[3][31:0] [4]
   185/384: $0\p_stage[3][31:0] [3]
   186/384: $0\g_stage[3][31:0] [3]
   187/384: $0\p_stage[3][31:0] [2]
   188/384: $0\g_stage[3][31:0] [2]
   189/384: $0\p_stage[3][31:0] [1]
   190/384: $0\g_stage[3][31:0] [1]
   191/384: $0\p_stage[3][31:0] [0]
   192/384: $0\g_stage[3][31:0] [0]
   193/384: $0\p_stage[2][31:0] [31]
   194/384: $0\g_stage[2][31:0] [31]
   195/384: $0\p_stage[2][31:0] [30]
   196/384: $0\g_stage[2][31:0] [30]
   197/384: $0\p_stage[2][31:0] [29]
   198/384: $0\g_stage[2][31:0] [29]
   199/384: $0\p_stage[2][31:0] [28]
   200/384: $0\g_stage[2][31:0] [28]
   201/384: $0\p_stage[2][31:0] [27]
   202/384: $0\g_stage[2][31:0] [27]
   203/384: $0\p_stage[2][31:0] [26]
   204/384: $0\g_stage[2][31:0] [26]
   205/384: $0\p_stage[2][31:0] [25]
   206/384: $0\g_stage[2][31:0] [25]
   207/384: $0\p_stage[2][31:0] [24]
   208/384: $0\g_stage[2][31:0] [24]
   209/384: $0\p_stage[2][31:0] [23]
   210/384: $0\g_stage[2][31:0] [23]
   211/384: $0\p_stage[2][31:0] [22]
   212/384: $0\g_stage[2][31:0] [22]
   213/384: $0\p_stage[2][31:0] [21]
   214/384: $0\g_stage[2][31:0] [21]
   215/384: $0\p_stage[2][31:0] [20]
   216/384: $0\g_stage[2][31:0] [20]
   217/384: $0\p_stage[2][31:0] [19]
   218/384: $0\g_stage[2][31:0] [19]
   219/384: $0\p_stage[2][31:0] [18]
   220/384: $0\g_stage[2][31:0] [18]
   221/384: $0\p_stage[2][31:0] [17]
   222/384: $0\g_stage[2][31:0] [17]
   223/384: $0\p_stage[2][31:0] [16]
   224/384: $0\g_stage[2][31:0] [16]
   225/384: $0\p_stage[2][31:0] [15]
   226/384: $0\g_stage[2][31:0] [15]
   227/384: $0\p_stage[2][31:0] [14]
   228/384: $0\g_stage[2][31:0] [14]
   229/384: $0\p_stage[2][31:0] [13]
   230/384: $0\g_stage[2][31:0] [13]
   231/384: $0\p_stage[2][31:0] [12]
   232/384: $0\g_stage[2][31:0] [12]
   233/384: $0\p_stage[2][31:0] [11]
   234/384: $0\g_stage[2][31:0] [11]
   235/384: $0\p_stage[2][31:0] [10]
   236/384: $0\g_stage[2][31:0] [10]
   237/384: $0\p_stage[2][31:0] [9]
   238/384: $0\g_stage[2][31:0] [9]
   239/384: $0\p_stage[2][31:0] [8]
   240/384: $0\g_stage[2][31:0] [8]
   241/384: $0\p_stage[2][31:0] [7]
   242/384: $0\g_stage[2][31:0] [7]
   243/384: $0\p_stage[2][31:0] [6]
   244/384: $0\g_stage[2][31:0] [6]
   245/384: $0\p_stage[2][31:0] [5]
   246/384: $0\g_stage[2][31:0] [5]
   247/384: $0\p_stage[2][31:0] [4]
   248/384: $0\g_stage[2][31:0] [4]
   249/384: $0\p_stage[2][31:0] [3]
   250/384: $0\g_stage[2][31:0] [3]
   251/384: $0\p_stage[2][31:0] [2]
   252/384: $0\g_stage[2][31:0] [2]
   253/384: $0\p_stage[2][31:0] [1]
   254/384: $0\g_stage[2][31:0] [1]
   255/384: $0\p_stage[2][31:0] [0]
   256/384: $0\g_stage[2][31:0] [0]
   257/384: $0\p_stage[1][31:0] [31]
   258/384: $0\g_stage[1][31:0] [31]
   259/384: $0\p_stage[1][31:0] [30]
   260/384: $0\g_stage[1][31:0] [30]
   261/384: $0\p_stage[1][31:0] [29]
   262/384: $0\g_stage[1][31:0] [29]
   263/384: $0\p_stage[1][31:0] [28]
   264/384: $0\g_stage[1][31:0] [28]
   265/384: $0\p_stage[1][31:0] [27]
   266/384: $0\g_stage[1][31:0] [27]
   267/384: $0\p_stage[1][31:0] [26]
   268/384: $0\g_stage[1][31:0] [26]
   269/384: $0\p_stage[1][31:0] [25]
   270/384: $0\g_stage[1][31:0] [25]
   271/384: $0\p_stage[1][31:0] [24]
   272/384: $0\g_stage[1][31:0] [24]
   273/384: $0\p_stage[1][31:0] [23]
   274/384: $0\g_stage[1][31:0] [23]
   275/384: $0\p_stage[1][31:0] [22]
   276/384: $0\g_stage[1][31:0] [22]
   277/384: $0\p_stage[1][31:0] [21]
   278/384: $0\g_stage[1][31:0] [21]
   279/384: $0\p_stage[1][31:0] [20]
   280/384: $0\g_stage[1][31:0] [20]
   281/384: $0\p_stage[1][31:0] [19]
   282/384: $0\g_stage[1][31:0] [19]
   283/384: $0\p_stage[1][31:0] [18]
   284/384: $0\g_stage[1][31:0] [18]
   285/384: $0\p_stage[1][31:0] [17]
   286/384: $0\g_stage[1][31:0] [17]
   287/384: $0\p_stage[1][31:0] [16]
   288/384: $0\g_stage[1][31:0] [16]
   289/384: $0\p_stage[1][31:0] [15]
   290/384: $0\g_stage[1][31:0] [15]
   291/384: $0\p_stage[1][31:0] [14]
   292/384: $0\g_stage[1][31:0] [14]
   293/384: $0\p_stage[1][31:0] [13]
   294/384: $0\g_stage[1][31:0] [13]
   295/384: $0\p_stage[1][31:0] [12]
   296/384: $0\g_stage[1][31:0] [12]
   297/384: $0\p_stage[1][31:0] [11]
   298/384: $0\g_stage[1][31:0] [11]
   299/384: $0\p_stage[1][31:0] [10]
   300/384: $0\g_stage[1][31:0] [10]
   301/384: $0\p_stage[1][31:0] [9]
   302/384: $0\g_stage[1][31:0] [9]
   303/384: $0\p_stage[1][31:0] [8]
   304/384: $0\g_stage[1][31:0] [8]
   305/384: $0\p_stage[1][31:0] [7]
   306/384: $0\g_stage[1][31:0] [7]
   307/384: $0\p_stage[1][31:0] [6]
   308/384: $0\g_stage[1][31:0] [6]
   309/384: $0\p_stage[1][31:0] [5]
   310/384: $0\g_stage[1][31:0] [5]
   311/384: $0\p_stage[1][31:0] [4]
   312/384: $0\g_stage[1][31:0] [4]
   313/384: $0\p_stage[1][31:0] [3]
   314/384: $0\g_stage[1][31:0] [3]
   315/384: $0\p_stage[1][31:0] [2]
   316/384: $0\g_stage[1][31:0] [2]
   317/384: $0\p_stage[1][31:0] [1]
   318/384: $0\g_stage[1][31:0] [1]
   319/384: $0\p_stage[1][31:0] [0]
   320/384: $0\g_stage[1][31:0] [0]
   321/384: $0\p_stage[0][31:0] [31]
   322/384: $0\g_stage[0][31:0] [31]
   323/384: $0\p_stage[0][31:0] [30]
   324/384: $0\g_stage[0][31:0] [30]
   325/384: $0\p_stage[0][31:0] [29]
   326/384: $0\g_stage[0][31:0] [29]
   327/384: $0\p_stage[0][31:0] [28]
   328/384: $0\g_stage[0][31:0] [28]
   329/384: $0\p_stage[0][31:0] [27]
   330/384: $0\g_stage[0][31:0] [27]
   331/384: $0\p_stage[0][31:0] [26]
   332/384: $0\g_stage[0][31:0] [26]
   333/384: $0\p_stage[0][31:0] [25]
   334/384: $0\g_stage[0][31:0] [25]
   335/384: $0\p_stage[0][31:0] [24]
   336/384: $0\g_stage[0][31:0] [24]
   337/384: $0\p_stage[0][31:0] [23]
   338/384: $0\g_stage[0][31:0] [23]
   339/384: $0\p_stage[0][31:0] [22]
   340/384: $0\g_stage[0][31:0] [22]
   341/384: $0\p_stage[0][31:0] [21]
   342/384: $0\g_stage[0][31:0] [21]
   343/384: $0\p_stage[0][31:0] [20]
   344/384: $0\g_stage[0][31:0] [20]
   345/384: $0\p_stage[0][31:0] [19]
   346/384: $0\g_stage[0][31:0] [19]
   347/384: $0\p_stage[0][31:0] [18]
   348/384: $0\g_stage[0][31:0] [18]
   349/384: $0\p_stage[0][31:0] [17]
   350/384: $0\g_stage[0][31:0] [17]
   351/384: $0\p_stage[0][31:0] [16]
   352/384: $0\g_stage[0][31:0] [16]
   353/384: $0\p_stage[0][31:0] [15]
   354/384: $0\g_stage[0][31:0] [15]
   355/384: $0\p_stage[0][31:0] [14]
   356/384: $0\g_stage[0][31:0] [14]
   357/384: $0\p_stage[0][31:0] [13]
   358/384: $0\g_stage[0][31:0] [13]
   359/384: $0\p_stage[0][31:0] [12]
   360/384: $0\g_stage[0][31:0] [12]
   361/384: $0\p_stage[0][31:0] [11]
   362/384: $0\g_stage[0][31:0] [11]
   363/384: $0\p_stage[0][31:0] [10]
   364/384: $0\g_stage[0][31:0] [10]
   365/384: $0\p_stage[0][31:0] [9]
   366/384: $0\g_stage[0][31:0] [9]
   367/384: $0\p_stage[0][31:0] [8]
   368/384: $0\g_stage[0][31:0] [8]
   369/384: $0\p_stage[0][31:0] [7]
   370/384: $0\g_stage[0][31:0] [7]
   371/384: $0\p_stage[0][31:0] [6]
   372/384: $0\g_stage[0][31:0] [6]
   373/384: $0\p_stage[0][31:0] [5]
   374/384: $0\g_stage[0][31:0] [5]
   375/384: $0\p_stage[0][31:0] [4]
   376/384: $0\g_stage[0][31:0] [4]
   377/384: $0\p_stage[0][31:0] [3]
   378/384: $0\g_stage[0][31:0] [3]
   379/384: $0\p_stage[0][31:0] [2]
   380/384: $0\g_stage[0][31:0] [2]
   381/384: $0\p_stage[0][31:0] [1]
   382/384: $0\g_stage[0][31:0] [1]
   383/384: $0\p_stage[0][31:0] [0]
   384/384: $0\g_stage[0][31:0] [0]
Creating decoders for process `$paramod\ksa_adder\WIDTH=32.$proc$rtl/ksa/ksa_adder.v:51$6874'.
     1/1: $0$mem2bits$\p_stage$rtl/ksa/ksa_adder.v:51$5208[31:0]$6875
Creating decoders for process `$paramod\ksa_adder\WIDTH=32.$proc$rtl/ksa/ksa_adder.v:51$6872'.
     1/1: $0$mem2bits$\g_stage$rtl/ksa/ksa_adder.v:51$5207[31:0]$6873
Creating decoders for process `$paramod\ksa_adder\WIDTH=32.$proc$rtl/ksa/ksa_adder.v:51$6867'.
     1/1: $0$mem2bits$\p_stage$rtl/ksa/ksa_adder.v:51$5206[31:0]$6868
Creating decoders for process `$paramod\ksa_adder\WIDTH=32.$proc$rtl/ksa/ksa_adder.v:51$6865'.
     1/1: $0$mem2bits$\g_stage$rtl/ksa/ksa_adder.v:51$5205[31:0]$6866
Creating decoders for process `$paramod\ksa_adder\WIDTH=32.$proc$rtl/ksa/ksa_adder.v:51$6860'.
     1/1: $0$mem2bits$\p_stage$rtl/ksa/ksa_adder.v:51$5204[31:0]$6861
Creating decoders for process `$paramod\ksa_adder\WIDTH=32.$proc$rtl/ksa/ksa_adder.v:51$6858'.
     1/1: $0$mem2bits$\g_stage$rtl/ksa/ksa_adder.v:51$5203[31:0]$6859
Creating decoders for process `$paramod\ksa_adder\WIDTH=32.$proc$rtl/ksa/ksa_adder.v:51$6853'.
     1/1: $0$mem2bits$\p_stage$rtl/ksa/ksa_adder.v:51$5202[31:0]$6854
Creating decoders for process `$paramod\ksa_adder\WIDTH=32.$proc$rtl/ksa/ksa_adder.v:51$6851'.
     1/1: $0$mem2bits$\g_stage$rtl/ksa/ksa_adder.v:51$5201[31:0]$6852
Creating decoders for process `$paramod\ksa_adder\WIDTH=32.$proc$rtl/ksa/ksa_adder.v:51$6846'.
     1/1: $0$mem2bits$\p_stage$rtl/ksa/ksa_adder.v:51$5200[31:0]$6847
Creating decoders for process `$paramod\ksa_adder\WIDTH=32.$proc$rtl/ksa/ksa_adder.v:51$6844'.
     1/1: $0$mem2bits$\g_stage$rtl/ksa/ksa_adder.v:51$5199[31:0]$6845
Creating decoders for process `$paramod\ksa_adder\WIDTH=32.$proc$rtl/ksa/ksa_adder.v:51$6839'.
     1/1: $0$mem2bits$\p_stage$rtl/ksa/ksa_adder.v:51$5198[31:0]$6840
Creating decoders for process `$paramod\ksa_adder\WIDTH=32.$proc$rtl/ksa/ksa_adder.v:51$6837'.
     1/1: $0$mem2bits$\g_stage$rtl/ksa/ksa_adder.v:51$5197[31:0]$6838
Creating decoders for process `$paramod\ksa_adder\WIDTH=32.$proc$rtl/ksa/ksa_adder.v:51$6832'.
     1/1: $0$mem2bits$\p_stage$rtl/ksa/ksa_adder.v:51$5196[31:0]$6833
Creating decoders for process `$paramod\ksa_adder\WIDTH=32.$proc$rtl/ksa/ksa_adder.v:51$6830'.
     1/1: $0$mem2bits$\g_stage$rtl/ksa/ksa_adder.v:51$5195[31:0]$6831
Creating decoders for process `$paramod\ksa_adder\WIDTH=32.$proc$rtl/ksa/ksa_adder.v:51$6825'.
     1/1: $0$mem2bits$\p_stage$rtl/ksa/ksa_adder.v:51$5194[31:0]$6826
Creating decoders for process `$paramod\ksa_adder\WIDTH=32.$proc$rtl/ksa/ksa_adder.v:51$6823'.
     1/1: $0$mem2bits$\g_stage$rtl/ksa/ksa_adder.v:51$5193[31:0]$6824
Creating decoders for process `$paramod\ksa_adder\WIDTH=32.$proc$rtl/ksa/ksa_adder.v:51$6818'.
     1/1: $0$mem2bits$\p_stage$rtl/ksa/ksa_adder.v:51$5192[31:0]$6819
Creating decoders for process `$paramod\ksa_adder\WIDTH=32.$proc$rtl/ksa/ksa_adder.v:51$6816'.
     1/1: $0$mem2bits$\g_stage$rtl/ksa/ksa_adder.v:51$5191[31:0]$6817
Creating decoders for process `$paramod\ksa_adder\WIDTH=32.$proc$rtl/ksa/ksa_adder.v:51$6811'.
     1/1: $0$mem2bits$\p_stage$rtl/ksa/ksa_adder.v:51$5190[31:0]$6812
Creating decoders for process `$paramod\ksa_adder\WIDTH=32.$proc$rtl/ksa/ksa_adder.v:51$6809'.
     1/1: $0$mem2bits$\g_stage$rtl/ksa/ksa_adder.v:51$5189[31:0]$6810
Creating decoders for process `$paramod\ksa_adder\WIDTH=32.$proc$rtl/ksa/ksa_adder.v:51$6804'.
     1/1: $0$mem2bits$\p_stage$rtl/ksa/ksa_adder.v:51$5188[31:0]$6805
Creating decoders for process `$paramod\ksa_adder\WIDTH=32.$proc$rtl/ksa/ksa_adder.v:51$6802'.
     1/1: $0$mem2bits$\g_stage$rtl/ksa/ksa_adder.v:51$5187[31:0]$6803
Creating decoders for process `$paramod\ksa_adder\WIDTH=32.$proc$rtl/ksa/ksa_adder.v:51$6797'.
     1/1: $0$mem2bits$\p_stage$rtl/ksa/ksa_adder.v:51$5186[31:0]$6798
Creating decoders for process `$paramod\ksa_adder\WIDTH=32.$proc$rtl/ksa/ksa_adder.v:51$6795'.
     1/1: $0$mem2bits$\g_stage$rtl/ksa/ksa_adder.v:51$5185[31:0]$6796
Creating decoders for process `$paramod\ksa_adder\WIDTH=32.$proc$rtl/ksa/ksa_adder.v:51$6790'.
     1/1: $0$mem2bits$\p_stage$rtl/ksa/ksa_adder.v:51$5184[31:0]$6791
Creating decoders for process `$paramod\ksa_adder\WIDTH=32.$proc$rtl/ksa/ksa_adder.v:51$6788'.
     1/1: $0$mem2bits$\g_stage$rtl/ksa/ksa_adder.v:51$5183[31:0]$6789
Creating decoders for process `$paramod\ksa_adder\WIDTH=32.$proc$rtl/ksa/ksa_adder.v:51$6783'.
     1/1: $0$mem2bits$\p_stage$rtl/ksa/ksa_adder.v:51$5182[31:0]$6784
Creating decoders for process `$paramod\ksa_adder\WIDTH=32.$proc$rtl/ksa/ksa_adder.v:51$6781'.
     1/1: $0$mem2bits$\g_stage$rtl/ksa/ksa_adder.v:51$5181[31:0]$6782
Creating decoders for process `$paramod\ksa_adder\WIDTH=32.$proc$rtl/ksa/ksa_adder.v:51$6776'.
     1/1: $0$mem2bits$\p_stage$rtl/ksa/ksa_adder.v:51$5180[31:0]$6777
Creating decoders for process `$paramod\ksa_adder\WIDTH=32.$proc$rtl/ksa/ksa_adder.v:51$6774'.
     1/1: $0$mem2bits$\g_stage$rtl/ksa/ksa_adder.v:51$5179[31:0]$6775
Creating decoders for process `$paramod\ksa_adder\WIDTH=32.$proc$rtl/ksa/ksa_adder.v:51$6769'.
     1/1: $0$mem2bits$\p_stage$rtl/ksa/ksa_adder.v:51$5178[31:0]$6770
Creating decoders for process `$paramod\ksa_adder\WIDTH=32.$proc$rtl/ksa/ksa_adder.v:51$6767'.
     1/1: $0$mem2bits$\g_stage$rtl/ksa/ksa_adder.v:51$5177[31:0]$6768
Creating decoders for process `$paramod\ksa_adder\WIDTH=32.$proc$rtl/ksa/ksa_adder.v:51$6762'.
     1/1: $0$mem2bits$\p_stage$rtl/ksa/ksa_adder.v:51$5176[31:0]$6763
Creating decoders for process `$paramod\ksa_adder\WIDTH=32.$proc$rtl/ksa/ksa_adder.v:51$6760'.
     1/1: $0$mem2bits$\g_stage$rtl/ksa/ksa_adder.v:51$5175[31:0]$6761
Creating decoders for process `$paramod\ksa_adder\WIDTH=32.$proc$rtl/ksa/ksa_adder.v:51$6755'.
     1/1: $0$mem2bits$\p_stage$rtl/ksa/ksa_adder.v:51$5174[31:0]$6756
Creating decoders for process `$paramod\ksa_adder\WIDTH=32.$proc$rtl/ksa/ksa_adder.v:51$6753'.
     1/1: $0$mem2bits$\g_stage$rtl/ksa/ksa_adder.v:51$5173[31:0]$6754
Creating decoders for process `$paramod\ksa_adder\WIDTH=32.$proc$rtl/ksa/ksa_adder.v:51$6748'.
     1/1: $0$mem2bits$\p_stage$rtl/ksa/ksa_adder.v:51$5172[31:0]$6749
Creating decoders for process `$paramod\ksa_adder\WIDTH=32.$proc$rtl/ksa/ksa_adder.v:51$6746'.
     1/1: $0$mem2bits$\g_stage$rtl/ksa/ksa_adder.v:51$5171[31:0]$6747
Creating decoders for process `$paramod\ksa_adder\WIDTH=32.$proc$rtl/ksa/ksa_adder.v:51$6741'.
     1/1: $0$mem2bits$\p_stage$rtl/ksa/ksa_adder.v:51$5170[31:0]$6742
Creating decoders for process `$paramod\ksa_adder\WIDTH=32.$proc$rtl/ksa/ksa_adder.v:51$6739'.
     1/1: $0$mem2bits$\g_stage$rtl/ksa/ksa_adder.v:51$5169[31:0]$6740
Creating decoders for process `$paramod\ksa_adder\WIDTH=32.$proc$rtl/ksa/ksa_adder.v:51$6734'.
     1/1: $0$mem2bits$\p_stage$rtl/ksa/ksa_adder.v:51$5168[31:0]$6735
Creating decoders for process `$paramod\ksa_adder\WIDTH=32.$proc$rtl/ksa/ksa_adder.v:51$6732'.
     1/1: $0$mem2bits$\g_stage$rtl/ksa/ksa_adder.v:51$5167[31:0]$6733
Creating decoders for process `$paramod\ksa_adder\WIDTH=32.$proc$rtl/ksa/ksa_adder.v:51$6727'.
     1/1: $0$mem2bits$\p_stage$rtl/ksa/ksa_adder.v:51$5166[31:0]$6728
Creating decoders for process `$paramod\ksa_adder\WIDTH=32.$proc$rtl/ksa/ksa_adder.v:51$6725'.
     1/1: $0$mem2bits$\g_stage$rtl/ksa/ksa_adder.v:51$5165[31:0]$6726
Creating decoders for process `$paramod\ksa_adder\WIDTH=32.$proc$rtl/ksa/ksa_adder.v:51$6720'.
     1/1: $0$mem2bits$\p_stage$rtl/ksa/ksa_adder.v:51$5164[31:0]$6721
Creating decoders for process `$paramod\ksa_adder\WIDTH=32.$proc$rtl/ksa/ksa_adder.v:51$6718'.
     1/1: $0$mem2bits$\g_stage$rtl/ksa/ksa_adder.v:51$5163[31:0]$6719
Creating decoders for process `$paramod\ksa_adder\WIDTH=32.$proc$rtl/ksa/ksa_adder.v:51$6713'.
     1/1: $0$mem2bits$\p_stage$rtl/ksa/ksa_adder.v:51$5162[31:0]$6714
Creating decoders for process `$paramod\ksa_adder\WIDTH=32.$proc$rtl/ksa/ksa_adder.v:51$6711'.
     1/1: $0$mem2bits$\g_stage$rtl/ksa/ksa_adder.v:51$5161[31:0]$6712
Creating decoders for process `$paramod\ksa_adder\WIDTH=32.$proc$rtl/ksa/ksa_adder.v:51$6706'.
     1/1: $0$mem2bits$\p_stage$rtl/ksa/ksa_adder.v:51$5160[31:0]$6707
Creating decoders for process `$paramod\ksa_adder\WIDTH=32.$proc$rtl/ksa/ksa_adder.v:51$6704'.
     1/1: $0$mem2bits$\g_stage$rtl/ksa/ksa_adder.v:51$5159[31:0]$6705
Creating decoders for process `$paramod\ksa_adder\WIDTH=32.$proc$rtl/ksa/ksa_adder.v:51$6699'.
     1/1: $0$mem2bits$\p_stage$rtl/ksa/ksa_adder.v:51$5158[31:0]$6700
Creating decoders for process `$paramod\ksa_adder\WIDTH=32.$proc$rtl/ksa/ksa_adder.v:51$6697'.
     1/1: $0$mem2bits$\g_stage$rtl/ksa/ksa_adder.v:51$5157[31:0]$6698
Creating decoders for process `$paramod\ksa_adder\WIDTH=32.$proc$rtl/ksa/ksa_adder.v:51$6692'.
     1/1: $0$mem2bits$\p_stage$rtl/ksa/ksa_adder.v:51$5156[31:0]$6693
Creating decoders for process `$paramod\ksa_adder\WIDTH=32.$proc$rtl/ksa/ksa_adder.v:51$6690'.
     1/1: $0$mem2bits$\g_stage$rtl/ksa/ksa_adder.v:51$5155[31:0]$6691
Creating decoders for process `$paramod\ksa_adder\WIDTH=32.$proc$rtl/ksa/ksa_adder.v:51$6685'.
     1/1: $0$mem2bits$\p_stage$rtl/ksa/ksa_adder.v:51$5154[31:0]$6686
Creating decoders for process `$paramod\ksa_adder\WIDTH=32.$proc$rtl/ksa/ksa_adder.v:51$6683'.
     1/1: $0$mem2bits$\g_stage$rtl/ksa/ksa_adder.v:51$5153[31:0]$6684
Creating decoders for process `$paramod\ksa_adder\WIDTH=32.$proc$rtl/ksa/ksa_adder.v:51$6678'.
     1/1: $0$mem2bits$\p_stage$rtl/ksa/ksa_adder.v:51$5152[31:0]$6679
Creating decoders for process `$paramod\ksa_adder\WIDTH=32.$proc$rtl/ksa/ksa_adder.v:51$6676'.
     1/1: $0$mem2bits$\g_stage$rtl/ksa/ksa_adder.v:51$5151[31:0]$6677
Creating decoders for process `$paramod\ksa_adder\WIDTH=32.$proc$rtl/ksa/ksa_adder.v:51$6671'.
     1/1: $0$mem2bits$\p_stage$rtl/ksa/ksa_adder.v:51$5150[31:0]$6672
Creating decoders for process `$paramod\ksa_adder\WIDTH=32.$proc$rtl/ksa/ksa_adder.v:51$6669'.
     1/1: $0$mem2bits$\g_stage$rtl/ksa/ksa_adder.v:51$5149[31:0]$6670
Creating decoders for process `$paramod\ksa_adder\WIDTH=32.$proc$rtl/ksa/ksa_adder.v:51$6664'.
     1/1: $0$mem2bits$\p_stage$rtl/ksa/ksa_adder.v:51$5148[31:0]$6665
Creating decoders for process `$paramod\ksa_adder\WIDTH=32.$proc$rtl/ksa/ksa_adder.v:51$6662'.
     1/1: $0$mem2bits$\g_stage$rtl/ksa/ksa_adder.v:51$5147[31:0]$6663
Creating decoders for process `$paramod\ksa_adder\WIDTH=32.$proc$rtl/ksa/ksa_adder.v:51$6657'.
     1/1: $0$mem2bits$\p_stage$rtl/ksa/ksa_adder.v:51$5146[31:0]$6658
Creating decoders for process `$paramod\ksa_adder\WIDTH=32.$proc$rtl/ksa/ksa_adder.v:51$6655'.
     1/1: $0$mem2bits$\g_stage$rtl/ksa/ksa_adder.v:51$5145[31:0]$6656
Creating decoders for process `$paramod\ksa_adder\WIDTH=32.$proc$rtl/ksa/ksa_adder.v:41$6653'.
     1/1: $0$mem2bits$\p_stage$rtl/ksa/ksa_adder.v:41$5144[31:0]$6654
Creating decoders for process `$paramod\ksa_adder\WIDTH=32.$proc$rtl/ksa/ksa_adder.v:41$6651'.
     1/1: $0$mem2bits$\p_stage$rtl/ksa/ksa_adder.v:41$5143[31:0]$6652
Creating decoders for process `$paramod\ksa_adder\WIDTH=32.$proc$rtl/ksa/ksa_adder.v:40$6649'.
     1/1: $0$mem2bits$\g_stage$rtl/ksa/ksa_adder.v:40$5142[31:0]$6650
Creating decoders for process `$paramod\ksa_adder\WIDTH=32.$proc$rtl/ksa/ksa_adder.v:40$6647'.
     1/1: $0$mem2bits$\p_stage$rtl/ksa/ksa_adder.v:40$5141[31:0]$6648
Creating decoders for process `$paramod\ksa_adder\WIDTH=32.$proc$rtl/ksa/ksa_adder.v:40$6645'.
     1/1: $0$mem2bits$\g_stage$rtl/ksa/ksa_adder.v:40$5140[31:0]$6646
Creating decoders for process `$paramod\ksa_adder\WIDTH=32.$proc$rtl/ksa/ksa_adder.v:41$6643'.
     1/1: $0$mem2bits$\p_stage$rtl/ksa/ksa_adder.v:41$5139[31:0]$6644
Creating decoders for process `$paramod\ksa_adder\WIDTH=32.$proc$rtl/ksa/ksa_adder.v:41$6641'.
     1/1: $0$mem2bits$\p_stage$rtl/ksa/ksa_adder.v:41$5138[31:0]$6642
Creating decoders for process `$paramod\ksa_adder\WIDTH=32.$proc$rtl/ksa/ksa_adder.v:40$6639'.
     1/1: $0$mem2bits$\g_stage$rtl/ksa/ksa_adder.v:40$5137[31:0]$6640
Creating decoders for process `$paramod\ksa_adder\WIDTH=32.$proc$rtl/ksa/ksa_adder.v:40$6637'.
     1/1: $0$mem2bits$\p_stage$rtl/ksa/ksa_adder.v:40$5136[31:0]$6638
Creating decoders for process `$paramod\ksa_adder\WIDTH=32.$proc$rtl/ksa/ksa_adder.v:40$6635'.
     1/1: $0$mem2bits$\g_stage$rtl/ksa/ksa_adder.v:40$5135[31:0]$6636
Creating decoders for process `$paramod\ksa_adder\WIDTH=32.$proc$rtl/ksa/ksa_adder.v:41$6633'.
     1/1: $0$mem2bits$\p_stage$rtl/ksa/ksa_adder.v:41$5134[31:0]$6634
Creating decoders for process `$paramod\ksa_adder\WIDTH=32.$proc$rtl/ksa/ksa_adder.v:41$6631'.
     1/1: $0$mem2bits$\p_stage$rtl/ksa/ksa_adder.v:41$5133[31:0]$6632
Creating decoders for process `$paramod\ksa_adder\WIDTH=32.$proc$rtl/ksa/ksa_adder.v:40$6629'.
     1/1: $0$mem2bits$\g_stage$rtl/ksa/ksa_adder.v:40$5132[31:0]$6630
Creating decoders for process `$paramod\ksa_adder\WIDTH=32.$proc$rtl/ksa/ksa_adder.v:40$6627'.
     1/1: $0$mem2bits$\p_stage$rtl/ksa/ksa_adder.v:40$5131[31:0]$6628
Creating decoders for process `$paramod\ksa_adder\WIDTH=32.$proc$rtl/ksa/ksa_adder.v:40$6625'.
     1/1: $0$mem2bits$\g_stage$rtl/ksa/ksa_adder.v:40$5130[31:0]$6626
Creating decoders for process `$paramod\ksa_adder\WIDTH=32.$proc$rtl/ksa/ksa_adder.v:41$6623'.
     1/1: $0$mem2bits$\p_stage$rtl/ksa/ksa_adder.v:41$5129[31:0]$6624
Creating decoders for process `$paramod\ksa_adder\WIDTH=32.$proc$rtl/ksa/ksa_adder.v:41$6621'.
     1/1: $0$mem2bits$\p_stage$rtl/ksa/ksa_adder.v:41$5128[31:0]$6622
Creating decoders for process `$paramod\ksa_adder\WIDTH=32.$proc$rtl/ksa/ksa_adder.v:40$6619'.
     1/1: $0$mem2bits$\g_stage$rtl/ksa/ksa_adder.v:40$5127[31:0]$6620
Creating decoders for process `$paramod\ksa_adder\WIDTH=32.$proc$rtl/ksa/ksa_adder.v:40$6617'.
     1/1: $0$mem2bits$\p_stage$rtl/ksa/ksa_adder.v:40$5126[31:0]$6618
Creating decoders for process `$paramod\ksa_adder\WIDTH=32.$proc$rtl/ksa/ksa_adder.v:40$6615'.
     1/1: $0$mem2bits$\g_stage$rtl/ksa/ksa_adder.v:40$5125[31:0]$6616
Creating decoders for process `$paramod\ksa_adder\WIDTH=32.$proc$rtl/ksa/ksa_adder.v:41$6613'.
     1/1: $0$mem2bits$\p_stage$rtl/ksa/ksa_adder.v:41$5124[31:0]$6614
Creating decoders for process `$paramod\ksa_adder\WIDTH=32.$proc$rtl/ksa/ksa_adder.v:41$6611'.
     1/1: $0$mem2bits$\p_stage$rtl/ksa/ksa_adder.v:41$5123[31:0]$6612
Creating decoders for process `$paramod\ksa_adder\WIDTH=32.$proc$rtl/ksa/ksa_adder.v:40$6609'.
     1/1: $0$mem2bits$\g_stage$rtl/ksa/ksa_adder.v:40$5122[31:0]$6610
Creating decoders for process `$paramod\ksa_adder\WIDTH=32.$proc$rtl/ksa/ksa_adder.v:40$6607'.
     1/1: $0$mem2bits$\p_stage$rtl/ksa/ksa_adder.v:40$5121[31:0]$6608
Creating decoders for process `$paramod\ksa_adder\WIDTH=32.$proc$rtl/ksa/ksa_adder.v:40$6605'.
     1/1: $0$mem2bits$\g_stage$rtl/ksa/ksa_adder.v:40$5120[31:0]$6606
Creating decoders for process `$paramod\ksa_adder\WIDTH=32.$proc$rtl/ksa/ksa_adder.v:41$6603'.
     1/1: $0$mem2bits$\p_stage$rtl/ksa/ksa_adder.v:41$5119[31:0]$6604
Creating decoders for process `$paramod\ksa_adder\WIDTH=32.$proc$rtl/ksa/ksa_adder.v:41$6601'.
     1/1: $0$mem2bits$\p_stage$rtl/ksa/ksa_adder.v:41$5118[31:0]$6602
Creating decoders for process `$paramod\ksa_adder\WIDTH=32.$proc$rtl/ksa/ksa_adder.v:40$6599'.
     1/1: $0$mem2bits$\g_stage$rtl/ksa/ksa_adder.v:40$5117[31:0]$6600
Creating decoders for process `$paramod\ksa_adder\WIDTH=32.$proc$rtl/ksa/ksa_adder.v:40$6597'.
     1/1: $0$mem2bits$\p_stage$rtl/ksa/ksa_adder.v:40$5116[31:0]$6598
Creating decoders for process `$paramod\ksa_adder\WIDTH=32.$proc$rtl/ksa/ksa_adder.v:40$6595'.
     1/1: $0$mem2bits$\g_stage$rtl/ksa/ksa_adder.v:40$5115[31:0]$6596
Creating decoders for process `$paramod\ksa_adder\WIDTH=32.$proc$rtl/ksa/ksa_adder.v:41$6593'.
     1/1: $0$mem2bits$\p_stage$rtl/ksa/ksa_adder.v:41$5114[31:0]$6594
Creating decoders for process `$paramod\ksa_adder\WIDTH=32.$proc$rtl/ksa/ksa_adder.v:41$6591'.
     1/1: $0$mem2bits$\p_stage$rtl/ksa/ksa_adder.v:41$5113[31:0]$6592
Creating decoders for process `$paramod\ksa_adder\WIDTH=32.$proc$rtl/ksa/ksa_adder.v:40$6589'.
     1/1: $0$mem2bits$\g_stage$rtl/ksa/ksa_adder.v:40$5112[31:0]$6590
Creating decoders for process `$paramod\ksa_adder\WIDTH=32.$proc$rtl/ksa/ksa_adder.v:40$6587'.
     1/1: $0$mem2bits$\p_stage$rtl/ksa/ksa_adder.v:40$5111[31:0]$6588
Creating decoders for process `$paramod\ksa_adder\WIDTH=32.$proc$rtl/ksa/ksa_adder.v:40$6585'.
     1/1: $0$mem2bits$\g_stage$rtl/ksa/ksa_adder.v:40$5110[31:0]$6586
Creating decoders for process `$paramod\ksa_adder\WIDTH=32.$proc$rtl/ksa/ksa_adder.v:41$6583'.
     1/1: $0$mem2bits$\p_stage$rtl/ksa/ksa_adder.v:41$5109[31:0]$6584
Creating decoders for process `$paramod\ksa_adder\WIDTH=32.$proc$rtl/ksa/ksa_adder.v:41$6581'.
     1/1: $0$mem2bits$\p_stage$rtl/ksa/ksa_adder.v:41$5108[31:0]$6582
Creating decoders for process `$paramod\ksa_adder\WIDTH=32.$proc$rtl/ksa/ksa_adder.v:40$6579'.
     1/1: $0$mem2bits$\g_stage$rtl/ksa/ksa_adder.v:40$5107[31:0]$6580
Creating decoders for process `$paramod\ksa_adder\WIDTH=32.$proc$rtl/ksa/ksa_adder.v:40$6577'.
     1/1: $0$mem2bits$\p_stage$rtl/ksa/ksa_adder.v:40$5106[31:0]$6578
Creating decoders for process `$paramod\ksa_adder\WIDTH=32.$proc$rtl/ksa/ksa_adder.v:40$6575'.
     1/1: $0$mem2bits$\g_stage$rtl/ksa/ksa_adder.v:40$5105[31:0]$6576
Creating decoders for process `$paramod\ksa_adder\WIDTH=32.$proc$rtl/ksa/ksa_adder.v:41$6573'.
     1/1: $0$mem2bits$\p_stage$rtl/ksa/ksa_adder.v:41$5104[31:0]$6574
Creating decoders for process `$paramod\ksa_adder\WIDTH=32.$proc$rtl/ksa/ksa_adder.v:41$6571'.
     1/1: $0$mem2bits$\p_stage$rtl/ksa/ksa_adder.v:41$5103[31:0]$6572
Creating decoders for process `$paramod\ksa_adder\WIDTH=32.$proc$rtl/ksa/ksa_adder.v:40$6569'.
     1/1: $0$mem2bits$\g_stage$rtl/ksa/ksa_adder.v:40$5102[31:0]$6570
Creating decoders for process `$paramod\ksa_adder\WIDTH=32.$proc$rtl/ksa/ksa_adder.v:40$6567'.
     1/1: $0$mem2bits$\p_stage$rtl/ksa/ksa_adder.v:40$5101[31:0]$6568
Creating decoders for process `$paramod\ksa_adder\WIDTH=32.$proc$rtl/ksa/ksa_adder.v:40$6565'.
     1/1: $0$mem2bits$\g_stage$rtl/ksa/ksa_adder.v:40$5100[31:0]$6566
Creating decoders for process `$paramod\ksa_adder\WIDTH=32.$proc$rtl/ksa/ksa_adder.v:41$6563'.
     1/1: $0$mem2bits$\p_stage$rtl/ksa/ksa_adder.v:41$5099[31:0]$6564
Creating decoders for process `$paramod\ksa_adder\WIDTH=32.$proc$rtl/ksa/ksa_adder.v:41$6561'.
     1/1: $0$mem2bits$\p_stage$rtl/ksa/ksa_adder.v:41$5098[31:0]$6562
Creating decoders for process `$paramod\ksa_adder\WIDTH=32.$proc$rtl/ksa/ksa_adder.v:40$6559'.
     1/1: $0$mem2bits$\g_stage$rtl/ksa/ksa_adder.v:40$5097[31:0]$6560
Creating decoders for process `$paramod\ksa_adder\WIDTH=32.$proc$rtl/ksa/ksa_adder.v:40$6557'.
     1/1: $0$mem2bits$\p_stage$rtl/ksa/ksa_adder.v:40$5096[31:0]$6558
Creating decoders for process `$paramod\ksa_adder\WIDTH=32.$proc$rtl/ksa/ksa_adder.v:40$6555'.
     1/1: $0$mem2bits$\g_stage$rtl/ksa/ksa_adder.v:40$5095[31:0]$6556
Creating decoders for process `$paramod\ksa_adder\WIDTH=32.$proc$rtl/ksa/ksa_adder.v:41$6553'.
     1/1: $0$mem2bits$\p_stage$rtl/ksa/ksa_adder.v:41$5094[31:0]$6554
Creating decoders for process `$paramod\ksa_adder\WIDTH=32.$proc$rtl/ksa/ksa_adder.v:41$6551'.
     1/1: $0$mem2bits$\p_stage$rtl/ksa/ksa_adder.v:41$5093[31:0]$6552
Creating decoders for process `$paramod\ksa_adder\WIDTH=32.$proc$rtl/ksa/ksa_adder.v:40$6549'.
     1/1: $0$mem2bits$\g_stage$rtl/ksa/ksa_adder.v:40$5092[31:0]$6550
Creating decoders for process `$paramod\ksa_adder\WIDTH=32.$proc$rtl/ksa/ksa_adder.v:40$6547'.
     1/1: $0$mem2bits$\p_stage$rtl/ksa/ksa_adder.v:40$5091[31:0]$6548
Creating decoders for process `$paramod\ksa_adder\WIDTH=32.$proc$rtl/ksa/ksa_adder.v:40$6545'.
     1/1: $0$mem2bits$\g_stage$rtl/ksa/ksa_adder.v:40$5090[31:0]$6546
Creating decoders for process `$paramod\ksa_adder\WIDTH=32.$proc$rtl/ksa/ksa_adder.v:41$6543'.
     1/1: $0$mem2bits$\p_stage$rtl/ksa/ksa_adder.v:41$5089[31:0]$6544
Creating decoders for process `$paramod\ksa_adder\WIDTH=32.$proc$rtl/ksa/ksa_adder.v:41$6541'.
     1/1: $0$mem2bits$\p_stage$rtl/ksa/ksa_adder.v:41$5088[31:0]$6542
Creating decoders for process `$paramod\ksa_adder\WIDTH=32.$proc$rtl/ksa/ksa_adder.v:40$6539'.
     1/1: $0$mem2bits$\g_stage$rtl/ksa/ksa_adder.v:40$5087[31:0]$6540
Creating decoders for process `$paramod\ksa_adder\WIDTH=32.$proc$rtl/ksa/ksa_adder.v:40$6537'.
     1/1: $0$mem2bits$\p_stage$rtl/ksa/ksa_adder.v:40$5086[31:0]$6538
Creating decoders for process `$paramod\ksa_adder\WIDTH=32.$proc$rtl/ksa/ksa_adder.v:40$6535'.
     1/1: $0$mem2bits$\g_stage$rtl/ksa/ksa_adder.v:40$5085[31:0]$6536
Creating decoders for process `$paramod\ksa_adder\WIDTH=32.$proc$rtl/ksa/ksa_adder.v:41$6533'.
     1/1: $0$mem2bits$\p_stage$rtl/ksa/ksa_adder.v:41$5084[31:0]$6534
Creating decoders for process `$paramod\ksa_adder\WIDTH=32.$proc$rtl/ksa/ksa_adder.v:41$6531'.
     1/1: $0$mem2bits$\p_stage$rtl/ksa/ksa_adder.v:41$5083[31:0]$6532
Creating decoders for process `$paramod\ksa_adder\WIDTH=32.$proc$rtl/ksa/ksa_adder.v:40$6529'.
     1/1: $0$mem2bits$\g_stage$rtl/ksa/ksa_adder.v:40$5082[31:0]$6530
Creating decoders for process `$paramod\ksa_adder\WIDTH=32.$proc$rtl/ksa/ksa_adder.v:40$6527'.
     1/1: $0$mem2bits$\p_stage$rtl/ksa/ksa_adder.v:40$5081[31:0]$6528
Creating decoders for process `$paramod\ksa_adder\WIDTH=32.$proc$rtl/ksa/ksa_adder.v:40$6525'.
     1/1: $0$mem2bits$\g_stage$rtl/ksa/ksa_adder.v:40$5080[31:0]$6526
Creating decoders for process `$paramod\ksa_adder\WIDTH=32.$proc$rtl/ksa/ksa_adder.v:41$6523'.
     1/1: $0$mem2bits$\p_stage$rtl/ksa/ksa_adder.v:41$5079[31:0]$6524
Creating decoders for process `$paramod\ksa_adder\WIDTH=32.$proc$rtl/ksa/ksa_adder.v:41$6521'.
     1/1: $0$mem2bits$\p_stage$rtl/ksa/ksa_adder.v:41$5078[31:0]$6522
Creating decoders for process `$paramod\ksa_adder\WIDTH=32.$proc$rtl/ksa/ksa_adder.v:40$6519'.
     1/1: $0$mem2bits$\g_stage$rtl/ksa/ksa_adder.v:40$5077[31:0]$6520
Creating decoders for process `$paramod\ksa_adder\WIDTH=32.$proc$rtl/ksa/ksa_adder.v:40$6517'.
     1/1: $0$mem2bits$\p_stage$rtl/ksa/ksa_adder.v:40$5076[31:0]$6518
Creating decoders for process `$paramod\ksa_adder\WIDTH=32.$proc$rtl/ksa/ksa_adder.v:40$6515'.
     1/1: $0$mem2bits$\g_stage$rtl/ksa/ksa_adder.v:40$5075[31:0]$6516
Creating decoders for process `$paramod\ksa_adder\WIDTH=32.$proc$rtl/ksa/ksa_adder.v:41$6513'.
     1/1: $0$mem2bits$\p_stage$rtl/ksa/ksa_adder.v:41$5074[31:0]$6514
Creating decoders for process `$paramod\ksa_adder\WIDTH=32.$proc$rtl/ksa/ksa_adder.v:41$6511'.
     1/1: $0$mem2bits$\p_stage$rtl/ksa/ksa_adder.v:41$5073[31:0]$6512
Creating decoders for process `$paramod\ksa_adder\WIDTH=32.$proc$rtl/ksa/ksa_adder.v:40$6509'.
     1/1: $0$mem2bits$\g_stage$rtl/ksa/ksa_adder.v:40$5072[31:0]$6510
Creating decoders for process `$paramod\ksa_adder\WIDTH=32.$proc$rtl/ksa/ksa_adder.v:40$6507'.
     1/1: $0$mem2bits$\p_stage$rtl/ksa/ksa_adder.v:40$5071[31:0]$6508
Creating decoders for process `$paramod\ksa_adder\WIDTH=32.$proc$rtl/ksa/ksa_adder.v:40$6505'.
     1/1: $0$mem2bits$\g_stage$rtl/ksa/ksa_adder.v:40$5070[31:0]$6506
Creating decoders for process `$paramod\ksa_adder\WIDTH=32.$proc$rtl/ksa/ksa_adder.v:41$6503'.
     1/1: $0$mem2bits$\p_stage$rtl/ksa/ksa_adder.v:41$5069[31:0]$6504
Creating decoders for process `$paramod\ksa_adder\WIDTH=32.$proc$rtl/ksa/ksa_adder.v:41$6501'.
     1/1: $0$mem2bits$\p_stage$rtl/ksa/ksa_adder.v:41$5068[31:0]$6502
Creating decoders for process `$paramod\ksa_adder\WIDTH=32.$proc$rtl/ksa/ksa_adder.v:40$6499'.
     1/1: $0$mem2bits$\g_stage$rtl/ksa/ksa_adder.v:40$5067[31:0]$6500
Creating decoders for process `$paramod\ksa_adder\WIDTH=32.$proc$rtl/ksa/ksa_adder.v:40$6497'.
     1/1: $0$mem2bits$\p_stage$rtl/ksa/ksa_adder.v:40$5066[31:0]$6498
Creating decoders for process `$paramod\ksa_adder\WIDTH=32.$proc$rtl/ksa/ksa_adder.v:40$6495'.
     1/1: $0$mem2bits$\g_stage$rtl/ksa/ksa_adder.v:40$5065[31:0]$6496
Creating decoders for process `$paramod\ksa_adder\WIDTH=32.$proc$rtl/ksa/ksa_adder.v:38$6493'.
     1/1: $0$mem2bits$\p_stage$rtl/ksa/ksa_adder.v:38$5064[31:0]$6494
Creating decoders for process `$paramod\ksa_adder\WIDTH=32.$proc$rtl/ksa/ksa_adder.v:37$6491'.
     1/1: $0$mem2bits$\g_stage$rtl/ksa/ksa_adder.v:37$5063[31:0]$6492
Creating decoders for process `$paramod\ksa_adder\WIDTH=32.$proc$rtl/ksa/ksa_adder.v:38$6489'.
     1/1: $0$mem2bits$\p_stage$rtl/ksa/ksa_adder.v:38$5062[31:0]$6490
Creating decoders for process `$paramod\ksa_adder\WIDTH=32.$proc$rtl/ksa/ksa_adder.v:37$6487'.
     1/1: $0$mem2bits$\g_stage$rtl/ksa/ksa_adder.v:37$5061[31:0]$6488
Creating decoders for process `$paramod\ksa_adder\WIDTH=32.$proc$rtl/ksa/ksa_adder.v:38$6485'.
     1/1: $0$mem2bits$\p_stage$rtl/ksa/ksa_adder.v:38$5060[31:0]$6486
Creating decoders for process `$paramod\ksa_adder\WIDTH=32.$proc$rtl/ksa/ksa_adder.v:37$6483'.
     1/1: $0$mem2bits$\g_stage$rtl/ksa/ksa_adder.v:37$5059[31:0]$6484
Creating decoders for process `$paramod\ksa_adder\WIDTH=32.$proc$rtl/ksa/ksa_adder.v:38$6481'.
     1/1: $0$mem2bits$\p_stage$rtl/ksa/ksa_adder.v:38$5058[31:0]$6482
Creating decoders for process `$paramod\ksa_adder\WIDTH=32.$proc$rtl/ksa/ksa_adder.v:37$6479'.
     1/1: $0$mem2bits$\g_stage$rtl/ksa/ksa_adder.v:37$5057[31:0]$6480
Creating decoders for process `$paramod\ksa_adder\WIDTH=32.$proc$rtl/ksa/ksa_adder.v:38$6477'.
     1/1: $0$mem2bits$\p_stage$rtl/ksa/ksa_adder.v:38$5056[31:0]$6478
Creating decoders for process `$paramod\ksa_adder\WIDTH=32.$proc$rtl/ksa/ksa_adder.v:37$6475'.
     1/1: $0$mem2bits$\g_stage$rtl/ksa/ksa_adder.v:37$5055[31:0]$6476
Creating decoders for process `$paramod\ksa_adder\WIDTH=32.$proc$rtl/ksa/ksa_adder.v:38$6473'.
     1/1: $0$mem2bits$\p_stage$rtl/ksa/ksa_adder.v:38$5054[31:0]$6474
Creating decoders for process `$paramod\ksa_adder\WIDTH=32.$proc$rtl/ksa/ksa_adder.v:37$6471'.
     1/1: $0$mem2bits$\g_stage$rtl/ksa/ksa_adder.v:37$5053[31:0]$6472
Creating decoders for process `$paramod\ksa_adder\WIDTH=32.$proc$rtl/ksa/ksa_adder.v:38$6469'.
     1/1: $0$mem2bits$\p_stage$rtl/ksa/ksa_adder.v:38$5052[31:0]$6470
Creating decoders for process `$paramod\ksa_adder\WIDTH=32.$proc$rtl/ksa/ksa_adder.v:37$6467'.
     1/1: $0$mem2bits$\g_stage$rtl/ksa/ksa_adder.v:37$5051[31:0]$6468
Creating decoders for process `$paramod\ksa_adder\WIDTH=32.$proc$rtl/ksa/ksa_adder.v:38$6465'.
     1/1: $0$mem2bits$\p_stage$rtl/ksa/ksa_adder.v:38$5050[31:0]$6466
Creating decoders for process `$paramod\ksa_adder\WIDTH=32.$proc$rtl/ksa/ksa_adder.v:37$6463'.
     1/1: $0$mem2bits$\g_stage$rtl/ksa/ksa_adder.v:37$5049[31:0]$6464
Creating decoders for process `$paramod\ksa_adder\WIDTH=32.$proc$rtl/ksa/ksa_adder.v:38$6461'.
     1/1: $0$mem2bits$\p_stage$rtl/ksa/ksa_adder.v:38$5048[31:0]$6462
Creating decoders for process `$paramod\ksa_adder\WIDTH=32.$proc$rtl/ksa/ksa_adder.v:37$6459'.
     1/1: $0$mem2bits$\g_stage$rtl/ksa/ksa_adder.v:37$5047[31:0]$6460
Creating decoders for process `$paramod\ksa_adder\WIDTH=32.$proc$rtl/ksa/ksa_adder.v:38$6457'.
     1/1: $0$mem2bits$\p_stage$rtl/ksa/ksa_adder.v:38$5046[31:0]$6458
Creating decoders for process `$paramod\ksa_adder\WIDTH=32.$proc$rtl/ksa/ksa_adder.v:37$6455'.
     1/1: $0$mem2bits$\g_stage$rtl/ksa/ksa_adder.v:37$5045[31:0]$6456
Creating decoders for process `$paramod\ksa_adder\WIDTH=32.$proc$rtl/ksa/ksa_adder.v:38$6453'.
     1/1: $0$mem2bits$\p_stage$rtl/ksa/ksa_adder.v:38$5044[31:0]$6454
Creating decoders for process `$paramod\ksa_adder\WIDTH=32.$proc$rtl/ksa/ksa_adder.v:37$6451'.
     1/1: $0$mem2bits$\g_stage$rtl/ksa/ksa_adder.v:37$5043[31:0]$6452
Creating decoders for process `$paramod\ksa_adder\WIDTH=32.$proc$rtl/ksa/ksa_adder.v:38$6449'.
     1/1: $0$mem2bits$\p_stage$rtl/ksa/ksa_adder.v:38$5042[31:0]$6450
Creating decoders for process `$paramod\ksa_adder\WIDTH=32.$proc$rtl/ksa/ksa_adder.v:37$6447'.
     1/1: $0$mem2bits$\g_stage$rtl/ksa/ksa_adder.v:37$5041[31:0]$6448
Creating decoders for process `$paramod\ksa_adder\WIDTH=32.$proc$rtl/ksa/ksa_adder.v:38$6445'.
     1/1: $0$mem2bits$\p_stage$rtl/ksa/ksa_adder.v:38$5040[31:0]$6446
Creating decoders for process `$paramod\ksa_adder\WIDTH=32.$proc$rtl/ksa/ksa_adder.v:37$6443'.
     1/1: $0$mem2bits$\g_stage$rtl/ksa/ksa_adder.v:37$5039[31:0]$6444
Creating decoders for process `$paramod\ksa_adder\WIDTH=32.$proc$rtl/ksa/ksa_adder.v:38$6441'.
     1/1: $0$mem2bits$\p_stage$rtl/ksa/ksa_adder.v:38$5038[31:0]$6442
Creating decoders for process `$paramod\ksa_adder\WIDTH=32.$proc$rtl/ksa/ksa_adder.v:37$6439'.
     1/1: $0$mem2bits$\g_stage$rtl/ksa/ksa_adder.v:37$5037[31:0]$6440
Creating decoders for process `$paramod\ksa_adder\WIDTH=32.$proc$rtl/ksa/ksa_adder.v:38$6437'.
     1/1: $0$mem2bits$\p_stage$rtl/ksa/ksa_adder.v:38$5036[31:0]$6438
Creating decoders for process `$paramod\ksa_adder\WIDTH=32.$proc$rtl/ksa/ksa_adder.v:37$6435'.
     1/1: $0$mem2bits$\g_stage$rtl/ksa/ksa_adder.v:37$5035[31:0]$6436
Creating decoders for process `$paramod\ksa_adder\WIDTH=32.$proc$rtl/ksa/ksa_adder.v:38$6433'.
     1/1: $0$mem2bits$\p_stage$rtl/ksa/ksa_adder.v:38$5034[31:0]$6434
Creating decoders for process `$paramod\ksa_adder\WIDTH=32.$proc$rtl/ksa/ksa_adder.v:37$6431'.
     1/1: $0$mem2bits$\g_stage$rtl/ksa/ksa_adder.v:37$5033[31:0]$6432
Creating decoders for process `$paramod\ksa_adder\WIDTH=32.$proc$rtl/ksa/ksa_adder.v:41$6429'.
     1/1: $0$mem2bits$\p_stage$rtl/ksa/ksa_adder.v:41$5032[31:0]$6430
Creating decoders for process `$paramod\ksa_adder\WIDTH=32.$proc$rtl/ksa/ksa_adder.v:41$6427'.
     1/1: $0$mem2bits$\p_stage$rtl/ksa/ksa_adder.v:41$5031[31:0]$6428
Creating decoders for process `$paramod\ksa_adder\WIDTH=32.$proc$rtl/ksa/ksa_adder.v:40$6425'.
     1/1: $0$mem2bits$\g_stage$rtl/ksa/ksa_adder.v:40$5030[31:0]$6426
Creating decoders for process `$paramod\ksa_adder\WIDTH=32.$proc$rtl/ksa/ksa_adder.v:40$6423'.
     1/1: $0$mem2bits$\p_stage$rtl/ksa/ksa_adder.v:40$5029[31:0]$6424
Creating decoders for process `$paramod\ksa_adder\WIDTH=32.$proc$rtl/ksa/ksa_adder.v:40$6421'.
     1/1: $0$mem2bits$\g_stage$rtl/ksa/ksa_adder.v:40$5028[31:0]$6422
Creating decoders for process `$paramod\ksa_adder\WIDTH=32.$proc$rtl/ksa/ksa_adder.v:41$6419'.
     1/1: $0$mem2bits$\p_stage$rtl/ksa/ksa_adder.v:41$5027[31:0]$6420
Creating decoders for process `$paramod\ksa_adder\WIDTH=32.$proc$rtl/ksa/ksa_adder.v:41$6417'.
     1/1: $0$mem2bits$\p_stage$rtl/ksa/ksa_adder.v:41$5026[31:0]$6418
Creating decoders for process `$paramod\ksa_adder\WIDTH=32.$proc$rtl/ksa/ksa_adder.v:40$6415'.
     1/1: $0$mem2bits$\g_stage$rtl/ksa/ksa_adder.v:40$5025[31:0]$6416
Creating decoders for process `$paramod\ksa_adder\WIDTH=32.$proc$rtl/ksa/ksa_adder.v:40$6413'.
     1/1: $0$mem2bits$\p_stage$rtl/ksa/ksa_adder.v:40$5024[31:0]$6414
Creating decoders for process `$paramod\ksa_adder\WIDTH=32.$proc$rtl/ksa/ksa_adder.v:40$6411'.
     1/1: $0$mem2bits$\g_stage$rtl/ksa/ksa_adder.v:40$5023[31:0]$6412
Creating decoders for process `$paramod\ksa_adder\WIDTH=32.$proc$rtl/ksa/ksa_adder.v:41$6409'.
     1/1: $0$mem2bits$\p_stage$rtl/ksa/ksa_adder.v:41$5022[31:0]$6410
Creating decoders for process `$paramod\ksa_adder\WIDTH=32.$proc$rtl/ksa/ksa_adder.v:41$6407'.
     1/1: $0$mem2bits$\p_stage$rtl/ksa/ksa_adder.v:41$5021[31:0]$6408
Creating decoders for process `$paramod\ksa_adder\WIDTH=32.$proc$rtl/ksa/ksa_adder.v:40$6405'.
     1/1: $0$mem2bits$\g_stage$rtl/ksa/ksa_adder.v:40$5020[31:0]$6406
Creating decoders for process `$paramod\ksa_adder\WIDTH=32.$proc$rtl/ksa/ksa_adder.v:40$6403'.
     1/1: $0$mem2bits$\p_stage$rtl/ksa/ksa_adder.v:40$5019[31:0]$6404
Creating decoders for process `$paramod\ksa_adder\WIDTH=32.$proc$rtl/ksa/ksa_adder.v:40$6401'.
     1/1: $0$mem2bits$\g_stage$rtl/ksa/ksa_adder.v:40$5018[31:0]$6402
Creating decoders for process `$paramod\ksa_adder\WIDTH=32.$proc$rtl/ksa/ksa_adder.v:41$6399'.
     1/1: $0$mem2bits$\p_stage$rtl/ksa/ksa_adder.v:41$5017[31:0]$6400
Creating decoders for process `$paramod\ksa_adder\WIDTH=32.$proc$rtl/ksa/ksa_adder.v:41$6397'.
     1/1: $0$mem2bits$\p_stage$rtl/ksa/ksa_adder.v:41$5016[31:0]$6398
Creating decoders for process `$paramod\ksa_adder\WIDTH=32.$proc$rtl/ksa/ksa_adder.v:40$6395'.
     1/1: $0$mem2bits$\g_stage$rtl/ksa/ksa_adder.v:40$5015[31:0]$6396
Creating decoders for process `$paramod\ksa_adder\WIDTH=32.$proc$rtl/ksa/ksa_adder.v:40$6393'.
     1/1: $0$mem2bits$\p_stage$rtl/ksa/ksa_adder.v:40$5014[31:0]$6394
Creating decoders for process `$paramod\ksa_adder\WIDTH=32.$proc$rtl/ksa/ksa_adder.v:40$6391'.
     1/1: $0$mem2bits$\g_stage$rtl/ksa/ksa_adder.v:40$5013[31:0]$6392
Creating decoders for process `$paramod\ksa_adder\WIDTH=32.$proc$rtl/ksa/ksa_adder.v:41$6389'.
     1/1: $0$mem2bits$\p_stage$rtl/ksa/ksa_adder.v:41$5012[31:0]$6390
Creating decoders for process `$paramod\ksa_adder\WIDTH=32.$proc$rtl/ksa/ksa_adder.v:41$6387'.
     1/1: $0$mem2bits$\p_stage$rtl/ksa/ksa_adder.v:41$5011[31:0]$6388
Creating decoders for process `$paramod\ksa_adder\WIDTH=32.$proc$rtl/ksa/ksa_adder.v:40$6385'.
     1/1: $0$mem2bits$\g_stage$rtl/ksa/ksa_adder.v:40$5010[31:0]$6386
Creating decoders for process `$paramod\ksa_adder\WIDTH=32.$proc$rtl/ksa/ksa_adder.v:40$6383'.
     1/1: $0$mem2bits$\p_stage$rtl/ksa/ksa_adder.v:40$5009[31:0]$6384
Creating decoders for process `$paramod\ksa_adder\WIDTH=32.$proc$rtl/ksa/ksa_adder.v:40$6381'.
     1/1: $0$mem2bits$\g_stage$rtl/ksa/ksa_adder.v:40$5008[31:0]$6382
Creating decoders for process `$paramod\ksa_adder\WIDTH=32.$proc$rtl/ksa/ksa_adder.v:41$6379'.
     1/1: $0$mem2bits$\p_stage$rtl/ksa/ksa_adder.v:41$5007[31:0]$6380
Creating decoders for process `$paramod\ksa_adder\WIDTH=32.$proc$rtl/ksa/ksa_adder.v:41$6377'.
     1/1: $0$mem2bits$\p_stage$rtl/ksa/ksa_adder.v:41$5006[31:0]$6378
Creating decoders for process `$paramod\ksa_adder\WIDTH=32.$proc$rtl/ksa/ksa_adder.v:40$6375'.
     1/1: $0$mem2bits$\g_stage$rtl/ksa/ksa_adder.v:40$5005[31:0]$6376
Creating decoders for process `$paramod\ksa_adder\WIDTH=32.$proc$rtl/ksa/ksa_adder.v:40$6373'.
     1/1: $0$mem2bits$\p_stage$rtl/ksa/ksa_adder.v:40$5004[31:0]$6374
Creating decoders for process `$paramod\ksa_adder\WIDTH=32.$proc$rtl/ksa/ksa_adder.v:40$6371'.
     1/1: $0$mem2bits$\g_stage$rtl/ksa/ksa_adder.v:40$5003[31:0]$6372
Creating decoders for process `$paramod\ksa_adder\WIDTH=32.$proc$rtl/ksa/ksa_adder.v:41$6369'.
     1/1: $0$mem2bits$\p_stage$rtl/ksa/ksa_adder.v:41$5002[31:0]$6370
Creating decoders for process `$paramod\ksa_adder\WIDTH=32.$proc$rtl/ksa/ksa_adder.v:41$6367'.
     1/1: $0$mem2bits$\p_stage$rtl/ksa/ksa_adder.v:41$5001[31:0]$6368
Creating decoders for process `$paramod\ksa_adder\WIDTH=32.$proc$rtl/ksa/ksa_adder.v:40$6365'.
     1/1: $0$mem2bits$\g_stage$rtl/ksa/ksa_adder.v:40$5000[31:0]$6366
Creating decoders for process `$paramod\ksa_adder\WIDTH=32.$proc$rtl/ksa/ksa_adder.v:40$6363'.
     1/1: $0$mem2bits$\p_stage$rtl/ksa/ksa_adder.v:40$4999[31:0]$6364
Creating decoders for process `$paramod\ksa_adder\WIDTH=32.$proc$rtl/ksa/ksa_adder.v:40$6361'.
     1/1: $0$mem2bits$\g_stage$rtl/ksa/ksa_adder.v:40$4998[31:0]$6362
Creating decoders for process `$paramod\ksa_adder\WIDTH=32.$proc$rtl/ksa/ksa_adder.v:41$6359'.
     1/1: $0$mem2bits$\p_stage$rtl/ksa/ksa_adder.v:41$4997[31:0]$6360
Creating decoders for process `$paramod\ksa_adder\WIDTH=32.$proc$rtl/ksa/ksa_adder.v:41$6357'.
     1/1: $0$mem2bits$\p_stage$rtl/ksa/ksa_adder.v:41$4996[31:0]$6358
Creating decoders for process `$paramod\ksa_adder\WIDTH=32.$proc$rtl/ksa/ksa_adder.v:40$6355'.
     1/1: $0$mem2bits$\g_stage$rtl/ksa/ksa_adder.v:40$4995[31:0]$6356
Creating decoders for process `$paramod\ksa_adder\WIDTH=32.$proc$rtl/ksa/ksa_adder.v:40$6353'.
     1/1: $0$mem2bits$\p_stage$rtl/ksa/ksa_adder.v:40$4994[31:0]$6354
Creating decoders for process `$paramod\ksa_adder\WIDTH=32.$proc$rtl/ksa/ksa_adder.v:40$6351'.
     1/1: $0$mem2bits$\g_stage$rtl/ksa/ksa_adder.v:40$4993[31:0]$6352
Creating decoders for process `$paramod\ksa_adder\WIDTH=32.$proc$rtl/ksa/ksa_adder.v:41$6349'.
     1/1: $0$mem2bits$\p_stage$rtl/ksa/ksa_adder.v:41$4992[31:0]$6350
Creating decoders for process `$paramod\ksa_adder\WIDTH=32.$proc$rtl/ksa/ksa_adder.v:41$6347'.
     1/1: $0$mem2bits$\p_stage$rtl/ksa/ksa_adder.v:41$4991[31:0]$6348
Creating decoders for process `$paramod\ksa_adder\WIDTH=32.$proc$rtl/ksa/ksa_adder.v:40$6345'.
     1/1: $0$mem2bits$\g_stage$rtl/ksa/ksa_adder.v:40$4990[31:0]$6346
Creating decoders for process `$paramod\ksa_adder\WIDTH=32.$proc$rtl/ksa/ksa_adder.v:40$6343'.
     1/1: $0$mem2bits$\p_stage$rtl/ksa/ksa_adder.v:40$4989[31:0]$6344
Creating decoders for process `$paramod\ksa_adder\WIDTH=32.$proc$rtl/ksa/ksa_adder.v:40$6341'.
     1/1: $0$mem2bits$\g_stage$rtl/ksa/ksa_adder.v:40$4988[31:0]$6342
Creating decoders for process `$paramod\ksa_adder\WIDTH=32.$proc$rtl/ksa/ksa_adder.v:41$6339'.
     1/1: $0$mem2bits$\p_stage$rtl/ksa/ksa_adder.v:41$4987[31:0]$6340
Creating decoders for process `$paramod\ksa_adder\WIDTH=32.$proc$rtl/ksa/ksa_adder.v:41$6337'.
     1/1: $0$mem2bits$\p_stage$rtl/ksa/ksa_adder.v:41$4986[31:0]$6338
Creating decoders for process `$paramod\ksa_adder\WIDTH=32.$proc$rtl/ksa/ksa_adder.v:40$6335'.
     1/1: $0$mem2bits$\g_stage$rtl/ksa/ksa_adder.v:40$4985[31:0]$6336
Creating decoders for process `$paramod\ksa_adder\WIDTH=32.$proc$rtl/ksa/ksa_adder.v:40$6333'.
     1/1: $0$mem2bits$\p_stage$rtl/ksa/ksa_adder.v:40$4984[31:0]$6334
Creating decoders for process `$paramod\ksa_adder\WIDTH=32.$proc$rtl/ksa/ksa_adder.v:40$6331'.
     1/1: $0$mem2bits$\g_stage$rtl/ksa/ksa_adder.v:40$4983[31:0]$6332
Creating decoders for process `$paramod\ksa_adder\WIDTH=32.$proc$rtl/ksa/ksa_adder.v:41$6329'.
     1/1: $0$mem2bits$\p_stage$rtl/ksa/ksa_adder.v:41$4982[31:0]$6330
Creating decoders for process `$paramod\ksa_adder\WIDTH=32.$proc$rtl/ksa/ksa_adder.v:41$6327'.
     1/1: $0$mem2bits$\p_stage$rtl/ksa/ksa_adder.v:41$4981[31:0]$6328
Creating decoders for process `$paramod\ksa_adder\WIDTH=32.$proc$rtl/ksa/ksa_adder.v:40$6325'.
     1/1: $0$mem2bits$\g_stage$rtl/ksa/ksa_adder.v:40$4980[31:0]$6326
Creating decoders for process `$paramod\ksa_adder\WIDTH=32.$proc$rtl/ksa/ksa_adder.v:40$6323'.
     1/1: $0$mem2bits$\p_stage$rtl/ksa/ksa_adder.v:40$4979[31:0]$6324
Creating decoders for process `$paramod\ksa_adder\WIDTH=32.$proc$rtl/ksa/ksa_adder.v:40$6321'.
     1/1: $0$mem2bits$\g_stage$rtl/ksa/ksa_adder.v:40$4978[31:0]$6322
Creating decoders for process `$paramod\ksa_adder\WIDTH=32.$proc$rtl/ksa/ksa_adder.v:41$6319'.
     1/1: $0$mem2bits$\p_stage$rtl/ksa/ksa_adder.v:41$4977[31:0]$6320
Creating decoders for process `$paramod\ksa_adder\WIDTH=32.$proc$rtl/ksa/ksa_adder.v:41$6317'.
     1/1: $0$mem2bits$\p_stage$rtl/ksa/ksa_adder.v:41$4976[31:0]$6318
Creating decoders for process `$paramod\ksa_adder\WIDTH=32.$proc$rtl/ksa/ksa_adder.v:40$6315'.
     1/1: $0$mem2bits$\g_stage$rtl/ksa/ksa_adder.v:40$4975[31:0]$6316
Creating decoders for process `$paramod\ksa_adder\WIDTH=32.$proc$rtl/ksa/ksa_adder.v:40$6313'.
     1/1: $0$mem2bits$\p_stage$rtl/ksa/ksa_adder.v:40$4974[31:0]$6314
Creating decoders for process `$paramod\ksa_adder\WIDTH=32.$proc$rtl/ksa/ksa_adder.v:40$6311'.
     1/1: $0$mem2bits$\g_stage$rtl/ksa/ksa_adder.v:40$4973[31:0]$6312
Creating decoders for process `$paramod\ksa_adder\WIDTH=32.$proc$rtl/ksa/ksa_adder.v:41$6309'.
     1/1: $0$mem2bits$\p_stage$rtl/ksa/ksa_adder.v:41$4972[31:0]$6310
Creating decoders for process `$paramod\ksa_adder\WIDTH=32.$proc$rtl/ksa/ksa_adder.v:41$6307'.
     1/1: $0$mem2bits$\p_stage$rtl/ksa/ksa_adder.v:41$4971[31:0]$6308
Creating decoders for process `$paramod\ksa_adder\WIDTH=32.$proc$rtl/ksa/ksa_adder.v:40$6305'.
     1/1: $0$mem2bits$\g_stage$rtl/ksa/ksa_adder.v:40$4970[31:0]$6306
Creating decoders for process `$paramod\ksa_adder\WIDTH=32.$proc$rtl/ksa/ksa_adder.v:40$6303'.
     1/1: $0$mem2bits$\p_stage$rtl/ksa/ksa_adder.v:40$4969[31:0]$6304
Creating decoders for process `$paramod\ksa_adder\WIDTH=32.$proc$rtl/ksa/ksa_adder.v:40$6301'.
     1/1: $0$mem2bits$\g_stage$rtl/ksa/ksa_adder.v:40$4968[31:0]$6302
Creating decoders for process `$paramod\ksa_adder\WIDTH=32.$proc$rtl/ksa/ksa_adder.v:41$6299'.
     1/1: $0$mem2bits$\p_stage$rtl/ksa/ksa_adder.v:41$4967[31:0]$6300
Creating decoders for process `$paramod\ksa_adder\WIDTH=32.$proc$rtl/ksa/ksa_adder.v:41$6297'.
     1/1: $0$mem2bits$\p_stage$rtl/ksa/ksa_adder.v:41$4966[31:0]$6298
Creating decoders for process `$paramod\ksa_adder\WIDTH=32.$proc$rtl/ksa/ksa_adder.v:40$6295'.
     1/1: $0$mem2bits$\g_stage$rtl/ksa/ksa_adder.v:40$4965[31:0]$6296
Creating decoders for process `$paramod\ksa_adder\WIDTH=32.$proc$rtl/ksa/ksa_adder.v:40$6293'.
     1/1: $0$mem2bits$\p_stage$rtl/ksa/ksa_adder.v:40$4964[31:0]$6294
Creating decoders for process `$paramod\ksa_adder\WIDTH=32.$proc$rtl/ksa/ksa_adder.v:40$6291'.
     1/1: $0$mem2bits$\g_stage$rtl/ksa/ksa_adder.v:40$4963[31:0]$6292
Creating decoders for process `$paramod\ksa_adder\WIDTH=32.$proc$rtl/ksa/ksa_adder.v:41$6289'.
     1/1: $0$mem2bits$\p_stage$rtl/ksa/ksa_adder.v:41$4962[31:0]$6290
Creating decoders for process `$paramod\ksa_adder\WIDTH=32.$proc$rtl/ksa/ksa_adder.v:41$6287'.
     1/1: $0$mem2bits$\p_stage$rtl/ksa/ksa_adder.v:41$4961[31:0]$6288
Creating decoders for process `$paramod\ksa_adder\WIDTH=32.$proc$rtl/ksa/ksa_adder.v:40$6285'.
     1/1: $0$mem2bits$\g_stage$rtl/ksa/ksa_adder.v:40$4960[31:0]$6286
Creating decoders for process `$paramod\ksa_adder\WIDTH=32.$proc$rtl/ksa/ksa_adder.v:40$6283'.
     1/1: $0$mem2bits$\p_stage$rtl/ksa/ksa_adder.v:40$4959[31:0]$6284
Creating decoders for process `$paramod\ksa_adder\WIDTH=32.$proc$rtl/ksa/ksa_adder.v:40$6281'.
     1/1: $0$mem2bits$\g_stage$rtl/ksa/ksa_adder.v:40$4958[31:0]$6282
Creating decoders for process `$paramod\ksa_adder\WIDTH=32.$proc$rtl/ksa/ksa_adder.v:41$6279'.
     1/1: $0$mem2bits$\p_stage$rtl/ksa/ksa_adder.v:41$4957[31:0]$6280
Creating decoders for process `$paramod\ksa_adder\WIDTH=32.$proc$rtl/ksa/ksa_adder.v:41$6277'.
     1/1: $0$mem2bits$\p_stage$rtl/ksa/ksa_adder.v:41$4956[31:0]$6278
Creating decoders for process `$paramod\ksa_adder\WIDTH=32.$proc$rtl/ksa/ksa_adder.v:40$6275'.
     1/1: $0$mem2bits$\g_stage$rtl/ksa/ksa_adder.v:40$4955[31:0]$6276
Creating decoders for process `$paramod\ksa_adder\WIDTH=32.$proc$rtl/ksa/ksa_adder.v:40$6273'.
     1/1: $0$mem2bits$\p_stage$rtl/ksa/ksa_adder.v:40$4954[31:0]$6274
Creating decoders for process `$paramod\ksa_adder\WIDTH=32.$proc$rtl/ksa/ksa_adder.v:40$6271'.
     1/1: $0$mem2bits$\g_stage$rtl/ksa/ksa_adder.v:40$4953[31:0]$6272
Creating decoders for process `$paramod\ksa_adder\WIDTH=32.$proc$rtl/ksa/ksa_adder.v:41$6269'.
     1/1: $0$mem2bits$\p_stage$rtl/ksa/ksa_adder.v:41$4952[31:0]$6270
Creating decoders for process `$paramod\ksa_adder\WIDTH=32.$proc$rtl/ksa/ksa_adder.v:41$6267'.
     1/1: $0$mem2bits$\p_stage$rtl/ksa/ksa_adder.v:41$4951[31:0]$6268
Creating decoders for process `$paramod\ksa_adder\WIDTH=32.$proc$rtl/ksa/ksa_adder.v:40$6265'.
     1/1: $0$mem2bits$\g_stage$rtl/ksa/ksa_adder.v:40$4950[31:0]$6266
Creating decoders for process `$paramod\ksa_adder\WIDTH=32.$proc$rtl/ksa/ksa_adder.v:40$6263'.
     1/1: $0$mem2bits$\p_stage$rtl/ksa/ksa_adder.v:40$4949[31:0]$6264
Creating decoders for process `$paramod\ksa_adder\WIDTH=32.$proc$rtl/ksa/ksa_adder.v:40$6261'.
     1/1: $0$mem2bits$\g_stage$rtl/ksa/ksa_adder.v:40$4948[31:0]$6262
Creating decoders for process `$paramod\ksa_adder\WIDTH=32.$proc$rtl/ksa/ksa_adder.v:41$6259'.
     1/1: $0$mem2bits$\p_stage$rtl/ksa/ksa_adder.v:41$4947[31:0]$6260
Creating decoders for process `$paramod\ksa_adder\WIDTH=32.$proc$rtl/ksa/ksa_adder.v:41$6257'.
     1/1: $0$mem2bits$\p_stage$rtl/ksa/ksa_adder.v:41$4946[31:0]$6258
Creating decoders for process `$paramod\ksa_adder\WIDTH=32.$proc$rtl/ksa/ksa_adder.v:40$6255'.
     1/1: $0$mem2bits$\g_stage$rtl/ksa/ksa_adder.v:40$4945[31:0]$6256
Creating decoders for process `$paramod\ksa_adder\WIDTH=32.$proc$rtl/ksa/ksa_adder.v:40$6253'.
     1/1: $0$mem2bits$\p_stage$rtl/ksa/ksa_adder.v:40$4944[31:0]$6254
Creating decoders for process `$paramod\ksa_adder\WIDTH=32.$proc$rtl/ksa/ksa_adder.v:40$6251'.
     1/1: $0$mem2bits$\g_stage$rtl/ksa/ksa_adder.v:40$4943[31:0]$6252
Creating decoders for process `$paramod\ksa_adder\WIDTH=32.$proc$rtl/ksa/ksa_adder.v:41$6249'.
     1/1: $0$mem2bits$\p_stage$rtl/ksa/ksa_adder.v:41$4942[31:0]$6250
Creating decoders for process `$paramod\ksa_adder\WIDTH=32.$proc$rtl/ksa/ksa_adder.v:41$6247'.
     1/1: $0$mem2bits$\p_stage$rtl/ksa/ksa_adder.v:41$4941[31:0]$6248
Creating decoders for process `$paramod\ksa_adder\WIDTH=32.$proc$rtl/ksa/ksa_adder.v:40$6245'.
     1/1: $0$mem2bits$\g_stage$rtl/ksa/ksa_adder.v:40$4940[31:0]$6246
Creating decoders for process `$paramod\ksa_adder\WIDTH=32.$proc$rtl/ksa/ksa_adder.v:40$6243'.
     1/1: $0$mem2bits$\p_stage$rtl/ksa/ksa_adder.v:40$4939[31:0]$6244
Creating decoders for process `$paramod\ksa_adder\WIDTH=32.$proc$rtl/ksa/ksa_adder.v:40$6241'.
     1/1: $0$mem2bits$\g_stage$rtl/ksa/ksa_adder.v:40$4938[31:0]$6242
Creating decoders for process `$paramod\ksa_adder\WIDTH=32.$proc$rtl/ksa/ksa_adder.v:41$6239'.
     1/1: $0$mem2bits$\p_stage$rtl/ksa/ksa_adder.v:41$4937[31:0]$6240
Creating decoders for process `$paramod\ksa_adder\WIDTH=32.$proc$rtl/ksa/ksa_adder.v:41$6237'.
     1/1: $0$mem2bits$\p_stage$rtl/ksa/ksa_adder.v:41$4936[31:0]$6238
Creating decoders for process `$paramod\ksa_adder\WIDTH=32.$proc$rtl/ksa/ksa_adder.v:40$6235'.
     1/1: $0$mem2bits$\g_stage$rtl/ksa/ksa_adder.v:40$4935[31:0]$6236
Creating decoders for process `$paramod\ksa_adder\WIDTH=32.$proc$rtl/ksa/ksa_adder.v:40$6233'.
     1/1: $0$mem2bits$\p_stage$rtl/ksa/ksa_adder.v:40$4934[31:0]$6234
Creating decoders for process `$paramod\ksa_adder\WIDTH=32.$proc$rtl/ksa/ksa_adder.v:40$6231'.
     1/1: $0$mem2bits$\g_stage$rtl/ksa/ksa_adder.v:40$4933[31:0]$6232
Creating decoders for process `$paramod\ksa_adder\WIDTH=32.$proc$rtl/ksa/ksa_adder.v:41$6229'.
     1/1: $0$mem2bits$\p_stage$rtl/ksa/ksa_adder.v:41$4932[31:0]$6230
Creating decoders for process `$paramod\ksa_adder\WIDTH=32.$proc$rtl/ksa/ksa_adder.v:41$6227'.
     1/1: $0$mem2bits$\p_stage$rtl/ksa/ksa_adder.v:41$4931[31:0]$6228
Creating decoders for process `$paramod\ksa_adder\WIDTH=32.$proc$rtl/ksa/ksa_adder.v:40$6225'.
     1/1: $0$mem2bits$\g_stage$rtl/ksa/ksa_adder.v:40$4930[31:0]$6226
Creating decoders for process `$paramod\ksa_adder\WIDTH=32.$proc$rtl/ksa/ksa_adder.v:40$6223'.
     1/1: $0$mem2bits$\p_stage$rtl/ksa/ksa_adder.v:40$4929[31:0]$6224
Creating decoders for process `$paramod\ksa_adder\WIDTH=32.$proc$rtl/ksa/ksa_adder.v:40$6221'.
     1/1: $0$mem2bits$\g_stage$rtl/ksa/ksa_adder.v:40$4928[31:0]$6222
Creating decoders for process `$paramod\ksa_adder\WIDTH=32.$proc$rtl/ksa/ksa_adder.v:41$6219'.
     1/1: $0$mem2bits$\p_stage$rtl/ksa/ksa_adder.v:41$4927[31:0]$6220
Creating decoders for process `$paramod\ksa_adder\WIDTH=32.$proc$rtl/ksa/ksa_adder.v:41$6217'.
     1/1: $0$mem2bits$\p_stage$rtl/ksa/ksa_adder.v:41$4926[31:0]$6218
Creating decoders for process `$paramod\ksa_adder\WIDTH=32.$proc$rtl/ksa/ksa_adder.v:40$6215'.
     1/1: $0$mem2bits$\g_stage$rtl/ksa/ksa_adder.v:40$4925[31:0]$6216
Creating decoders for process `$paramod\ksa_adder\WIDTH=32.$proc$rtl/ksa/ksa_adder.v:40$6213'.
     1/1: $0$mem2bits$\p_stage$rtl/ksa/ksa_adder.v:40$4924[31:0]$6214
Creating decoders for process `$paramod\ksa_adder\WIDTH=32.$proc$rtl/ksa/ksa_adder.v:40$6211'.
     1/1: $0$mem2bits$\g_stage$rtl/ksa/ksa_adder.v:40$4923[31:0]$6212
Creating decoders for process `$paramod\ksa_adder\WIDTH=32.$proc$rtl/ksa/ksa_adder.v:41$6209'.
     1/1: $0$mem2bits$\p_stage$rtl/ksa/ksa_adder.v:41$4922[31:0]$6210
Creating decoders for process `$paramod\ksa_adder\WIDTH=32.$proc$rtl/ksa/ksa_adder.v:41$6207'.
     1/1: $0$mem2bits$\p_stage$rtl/ksa/ksa_adder.v:41$4921[31:0]$6208
Creating decoders for process `$paramod\ksa_adder\WIDTH=32.$proc$rtl/ksa/ksa_adder.v:40$6205'.
     1/1: $0$mem2bits$\g_stage$rtl/ksa/ksa_adder.v:40$4920[31:0]$6206
Creating decoders for process `$paramod\ksa_adder\WIDTH=32.$proc$rtl/ksa/ksa_adder.v:40$6203'.
     1/1: $0$mem2bits$\p_stage$rtl/ksa/ksa_adder.v:40$4919[31:0]$6204
Creating decoders for process `$paramod\ksa_adder\WIDTH=32.$proc$rtl/ksa/ksa_adder.v:40$6201'.
     1/1: $0$mem2bits$\g_stage$rtl/ksa/ksa_adder.v:40$4918[31:0]$6202
Creating decoders for process `$paramod\ksa_adder\WIDTH=32.$proc$rtl/ksa/ksa_adder.v:41$6199'.
     1/1: $0$mem2bits$\p_stage$rtl/ksa/ksa_adder.v:41$4917[31:0]$6200
Creating decoders for process `$paramod\ksa_adder\WIDTH=32.$proc$rtl/ksa/ksa_adder.v:41$6197'.
     1/1: $0$mem2bits$\p_stage$rtl/ksa/ksa_adder.v:41$4916[31:0]$6198
Creating decoders for process `$paramod\ksa_adder\WIDTH=32.$proc$rtl/ksa/ksa_adder.v:40$6195'.
     1/1: $0$mem2bits$\g_stage$rtl/ksa/ksa_adder.v:40$4915[31:0]$6196
Creating decoders for process `$paramod\ksa_adder\WIDTH=32.$proc$rtl/ksa/ksa_adder.v:40$6193'.
     1/1: $0$mem2bits$\p_stage$rtl/ksa/ksa_adder.v:40$4914[31:0]$6194
Creating decoders for process `$paramod\ksa_adder\WIDTH=32.$proc$rtl/ksa/ksa_adder.v:40$6191'.
     1/1: $0$mem2bits$\g_stage$rtl/ksa/ksa_adder.v:40$4913[31:0]$6192
Creating decoders for process `$paramod\ksa_adder\WIDTH=32.$proc$rtl/ksa/ksa_adder.v:38$6189'.
     1/1: $0$mem2bits$\p_stage$rtl/ksa/ksa_adder.v:38$4912[31:0]$6190
Creating decoders for process `$paramod\ksa_adder\WIDTH=32.$proc$rtl/ksa/ksa_adder.v:37$6187'.
     1/1: $0$mem2bits$\g_stage$rtl/ksa/ksa_adder.v:37$4911[31:0]$6188
Creating decoders for process `$paramod\ksa_adder\WIDTH=32.$proc$rtl/ksa/ksa_adder.v:38$6185'.
     1/1: $0$mem2bits$\p_stage$rtl/ksa/ksa_adder.v:38$4910[31:0]$6186
Creating decoders for process `$paramod\ksa_adder\WIDTH=32.$proc$rtl/ksa/ksa_adder.v:37$6183'.
     1/1: $0$mem2bits$\g_stage$rtl/ksa/ksa_adder.v:37$4909[31:0]$6184
Creating decoders for process `$paramod\ksa_adder\WIDTH=32.$proc$rtl/ksa/ksa_adder.v:38$6181'.
     1/1: $0$mem2bits$\p_stage$rtl/ksa/ksa_adder.v:38$4908[31:0]$6182
Creating decoders for process `$paramod\ksa_adder\WIDTH=32.$proc$rtl/ksa/ksa_adder.v:37$6179'.
     1/1: $0$mem2bits$\g_stage$rtl/ksa/ksa_adder.v:37$4907[31:0]$6180
Creating decoders for process `$paramod\ksa_adder\WIDTH=32.$proc$rtl/ksa/ksa_adder.v:38$6177'.
     1/1: $0$mem2bits$\p_stage$rtl/ksa/ksa_adder.v:38$4906[31:0]$6178
Creating decoders for process `$paramod\ksa_adder\WIDTH=32.$proc$rtl/ksa/ksa_adder.v:37$6175'.
     1/1: $0$mem2bits$\g_stage$rtl/ksa/ksa_adder.v:37$4905[31:0]$6176
Creating decoders for process `$paramod\ksa_adder\WIDTH=32.$proc$rtl/ksa/ksa_adder.v:38$6173'.
     1/1: $0$mem2bits$\p_stage$rtl/ksa/ksa_adder.v:38$4904[31:0]$6174
Creating decoders for process `$paramod\ksa_adder\WIDTH=32.$proc$rtl/ksa/ksa_adder.v:37$6171'.
     1/1: $0$mem2bits$\g_stage$rtl/ksa/ksa_adder.v:37$4903[31:0]$6172
Creating decoders for process `$paramod\ksa_adder\WIDTH=32.$proc$rtl/ksa/ksa_adder.v:38$6169'.
     1/1: $0$mem2bits$\p_stage$rtl/ksa/ksa_adder.v:38$4902[31:0]$6170
Creating decoders for process `$paramod\ksa_adder\WIDTH=32.$proc$rtl/ksa/ksa_adder.v:37$6167'.
     1/1: $0$mem2bits$\g_stage$rtl/ksa/ksa_adder.v:37$4901[31:0]$6168
Creating decoders for process `$paramod\ksa_adder\WIDTH=32.$proc$rtl/ksa/ksa_adder.v:38$6165'.
     1/1: $0$mem2bits$\p_stage$rtl/ksa/ksa_adder.v:38$4900[31:0]$6166
Creating decoders for process `$paramod\ksa_adder\WIDTH=32.$proc$rtl/ksa/ksa_adder.v:37$6163'.
     1/1: $0$mem2bits$\g_stage$rtl/ksa/ksa_adder.v:37$4899[31:0]$6164
Creating decoders for process `$paramod\ksa_adder\WIDTH=32.$proc$rtl/ksa/ksa_adder.v:38$6161'.
     1/1: $0$mem2bits$\p_stage$rtl/ksa/ksa_adder.v:38$4898[31:0]$6162
Creating decoders for process `$paramod\ksa_adder\WIDTH=32.$proc$rtl/ksa/ksa_adder.v:37$6159'.
     1/1: $0$mem2bits$\g_stage$rtl/ksa/ksa_adder.v:37$4897[31:0]$6160
Creating decoders for process `$paramod\ksa_adder\WIDTH=32.$proc$rtl/ksa/ksa_adder.v:41$6157'.
     1/1: $0$mem2bits$\p_stage$rtl/ksa/ksa_adder.v:41$4896[31:0]$6158
Creating decoders for process `$paramod\ksa_adder\WIDTH=32.$proc$rtl/ksa/ksa_adder.v:41$6155'.
     1/1: $0$mem2bits$\p_stage$rtl/ksa/ksa_adder.v:41$4895[31:0]$6156
Creating decoders for process `$paramod\ksa_adder\WIDTH=32.$proc$rtl/ksa/ksa_adder.v:40$6153'.
     1/1: $0$mem2bits$\g_stage$rtl/ksa/ksa_adder.v:40$4894[31:0]$6154
Creating decoders for process `$paramod\ksa_adder\WIDTH=32.$proc$rtl/ksa/ksa_adder.v:40$6151'.
     1/1: $0$mem2bits$\p_stage$rtl/ksa/ksa_adder.v:40$4893[31:0]$6152
Creating decoders for process `$paramod\ksa_adder\WIDTH=32.$proc$rtl/ksa/ksa_adder.v:40$6149'.
     1/1: $0$mem2bits$\g_stage$rtl/ksa/ksa_adder.v:40$4892[31:0]$6150
Creating decoders for process `$paramod\ksa_adder\WIDTH=32.$proc$rtl/ksa/ksa_adder.v:41$6147'.
     1/1: $0$mem2bits$\p_stage$rtl/ksa/ksa_adder.v:41$4891[31:0]$6148
Creating decoders for process `$paramod\ksa_adder\WIDTH=32.$proc$rtl/ksa/ksa_adder.v:41$6145'.
     1/1: $0$mem2bits$\p_stage$rtl/ksa/ksa_adder.v:41$4890[31:0]$6146
Creating decoders for process `$paramod\ksa_adder\WIDTH=32.$proc$rtl/ksa/ksa_adder.v:40$6143'.
     1/1: $0$mem2bits$\g_stage$rtl/ksa/ksa_adder.v:40$4889[31:0]$6144
Creating decoders for process `$paramod\ksa_adder\WIDTH=32.$proc$rtl/ksa/ksa_adder.v:40$6141'.
     1/1: $0$mem2bits$\p_stage$rtl/ksa/ksa_adder.v:40$4888[31:0]$6142
Creating decoders for process `$paramod\ksa_adder\WIDTH=32.$proc$rtl/ksa/ksa_adder.v:40$6139'.
     1/1: $0$mem2bits$\g_stage$rtl/ksa/ksa_adder.v:40$4887[31:0]$6140
Creating decoders for process `$paramod\ksa_adder\WIDTH=32.$proc$rtl/ksa/ksa_adder.v:41$6137'.
     1/1: $0$mem2bits$\p_stage$rtl/ksa/ksa_adder.v:41$4886[31:0]$6138
Creating decoders for process `$paramod\ksa_adder\WIDTH=32.$proc$rtl/ksa/ksa_adder.v:41$6135'.
     1/1: $0$mem2bits$\p_stage$rtl/ksa/ksa_adder.v:41$4885[31:0]$6136
Creating decoders for process `$paramod\ksa_adder\WIDTH=32.$proc$rtl/ksa/ksa_adder.v:40$6133'.
     1/1: $0$mem2bits$\g_stage$rtl/ksa/ksa_adder.v:40$4884[31:0]$6134
Creating decoders for process `$paramod\ksa_adder\WIDTH=32.$proc$rtl/ksa/ksa_adder.v:40$6131'.
     1/1: $0$mem2bits$\p_stage$rtl/ksa/ksa_adder.v:40$4883[31:0]$6132
Creating decoders for process `$paramod\ksa_adder\WIDTH=32.$proc$rtl/ksa/ksa_adder.v:40$6129'.
     1/1: $0$mem2bits$\g_stage$rtl/ksa/ksa_adder.v:40$4882[31:0]$6130
Creating decoders for process `$paramod\ksa_adder\WIDTH=32.$proc$rtl/ksa/ksa_adder.v:41$6127'.
     1/1: $0$mem2bits$\p_stage$rtl/ksa/ksa_adder.v:41$4881[31:0]$6128
Creating decoders for process `$paramod\ksa_adder\WIDTH=32.$proc$rtl/ksa/ksa_adder.v:41$6125'.
     1/1: $0$mem2bits$\p_stage$rtl/ksa/ksa_adder.v:41$4880[31:0]$6126
Creating decoders for process `$paramod\ksa_adder\WIDTH=32.$proc$rtl/ksa/ksa_adder.v:40$6123'.
     1/1: $0$mem2bits$\g_stage$rtl/ksa/ksa_adder.v:40$4879[31:0]$6124
Creating decoders for process `$paramod\ksa_adder\WIDTH=32.$proc$rtl/ksa/ksa_adder.v:40$6121'.
     1/1: $0$mem2bits$\p_stage$rtl/ksa/ksa_adder.v:40$4878[31:0]$6122
Creating decoders for process `$paramod\ksa_adder\WIDTH=32.$proc$rtl/ksa/ksa_adder.v:40$6119'.
     1/1: $0$mem2bits$\g_stage$rtl/ksa/ksa_adder.v:40$4877[31:0]$6120
Creating decoders for process `$paramod\ksa_adder\WIDTH=32.$proc$rtl/ksa/ksa_adder.v:41$6117'.
     1/1: $0$mem2bits$\p_stage$rtl/ksa/ksa_adder.v:41$4876[31:0]$6118
Creating decoders for process `$paramod\ksa_adder\WIDTH=32.$proc$rtl/ksa/ksa_adder.v:41$6115'.
     1/1: $0$mem2bits$\p_stage$rtl/ksa/ksa_adder.v:41$4875[31:0]$6116
Creating decoders for process `$paramod\ksa_adder\WIDTH=32.$proc$rtl/ksa/ksa_adder.v:40$6113'.
     1/1: $0$mem2bits$\g_stage$rtl/ksa/ksa_adder.v:40$4874[31:0]$6114
Creating decoders for process `$paramod\ksa_adder\WIDTH=32.$proc$rtl/ksa/ksa_adder.v:40$6111'.
     1/1: $0$mem2bits$\p_stage$rtl/ksa/ksa_adder.v:40$4873[31:0]$6112
Creating decoders for process `$paramod\ksa_adder\WIDTH=32.$proc$rtl/ksa/ksa_adder.v:40$6109'.
     1/1: $0$mem2bits$\g_stage$rtl/ksa/ksa_adder.v:40$4872[31:0]$6110
Creating decoders for process `$paramod\ksa_adder\WIDTH=32.$proc$rtl/ksa/ksa_adder.v:41$6107'.
     1/1: $0$mem2bits$\p_stage$rtl/ksa/ksa_adder.v:41$4871[31:0]$6108
Creating decoders for process `$paramod\ksa_adder\WIDTH=32.$proc$rtl/ksa/ksa_adder.v:41$6105'.
     1/1: $0$mem2bits$\p_stage$rtl/ksa/ksa_adder.v:41$4870[31:0]$6106
Creating decoders for process `$paramod\ksa_adder\WIDTH=32.$proc$rtl/ksa/ksa_adder.v:40$6103'.
     1/1: $0$mem2bits$\g_stage$rtl/ksa/ksa_adder.v:40$4869[31:0]$6104
Creating decoders for process `$paramod\ksa_adder\WIDTH=32.$proc$rtl/ksa/ksa_adder.v:40$6101'.
     1/1: $0$mem2bits$\p_stage$rtl/ksa/ksa_adder.v:40$4868[31:0]$6102
Creating decoders for process `$paramod\ksa_adder\WIDTH=32.$proc$rtl/ksa/ksa_adder.v:40$6099'.
     1/1: $0$mem2bits$\g_stage$rtl/ksa/ksa_adder.v:40$4867[31:0]$6100
Creating decoders for process `$paramod\ksa_adder\WIDTH=32.$proc$rtl/ksa/ksa_adder.v:41$6097'.
     1/1: $0$mem2bits$\p_stage$rtl/ksa/ksa_adder.v:41$4866[31:0]$6098
Creating decoders for process `$paramod\ksa_adder\WIDTH=32.$proc$rtl/ksa/ksa_adder.v:41$6095'.
     1/1: $0$mem2bits$\p_stage$rtl/ksa/ksa_adder.v:41$4865[31:0]$6096
Creating decoders for process `$paramod\ksa_adder\WIDTH=32.$proc$rtl/ksa/ksa_adder.v:40$6093'.
     1/1: $0$mem2bits$\g_stage$rtl/ksa/ksa_adder.v:40$4864[31:0]$6094
Creating decoders for process `$paramod\ksa_adder\WIDTH=32.$proc$rtl/ksa/ksa_adder.v:40$6091'.
     1/1: $0$mem2bits$\p_stage$rtl/ksa/ksa_adder.v:40$4863[31:0]$6092
Creating decoders for process `$paramod\ksa_adder\WIDTH=32.$proc$rtl/ksa/ksa_adder.v:40$6089'.
     1/1: $0$mem2bits$\g_stage$rtl/ksa/ksa_adder.v:40$4862[31:0]$6090
Creating decoders for process `$paramod\ksa_adder\WIDTH=32.$proc$rtl/ksa/ksa_adder.v:41$6087'.
     1/1: $0$mem2bits$\p_stage$rtl/ksa/ksa_adder.v:41$4861[31:0]$6088
Creating decoders for process `$paramod\ksa_adder\WIDTH=32.$proc$rtl/ksa/ksa_adder.v:41$6085'.
     1/1: $0$mem2bits$\p_stage$rtl/ksa/ksa_adder.v:41$4860[31:0]$6086
Creating decoders for process `$paramod\ksa_adder\WIDTH=32.$proc$rtl/ksa/ksa_adder.v:40$6083'.
     1/1: $0$mem2bits$\g_stage$rtl/ksa/ksa_adder.v:40$4859[31:0]$6084
Creating decoders for process `$paramod\ksa_adder\WIDTH=32.$proc$rtl/ksa/ksa_adder.v:40$6081'.
     1/1: $0$mem2bits$\p_stage$rtl/ksa/ksa_adder.v:40$4858[31:0]$6082
Creating decoders for process `$paramod\ksa_adder\WIDTH=32.$proc$rtl/ksa/ksa_adder.v:40$6079'.
     1/1: $0$mem2bits$\g_stage$rtl/ksa/ksa_adder.v:40$4857[31:0]$6080
Creating decoders for process `$paramod\ksa_adder\WIDTH=32.$proc$rtl/ksa/ksa_adder.v:41$6077'.
     1/1: $0$mem2bits$\p_stage$rtl/ksa/ksa_adder.v:41$4856[31:0]$6078
Creating decoders for process `$paramod\ksa_adder\WIDTH=32.$proc$rtl/ksa/ksa_adder.v:41$6075'.
     1/1: $0$mem2bits$\p_stage$rtl/ksa/ksa_adder.v:41$4855[31:0]$6076
Creating decoders for process `$paramod\ksa_adder\WIDTH=32.$proc$rtl/ksa/ksa_adder.v:40$6073'.
     1/1: $0$mem2bits$\g_stage$rtl/ksa/ksa_adder.v:40$4854[31:0]$6074
Creating decoders for process `$paramod\ksa_adder\WIDTH=32.$proc$rtl/ksa/ksa_adder.v:40$6071'.
     1/1: $0$mem2bits$\p_stage$rtl/ksa/ksa_adder.v:40$4853[31:0]$6072
Creating decoders for process `$paramod\ksa_adder\WIDTH=32.$proc$rtl/ksa/ksa_adder.v:40$6069'.
     1/1: $0$mem2bits$\g_stage$rtl/ksa/ksa_adder.v:40$4852[31:0]$6070
Creating decoders for process `$paramod\ksa_adder\WIDTH=32.$proc$rtl/ksa/ksa_adder.v:41$6067'.
     1/1: $0$mem2bits$\p_stage$rtl/ksa/ksa_adder.v:41$4851[31:0]$6068
Creating decoders for process `$paramod\ksa_adder\WIDTH=32.$proc$rtl/ksa/ksa_adder.v:41$6065'.
     1/1: $0$mem2bits$\p_stage$rtl/ksa/ksa_adder.v:41$4850[31:0]$6066
Creating decoders for process `$paramod\ksa_adder\WIDTH=32.$proc$rtl/ksa/ksa_adder.v:40$6063'.
     1/1: $0$mem2bits$\g_stage$rtl/ksa/ksa_adder.v:40$4849[31:0]$6064
Creating decoders for process `$paramod\ksa_adder\WIDTH=32.$proc$rtl/ksa/ksa_adder.v:40$6061'.
     1/1: $0$mem2bits$\p_stage$rtl/ksa/ksa_adder.v:40$4848[31:0]$6062
Creating decoders for process `$paramod\ksa_adder\WIDTH=32.$proc$rtl/ksa/ksa_adder.v:40$6059'.
     1/1: $0$mem2bits$\g_stage$rtl/ksa/ksa_adder.v:40$4847[31:0]$6060
Creating decoders for process `$paramod\ksa_adder\WIDTH=32.$proc$rtl/ksa/ksa_adder.v:41$6057'.
     1/1: $0$mem2bits$\p_stage$rtl/ksa/ksa_adder.v:41$4846[31:0]$6058
Creating decoders for process `$paramod\ksa_adder\WIDTH=32.$proc$rtl/ksa/ksa_adder.v:41$6055'.
     1/1: $0$mem2bits$\p_stage$rtl/ksa/ksa_adder.v:41$4845[31:0]$6056
Creating decoders for process `$paramod\ksa_adder\WIDTH=32.$proc$rtl/ksa/ksa_adder.v:40$6053'.
     1/1: $0$mem2bits$\g_stage$rtl/ksa/ksa_adder.v:40$4844[31:0]$6054
Creating decoders for process `$paramod\ksa_adder\WIDTH=32.$proc$rtl/ksa/ksa_adder.v:40$6051'.
     1/1: $0$mem2bits$\p_stage$rtl/ksa/ksa_adder.v:40$4843[31:0]$6052
Creating decoders for process `$paramod\ksa_adder\WIDTH=32.$proc$rtl/ksa/ksa_adder.v:40$6049'.
     1/1: $0$mem2bits$\g_stage$rtl/ksa/ksa_adder.v:40$4842[31:0]$6050
Creating decoders for process `$paramod\ksa_adder\WIDTH=32.$proc$rtl/ksa/ksa_adder.v:41$6047'.
     1/1: $0$mem2bits$\p_stage$rtl/ksa/ksa_adder.v:41$4841[31:0]$6048
Creating decoders for process `$paramod\ksa_adder\WIDTH=32.$proc$rtl/ksa/ksa_adder.v:41$6045'.
     1/1: $0$mem2bits$\p_stage$rtl/ksa/ksa_adder.v:41$4840[31:0]$6046
Creating decoders for process `$paramod\ksa_adder\WIDTH=32.$proc$rtl/ksa/ksa_adder.v:40$6043'.
     1/1: $0$mem2bits$\g_stage$rtl/ksa/ksa_adder.v:40$4839[31:0]$6044
Creating decoders for process `$paramod\ksa_adder\WIDTH=32.$proc$rtl/ksa/ksa_adder.v:40$6041'.
     1/1: $0$mem2bits$\p_stage$rtl/ksa/ksa_adder.v:40$4838[31:0]$6042
Creating decoders for process `$paramod\ksa_adder\WIDTH=32.$proc$rtl/ksa/ksa_adder.v:40$6039'.
     1/1: $0$mem2bits$\g_stage$rtl/ksa/ksa_adder.v:40$4837[31:0]$6040
Creating decoders for process `$paramod\ksa_adder\WIDTH=32.$proc$rtl/ksa/ksa_adder.v:41$6037'.
     1/1: $0$mem2bits$\p_stage$rtl/ksa/ksa_adder.v:41$4836[31:0]$6038
Creating decoders for process `$paramod\ksa_adder\WIDTH=32.$proc$rtl/ksa/ksa_adder.v:41$6035'.
     1/1: $0$mem2bits$\p_stage$rtl/ksa/ksa_adder.v:41$4835[31:0]$6036
Creating decoders for process `$paramod\ksa_adder\WIDTH=32.$proc$rtl/ksa/ksa_adder.v:40$6033'.
     1/1: $0$mem2bits$\g_stage$rtl/ksa/ksa_adder.v:40$4834[31:0]$6034
Creating decoders for process `$paramod\ksa_adder\WIDTH=32.$proc$rtl/ksa/ksa_adder.v:40$6031'.
     1/1: $0$mem2bits$\p_stage$rtl/ksa/ksa_adder.v:40$4833[31:0]$6032
Creating decoders for process `$paramod\ksa_adder\WIDTH=32.$proc$rtl/ksa/ksa_adder.v:40$6029'.
     1/1: $0$mem2bits$\g_stage$rtl/ksa/ksa_adder.v:40$4832[31:0]$6030
Creating decoders for process `$paramod\ksa_adder\WIDTH=32.$proc$rtl/ksa/ksa_adder.v:41$6027'.
     1/1: $0$mem2bits$\p_stage$rtl/ksa/ksa_adder.v:41$4831[31:0]$6028
Creating decoders for process `$paramod\ksa_adder\WIDTH=32.$proc$rtl/ksa/ksa_adder.v:41$6025'.
     1/1: $0$mem2bits$\p_stage$rtl/ksa/ksa_adder.v:41$4830[31:0]$6026
Creating decoders for process `$paramod\ksa_adder\WIDTH=32.$proc$rtl/ksa/ksa_adder.v:40$6023'.
     1/1: $0$mem2bits$\g_stage$rtl/ksa/ksa_adder.v:40$4829[31:0]$6024
Creating decoders for process `$paramod\ksa_adder\WIDTH=32.$proc$rtl/ksa/ksa_adder.v:40$6021'.
     1/1: $0$mem2bits$\p_stage$rtl/ksa/ksa_adder.v:40$4828[31:0]$6022
Creating decoders for process `$paramod\ksa_adder\WIDTH=32.$proc$rtl/ksa/ksa_adder.v:40$6019'.
     1/1: $0$mem2bits$\g_stage$rtl/ksa/ksa_adder.v:40$4827[31:0]$6020
Creating decoders for process `$paramod\ksa_adder\WIDTH=32.$proc$rtl/ksa/ksa_adder.v:41$6017'.
     1/1: $0$mem2bits$\p_stage$rtl/ksa/ksa_adder.v:41$4826[31:0]$6018
Creating decoders for process `$paramod\ksa_adder\WIDTH=32.$proc$rtl/ksa/ksa_adder.v:41$6015'.
     1/1: $0$mem2bits$\p_stage$rtl/ksa/ksa_adder.v:41$4825[31:0]$6016
Creating decoders for process `$paramod\ksa_adder\WIDTH=32.$proc$rtl/ksa/ksa_adder.v:40$6013'.
     1/1: $0$mem2bits$\g_stage$rtl/ksa/ksa_adder.v:40$4824[31:0]$6014
Creating decoders for process `$paramod\ksa_adder\WIDTH=32.$proc$rtl/ksa/ksa_adder.v:40$6011'.
     1/1: $0$mem2bits$\p_stage$rtl/ksa/ksa_adder.v:40$4823[31:0]$6012
Creating decoders for process `$paramod\ksa_adder\WIDTH=32.$proc$rtl/ksa/ksa_adder.v:40$6009'.
     1/1: $0$mem2bits$\g_stage$rtl/ksa/ksa_adder.v:40$4822[31:0]$6010
Creating decoders for process `$paramod\ksa_adder\WIDTH=32.$proc$rtl/ksa/ksa_adder.v:41$6007'.
     1/1: $0$mem2bits$\p_stage$rtl/ksa/ksa_adder.v:41$4821[31:0]$6008
Creating decoders for process `$paramod\ksa_adder\WIDTH=32.$proc$rtl/ksa/ksa_adder.v:41$6005'.
     1/1: $0$mem2bits$\p_stage$rtl/ksa/ksa_adder.v:41$4820[31:0]$6006
Creating decoders for process `$paramod\ksa_adder\WIDTH=32.$proc$rtl/ksa/ksa_adder.v:40$6003'.
     1/1: $0$mem2bits$\g_stage$rtl/ksa/ksa_adder.v:40$4819[31:0]$6004
Creating decoders for process `$paramod\ksa_adder\WIDTH=32.$proc$rtl/ksa/ksa_adder.v:40$6001'.
     1/1: $0$mem2bits$\p_stage$rtl/ksa/ksa_adder.v:40$4818[31:0]$6002
Creating decoders for process `$paramod\ksa_adder\WIDTH=32.$proc$rtl/ksa/ksa_adder.v:40$5999'.
     1/1: $0$mem2bits$\g_stage$rtl/ksa/ksa_adder.v:40$4817[31:0]$6000
Creating decoders for process `$paramod\ksa_adder\WIDTH=32.$proc$rtl/ksa/ksa_adder.v:41$5997'.
     1/1: $0$mem2bits$\p_stage$rtl/ksa/ksa_adder.v:41$4816[31:0]$5998
Creating decoders for process `$paramod\ksa_adder\WIDTH=32.$proc$rtl/ksa/ksa_adder.v:41$5995'.
     1/1: $0$mem2bits$\p_stage$rtl/ksa/ksa_adder.v:41$4815[31:0]$5996
Creating decoders for process `$paramod\ksa_adder\WIDTH=32.$proc$rtl/ksa/ksa_adder.v:40$5993'.
     1/1: $0$mem2bits$\g_stage$rtl/ksa/ksa_adder.v:40$4814[31:0]$5994
Creating decoders for process `$paramod\ksa_adder\WIDTH=32.$proc$rtl/ksa/ksa_adder.v:40$5991'.
     1/1: $0$mem2bits$\p_stage$rtl/ksa/ksa_adder.v:40$4813[31:0]$5992
Creating decoders for process `$paramod\ksa_adder\WIDTH=32.$proc$rtl/ksa/ksa_adder.v:40$5989'.
     1/1: $0$mem2bits$\g_stage$rtl/ksa/ksa_adder.v:40$4812[31:0]$5990
Creating decoders for process `$paramod\ksa_adder\WIDTH=32.$proc$rtl/ksa/ksa_adder.v:41$5987'.
     1/1: $0$mem2bits$\p_stage$rtl/ksa/ksa_adder.v:41$4811[31:0]$5988
Creating decoders for process `$paramod\ksa_adder\WIDTH=32.$proc$rtl/ksa/ksa_adder.v:41$5985'.
     1/1: $0$mem2bits$\p_stage$rtl/ksa/ksa_adder.v:41$4810[31:0]$5986
Creating decoders for process `$paramod\ksa_adder\WIDTH=32.$proc$rtl/ksa/ksa_adder.v:40$5983'.
     1/1: $0$mem2bits$\g_stage$rtl/ksa/ksa_adder.v:40$4809[31:0]$5984
Creating decoders for process `$paramod\ksa_adder\WIDTH=32.$proc$rtl/ksa/ksa_adder.v:40$5981'.
     1/1: $0$mem2bits$\p_stage$rtl/ksa/ksa_adder.v:40$4808[31:0]$5982
Creating decoders for process `$paramod\ksa_adder\WIDTH=32.$proc$rtl/ksa/ksa_adder.v:40$5979'.
     1/1: $0$mem2bits$\g_stage$rtl/ksa/ksa_adder.v:40$4807[31:0]$5980
Creating decoders for process `$paramod\ksa_adder\WIDTH=32.$proc$rtl/ksa/ksa_adder.v:41$5977'.
     1/1: $0$mem2bits$\p_stage$rtl/ksa/ksa_adder.v:41$4806[31:0]$5978
Creating decoders for process `$paramod\ksa_adder\WIDTH=32.$proc$rtl/ksa/ksa_adder.v:41$5975'.
     1/1: $0$mem2bits$\p_stage$rtl/ksa/ksa_adder.v:41$4805[31:0]$5976
Creating decoders for process `$paramod\ksa_adder\WIDTH=32.$proc$rtl/ksa/ksa_adder.v:40$5973'.
     1/1: $0$mem2bits$\g_stage$rtl/ksa/ksa_adder.v:40$4804[31:0]$5974
Creating decoders for process `$paramod\ksa_adder\WIDTH=32.$proc$rtl/ksa/ksa_adder.v:40$5971'.
     1/1: $0$mem2bits$\p_stage$rtl/ksa/ksa_adder.v:40$4803[31:0]$5972
Creating decoders for process `$paramod\ksa_adder\WIDTH=32.$proc$rtl/ksa/ksa_adder.v:40$5969'.
     1/1: $0$mem2bits$\g_stage$rtl/ksa/ksa_adder.v:40$4802[31:0]$5970
Creating decoders for process `$paramod\ksa_adder\WIDTH=32.$proc$rtl/ksa/ksa_adder.v:41$5967'.
     1/1: $0$mem2bits$\p_stage$rtl/ksa/ksa_adder.v:41$4801[31:0]$5968
Creating decoders for process `$paramod\ksa_adder\WIDTH=32.$proc$rtl/ksa/ksa_adder.v:41$5965'.
     1/1: $0$mem2bits$\p_stage$rtl/ksa/ksa_adder.v:41$4800[31:0]$5966
Creating decoders for process `$paramod\ksa_adder\WIDTH=32.$proc$rtl/ksa/ksa_adder.v:40$5963'.
     1/1: $0$mem2bits$\g_stage$rtl/ksa/ksa_adder.v:40$4799[31:0]$5964
Creating decoders for process `$paramod\ksa_adder\WIDTH=32.$proc$rtl/ksa/ksa_adder.v:40$5961'.
     1/1: $0$mem2bits$\p_stage$rtl/ksa/ksa_adder.v:40$4798[31:0]$5962
Creating decoders for process `$paramod\ksa_adder\WIDTH=32.$proc$rtl/ksa/ksa_adder.v:40$5959'.
     1/1: $0$mem2bits$\g_stage$rtl/ksa/ksa_adder.v:40$4797[31:0]$5960
Creating decoders for process `$paramod\ksa_adder\WIDTH=32.$proc$rtl/ksa/ksa_adder.v:41$5957'.
     1/1: $0$mem2bits$\p_stage$rtl/ksa/ksa_adder.v:41$4796[31:0]$5958
Creating decoders for process `$paramod\ksa_adder\WIDTH=32.$proc$rtl/ksa/ksa_adder.v:41$5955'.
     1/1: $0$mem2bits$\p_stage$rtl/ksa/ksa_adder.v:41$4795[31:0]$5956
Creating decoders for process `$paramod\ksa_adder\WIDTH=32.$proc$rtl/ksa/ksa_adder.v:40$5953'.
     1/1: $0$mem2bits$\g_stage$rtl/ksa/ksa_adder.v:40$4794[31:0]$5954
Creating decoders for process `$paramod\ksa_adder\WIDTH=32.$proc$rtl/ksa/ksa_adder.v:40$5951'.
     1/1: $0$mem2bits$\p_stage$rtl/ksa/ksa_adder.v:40$4793[31:0]$5952
Creating decoders for process `$paramod\ksa_adder\WIDTH=32.$proc$rtl/ksa/ksa_adder.v:40$5949'.
     1/1: $0$mem2bits$\g_stage$rtl/ksa/ksa_adder.v:40$4792[31:0]$5950
Creating decoders for process `$paramod\ksa_adder\WIDTH=32.$proc$rtl/ksa/ksa_adder.v:41$5947'.
     1/1: $0$mem2bits$\p_stage$rtl/ksa/ksa_adder.v:41$4791[31:0]$5948
Creating decoders for process `$paramod\ksa_adder\WIDTH=32.$proc$rtl/ksa/ksa_adder.v:41$5945'.
     1/1: $0$mem2bits$\p_stage$rtl/ksa/ksa_adder.v:41$4790[31:0]$5946
Creating decoders for process `$paramod\ksa_adder\WIDTH=32.$proc$rtl/ksa/ksa_adder.v:40$5943'.
     1/1: $0$mem2bits$\g_stage$rtl/ksa/ksa_adder.v:40$4789[31:0]$5944
Creating decoders for process `$paramod\ksa_adder\WIDTH=32.$proc$rtl/ksa/ksa_adder.v:40$5941'.
     1/1: $0$mem2bits$\p_stage$rtl/ksa/ksa_adder.v:40$4788[31:0]$5942
Creating decoders for process `$paramod\ksa_adder\WIDTH=32.$proc$rtl/ksa/ksa_adder.v:40$5939'.
     1/1: $0$mem2bits$\g_stage$rtl/ksa/ksa_adder.v:40$4787[31:0]$5940
Creating decoders for process `$paramod\ksa_adder\WIDTH=32.$proc$rtl/ksa/ksa_adder.v:41$5937'.
     1/1: $0$mem2bits$\p_stage$rtl/ksa/ksa_adder.v:41$4786[31:0]$5938
Creating decoders for process `$paramod\ksa_adder\WIDTH=32.$proc$rtl/ksa/ksa_adder.v:41$5935'.
     1/1: $0$mem2bits$\p_stage$rtl/ksa/ksa_adder.v:41$4785[31:0]$5936
Creating decoders for process `$paramod\ksa_adder\WIDTH=32.$proc$rtl/ksa/ksa_adder.v:40$5933'.
     1/1: $0$mem2bits$\g_stage$rtl/ksa/ksa_adder.v:40$4784[31:0]$5934
Creating decoders for process `$paramod\ksa_adder\WIDTH=32.$proc$rtl/ksa/ksa_adder.v:40$5931'.
     1/1: $0$mem2bits$\p_stage$rtl/ksa/ksa_adder.v:40$4783[31:0]$5932
Creating decoders for process `$paramod\ksa_adder\WIDTH=32.$proc$rtl/ksa/ksa_adder.v:40$5929'.
     1/1: $0$mem2bits$\g_stage$rtl/ksa/ksa_adder.v:40$4782[31:0]$5930
Creating decoders for process `$paramod\ksa_adder\WIDTH=32.$proc$rtl/ksa/ksa_adder.v:41$5927'.
     1/1: $0$mem2bits$\p_stage$rtl/ksa/ksa_adder.v:41$4781[31:0]$5928
Creating decoders for process `$paramod\ksa_adder\WIDTH=32.$proc$rtl/ksa/ksa_adder.v:41$5925'.
     1/1: $0$mem2bits$\p_stage$rtl/ksa/ksa_adder.v:41$4780[31:0]$5926
Creating decoders for process `$paramod\ksa_adder\WIDTH=32.$proc$rtl/ksa/ksa_adder.v:40$5923'.
     1/1: $0$mem2bits$\g_stage$rtl/ksa/ksa_adder.v:40$4779[31:0]$5924
Creating decoders for process `$paramod\ksa_adder\WIDTH=32.$proc$rtl/ksa/ksa_adder.v:40$5921'.
     1/1: $0$mem2bits$\p_stage$rtl/ksa/ksa_adder.v:40$4778[31:0]$5922
Creating decoders for process `$paramod\ksa_adder\WIDTH=32.$proc$rtl/ksa/ksa_adder.v:40$5919'.
     1/1: $0$mem2bits$\g_stage$rtl/ksa/ksa_adder.v:40$4777[31:0]$5920
Creating decoders for process `$paramod\ksa_adder\WIDTH=32.$proc$rtl/ksa/ksa_adder.v:41$5917'.
     1/1: $0$mem2bits$\p_stage$rtl/ksa/ksa_adder.v:41$4776[31:0]$5918
Creating decoders for process `$paramod\ksa_adder\WIDTH=32.$proc$rtl/ksa/ksa_adder.v:41$5915'.
     1/1: $0$mem2bits$\p_stage$rtl/ksa/ksa_adder.v:41$4775[31:0]$5916
Creating decoders for process `$paramod\ksa_adder\WIDTH=32.$proc$rtl/ksa/ksa_adder.v:40$5913'.
     1/1: $0$mem2bits$\g_stage$rtl/ksa/ksa_adder.v:40$4774[31:0]$5914
Creating decoders for process `$paramod\ksa_adder\WIDTH=32.$proc$rtl/ksa/ksa_adder.v:40$5911'.
     1/1: $0$mem2bits$\p_stage$rtl/ksa/ksa_adder.v:40$4773[31:0]$5912
Creating decoders for process `$paramod\ksa_adder\WIDTH=32.$proc$rtl/ksa/ksa_adder.v:40$5909'.
     1/1: $0$mem2bits$\g_stage$rtl/ksa/ksa_adder.v:40$4772[31:0]$5910
Creating decoders for process `$paramod\ksa_adder\WIDTH=32.$proc$rtl/ksa/ksa_adder.v:41$5907'.
     1/1: $0$mem2bits$\p_stage$rtl/ksa/ksa_adder.v:41$4771[31:0]$5908
Creating decoders for process `$paramod\ksa_adder\WIDTH=32.$proc$rtl/ksa/ksa_adder.v:41$5905'.
     1/1: $0$mem2bits$\p_stage$rtl/ksa/ksa_adder.v:41$4770[31:0]$5906
Creating decoders for process `$paramod\ksa_adder\WIDTH=32.$proc$rtl/ksa/ksa_adder.v:40$5903'.
     1/1: $0$mem2bits$\g_stage$rtl/ksa/ksa_adder.v:40$4769[31:0]$5904
Creating decoders for process `$paramod\ksa_adder\WIDTH=32.$proc$rtl/ksa/ksa_adder.v:40$5901'.
     1/1: $0$mem2bits$\p_stage$rtl/ksa/ksa_adder.v:40$4768[31:0]$5902
Creating decoders for process `$paramod\ksa_adder\WIDTH=32.$proc$rtl/ksa/ksa_adder.v:40$5899'.
     1/1: $0$mem2bits$\g_stage$rtl/ksa/ksa_adder.v:40$4767[31:0]$5900
Creating decoders for process `$paramod\ksa_adder\WIDTH=32.$proc$rtl/ksa/ksa_adder.v:41$5897'.
     1/1: $0$mem2bits$\p_stage$rtl/ksa/ksa_adder.v:41$4766[31:0]$5898
Creating decoders for process `$paramod\ksa_adder\WIDTH=32.$proc$rtl/ksa/ksa_adder.v:41$5895'.
     1/1: $0$mem2bits$\p_stage$rtl/ksa/ksa_adder.v:41$4765[31:0]$5896
Creating decoders for process `$paramod\ksa_adder\WIDTH=32.$proc$rtl/ksa/ksa_adder.v:40$5893'.
     1/1: $0$mem2bits$\g_stage$rtl/ksa/ksa_adder.v:40$4764[31:0]$5894
Creating decoders for process `$paramod\ksa_adder\WIDTH=32.$proc$rtl/ksa/ksa_adder.v:40$5891'.
     1/1: $0$mem2bits$\p_stage$rtl/ksa/ksa_adder.v:40$4763[31:0]$5892
Creating decoders for process `$paramod\ksa_adder\WIDTH=32.$proc$rtl/ksa/ksa_adder.v:40$5889'.
     1/1: $0$mem2bits$\g_stage$rtl/ksa/ksa_adder.v:40$4762[31:0]$5890
Creating decoders for process `$paramod\ksa_adder\WIDTH=32.$proc$rtl/ksa/ksa_adder.v:41$5887'.
     1/1: $0$mem2bits$\p_stage$rtl/ksa/ksa_adder.v:41$4761[31:0]$5888
Creating decoders for process `$paramod\ksa_adder\WIDTH=32.$proc$rtl/ksa/ksa_adder.v:41$5885'.
     1/1: $0$mem2bits$\p_stage$rtl/ksa/ksa_adder.v:41$4760[31:0]$5886
Creating decoders for process `$paramod\ksa_adder\WIDTH=32.$proc$rtl/ksa/ksa_adder.v:40$5883'.
     1/1: $0$mem2bits$\g_stage$rtl/ksa/ksa_adder.v:40$4759[31:0]$5884
Creating decoders for process `$paramod\ksa_adder\WIDTH=32.$proc$rtl/ksa/ksa_adder.v:40$5881'.
     1/1: $0$mem2bits$\p_stage$rtl/ksa/ksa_adder.v:40$4758[31:0]$5882
Creating decoders for process `$paramod\ksa_adder\WIDTH=32.$proc$rtl/ksa/ksa_adder.v:40$5879'.
     1/1: $0$mem2bits$\g_stage$rtl/ksa/ksa_adder.v:40$4757[31:0]$5880
Creating decoders for process `$paramod\ksa_adder\WIDTH=32.$proc$rtl/ksa/ksa_adder.v:38$5877'.
     1/1: $0$mem2bits$\p_stage$rtl/ksa/ksa_adder.v:38$4756[31:0]$5878
Creating decoders for process `$paramod\ksa_adder\WIDTH=32.$proc$rtl/ksa/ksa_adder.v:37$5875'.
     1/1: $0$mem2bits$\g_stage$rtl/ksa/ksa_adder.v:37$4755[31:0]$5876
Creating decoders for process `$paramod\ksa_adder\WIDTH=32.$proc$rtl/ksa/ksa_adder.v:38$5873'.
     1/1: $0$mem2bits$\p_stage$rtl/ksa/ksa_adder.v:38$4754[31:0]$5874
Creating decoders for process `$paramod\ksa_adder\WIDTH=32.$proc$rtl/ksa/ksa_adder.v:37$5871'.
     1/1: $0$mem2bits$\g_stage$rtl/ksa/ksa_adder.v:37$4753[31:0]$5872
Creating decoders for process `$paramod\ksa_adder\WIDTH=32.$proc$rtl/ksa/ksa_adder.v:38$5869'.
     1/1: $0$mem2bits$\p_stage$rtl/ksa/ksa_adder.v:38$4752[31:0]$5870
Creating decoders for process `$paramod\ksa_adder\WIDTH=32.$proc$rtl/ksa/ksa_adder.v:37$5867'.
     1/1: $0$mem2bits$\g_stage$rtl/ksa/ksa_adder.v:37$4751[31:0]$5868
Creating decoders for process `$paramod\ksa_adder\WIDTH=32.$proc$rtl/ksa/ksa_adder.v:38$5865'.
     1/1: $0$mem2bits$\p_stage$rtl/ksa/ksa_adder.v:38$4750[31:0]$5866
Creating decoders for process `$paramod\ksa_adder\WIDTH=32.$proc$rtl/ksa/ksa_adder.v:37$5863'.
     1/1: $0$mem2bits$\g_stage$rtl/ksa/ksa_adder.v:37$4749[31:0]$5864
Creating decoders for process `$paramod\ksa_adder\WIDTH=32.$proc$rtl/ksa/ksa_adder.v:41$5861'.
     1/1: $0$mem2bits$\p_stage$rtl/ksa/ksa_adder.v:41$4748[31:0]$5862
Creating decoders for process `$paramod\ksa_adder\WIDTH=32.$proc$rtl/ksa/ksa_adder.v:41$5859'.
     1/1: $0$mem2bits$\p_stage$rtl/ksa/ksa_adder.v:41$4747[31:0]$5860
Creating decoders for process `$paramod\ksa_adder\WIDTH=32.$proc$rtl/ksa/ksa_adder.v:40$5857'.
     1/1: $0$mem2bits$\g_stage$rtl/ksa/ksa_adder.v:40$4746[31:0]$5858
Creating decoders for process `$paramod\ksa_adder\WIDTH=32.$proc$rtl/ksa/ksa_adder.v:40$5855'.
     1/1: $0$mem2bits$\p_stage$rtl/ksa/ksa_adder.v:40$4745[31:0]$5856
Creating decoders for process `$paramod\ksa_adder\WIDTH=32.$proc$rtl/ksa/ksa_adder.v:40$5853'.
     1/1: $0$mem2bits$\g_stage$rtl/ksa/ksa_adder.v:40$4744[31:0]$5854
Creating decoders for process `$paramod\ksa_adder\WIDTH=32.$proc$rtl/ksa/ksa_adder.v:41$5851'.
     1/1: $0$mem2bits$\p_stage$rtl/ksa/ksa_adder.v:41$4743[31:0]$5852
Creating decoders for process `$paramod\ksa_adder\WIDTH=32.$proc$rtl/ksa/ksa_adder.v:41$5849'.
     1/1: $0$mem2bits$\p_stage$rtl/ksa/ksa_adder.v:41$4742[31:0]$5850
Creating decoders for process `$paramod\ksa_adder\WIDTH=32.$proc$rtl/ksa/ksa_adder.v:40$5847'.
     1/1: $0$mem2bits$\g_stage$rtl/ksa/ksa_adder.v:40$4741[31:0]$5848
Creating decoders for process `$paramod\ksa_adder\WIDTH=32.$proc$rtl/ksa/ksa_adder.v:40$5845'.
     1/1: $0$mem2bits$\p_stage$rtl/ksa/ksa_adder.v:40$4740[31:0]$5846
Creating decoders for process `$paramod\ksa_adder\WIDTH=32.$proc$rtl/ksa/ksa_adder.v:40$5843'.
     1/1: $0$mem2bits$\g_stage$rtl/ksa/ksa_adder.v:40$4739[31:0]$5844
Creating decoders for process `$paramod\ksa_adder\WIDTH=32.$proc$rtl/ksa/ksa_adder.v:41$5841'.
     1/1: $0$mem2bits$\p_stage$rtl/ksa/ksa_adder.v:41$4738[31:0]$5842
Creating decoders for process `$paramod\ksa_adder\WIDTH=32.$proc$rtl/ksa/ksa_adder.v:41$5839'.
     1/1: $0$mem2bits$\p_stage$rtl/ksa/ksa_adder.v:41$4737[31:0]$5840
Creating decoders for process `$paramod\ksa_adder\WIDTH=32.$proc$rtl/ksa/ksa_adder.v:40$5837'.
     1/1: $0$mem2bits$\g_stage$rtl/ksa/ksa_adder.v:40$4736[31:0]$5838
Creating decoders for process `$paramod\ksa_adder\WIDTH=32.$proc$rtl/ksa/ksa_adder.v:40$5835'.
     1/1: $0$mem2bits$\p_stage$rtl/ksa/ksa_adder.v:40$4735[31:0]$5836
Creating decoders for process `$paramod\ksa_adder\WIDTH=32.$proc$rtl/ksa/ksa_adder.v:40$5833'.
     1/1: $0$mem2bits$\g_stage$rtl/ksa/ksa_adder.v:40$4734[31:0]$5834
Creating decoders for process `$paramod\ksa_adder\WIDTH=32.$proc$rtl/ksa/ksa_adder.v:41$5831'.
     1/1: $0$mem2bits$\p_stage$rtl/ksa/ksa_adder.v:41$4733[31:0]$5832
Creating decoders for process `$paramod\ksa_adder\WIDTH=32.$proc$rtl/ksa/ksa_adder.v:41$5829'.
     1/1: $0$mem2bits$\p_stage$rtl/ksa/ksa_adder.v:41$4732[31:0]$5830
Creating decoders for process `$paramod\ksa_adder\WIDTH=32.$proc$rtl/ksa/ksa_adder.v:40$5827'.
     1/1: $0$mem2bits$\g_stage$rtl/ksa/ksa_adder.v:40$4731[31:0]$5828
Creating decoders for process `$paramod\ksa_adder\WIDTH=32.$proc$rtl/ksa/ksa_adder.v:40$5825'.
     1/1: $0$mem2bits$\p_stage$rtl/ksa/ksa_adder.v:40$4730[31:0]$5826
Creating decoders for process `$paramod\ksa_adder\WIDTH=32.$proc$rtl/ksa/ksa_adder.v:40$5823'.
     1/1: $0$mem2bits$\g_stage$rtl/ksa/ksa_adder.v:40$4729[31:0]$5824
Creating decoders for process `$paramod\ksa_adder\WIDTH=32.$proc$rtl/ksa/ksa_adder.v:41$5821'.
     1/1: $0$mem2bits$\p_stage$rtl/ksa/ksa_adder.v:41$4728[31:0]$5822
Creating decoders for process `$paramod\ksa_adder\WIDTH=32.$proc$rtl/ksa/ksa_adder.v:41$5819'.
     1/1: $0$mem2bits$\p_stage$rtl/ksa/ksa_adder.v:41$4727[31:0]$5820
Creating decoders for process `$paramod\ksa_adder\WIDTH=32.$proc$rtl/ksa/ksa_adder.v:40$5817'.
     1/1: $0$mem2bits$\g_stage$rtl/ksa/ksa_adder.v:40$4726[31:0]$5818
Creating decoders for process `$paramod\ksa_adder\WIDTH=32.$proc$rtl/ksa/ksa_adder.v:40$5815'.
     1/1: $0$mem2bits$\p_stage$rtl/ksa/ksa_adder.v:40$4725[31:0]$5816
Creating decoders for process `$paramod\ksa_adder\WIDTH=32.$proc$rtl/ksa/ksa_adder.v:40$5813'.
     1/1: $0$mem2bits$\g_stage$rtl/ksa/ksa_adder.v:40$4724[31:0]$5814
Creating decoders for process `$paramod\ksa_adder\WIDTH=32.$proc$rtl/ksa/ksa_adder.v:41$5811'.
     1/1: $0$mem2bits$\p_stage$rtl/ksa/ksa_adder.v:41$4723[31:0]$5812
Creating decoders for process `$paramod\ksa_adder\WIDTH=32.$proc$rtl/ksa/ksa_adder.v:41$5809'.
     1/1: $0$mem2bits$\p_stage$rtl/ksa/ksa_adder.v:41$4722[31:0]$5810
Creating decoders for process `$paramod\ksa_adder\WIDTH=32.$proc$rtl/ksa/ksa_adder.v:40$5807'.
     1/1: $0$mem2bits$\g_stage$rtl/ksa/ksa_adder.v:40$4721[31:0]$5808
Creating decoders for process `$paramod\ksa_adder\WIDTH=32.$proc$rtl/ksa/ksa_adder.v:40$5805'.
     1/1: $0$mem2bits$\p_stage$rtl/ksa/ksa_adder.v:40$4720[31:0]$5806
Creating decoders for process `$paramod\ksa_adder\WIDTH=32.$proc$rtl/ksa/ksa_adder.v:40$5803'.
     1/1: $0$mem2bits$\g_stage$rtl/ksa/ksa_adder.v:40$4719[31:0]$5804
Creating decoders for process `$paramod\ksa_adder\WIDTH=32.$proc$rtl/ksa/ksa_adder.v:41$5801'.
     1/1: $0$mem2bits$\p_stage$rtl/ksa/ksa_adder.v:41$4718[31:0]$5802
Creating decoders for process `$paramod\ksa_adder\WIDTH=32.$proc$rtl/ksa/ksa_adder.v:41$5799'.
     1/1: $0$mem2bits$\p_stage$rtl/ksa/ksa_adder.v:41$4717[31:0]$5800
Creating decoders for process `$paramod\ksa_adder\WIDTH=32.$proc$rtl/ksa/ksa_adder.v:40$5797'.
     1/1: $0$mem2bits$\g_stage$rtl/ksa/ksa_adder.v:40$4716[31:0]$5798
Creating decoders for process `$paramod\ksa_adder\WIDTH=32.$proc$rtl/ksa/ksa_adder.v:40$5795'.
     1/1: $0$mem2bits$\p_stage$rtl/ksa/ksa_adder.v:40$4715[31:0]$5796
Creating decoders for process `$paramod\ksa_adder\WIDTH=32.$proc$rtl/ksa/ksa_adder.v:40$5793'.
     1/1: $0$mem2bits$\g_stage$rtl/ksa/ksa_adder.v:40$4714[31:0]$5794
Creating decoders for process `$paramod\ksa_adder\WIDTH=32.$proc$rtl/ksa/ksa_adder.v:41$5791'.
     1/1: $0$mem2bits$\p_stage$rtl/ksa/ksa_adder.v:41$4713[31:0]$5792
Creating decoders for process `$paramod\ksa_adder\WIDTH=32.$proc$rtl/ksa/ksa_adder.v:41$5789'.
     1/1: $0$mem2bits$\p_stage$rtl/ksa/ksa_adder.v:41$4712[31:0]$5790
Creating decoders for process `$paramod\ksa_adder\WIDTH=32.$proc$rtl/ksa/ksa_adder.v:40$5787'.
     1/1: $0$mem2bits$\g_stage$rtl/ksa/ksa_adder.v:40$4711[31:0]$5788
Creating decoders for process `$paramod\ksa_adder\WIDTH=32.$proc$rtl/ksa/ksa_adder.v:40$5785'.
     1/1: $0$mem2bits$\p_stage$rtl/ksa/ksa_adder.v:40$4710[31:0]$5786
Creating decoders for process `$paramod\ksa_adder\WIDTH=32.$proc$rtl/ksa/ksa_adder.v:40$5783'.
     1/1: $0$mem2bits$\g_stage$rtl/ksa/ksa_adder.v:40$4709[31:0]$5784
Creating decoders for process `$paramod\ksa_adder\WIDTH=32.$proc$rtl/ksa/ksa_adder.v:41$5781'.
     1/1: $0$mem2bits$\p_stage$rtl/ksa/ksa_adder.v:41$4708[31:0]$5782
Creating decoders for process `$paramod\ksa_adder\WIDTH=32.$proc$rtl/ksa/ksa_adder.v:41$5779'.
     1/1: $0$mem2bits$\p_stage$rtl/ksa/ksa_adder.v:41$4707[31:0]$5780
Creating decoders for process `$paramod\ksa_adder\WIDTH=32.$proc$rtl/ksa/ksa_adder.v:40$5777'.
     1/1: $0$mem2bits$\g_stage$rtl/ksa/ksa_adder.v:40$4706[31:0]$5778
Creating decoders for process `$paramod\ksa_adder\WIDTH=32.$proc$rtl/ksa/ksa_adder.v:40$5775'.
     1/1: $0$mem2bits$\p_stage$rtl/ksa/ksa_adder.v:40$4705[31:0]$5776
Creating decoders for process `$paramod\ksa_adder\WIDTH=32.$proc$rtl/ksa/ksa_adder.v:40$5773'.
     1/1: $0$mem2bits$\g_stage$rtl/ksa/ksa_adder.v:40$4704[31:0]$5774
Creating decoders for process `$paramod\ksa_adder\WIDTH=32.$proc$rtl/ksa/ksa_adder.v:41$5771'.
     1/1: $0$mem2bits$\p_stage$rtl/ksa/ksa_adder.v:41$4703[31:0]$5772
Creating decoders for process `$paramod\ksa_adder\WIDTH=32.$proc$rtl/ksa/ksa_adder.v:41$5769'.
     1/1: $0$mem2bits$\p_stage$rtl/ksa/ksa_adder.v:41$4702[31:0]$5770
Creating decoders for process `$paramod\ksa_adder\WIDTH=32.$proc$rtl/ksa/ksa_adder.v:40$5767'.
     1/1: $0$mem2bits$\g_stage$rtl/ksa/ksa_adder.v:40$4701[31:0]$5768
Creating decoders for process `$paramod\ksa_adder\WIDTH=32.$proc$rtl/ksa/ksa_adder.v:40$5765'.
     1/1: $0$mem2bits$\p_stage$rtl/ksa/ksa_adder.v:40$4700[31:0]$5766
Creating decoders for process `$paramod\ksa_adder\WIDTH=32.$proc$rtl/ksa/ksa_adder.v:40$5763'.
     1/1: $0$mem2bits$\g_stage$rtl/ksa/ksa_adder.v:40$4699[31:0]$5764
Creating decoders for process `$paramod\ksa_adder\WIDTH=32.$proc$rtl/ksa/ksa_adder.v:41$5761'.
     1/1: $0$mem2bits$\p_stage$rtl/ksa/ksa_adder.v:41$4698[31:0]$5762
Creating decoders for process `$paramod\ksa_adder\WIDTH=32.$proc$rtl/ksa/ksa_adder.v:41$5759'.
     1/1: $0$mem2bits$\p_stage$rtl/ksa/ksa_adder.v:41$4697[31:0]$5760
Creating decoders for process `$paramod\ksa_adder\WIDTH=32.$proc$rtl/ksa/ksa_adder.v:40$5757'.
     1/1: $0$mem2bits$\g_stage$rtl/ksa/ksa_adder.v:40$4696[31:0]$5758
Creating decoders for process `$paramod\ksa_adder\WIDTH=32.$proc$rtl/ksa/ksa_adder.v:40$5755'.
     1/1: $0$mem2bits$\p_stage$rtl/ksa/ksa_adder.v:40$4695[31:0]$5756
Creating decoders for process `$paramod\ksa_adder\WIDTH=32.$proc$rtl/ksa/ksa_adder.v:40$5753'.
     1/1: $0$mem2bits$\g_stage$rtl/ksa/ksa_adder.v:40$4694[31:0]$5754
Creating decoders for process `$paramod\ksa_adder\WIDTH=32.$proc$rtl/ksa/ksa_adder.v:41$5751'.
     1/1: $0$mem2bits$\p_stage$rtl/ksa/ksa_adder.v:41$4693[31:0]$5752
Creating decoders for process `$paramod\ksa_adder\WIDTH=32.$proc$rtl/ksa/ksa_adder.v:41$5749'.
     1/1: $0$mem2bits$\p_stage$rtl/ksa/ksa_adder.v:41$4692[31:0]$5750
Creating decoders for process `$paramod\ksa_adder\WIDTH=32.$proc$rtl/ksa/ksa_adder.v:40$5747'.
     1/1: $0$mem2bits$\g_stage$rtl/ksa/ksa_adder.v:40$4691[31:0]$5748
Creating decoders for process `$paramod\ksa_adder\WIDTH=32.$proc$rtl/ksa/ksa_adder.v:40$5745'.
     1/1: $0$mem2bits$\p_stage$rtl/ksa/ksa_adder.v:40$4690[31:0]$5746
Creating decoders for process `$paramod\ksa_adder\WIDTH=32.$proc$rtl/ksa/ksa_adder.v:40$5743'.
     1/1: $0$mem2bits$\g_stage$rtl/ksa/ksa_adder.v:40$4689[31:0]$5744
Creating decoders for process `$paramod\ksa_adder\WIDTH=32.$proc$rtl/ksa/ksa_adder.v:41$5741'.
     1/1: $0$mem2bits$\p_stage$rtl/ksa/ksa_adder.v:41$4688[31:0]$5742
Creating decoders for process `$paramod\ksa_adder\WIDTH=32.$proc$rtl/ksa/ksa_adder.v:41$5739'.
     1/1: $0$mem2bits$\p_stage$rtl/ksa/ksa_adder.v:41$4687[31:0]$5740
Creating decoders for process `$paramod\ksa_adder\WIDTH=32.$proc$rtl/ksa/ksa_adder.v:40$5737'.
     1/1: $0$mem2bits$\g_stage$rtl/ksa/ksa_adder.v:40$4686[31:0]$5738
Creating decoders for process `$paramod\ksa_adder\WIDTH=32.$proc$rtl/ksa/ksa_adder.v:40$5735'.
     1/1: $0$mem2bits$\p_stage$rtl/ksa/ksa_adder.v:40$4685[31:0]$5736
Creating decoders for process `$paramod\ksa_adder\WIDTH=32.$proc$rtl/ksa/ksa_adder.v:40$5733'.
     1/1: $0$mem2bits$\g_stage$rtl/ksa/ksa_adder.v:40$4684[31:0]$5734
Creating decoders for process `$paramod\ksa_adder\WIDTH=32.$proc$rtl/ksa/ksa_adder.v:41$5731'.
     1/1: $0$mem2bits$\p_stage$rtl/ksa/ksa_adder.v:41$4683[31:0]$5732
Creating decoders for process `$paramod\ksa_adder\WIDTH=32.$proc$rtl/ksa/ksa_adder.v:41$5729'.
     1/1: $0$mem2bits$\p_stage$rtl/ksa/ksa_adder.v:41$4682[31:0]$5730
Creating decoders for process `$paramod\ksa_adder\WIDTH=32.$proc$rtl/ksa/ksa_adder.v:40$5727'.
     1/1: $0$mem2bits$\g_stage$rtl/ksa/ksa_adder.v:40$4681[31:0]$5728
Creating decoders for process `$paramod\ksa_adder\WIDTH=32.$proc$rtl/ksa/ksa_adder.v:40$5725'.
     1/1: $0$mem2bits$\p_stage$rtl/ksa/ksa_adder.v:40$4680[31:0]$5726
Creating decoders for process `$paramod\ksa_adder\WIDTH=32.$proc$rtl/ksa/ksa_adder.v:40$5723'.
     1/1: $0$mem2bits$\g_stage$rtl/ksa/ksa_adder.v:40$4679[31:0]$5724
Creating decoders for process `$paramod\ksa_adder\WIDTH=32.$proc$rtl/ksa/ksa_adder.v:41$5721'.
     1/1: $0$mem2bits$\p_stage$rtl/ksa/ksa_adder.v:41$4678[31:0]$5722
Creating decoders for process `$paramod\ksa_adder\WIDTH=32.$proc$rtl/ksa/ksa_adder.v:41$5719'.
     1/1: $0$mem2bits$\p_stage$rtl/ksa/ksa_adder.v:41$4677[31:0]$5720
Creating decoders for process `$paramod\ksa_adder\WIDTH=32.$proc$rtl/ksa/ksa_adder.v:40$5717'.
     1/1: $0$mem2bits$\g_stage$rtl/ksa/ksa_adder.v:40$4676[31:0]$5718
Creating decoders for process `$paramod\ksa_adder\WIDTH=32.$proc$rtl/ksa/ksa_adder.v:40$5715'.
     1/1: $0$mem2bits$\p_stage$rtl/ksa/ksa_adder.v:40$4675[31:0]$5716
Creating decoders for process `$paramod\ksa_adder\WIDTH=32.$proc$rtl/ksa/ksa_adder.v:40$5713'.
     1/1: $0$mem2bits$\g_stage$rtl/ksa/ksa_adder.v:40$4674[31:0]$5714
Creating decoders for process `$paramod\ksa_adder\WIDTH=32.$proc$rtl/ksa/ksa_adder.v:41$5711'.
     1/1: $0$mem2bits$\p_stage$rtl/ksa/ksa_adder.v:41$4673[31:0]$5712
Creating decoders for process `$paramod\ksa_adder\WIDTH=32.$proc$rtl/ksa/ksa_adder.v:41$5709'.
     1/1: $0$mem2bits$\p_stage$rtl/ksa/ksa_adder.v:41$4672[31:0]$5710
Creating decoders for process `$paramod\ksa_adder\WIDTH=32.$proc$rtl/ksa/ksa_adder.v:40$5707'.
     1/1: $0$mem2bits$\g_stage$rtl/ksa/ksa_adder.v:40$4671[31:0]$5708
Creating decoders for process `$paramod\ksa_adder\WIDTH=32.$proc$rtl/ksa/ksa_adder.v:40$5705'.
     1/1: $0$mem2bits$\p_stage$rtl/ksa/ksa_adder.v:40$4670[31:0]$5706
Creating decoders for process `$paramod\ksa_adder\WIDTH=32.$proc$rtl/ksa/ksa_adder.v:40$5703'.
     1/1: $0$mem2bits$\g_stage$rtl/ksa/ksa_adder.v:40$4669[31:0]$5704
Creating decoders for process `$paramod\ksa_adder\WIDTH=32.$proc$rtl/ksa/ksa_adder.v:41$5701'.
     1/1: $0$mem2bits$\p_stage$rtl/ksa/ksa_adder.v:41$4668[31:0]$5702
Creating decoders for process `$paramod\ksa_adder\WIDTH=32.$proc$rtl/ksa/ksa_adder.v:41$5699'.
     1/1: $0$mem2bits$\p_stage$rtl/ksa/ksa_adder.v:41$4667[31:0]$5700
Creating decoders for process `$paramod\ksa_adder\WIDTH=32.$proc$rtl/ksa/ksa_adder.v:40$5697'.
     1/1: $0$mem2bits$\g_stage$rtl/ksa/ksa_adder.v:40$4666[31:0]$5698
Creating decoders for process `$paramod\ksa_adder\WIDTH=32.$proc$rtl/ksa/ksa_adder.v:40$5695'.
     1/1: $0$mem2bits$\p_stage$rtl/ksa/ksa_adder.v:40$4665[31:0]$5696
Creating decoders for process `$paramod\ksa_adder\WIDTH=32.$proc$rtl/ksa/ksa_adder.v:40$5693'.
     1/1: $0$mem2bits$\g_stage$rtl/ksa/ksa_adder.v:40$4664[31:0]$5694
Creating decoders for process `$paramod\ksa_adder\WIDTH=32.$proc$rtl/ksa/ksa_adder.v:41$5691'.
     1/1: $0$mem2bits$\p_stage$rtl/ksa/ksa_adder.v:41$4663[31:0]$5692
Creating decoders for process `$paramod\ksa_adder\WIDTH=32.$proc$rtl/ksa/ksa_adder.v:41$5689'.
     1/1: $0$mem2bits$\p_stage$rtl/ksa/ksa_adder.v:41$4662[31:0]$5690
Creating decoders for process `$paramod\ksa_adder\WIDTH=32.$proc$rtl/ksa/ksa_adder.v:40$5687'.
     1/1: $0$mem2bits$\g_stage$rtl/ksa/ksa_adder.v:40$4661[31:0]$5688
Creating decoders for process `$paramod\ksa_adder\WIDTH=32.$proc$rtl/ksa/ksa_adder.v:40$5685'.
     1/1: $0$mem2bits$\p_stage$rtl/ksa/ksa_adder.v:40$4660[31:0]$5686
Creating decoders for process `$paramod\ksa_adder\WIDTH=32.$proc$rtl/ksa/ksa_adder.v:40$5683'.
     1/1: $0$mem2bits$\g_stage$rtl/ksa/ksa_adder.v:40$4659[31:0]$5684
Creating decoders for process `$paramod\ksa_adder\WIDTH=32.$proc$rtl/ksa/ksa_adder.v:41$5681'.
     1/1: $0$mem2bits$\p_stage$rtl/ksa/ksa_adder.v:41$4658[31:0]$5682
Creating decoders for process `$paramod\ksa_adder\WIDTH=32.$proc$rtl/ksa/ksa_adder.v:41$5679'.
     1/1: $0$mem2bits$\p_stage$rtl/ksa/ksa_adder.v:41$4657[31:0]$5680
Creating decoders for process `$paramod\ksa_adder\WIDTH=32.$proc$rtl/ksa/ksa_adder.v:40$5677'.
     1/1: $0$mem2bits$\g_stage$rtl/ksa/ksa_adder.v:40$4656[31:0]$5678
Creating decoders for process `$paramod\ksa_adder\WIDTH=32.$proc$rtl/ksa/ksa_adder.v:40$5675'.
     1/1: $0$mem2bits$\p_stage$rtl/ksa/ksa_adder.v:40$4655[31:0]$5676
Creating decoders for process `$paramod\ksa_adder\WIDTH=32.$proc$rtl/ksa/ksa_adder.v:40$5673'.
     1/1: $0$mem2bits$\g_stage$rtl/ksa/ksa_adder.v:40$4654[31:0]$5674
Creating decoders for process `$paramod\ksa_adder\WIDTH=32.$proc$rtl/ksa/ksa_adder.v:41$5671'.
     1/1: $0$mem2bits$\p_stage$rtl/ksa/ksa_adder.v:41$4653[31:0]$5672
Creating decoders for process `$paramod\ksa_adder\WIDTH=32.$proc$rtl/ksa/ksa_adder.v:41$5669'.
     1/1: $0$mem2bits$\p_stage$rtl/ksa/ksa_adder.v:41$4652[31:0]$5670
Creating decoders for process `$paramod\ksa_adder\WIDTH=32.$proc$rtl/ksa/ksa_adder.v:40$5667'.
     1/1: $0$mem2bits$\g_stage$rtl/ksa/ksa_adder.v:40$4651[31:0]$5668
Creating decoders for process `$paramod\ksa_adder\WIDTH=32.$proc$rtl/ksa/ksa_adder.v:40$5665'.
     1/1: $0$mem2bits$\p_stage$rtl/ksa/ksa_adder.v:40$4650[31:0]$5666
Creating decoders for process `$paramod\ksa_adder\WIDTH=32.$proc$rtl/ksa/ksa_adder.v:40$5663'.
     1/1: $0$mem2bits$\g_stage$rtl/ksa/ksa_adder.v:40$4649[31:0]$5664
Creating decoders for process `$paramod\ksa_adder\WIDTH=32.$proc$rtl/ksa/ksa_adder.v:41$5661'.
     1/1: $0$mem2bits$\p_stage$rtl/ksa/ksa_adder.v:41$4648[31:0]$5662
Creating decoders for process `$paramod\ksa_adder\WIDTH=32.$proc$rtl/ksa/ksa_adder.v:41$5659'.
     1/1: $0$mem2bits$\p_stage$rtl/ksa/ksa_adder.v:41$4647[31:0]$5660
Creating decoders for process `$paramod\ksa_adder\WIDTH=32.$proc$rtl/ksa/ksa_adder.v:40$5657'.
     1/1: $0$mem2bits$\g_stage$rtl/ksa/ksa_adder.v:40$4646[31:0]$5658
Creating decoders for process `$paramod\ksa_adder\WIDTH=32.$proc$rtl/ksa/ksa_adder.v:40$5655'.
     1/1: $0$mem2bits$\p_stage$rtl/ksa/ksa_adder.v:40$4645[31:0]$5656
Creating decoders for process `$paramod\ksa_adder\WIDTH=32.$proc$rtl/ksa/ksa_adder.v:40$5653'.
     1/1: $0$mem2bits$\g_stage$rtl/ksa/ksa_adder.v:40$4644[31:0]$5654
Creating decoders for process `$paramod\ksa_adder\WIDTH=32.$proc$rtl/ksa/ksa_adder.v:41$5651'.
     1/1: $0$mem2bits$\p_stage$rtl/ksa/ksa_adder.v:41$4643[31:0]$5652
Creating decoders for process `$paramod\ksa_adder\WIDTH=32.$proc$rtl/ksa/ksa_adder.v:41$5649'.
     1/1: $0$mem2bits$\p_stage$rtl/ksa/ksa_adder.v:41$4642[31:0]$5650
Creating decoders for process `$paramod\ksa_adder\WIDTH=32.$proc$rtl/ksa/ksa_adder.v:40$5647'.
     1/1: $0$mem2bits$\g_stage$rtl/ksa/ksa_adder.v:40$4641[31:0]$5648
Creating decoders for process `$paramod\ksa_adder\WIDTH=32.$proc$rtl/ksa/ksa_adder.v:40$5645'.
     1/1: $0$mem2bits$\p_stage$rtl/ksa/ksa_adder.v:40$4640[31:0]$5646
Creating decoders for process `$paramod\ksa_adder\WIDTH=32.$proc$rtl/ksa/ksa_adder.v:40$5643'.
     1/1: $0$mem2bits$\g_stage$rtl/ksa/ksa_adder.v:40$4639[31:0]$5644
Creating decoders for process `$paramod\ksa_adder\WIDTH=32.$proc$rtl/ksa/ksa_adder.v:41$5641'.
     1/1: $0$mem2bits$\p_stage$rtl/ksa/ksa_adder.v:41$4638[31:0]$5642
Creating decoders for process `$paramod\ksa_adder\WIDTH=32.$proc$rtl/ksa/ksa_adder.v:41$5639'.
     1/1: $0$mem2bits$\p_stage$rtl/ksa/ksa_adder.v:41$4637[31:0]$5640
Creating decoders for process `$paramod\ksa_adder\WIDTH=32.$proc$rtl/ksa/ksa_adder.v:40$5637'.
     1/1: $0$mem2bits$\g_stage$rtl/ksa/ksa_adder.v:40$4636[31:0]$5638
Creating decoders for process `$paramod\ksa_adder\WIDTH=32.$proc$rtl/ksa/ksa_adder.v:40$5635'.
     1/1: $0$mem2bits$\p_stage$rtl/ksa/ksa_adder.v:40$4635[31:0]$5636
Creating decoders for process `$paramod\ksa_adder\WIDTH=32.$proc$rtl/ksa/ksa_adder.v:40$5633'.
     1/1: $0$mem2bits$\g_stage$rtl/ksa/ksa_adder.v:40$4634[31:0]$5634
Creating decoders for process `$paramod\ksa_adder\WIDTH=32.$proc$rtl/ksa/ksa_adder.v:41$5631'.
     1/1: $0$mem2bits$\p_stage$rtl/ksa/ksa_adder.v:41$4633[31:0]$5632
Creating decoders for process `$paramod\ksa_adder\WIDTH=32.$proc$rtl/ksa/ksa_adder.v:41$5629'.
     1/1: $0$mem2bits$\p_stage$rtl/ksa/ksa_adder.v:41$4632[31:0]$5630
Creating decoders for process `$paramod\ksa_adder\WIDTH=32.$proc$rtl/ksa/ksa_adder.v:40$5627'.
     1/1: $0$mem2bits$\g_stage$rtl/ksa/ksa_adder.v:40$4631[31:0]$5628
Creating decoders for process `$paramod\ksa_adder\WIDTH=32.$proc$rtl/ksa/ksa_adder.v:40$5625'.
     1/1: $0$mem2bits$\p_stage$rtl/ksa/ksa_adder.v:40$4630[31:0]$5626
Creating decoders for process `$paramod\ksa_adder\WIDTH=32.$proc$rtl/ksa/ksa_adder.v:40$5623'.
     1/1: $0$mem2bits$\g_stage$rtl/ksa/ksa_adder.v:40$4629[31:0]$5624
Creating decoders for process `$paramod\ksa_adder\WIDTH=32.$proc$rtl/ksa/ksa_adder.v:41$5621'.
     1/1: $0$mem2bits$\p_stage$rtl/ksa/ksa_adder.v:41$4628[31:0]$5622
Creating decoders for process `$paramod\ksa_adder\WIDTH=32.$proc$rtl/ksa/ksa_adder.v:41$5619'.
     1/1: $0$mem2bits$\p_stage$rtl/ksa/ksa_adder.v:41$4627[31:0]$5620
Creating decoders for process `$paramod\ksa_adder\WIDTH=32.$proc$rtl/ksa/ksa_adder.v:40$5617'.
     1/1: $0$mem2bits$\g_stage$rtl/ksa/ksa_adder.v:40$4626[31:0]$5618
Creating decoders for process `$paramod\ksa_adder\WIDTH=32.$proc$rtl/ksa/ksa_adder.v:40$5615'.
     1/1: $0$mem2bits$\p_stage$rtl/ksa/ksa_adder.v:40$4625[31:0]$5616
Creating decoders for process `$paramod\ksa_adder\WIDTH=32.$proc$rtl/ksa/ksa_adder.v:40$5613'.
     1/1: $0$mem2bits$\g_stage$rtl/ksa/ksa_adder.v:40$4624[31:0]$5614
Creating decoders for process `$paramod\ksa_adder\WIDTH=32.$proc$rtl/ksa/ksa_adder.v:41$5611'.
     1/1: $0$mem2bits$\p_stage$rtl/ksa/ksa_adder.v:41$4623[31:0]$5612
Creating decoders for process `$paramod\ksa_adder\WIDTH=32.$proc$rtl/ksa/ksa_adder.v:41$5609'.
     1/1: $0$mem2bits$\p_stage$rtl/ksa/ksa_adder.v:41$4622[31:0]$5610
Creating decoders for process `$paramod\ksa_adder\WIDTH=32.$proc$rtl/ksa/ksa_adder.v:40$5607'.
     1/1: $0$mem2bits$\g_stage$rtl/ksa/ksa_adder.v:40$4621[31:0]$5608
Creating decoders for process `$paramod\ksa_adder\WIDTH=32.$proc$rtl/ksa/ksa_adder.v:40$5605'.
     1/1: $0$mem2bits$\p_stage$rtl/ksa/ksa_adder.v:40$4620[31:0]$5606
Creating decoders for process `$paramod\ksa_adder\WIDTH=32.$proc$rtl/ksa/ksa_adder.v:40$5603'.
     1/1: $0$mem2bits$\g_stage$rtl/ksa/ksa_adder.v:40$4619[31:0]$5604
Creating decoders for process `$paramod\ksa_adder\WIDTH=32.$proc$rtl/ksa/ksa_adder.v:41$5601'.
     1/1: $0$mem2bits$\p_stage$rtl/ksa/ksa_adder.v:41$4618[31:0]$5602
Creating decoders for process `$paramod\ksa_adder\WIDTH=32.$proc$rtl/ksa/ksa_adder.v:41$5599'.
     1/1: $0$mem2bits$\p_stage$rtl/ksa/ksa_adder.v:41$4617[31:0]$5600
Creating decoders for process `$paramod\ksa_adder\WIDTH=32.$proc$rtl/ksa/ksa_adder.v:40$5597'.
     1/1: $0$mem2bits$\g_stage$rtl/ksa/ksa_adder.v:40$4616[31:0]$5598
Creating decoders for process `$paramod\ksa_adder\WIDTH=32.$proc$rtl/ksa/ksa_adder.v:40$5595'.
     1/1: $0$mem2bits$\p_stage$rtl/ksa/ksa_adder.v:40$4615[31:0]$5596
Creating decoders for process `$paramod\ksa_adder\WIDTH=32.$proc$rtl/ksa/ksa_adder.v:40$5593'.
     1/1: $0$mem2bits$\g_stage$rtl/ksa/ksa_adder.v:40$4614[31:0]$5594
Creating decoders for process `$paramod\ksa_adder\WIDTH=32.$proc$rtl/ksa/ksa_adder.v:41$5591'.
     1/1: $0$mem2bits$\p_stage$rtl/ksa/ksa_adder.v:41$4613[31:0]$5592
Creating decoders for process `$paramod\ksa_adder\WIDTH=32.$proc$rtl/ksa/ksa_adder.v:41$5589'.
     1/1: $0$mem2bits$\p_stage$rtl/ksa/ksa_adder.v:41$4612[31:0]$5590
Creating decoders for process `$paramod\ksa_adder\WIDTH=32.$proc$rtl/ksa/ksa_adder.v:40$5587'.
     1/1: $0$mem2bits$\g_stage$rtl/ksa/ksa_adder.v:40$4611[31:0]$5588
Creating decoders for process `$paramod\ksa_adder\WIDTH=32.$proc$rtl/ksa/ksa_adder.v:40$5585'.
     1/1: $0$mem2bits$\p_stage$rtl/ksa/ksa_adder.v:40$4610[31:0]$5586
Creating decoders for process `$paramod\ksa_adder\WIDTH=32.$proc$rtl/ksa/ksa_adder.v:40$5583'.
     1/1: $0$mem2bits$\g_stage$rtl/ksa/ksa_adder.v:40$4609[31:0]$5584
Creating decoders for process `$paramod\ksa_adder\WIDTH=32.$proc$rtl/ksa/ksa_adder.v:41$5581'.
     1/1: $0$mem2bits$\p_stage$rtl/ksa/ksa_adder.v:41$4608[31:0]$5582
Creating decoders for process `$paramod\ksa_adder\WIDTH=32.$proc$rtl/ksa/ksa_adder.v:41$5579'.
     1/1: $0$mem2bits$\p_stage$rtl/ksa/ksa_adder.v:41$4607[31:0]$5580
Creating decoders for process `$paramod\ksa_adder\WIDTH=32.$proc$rtl/ksa/ksa_adder.v:40$5577'.
     1/1: $0$mem2bits$\g_stage$rtl/ksa/ksa_adder.v:40$4606[31:0]$5578
Creating decoders for process `$paramod\ksa_adder\WIDTH=32.$proc$rtl/ksa/ksa_adder.v:40$5575'.
     1/1: $0$mem2bits$\p_stage$rtl/ksa/ksa_adder.v:40$4605[31:0]$5576
Creating decoders for process `$paramod\ksa_adder\WIDTH=32.$proc$rtl/ksa/ksa_adder.v:40$5573'.
     1/1: $0$mem2bits$\g_stage$rtl/ksa/ksa_adder.v:40$4604[31:0]$5574
Creating decoders for process `$paramod\ksa_adder\WIDTH=32.$proc$rtl/ksa/ksa_adder.v:41$5571'.
     1/1: $0$mem2bits$\p_stage$rtl/ksa/ksa_adder.v:41$4603[31:0]$5572
Creating decoders for process `$paramod\ksa_adder\WIDTH=32.$proc$rtl/ksa/ksa_adder.v:41$5569'.
     1/1: $0$mem2bits$\p_stage$rtl/ksa/ksa_adder.v:41$4602[31:0]$5570
Creating decoders for process `$paramod\ksa_adder\WIDTH=32.$proc$rtl/ksa/ksa_adder.v:40$5567'.
     1/1: $0$mem2bits$\g_stage$rtl/ksa/ksa_adder.v:40$4601[31:0]$5568
Creating decoders for process `$paramod\ksa_adder\WIDTH=32.$proc$rtl/ksa/ksa_adder.v:40$5565'.
     1/1: $0$mem2bits$\p_stage$rtl/ksa/ksa_adder.v:40$4600[31:0]$5566
Creating decoders for process `$paramod\ksa_adder\WIDTH=32.$proc$rtl/ksa/ksa_adder.v:40$5563'.
     1/1: $0$mem2bits$\g_stage$rtl/ksa/ksa_adder.v:40$4599[31:0]$5564
Creating decoders for process `$paramod\ksa_adder\WIDTH=32.$proc$rtl/ksa/ksa_adder.v:38$5561'.
     1/1: $0$mem2bits$\p_stage$rtl/ksa/ksa_adder.v:38$4598[31:0]$5562
Creating decoders for process `$paramod\ksa_adder\WIDTH=32.$proc$rtl/ksa/ksa_adder.v:37$5559'.
     1/1: $0$mem2bits$\g_stage$rtl/ksa/ksa_adder.v:37$4597[31:0]$5560
Creating decoders for process `$paramod\ksa_adder\WIDTH=32.$proc$rtl/ksa/ksa_adder.v:38$5557'.
     1/1: $0$mem2bits$\p_stage$rtl/ksa/ksa_adder.v:38$4596[31:0]$5558
Creating decoders for process `$paramod\ksa_adder\WIDTH=32.$proc$rtl/ksa/ksa_adder.v:37$5555'.
     1/1: $0$mem2bits$\g_stage$rtl/ksa/ksa_adder.v:37$4595[31:0]$5556
Creating decoders for process `$paramod\ksa_adder\WIDTH=32.$proc$rtl/ksa/ksa_adder.v:41$5553'.
     1/1: $0$mem2bits$\p_stage$rtl/ksa/ksa_adder.v:41$4594[31:0]$5554
Creating decoders for process `$paramod\ksa_adder\WIDTH=32.$proc$rtl/ksa/ksa_adder.v:41$5551'.
     1/1: $0$mem2bits$\p_stage$rtl/ksa/ksa_adder.v:41$4593[31:0]$5552
Creating decoders for process `$paramod\ksa_adder\WIDTH=32.$proc$rtl/ksa/ksa_adder.v:40$5549'.
     1/1: $0$mem2bits$\g_stage$rtl/ksa/ksa_adder.v:40$4592[31:0]$5550
Creating decoders for process `$paramod\ksa_adder\WIDTH=32.$proc$rtl/ksa/ksa_adder.v:40$5547'.
     1/1: $0$mem2bits$\p_stage$rtl/ksa/ksa_adder.v:40$4591[31:0]$5548
Creating decoders for process `$paramod\ksa_adder\WIDTH=32.$proc$rtl/ksa/ksa_adder.v:40$5545'.
     1/1: $0$mem2bits$\g_stage$rtl/ksa/ksa_adder.v:40$4590[31:0]$5546
Creating decoders for process `$paramod\ksa_adder\WIDTH=32.$proc$rtl/ksa/ksa_adder.v:41$5543'.
     1/1: $0$mem2bits$\p_stage$rtl/ksa/ksa_adder.v:41$4589[31:0]$5544
Creating decoders for process `$paramod\ksa_adder\WIDTH=32.$proc$rtl/ksa/ksa_adder.v:41$5541'.
     1/1: $0$mem2bits$\p_stage$rtl/ksa/ksa_adder.v:41$4588[31:0]$5542
Creating decoders for process `$paramod\ksa_adder\WIDTH=32.$proc$rtl/ksa/ksa_adder.v:40$5539'.
     1/1: $0$mem2bits$\g_stage$rtl/ksa/ksa_adder.v:40$4587[31:0]$5540
Creating decoders for process `$paramod\ksa_adder\WIDTH=32.$proc$rtl/ksa/ksa_adder.v:40$5537'.
     1/1: $0$mem2bits$\p_stage$rtl/ksa/ksa_adder.v:40$4586[31:0]$5538
Creating decoders for process `$paramod\ksa_adder\WIDTH=32.$proc$rtl/ksa/ksa_adder.v:40$5535'.
     1/1: $0$mem2bits$\g_stage$rtl/ksa/ksa_adder.v:40$4585[31:0]$5536
Creating decoders for process `$paramod\ksa_adder\WIDTH=32.$proc$rtl/ksa/ksa_adder.v:41$5533'.
     1/1: $0$mem2bits$\p_stage$rtl/ksa/ksa_adder.v:41$4584[31:0]$5534
Creating decoders for process `$paramod\ksa_adder\WIDTH=32.$proc$rtl/ksa/ksa_adder.v:41$5531'.
     1/1: $0$mem2bits$\p_stage$rtl/ksa/ksa_adder.v:41$4583[31:0]$5532
Creating decoders for process `$paramod\ksa_adder\WIDTH=32.$proc$rtl/ksa/ksa_adder.v:40$5529'.
     1/1: $0$mem2bits$\g_stage$rtl/ksa/ksa_adder.v:40$4582[31:0]$5530
Creating decoders for process `$paramod\ksa_adder\WIDTH=32.$proc$rtl/ksa/ksa_adder.v:40$5527'.
     1/1: $0$mem2bits$\p_stage$rtl/ksa/ksa_adder.v:40$4581[31:0]$5528
Creating decoders for process `$paramod\ksa_adder\WIDTH=32.$proc$rtl/ksa/ksa_adder.v:40$5525'.
     1/1: $0$mem2bits$\g_stage$rtl/ksa/ksa_adder.v:40$4580[31:0]$5526
Creating decoders for process `$paramod\ksa_adder\WIDTH=32.$proc$rtl/ksa/ksa_adder.v:41$5523'.
     1/1: $0$mem2bits$\p_stage$rtl/ksa/ksa_adder.v:41$4579[31:0]$5524
Creating decoders for process `$paramod\ksa_adder\WIDTH=32.$proc$rtl/ksa/ksa_adder.v:41$5521'.
     1/1: $0$mem2bits$\p_stage$rtl/ksa/ksa_adder.v:41$4578[31:0]$5522
Creating decoders for process `$paramod\ksa_adder\WIDTH=32.$proc$rtl/ksa/ksa_adder.v:40$5519'.
     1/1: $0$mem2bits$\g_stage$rtl/ksa/ksa_adder.v:40$4577[31:0]$5520
Creating decoders for process `$paramod\ksa_adder\WIDTH=32.$proc$rtl/ksa/ksa_adder.v:40$5517'.
     1/1: $0$mem2bits$\p_stage$rtl/ksa/ksa_adder.v:40$4576[31:0]$5518
Creating decoders for process `$paramod\ksa_adder\WIDTH=32.$proc$rtl/ksa/ksa_adder.v:40$5515'.
     1/1: $0$mem2bits$\g_stage$rtl/ksa/ksa_adder.v:40$4575[31:0]$5516
Creating decoders for process `$paramod\ksa_adder\WIDTH=32.$proc$rtl/ksa/ksa_adder.v:41$5513'.
     1/1: $0$mem2bits$\p_stage$rtl/ksa/ksa_adder.v:41$4574[31:0]$5514
Creating decoders for process `$paramod\ksa_adder\WIDTH=32.$proc$rtl/ksa/ksa_adder.v:41$5511'.
     1/1: $0$mem2bits$\p_stage$rtl/ksa/ksa_adder.v:41$4573[31:0]$5512
Creating decoders for process `$paramod\ksa_adder\WIDTH=32.$proc$rtl/ksa/ksa_adder.v:40$5509'.
     1/1: $0$mem2bits$\g_stage$rtl/ksa/ksa_adder.v:40$4572[31:0]$5510
Creating decoders for process `$paramod\ksa_adder\WIDTH=32.$proc$rtl/ksa/ksa_adder.v:40$5507'.
     1/1: $0$mem2bits$\p_stage$rtl/ksa/ksa_adder.v:40$4571[31:0]$5508
Creating decoders for process `$paramod\ksa_adder\WIDTH=32.$proc$rtl/ksa/ksa_adder.v:40$5505'.
     1/1: $0$mem2bits$\g_stage$rtl/ksa/ksa_adder.v:40$4570[31:0]$5506
Creating decoders for process `$paramod\ksa_adder\WIDTH=32.$proc$rtl/ksa/ksa_adder.v:41$5503'.
     1/1: $0$mem2bits$\p_stage$rtl/ksa/ksa_adder.v:41$4569[31:0]$5504
Creating decoders for process `$paramod\ksa_adder\WIDTH=32.$proc$rtl/ksa/ksa_adder.v:41$5501'.
     1/1: $0$mem2bits$\p_stage$rtl/ksa/ksa_adder.v:41$4568[31:0]$5502
Creating decoders for process `$paramod\ksa_adder\WIDTH=32.$proc$rtl/ksa/ksa_adder.v:40$5499'.
     1/1: $0$mem2bits$\g_stage$rtl/ksa/ksa_adder.v:40$4567[31:0]$5500
Creating decoders for process `$paramod\ksa_adder\WIDTH=32.$proc$rtl/ksa/ksa_adder.v:40$5497'.
     1/1: $0$mem2bits$\p_stage$rtl/ksa/ksa_adder.v:40$4566[31:0]$5498
Creating decoders for process `$paramod\ksa_adder\WIDTH=32.$proc$rtl/ksa/ksa_adder.v:40$5495'.
     1/1: $0$mem2bits$\g_stage$rtl/ksa/ksa_adder.v:40$4565[31:0]$5496
Creating decoders for process `$paramod\ksa_adder\WIDTH=32.$proc$rtl/ksa/ksa_adder.v:41$5493'.
     1/1: $0$mem2bits$\p_stage$rtl/ksa/ksa_adder.v:41$4564[31:0]$5494
Creating decoders for process `$paramod\ksa_adder\WIDTH=32.$proc$rtl/ksa/ksa_adder.v:41$5491'.
     1/1: $0$mem2bits$\p_stage$rtl/ksa/ksa_adder.v:41$4563[31:0]$5492
Creating decoders for process `$paramod\ksa_adder\WIDTH=32.$proc$rtl/ksa/ksa_adder.v:40$5489'.
     1/1: $0$mem2bits$\g_stage$rtl/ksa/ksa_adder.v:40$4562[31:0]$5490
Creating decoders for process `$paramod\ksa_adder\WIDTH=32.$proc$rtl/ksa/ksa_adder.v:40$5487'.
     1/1: $0$mem2bits$\p_stage$rtl/ksa/ksa_adder.v:40$4561[31:0]$5488
Creating decoders for process `$paramod\ksa_adder\WIDTH=32.$proc$rtl/ksa/ksa_adder.v:40$5485'.
     1/1: $0$mem2bits$\g_stage$rtl/ksa/ksa_adder.v:40$4560[31:0]$5486
Creating decoders for process `$paramod\ksa_adder\WIDTH=32.$proc$rtl/ksa/ksa_adder.v:41$5483'.
     1/1: $0$mem2bits$\p_stage$rtl/ksa/ksa_adder.v:41$4559[31:0]$5484
Creating decoders for process `$paramod\ksa_adder\WIDTH=32.$proc$rtl/ksa/ksa_adder.v:41$5481'.
     1/1: $0$mem2bits$\p_stage$rtl/ksa/ksa_adder.v:41$4558[31:0]$5482
Creating decoders for process `$paramod\ksa_adder\WIDTH=32.$proc$rtl/ksa/ksa_adder.v:40$5479'.
     1/1: $0$mem2bits$\g_stage$rtl/ksa/ksa_adder.v:40$4557[31:0]$5480
Creating decoders for process `$paramod\ksa_adder\WIDTH=32.$proc$rtl/ksa/ksa_adder.v:40$5477'.
     1/1: $0$mem2bits$\p_stage$rtl/ksa/ksa_adder.v:40$4556[31:0]$5478
Creating decoders for process `$paramod\ksa_adder\WIDTH=32.$proc$rtl/ksa/ksa_adder.v:40$5475'.
     1/1: $0$mem2bits$\g_stage$rtl/ksa/ksa_adder.v:40$4555[31:0]$5476
Creating decoders for process `$paramod\ksa_adder\WIDTH=32.$proc$rtl/ksa/ksa_adder.v:41$5473'.
     1/1: $0$mem2bits$\p_stage$rtl/ksa/ksa_adder.v:41$4554[31:0]$5474
Creating decoders for process `$paramod\ksa_adder\WIDTH=32.$proc$rtl/ksa/ksa_adder.v:41$5471'.
     1/1: $0$mem2bits$\p_stage$rtl/ksa/ksa_adder.v:41$4553[31:0]$5472
Creating decoders for process `$paramod\ksa_adder\WIDTH=32.$proc$rtl/ksa/ksa_adder.v:40$5469'.
     1/1: $0$mem2bits$\g_stage$rtl/ksa/ksa_adder.v:40$4552[31:0]$5470
Creating decoders for process `$paramod\ksa_adder\WIDTH=32.$proc$rtl/ksa/ksa_adder.v:40$5467'.
     1/1: $0$mem2bits$\p_stage$rtl/ksa/ksa_adder.v:40$4551[31:0]$5468
Creating decoders for process `$paramod\ksa_adder\WIDTH=32.$proc$rtl/ksa/ksa_adder.v:40$5465'.
     1/1: $0$mem2bits$\g_stage$rtl/ksa/ksa_adder.v:40$4550[31:0]$5466
Creating decoders for process `$paramod\ksa_adder\WIDTH=32.$proc$rtl/ksa/ksa_adder.v:41$5463'.
     1/1: $0$mem2bits$\p_stage$rtl/ksa/ksa_adder.v:41$4549[31:0]$5464
Creating decoders for process `$paramod\ksa_adder\WIDTH=32.$proc$rtl/ksa/ksa_adder.v:41$5461'.
     1/1: $0$mem2bits$\p_stage$rtl/ksa/ksa_adder.v:41$4548[31:0]$5462
Creating decoders for process `$paramod\ksa_adder\WIDTH=32.$proc$rtl/ksa/ksa_adder.v:40$5459'.
     1/1: $0$mem2bits$\g_stage$rtl/ksa/ksa_adder.v:40$4547[31:0]$5460
Creating decoders for process `$paramod\ksa_adder\WIDTH=32.$proc$rtl/ksa/ksa_adder.v:40$5457'.
     1/1: $0$mem2bits$\p_stage$rtl/ksa/ksa_adder.v:40$4546[31:0]$5458
Creating decoders for process `$paramod\ksa_adder\WIDTH=32.$proc$rtl/ksa/ksa_adder.v:40$5455'.
     1/1: $0$mem2bits$\g_stage$rtl/ksa/ksa_adder.v:40$4545[31:0]$5456
Creating decoders for process `$paramod\ksa_adder\WIDTH=32.$proc$rtl/ksa/ksa_adder.v:41$5453'.
     1/1: $0$mem2bits$\p_stage$rtl/ksa/ksa_adder.v:41$4544[31:0]$5454
Creating decoders for process `$paramod\ksa_adder\WIDTH=32.$proc$rtl/ksa/ksa_adder.v:41$5451'.
     1/1: $0$mem2bits$\p_stage$rtl/ksa/ksa_adder.v:41$4543[31:0]$5452
Creating decoders for process `$paramod\ksa_adder\WIDTH=32.$proc$rtl/ksa/ksa_adder.v:40$5449'.
     1/1: $0$mem2bits$\g_stage$rtl/ksa/ksa_adder.v:40$4542[31:0]$5450
Creating decoders for process `$paramod\ksa_adder\WIDTH=32.$proc$rtl/ksa/ksa_adder.v:40$5447'.
     1/1: $0$mem2bits$\p_stage$rtl/ksa/ksa_adder.v:40$4541[31:0]$5448
Creating decoders for process `$paramod\ksa_adder\WIDTH=32.$proc$rtl/ksa/ksa_adder.v:40$5445'.
     1/1: $0$mem2bits$\g_stage$rtl/ksa/ksa_adder.v:40$4540[31:0]$5446
Creating decoders for process `$paramod\ksa_adder\WIDTH=32.$proc$rtl/ksa/ksa_adder.v:41$5443'.
     1/1: $0$mem2bits$\p_stage$rtl/ksa/ksa_adder.v:41$4539[31:0]$5444
Creating decoders for process `$paramod\ksa_adder\WIDTH=32.$proc$rtl/ksa/ksa_adder.v:41$5441'.
     1/1: $0$mem2bits$\p_stage$rtl/ksa/ksa_adder.v:41$4538[31:0]$5442
Creating decoders for process `$paramod\ksa_adder\WIDTH=32.$proc$rtl/ksa/ksa_adder.v:40$5439'.
     1/1: $0$mem2bits$\g_stage$rtl/ksa/ksa_adder.v:40$4537[31:0]$5440
Creating decoders for process `$paramod\ksa_adder\WIDTH=32.$proc$rtl/ksa/ksa_adder.v:40$5437'.
     1/1: $0$mem2bits$\p_stage$rtl/ksa/ksa_adder.v:40$4536[31:0]$5438
Creating decoders for process `$paramod\ksa_adder\WIDTH=32.$proc$rtl/ksa/ksa_adder.v:40$5435'.
     1/1: $0$mem2bits$\g_stage$rtl/ksa/ksa_adder.v:40$4535[31:0]$5436
Creating decoders for process `$paramod\ksa_adder\WIDTH=32.$proc$rtl/ksa/ksa_adder.v:41$5433'.
     1/1: $0$mem2bits$\p_stage$rtl/ksa/ksa_adder.v:41$4534[31:0]$5434
Creating decoders for process `$paramod\ksa_adder\WIDTH=32.$proc$rtl/ksa/ksa_adder.v:41$5431'.
     1/1: $0$mem2bits$\p_stage$rtl/ksa/ksa_adder.v:41$4533[31:0]$5432
Creating decoders for process `$paramod\ksa_adder\WIDTH=32.$proc$rtl/ksa/ksa_adder.v:40$5429'.
     1/1: $0$mem2bits$\g_stage$rtl/ksa/ksa_adder.v:40$4532[31:0]$5430
Creating decoders for process `$paramod\ksa_adder\WIDTH=32.$proc$rtl/ksa/ksa_adder.v:40$5427'.
     1/1: $0$mem2bits$\p_stage$rtl/ksa/ksa_adder.v:40$4531[31:0]$5428
Creating decoders for process `$paramod\ksa_adder\WIDTH=32.$proc$rtl/ksa/ksa_adder.v:40$5425'.
     1/1: $0$mem2bits$\g_stage$rtl/ksa/ksa_adder.v:40$4530[31:0]$5426
Creating decoders for process `$paramod\ksa_adder\WIDTH=32.$proc$rtl/ksa/ksa_adder.v:41$5423'.
     1/1: $0$mem2bits$\p_stage$rtl/ksa/ksa_adder.v:41$4529[31:0]$5424
Creating decoders for process `$paramod\ksa_adder\WIDTH=32.$proc$rtl/ksa/ksa_adder.v:41$5421'.
     1/1: $0$mem2bits$\p_stage$rtl/ksa/ksa_adder.v:41$4528[31:0]$5422
Creating decoders for process `$paramod\ksa_adder\WIDTH=32.$proc$rtl/ksa/ksa_adder.v:40$5419'.
     1/1: $0$mem2bits$\g_stage$rtl/ksa/ksa_adder.v:40$4527[31:0]$5420
Creating decoders for process `$paramod\ksa_adder\WIDTH=32.$proc$rtl/ksa/ksa_adder.v:40$5417'.
     1/1: $0$mem2bits$\p_stage$rtl/ksa/ksa_adder.v:40$4526[31:0]$5418
Creating decoders for process `$paramod\ksa_adder\WIDTH=32.$proc$rtl/ksa/ksa_adder.v:40$5415'.
     1/1: $0$mem2bits$\g_stage$rtl/ksa/ksa_adder.v:40$4525[31:0]$5416
Creating decoders for process `$paramod\ksa_adder\WIDTH=32.$proc$rtl/ksa/ksa_adder.v:41$5413'.
     1/1: $0$mem2bits$\p_stage$rtl/ksa/ksa_adder.v:41$4524[31:0]$5414
Creating decoders for process `$paramod\ksa_adder\WIDTH=32.$proc$rtl/ksa/ksa_adder.v:41$5411'.
     1/1: $0$mem2bits$\p_stage$rtl/ksa/ksa_adder.v:41$4523[31:0]$5412
Creating decoders for process `$paramod\ksa_adder\WIDTH=32.$proc$rtl/ksa/ksa_adder.v:40$5409'.
     1/1: $0$mem2bits$\g_stage$rtl/ksa/ksa_adder.v:40$4522[31:0]$5410
Creating decoders for process `$paramod\ksa_adder\WIDTH=32.$proc$rtl/ksa/ksa_adder.v:40$5407'.
     1/1: $0$mem2bits$\p_stage$rtl/ksa/ksa_adder.v:40$4521[31:0]$5408
Creating decoders for process `$paramod\ksa_adder\WIDTH=32.$proc$rtl/ksa/ksa_adder.v:40$5405'.
     1/1: $0$mem2bits$\g_stage$rtl/ksa/ksa_adder.v:40$4520[31:0]$5406
Creating decoders for process `$paramod\ksa_adder\WIDTH=32.$proc$rtl/ksa/ksa_adder.v:41$5403'.
     1/1: $0$mem2bits$\p_stage$rtl/ksa/ksa_adder.v:41$4519[31:0]$5404
Creating decoders for process `$paramod\ksa_adder\WIDTH=32.$proc$rtl/ksa/ksa_adder.v:41$5401'.
     1/1: $0$mem2bits$\p_stage$rtl/ksa/ksa_adder.v:41$4518[31:0]$5402
Creating decoders for process `$paramod\ksa_adder\WIDTH=32.$proc$rtl/ksa/ksa_adder.v:40$5399'.
     1/1: $0$mem2bits$\g_stage$rtl/ksa/ksa_adder.v:40$4517[31:0]$5400
Creating decoders for process `$paramod\ksa_adder\WIDTH=32.$proc$rtl/ksa/ksa_adder.v:40$5397'.
     1/1: $0$mem2bits$\p_stage$rtl/ksa/ksa_adder.v:40$4516[31:0]$5398
Creating decoders for process `$paramod\ksa_adder\WIDTH=32.$proc$rtl/ksa/ksa_adder.v:40$5395'.
     1/1: $0$mem2bits$\g_stage$rtl/ksa/ksa_adder.v:40$4515[31:0]$5396
Creating decoders for process `$paramod\ksa_adder\WIDTH=32.$proc$rtl/ksa/ksa_adder.v:41$5393'.
     1/1: $0$mem2bits$\p_stage$rtl/ksa/ksa_adder.v:41$4514[31:0]$5394
Creating decoders for process `$paramod\ksa_adder\WIDTH=32.$proc$rtl/ksa/ksa_adder.v:41$5391'.
     1/1: $0$mem2bits$\p_stage$rtl/ksa/ksa_adder.v:41$4513[31:0]$5392
Creating decoders for process `$paramod\ksa_adder\WIDTH=32.$proc$rtl/ksa/ksa_adder.v:40$5389'.
     1/1: $0$mem2bits$\g_stage$rtl/ksa/ksa_adder.v:40$4512[31:0]$5390
Creating decoders for process `$paramod\ksa_adder\WIDTH=32.$proc$rtl/ksa/ksa_adder.v:40$5387'.
     1/1: $0$mem2bits$\p_stage$rtl/ksa/ksa_adder.v:40$4511[31:0]$5388
Creating decoders for process `$paramod\ksa_adder\WIDTH=32.$proc$rtl/ksa/ksa_adder.v:40$5385'.
     1/1: $0$mem2bits$\g_stage$rtl/ksa/ksa_adder.v:40$4510[31:0]$5386
Creating decoders for process `$paramod\ksa_adder\WIDTH=32.$proc$rtl/ksa/ksa_adder.v:41$5383'.
     1/1: $0$mem2bits$\p_stage$rtl/ksa/ksa_adder.v:41$4509[31:0]$5384
Creating decoders for process `$paramod\ksa_adder\WIDTH=32.$proc$rtl/ksa/ksa_adder.v:41$5381'.
     1/1: $0$mem2bits$\p_stage$rtl/ksa/ksa_adder.v:41$4508[31:0]$5382
Creating decoders for process `$paramod\ksa_adder\WIDTH=32.$proc$rtl/ksa/ksa_adder.v:40$5379'.
     1/1: $0$mem2bits$\g_stage$rtl/ksa/ksa_adder.v:40$4507[31:0]$5380
Creating decoders for process `$paramod\ksa_adder\WIDTH=32.$proc$rtl/ksa/ksa_adder.v:40$5377'.
     1/1: $0$mem2bits$\p_stage$rtl/ksa/ksa_adder.v:40$4506[31:0]$5378
Creating decoders for process `$paramod\ksa_adder\WIDTH=32.$proc$rtl/ksa/ksa_adder.v:40$5375'.
     1/1: $0$mem2bits$\g_stage$rtl/ksa/ksa_adder.v:40$4505[31:0]$5376
Creating decoders for process `$paramod\ksa_adder\WIDTH=32.$proc$rtl/ksa/ksa_adder.v:41$5373'.
     1/1: $0$mem2bits$\p_stage$rtl/ksa/ksa_adder.v:41$4504[31:0]$5374
Creating decoders for process `$paramod\ksa_adder\WIDTH=32.$proc$rtl/ksa/ksa_adder.v:41$5371'.
     1/1: $0$mem2bits$\p_stage$rtl/ksa/ksa_adder.v:41$4503[31:0]$5372
Creating decoders for process `$paramod\ksa_adder\WIDTH=32.$proc$rtl/ksa/ksa_adder.v:40$5369'.
     1/1: $0$mem2bits$\g_stage$rtl/ksa/ksa_adder.v:40$4502[31:0]$5370
Creating decoders for process `$paramod\ksa_adder\WIDTH=32.$proc$rtl/ksa/ksa_adder.v:40$5367'.
     1/1: $0$mem2bits$\p_stage$rtl/ksa/ksa_adder.v:40$4501[31:0]$5368
Creating decoders for process `$paramod\ksa_adder\WIDTH=32.$proc$rtl/ksa/ksa_adder.v:40$5365'.
     1/1: $0$mem2bits$\g_stage$rtl/ksa/ksa_adder.v:40$4500[31:0]$5366
Creating decoders for process `$paramod\ksa_adder\WIDTH=32.$proc$rtl/ksa/ksa_adder.v:41$5363'.
     1/1: $0$mem2bits$\p_stage$rtl/ksa/ksa_adder.v:41$4499[31:0]$5364
Creating decoders for process `$paramod\ksa_adder\WIDTH=32.$proc$rtl/ksa/ksa_adder.v:41$5361'.
     1/1: $0$mem2bits$\p_stage$rtl/ksa/ksa_adder.v:41$4498[31:0]$5362
Creating decoders for process `$paramod\ksa_adder\WIDTH=32.$proc$rtl/ksa/ksa_adder.v:40$5359'.
     1/1: $0$mem2bits$\g_stage$rtl/ksa/ksa_adder.v:40$4497[31:0]$5360
Creating decoders for process `$paramod\ksa_adder\WIDTH=32.$proc$rtl/ksa/ksa_adder.v:40$5357'.
     1/1: $0$mem2bits$\p_stage$rtl/ksa/ksa_adder.v:40$4496[31:0]$5358
Creating decoders for process `$paramod\ksa_adder\WIDTH=32.$proc$rtl/ksa/ksa_adder.v:40$5355'.
     1/1: $0$mem2bits$\g_stage$rtl/ksa/ksa_adder.v:40$4495[31:0]$5356
Creating decoders for process `$paramod\ksa_adder\WIDTH=32.$proc$rtl/ksa/ksa_adder.v:41$5353'.
     1/1: $0$mem2bits$\p_stage$rtl/ksa/ksa_adder.v:41$4494[31:0]$5354
Creating decoders for process `$paramod\ksa_adder\WIDTH=32.$proc$rtl/ksa/ksa_adder.v:41$5351'.
     1/1: $0$mem2bits$\p_stage$rtl/ksa/ksa_adder.v:41$4493[31:0]$5352
Creating decoders for process `$paramod\ksa_adder\WIDTH=32.$proc$rtl/ksa/ksa_adder.v:40$5349'.
     1/1: $0$mem2bits$\g_stage$rtl/ksa/ksa_adder.v:40$4492[31:0]$5350
Creating decoders for process `$paramod\ksa_adder\WIDTH=32.$proc$rtl/ksa/ksa_adder.v:40$5347'.
     1/1: $0$mem2bits$\p_stage$rtl/ksa/ksa_adder.v:40$4491[31:0]$5348
Creating decoders for process `$paramod\ksa_adder\WIDTH=32.$proc$rtl/ksa/ksa_adder.v:40$5345'.
     1/1: $0$mem2bits$\g_stage$rtl/ksa/ksa_adder.v:40$4490[31:0]$5346
Creating decoders for process `$paramod\ksa_adder\WIDTH=32.$proc$rtl/ksa/ksa_adder.v:41$5343'.
     1/1: $0$mem2bits$\p_stage$rtl/ksa/ksa_adder.v:41$4489[31:0]$5344
Creating decoders for process `$paramod\ksa_adder\WIDTH=32.$proc$rtl/ksa/ksa_adder.v:41$5341'.
     1/1: $0$mem2bits$\p_stage$rtl/ksa/ksa_adder.v:41$4488[31:0]$5342
Creating decoders for process `$paramod\ksa_adder\WIDTH=32.$proc$rtl/ksa/ksa_adder.v:40$5339'.
     1/1: $0$mem2bits$\g_stage$rtl/ksa/ksa_adder.v:40$4487[31:0]$5340
Creating decoders for process `$paramod\ksa_adder\WIDTH=32.$proc$rtl/ksa/ksa_adder.v:40$5337'.
     1/1: $0$mem2bits$\p_stage$rtl/ksa/ksa_adder.v:40$4486[31:0]$5338
Creating decoders for process `$paramod\ksa_adder\WIDTH=32.$proc$rtl/ksa/ksa_adder.v:40$5335'.
     1/1: $0$mem2bits$\g_stage$rtl/ksa/ksa_adder.v:40$4485[31:0]$5336
Creating decoders for process `$paramod\ksa_adder\WIDTH=32.$proc$rtl/ksa/ksa_adder.v:41$5333'.
     1/1: $0$mem2bits$\p_stage$rtl/ksa/ksa_adder.v:41$4484[31:0]$5334
Creating decoders for process `$paramod\ksa_adder\WIDTH=32.$proc$rtl/ksa/ksa_adder.v:41$5331'.
     1/1: $0$mem2bits$\p_stage$rtl/ksa/ksa_adder.v:41$4483[31:0]$5332
Creating decoders for process `$paramod\ksa_adder\WIDTH=32.$proc$rtl/ksa/ksa_adder.v:40$5329'.
     1/1: $0$mem2bits$\g_stage$rtl/ksa/ksa_adder.v:40$4482[31:0]$5330
Creating decoders for process `$paramod\ksa_adder\WIDTH=32.$proc$rtl/ksa/ksa_adder.v:40$5327'.
     1/1: $0$mem2bits$\p_stage$rtl/ksa/ksa_adder.v:40$4481[31:0]$5328
Creating decoders for process `$paramod\ksa_adder\WIDTH=32.$proc$rtl/ksa/ksa_adder.v:40$5325'.
     1/1: $0$mem2bits$\g_stage$rtl/ksa/ksa_adder.v:40$4480[31:0]$5326
Creating decoders for process `$paramod\ksa_adder\WIDTH=32.$proc$rtl/ksa/ksa_adder.v:41$5323'.
     1/1: $0$mem2bits$\p_stage$rtl/ksa/ksa_adder.v:41$4479[31:0]$5324
Creating decoders for process `$paramod\ksa_adder\WIDTH=32.$proc$rtl/ksa/ksa_adder.v:41$5321'.
     1/1: $0$mem2bits$\p_stage$rtl/ksa/ksa_adder.v:41$4478[31:0]$5322
Creating decoders for process `$paramod\ksa_adder\WIDTH=32.$proc$rtl/ksa/ksa_adder.v:40$5319'.
     1/1: $0$mem2bits$\g_stage$rtl/ksa/ksa_adder.v:40$4477[31:0]$5320
Creating decoders for process `$paramod\ksa_adder\WIDTH=32.$proc$rtl/ksa/ksa_adder.v:40$5317'.
     1/1: $0$mem2bits$\p_stage$rtl/ksa/ksa_adder.v:40$4476[31:0]$5318
Creating decoders for process `$paramod\ksa_adder\WIDTH=32.$proc$rtl/ksa/ksa_adder.v:40$5315'.
     1/1: $0$mem2bits$\g_stage$rtl/ksa/ksa_adder.v:40$4475[31:0]$5316
Creating decoders for process `$paramod\ksa_adder\WIDTH=32.$proc$rtl/ksa/ksa_adder.v:41$5313'.
     1/1: $0$mem2bits$\p_stage$rtl/ksa/ksa_adder.v:41$4474[31:0]$5314
Creating decoders for process `$paramod\ksa_adder\WIDTH=32.$proc$rtl/ksa/ksa_adder.v:41$5311'.
     1/1: $0$mem2bits$\p_stage$rtl/ksa/ksa_adder.v:41$4473[31:0]$5312
Creating decoders for process `$paramod\ksa_adder\WIDTH=32.$proc$rtl/ksa/ksa_adder.v:40$5309'.
     1/1: $0$mem2bits$\g_stage$rtl/ksa/ksa_adder.v:40$4472[31:0]$5310
Creating decoders for process `$paramod\ksa_adder\WIDTH=32.$proc$rtl/ksa/ksa_adder.v:40$5307'.
     1/1: $0$mem2bits$\p_stage$rtl/ksa/ksa_adder.v:40$4471[31:0]$5308
Creating decoders for process `$paramod\ksa_adder\WIDTH=32.$proc$rtl/ksa/ksa_adder.v:40$5305'.
     1/1: $0$mem2bits$\g_stage$rtl/ksa/ksa_adder.v:40$4470[31:0]$5306
Creating decoders for process `$paramod\ksa_adder\WIDTH=32.$proc$rtl/ksa/ksa_adder.v:41$5303'.
     1/1: $0$mem2bits$\p_stage$rtl/ksa/ksa_adder.v:41$4469[31:0]$5304
Creating decoders for process `$paramod\ksa_adder\WIDTH=32.$proc$rtl/ksa/ksa_adder.v:41$5301'.
     1/1: $0$mem2bits$\p_stage$rtl/ksa/ksa_adder.v:41$4468[31:0]$5302
Creating decoders for process `$paramod\ksa_adder\WIDTH=32.$proc$rtl/ksa/ksa_adder.v:40$5299'.
     1/1: $0$mem2bits$\g_stage$rtl/ksa/ksa_adder.v:40$4467[31:0]$5300
Creating decoders for process `$paramod\ksa_adder\WIDTH=32.$proc$rtl/ksa/ksa_adder.v:40$5297'.
     1/1: $0$mem2bits$\p_stage$rtl/ksa/ksa_adder.v:40$4466[31:0]$5298
Creating decoders for process `$paramod\ksa_adder\WIDTH=32.$proc$rtl/ksa/ksa_adder.v:40$5295'.
     1/1: $0$mem2bits$\g_stage$rtl/ksa/ksa_adder.v:40$4465[31:0]$5296
Creating decoders for process `$paramod\ksa_adder\WIDTH=32.$proc$rtl/ksa/ksa_adder.v:41$5293'.
     1/1: $0$mem2bits$\p_stage$rtl/ksa/ksa_adder.v:41$4464[31:0]$5294
Creating decoders for process `$paramod\ksa_adder\WIDTH=32.$proc$rtl/ksa/ksa_adder.v:41$5291'.
     1/1: $0$mem2bits$\p_stage$rtl/ksa/ksa_adder.v:41$4463[31:0]$5292
Creating decoders for process `$paramod\ksa_adder\WIDTH=32.$proc$rtl/ksa/ksa_adder.v:40$5289'.
     1/1: $0$mem2bits$\g_stage$rtl/ksa/ksa_adder.v:40$4462[31:0]$5290
Creating decoders for process `$paramod\ksa_adder\WIDTH=32.$proc$rtl/ksa/ksa_adder.v:40$5287'.
     1/1: $0$mem2bits$\p_stage$rtl/ksa/ksa_adder.v:40$4461[31:0]$5288
Creating decoders for process `$paramod\ksa_adder\WIDTH=32.$proc$rtl/ksa/ksa_adder.v:40$5285'.
     1/1: $0$mem2bits$\g_stage$rtl/ksa/ksa_adder.v:40$4460[31:0]$5286
Creating decoders for process `$paramod\ksa_adder\WIDTH=32.$proc$rtl/ksa/ksa_adder.v:41$5283'.
     1/1: $0$mem2bits$\p_stage$rtl/ksa/ksa_adder.v:41$4459[31:0]$5284
Creating decoders for process `$paramod\ksa_adder\WIDTH=32.$proc$rtl/ksa/ksa_adder.v:41$5281'.
     1/1: $0$mem2bits$\p_stage$rtl/ksa/ksa_adder.v:41$4458[31:0]$5282
Creating decoders for process `$paramod\ksa_adder\WIDTH=32.$proc$rtl/ksa/ksa_adder.v:40$5279'.
     1/1: $0$mem2bits$\g_stage$rtl/ksa/ksa_adder.v:40$4457[31:0]$5280
Creating decoders for process `$paramod\ksa_adder\WIDTH=32.$proc$rtl/ksa/ksa_adder.v:40$5277'.
     1/1: $0$mem2bits$\p_stage$rtl/ksa/ksa_adder.v:40$4456[31:0]$5278
Creating decoders for process `$paramod\ksa_adder\WIDTH=32.$proc$rtl/ksa/ksa_adder.v:40$5275'.
     1/1: $0$mem2bits$\g_stage$rtl/ksa/ksa_adder.v:40$4455[31:0]$5276
Creating decoders for process `$paramod\ksa_adder\WIDTH=32.$proc$rtl/ksa/ksa_adder.v:41$5273'.
     1/1: $0$mem2bits$\p_stage$rtl/ksa/ksa_adder.v:41$4454[31:0]$5274
Creating decoders for process `$paramod\ksa_adder\WIDTH=32.$proc$rtl/ksa/ksa_adder.v:41$5271'.
     1/1: $0$mem2bits$\p_stage$rtl/ksa/ksa_adder.v:41$4453[31:0]$5272
Creating decoders for process `$paramod\ksa_adder\WIDTH=32.$proc$rtl/ksa/ksa_adder.v:40$5269'.
     1/1: $0$mem2bits$\g_stage$rtl/ksa/ksa_adder.v:40$4452[31:0]$5270
Creating decoders for process `$paramod\ksa_adder\WIDTH=32.$proc$rtl/ksa/ksa_adder.v:40$5267'.
     1/1: $0$mem2bits$\p_stage$rtl/ksa/ksa_adder.v:40$4451[31:0]$5268
Creating decoders for process `$paramod\ksa_adder\WIDTH=32.$proc$rtl/ksa/ksa_adder.v:40$5265'.
     1/1: $0$mem2bits$\g_stage$rtl/ksa/ksa_adder.v:40$4450[31:0]$5266
Creating decoders for process `$paramod\ksa_adder\WIDTH=32.$proc$rtl/ksa/ksa_adder.v:41$5263'.
     1/1: $0$mem2bits$\p_stage$rtl/ksa/ksa_adder.v:41$4449[31:0]$5264
Creating decoders for process `$paramod\ksa_adder\WIDTH=32.$proc$rtl/ksa/ksa_adder.v:41$5261'.
     1/1: $0$mem2bits$\p_stage$rtl/ksa/ksa_adder.v:41$4448[31:0]$5262
Creating decoders for process `$paramod\ksa_adder\WIDTH=32.$proc$rtl/ksa/ksa_adder.v:40$5259'.
     1/1: $0$mem2bits$\g_stage$rtl/ksa/ksa_adder.v:40$4447[31:0]$5260
Creating decoders for process `$paramod\ksa_adder\WIDTH=32.$proc$rtl/ksa/ksa_adder.v:40$5257'.
     1/1: $0$mem2bits$\p_stage$rtl/ksa/ksa_adder.v:40$4446[31:0]$5258
Creating decoders for process `$paramod\ksa_adder\WIDTH=32.$proc$rtl/ksa/ksa_adder.v:40$5255'.
     1/1: $0$mem2bits$\g_stage$rtl/ksa/ksa_adder.v:40$4445[31:0]$5256
Creating decoders for process `$paramod\ksa_adder\WIDTH=32.$proc$rtl/ksa/ksa_adder.v:41$5253'.
     1/1: $0$mem2bits$\p_stage$rtl/ksa/ksa_adder.v:41$4444[31:0]$5254
Creating decoders for process `$paramod\ksa_adder\WIDTH=32.$proc$rtl/ksa/ksa_adder.v:41$5251'.
     1/1: $0$mem2bits$\p_stage$rtl/ksa/ksa_adder.v:41$4443[31:0]$5252
Creating decoders for process `$paramod\ksa_adder\WIDTH=32.$proc$rtl/ksa/ksa_adder.v:40$5249'.
     1/1: $0$mem2bits$\g_stage$rtl/ksa/ksa_adder.v:40$4442[31:0]$5250
Creating decoders for process `$paramod\ksa_adder\WIDTH=32.$proc$rtl/ksa/ksa_adder.v:40$5247'.
     1/1: $0$mem2bits$\p_stage$rtl/ksa/ksa_adder.v:40$4441[31:0]$5248
Creating decoders for process `$paramod\ksa_adder\WIDTH=32.$proc$rtl/ksa/ksa_adder.v:40$5245'.
     1/1: $0$mem2bits$\g_stage$rtl/ksa/ksa_adder.v:40$4440[31:0]$5246
Creating decoders for process `$paramod\ksa_adder\WIDTH=32.$proc$rtl/ksa/ksa_adder.v:38$5243'.
     1/1: $0$mem2bits$\p_stage$rtl/ksa/ksa_adder.v:38$4439[31:0]$5244
Creating decoders for process `$paramod\ksa_adder\WIDTH=32.$proc$rtl/ksa/ksa_adder.v:37$5241'.
     1/1: $0$mem2bits$\g_stage$rtl/ksa/ksa_adder.v:37$4438[31:0]$5242

6.3.6. Executing PROC_DLATCH pass (convert process syncs to latches).
No latch inferred for signal `$paramod$e4a158359d963b168a4aaf25bc9630e827e25c92\picorv32.\cpuregs_rs1' from process `$paramod$e4a158359d963b168a4aaf25bc9630e827e25c92\picorv32.$proc$../picorv32.v:1382$4239'.
No latch inferred for signal `$paramod$e4a158359d963b168a4aaf25bc9630e827e25c92\picorv32.\cpuregs_rs2' from process `$paramod$e4a158359d963b168a4aaf25bc9630e827e25c92\picorv32.$proc$../picorv32.v:1382$4239'.
No latch inferred for signal `$paramod$e4a158359d963b168a4aaf25bc9630e827e25c92\picorv32.\decoded_rs' from process `$paramod$e4a158359d963b168a4aaf25bc9630e827e25c92\picorv32.$proc$../picorv32.v:1382$4239'.
No latch inferred for signal `$paramod$e4a158359d963b168a4aaf25bc9630e827e25c92\picorv32.\cpuregs_write' from process `$paramod$e4a158359d963b168a4aaf25bc9630e827e25c92\picorv32.$proc$../picorv32.v:1343$4221'.
No latch inferred for signal `$paramod$e4a158359d963b168a4aaf25bc9630e827e25c92\picorv32.\cpuregs_wrdata' from process `$paramod$e4a158359d963b168a4aaf25bc9630e827e25c92\picorv32.$proc$../picorv32.v:1343$4221'.
No latch inferred for signal `$paramod$e4a158359d963b168a4aaf25bc9630e827e25c92\picorv32.\clear_prefetched_high_word' from process `$paramod$e4a158359d963b168a4aaf25bc9630e827e25c92\picorv32.$proc$../picorv32.v:1329$4216'.
No latch inferred for signal `$paramod$e4a158359d963b168a4aaf25bc9630e827e25c92\picorv32.\alu_out' from process `$paramod$e4a158359d963b168a4aaf25bc9630e827e25c92\picorv32.$proc$../picorv32.v:1283$4193'.
No latch inferred for signal `$paramod$e4a158359d963b168a4aaf25bc9630e827e25c92\picorv32.\alu_out_0' from process `$paramod$e4a158359d963b168a4aaf25bc9630e827e25c92\picorv32.$proc$../picorv32.v:1283$4193'.
No latch inferred for signal `$paramod$e4a158359d963b168a4aaf25bc9630e827e25c92\picorv32.\dbg_ascii_state' from process `$paramod$e4a158359d963b168a4aaf25bc9630e827e25c92\picorv32.$proc$../picorv32.v:1187$4179'.
No latch inferred for signal `$paramod$e4a158359d963b168a4aaf25bc9630e827e25c92\picorv32.\dbg_insn_opcode' from process `$paramod$e4a158359d963b168a4aaf25bc9630e827e25c92\picorv32.$proc$../picorv32.v:810$3914'.
No latch inferred for signal `$paramod$e4a158359d963b168a4aaf25bc9630e827e25c92\picorv32.\dbg_ascii_instr' from process `$paramod$e4a158359d963b168a4aaf25bc9630e827e25c92\picorv32.$proc$../picorv32.v:810$3914'.
No latch inferred for signal `$paramod$e4a158359d963b168a4aaf25bc9630e827e25c92\picorv32.\dbg_insn_imm' from process `$paramod$e4a158359d963b168a4aaf25bc9630e827e25c92\picorv32.$proc$../picorv32.v:810$3914'.
No latch inferred for signal `$paramod$e4a158359d963b168a4aaf25bc9630e827e25c92\picorv32.\dbg_insn_rs1' from process `$paramod$e4a158359d963b168a4aaf25bc9630e827e25c92\picorv32.$proc$../picorv32.v:810$3914'.
No latch inferred for signal `$paramod$e4a158359d963b168a4aaf25bc9630e827e25c92\picorv32.\dbg_insn_rs2' from process `$paramod$e4a158359d963b168a4aaf25bc9630e827e25c92\picorv32.$proc$../picorv32.v:810$3914'.
No latch inferred for signal `$paramod$e4a158359d963b168a4aaf25bc9630e827e25c92\picorv32.\dbg_insn_rd' from process `$paramod$e4a158359d963b168a4aaf25bc9630e827e25c92\picorv32.$proc$../picorv32.v:810$3914'.
No latch inferred for signal `$paramod$e4a158359d963b168a4aaf25bc9630e827e25c92\picorv32.\new_ascii_instr' from process `$paramod$e4a158359d963b168a4aaf25bc9630e827e25c92\picorv32.$proc$../picorv32.v:702$3909'.
No latch inferred for signal `$paramod$e4a158359d963b168a4aaf25bc9630e827e25c92\picorv32.\alu_add_sub' from process `$paramod$e4a158359d963b168a4aaf25bc9630e827e25c92\picorv32.$proc$../picorv32.v:1273$4428'.
No latch inferred for signal `$paramod$e4a158359d963b168a4aaf25bc9630e827e25c92\picorv32.\alu_shl' from process `$paramod$e4a158359d963b168a4aaf25bc9630e827e25c92\picorv32.$proc$../picorv32.v:1273$4428'.
No latch inferred for signal `$paramod$e4a158359d963b168a4aaf25bc9630e827e25c92\picorv32.\alu_shr' from process `$paramod$e4a158359d963b168a4aaf25bc9630e827e25c92\picorv32.$proc$../picorv32.v:1273$4428'.
No latch inferred for signal `$paramod$e4a158359d963b168a4aaf25bc9630e827e25c92\picorv32.\alu_eq' from process `$paramod$e4a158359d963b168a4aaf25bc9630e827e25c92\picorv32.$proc$../picorv32.v:1273$4428'.
No latch inferred for signal `$paramod$e4a158359d963b168a4aaf25bc9630e827e25c92\picorv32.\alu_ltu' from process `$paramod$e4a158359d963b168a4aaf25bc9630e827e25c92\picorv32.$proc$../picorv32.v:1273$4428'.
No latch inferred for signal `$paramod$e4a158359d963b168a4aaf25bc9630e827e25c92\picorv32.\alu_lts' from process `$paramod$e4a158359d963b168a4aaf25bc9630e827e25c92\picorv32.$proc$../picorv32.v:1273$4428'.
No latch inferred for signal `$paramod$e4a158359d963b168a4aaf25bc9630e827e25c92\picorv32.\mem_la_wdata' from process `$paramod$e4a158359d963b168a4aaf25bc9630e827e25c92\picorv32.$proc$../picorv32.v:402$3842'.
No latch inferred for signal `$paramod$e4a158359d963b168a4aaf25bc9630e827e25c92\picorv32.\mem_la_wstrb' from process `$paramod$e4a158359d963b168a4aaf25bc9630e827e25c92\picorv32.$proc$../picorv32.v:402$3842'.
No latch inferred for signal `$paramod$e4a158359d963b168a4aaf25bc9630e827e25c92\picorv32.\mem_rdata_word' from process `$paramod$e4a158359d963b168a4aaf25bc9630e827e25c92\picorv32.$proc$../picorv32.v:402$3842'.
No latch inferred for signal `$paramod$e4a158359d963b168a4aaf25bc9630e827e25c92\picorv32.\pcpi_int_wr' from process `$paramod$e4a158359d963b168a4aaf25bc9630e827e25c92\picorv32.$proc$../picorv32.v:326$3763'.
No latch inferred for signal `$paramod$e4a158359d963b168a4aaf25bc9630e827e25c92\picorv32.\pcpi_int_rd' from process `$paramod$e4a158359d963b168a4aaf25bc9630e827e25c92\picorv32.$proc$../picorv32.v:326$3763'.
No latch inferred for signal `$paramod$e4a158359d963b168a4aaf25bc9630e827e25c92\picorv32.\pcpi_int_wait' from process `$paramod$e4a158359d963b168a4aaf25bc9630e827e25c92\picorv32.$proc$../picorv32.v:326$3763'.
No latch inferred for signal `$paramod$e4a158359d963b168a4aaf25bc9630e827e25c92\picorv32.\pcpi_int_ready' from process `$paramod$e4a158359d963b168a4aaf25bc9630e827e25c92\picorv32.$proc$../picorv32.v:326$3763'.
No latch inferred for signal `$paramod\ksa_adder\WIDTH=32.\g_stage[0]' from process `$paramod\ksa_adder\WIDTH=32.$proc$rtl/ksa/ksa_adder.v:3$6879'.
No latch inferred for signal `$paramod\ksa_adder\WIDTH=32.\g_stage[1]' from process `$paramod\ksa_adder\WIDTH=32.$proc$rtl/ksa/ksa_adder.v:3$6879'.
No latch inferred for signal `$paramod\ksa_adder\WIDTH=32.\g_stage[2]' from process `$paramod\ksa_adder\WIDTH=32.$proc$rtl/ksa/ksa_adder.v:3$6879'.
No latch inferred for signal `$paramod\ksa_adder\WIDTH=32.\g_stage[3]' from process `$paramod\ksa_adder\WIDTH=32.$proc$rtl/ksa/ksa_adder.v:3$6879'.
No latch inferred for signal `$paramod\ksa_adder\WIDTH=32.\g_stage[4]' from process `$paramod\ksa_adder\WIDTH=32.$proc$rtl/ksa/ksa_adder.v:3$6879'.
No latch inferred for signal `$paramod\ksa_adder\WIDTH=32.\g_stage[5]' from process `$paramod\ksa_adder\WIDTH=32.$proc$rtl/ksa/ksa_adder.v:3$6879'.
No latch inferred for signal `$paramod\ksa_adder\WIDTH=32.\p_stage[0]' from process `$paramod\ksa_adder\WIDTH=32.$proc$rtl/ksa/ksa_adder.v:3$6879'.
No latch inferred for signal `$paramod\ksa_adder\WIDTH=32.\p_stage[1]' from process `$paramod\ksa_adder\WIDTH=32.$proc$rtl/ksa/ksa_adder.v:3$6879'.
No latch inferred for signal `$paramod\ksa_adder\WIDTH=32.\p_stage[2]' from process `$paramod\ksa_adder\WIDTH=32.$proc$rtl/ksa/ksa_adder.v:3$6879'.
No latch inferred for signal `$paramod\ksa_adder\WIDTH=32.\p_stage[3]' from process `$paramod\ksa_adder\WIDTH=32.$proc$rtl/ksa/ksa_adder.v:3$6879'.
No latch inferred for signal `$paramod\ksa_adder\WIDTH=32.\p_stage[4]' from process `$paramod\ksa_adder\WIDTH=32.$proc$rtl/ksa/ksa_adder.v:3$6879'.
No latch inferred for signal `$paramod\ksa_adder\WIDTH=32.\p_stage[5]' from process `$paramod\ksa_adder\WIDTH=32.$proc$rtl/ksa/ksa_adder.v:3$6879'.
No latch inferred for signal `$paramod\ksa_adder\WIDTH=32.$mem2bits$\p_stage$rtl/ksa/ksa_adder.v:51$5208' from process `$paramod\ksa_adder\WIDTH=32.$proc$rtl/ksa/ksa_adder.v:51$6874'.
No latch inferred for signal `$paramod\ksa_adder\WIDTH=32.$mem2bits$\g_stage$rtl/ksa/ksa_adder.v:51$5207' from process `$paramod\ksa_adder\WIDTH=32.$proc$rtl/ksa/ksa_adder.v:51$6872'.
No latch inferred for signal `$paramod\ksa_adder\WIDTH=32.$mem2bits$\p_stage$rtl/ksa/ksa_adder.v:51$5206' from process `$paramod\ksa_adder\WIDTH=32.$proc$rtl/ksa/ksa_adder.v:51$6867'.
No latch inferred for signal `$paramod\ksa_adder\WIDTH=32.$mem2bits$\g_stage$rtl/ksa/ksa_adder.v:51$5205' from process `$paramod\ksa_adder\WIDTH=32.$proc$rtl/ksa/ksa_adder.v:51$6865'.
No latch inferred for signal `$paramod\ksa_adder\WIDTH=32.$mem2bits$\p_stage$rtl/ksa/ksa_adder.v:51$5204' from process `$paramod\ksa_adder\WIDTH=32.$proc$rtl/ksa/ksa_adder.v:51$6860'.
No latch inferred for signal `$paramod\ksa_adder\WIDTH=32.$mem2bits$\g_stage$rtl/ksa/ksa_adder.v:51$5203' from process `$paramod\ksa_adder\WIDTH=32.$proc$rtl/ksa/ksa_adder.v:51$6858'.
No latch inferred for signal `$paramod\ksa_adder\WIDTH=32.$mem2bits$\p_stage$rtl/ksa/ksa_adder.v:51$5202' from process `$paramod\ksa_adder\WIDTH=32.$proc$rtl/ksa/ksa_adder.v:51$6853'.
No latch inferred for signal `$paramod\ksa_adder\WIDTH=32.$mem2bits$\g_stage$rtl/ksa/ksa_adder.v:51$5201' from process `$paramod\ksa_adder\WIDTH=32.$proc$rtl/ksa/ksa_adder.v:51$6851'.
No latch inferred for signal `$paramod\ksa_adder\WIDTH=32.$mem2bits$\p_stage$rtl/ksa/ksa_adder.v:51$5200' from process `$paramod\ksa_adder\WIDTH=32.$proc$rtl/ksa/ksa_adder.v:51$6846'.
No latch inferred for signal `$paramod\ksa_adder\WIDTH=32.$mem2bits$\g_stage$rtl/ksa/ksa_adder.v:51$5199' from process `$paramod\ksa_adder\WIDTH=32.$proc$rtl/ksa/ksa_adder.v:51$6844'.
No latch inferred for signal `$paramod\ksa_adder\WIDTH=32.$mem2bits$\p_stage$rtl/ksa/ksa_adder.v:51$5198' from process `$paramod\ksa_adder\WIDTH=32.$proc$rtl/ksa/ksa_adder.v:51$6839'.
No latch inferred for signal `$paramod\ksa_adder\WIDTH=32.$mem2bits$\g_stage$rtl/ksa/ksa_adder.v:51$5197' from process `$paramod\ksa_adder\WIDTH=32.$proc$rtl/ksa/ksa_adder.v:51$6837'.
No latch inferred for signal `$paramod\ksa_adder\WIDTH=32.$mem2bits$\p_stage$rtl/ksa/ksa_adder.v:51$5196' from process `$paramod\ksa_adder\WIDTH=32.$proc$rtl/ksa/ksa_adder.v:51$6832'.
No latch inferred for signal `$paramod\ksa_adder\WIDTH=32.$mem2bits$\g_stage$rtl/ksa/ksa_adder.v:51$5195' from process `$paramod\ksa_adder\WIDTH=32.$proc$rtl/ksa/ksa_adder.v:51$6830'.
No latch inferred for signal `$paramod\ksa_adder\WIDTH=32.$mem2bits$\p_stage$rtl/ksa/ksa_adder.v:51$5194' from process `$paramod\ksa_adder\WIDTH=32.$proc$rtl/ksa/ksa_adder.v:51$6825'.
No latch inferred for signal `$paramod\ksa_adder\WIDTH=32.$mem2bits$\g_stage$rtl/ksa/ksa_adder.v:51$5193' from process `$paramod\ksa_adder\WIDTH=32.$proc$rtl/ksa/ksa_adder.v:51$6823'.
No latch inferred for signal `$paramod\ksa_adder\WIDTH=32.$mem2bits$\p_stage$rtl/ksa/ksa_adder.v:51$5192' from process `$paramod\ksa_adder\WIDTH=32.$proc$rtl/ksa/ksa_adder.v:51$6818'.
No latch inferred for signal `$paramod\ksa_adder\WIDTH=32.$mem2bits$\g_stage$rtl/ksa/ksa_adder.v:51$5191' from process `$paramod\ksa_adder\WIDTH=32.$proc$rtl/ksa/ksa_adder.v:51$6816'.
No latch inferred for signal `$paramod\ksa_adder\WIDTH=32.$mem2bits$\p_stage$rtl/ksa/ksa_adder.v:51$5190' from process `$paramod\ksa_adder\WIDTH=32.$proc$rtl/ksa/ksa_adder.v:51$6811'.
No latch inferred for signal `$paramod\ksa_adder\WIDTH=32.$mem2bits$\g_stage$rtl/ksa/ksa_adder.v:51$5189' from process `$paramod\ksa_adder\WIDTH=32.$proc$rtl/ksa/ksa_adder.v:51$6809'.
No latch inferred for signal `$paramod\ksa_adder\WIDTH=32.$mem2bits$\p_stage$rtl/ksa/ksa_adder.v:51$5188' from process `$paramod\ksa_adder\WIDTH=32.$proc$rtl/ksa/ksa_adder.v:51$6804'.
No latch inferred for signal `$paramod\ksa_adder\WIDTH=32.$mem2bits$\g_stage$rtl/ksa/ksa_adder.v:51$5187' from process `$paramod\ksa_adder\WIDTH=32.$proc$rtl/ksa/ksa_adder.v:51$6802'.
No latch inferred for signal `$paramod\ksa_adder\WIDTH=32.$mem2bits$\p_stage$rtl/ksa/ksa_adder.v:51$5186' from process `$paramod\ksa_adder\WIDTH=32.$proc$rtl/ksa/ksa_adder.v:51$6797'.
No latch inferred for signal `$paramod\ksa_adder\WIDTH=32.$mem2bits$\g_stage$rtl/ksa/ksa_adder.v:51$5185' from process `$paramod\ksa_adder\WIDTH=32.$proc$rtl/ksa/ksa_adder.v:51$6795'.
No latch inferred for signal `$paramod\ksa_adder\WIDTH=32.$mem2bits$\p_stage$rtl/ksa/ksa_adder.v:51$5184' from process `$paramod\ksa_adder\WIDTH=32.$proc$rtl/ksa/ksa_adder.v:51$6790'.
No latch inferred for signal `$paramod\ksa_adder\WIDTH=32.$mem2bits$\g_stage$rtl/ksa/ksa_adder.v:51$5183' from process `$paramod\ksa_adder\WIDTH=32.$proc$rtl/ksa/ksa_adder.v:51$6788'.
No latch inferred for signal `$paramod\ksa_adder\WIDTH=32.$mem2bits$\p_stage$rtl/ksa/ksa_adder.v:51$5182' from process `$paramod\ksa_adder\WIDTH=32.$proc$rtl/ksa/ksa_adder.v:51$6783'.
No latch inferred for signal `$paramod\ksa_adder\WIDTH=32.$mem2bits$\g_stage$rtl/ksa/ksa_adder.v:51$5181' from process `$paramod\ksa_adder\WIDTH=32.$proc$rtl/ksa/ksa_adder.v:51$6781'.
No latch inferred for signal `$paramod\ksa_adder\WIDTH=32.$mem2bits$\p_stage$rtl/ksa/ksa_adder.v:51$5180' from process `$paramod\ksa_adder\WIDTH=32.$proc$rtl/ksa/ksa_adder.v:51$6776'.
No latch inferred for signal `$paramod\ksa_adder\WIDTH=32.$mem2bits$\g_stage$rtl/ksa/ksa_adder.v:51$5179' from process `$paramod\ksa_adder\WIDTH=32.$proc$rtl/ksa/ksa_adder.v:51$6774'.
No latch inferred for signal `$paramod\ksa_adder\WIDTH=32.$mem2bits$\p_stage$rtl/ksa/ksa_adder.v:51$5178' from process `$paramod\ksa_adder\WIDTH=32.$proc$rtl/ksa/ksa_adder.v:51$6769'.
No latch inferred for signal `$paramod\ksa_adder\WIDTH=32.$mem2bits$\g_stage$rtl/ksa/ksa_adder.v:51$5177' from process `$paramod\ksa_adder\WIDTH=32.$proc$rtl/ksa/ksa_adder.v:51$6767'.
No latch inferred for signal `$paramod\ksa_adder\WIDTH=32.$mem2bits$\p_stage$rtl/ksa/ksa_adder.v:51$5176' from process `$paramod\ksa_adder\WIDTH=32.$proc$rtl/ksa/ksa_adder.v:51$6762'.
No latch inferred for signal `$paramod\ksa_adder\WIDTH=32.$mem2bits$\g_stage$rtl/ksa/ksa_adder.v:51$5175' from process `$paramod\ksa_adder\WIDTH=32.$proc$rtl/ksa/ksa_adder.v:51$6760'.
No latch inferred for signal `$paramod\ksa_adder\WIDTH=32.$mem2bits$\p_stage$rtl/ksa/ksa_adder.v:51$5174' from process `$paramod\ksa_adder\WIDTH=32.$proc$rtl/ksa/ksa_adder.v:51$6755'.
No latch inferred for signal `$paramod\ksa_adder\WIDTH=32.$mem2bits$\g_stage$rtl/ksa/ksa_adder.v:51$5173' from process `$paramod\ksa_adder\WIDTH=32.$proc$rtl/ksa/ksa_adder.v:51$6753'.
No latch inferred for signal `$paramod\ksa_adder\WIDTH=32.$mem2bits$\p_stage$rtl/ksa/ksa_adder.v:51$5172' from process `$paramod\ksa_adder\WIDTH=32.$proc$rtl/ksa/ksa_adder.v:51$6748'.
No latch inferred for signal `$paramod\ksa_adder\WIDTH=32.$mem2bits$\g_stage$rtl/ksa/ksa_adder.v:51$5171' from process `$paramod\ksa_adder\WIDTH=32.$proc$rtl/ksa/ksa_adder.v:51$6746'.
No latch inferred for signal `$paramod\ksa_adder\WIDTH=32.$mem2bits$\p_stage$rtl/ksa/ksa_adder.v:51$5170' from process `$paramod\ksa_adder\WIDTH=32.$proc$rtl/ksa/ksa_adder.v:51$6741'.
No latch inferred for signal `$paramod\ksa_adder\WIDTH=32.$mem2bits$\g_stage$rtl/ksa/ksa_adder.v:51$5169' from process `$paramod\ksa_adder\WIDTH=32.$proc$rtl/ksa/ksa_adder.v:51$6739'.
No latch inferred for signal `$paramod\ksa_adder\WIDTH=32.$mem2bits$\p_stage$rtl/ksa/ksa_adder.v:51$5168' from process `$paramod\ksa_adder\WIDTH=32.$proc$rtl/ksa/ksa_adder.v:51$6734'.
No latch inferred for signal `$paramod\ksa_adder\WIDTH=32.$mem2bits$\g_stage$rtl/ksa/ksa_adder.v:51$5167' from process `$paramod\ksa_adder\WIDTH=32.$proc$rtl/ksa/ksa_adder.v:51$6732'.
No latch inferred for signal `$paramod\ksa_adder\WIDTH=32.$mem2bits$\p_stage$rtl/ksa/ksa_adder.v:51$5166' from process `$paramod\ksa_adder\WIDTH=32.$proc$rtl/ksa/ksa_adder.v:51$6727'.
No latch inferred for signal `$paramod\ksa_adder\WIDTH=32.$mem2bits$\g_stage$rtl/ksa/ksa_adder.v:51$5165' from process `$paramod\ksa_adder\WIDTH=32.$proc$rtl/ksa/ksa_adder.v:51$6725'.
No latch inferred for signal `$paramod\ksa_adder\WIDTH=32.$mem2bits$\p_stage$rtl/ksa/ksa_adder.v:51$5164' from process `$paramod\ksa_adder\WIDTH=32.$proc$rtl/ksa/ksa_adder.v:51$6720'.
No latch inferred for signal `$paramod\ksa_adder\WIDTH=32.$mem2bits$\g_stage$rtl/ksa/ksa_adder.v:51$5163' from process `$paramod\ksa_adder\WIDTH=32.$proc$rtl/ksa/ksa_adder.v:51$6718'.
No latch inferred for signal `$paramod\ksa_adder\WIDTH=32.$mem2bits$\p_stage$rtl/ksa/ksa_adder.v:51$5162' from process `$paramod\ksa_adder\WIDTH=32.$proc$rtl/ksa/ksa_adder.v:51$6713'.
No latch inferred for signal `$paramod\ksa_adder\WIDTH=32.$mem2bits$\g_stage$rtl/ksa/ksa_adder.v:51$5161' from process `$paramod\ksa_adder\WIDTH=32.$proc$rtl/ksa/ksa_adder.v:51$6711'.
No latch inferred for signal `$paramod\ksa_adder\WIDTH=32.$mem2bits$\p_stage$rtl/ksa/ksa_adder.v:51$5160' from process `$paramod\ksa_adder\WIDTH=32.$proc$rtl/ksa/ksa_adder.v:51$6706'.
No latch inferred for signal `$paramod\ksa_adder\WIDTH=32.$mem2bits$\g_stage$rtl/ksa/ksa_adder.v:51$5159' from process `$paramod\ksa_adder\WIDTH=32.$proc$rtl/ksa/ksa_adder.v:51$6704'.
No latch inferred for signal `$paramod\ksa_adder\WIDTH=32.$mem2bits$\p_stage$rtl/ksa/ksa_adder.v:51$5158' from process `$paramod\ksa_adder\WIDTH=32.$proc$rtl/ksa/ksa_adder.v:51$6699'.
No latch inferred for signal `$paramod\ksa_adder\WIDTH=32.$mem2bits$\g_stage$rtl/ksa/ksa_adder.v:51$5157' from process `$paramod\ksa_adder\WIDTH=32.$proc$rtl/ksa/ksa_adder.v:51$6697'.
No latch inferred for signal `$paramod\ksa_adder\WIDTH=32.$mem2bits$\p_stage$rtl/ksa/ksa_adder.v:51$5156' from process `$paramod\ksa_adder\WIDTH=32.$proc$rtl/ksa/ksa_adder.v:51$6692'.
No latch inferred for signal `$paramod\ksa_adder\WIDTH=32.$mem2bits$\g_stage$rtl/ksa/ksa_adder.v:51$5155' from process `$paramod\ksa_adder\WIDTH=32.$proc$rtl/ksa/ksa_adder.v:51$6690'.
No latch inferred for signal `$paramod\ksa_adder\WIDTH=32.$mem2bits$\p_stage$rtl/ksa/ksa_adder.v:51$5154' from process `$paramod\ksa_adder\WIDTH=32.$proc$rtl/ksa/ksa_adder.v:51$6685'.
No latch inferred for signal `$paramod\ksa_adder\WIDTH=32.$mem2bits$\g_stage$rtl/ksa/ksa_adder.v:51$5153' from process `$paramod\ksa_adder\WIDTH=32.$proc$rtl/ksa/ksa_adder.v:51$6683'.
No latch inferred for signal `$paramod\ksa_adder\WIDTH=32.$mem2bits$\p_stage$rtl/ksa/ksa_adder.v:51$5152' from process `$paramod\ksa_adder\WIDTH=32.$proc$rtl/ksa/ksa_adder.v:51$6678'.
No latch inferred for signal `$paramod\ksa_adder\WIDTH=32.$mem2bits$\g_stage$rtl/ksa/ksa_adder.v:51$5151' from process `$paramod\ksa_adder\WIDTH=32.$proc$rtl/ksa/ksa_adder.v:51$6676'.
No latch inferred for signal `$paramod\ksa_adder\WIDTH=32.$mem2bits$\p_stage$rtl/ksa/ksa_adder.v:51$5150' from process `$paramod\ksa_adder\WIDTH=32.$proc$rtl/ksa/ksa_adder.v:51$6671'.
No latch inferred for signal `$paramod\ksa_adder\WIDTH=32.$mem2bits$\g_stage$rtl/ksa/ksa_adder.v:51$5149' from process `$paramod\ksa_adder\WIDTH=32.$proc$rtl/ksa/ksa_adder.v:51$6669'.
No latch inferred for signal `$paramod\ksa_adder\WIDTH=32.$mem2bits$\p_stage$rtl/ksa/ksa_adder.v:51$5148' from process `$paramod\ksa_adder\WIDTH=32.$proc$rtl/ksa/ksa_adder.v:51$6664'.
No latch inferred for signal `$paramod\ksa_adder\WIDTH=32.$mem2bits$\g_stage$rtl/ksa/ksa_adder.v:51$5147' from process `$paramod\ksa_adder\WIDTH=32.$proc$rtl/ksa/ksa_adder.v:51$6662'.
No latch inferred for signal `$paramod\ksa_adder\WIDTH=32.$mem2bits$\p_stage$rtl/ksa/ksa_adder.v:51$5146' from process `$paramod\ksa_adder\WIDTH=32.$proc$rtl/ksa/ksa_adder.v:51$6657'.
No latch inferred for signal `$paramod\ksa_adder\WIDTH=32.$mem2bits$\g_stage$rtl/ksa/ksa_adder.v:51$5145' from process `$paramod\ksa_adder\WIDTH=32.$proc$rtl/ksa/ksa_adder.v:51$6655'.
No latch inferred for signal `$paramod\ksa_adder\WIDTH=32.$mem2bits$\p_stage$rtl/ksa/ksa_adder.v:41$5144' from process `$paramod\ksa_adder\WIDTH=32.$proc$rtl/ksa/ksa_adder.v:41$6653'.
No latch inferred for signal `$paramod\ksa_adder\WIDTH=32.$mem2bits$\p_stage$rtl/ksa/ksa_adder.v:41$5143' from process `$paramod\ksa_adder\WIDTH=32.$proc$rtl/ksa/ksa_adder.v:41$6651'.
No latch inferred for signal `$paramod\ksa_adder\WIDTH=32.$mem2bits$\g_stage$rtl/ksa/ksa_adder.v:40$5142' from process `$paramod\ksa_adder\WIDTH=32.$proc$rtl/ksa/ksa_adder.v:40$6649'.
No latch inferred for signal `$paramod\ksa_adder\WIDTH=32.$mem2bits$\p_stage$rtl/ksa/ksa_adder.v:40$5141' from process `$paramod\ksa_adder\WIDTH=32.$proc$rtl/ksa/ksa_adder.v:40$6647'.
No latch inferred for signal `$paramod\ksa_adder\WIDTH=32.$mem2bits$\g_stage$rtl/ksa/ksa_adder.v:40$5140' from process `$paramod\ksa_adder\WIDTH=32.$proc$rtl/ksa/ksa_adder.v:40$6645'.
No latch inferred for signal `$paramod\ksa_adder\WIDTH=32.$mem2bits$\p_stage$rtl/ksa/ksa_adder.v:41$5139' from process `$paramod\ksa_adder\WIDTH=32.$proc$rtl/ksa/ksa_adder.v:41$6643'.
No latch inferred for signal `$paramod\ksa_adder\WIDTH=32.$mem2bits$\p_stage$rtl/ksa/ksa_adder.v:41$5138' from process `$paramod\ksa_adder\WIDTH=32.$proc$rtl/ksa/ksa_adder.v:41$6641'.
No latch inferred for signal `$paramod\ksa_adder\WIDTH=32.$mem2bits$\g_stage$rtl/ksa/ksa_adder.v:40$5137' from process `$paramod\ksa_adder\WIDTH=32.$proc$rtl/ksa/ksa_adder.v:40$6639'.
No latch inferred for signal `$paramod\ksa_adder\WIDTH=32.$mem2bits$\p_stage$rtl/ksa/ksa_adder.v:40$5136' from process `$paramod\ksa_adder\WIDTH=32.$proc$rtl/ksa/ksa_adder.v:40$6637'.
No latch inferred for signal `$paramod\ksa_adder\WIDTH=32.$mem2bits$\g_stage$rtl/ksa/ksa_adder.v:40$5135' from process `$paramod\ksa_adder\WIDTH=32.$proc$rtl/ksa/ksa_adder.v:40$6635'.
No latch inferred for signal `$paramod\ksa_adder\WIDTH=32.$mem2bits$\p_stage$rtl/ksa/ksa_adder.v:41$5134' from process `$paramod\ksa_adder\WIDTH=32.$proc$rtl/ksa/ksa_adder.v:41$6633'.
No latch inferred for signal `$paramod\ksa_adder\WIDTH=32.$mem2bits$\p_stage$rtl/ksa/ksa_adder.v:41$5133' from process `$paramod\ksa_adder\WIDTH=32.$proc$rtl/ksa/ksa_adder.v:41$6631'.
No latch inferred for signal `$paramod\ksa_adder\WIDTH=32.$mem2bits$\g_stage$rtl/ksa/ksa_adder.v:40$5132' from process `$paramod\ksa_adder\WIDTH=32.$proc$rtl/ksa/ksa_adder.v:40$6629'.
No latch inferred for signal `$paramod\ksa_adder\WIDTH=32.$mem2bits$\p_stage$rtl/ksa/ksa_adder.v:40$5131' from process `$paramod\ksa_adder\WIDTH=32.$proc$rtl/ksa/ksa_adder.v:40$6627'.
No latch inferred for signal `$paramod\ksa_adder\WIDTH=32.$mem2bits$\g_stage$rtl/ksa/ksa_adder.v:40$5130' from process `$paramod\ksa_adder\WIDTH=32.$proc$rtl/ksa/ksa_adder.v:40$6625'.
No latch inferred for signal `$paramod\ksa_adder\WIDTH=32.$mem2bits$\p_stage$rtl/ksa/ksa_adder.v:41$5129' from process `$paramod\ksa_adder\WIDTH=32.$proc$rtl/ksa/ksa_adder.v:41$6623'.
No latch inferred for signal `$paramod\ksa_adder\WIDTH=32.$mem2bits$\p_stage$rtl/ksa/ksa_adder.v:41$5128' from process `$paramod\ksa_adder\WIDTH=32.$proc$rtl/ksa/ksa_adder.v:41$6621'.
No latch inferred for signal `$paramod\ksa_adder\WIDTH=32.$mem2bits$\g_stage$rtl/ksa/ksa_adder.v:40$5127' from process `$paramod\ksa_adder\WIDTH=32.$proc$rtl/ksa/ksa_adder.v:40$6619'.
No latch inferred for signal `$paramod\ksa_adder\WIDTH=32.$mem2bits$\p_stage$rtl/ksa/ksa_adder.v:40$5126' from process `$paramod\ksa_adder\WIDTH=32.$proc$rtl/ksa/ksa_adder.v:40$6617'.
No latch inferred for signal `$paramod\ksa_adder\WIDTH=32.$mem2bits$\g_stage$rtl/ksa/ksa_adder.v:40$5125' from process `$paramod\ksa_adder\WIDTH=32.$proc$rtl/ksa/ksa_adder.v:40$6615'.
No latch inferred for signal `$paramod\ksa_adder\WIDTH=32.$mem2bits$\p_stage$rtl/ksa/ksa_adder.v:41$5124' from process `$paramod\ksa_adder\WIDTH=32.$proc$rtl/ksa/ksa_adder.v:41$6613'.
No latch inferred for signal `$paramod\ksa_adder\WIDTH=32.$mem2bits$\p_stage$rtl/ksa/ksa_adder.v:41$5123' from process `$paramod\ksa_adder\WIDTH=32.$proc$rtl/ksa/ksa_adder.v:41$6611'.
No latch inferred for signal `$paramod\ksa_adder\WIDTH=32.$mem2bits$\g_stage$rtl/ksa/ksa_adder.v:40$5122' from process `$paramod\ksa_adder\WIDTH=32.$proc$rtl/ksa/ksa_adder.v:40$6609'.
No latch inferred for signal `$paramod\ksa_adder\WIDTH=32.$mem2bits$\p_stage$rtl/ksa/ksa_adder.v:40$5121' from process `$paramod\ksa_adder\WIDTH=32.$proc$rtl/ksa/ksa_adder.v:40$6607'.
No latch inferred for signal `$paramod\ksa_adder\WIDTH=32.$mem2bits$\g_stage$rtl/ksa/ksa_adder.v:40$5120' from process `$paramod\ksa_adder\WIDTH=32.$proc$rtl/ksa/ksa_adder.v:40$6605'.
No latch inferred for signal `$paramod\ksa_adder\WIDTH=32.$mem2bits$\p_stage$rtl/ksa/ksa_adder.v:41$5119' from process `$paramod\ksa_adder\WIDTH=32.$proc$rtl/ksa/ksa_adder.v:41$6603'.
No latch inferred for signal `$paramod\ksa_adder\WIDTH=32.$mem2bits$\p_stage$rtl/ksa/ksa_adder.v:41$5118' from process `$paramod\ksa_adder\WIDTH=32.$proc$rtl/ksa/ksa_adder.v:41$6601'.
No latch inferred for signal `$paramod\ksa_adder\WIDTH=32.$mem2bits$\g_stage$rtl/ksa/ksa_adder.v:40$5117' from process `$paramod\ksa_adder\WIDTH=32.$proc$rtl/ksa/ksa_adder.v:40$6599'.
No latch inferred for signal `$paramod\ksa_adder\WIDTH=32.$mem2bits$\p_stage$rtl/ksa/ksa_adder.v:40$5116' from process `$paramod\ksa_adder\WIDTH=32.$proc$rtl/ksa/ksa_adder.v:40$6597'.
No latch inferred for signal `$paramod\ksa_adder\WIDTH=32.$mem2bits$\g_stage$rtl/ksa/ksa_adder.v:40$5115' from process `$paramod\ksa_adder\WIDTH=32.$proc$rtl/ksa/ksa_adder.v:40$6595'.
No latch inferred for signal `$paramod\ksa_adder\WIDTH=32.$mem2bits$\p_stage$rtl/ksa/ksa_adder.v:41$5114' from process `$paramod\ksa_adder\WIDTH=32.$proc$rtl/ksa/ksa_adder.v:41$6593'.
No latch inferred for signal `$paramod\ksa_adder\WIDTH=32.$mem2bits$\p_stage$rtl/ksa/ksa_adder.v:41$5113' from process `$paramod\ksa_adder\WIDTH=32.$proc$rtl/ksa/ksa_adder.v:41$6591'.
No latch inferred for signal `$paramod\ksa_adder\WIDTH=32.$mem2bits$\g_stage$rtl/ksa/ksa_adder.v:40$5112' from process `$paramod\ksa_adder\WIDTH=32.$proc$rtl/ksa/ksa_adder.v:40$6589'.
No latch inferred for signal `$paramod\ksa_adder\WIDTH=32.$mem2bits$\p_stage$rtl/ksa/ksa_adder.v:40$5111' from process `$paramod\ksa_adder\WIDTH=32.$proc$rtl/ksa/ksa_adder.v:40$6587'.
No latch inferred for signal `$paramod\ksa_adder\WIDTH=32.$mem2bits$\g_stage$rtl/ksa/ksa_adder.v:40$5110' from process `$paramod\ksa_adder\WIDTH=32.$proc$rtl/ksa/ksa_adder.v:40$6585'.
No latch inferred for signal `$paramod\ksa_adder\WIDTH=32.$mem2bits$\p_stage$rtl/ksa/ksa_adder.v:41$5109' from process `$paramod\ksa_adder\WIDTH=32.$proc$rtl/ksa/ksa_adder.v:41$6583'.
No latch inferred for signal `$paramod\ksa_adder\WIDTH=32.$mem2bits$\p_stage$rtl/ksa/ksa_adder.v:41$5108' from process `$paramod\ksa_adder\WIDTH=32.$proc$rtl/ksa/ksa_adder.v:41$6581'.
No latch inferred for signal `$paramod\ksa_adder\WIDTH=32.$mem2bits$\g_stage$rtl/ksa/ksa_adder.v:40$5107' from process `$paramod\ksa_adder\WIDTH=32.$proc$rtl/ksa/ksa_adder.v:40$6579'.
No latch inferred for signal `$paramod\ksa_adder\WIDTH=32.$mem2bits$\p_stage$rtl/ksa/ksa_adder.v:40$5106' from process `$paramod\ksa_adder\WIDTH=32.$proc$rtl/ksa/ksa_adder.v:40$6577'.
No latch inferred for signal `$paramod\ksa_adder\WIDTH=32.$mem2bits$\g_stage$rtl/ksa/ksa_adder.v:40$5105' from process `$paramod\ksa_adder\WIDTH=32.$proc$rtl/ksa/ksa_adder.v:40$6575'.
No latch inferred for signal `$paramod\ksa_adder\WIDTH=32.$mem2bits$\p_stage$rtl/ksa/ksa_adder.v:41$5104' from process `$paramod\ksa_adder\WIDTH=32.$proc$rtl/ksa/ksa_adder.v:41$6573'.
No latch inferred for signal `$paramod\ksa_adder\WIDTH=32.$mem2bits$\p_stage$rtl/ksa/ksa_adder.v:41$5103' from process `$paramod\ksa_adder\WIDTH=32.$proc$rtl/ksa/ksa_adder.v:41$6571'.
No latch inferred for signal `$paramod\ksa_adder\WIDTH=32.$mem2bits$\g_stage$rtl/ksa/ksa_adder.v:40$5102' from process `$paramod\ksa_adder\WIDTH=32.$proc$rtl/ksa/ksa_adder.v:40$6569'.
No latch inferred for signal `$paramod\ksa_adder\WIDTH=32.$mem2bits$\p_stage$rtl/ksa/ksa_adder.v:40$5101' from process `$paramod\ksa_adder\WIDTH=32.$proc$rtl/ksa/ksa_adder.v:40$6567'.
No latch inferred for signal `$paramod\ksa_adder\WIDTH=32.$mem2bits$\g_stage$rtl/ksa/ksa_adder.v:40$5100' from process `$paramod\ksa_adder\WIDTH=32.$proc$rtl/ksa/ksa_adder.v:40$6565'.
No latch inferred for signal `$paramod\ksa_adder\WIDTH=32.$mem2bits$\p_stage$rtl/ksa/ksa_adder.v:41$5099' from process `$paramod\ksa_adder\WIDTH=32.$proc$rtl/ksa/ksa_adder.v:41$6563'.
No latch inferred for signal `$paramod\ksa_adder\WIDTH=32.$mem2bits$\p_stage$rtl/ksa/ksa_adder.v:41$5098' from process `$paramod\ksa_adder\WIDTH=32.$proc$rtl/ksa/ksa_adder.v:41$6561'.
No latch inferred for signal `$paramod\ksa_adder\WIDTH=32.$mem2bits$\g_stage$rtl/ksa/ksa_adder.v:40$5097' from process `$paramod\ksa_adder\WIDTH=32.$proc$rtl/ksa/ksa_adder.v:40$6559'.
No latch inferred for signal `$paramod\ksa_adder\WIDTH=32.$mem2bits$\p_stage$rtl/ksa/ksa_adder.v:40$5096' from process `$paramod\ksa_adder\WIDTH=32.$proc$rtl/ksa/ksa_adder.v:40$6557'.
No latch inferred for signal `$paramod\ksa_adder\WIDTH=32.$mem2bits$\g_stage$rtl/ksa/ksa_adder.v:40$5095' from process `$paramod\ksa_adder\WIDTH=32.$proc$rtl/ksa/ksa_adder.v:40$6555'.
No latch inferred for signal `$paramod\ksa_adder\WIDTH=32.$mem2bits$\p_stage$rtl/ksa/ksa_adder.v:41$5094' from process `$paramod\ksa_adder\WIDTH=32.$proc$rtl/ksa/ksa_adder.v:41$6553'.
No latch inferred for signal `$paramod\ksa_adder\WIDTH=32.$mem2bits$\p_stage$rtl/ksa/ksa_adder.v:41$5093' from process `$paramod\ksa_adder\WIDTH=32.$proc$rtl/ksa/ksa_adder.v:41$6551'.
No latch inferred for signal `$paramod\ksa_adder\WIDTH=32.$mem2bits$\g_stage$rtl/ksa/ksa_adder.v:40$5092' from process `$paramod\ksa_adder\WIDTH=32.$proc$rtl/ksa/ksa_adder.v:40$6549'.
No latch inferred for signal `$paramod\ksa_adder\WIDTH=32.$mem2bits$\p_stage$rtl/ksa/ksa_adder.v:40$5091' from process `$paramod\ksa_adder\WIDTH=32.$proc$rtl/ksa/ksa_adder.v:40$6547'.
No latch inferred for signal `$paramod\ksa_adder\WIDTH=32.$mem2bits$\g_stage$rtl/ksa/ksa_adder.v:40$5090' from process `$paramod\ksa_adder\WIDTH=32.$proc$rtl/ksa/ksa_adder.v:40$6545'.
No latch inferred for signal `$paramod\ksa_adder\WIDTH=32.$mem2bits$\p_stage$rtl/ksa/ksa_adder.v:41$5089' from process `$paramod\ksa_adder\WIDTH=32.$proc$rtl/ksa/ksa_adder.v:41$6543'.
No latch inferred for signal `$paramod\ksa_adder\WIDTH=32.$mem2bits$\p_stage$rtl/ksa/ksa_adder.v:41$5088' from process `$paramod\ksa_adder\WIDTH=32.$proc$rtl/ksa/ksa_adder.v:41$6541'.
No latch inferred for signal `$paramod\ksa_adder\WIDTH=32.$mem2bits$\g_stage$rtl/ksa/ksa_adder.v:40$5087' from process `$paramod\ksa_adder\WIDTH=32.$proc$rtl/ksa/ksa_adder.v:40$6539'.
No latch inferred for signal `$paramod\ksa_adder\WIDTH=32.$mem2bits$\p_stage$rtl/ksa/ksa_adder.v:40$5086' from process `$paramod\ksa_adder\WIDTH=32.$proc$rtl/ksa/ksa_adder.v:40$6537'.
No latch inferred for signal `$paramod\ksa_adder\WIDTH=32.$mem2bits$\g_stage$rtl/ksa/ksa_adder.v:40$5085' from process `$paramod\ksa_adder\WIDTH=32.$proc$rtl/ksa/ksa_adder.v:40$6535'.
No latch inferred for signal `$paramod\ksa_adder\WIDTH=32.$mem2bits$\p_stage$rtl/ksa/ksa_adder.v:41$5084' from process `$paramod\ksa_adder\WIDTH=32.$proc$rtl/ksa/ksa_adder.v:41$6533'.
No latch inferred for signal `$paramod\ksa_adder\WIDTH=32.$mem2bits$\p_stage$rtl/ksa/ksa_adder.v:41$5083' from process `$paramod\ksa_adder\WIDTH=32.$proc$rtl/ksa/ksa_adder.v:41$6531'.
No latch inferred for signal `$paramod\ksa_adder\WIDTH=32.$mem2bits$\g_stage$rtl/ksa/ksa_adder.v:40$5082' from process `$paramod\ksa_adder\WIDTH=32.$proc$rtl/ksa/ksa_adder.v:40$6529'.
No latch inferred for signal `$paramod\ksa_adder\WIDTH=32.$mem2bits$\p_stage$rtl/ksa/ksa_adder.v:40$5081' from process `$paramod\ksa_adder\WIDTH=32.$proc$rtl/ksa/ksa_adder.v:40$6527'.
No latch inferred for signal `$paramod\ksa_adder\WIDTH=32.$mem2bits$\g_stage$rtl/ksa/ksa_adder.v:40$5080' from process `$paramod\ksa_adder\WIDTH=32.$proc$rtl/ksa/ksa_adder.v:40$6525'.
No latch inferred for signal `$paramod\ksa_adder\WIDTH=32.$mem2bits$\p_stage$rtl/ksa/ksa_adder.v:41$5079' from process `$paramod\ksa_adder\WIDTH=32.$proc$rtl/ksa/ksa_adder.v:41$6523'.
No latch inferred for signal `$paramod\ksa_adder\WIDTH=32.$mem2bits$\p_stage$rtl/ksa/ksa_adder.v:41$5078' from process `$paramod\ksa_adder\WIDTH=32.$proc$rtl/ksa/ksa_adder.v:41$6521'.
No latch inferred for signal `$paramod\ksa_adder\WIDTH=32.$mem2bits$\g_stage$rtl/ksa/ksa_adder.v:40$5077' from process `$paramod\ksa_adder\WIDTH=32.$proc$rtl/ksa/ksa_adder.v:40$6519'.
No latch inferred for signal `$paramod\ksa_adder\WIDTH=32.$mem2bits$\p_stage$rtl/ksa/ksa_adder.v:40$5076' from process `$paramod\ksa_adder\WIDTH=32.$proc$rtl/ksa/ksa_adder.v:40$6517'.
No latch inferred for signal `$paramod\ksa_adder\WIDTH=32.$mem2bits$\g_stage$rtl/ksa/ksa_adder.v:40$5075' from process `$paramod\ksa_adder\WIDTH=32.$proc$rtl/ksa/ksa_adder.v:40$6515'.
No latch inferred for signal `$paramod\ksa_adder\WIDTH=32.$mem2bits$\p_stage$rtl/ksa/ksa_adder.v:41$5074' from process `$paramod\ksa_adder\WIDTH=32.$proc$rtl/ksa/ksa_adder.v:41$6513'.
No latch inferred for signal `$paramod\ksa_adder\WIDTH=32.$mem2bits$\p_stage$rtl/ksa/ksa_adder.v:41$5073' from process `$paramod\ksa_adder\WIDTH=32.$proc$rtl/ksa/ksa_adder.v:41$6511'.
No latch inferred for signal `$paramod\ksa_adder\WIDTH=32.$mem2bits$\g_stage$rtl/ksa/ksa_adder.v:40$5072' from process `$paramod\ksa_adder\WIDTH=32.$proc$rtl/ksa/ksa_adder.v:40$6509'.
No latch inferred for signal `$paramod\ksa_adder\WIDTH=32.$mem2bits$\p_stage$rtl/ksa/ksa_adder.v:40$5071' from process `$paramod\ksa_adder\WIDTH=32.$proc$rtl/ksa/ksa_adder.v:40$6507'.
No latch inferred for signal `$paramod\ksa_adder\WIDTH=32.$mem2bits$\g_stage$rtl/ksa/ksa_adder.v:40$5070' from process `$paramod\ksa_adder\WIDTH=32.$proc$rtl/ksa/ksa_adder.v:40$6505'.
No latch inferred for signal `$paramod\ksa_adder\WIDTH=32.$mem2bits$\p_stage$rtl/ksa/ksa_adder.v:41$5069' from process `$paramod\ksa_adder\WIDTH=32.$proc$rtl/ksa/ksa_adder.v:41$6503'.
No latch inferred for signal `$paramod\ksa_adder\WIDTH=32.$mem2bits$\p_stage$rtl/ksa/ksa_adder.v:41$5068' from process `$paramod\ksa_adder\WIDTH=32.$proc$rtl/ksa/ksa_adder.v:41$6501'.
No latch inferred for signal `$paramod\ksa_adder\WIDTH=32.$mem2bits$\g_stage$rtl/ksa/ksa_adder.v:40$5067' from process `$paramod\ksa_adder\WIDTH=32.$proc$rtl/ksa/ksa_adder.v:40$6499'.
No latch inferred for signal `$paramod\ksa_adder\WIDTH=32.$mem2bits$\p_stage$rtl/ksa/ksa_adder.v:40$5066' from process `$paramod\ksa_adder\WIDTH=32.$proc$rtl/ksa/ksa_adder.v:40$6497'.
No latch inferred for signal `$paramod\ksa_adder\WIDTH=32.$mem2bits$\g_stage$rtl/ksa/ksa_adder.v:40$5065' from process `$paramod\ksa_adder\WIDTH=32.$proc$rtl/ksa/ksa_adder.v:40$6495'.
No latch inferred for signal `$paramod\ksa_adder\WIDTH=32.$mem2bits$\p_stage$rtl/ksa/ksa_adder.v:38$5064' from process `$paramod\ksa_adder\WIDTH=32.$proc$rtl/ksa/ksa_adder.v:38$6493'.
No latch inferred for signal `$paramod\ksa_adder\WIDTH=32.$mem2bits$\g_stage$rtl/ksa/ksa_adder.v:37$5063' from process `$paramod\ksa_adder\WIDTH=32.$proc$rtl/ksa/ksa_adder.v:37$6491'.
No latch inferred for signal `$paramod\ksa_adder\WIDTH=32.$mem2bits$\p_stage$rtl/ksa/ksa_adder.v:38$5062' from process `$paramod\ksa_adder\WIDTH=32.$proc$rtl/ksa/ksa_adder.v:38$6489'.
No latch inferred for signal `$paramod\ksa_adder\WIDTH=32.$mem2bits$\g_stage$rtl/ksa/ksa_adder.v:37$5061' from process `$paramod\ksa_adder\WIDTH=32.$proc$rtl/ksa/ksa_adder.v:37$6487'.
No latch inferred for signal `$paramod\ksa_adder\WIDTH=32.$mem2bits$\p_stage$rtl/ksa/ksa_adder.v:38$5060' from process `$paramod\ksa_adder\WIDTH=32.$proc$rtl/ksa/ksa_adder.v:38$6485'.
No latch inferred for signal `$paramod\ksa_adder\WIDTH=32.$mem2bits$\g_stage$rtl/ksa/ksa_adder.v:37$5059' from process `$paramod\ksa_adder\WIDTH=32.$proc$rtl/ksa/ksa_adder.v:37$6483'.
No latch inferred for signal `$paramod\ksa_adder\WIDTH=32.$mem2bits$\p_stage$rtl/ksa/ksa_adder.v:38$5058' from process `$paramod\ksa_adder\WIDTH=32.$proc$rtl/ksa/ksa_adder.v:38$6481'.
No latch inferred for signal `$paramod\ksa_adder\WIDTH=32.$mem2bits$\g_stage$rtl/ksa/ksa_adder.v:37$5057' from process `$paramod\ksa_adder\WIDTH=32.$proc$rtl/ksa/ksa_adder.v:37$6479'.
No latch inferred for signal `$paramod\ksa_adder\WIDTH=32.$mem2bits$\p_stage$rtl/ksa/ksa_adder.v:38$5056' from process `$paramod\ksa_adder\WIDTH=32.$proc$rtl/ksa/ksa_adder.v:38$6477'.
No latch inferred for signal `$paramod\ksa_adder\WIDTH=32.$mem2bits$\g_stage$rtl/ksa/ksa_adder.v:37$5055' from process `$paramod\ksa_adder\WIDTH=32.$proc$rtl/ksa/ksa_adder.v:37$6475'.
No latch inferred for signal `$paramod\ksa_adder\WIDTH=32.$mem2bits$\p_stage$rtl/ksa/ksa_adder.v:38$5054' from process `$paramod\ksa_adder\WIDTH=32.$proc$rtl/ksa/ksa_adder.v:38$6473'.
No latch inferred for signal `$paramod\ksa_adder\WIDTH=32.$mem2bits$\g_stage$rtl/ksa/ksa_adder.v:37$5053' from process `$paramod\ksa_adder\WIDTH=32.$proc$rtl/ksa/ksa_adder.v:37$6471'.
No latch inferred for signal `$paramod\ksa_adder\WIDTH=32.$mem2bits$\p_stage$rtl/ksa/ksa_adder.v:38$5052' from process `$paramod\ksa_adder\WIDTH=32.$proc$rtl/ksa/ksa_adder.v:38$6469'.
No latch inferred for signal `$paramod\ksa_adder\WIDTH=32.$mem2bits$\g_stage$rtl/ksa/ksa_adder.v:37$5051' from process `$paramod\ksa_adder\WIDTH=32.$proc$rtl/ksa/ksa_adder.v:37$6467'.
No latch inferred for signal `$paramod\ksa_adder\WIDTH=32.$mem2bits$\p_stage$rtl/ksa/ksa_adder.v:38$5050' from process `$paramod\ksa_adder\WIDTH=32.$proc$rtl/ksa/ksa_adder.v:38$6465'.
No latch inferred for signal `$paramod\ksa_adder\WIDTH=32.$mem2bits$\g_stage$rtl/ksa/ksa_adder.v:37$5049' from process `$paramod\ksa_adder\WIDTH=32.$proc$rtl/ksa/ksa_adder.v:37$6463'.
No latch inferred for signal `$paramod\ksa_adder\WIDTH=32.$mem2bits$\p_stage$rtl/ksa/ksa_adder.v:38$5048' from process `$paramod\ksa_adder\WIDTH=32.$proc$rtl/ksa/ksa_adder.v:38$6461'.
No latch inferred for signal `$paramod\ksa_adder\WIDTH=32.$mem2bits$\g_stage$rtl/ksa/ksa_adder.v:37$5047' from process `$paramod\ksa_adder\WIDTH=32.$proc$rtl/ksa/ksa_adder.v:37$6459'.
No latch inferred for signal `$paramod\ksa_adder\WIDTH=32.$mem2bits$\p_stage$rtl/ksa/ksa_adder.v:38$5046' from process `$paramod\ksa_adder\WIDTH=32.$proc$rtl/ksa/ksa_adder.v:38$6457'.
No latch inferred for signal `$paramod\ksa_adder\WIDTH=32.$mem2bits$\g_stage$rtl/ksa/ksa_adder.v:37$5045' from process `$paramod\ksa_adder\WIDTH=32.$proc$rtl/ksa/ksa_adder.v:37$6455'.
No latch inferred for signal `$paramod\ksa_adder\WIDTH=32.$mem2bits$\p_stage$rtl/ksa/ksa_adder.v:38$5044' from process `$paramod\ksa_adder\WIDTH=32.$proc$rtl/ksa/ksa_adder.v:38$6453'.
No latch inferred for signal `$paramod\ksa_adder\WIDTH=32.$mem2bits$\g_stage$rtl/ksa/ksa_adder.v:37$5043' from process `$paramod\ksa_adder\WIDTH=32.$proc$rtl/ksa/ksa_adder.v:37$6451'.
No latch inferred for signal `$paramod\ksa_adder\WIDTH=32.$mem2bits$\p_stage$rtl/ksa/ksa_adder.v:38$5042' from process `$paramod\ksa_adder\WIDTH=32.$proc$rtl/ksa/ksa_adder.v:38$6449'.
No latch inferred for signal `$paramod\ksa_adder\WIDTH=32.$mem2bits$\g_stage$rtl/ksa/ksa_adder.v:37$5041' from process `$paramod\ksa_adder\WIDTH=32.$proc$rtl/ksa/ksa_adder.v:37$6447'.
No latch inferred for signal `$paramod\ksa_adder\WIDTH=32.$mem2bits$\p_stage$rtl/ksa/ksa_adder.v:38$5040' from process `$paramod\ksa_adder\WIDTH=32.$proc$rtl/ksa/ksa_adder.v:38$6445'.
No latch inferred for signal `$paramod\ksa_adder\WIDTH=32.$mem2bits$\g_stage$rtl/ksa/ksa_adder.v:37$5039' from process `$paramod\ksa_adder\WIDTH=32.$proc$rtl/ksa/ksa_adder.v:37$6443'.
No latch inferred for signal `$paramod\ksa_adder\WIDTH=32.$mem2bits$\p_stage$rtl/ksa/ksa_adder.v:38$5038' from process `$paramod\ksa_adder\WIDTH=32.$proc$rtl/ksa/ksa_adder.v:38$6441'.
No latch inferred for signal `$paramod\ksa_adder\WIDTH=32.$mem2bits$\g_stage$rtl/ksa/ksa_adder.v:37$5037' from process `$paramod\ksa_adder\WIDTH=32.$proc$rtl/ksa/ksa_adder.v:37$6439'.
No latch inferred for signal `$paramod\ksa_adder\WIDTH=32.$mem2bits$\p_stage$rtl/ksa/ksa_adder.v:38$5036' from process `$paramod\ksa_adder\WIDTH=32.$proc$rtl/ksa/ksa_adder.v:38$6437'.
No latch inferred for signal `$paramod\ksa_adder\WIDTH=32.$mem2bits$\g_stage$rtl/ksa/ksa_adder.v:37$5035' from process `$paramod\ksa_adder\WIDTH=32.$proc$rtl/ksa/ksa_adder.v:37$6435'.
No latch inferred for signal `$paramod\ksa_adder\WIDTH=32.$mem2bits$\p_stage$rtl/ksa/ksa_adder.v:38$5034' from process `$paramod\ksa_adder\WIDTH=32.$proc$rtl/ksa/ksa_adder.v:38$6433'.
No latch inferred for signal `$paramod\ksa_adder\WIDTH=32.$mem2bits$\g_stage$rtl/ksa/ksa_adder.v:37$5033' from process `$paramod\ksa_adder\WIDTH=32.$proc$rtl/ksa/ksa_adder.v:37$6431'.
No latch inferred for signal `$paramod\ksa_adder\WIDTH=32.$mem2bits$\p_stage$rtl/ksa/ksa_adder.v:41$5032' from process `$paramod\ksa_adder\WIDTH=32.$proc$rtl/ksa/ksa_adder.v:41$6429'.
No latch inferred for signal `$paramod\ksa_adder\WIDTH=32.$mem2bits$\p_stage$rtl/ksa/ksa_adder.v:41$5031' from process `$paramod\ksa_adder\WIDTH=32.$proc$rtl/ksa/ksa_adder.v:41$6427'.
No latch inferred for signal `$paramod\ksa_adder\WIDTH=32.$mem2bits$\g_stage$rtl/ksa/ksa_adder.v:40$5030' from process `$paramod\ksa_adder\WIDTH=32.$proc$rtl/ksa/ksa_adder.v:40$6425'.
No latch inferred for signal `$paramod\ksa_adder\WIDTH=32.$mem2bits$\p_stage$rtl/ksa/ksa_adder.v:40$5029' from process `$paramod\ksa_adder\WIDTH=32.$proc$rtl/ksa/ksa_adder.v:40$6423'.
No latch inferred for signal `$paramod\ksa_adder\WIDTH=32.$mem2bits$\g_stage$rtl/ksa/ksa_adder.v:40$5028' from process `$paramod\ksa_adder\WIDTH=32.$proc$rtl/ksa/ksa_adder.v:40$6421'.
No latch inferred for signal `$paramod\ksa_adder\WIDTH=32.$mem2bits$\p_stage$rtl/ksa/ksa_adder.v:41$5027' from process `$paramod\ksa_adder\WIDTH=32.$proc$rtl/ksa/ksa_adder.v:41$6419'.
No latch inferred for signal `$paramod\ksa_adder\WIDTH=32.$mem2bits$\p_stage$rtl/ksa/ksa_adder.v:41$5026' from process `$paramod\ksa_adder\WIDTH=32.$proc$rtl/ksa/ksa_adder.v:41$6417'.
No latch inferred for signal `$paramod\ksa_adder\WIDTH=32.$mem2bits$\g_stage$rtl/ksa/ksa_adder.v:40$5025' from process `$paramod\ksa_adder\WIDTH=32.$proc$rtl/ksa/ksa_adder.v:40$6415'.
No latch inferred for signal `$paramod\ksa_adder\WIDTH=32.$mem2bits$\p_stage$rtl/ksa/ksa_adder.v:40$5024' from process `$paramod\ksa_adder\WIDTH=32.$proc$rtl/ksa/ksa_adder.v:40$6413'.
No latch inferred for signal `$paramod\ksa_adder\WIDTH=32.$mem2bits$\g_stage$rtl/ksa/ksa_adder.v:40$5023' from process `$paramod\ksa_adder\WIDTH=32.$proc$rtl/ksa/ksa_adder.v:40$6411'.
No latch inferred for signal `$paramod\ksa_adder\WIDTH=32.$mem2bits$\p_stage$rtl/ksa/ksa_adder.v:41$5022' from process `$paramod\ksa_adder\WIDTH=32.$proc$rtl/ksa/ksa_adder.v:41$6409'.
No latch inferred for signal `$paramod\ksa_adder\WIDTH=32.$mem2bits$\p_stage$rtl/ksa/ksa_adder.v:41$5021' from process `$paramod\ksa_adder\WIDTH=32.$proc$rtl/ksa/ksa_adder.v:41$6407'.
No latch inferred for signal `$paramod\ksa_adder\WIDTH=32.$mem2bits$\g_stage$rtl/ksa/ksa_adder.v:40$5020' from process `$paramod\ksa_adder\WIDTH=32.$proc$rtl/ksa/ksa_adder.v:40$6405'.
No latch inferred for signal `$paramod\ksa_adder\WIDTH=32.$mem2bits$\p_stage$rtl/ksa/ksa_adder.v:40$5019' from process `$paramod\ksa_adder\WIDTH=32.$proc$rtl/ksa/ksa_adder.v:40$6403'.
No latch inferred for signal `$paramod\ksa_adder\WIDTH=32.$mem2bits$\g_stage$rtl/ksa/ksa_adder.v:40$5018' from process `$paramod\ksa_adder\WIDTH=32.$proc$rtl/ksa/ksa_adder.v:40$6401'.
No latch inferred for signal `$paramod\ksa_adder\WIDTH=32.$mem2bits$\p_stage$rtl/ksa/ksa_adder.v:41$5017' from process `$paramod\ksa_adder\WIDTH=32.$proc$rtl/ksa/ksa_adder.v:41$6399'.
No latch inferred for signal `$paramod\ksa_adder\WIDTH=32.$mem2bits$\p_stage$rtl/ksa/ksa_adder.v:41$5016' from process `$paramod\ksa_adder\WIDTH=32.$proc$rtl/ksa/ksa_adder.v:41$6397'.
No latch inferred for signal `$paramod\ksa_adder\WIDTH=32.$mem2bits$\g_stage$rtl/ksa/ksa_adder.v:40$5015' from process `$paramod\ksa_adder\WIDTH=32.$proc$rtl/ksa/ksa_adder.v:40$6395'.
No latch inferred for signal `$paramod\ksa_adder\WIDTH=32.$mem2bits$\p_stage$rtl/ksa/ksa_adder.v:40$5014' from process `$paramod\ksa_adder\WIDTH=32.$proc$rtl/ksa/ksa_adder.v:40$6393'.
No latch inferred for signal `$paramod\ksa_adder\WIDTH=32.$mem2bits$\g_stage$rtl/ksa/ksa_adder.v:40$5013' from process `$paramod\ksa_adder\WIDTH=32.$proc$rtl/ksa/ksa_adder.v:40$6391'.
No latch inferred for signal `$paramod\ksa_adder\WIDTH=32.$mem2bits$\p_stage$rtl/ksa/ksa_adder.v:41$5012' from process `$paramod\ksa_adder\WIDTH=32.$proc$rtl/ksa/ksa_adder.v:41$6389'.
No latch inferred for signal `$paramod\ksa_adder\WIDTH=32.$mem2bits$\p_stage$rtl/ksa/ksa_adder.v:41$5011' from process `$paramod\ksa_adder\WIDTH=32.$proc$rtl/ksa/ksa_adder.v:41$6387'.
No latch inferred for signal `$paramod\ksa_adder\WIDTH=32.$mem2bits$\g_stage$rtl/ksa/ksa_adder.v:40$5010' from process `$paramod\ksa_adder\WIDTH=32.$proc$rtl/ksa/ksa_adder.v:40$6385'.
No latch inferred for signal `$paramod\ksa_adder\WIDTH=32.$mem2bits$\p_stage$rtl/ksa/ksa_adder.v:40$5009' from process `$paramod\ksa_adder\WIDTH=32.$proc$rtl/ksa/ksa_adder.v:40$6383'.
No latch inferred for signal `$paramod\ksa_adder\WIDTH=32.$mem2bits$\g_stage$rtl/ksa/ksa_adder.v:40$5008' from process `$paramod\ksa_adder\WIDTH=32.$proc$rtl/ksa/ksa_adder.v:40$6381'.
No latch inferred for signal `$paramod\ksa_adder\WIDTH=32.$mem2bits$\p_stage$rtl/ksa/ksa_adder.v:41$5007' from process `$paramod\ksa_adder\WIDTH=32.$proc$rtl/ksa/ksa_adder.v:41$6379'.
No latch inferred for signal `$paramod\ksa_adder\WIDTH=32.$mem2bits$\p_stage$rtl/ksa/ksa_adder.v:41$5006' from process `$paramod\ksa_adder\WIDTH=32.$proc$rtl/ksa/ksa_adder.v:41$6377'.
No latch inferred for signal `$paramod\ksa_adder\WIDTH=32.$mem2bits$\g_stage$rtl/ksa/ksa_adder.v:40$5005' from process `$paramod\ksa_adder\WIDTH=32.$proc$rtl/ksa/ksa_adder.v:40$6375'.
No latch inferred for signal `$paramod\ksa_adder\WIDTH=32.$mem2bits$\p_stage$rtl/ksa/ksa_adder.v:40$5004' from process `$paramod\ksa_adder\WIDTH=32.$proc$rtl/ksa/ksa_adder.v:40$6373'.
No latch inferred for signal `$paramod\ksa_adder\WIDTH=32.$mem2bits$\g_stage$rtl/ksa/ksa_adder.v:40$5003' from process `$paramod\ksa_adder\WIDTH=32.$proc$rtl/ksa/ksa_adder.v:40$6371'.
No latch inferred for signal `$paramod\ksa_adder\WIDTH=32.$mem2bits$\p_stage$rtl/ksa/ksa_adder.v:41$5002' from process `$paramod\ksa_adder\WIDTH=32.$proc$rtl/ksa/ksa_adder.v:41$6369'.
No latch inferred for signal `$paramod\ksa_adder\WIDTH=32.$mem2bits$\p_stage$rtl/ksa/ksa_adder.v:41$5001' from process `$paramod\ksa_adder\WIDTH=32.$proc$rtl/ksa/ksa_adder.v:41$6367'.
No latch inferred for signal `$paramod\ksa_adder\WIDTH=32.$mem2bits$\g_stage$rtl/ksa/ksa_adder.v:40$5000' from process `$paramod\ksa_adder\WIDTH=32.$proc$rtl/ksa/ksa_adder.v:40$6365'.
No latch inferred for signal `$paramod\ksa_adder\WIDTH=32.$mem2bits$\p_stage$rtl/ksa/ksa_adder.v:40$4999' from process `$paramod\ksa_adder\WIDTH=32.$proc$rtl/ksa/ksa_adder.v:40$6363'.
No latch inferred for signal `$paramod\ksa_adder\WIDTH=32.$mem2bits$\g_stage$rtl/ksa/ksa_adder.v:40$4998' from process `$paramod\ksa_adder\WIDTH=32.$proc$rtl/ksa/ksa_adder.v:40$6361'.
No latch inferred for signal `$paramod\ksa_adder\WIDTH=32.$mem2bits$\p_stage$rtl/ksa/ksa_adder.v:41$4997' from process `$paramod\ksa_adder\WIDTH=32.$proc$rtl/ksa/ksa_adder.v:41$6359'.
No latch inferred for signal `$paramod\ksa_adder\WIDTH=32.$mem2bits$\p_stage$rtl/ksa/ksa_adder.v:41$4996' from process `$paramod\ksa_adder\WIDTH=32.$proc$rtl/ksa/ksa_adder.v:41$6357'.
No latch inferred for signal `$paramod\ksa_adder\WIDTH=32.$mem2bits$\g_stage$rtl/ksa/ksa_adder.v:40$4995' from process `$paramod\ksa_adder\WIDTH=32.$proc$rtl/ksa/ksa_adder.v:40$6355'.
No latch inferred for signal `$paramod\ksa_adder\WIDTH=32.$mem2bits$\p_stage$rtl/ksa/ksa_adder.v:40$4994' from process `$paramod\ksa_adder\WIDTH=32.$proc$rtl/ksa/ksa_adder.v:40$6353'.
No latch inferred for signal `$paramod\ksa_adder\WIDTH=32.$mem2bits$\g_stage$rtl/ksa/ksa_adder.v:40$4993' from process `$paramod\ksa_adder\WIDTH=32.$proc$rtl/ksa/ksa_adder.v:40$6351'.
No latch inferred for signal `$paramod\ksa_adder\WIDTH=32.$mem2bits$\p_stage$rtl/ksa/ksa_adder.v:41$4992' from process `$paramod\ksa_adder\WIDTH=32.$proc$rtl/ksa/ksa_adder.v:41$6349'.
No latch inferred for signal `$paramod\ksa_adder\WIDTH=32.$mem2bits$\p_stage$rtl/ksa/ksa_adder.v:41$4991' from process `$paramod\ksa_adder\WIDTH=32.$proc$rtl/ksa/ksa_adder.v:41$6347'.
No latch inferred for signal `$paramod\ksa_adder\WIDTH=32.$mem2bits$\g_stage$rtl/ksa/ksa_adder.v:40$4990' from process `$paramod\ksa_adder\WIDTH=32.$proc$rtl/ksa/ksa_adder.v:40$6345'.
No latch inferred for signal `$paramod\ksa_adder\WIDTH=32.$mem2bits$\p_stage$rtl/ksa/ksa_adder.v:40$4989' from process `$paramod\ksa_adder\WIDTH=32.$proc$rtl/ksa/ksa_adder.v:40$6343'.
No latch inferred for signal `$paramod\ksa_adder\WIDTH=32.$mem2bits$\g_stage$rtl/ksa/ksa_adder.v:40$4988' from process `$paramod\ksa_adder\WIDTH=32.$proc$rtl/ksa/ksa_adder.v:40$6341'.
No latch inferred for signal `$paramod\ksa_adder\WIDTH=32.$mem2bits$\p_stage$rtl/ksa/ksa_adder.v:41$4987' from process `$paramod\ksa_adder\WIDTH=32.$proc$rtl/ksa/ksa_adder.v:41$6339'.
No latch inferred for signal `$paramod\ksa_adder\WIDTH=32.$mem2bits$\p_stage$rtl/ksa/ksa_adder.v:41$4986' from process `$paramod\ksa_adder\WIDTH=32.$proc$rtl/ksa/ksa_adder.v:41$6337'.
No latch inferred for signal `$paramod\ksa_adder\WIDTH=32.$mem2bits$\g_stage$rtl/ksa/ksa_adder.v:40$4985' from process `$paramod\ksa_adder\WIDTH=32.$proc$rtl/ksa/ksa_adder.v:40$6335'.
No latch inferred for signal `$paramod\ksa_adder\WIDTH=32.$mem2bits$\p_stage$rtl/ksa/ksa_adder.v:40$4984' from process `$paramod\ksa_adder\WIDTH=32.$proc$rtl/ksa/ksa_adder.v:40$6333'.
No latch inferred for signal `$paramod\ksa_adder\WIDTH=32.$mem2bits$\g_stage$rtl/ksa/ksa_adder.v:40$4983' from process `$paramod\ksa_adder\WIDTH=32.$proc$rtl/ksa/ksa_adder.v:40$6331'.
No latch inferred for signal `$paramod\ksa_adder\WIDTH=32.$mem2bits$\p_stage$rtl/ksa/ksa_adder.v:41$4982' from process `$paramod\ksa_adder\WIDTH=32.$proc$rtl/ksa/ksa_adder.v:41$6329'.
No latch inferred for signal `$paramod\ksa_adder\WIDTH=32.$mem2bits$\p_stage$rtl/ksa/ksa_adder.v:41$4981' from process `$paramod\ksa_adder\WIDTH=32.$proc$rtl/ksa/ksa_adder.v:41$6327'.
No latch inferred for signal `$paramod\ksa_adder\WIDTH=32.$mem2bits$\g_stage$rtl/ksa/ksa_adder.v:40$4980' from process `$paramod\ksa_adder\WIDTH=32.$proc$rtl/ksa/ksa_adder.v:40$6325'.
No latch inferred for signal `$paramod\ksa_adder\WIDTH=32.$mem2bits$\p_stage$rtl/ksa/ksa_adder.v:40$4979' from process `$paramod\ksa_adder\WIDTH=32.$proc$rtl/ksa/ksa_adder.v:40$6323'.
No latch inferred for signal `$paramod\ksa_adder\WIDTH=32.$mem2bits$\g_stage$rtl/ksa/ksa_adder.v:40$4978' from process `$paramod\ksa_adder\WIDTH=32.$proc$rtl/ksa/ksa_adder.v:40$6321'.
No latch inferred for signal `$paramod\ksa_adder\WIDTH=32.$mem2bits$\p_stage$rtl/ksa/ksa_adder.v:41$4977' from process `$paramod\ksa_adder\WIDTH=32.$proc$rtl/ksa/ksa_adder.v:41$6319'.
No latch inferred for signal `$paramod\ksa_adder\WIDTH=32.$mem2bits$\p_stage$rtl/ksa/ksa_adder.v:41$4976' from process `$paramod\ksa_adder\WIDTH=32.$proc$rtl/ksa/ksa_adder.v:41$6317'.
No latch inferred for signal `$paramod\ksa_adder\WIDTH=32.$mem2bits$\g_stage$rtl/ksa/ksa_adder.v:40$4975' from process `$paramod\ksa_adder\WIDTH=32.$proc$rtl/ksa/ksa_adder.v:40$6315'.
No latch inferred for signal `$paramod\ksa_adder\WIDTH=32.$mem2bits$\p_stage$rtl/ksa/ksa_adder.v:40$4974' from process `$paramod\ksa_adder\WIDTH=32.$proc$rtl/ksa/ksa_adder.v:40$6313'.
No latch inferred for signal `$paramod\ksa_adder\WIDTH=32.$mem2bits$\g_stage$rtl/ksa/ksa_adder.v:40$4973' from process `$paramod\ksa_adder\WIDTH=32.$proc$rtl/ksa/ksa_adder.v:40$6311'.
No latch inferred for signal `$paramod\ksa_adder\WIDTH=32.$mem2bits$\p_stage$rtl/ksa/ksa_adder.v:41$4972' from process `$paramod\ksa_adder\WIDTH=32.$proc$rtl/ksa/ksa_adder.v:41$6309'.
No latch inferred for signal `$paramod\ksa_adder\WIDTH=32.$mem2bits$\p_stage$rtl/ksa/ksa_adder.v:41$4971' from process `$paramod\ksa_adder\WIDTH=32.$proc$rtl/ksa/ksa_adder.v:41$6307'.
No latch inferred for signal `$paramod\ksa_adder\WIDTH=32.$mem2bits$\g_stage$rtl/ksa/ksa_adder.v:40$4970' from process `$paramod\ksa_adder\WIDTH=32.$proc$rtl/ksa/ksa_adder.v:40$6305'.
No latch inferred for signal `$paramod\ksa_adder\WIDTH=32.$mem2bits$\p_stage$rtl/ksa/ksa_adder.v:40$4969' from process `$paramod\ksa_adder\WIDTH=32.$proc$rtl/ksa/ksa_adder.v:40$6303'.
No latch inferred for signal `$paramod\ksa_adder\WIDTH=32.$mem2bits$\g_stage$rtl/ksa/ksa_adder.v:40$4968' from process `$paramod\ksa_adder\WIDTH=32.$proc$rtl/ksa/ksa_adder.v:40$6301'.
No latch inferred for signal `$paramod\ksa_adder\WIDTH=32.$mem2bits$\p_stage$rtl/ksa/ksa_adder.v:41$4967' from process `$paramod\ksa_adder\WIDTH=32.$proc$rtl/ksa/ksa_adder.v:41$6299'.
No latch inferred for signal `$paramod\ksa_adder\WIDTH=32.$mem2bits$\p_stage$rtl/ksa/ksa_adder.v:41$4966' from process `$paramod\ksa_adder\WIDTH=32.$proc$rtl/ksa/ksa_adder.v:41$6297'.
No latch inferred for signal `$paramod\ksa_adder\WIDTH=32.$mem2bits$\g_stage$rtl/ksa/ksa_adder.v:40$4965' from process `$paramod\ksa_adder\WIDTH=32.$proc$rtl/ksa/ksa_adder.v:40$6295'.
No latch inferred for signal `$paramod\ksa_adder\WIDTH=32.$mem2bits$\p_stage$rtl/ksa/ksa_adder.v:40$4964' from process `$paramod\ksa_adder\WIDTH=32.$proc$rtl/ksa/ksa_adder.v:40$6293'.
No latch inferred for signal `$paramod\ksa_adder\WIDTH=32.$mem2bits$\g_stage$rtl/ksa/ksa_adder.v:40$4963' from process `$paramod\ksa_adder\WIDTH=32.$proc$rtl/ksa/ksa_adder.v:40$6291'.
No latch inferred for signal `$paramod\ksa_adder\WIDTH=32.$mem2bits$\p_stage$rtl/ksa/ksa_adder.v:41$4962' from process `$paramod\ksa_adder\WIDTH=32.$proc$rtl/ksa/ksa_adder.v:41$6289'.
No latch inferred for signal `$paramod\ksa_adder\WIDTH=32.$mem2bits$\p_stage$rtl/ksa/ksa_adder.v:41$4961' from process `$paramod\ksa_adder\WIDTH=32.$proc$rtl/ksa/ksa_adder.v:41$6287'.
No latch inferred for signal `$paramod\ksa_adder\WIDTH=32.$mem2bits$\g_stage$rtl/ksa/ksa_adder.v:40$4960' from process `$paramod\ksa_adder\WIDTH=32.$proc$rtl/ksa/ksa_adder.v:40$6285'.
No latch inferred for signal `$paramod\ksa_adder\WIDTH=32.$mem2bits$\p_stage$rtl/ksa/ksa_adder.v:40$4959' from process `$paramod\ksa_adder\WIDTH=32.$proc$rtl/ksa/ksa_adder.v:40$6283'.
No latch inferred for signal `$paramod\ksa_adder\WIDTH=32.$mem2bits$\g_stage$rtl/ksa/ksa_adder.v:40$4958' from process `$paramod\ksa_adder\WIDTH=32.$proc$rtl/ksa/ksa_adder.v:40$6281'.
No latch inferred for signal `$paramod\ksa_adder\WIDTH=32.$mem2bits$\p_stage$rtl/ksa/ksa_adder.v:41$4957' from process `$paramod\ksa_adder\WIDTH=32.$proc$rtl/ksa/ksa_adder.v:41$6279'.
No latch inferred for signal `$paramod\ksa_adder\WIDTH=32.$mem2bits$\p_stage$rtl/ksa/ksa_adder.v:41$4956' from process `$paramod\ksa_adder\WIDTH=32.$proc$rtl/ksa/ksa_adder.v:41$6277'.
No latch inferred for signal `$paramod\ksa_adder\WIDTH=32.$mem2bits$\g_stage$rtl/ksa/ksa_adder.v:40$4955' from process `$paramod\ksa_adder\WIDTH=32.$proc$rtl/ksa/ksa_adder.v:40$6275'.
No latch inferred for signal `$paramod\ksa_adder\WIDTH=32.$mem2bits$\p_stage$rtl/ksa/ksa_adder.v:40$4954' from process `$paramod\ksa_adder\WIDTH=32.$proc$rtl/ksa/ksa_adder.v:40$6273'.
No latch inferred for signal `$paramod\ksa_adder\WIDTH=32.$mem2bits$\g_stage$rtl/ksa/ksa_adder.v:40$4953' from process `$paramod\ksa_adder\WIDTH=32.$proc$rtl/ksa/ksa_adder.v:40$6271'.
No latch inferred for signal `$paramod\ksa_adder\WIDTH=32.$mem2bits$\p_stage$rtl/ksa/ksa_adder.v:41$4952' from process `$paramod\ksa_adder\WIDTH=32.$proc$rtl/ksa/ksa_adder.v:41$6269'.
No latch inferred for signal `$paramod\ksa_adder\WIDTH=32.$mem2bits$\p_stage$rtl/ksa/ksa_adder.v:41$4951' from process `$paramod\ksa_adder\WIDTH=32.$proc$rtl/ksa/ksa_adder.v:41$6267'.
No latch inferred for signal `$paramod\ksa_adder\WIDTH=32.$mem2bits$\g_stage$rtl/ksa/ksa_adder.v:40$4950' from process `$paramod\ksa_adder\WIDTH=32.$proc$rtl/ksa/ksa_adder.v:40$6265'.
No latch inferred for signal `$paramod\ksa_adder\WIDTH=32.$mem2bits$\p_stage$rtl/ksa/ksa_adder.v:40$4949' from process `$paramod\ksa_adder\WIDTH=32.$proc$rtl/ksa/ksa_adder.v:40$6263'.
No latch inferred for signal `$paramod\ksa_adder\WIDTH=32.$mem2bits$\g_stage$rtl/ksa/ksa_adder.v:40$4948' from process `$paramod\ksa_adder\WIDTH=32.$proc$rtl/ksa/ksa_adder.v:40$6261'.
No latch inferred for signal `$paramod\ksa_adder\WIDTH=32.$mem2bits$\p_stage$rtl/ksa/ksa_adder.v:41$4947' from process `$paramod\ksa_adder\WIDTH=32.$proc$rtl/ksa/ksa_adder.v:41$6259'.
No latch inferred for signal `$paramod\ksa_adder\WIDTH=32.$mem2bits$\p_stage$rtl/ksa/ksa_adder.v:41$4946' from process `$paramod\ksa_adder\WIDTH=32.$proc$rtl/ksa/ksa_adder.v:41$6257'.
No latch inferred for signal `$paramod\ksa_adder\WIDTH=32.$mem2bits$\g_stage$rtl/ksa/ksa_adder.v:40$4945' from process `$paramod\ksa_adder\WIDTH=32.$proc$rtl/ksa/ksa_adder.v:40$6255'.
No latch inferred for signal `$paramod\ksa_adder\WIDTH=32.$mem2bits$\p_stage$rtl/ksa/ksa_adder.v:40$4944' from process `$paramod\ksa_adder\WIDTH=32.$proc$rtl/ksa/ksa_adder.v:40$6253'.
No latch inferred for signal `$paramod\ksa_adder\WIDTH=32.$mem2bits$\g_stage$rtl/ksa/ksa_adder.v:40$4943' from process `$paramod\ksa_adder\WIDTH=32.$proc$rtl/ksa/ksa_adder.v:40$6251'.
No latch inferred for signal `$paramod\ksa_adder\WIDTH=32.$mem2bits$\p_stage$rtl/ksa/ksa_adder.v:41$4942' from process `$paramod\ksa_adder\WIDTH=32.$proc$rtl/ksa/ksa_adder.v:41$6249'.
No latch inferred for signal `$paramod\ksa_adder\WIDTH=32.$mem2bits$\p_stage$rtl/ksa/ksa_adder.v:41$4941' from process `$paramod\ksa_adder\WIDTH=32.$proc$rtl/ksa/ksa_adder.v:41$6247'.
No latch inferred for signal `$paramod\ksa_adder\WIDTH=32.$mem2bits$\g_stage$rtl/ksa/ksa_adder.v:40$4940' from process `$paramod\ksa_adder\WIDTH=32.$proc$rtl/ksa/ksa_adder.v:40$6245'.
No latch inferred for signal `$paramod\ksa_adder\WIDTH=32.$mem2bits$\p_stage$rtl/ksa/ksa_adder.v:40$4939' from process `$paramod\ksa_adder\WIDTH=32.$proc$rtl/ksa/ksa_adder.v:40$6243'.
No latch inferred for signal `$paramod\ksa_adder\WIDTH=32.$mem2bits$\g_stage$rtl/ksa/ksa_adder.v:40$4938' from process `$paramod\ksa_adder\WIDTH=32.$proc$rtl/ksa/ksa_adder.v:40$6241'.
No latch inferred for signal `$paramod\ksa_adder\WIDTH=32.$mem2bits$\p_stage$rtl/ksa/ksa_adder.v:41$4937' from process `$paramod\ksa_adder\WIDTH=32.$proc$rtl/ksa/ksa_adder.v:41$6239'.
No latch inferred for signal `$paramod\ksa_adder\WIDTH=32.$mem2bits$\p_stage$rtl/ksa/ksa_adder.v:41$4936' from process `$paramod\ksa_adder\WIDTH=32.$proc$rtl/ksa/ksa_adder.v:41$6237'.
No latch inferred for signal `$paramod\ksa_adder\WIDTH=32.$mem2bits$\g_stage$rtl/ksa/ksa_adder.v:40$4935' from process `$paramod\ksa_adder\WIDTH=32.$proc$rtl/ksa/ksa_adder.v:40$6235'.
No latch inferred for signal `$paramod\ksa_adder\WIDTH=32.$mem2bits$\p_stage$rtl/ksa/ksa_adder.v:40$4934' from process `$paramod\ksa_adder\WIDTH=32.$proc$rtl/ksa/ksa_adder.v:40$6233'.
No latch inferred for signal `$paramod\ksa_adder\WIDTH=32.$mem2bits$\g_stage$rtl/ksa/ksa_adder.v:40$4933' from process `$paramod\ksa_adder\WIDTH=32.$proc$rtl/ksa/ksa_adder.v:40$6231'.
No latch inferred for signal `$paramod\ksa_adder\WIDTH=32.$mem2bits$\p_stage$rtl/ksa/ksa_adder.v:41$4932' from process `$paramod\ksa_adder\WIDTH=32.$proc$rtl/ksa/ksa_adder.v:41$6229'.
No latch inferred for signal `$paramod\ksa_adder\WIDTH=32.$mem2bits$\p_stage$rtl/ksa/ksa_adder.v:41$4931' from process `$paramod\ksa_adder\WIDTH=32.$proc$rtl/ksa/ksa_adder.v:41$6227'.
No latch inferred for signal `$paramod\ksa_adder\WIDTH=32.$mem2bits$\g_stage$rtl/ksa/ksa_adder.v:40$4930' from process `$paramod\ksa_adder\WIDTH=32.$proc$rtl/ksa/ksa_adder.v:40$6225'.
No latch inferred for signal `$paramod\ksa_adder\WIDTH=32.$mem2bits$\p_stage$rtl/ksa/ksa_adder.v:40$4929' from process `$paramod\ksa_adder\WIDTH=32.$proc$rtl/ksa/ksa_adder.v:40$6223'.
No latch inferred for signal `$paramod\ksa_adder\WIDTH=32.$mem2bits$\g_stage$rtl/ksa/ksa_adder.v:40$4928' from process `$paramod\ksa_adder\WIDTH=32.$proc$rtl/ksa/ksa_adder.v:40$6221'.
No latch inferred for signal `$paramod\ksa_adder\WIDTH=32.$mem2bits$\p_stage$rtl/ksa/ksa_adder.v:41$4927' from process `$paramod\ksa_adder\WIDTH=32.$proc$rtl/ksa/ksa_adder.v:41$6219'.
No latch inferred for signal `$paramod\ksa_adder\WIDTH=32.$mem2bits$\p_stage$rtl/ksa/ksa_adder.v:41$4926' from process `$paramod\ksa_adder\WIDTH=32.$proc$rtl/ksa/ksa_adder.v:41$6217'.
No latch inferred for signal `$paramod\ksa_adder\WIDTH=32.$mem2bits$\g_stage$rtl/ksa/ksa_adder.v:40$4925' from process `$paramod\ksa_adder\WIDTH=32.$proc$rtl/ksa/ksa_adder.v:40$6215'.
No latch inferred for signal `$paramod\ksa_adder\WIDTH=32.$mem2bits$\p_stage$rtl/ksa/ksa_adder.v:40$4924' from process `$paramod\ksa_adder\WIDTH=32.$proc$rtl/ksa/ksa_adder.v:40$6213'.
No latch inferred for signal `$paramod\ksa_adder\WIDTH=32.$mem2bits$\g_stage$rtl/ksa/ksa_adder.v:40$4923' from process `$paramod\ksa_adder\WIDTH=32.$proc$rtl/ksa/ksa_adder.v:40$6211'.
No latch inferred for signal `$paramod\ksa_adder\WIDTH=32.$mem2bits$\p_stage$rtl/ksa/ksa_adder.v:41$4922' from process `$paramod\ksa_adder\WIDTH=32.$proc$rtl/ksa/ksa_adder.v:41$6209'.
No latch inferred for signal `$paramod\ksa_adder\WIDTH=32.$mem2bits$\p_stage$rtl/ksa/ksa_adder.v:41$4921' from process `$paramod\ksa_adder\WIDTH=32.$proc$rtl/ksa/ksa_adder.v:41$6207'.
No latch inferred for signal `$paramod\ksa_adder\WIDTH=32.$mem2bits$\g_stage$rtl/ksa/ksa_adder.v:40$4920' from process `$paramod\ksa_adder\WIDTH=32.$proc$rtl/ksa/ksa_adder.v:40$6205'.
No latch inferred for signal `$paramod\ksa_adder\WIDTH=32.$mem2bits$\p_stage$rtl/ksa/ksa_adder.v:40$4919' from process `$paramod\ksa_adder\WIDTH=32.$proc$rtl/ksa/ksa_adder.v:40$6203'.
No latch inferred for signal `$paramod\ksa_adder\WIDTH=32.$mem2bits$\g_stage$rtl/ksa/ksa_adder.v:40$4918' from process `$paramod\ksa_adder\WIDTH=32.$proc$rtl/ksa/ksa_adder.v:40$6201'.
No latch inferred for signal `$paramod\ksa_adder\WIDTH=32.$mem2bits$\p_stage$rtl/ksa/ksa_adder.v:41$4917' from process `$paramod\ksa_adder\WIDTH=32.$proc$rtl/ksa/ksa_adder.v:41$6199'.
No latch inferred for signal `$paramod\ksa_adder\WIDTH=32.$mem2bits$\p_stage$rtl/ksa/ksa_adder.v:41$4916' from process `$paramod\ksa_adder\WIDTH=32.$proc$rtl/ksa/ksa_adder.v:41$6197'.
No latch inferred for signal `$paramod\ksa_adder\WIDTH=32.$mem2bits$\g_stage$rtl/ksa/ksa_adder.v:40$4915' from process `$paramod\ksa_adder\WIDTH=32.$proc$rtl/ksa/ksa_adder.v:40$6195'.
No latch inferred for signal `$paramod\ksa_adder\WIDTH=32.$mem2bits$\p_stage$rtl/ksa/ksa_adder.v:40$4914' from process `$paramod\ksa_adder\WIDTH=32.$proc$rtl/ksa/ksa_adder.v:40$6193'.
No latch inferred for signal `$paramod\ksa_adder\WIDTH=32.$mem2bits$\g_stage$rtl/ksa/ksa_adder.v:40$4913' from process `$paramod\ksa_adder\WIDTH=32.$proc$rtl/ksa/ksa_adder.v:40$6191'.
No latch inferred for signal `$paramod\ksa_adder\WIDTH=32.$mem2bits$\p_stage$rtl/ksa/ksa_adder.v:38$4912' from process `$paramod\ksa_adder\WIDTH=32.$proc$rtl/ksa/ksa_adder.v:38$6189'.
No latch inferred for signal `$paramod\ksa_adder\WIDTH=32.$mem2bits$\g_stage$rtl/ksa/ksa_adder.v:37$4911' from process `$paramod\ksa_adder\WIDTH=32.$proc$rtl/ksa/ksa_adder.v:37$6187'.
No latch inferred for signal `$paramod\ksa_adder\WIDTH=32.$mem2bits$\p_stage$rtl/ksa/ksa_adder.v:38$4910' from process `$paramod\ksa_adder\WIDTH=32.$proc$rtl/ksa/ksa_adder.v:38$6185'.
No latch inferred for signal `$paramod\ksa_adder\WIDTH=32.$mem2bits$\g_stage$rtl/ksa/ksa_adder.v:37$4909' from process `$paramod\ksa_adder\WIDTH=32.$proc$rtl/ksa/ksa_adder.v:37$6183'.
No latch inferred for signal `$paramod\ksa_adder\WIDTH=32.$mem2bits$\p_stage$rtl/ksa/ksa_adder.v:38$4908' from process `$paramod\ksa_adder\WIDTH=32.$proc$rtl/ksa/ksa_adder.v:38$6181'.
No latch inferred for signal `$paramod\ksa_adder\WIDTH=32.$mem2bits$\g_stage$rtl/ksa/ksa_adder.v:37$4907' from process `$paramod\ksa_adder\WIDTH=32.$proc$rtl/ksa/ksa_adder.v:37$6179'.
No latch inferred for signal `$paramod\ksa_adder\WIDTH=32.$mem2bits$\p_stage$rtl/ksa/ksa_adder.v:38$4906' from process `$paramod\ksa_adder\WIDTH=32.$proc$rtl/ksa/ksa_adder.v:38$6177'.
No latch inferred for signal `$paramod\ksa_adder\WIDTH=32.$mem2bits$\g_stage$rtl/ksa/ksa_adder.v:37$4905' from process `$paramod\ksa_adder\WIDTH=32.$proc$rtl/ksa/ksa_adder.v:37$6175'.
No latch inferred for signal `$paramod\ksa_adder\WIDTH=32.$mem2bits$\p_stage$rtl/ksa/ksa_adder.v:38$4904' from process `$paramod\ksa_adder\WIDTH=32.$proc$rtl/ksa/ksa_adder.v:38$6173'.
No latch inferred for signal `$paramod\ksa_adder\WIDTH=32.$mem2bits$\g_stage$rtl/ksa/ksa_adder.v:37$4903' from process `$paramod\ksa_adder\WIDTH=32.$proc$rtl/ksa/ksa_adder.v:37$6171'.
No latch inferred for signal `$paramod\ksa_adder\WIDTH=32.$mem2bits$\p_stage$rtl/ksa/ksa_adder.v:38$4902' from process `$paramod\ksa_adder\WIDTH=32.$proc$rtl/ksa/ksa_adder.v:38$6169'.
No latch inferred for signal `$paramod\ksa_adder\WIDTH=32.$mem2bits$\g_stage$rtl/ksa/ksa_adder.v:37$4901' from process `$paramod\ksa_adder\WIDTH=32.$proc$rtl/ksa/ksa_adder.v:37$6167'.
No latch inferred for signal `$paramod\ksa_adder\WIDTH=32.$mem2bits$\p_stage$rtl/ksa/ksa_adder.v:38$4900' from process `$paramod\ksa_adder\WIDTH=32.$proc$rtl/ksa/ksa_adder.v:38$6165'.
No latch inferred for signal `$paramod\ksa_adder\WIDTH=32.$mem2bits$\g_stage$rtl/ksa/ksa_adder.v:37$4899' from process `$paramod\ksa_adder\WIDTH=32.$proc$rtl/ksa/ksa_adder.v:37$6163'.
No latch inferred for signal `$paramod\ksa_adder\WIDTH=32.$mem2bits$\p_stage$rtl/ksa/ksa_adder.v:38$4898' from process `$paramod\ksa_adder\WIDTH=32.$proc$rtl/ksa/ksa_adder.v:38$6161'.
No latch inferred for signal `$paramod\ksa_adder\WIDTH=32.$mem2bits$\g_stage$rtl/ksa/ksa_adder.v:37$4897' from process `$paramod\ksa_adder\WIDTH=32.$proc$rtl/ksa/ksa_adder.v:37$6159'.
No latch inferred for signal `$paramod\ksa_adder\WIDTH=32.$mem2bits$\p_stage$rtl/ksa/ksa_adder.v:41$4896' from process `$paramod\ksa_adder\WIDTH=32.$proc$rtl/ksa/ksa_adder.v:41$6157'.
No latch inferred for signal `$paramod\ksa_adder\WIDTH=32.$mem2bits$\p_stage$rtl/ksa/ksa_adder.v:41$4895' from process `$paramod\ksa_adder\WIDTH=32.$proc$rtl/ksa/ksa_adder.v:41$6155'.
No latch inferred for signal `$paramod\ksa_adder\WIDTH=32.$mem2bits$\g_stage$rtl/ksa/ksa_adder.v:40$4894' from process `$paramod\ksa_adder\WIDTH=32.$proc$rtl/ksa/ksa_adder.v:40$6153'.
No latch inferred for signal `$paramod\ksa_adder\WIDTH=32.$mem2bits$\p_stage$rtl/ksa/ksa_adder.v:40$4893' from process `$paramod\ksa_adder\WIDTH=32.$proc$rtl/ksa/ksa_adder.v:40$6151'.
No latch inferred for signal `$paramod\ksa_adder\WIDTH=32.$mem2bits$\g_stage$rtl/ksa/ksa_adder.v:40$4892' from process `$paramod\ksa_adder\WIDTH=32.$proc$rtl/ksa/ksa_adder.v:40$6149'.
No latch inferred for signal `$paramod\ksa_adder\WIDTH=32.$mem2bits$\p_stage$rtl/ksa/ksa_adder.v:41$4891' from process `$paramod\ksa_adder\WIDTH=32.$proc$rtl/ksa/ksa_adder.v:41$6147'.
No latch inferred for signal `$paramod\ksa_adder\WIDTH=32.$mem2bits$\p_stage$rtl/ksa/ksa_adder.v:41$4890' from process `$paramod\ksa_adder\WIDTH=32.$proc$rtl/ksa/ksa_adder.v:41$6145'.
No latch inferred for signal `$paramod\ksa_adder\WIDTH=32.$mem2bits$\g_stage$rtl/ksa/ksa_adder.v:40$4889' from process `$paramod\ksa_adder\WIDTH=32.$proc$rtl/ksa/ksa_adder.v:40$6143'.
No latch inferred for signal `$paramod\ksa_adder\WIDTH=32.$mem2bits$\p_stage$rtl/ksa/ksa_adder.v:40$4888' from process `$paramod\ksa_adder\WIDTH=32.$proc$rtl/ksa/ksa_adder.v:40$6141'.
No latch inferred for signal `$paramod\ksa_adder\WIDTH=32.$mem2bits$\g_stage$rtl/ksa/ksa_adder.v:40$4887' from process `$paramod\ksa_adder\WIDTH=32.$proc$rtl/ksa/ksa_adder.v:40$6139'.
No latch inferred for signal `$paramod\ksa_adder\WIDTH=32.$mem2bits$\p_stage$rtl/ksa/ksa_adder.v:41$4886' from process `$paramod\ksa_adder\WIDTH=32.$proc$rtl/ksa/ksa_adder.v:41$6137'.
No latch inferred for signal `$paramod\ksa_adder\WIDTH=32.$mem2bits$\p_stage$rtl/ksa/ksa_adder.v:41$4885' from process `$paramod\ksa_adder\WIDTH=32.$proc$rtl/ksa/ksa_adder.v:41$6135'.
No latch inferred for signal `$paramod\ksa_adder\WIDTH=32.$mem2bits$\g_stage$rtl/ksa/ksa_adder.v:40$4884' from process `$paramod\ksa_adder\WIDTH=32.$proc$rtl/ksa/ksa_adder.v:40$6133'.
No latch inferred for signal `$paramod\ksa_adder\WIDTH=32.$mem2bits$\p_stage$rtl/ksa/ksa_adder.v:40$4883' from process `$paramod\ksa_adder\WIDTH=32.$proc$rtl/ksa/ksa_adder.v:40$6131'.
No latch inferred for signal `$paramod\ksa_adder\WIDTH=32.$mem2bits$\g_stage$rtl/ksa/ksa_adder.v:40$4882' from process `$paramod\ksa_adder\WIDTH=32.$proc$rtl/ksa/ksa_adder.v:40$6129'.
No latch inferred for signal `$paramod\ksa_adder\WIDTH=32.$mem2bits$\p_stage$rtl/ksa/ksa_adder.v:41$4881' from process `$paramod\ksa_adder\WIDTH=32.$proc$rtl/ksa/ksa_adder.v:41$6127'.
No latch inferred for signal `$paramod\ksa_adder\WIDTH=32.$mem2bits$\p_stage$rtl/ksa/ksa_adder.v:41$4880' from process `$paramod\ksa_adder\WIDTH=32.$proc$rtl/ksa/ksa_adder.v:41$6125'.
No latch inferred for signal `$paramod\ksa_adder\WIDTH=32.$mem2bits$\g_stage$rtl/ksa/ksa_adder.v:40$4879' from process `$paramod\ksa_adder\WIDTH=32.$proc$rtl/ksa/ksa_adder.v:40$6123'.
No latch inferred for signal `$paramod\ksa_adder\WIDTH=32.$mem2bits$\p_stage$rtl/ksa/ksa_adder.v:40$4878' from process `$paramod\ksa_adder\WIDTH=32.$proc$rtl/ksa/ksa_adder.v:40$6121'.
No latch inferred for signal `$paramod\ksa_adder\WIDTH=32.$mem2bits$\g_stage$rtl/ksa/ksa_adder.v:40$4877' from process `$paramod\ksa_adder\WIDTH=32.$proc$rtl/ksa/ksa_adder.v:40$6119'.
No latch inferred for signal `$paramod\ksa_adder\WIDTH=32.$mem2bits$\p_stage$rtl/ksa/ksa_adder.v:41$4876' from process `$paramod\ksa_adder\WIDTH=32.$proc$rtl/ksa/ksa_adder.v:41$6117'.
No latch inferred for signal `$paramod\ksa_adder\WIDTH=32.$mem2bits$\p_stage$rtl/ksa/ksa_adder.v:41$4875' from process `$paramod\ksa_adder\WIDTH=32.$proc$rtl/ksa/ksa_adder.v:41$6115'.
No latch inferred for signal `$paramod\ksa_adder\WIDTH=32.$mem2bits$\g_stage$rtl/ksa/ksa_adder.v:40$4874' from process `$paramod\ksa_adder\WIDTH=32.$proc$rtl/ksa/ksa_adder.v:40$6113'.
No latch inferred for signal `$paramod\ksa_adder\WIDTH=32.$mem2bits$\p_stage$rtl/ksa/ksa_adder.v:40$4873' from process `$paramod\ksa_adder\WIDTH=32.$proc$rtl/ksa/ksa_adder.v:40$6111'.
No latch inferred for signal `$paramod\ksa_adder\WIDTH=32.$mem2bits$\g_stage$rtl/ksa/ksa_adder.v:40$4872' from process `$paramod\ksa_adder\WIDTH=32.$proc$rtl/ksa/ksa_adder.v:40$6109'.
No latch inferred for signal `$paramod\ksa_adder\WIDTH=32.$mem2bits$\p_stage$rtl/ksa/ksa_adder.v:41$4871' from process `$paramod\ksa_adder\WIDTH=32.$proc$rtl/ksa/ksa_adder.v:41$6107'.
No latch inferred for signal `$paramod\ksa_adder\WIDTH=32.$mem2bits$\p_stage$rtl/ksa/ksa_adder.v:41$4870' from process `$paramod\ksa_adder\WIDTH=32.$proc$rtl/ksa/ksa_adder.v:41$6105'.
No latch inferred for signal `$paramod\ksa_adder\WIDTH=32.$mem2bits$\g_stage$rtl/ksa/ksa_adder.v:40$4869' from process `$paramod\ksa_adder\WIDTH=32.$proc$rtl/ksa/ksa_adder.v:40$6103'.
No latch inferred for signal `$paramod\ksa_adder\WIDTH=32.$mem2bits$\p_stage$rtl/ksa/ksa_adder.v:40$4868' from process `$paramod\ksa_adder\WIDTH=32.$proc$rtl/ksa/ksa_adder.v:40$6101'.
No latch inferred for signal `$paramod\ksa_adder\WIDTH=32.$mem2bits$\g_stage$rtl/ksa/ksa_adder.v:40$4867' from process `$paramod\ksa_adder\WIDTH=32.$proc$rtl/ksa/ksa_adder.v:40$6099'.
No latch inferred for signal `$paramod\ksa_adder\WIDTH=32.$mem2bits$\p_stage$rtl/ksa/ksa_adder.v:41$4866' from process `$paramod\ksa_adder\WIDTH=32.$proc$rtl/ksa/ksa_adder.v:41$6097'.
No latch inferred for signal `$paramod\ksa_adder\WIDTH=32.$mem2bits$\p_stage$rtl/ksa/ksa_adder.v:41$4865' from process `$paramod\ksa_adder\WIDTH=32.$proc$rtl/ksa/ksa_adder.v:41$6095'.
No latch inferred for signal `$paramod\ksa_adder\WIDTH=32.$mem2bits$\g_stage$rtl/ksa/ksa_adder.v:40$4864' from process `$paramod\ksa_adder\WIDTH=32.$proc$rtl/ksa/ksa_adder.v:40$6093'.
No latch inferred for signal `$paramod\ksa_adder\WIDTH=32.$mem2bits$\p_stage$rtl/ksa/ksa_adder.v:40$4863' from process `$paramod\ksa_adder\WIDTH=32.$proc$rtl/ksa/ksa_adder.v:40$6091'.
No latch inferred for signal `$paramod\ksa_adder\WIDTH=32.$mem2bits$\g_stage$rtl/ksa/ksa_adder.v:40$4862' from process `$paramod\ksa_adder\WIDTH=32.$proc$rtl/ksa/ksa_adder.v:40$6089'.
No latch inferred for signal `$paramod\ksa_adder\WIDTH=32.$mem2bits$\p_stage$rtl/ksa/ksa_adder.v:41$4861' from process `$paramod\ksa_adder\WIDTH=32.$proc$rtl/ksa/ksa_adder.v:41$6087'.
No latch inferred for signal `$paramod\ksa_adder\WIDTH=32.$mem2bits$\p_stage$rtl/ksa/ksa_adder.v:41$4860' from process `$paramod\ksa_adder\WIDTH=32.$proc$rtl/ksa/ksa_adder.v:41$6085'.
No latch inferred for signal `$paramod\ksa_adder\WIDTH=32.$mem2bits$\g_stage$rtl/ksa/ksa_adder.v:40$4859' from process `$paramod\ksa_adder\WIDTH=32.$proc$rtl/ksa/ksa_adder.v:40$6083'.
No latch inferred for signal `$paramod\ksa_adder\WIDTH=32.$mem2bits$\p_stage$rtl/ksa/ksa_adder.v:40$4858' from process `$paramod\ksa_adder\WIDTH=32.$proc$rtl/ksa/ksa_adder.v:40$6081'.
No latch inferred for signal `$paramod\ksa_adder\WIDTH=32.$mem2bits$\g_stage$rtl/ksa/ksa_adder.v:40$4857' from process `$paramod\ksa_adder\WIDTH=32.$proc$rtl/ksa/ksa_adder.v:40$6079'.
No latch inferred for signal `$paramod\ksa_adder\WIDTH=32.$mem2bits$\p_stage$rtl/ksa/ksa_adder.v:41$4856' from process `$paramod\ksa_adder\WIDTH=32.$proc$rtl/ksa/ksa_adder.v:41$6077'.
No latch inferred for signal `$paramod\ksa_adder\WIDTH=32.$mem2bits$\p_stage$rtl/ksa/ksa_adder.v:41$4855' from process `$paramod\ksa_adder\WIDTH=32.$proc$rtl/ksa/ksa_adder.v:41$6075'.
No latch inferred for signal `$paramod\ksa_adder\WIDTH=32.$mem2bits$\g_stage$rtl/ksa/ksa_adder.v:40$4854' from process `$paramod\ksa_adder\WIDTH=32.$proc$rtl/ksa/ksa_adder.v:40$6073'.
No latch inferred for signal `$paramod\ksa_adder\WIDTH=32.$mem2bits$\p_stage$rtl/ksa/ksa_adder.v:40$4853' from process `$paramod\ksa_adder\WIDTH=32.$proc$rtl/ksa/ksa_adder.v:40$6071'.
No latch inferred for signal `$paramod\ksa_adder\WIDTH=32.$mem2bits$\g_stage$rtl/ksa/ksa_adder.v:40$4852' from process `$paramod\ksa_adder\WIDTH=32.$proc$rtl/ksa/ksa_adder.v:40$6069'.
No latch inferred for signal `$paramod\ksa_adder\WIDTH=32.$mem2bits$\p_stage$rtl/ksa/ksa_adder.v:41$4851' from process `$paramod\ksa_adder\WIDTH=32.$proc$rtl/ksa/ksa_adder.v:41$6067'.
No latch inferred for signal `$paramod\ksa_adder\WIDTH=32.$mem2bits$\p_stage$rtl/ksa/ksa_adder.v:41$4850' from process `$paramod\ksa_adder\WIDTH=32.$proc$rtl/ksa/ksa_adder.v:41$6065'.
No latch inferred for signal `$paramod\ksa_adder\WIDTH=32.$mem2bits$\g_stage$rtl/ksa/ksa_adder.v:40$4849' from process `$paramod\ksa_adder\WIDTH=32.$proc$rtl/ksa/ksa_adder.v:40$6063'.
No latch inferred for signal `$paramod\ksa_adder\WIDTH=32.$mem2bits$\p_stage$rtl/ksa/ksa_adder.v:40$4848' from process `$paramod\ksa_adder\WIDTH=32.$proc$rtl/ksa/ksa_adder.v:40$6061'.
No latch inferred for signal `$paramod\ksa_adder\WIDTH=32.$mem2bits$\g_stage$rtl/ksa/ksa_adder.v:40$4847' from process `$paramod\ksa_adder\WIDTH=32.$proc$rtl/ksa/ksa_adder.v:40$6059'.
No latch inferred for signal `$paramod\ksa_adder\WIDTH=32.$mem2bits$\p_stage$rtl/ksa/ksa_adder.v:41$4846' from process `$paramod\ksa_adder\WIDTH=32.$proc$rtl/ksa/ksa_adder.v:41$6057'.
No latch inferred for signal `$paramod\ksa_adder\WIDTH=32.$mem2bits$\p_stage$rtl/ksa/ksa_adder.v:41$4845' from process `$paramod\ksa_adder\WIDTH=32.$proc$rtl/ksa/ksa_adder.v:41$6055'.
No latch inferred for signal `$paramod\ksa_adder\WIDTH=32.$mem2bits$\g_stage$rtl/ksa/ksa_adder.v:40$4844' from process `$paramod\ksa_adder\WIDTH=32.$proc$rtl/ksa/ksa_adder.v:40$6053'.
No latch inferred for signal `$paramod\ksa_adder\WIDTH=32.$mem2bits$\p_stage$rtl/ksa/ksa_adder.v:40$4843' from process `$paramod\ksa_adder\WIDTH=32.$proc$rtl/ksa/ksa_adder.v:40$6051'.
No latch inferred for signal `$paramod\ksa_adder\WIDTH=32.$mem2bits$\g_stage$rtl/ksa/ksa_adder.v:40$4842' from process `$paramod\ksa_adder\WIDTH=32.$proc$rtl/ksa/ksa_adder.v:40$6049'.
No latch inferred for signal `$paramod\ksa_adder\WIDTH=32.$mem2bits$\p_stage$rtl/ksa/ksa_adder.v:41$4841' from process `$paramod\ksa_adder\WIDTH=32.$proc$rtl/ksa/ksa_adder.v:41$6047'.
No latch inferred for signal `$paramod\ksa_adder\WIDTH=32.$mem2bits$\p_stage$rtl/ksa/ksa_adder.v:41$4840' from process `$paramod\ksa_adder\WIDTH=32.$proc$rtl/ksa/ksa_adder.v:41$6045'.
No latch inferred for signal `$paramod\ksa_adder\WIDTH=32.$mem2bits$\g_stage$rtl/ksa/ksa_adder.v:40$4839' from process `$paramod\ksa_adder\WIDTH=32.$proc$rtl/ksa/ksa_adder.v:40$6043'.
No latch inferred for signal `$paramod\ksa_adder\WIDTH=32.$mem2bits$\p_stage$rtl/ksa/ksa_adder.v:40$4838' from process `$paramod\ksa_adder\WIDTH=32.$proc$rtl/ksa/ksa_adder.v:40$6041'.
No latch inferred for signal `$paramod\ksa_adder\WIDTH=32.$mem2bits$\g_stage$rtl/ksa/ksa_adder.v:40$4837' from process `$paramod\ksa_adder\WIDTH=32.$proc$rtl/ksa/ksa_adder.v:40$6039'.
No latch inferred for signal `$paramod\ksa_adder\WIDTH=32.$mem2bits$\p_stage$rtl/ksa/ksa_adder.v:41$4836' from process `$paramod\ksa_adder\WIDTH=32.$proc$rtl/ksa/ksa_adder.v:41$6037'.
No latch inferred for signal `$paramod\ksa_adder\WIDTH=32.$mem2bits$\p_stage$rtl/ksa/ksa_adder.v:41$4835' from process `$paramod\ksa_adder\WIDTH=32.$proc$rtl/ksa/ksa_adder.v:41$6035'.
No latch inferred for signal `$paramod\ksa_adder\WIDTH=32.$mem2bits$\g_stage$rtl/ksa/ksa_adder.v:40$4834' from process `$paramod\ksa_adder\WIDTH=32.$proc$rtl/ksa/ksa_adder.v:40$6033'.
No latch inferred for signal `$paramod\ksa_adder\WIDTH=32.$mem2bits$\p_stage$rtl/ksa/ksa_adder.v:40$4833' from process `$paramod\ksa_adder\WIDTH=32.$proc$rtl/ksa/ksa_adder.v:40$6031'.
No latch inferred for signal `$paramod\ksa_adder\WIDTH=32.$mem2bits$\g_stage$rtl/ksa/ksa_adder.v:40$4832' from process `$paramod\ksa_adder\WIDTH=32.$proc$rtl/ksa/ksa_adder.v:40$6029'.
No latch inferred for signal `$paramod\ksa_adder\WIDTH=32.$mem2bits$\p_stage$rtl/ksa/ksa_adder.v:41$4831' from process `$paramod\ksa_adder\WIDTH=32.$proc$rtl/ksa/ksa_adder.v:41$6027'.
No latch inferred for signal `$paramod\ksa_adder\WIDTH=32.$mem2bits$\p_stage$rtl/ksa/ksa_adder.v:41$4830' from process `$paramod\ksa_adder\WIDTH=32.$proc$rtl/ksa/ksa_adder.v:41$6025'.
No latch inferred for signal `$paramod\ksa_adder\WIDTH=32.$mem2bits$\g_stage$rtl/ksa/ksa_adder.v:40$4829' from process `$paramod\ksa_adder\WIDTH=32.$proc$rtl/ksa/ksa_adder.v:40$6023'.
No latch inferred for signal `$paramod\ksa_adder\WIDTH=32.$mem2bits$\p_stage$rtl/ksa/ksa_adder.v:40$4828' from process `$paramod\ksa_adder\WIDTH=32.$proc$rtl/ksa/ksa_adder.v:40$6021'.
No latch inferred for signal `$paramod\ksa_adder\WIDTH=32.$mem2bits$\g_stage$rtl/ksa/ksa_adder.v:40$4827' from process `$paramod\ksa_adder\WIDTH=32.$proc$rtl/ksa/ksa_adder.v:40$6019'.
No latch inferred for signal `$paramod\ksa_adder\WIDTH=32.$mem2bits$\p_stage$rtl/ksa/ksa_adder.v:41$4826' from process `$paramod\ksa_adder\WIDTH=32.$proc$rtl/ksa/ksa_adder.v:41$6017'.
No latch inferred for signal `$paramod\ksa_adder\WIDTH=32.$mem2bits$\p_stage$rtl/ksa/ksa_adder.v:41$4825' from process `$paramod\ksa_adder\WIDTH=32.$proc$rtl/ksa/ksa_adder.v:41$6015'.
No latch inferred for signal `$paramod\ksa_adder\WIDTH=32.$mem2bits$\g_stage$rtl/ksa/ksa_adder.v:40$4824' from process `$paramod\ksa_adder\WIDTH=32.$proc$rtl/ksa/ksa_adder.v:40$6013'.
No latch inferred for signal `$paramod\ksa_adder\WIDTH=32.$mem2bits$\p_stage$rtl/ksa/ksa_adder.v:40$4823' from process `$paramod\ksa_adder\WIDTH=32.$proc$rtl/ksa/ksa_adder.v:40$6011'.
No latch inferred for signal `$paramod\ksa_adder\WIDTH=32.$mem2bits$\g_stage$rtl/ksa/ksa_adder.v:40$4822' from process `$paramod\ksa_adder\WIDTH=32.$proc$rtl/ksa/ksa_adder.v:40$6009'.
No latch inferred for signal `$paramod\ksa_adder\WIDTH=32.$mem2bits$\p_stage$rtl/ksa/ksa_adder.v:41$4821' from process `$paramod\ksa_adder\WIDTH=32.$proc$rtl/ksa/ksa_adder.v:41$6007'.
No latch inferred for signal `$paramod\ksa_adder\WIDTH=32.$mem2bits$\p_stage$rtl/ksa/ksa_adder.v:41$4820' from process `$paramod\ksa_adder\WIDTH=32.$proc$rtl/ksa/ksa_adder.v:41$6005'.
No latch inferred for signal `$paramod\ksa_adder\WIDTH=32.$mem2bits$\g_stage$rtl/ksa/ksa_adder.v:40$4819' from process `$paramod\ksa_adder\WIDTH=32.$proc$rtl/ksa/ksa_adder.v:40$6003'.
No latch inferred for signal `$paramod\ksa_adder\WIDTH=32.$mem2bits$\p_stage$rtl/ksa/ksa_adder.v:40$4818' from process `$paramod\ksa_adder\WIDTH=32.$proc$rtl/ksa/ksa_adder.v:40$6001'.
No latch inferred for signal `$paramod\ksa_adder\WIDTH=32.$mem2bits$\g_stage$rtl/ksa/ksa_adder.v:40$4817' from process `$paramod\ksa_adder\WIDTH=32.$proc$rtl/ksa/ksa_adder.v:40$5999'.
No latch inferred for signal `$paramod\ksa_adder\WIDTH=32.$mem2bits$\p_stage$rtl/ksa/ksa_adder.v:41$4816' from process `$paramod\ksa_adder\WIDTH=32.$proc$rtl/ksa/ksa_adder.v:41$5997'.
No latch inferred for signal `$paramod\ksa_adder\WIDTH=32.$mem2bits$\p_stage$rtl/ksa/ksa_adder.v:41$4815' from process `$paramod\ksa_adder\WIDTH=32.$proc$rtl/ksa/ksa_adder.v:41$5995'.
No latch inferred for signal `$paramod\ksa_adder\WIDTH=32.$mem2bits$\g_stage$rtl/ksa/ksa_adder.v:40$4814' from process `$paramod\ksa_adder\WIDTH=32.$proc$rtl/ksa/ksa_adder.v:40$5993'.
No latch inferred for signal `$paramod\ksa_adder\WIDTH=32.$mem2bits$\p_stage$rtl/ksa/ksa_adder.v:40$4813' from process `$paramod\ksa_adder\WIDTH=32.$proc$rtl/ksa/ksa_adder.v:40$5991'.
No latch inferred for signal `$paramod\ksa_adder\WIDTH=32.$mem2bits$\g_stage$rtl/ksa/ksa_adder.v:40$4812' from process `$paramod\ksa_adder\WIDTH=32.$proc$rtl/ksa/ksa_adder.v:40$5989'.
No latch inferred for signal `$paramod\ksa_adder\WIDTH=32.$mem2bits$\p_stage$rtl/ksa/ksa_adder.v:41$4811' from process `$paramod\ksa_adder\WIDTH=32.$proc$rtl/ksa/ksa_adder.v:41$5987'.
No latch inferred for signal `$paramod\ksa_adder\WIDTH=32.$mem2bits$\p_stage$rtl/ksa/ksa_adder.v:41$4810' from process `$paramod\ksa_adder\WIDTH=32.$proc$rtl/ksa/ksa_adder.v:41$5985'.
No latch inferred for signal `$paramod\ksa_adder\WIDTH=32.$mem2bits$\g_stage$rtl/ksa/ksa_adder.v:40$4809' from process `$paramod\ksa_adder\WIDTH=32.$proc$rtl/ksa/ksa_adder.v:40$5983'.
No latch inferred for signal `$paramod\ksa_adder\WIDTH=32.$mem2bits$\p_stage$rtl/ksa/ksa_adder.v:40$4808' from process `$paramod\ksa_adder\WIDTH=32.$proc$rtl/ksa/ksa_adder.v:40$5981'.
No latch inferred for signal `$paramod\ksa_adder\WIDTH=32.$mem2bits$\g_stage$rtl/ksa/ksa_adder.v:40$4807' from process `$paramod\ksa_adder\WIDTH=32.$proc$rtl/ksa/ksa_adder.v:40$5979'.
No latch inferred for signal `$paramod\ksa_adder\WIDTH=32.$mem2bits$\p_stage$rtl/ksa/ksa_adder.v:41$4806' from process `$paramod\ksa_adder\WIDTH=32.$proc$rtl/ksa/ksa_adder.v:41$5977'.
No latch inferred for signal `$paramod\ksa_adder\WIDTH=32.$mem2bits$\p_stage$rtl/ksa/ksa_adder.v:41$4805' from process `$paramod\ksa_adder\WIDTH=32.$proc$rtl/ksa/ksa_adder.v:41$5975'.
No latch inferred for signal `$paramod\ksa_adder\WIDTH=32.$mem2bits$\g_stage$rtl/ksa/ksa_adder.v:40$4804' from process `$paramod\ksa_adder\WIDTH=32.$proc$rtl/ksa/ksa_adder.v:40$5973'.
No latch inferred for signal `$paramod\ksa_adder\WIDTH=32.$mem2bits$\p_stage$rtl/ksa/ksa_adder.v:40$4803' from process `$paramod\ksa_adder\WIDTH=32.$proc$rtl/ksa/ksa_adder.v:40$5971'.
No latch inferred for signal `$paramod\ksa_adder\WIDTH=32.$mem2bits$\g_stage$rtl/ksa/ksa_adder.v:40$4802' from process `$paramod\ksa_adder\WIDTH=32.$proc$rtl/ksa/ksa_adder.v:40$5969'.
No latch inferred for signal `$paramod\ksa_adder\WIDTH=32.$mem2bits$\p_stage$rtl/ksa/ksa_adder.v:41$4801' from process `$paramod\ksa_adder\WIDTH=32.$proc$rtl/ksa/ksa_adder.v:41$5967'.
No latch inferred for signal `$paramod\ksa_adder\WIDTH=32.$mem2bits$\p_stage$rtl/ksa/ksa_adder.v:41$4800' from process `$paramod\ksa_adder\WIDTH=32.$proc$rtl/ksa/ksa_adder.v:41$5965'.
No latch inferred for signal `$paramod\ksa_adder\WIDTH=32.$mem2bits$\g_stage$rtl/ksa/ksa_adder.v:40$4799' from process `$paramod\ksa_adder\WIDTH=32.$proc$rtl/ksa/ksa_adder.v:40$5963'.
No latch inferred for signal `$paramod\ksa_adder\WIDTH=32.$mem2bits$\p_stage$rtl/ksa/ksa_adder.v:40$4798' from process `$paramod\ksa_adder\WIDTH=32.$proc$rtl/ksa/ksa_adder.v:40$5961'.
No latch inferred for signal `$paramod\ksa_adder\WIDTH=32.$mem2bits$\g_stage$rtl/ksa/ksa_adder.v:40$4797' from process `$paramod\ksa_adder\WIDTH=32.$proc$rtl/ksa/ksa_adder.v:40$5959'.
No latch inferred for signal `$paramod\ksa_adder\WIDTH=32.$mem2bits$\p_stage$rtl/ksa/ksa_adder.v:41$4796' from process `$paramod\ksa_adder\WIDTH=32.$proc$rtl/ksa/ksa_adder.v:41$5957'.
No latch inferred for signal `$paramod\ksa_adder\WIDTH=32.$mem2bits$\p_stage$rtl/ksa/ksa_adder.v:41$4795' from process `$paramod\ksa_adder\WIDTH=32.$proc$rtl/ksa/ksa_adder.v:41$5955'.
No latch inferred for signal `$paramod\ksa_adder\WIDTH=32.$mem2bits$\g_stage$rtl/ksa/ksa_adder.v:40$4794' from process `$paramod\ksa_adder\WIDTH=32.$proc$rtl/ksa/ksa_adder.v:40$5953'.
No latch inferred for signal `$paramod\ksa_adder\WIDTH=32.$mem2bits$\p_stage$rtl/ksa/ksa_adder.v:40$4793' from process `$paramod\ksa_adder\WIDTH=32.$proc$rtl/ksa/ksa_adder.v:40$5951'.
No latch inferred for signal `$paramod\ksa_adder\WIDTH=32.$mem2bits$\g_stage$rtl/ksa/ksa_adder.v:40$4792' from process `$paramod\ksa_adder\WIDTH=32.$proc$rtl/ksa/ksa_adder.v:40$5949'.
No latch inferred for signal `$paramod\ksa_adder\WIDTH=32.$mem2bits$\p_stage$rtl/ksa/ksa_adder.v:41$4791' from process `$paramod\ksa_adder\WIDTH=32.$proc$rtl/ksa/ksa_adder.v:41$5947'.
No latch inferred for signal `$paramod\ksa_adder\WIDTH=32.$mem2bits$\p_stage$rtl/ksa/ksa_adder.v:41$4790' from process `$paramod\ksa_adder\WIDTH=32.$proc$rtl/ksa/ksa_adder.v:41$5945'.
No latch inferred for signal `$paramod\ksa_adder\WIDTH=32.$mem2bits$\g_stage$rtl/ksa/ksa_adder.v:40$4789' from process `$paramod\ksa_adder\WIDTH=32.$proc$rtl/ksa/ksa_adder.v:40$5943'.
No latch inferred for signal `$paramod\ksa_adder\WIDTH=32.$mem2bits$\p_stage$rtl/ksa/ksa_adder.v:40$4788' from process `$paramod\ksa_adder\WIDTH=32.$proc$rtl/ksa/ksa_adder.v:40$5941'.
No latch inferred for signal `$paramod\ksa_adder\WIDTH=32.$mem2bits$\g_stage$rtl/ksa/ksa_adder.v:40$4787' from process `$paramod\ksa_adder\WIDTH=32.$proc$rtl/ksa/ksa_adder.v:40$5939'.
No latch inferred for signal `$paramod\ksa_adder\WIDTH=32.$mem2bits$\p_stage$rtl/ksa/ksa_adder.v:41$4786' from process `$paramod\ksa_adder\WIDTH=32.$proc$rtl/ksa/ksa_adder.v:41$5937'.
No latch inferred for signal `$paramod\ksa_adder\WIDTH=32.$mem2bits$\p_stage$rtl/ksa/ksa_adder.v:41$4785' from process `$paramod\ksa_adder\WIDTH=32.$proc$rtl/ksa/ksa_adder.v:41$5935'.
No latch inferred for signal `$paramod\ksa_adder\WIDTH=32.$mem2bits$\g_stage$rtl/ksa/ksa_adder.v:40$4784' from process `$paramod\ksa_adder\WIDTH=32.$proc$rtl/ksa/ksa_adder.v:40$5933'.
No latch inferred for signal `$paramod\ksa_adder\WIDTH=32.$mem2bits$\p_stage$rtl/ksa/ksa_adder.v:40$4783' from process `$paramod\ksa_adder\WIDTH=32.$proc$rtl/ksa/ksa_adder.v:40$5931'.
No latch inferred for signal `$paramod\ksa_adder\WIDTH=32.$mem2bits$\g_stage$rtl/ksa/ksa_adder.v:40$4782' from process `$paramod\ksa_adder\WIDTH=32.$proc$rtl/ksa/ksa_adder.v:40$5929'.
No latch inferred for signal `$paramod\ksa_adder\WIDTH=32.$mem2bits$\p_stage$rtl/ksa/ksa_adder.v:41$4781' from process `$paramod\ksa_adder\WIDTH=32.$proc$rtl/ksa/ksa_adder.v:41$5927'.
No latch inferred for signal `$paramod\ksa_adder\WIDTH=32.$mem2bits$\p_stage$rtl/ksa/ksa_adder.v:41$4780' from process `$paramod\ksa_adder\WIDTH=32.$proc$rtl/ksa/ksa_adder.v:41$5925'.
No latch inferred for signal `$paramod\ksa_adder\WIDTH=32.$mem2bits$\g_stage$rtl/ksa/ksa_adder.v:40$4779' from process `$paramod\ksa_adder\WIDTH=32.$proc$rtl/ksa/ksa_adder.v:40$5923'.
No latch inferred for signal `$paramod\ksa_adder\WIDTH=32.$mem2bits$\p_stage$rtl/ksa/ksa_adder.v:40$4778' from process `$paramod\ksa_adder\WIDTH=32.$proc$rtl/ksa/ksa_adder.v:40$5921'.
No latch inferred for signal `$paramod\ksa_adder\WIDTH=32.$mem2bits$\g_stage$rtl/ksa/ksa_adder.v:40$4777' from process `$paramod\ksa_adder\WIDTH=32.$proc$rtl/ksa/ksa_adder.v:40$5919'.
No latch inferred for signal `$paramod\ksa_adder\WIDTH=32.$mem2bits$\p_stage$rtl/ksa/ksa_adder.v:41$4776' from process `$paramod\ksa_adder\WIDTH=32.$proc$rtl/ksa/ksa_adder.v:41$5917'.
No latch inferred for signal `$paramod\ksa_adder\WIDTH=32.$mem2bits$\p_stage$rtl/ksa/ksa_adder.v:41$4775' from process `$paramod\ksa_adder\WIDTH=32.$proc$rtl/ksa/ksa_adder.v:41$5915'.
No latch inferred for signal `$paramod\ksa_adder\WIDTH=32.$mem2bits$\g_stage$rtl/ksa/ksa_adder.v:40$4774' from process `$paramod\ksa_adder\WIDTH=32.$proc$rtl/ksa/ksa_adder.v:40$5913'.
No latch inferred for signal `$paramod\ksa_adder\WIDTH=32.$mem2bits$\p_stage$rtl/ksa/ksa_adder.v:40$4773' from process `$paramod\ksa_adder\WIDTH=32.$proc$rtl/ksa/ksa_adder.v:40$5911'.
No latch inferred for signal `$paramod\ksa_adder\WIDTH=32.$mem2bits$\g_stage$rtl/ksa/ksa_adder.v:40$4772' from process `$paramod\ksa_adder\WIDTH=32.$proc$rtl/ksa/ksa_adder.v:40$5909'.
No latch inferred for signal `$paramod\ksa_adder\WIDTH=32.$mem2bits$\p_stage$rtl/ksa/ksa_adder.v:41$4771' from process `$paramod\ksa_adder\WIDTH=32.$proc$rtl/ksa/ksa_adder.v:41$5907'.
No latch inferred for signal `$paramod\ksa_adder\WIDTH=32.$mem2bits$\p_stage$rtl/ksa/ksa_adder.v:41$4770' from process `$paramod\ksa_adder\WIDTH=32.$proc$rtl/ksa/ksa_adder.v:41$5905'.
No latch inferred for signal `$paramod\ksa_adder\WIDTH=32.$mem2bits$\g_stage$rtl/ksa/ksa_adder.v:40$4769' from process `$paramod\ksa_adder\WIDTH=32.$proc$rtl/ksa/ksa_adder.v:40$5903'.
No latch inferred for signal `$paramod\ksa_adder\WIDTH=32.$mem2bits$\p_stage$rtl/ksa/ksa_adder.v:40$4768' from process `$paramod\ksa_adder\WIDTH=32.$proc$rtl/ksa/ksa_adder.v:40$5901'.
No latch inferred for signal `$paramod\ksa_adder\WIDTH=32.$mem2bits$\g_stage$rtl/ksa/ksa_adder.v:40$4767' from process `$paramod\ksa_adder\WIDTH=32.$proc$rtl/ksa/ksa_adder.v:40$5899'.
No latch inferred for signal `$paramod\ksa_adder\WIDTH=32.$mem2bits$\p_stage$rtl/ksa/ksa_adder.v:41$4766' from process `$paramod\ksa_adder\WIDTH=32.$proc$rtl/ksa/ksa_adder.v:41$5897'.
No latch inferred for signal `$paramod\ksa_adder\WIDTH=32.$mem2bits$\p_stage$rtl/ksa/ksa_adder.v:41$4765' from process `$paramod\ksa_adder\WIDTH=32.$proc$rtl/ksa/ksa_adder.v:41$5895'.
No latch inferred for signal `$paramod\ksa_adder\WIDTH=32.$mem2bits$\g_stage$rtl/ksa/ksa_adder.v:40$4764' from process `$paramod\ksa_adder\WIDTH=32.$proc$rtl/ksa/ksa_adder.v:40$5893'.
No latch inferred for signal `$paramod\ksa_adder\WIDTH=32.$mem2bits$\p_stage$rtl/ksa/ksa_adder.v:40$4763' from process `$paramod\ksa_adder\WIDTH=32.$proc$rtl/ksa/ksa_adder.v:40$5891'.
No latch inferred for signal `$paramod\ksa_adder\WIDTH=32.$mem2bits$\g_stage$rtl/ksa/ksa_adder.v:40$4762' from process `$paramod\ksa_adder\WIDTH=32.$proc$rtl/ksa/ksa_adder.v:40$5889'.
No latch inferred for signal `$paramod\ksa_adder\WIDTH=32.$mem2bits$\p_stage$rtl/ksa/ksa_adder.v:41$4761' from process `$paramod\ksa_adder\WIDTH=32.$proc$rtl/ksa/ksa_adder.v:41$5887'.
No latch inferred for signal `$paramod\ksa_adder\WIDTH=32.$mem2bits$\p_stage$rtl/ksa/ksa_adder.v:41$4760' from process `$paramod\ksa_adder\WIDTH=32.$proc$rtl/ksa/ksa_adder.v:41$5885'.
No latch inferred for signal `$paramod\ksa_adder\WIDTH=32.$mem2bits$\g_stage$rtl/ksa/ksa_adder.v:40$4759' from process `$paramod\ksa_adder\WIDTH=32.$proc$rtl/ksa/ksa_adder.v:40$5883'.
No latch inferred for signal `$paramod\ksa_adder\WIDTH=32.$mem2bits$\p_stage$rtl/ksa/ksa_adder.v:40$4758' from process `$paramod\ksa_adder\WIDTH=32.$proc$rtl/ksa/ksa_adder.v:40$5881'.
No latch inferred for signal `$paramod\ksa_adder\WIDTH=32.$mem2bits$\g_stage$rtl/ksa/ksa_adder.v:40$4757' from process `$paramod\ksa_adder\WIDTH=32.$proc$rtl/ksa/ksa_adder.v:40$5879'.
No latch inferred for signal `$paramod\ksa_adder\WIDTH=32.$mem2bits$\p_stage$rtl/ksa/ksa_adder.v:38$4756' from process `$paramod\ksa_adder\WIDTH=32.$proc$rtl/ksa/ksa_adder.v:38$5877'.
No latch inferred for signal `$paramod\ksa_adder\WIDTH=32.$mem2bits$\g_stage$rtl/ksa/ksa_adder.v:37$4755' from process `$paramod\ksa_adder\WIDTH=32.$proc$rtl/ksa/ksa_adder.v:37$5875'.
No latch inferred for signal `$paramod\ksa_adder\WIDTH=32.$mem2bits$\p_stage$rtl/ksa/ksa_adder.v:38$4754' from process `$paramod\ksa_adder\WIDTH=32.$proc$rtl/ksa/ksa_adder.v:38$5873'.
No latch inferred for signal `$paramod\ksa_adder\WIDTH=32.$mem2bits$\g_stage$rtl/ksa/ksa_adder.v:37$4753' from process `$paramod\ksa_adder\WIDTH=32.$proc$rtl/ksa/ksa_adder.v:37$5871'.
No latch inferred for signal `$paramod\ksa_adder\WIDTH=32.$mem2bits$\p_stage$rtl/ksa/ksa_adder.v:38$4752' from process `$paramod\ksa_adder\WIDTH=32.$proc$rtl/ksa/ksa_adder.v:38$5869'.
No latch inferred for signal `$paramod\ksa_adder\WIDTH=32.$mem2bits$\g_stage$rtl/ksa/ksa_adder.v:37$4751' from process `$paramod\ksa_adder\WIDTH=32.$proc$rtl/ksa/ksa_adder.v:37$5867'.
No latch inferred for signal `$paramod\ksa_adder\WIDTH=32.$mem2bits$\p_stage$rtl/ksa/ksa_adder.v:38$4750' from process `$paramod\ksa_adder\WIDTH=32.$proc$rtl/ksa/ksa_adder.v:38$5865'.
No latch inferred for signal `$paramod\ksa_adder\WIDTH=32.$mem2bits$\g_stage$rtl/ksa/ksa_adder.v:37$4749' from process `$paramod\ksa_adder\WIDTH=32.$proc$rtl/ksa/ksa_adder.v:37$5863'.
No latch inferred for signal `$paramod\ksa_adder\WIDTH=32.$mem2bits$\p_stage$rtl/ksa/ksa_adder.v:41$4748' from process `$paramod\ksa_adder\WIDTH=32.$proc$rtl/ksa/ksa_adder.v:41$5861'.
No latch inferred for signal `$paramod\ksa_adder\WIDTH=32.$mem2bits$\p_stage$rtl/ksa/ksa_adder.v:41$4747' from process `$paramod\ksa_adder\WIDTH=32.$proc$rtl/ksa/ksa_adder.v:41$5859'.
No latch inferred for signal `$paramod\ksa_adder\WIDTH=32.$mem2bits$\g_stage$rtl/ksa/ksa_adder.v:40$4746' from process `$paramod\ksa_adder\WIDTH=32.$proc$rtl/ksa/ksa_adder.v:40$5857'.
No latch inferred for signal `$paramod\ksa_adder\WIDTH=32.$mem2bits$\p_stage$rtl/ksa/ksa_adder.v:40$4745' from process `$paramod\ksa_adder\WIDTH=32.$proc$rtl/ksa/ksa_adder.v:40$5855'.
No latch inferred for signal `$paramod\ksa_adder\WIDTH=32.$mem2bits$\g_stage$rtl/ksa/ksa_adder.v:40$4744' from process `$paramod\ksa_adder\WIDTH=32.$proc$rtl/ksa/ksa_adder.v:40$5853'.
No latch inferred for signal `$paramod\ksa_adder\WIDTH=32.$mem2bits$\p_stage$rtl/ksa/ksa_adder.v:41$4743' from process `$paramod\ksa_adder\WIDTH=32.$proc$rtl/ksa/ksa_adder.v:41$5851'.
No latch inferred for signal `$paramod\ksa_adder\WIDTH=32.$mem2bits$\p_stage$rtl/ksa/ksa_adder.v:41$4742' from process `$paramod\ksa_adder\WIDTH=32.$proc$rtl/ksa/ksa_adder.v:41$5849'.
No latch inferred for signal `$paramod\ksa_adder\WIDTH=32.$mem2bits$\g_stage$rtl/ksa/ksa_adder.v:40$4741' from process `$paramod\ksa_adder\WIDTH=32.$proc$rtl/ksa/ksa_adder.v:40$5847'.
No latch inferred for signal `$paramod\ksa_adder\WIDTH=32.$mem2bits$\p_stage$rtl/ksa/ksa_adder.v:40$4740' from process `$paramod\ksa_adder\WIDTH=32.$proc$rtl/ksa/ksa_adder.v:40$5845'.
No latch inferred for signal `$paramod\ksa_adder\WIDTH=32.$mem2bits$\g_stage$rtl/ksa/ksa_adder.v:40$4739' from process `$paramod\ksa_adder\WIDTH=32.$proc$rtl/ksa/ksa_adder.v:40$5843'.
No latch inferred for signal `$paramod\ksa_adder\WIDTH=32.$mem2bits$\p_stage$rtl/ksa/ksa_adder.v:41$4738' from process `$paramod\ksa_adder\WIDTH=32.$proc$rtl/ksa/ksa_adder.v:41$5841'.
No latch inferred for signal `$paramod\ksa_adder\WIDTH=32.$mem2bits$\p_stage$rtl/ksa/ksa_adder.v:41$4737' from process `$paramod\ksa_adder\WIDTH=32.$proc$rtl/ksa/ksa_adder.v:41$5839'.
No latch inferred for signal `$paramod\ksa_adder\WIDTH=32.$mem2bits$\g_stage$rtl/ksa/ksa_adder.v:40$4736' from process `$paramod\ksa_adder\WIDTH=32.$proc$rtl/ksa/ksa_adder.v:40$5837'.
No latch inferred for signal `$paramod\ksa_adder\WIDTH=32.$mem2bits$\p_stage$rtl/ksa/ksa_adder.v:40$4735' from process `$paramod\ksa_adder\WIDTH=32.$proc$rtl/ksa/ksa_adder.v:40$5835'.
No latch inferred for signal `$paramod\ksa_adder\WIDTH=32.$mem2bits$\g_stage$rtl/ksa/ksa_adder.v:40$4734' from process `$paramod\ksa_adder\WIDTH=32.$proc$rtl/ksa/ksa_adder.v:40$5833'.
No latch inferred for signal `$paramod\ksa_adder\WIDTH=32.$mem2bits$\p_stage$rtl/ksa/ksa_adder.v:41$4733' from process `$paramod\ksa_adder\WIDTH=32.$proc$rtl/ksa/ksa_adder.v:41$5831'.
No latch inferred for signal `$paramod\ksa_adder\WIDTH=32.$mem2bits$\p_stage$rtl/ksa/ksa_adder.v:41$4732' from process `$paramod\ksa_adder\WIDTH=32.$proc$rtl/ksa/ksa_adder.v:41$5829'.
No latch inferred for signal `$paramod\ksa_adder\WIDTH=32.$mem2bits$\g_stage$rtl/ksa/ksa_adder.v:40$4731' from process `$paramod\ksa_adder\WIDTH=32.$proc$rtl/ksa/ksa_adder.v:40$5827'.
No latch inferred for signal `$paramod\ksa_adder\WIDTH=32.$mem2bits$\p_stage$rtl/ksa/ksa_adder.v:40$4730' from process `$paramod\ksa_adder\WIDTH=32.$proc$rtl/ksa/ksa_adder.v:40$5825'.
No latch inferred for signal `$paramod\ksa_adder\WIDTH=32.$mem2bits$\g_stage$rtl/ksa/ksa_adder.v:40$4729' from process `$paramod\ksa_adder\WIDTH=32.$proc$rtl/ksa/ksa_adder.v:40$5823'.
No latch inferred for signal `$paramod\ksa_adder\WIDTH=32.$mem2bits$\p_stage$rtl/ksa/ksa_adder.v:41$4728' from process `$paramod\ksa_adder\WIDTH=32.$proc$rtl/ksa/ksa_adder.v:41$5821'.
No latch inferred for signal `$paramod\ksa_adder\WIDTH=32.$mem2bits$\p_stage$rtl/ksa/ksa_adder.v:41$4727' from process `$paramod\ksa_adder\WIDTH=32.$proc$rtl/ksa/ksa_adder.v:41$5819'.
No latch inferred for signal `$paramod\ksa_adder\WIDTH=32.$mem2bits$\g_stage$rtl/ksa/ksa_adder.v:40$4726' from process `$paramod\ksa_adder\WIDTH=32.$proc$rtl/ksa/ksa_adder.v:40$5817'.
No latch inferred for signal `$paramod\ksa_adder\WIDTH=32.$mem2bits$\p_stage$rtl/ksa/ksa_adder.v:40$4725' from process `$paramod\ksa_adder\WIDTH=32.$proc$rtl/ksa/ksa_adder.v:40$5815'.
No latch inferred for signal `$paramod\ksa_adder\WIDTH=32.$mem2bits$\g_stage$rtl/ksa/ksa_adder.v:40$4724' from process `$paramod\ksa_adder\WIDTH=32.$proc$rtl/ksa/ksa_adder.v:40$5813'.
No latch inferred for signal `$paramod\ksa_adder\WIDTH=32.$mem2bits$\p_stage$rtl/ksa/ksa_adder.v:41$4723' from process `$paramod\ksa_adder\WIDTH=32.$proc$rtl/ksa/ksa_adder.v:41$5811'.
No latch inferred for signal `$paramod\ksa_adder\WIDTH=32.$mem2bits$\p_stage$rtl/ksa/ksa_adder.v:41$4722' from process `$paramod\ksa_adder\WIDTH=32.$proc$rtl/ksa/ksa_adder.v:41$5809'.
No latch inferred for signal `$paramod\ksa_adder\WIDTH=32.$mem2bits$\g_stage$rtl/ksa/ksa_adder.v:40$4721' from process `$paramod\ksa_adder\WIDTH=32.$proc$rtl/ksa/ksa_adder.v:40$5807'.
No latch inferred for signal `$paramod\ksa_adder\WIDTH=32.$mem2bits$\p_stage$rtl/ksa/ksa_adder.v:40$4720' from process `$paramod\ksa_adder\WIDTH=32.$proc$rtl/ksa/ksa_adder.v:40$5805'.
No latch inferred for signal `$paramod\ksa_adder\WIDTH=32.$mem2bits$\g_stage$rtl/ksa/ksa_adder.v:40$4719' from process `$paramod\ksa_adder\WIDTH=32.$proc$rtl/ksa/ksa_adder.v:40$5803'.
No latch inferred for signal `$paramod\ksa_adder\WIDTH=32.$mem2bits$\p_stage$rtl/ksa/ksa_adder.v:41$4718' from process `$paramod\ksa_adder\WIDTH=32.$proc$rtl/ksa/ksa_adder.v:41$5801'.
No latch inferred for signal `$paramod\ksa_adder\WIDTH=32.$mem2bits$\p_stage$rtl/ksa/ksa_adder.v:41$4717' from process `$paramod\ksa_adder\WIDTH=32.$proc$rtl/ksa/ksa_adder.v:41$5799'.
No latch inferred for signal `$paramod\ksa_adder\WIDTH=32.$mem2bits$\g_stage$rtl/ksa/ksa_adder.v:40$4716' from process `$paramod\ksa_adder\WIDTH=32.$proc$rtl/ksa/ksa_adder.v:40$5797'.
No latch inferred for signal `$paramod\ksa_adder\WIDTH=32.$mem2bits$\p_stage$rtl/ksa/ksa_adder.v:40$4715' from process `$paramod\ksa_adder\WIDTH=32.$proc$rtl/ksa/ksa_adder.v:40$5795'.
No latch inferred for signal `$paramod\ksa_adder\WIDTH=32.$mem2bits$\g_stage$rtl/ksa/ksa_adder.v:40$4714' from process `$paramod\ksa_adder\WIDTH=32.$proc$rtl/ksa/ksa_adder.v:40$5793'.
No latch inferred for signal `$paramod\ksa_adder\WIDTH=32.$mem2bits$\p_stage$rtl/ksa/ksa_adder.v:41$4713' from process `$paramod\ksa_adder\WIDTH=32.$proc$rtl/ksa/ksa_adder.v:41$5791'.
No latch inferred for signal `$paramod\ksa_adder\WIDTH=32.$mem2bits$\p_stage$rtl/ksa/ksa_adder.v:41$4712' from process `$paramod\ksa_adder\WIDTH=32.$proc$rtl/ksa/ksa_adder.v:41$5789'.
No latch inferred for signal `$paramod\ksa_adder\WIDTH=32.$mem2bits$\g_stage$rtl/ksa/ksa_adder.v:40$4711' from process `$paramod\ksa_adder\WIDTH=32.$proc$rtl/ksa/ksa_adder.v:40$5787'.
No latch inferred for signal `$paramod\ksa_adder\WIDTH=32.$mem2bits$\p_stage$rtl/ksa/ksa_adder.v:40$4710' from process `$paramod\ksa_adder\WIDTH=32.$proc$rtl/ksa/ksa_adder.v:40$5785'.
No latch inferred for signal `$paramod\ksa_adder\WIDTH=32.$mem2bits$\g_stage$rtl/ksa/ksa_adder.v:40$4709' from process `$paramod\ksa_adder\WIDTH=32.$proc$rtl/ksa/ksa_adder.v:40$5783'.
No latch inferred for signal `$paramod\ksa_adder\WIDTH=32.$mem2bits$\p_stage$rtl/ksa/ksa_adder.v:41$4708' from process `$paramod\ksa_adder\WIDTH=32.$proc$rtl/ksa/ksa_adder.v:41$5781'.
No latch inferred for signal `$paramod\ksa_adder\WIDTH=32.$mem2bits$\p_stage$rtl/ksa/ksa_adder.v:41$4707' from process `$paramod\ksa_adder\WIDTH=32.$proc$rtl/ksa/ksa_adder.v:41$5779'.
No latch inferred for signal `$paramod\ksa_adder\WIDTH=32.$mem2bits$\g_stage$rtl/ksa/ksa_adder.v:40$4706' from process `$paramod\ksa_adder\WIDTH=32.$proc$rtl/ksa/ksa_adder.v:40$5777'.
No latch inferred for signal `$paramod\ksa_adder\WIDTH=32.$mem2bits$\p_stage$rtl/ksa/ksa_adder.v:40$4705' from process `$paramod\ksa_adder\WIDTH=32.$proc$rtl/ksa/ksa_adder.v:40$5775'.
No latch inferred for signal `$paramod\ksa_adder\WIDTH=32.$mem2bits$\g_stage$rtl/ksa/ksa_adder.v:40$4704' from process `$paramod\ksa_adder\WIDTH=32.$proc$rtl/ksa/ksa_adder.v:40$5773'.
No latch inferred for signal `$paramod\ksa_adder\WIDTH=32.$mem2bits$\p_stage$rtl/ksa/ksa_adder.v:41$4703' from process `$paramod\ksa_adder\WIDTH=32.$proc$rtl/ksa/ksa_adder.v:41$5771'.
No latch inferred for signal `$paramod\ksa_adder\WIDTH=32.$mem2bits$\p_stage$rtl/ksa/ksa_adder.v:41$4702' from process `$paramod\ksa_adder\WIDTH=32.$proc$rtl/ksa/ksa_adder.v:41$5769'.
No latch inferred for signal `$paramod\ksa_adder\WIDTH=32.$mem2bits$\g_stage$rtl/ksa/ksa_adder.v:40$4701' from process `$paramod\ksa_adder\WIDTH=32.$proc$rtl/ksa/ksa_adder.v:40$5767'.
No latch inferred for signal `$paramod\ksa_adder\WIDTH=32.$mem2bits$\p_stage$rtl/ksa/ksa_adder.v:40$4700' from process `$paramod\ksa_adder\WIDTH=32.$proc$rtl/ksa/ksa_adder.v:40$5765'.
No latch inferred for signal `$paramod\ksa_adder\WIDTH=32.$mem2bits$\g_stage$rtl/ksa/ksa_adder.v:40$4699' from process `$paramod\ksa_adder\WIDTH=32.$proc$rtl/ksa/ksa_adder.v:40$5763'.
No latch inferred for signal `$paramod\ksa_adder\WIDTH=32.$mem2bits$\p_stage$rtl/ksa/ksa_adder.v:41$4698' from process `$paramod\ksa_adder\WIDTH=32.$proc$rtl/ksa/ksa_adder.v:41$5761'.
No latch inferred for signal `$paramod\ksa_adder\WIDTH=32.$mem2bits$\p_stage$rtl/ksa/ksa_adder.v:41$4697' from process `$paramod\ksa_adder\WIDTH=32.$proc$rtl/ksa/ksa_adder.v:41$5759'.
No latch inferred for signal `$paramod\ksa_adder\WIDTH=32.$mem2bits$\g_stage$rtl/ksa/ksa_adder.v:40$4696' from process `$paramod\ksa_adder\WIDTH=32.$proc$rtl/ksa/ksa_adder.v:40$5757'.
No latch inferred for signal `$paramod\ksa_adder\WIDTH=32.$mem2bits$\p_stage$rtl/ksa/ksa_adder.v:40$4695' from process `$paramod\ksa_adder\WIDTH=32.$proc$rtl/ksa/ksa_adder.v:40$5755'.
No latch inferred for signal `$paramod\ksa_adder\WIDTH=32.$mem2bits$\g_stage$rtl/ksa/ksa_adder.v:40$4694' from process `$paramod\ksa_adder\WIDTH=32.$proc$rtl/ksa/ksa_adder.v:40$5753'.
No latch inferred for signal `$paramod\ksa_adder\WIDTH=32.$mem2bits$\p_stage$rtl/ksa/ksa_adder.v:41$4693' from process `$paramod\ksa_adder\WIDTH=32.$proc$rtl/ksa/ksa_adder.v:41$5751'.
No latch inferred for signal `$paramod\ksa_adder\WIDTH=32.$mem2bits$\p_stage$rtl/ksa/ksa_adder.v:41$4692' from process `$paramod\ksa_adder\WIDTH=32.$proc$rtl/ksa/ksa_adder.v:41$5749'.
No latch inferred for signal `$paramod\ksa_adder\WIDTH=32.$mem2bits$\g_stage$rtl/ksa/ksa_adder.v:40$4691' from process `$paramod\ksa_adder\WIDTH=32.$proc$rtl/ksa/ksa_adder.v:40$5747'.
No latch inferred for signal `$paramod\ksa_adder\WIDTH=32.$mem2bits$\p_stage$rtl/ksa/ksa_adder.v:40$4690' from process `$paramod\ksa_adder\WIDTH=32.$proc$rtl/ksa/ksa_adder.v:40$5745'.
No latch inferred for signal `$paramod\ksa_adder\WIDTH=32.$mem2bits$\g_stage$rtl/ksa/ksa_adder.v:40$4689' from process `$paramod\ksa_adder\WIDTH=32.$proc$rtl/ksa/ksa_adder.v:40$5743'.
No latch inferred for signal `$paramod\ksa_adder\WIDTH=32.$mem2bits$\p_stage$rtl/ksa/ksa_adder.v:41$4688' from process `$paramod\ksa_adder\WIDTH=32.$proc$rtl/ksa/ksa_adder.v:41$5741'.
No latch inferred for signal `$paramod\ksa_adder\WIDTH=32.$mem2bits$\p_stage$rtl/ksa/ksa_adder.v:41$4687' from process `$paramod\ksa_adder\WIDTH=32.$proc$rtl/ksa/ksa_adder.v:41$5739'.
No latch inferred for signal `$paramod\ksa_adder\WIDTH=32.$mem2bits$\g_stage$rtl/ksa/ksa_adder.v:40$4686' from process `$paramod\ksa_adder\WIDTH=32.$proc$rtl/ksa/ksa_adder.v:40$5737'.
No latch inferred for signal `$paramod\ksa_adder\WIDTH=32.$mem2bits$\p_stage$rtl/ksa/ksa_adder.v:40$4685' from process `$paramod\ksa_adder\WIDTH=32.$proc$rtl/ksa/ksa_adder.v:40$5735'.
No latch inferred for signal `$paramod\ksa_adder\WIDTH=32.$mem2bits$\g_stage$rtl/ksa/ksa_adder.v:40$4684' from process `$paramod\ksa_adder\WIDTH=32.$proc$rtl/ksa/ksa_adder.v:40$5733'.
No latch inferred for signal `$paramod\ksa_adder\WIDTH=32.$mem2bits$\p_stage$rtl/ksa/ksa_adder.v:41$4683' from process `$paramod\ksa_adder\WIDTH=32.$proc$rtl/ksa/ksa_adder.v:41$5731'.
No latch inferred for signal `$paramod\ksa_adder\WIDTH=32.$mem2bits$\p_stage$rtl/ksa/ksa_adder.v:41$4682' from process `$paramod\ksa_adder\WIDTH=32.$proc$rtl/ksa/ksa_adder.v:41$5729'.
No latch inferred for signal `$paramod\ksa_adder\WIDTH=32.$mem2bits$\g_stage$rtl/ksa/ksa_adder.v:40$4681' from process `$paramod\ksa_adder\WIDTH=32.$proc$rtl/ksa/ksa_adder.v:40$5727'.
No latch inferred for signal `$paramod\ksa_adder\WIDTH=32.$mem2bits$\p_stage$rtl/ksa/ksa_adder.v:40$4680' from process `$paramod\ksa_adder\WIDTH=32.$proc$rtl/ksa/ksa_adder.v:40$5725'.
No latch inferred for signal `$paramod\ksa_adder\WIDTH=32.$mem2bits$\g_stage$rtl/ksa/ksa_adder.v:40$4679' from process `$paramod\ksa_adder\WIDTH=32.$proc$rtl/ksa/ksa_adder.v:40$5723'.
No latch inferred for signal `$paramod\ksa_adder\WIDTH=32.$mem2bits$\p_stage$rtl/ksa/ksa_adder.v:41$4678' from process `$paramod\ksa_adder\WIDTH=32.$proc$rtl/ksa/ksa_adder.v:41$5721'.
No latch inferred for signal `$paramod\ksa_adder\WIDTH=32.$mem2bits$\p_stage$rtl/ksa/ksa_adder.v:41$4677' from process `$paramod\ksa_adder\WIDTH=32.$proc$rtl/ksa/ksa_adder.v:41$5719'.
No latch inferred for signal `$paramod\ksa_adder\WIDTH=32.$mem2bits$\g_stage$rtl/ksa/ksa_adder.v:40$4676' from process `$paramod\ksa_adder\WIDTH=32.$proc$rtl/ksa/ksa_adder.v:40$5717'.
No latch inferred for signal `$paramod\ksa_adder\WIDTH=32.$mem2bits$\p_stage$rtl/ksa/ksa_adder.v:40$4675' from process `$paramod\ksa_adder\WIDTH=32.$proc$rtl/ksa/ksa_adder.v:40$5715'.
No latch inferred for signal `$paramod\ksa_adder\WIDTH=32.$mem2bits$\g_stage$rtl/ksa/ksa_adder.v:40$4674' from process `$paramod\ksa_adder\WIDTH=32.$proc$rtl/ksa/ksa_adder.v:40$5713'.
No latch inferred for signal `$paramod\ksa_adder\WIDTH=32.$mem2bits$\p_stage$rtl/ksa/ksa_adder.v:41$4673' from process `$paramod\ksa_adder\WIDTH=32.$proc$rtl/ksa/ksa_adder.v:41$5711'.
No latch inferred for signal `$paramod\ksa_adder\WIDTH=32.$mem2bits$\p_stage$rtl/ksa/ksa_adder.v:41$4672' from process `$paramod\ksa_adder\WIDTH=32.$proc$rtl/ksa/ksa_adder.v:41$5709'.
No latch inferred for signal `$paramod\ksa_adder\WIDTH=32.$mem2bits$\g_stage$rtl/ksa/ksa_adder.v:40$4671' from process `$paramod\ksa_adder\WIDTH=32.$proc$rtl/ksa/ksa_adder.v:40$5707'.
No latch inferred for signal `$paramod\ksa_adder\WIDTH=32.$mem2bits$\p_stage$rtl/ksa/ksa_adder.v:40$4670' from process `$paramod\ksa_adder\WIDTH=32.$proc$rtl/ksa/ksa_adder.v:40$5705'.
No latch inferred for signal `$paramod\ksa_adder\WIDTH=32.$mem2bits$\g_stage$rtl/ksa/ksa_adder.v:40$4669' from process `$paramod\ksa_adder\WIDTH=32.$proc$rtl/ksa/ksa_adder.v:40$5703'.
No latch inferred for signal `$paramod\ksa_adder\WIDTH=32.$mem2bits$\p_stage$rtl/ksa/ksa_adder.v:41$4668' from process `$paramod\ksa_adder\WIDTH=32.$proc$rtl/ksa/ksa_adder.v:41$5701'.
No latch inferred for signal `$paramod\ksa_adder\WIDTH=32.$mem2bits$\p_stage$rtl/ksa/ksa_adder.v:41$4667' from process `$paramod\ksa_adder\WIDTH=32.$proc$rtl/ksa/ksa_adder.v:41$5699'.
No latch inferred for signal `$paramod\ksa_adder\WIDTH=32.$mem2bits$\g_stage$rtl/ksa/ksa_adder.v:40$4666' from process `$paramod\ksa_adder\WIDTH=32.$proc$rtl/ksa/ksa_adder.v:40$5697'.
No latch inferred for signal `$paramod\ksa_adder\WIDTH=32.$mem2bits$\p_stage$rtl/ksa/ksa_adder.v:40$4665' from process `$paramod\ksa_adder\WIDTH=32.$proc$rtl/ksa/ksa_adder.v:40$5695'.
No latch inferred for signal `$paramod\ksa_adder\WIDTH=32.$mem2bits$\g_stage$rtl/ksa/ksa_adder.v:40$4664' from process `$paramod\ksa_adder\WIDTH=32.$proc$rtl/ksa/ksa_adder.v:40$5693'.
No latch inferred for signal `$paramod\ksa_adder\WIDTH=32.$mem2bits$\p_stage$rtl/ksa/ksa_adder.v:41$4663' from process `$paramod\ksa_adder\WIDTH=32.$proc$rtl/ksa/ksa_adder.v:41$5691'.
No latch inferred for signal `$paramod\ksa_adder\WIDTH=32.$mem2bits$\p_stage$rtl/ksa/ksa_adder.v:41$4662' from process `$paramod\ksa_adder\WIDTH=32.$proc$rtl/ksa/ksa_adder.v:41$5689'.
No latch inferred for signal `$paramod\ksa_adder\WIDTH=32.$mem2bits$\g_stage$rtl/ksa/ksa_adder.v:40$4661' from process `$paramod\ksa_adder\WIDTH=32.$proc$rtl/ksa/ksa_adder.v:40$5687'.
No latch inferred for signal `$paramod\ksa_adder\WIDTH=32.$mem2bits$\p_stage$rtl/ksa/ksa_adder.v:40$4660' from process `$paramod\ksa_adder\WIDTH=32.$proc$rtl/ksa/ksa_adder.v:40$5685'.
No latch inferred for signal `$paramod\ksa_adder\WIDTH=32.$mem2bits$\g_stage$rtl/ksa/ksa_adder.v:40$4659' from process `$paramod\ksa_adder\WIDTH=32.$proc$rtl/ksa/ksa_adder.v:40$5683'.
No latch inferred for signal `$paramod\ksa_adder\WIDTH=32.$mem2bits$\p_stage$rtl/ksa/ksa_adder.v:41$4658' from process `$paramod\ksa_adder\WIDTH=32.$proc$rtl/ksa/ksa_adder.v:41$5681'.
No latch inferred for signal `$paramod\ksa_adder\WIDTH=32.$mem2bits$\p_stage$rtl/ksa/ksa_adder.v:41$4657' from process `$paramod\ksa_adder\WIDTH=32.$proc$rtl/ksa/ksa_adder.v:41$5679'.
No latch inferred for signal `$paramod\ksa_adder\WIDTH=32.$mem2bits$\g_stage$rtl/ksa/ksa_adder.v:40$4656' from process `$paramod\ksa_adder\WIDTH=32.$proc$rtl/ksa/ksa_adder.v:40$5677'.
No latch inferred for signal `$paramod\ksa_adder\WIDTH=32.$mem2bits$\p_stage$rtl/ksa/ksa_adder.v:40$4655' from process `$paramod\ksa_adder\WIDTH=32.$proc$rtl/ksa/ksa_adder.v:40$5675'.
No latch inferred for signal `$paramod\ksa_adder\WIDTH=32.$mem2bits$\g_stage$rtl/ksa/ksa_adder.v:40$4654' from process `$paramod\ksa_adder\WIDTH=32.$proc$rtl/ksa/ksa_adder.v:40$5673'.
No latch inferred for signal `$paramod\ksa_adder\WIDTH=32.$mem2bits$\p_stage$rtl/ksa/ksa_adder.v:41$4653' from process `$paramod\ksa_adder\WIDTH=32.$proc$rtl/ksa/ksa_adder.v:41$5671'.
No latch inferred for signal `$paramod\ksa_adder\WIDTH=32.$mem2bits$\p_stage$rtl/ksa/ksa_adder.v:41$4652' from process `$paramod\ksa_adder\WIDTH=32.$proc$rtl/ksa/ksa_adder.v:41$5669'.
No latch inferred for signal `$paramod\ksa_adder\WIDTH=32.$mem2bits$\g_stage$rtl/ksa/ksa_adder.v:40$4651' from process `$paramod\ksa_adder\WIDTH=32.$proc$rtl/ksa/ksa_adder.v:40$5667'.
No latch inferred for signal `$paramod\ksa_adder\WIDTH=32.$mem2bits$\p_stage$rtl/ksa/ksa_adder.v:40$4650' from process `$paramod\ksa_adder\WIDTH=32.$proc$rtl/ksa/ksa_adder.v:40$5665'.
No latch inferred for signal `$paramod\ksa_adder\WIDTH=32.$mem2bits$\g_stage$rtl/ksa/ksa_adder.v:40$4649' from process `$paramod\ksa_adder\WIDTH=32.$proc$rtl/ksa/ksa_adder.v:40$5663'.
No latch inferred for signal `$paramod\ksa_adder\WIDTH=32.$mem2bits$\p_stage$rtl/ksa/ksa_adder.v:41$4648' from process `$paramod\ksa_adder\WIDTH=32.$proc$rtl/ksa/ksa_adder.v:41$5661'.
No latch inferred for signal `$paramod\ksa_adder\WIDTH=32.$mem2bits$\p_stage$rtl/ksa/ksa_adder.v:41$4647' from process `$paramod\ksa_adder\WIDTH=32.$proc$rtl/ksa/ksa_adder.v:41$5659'.
No latch inferred for signal `$paramod\ksa_adder\WIDTH=32.$mem2bits$\g_stage$rtl/ksa/ksa_adder.v:40$4646' from process `$paramod\ksa_adder\WIDTH=32.$proc$rtl/ksa/ksa_adder.v:40$5657'.
No latch inferred for signal `$paramod\ksa_adder\WIDTH=32.$mem2bits$\p_stage$rtl/ksa/ksa_adder.v:40$4645' from process `$paramod\ksa_adder\WIDTH=32.$proc$rtl/ksa/ksa_adder.v:40$5655'.
No latch inferred for signal `$paramod\ksa_adder\WIDTH=32.$mem2bits$\g_stage$rtl/ksa/ksa_adder.v:40$4644' from process `$paramod\ksa_adder\WIDTH=32.$proc$rtl/ksa/ksa_adder.v:40$5653'.
No latch inferred for signal `$paramod\ksa_adder\WIDTH=32.$mem2bits$\p_stage$rtl/ksa/ksa_adder.v:41$4643' from process `$paramod\ksa_adder\WIDTH=32.$proc$rtl/ksa/ksa_adder.v:41$5651'.
No latch inferred for signal `$paramod\ksa_adder\WIDTH=32.$mem2bits$\p_stage$rtl/ksa/ksa_adder.v:41$4642' from process `$paramod\ksa_adder\WIDTH=32.$proc$rtl/ksa/ksa_adder.v:41$5649'.
No latch inferred for signal `$paramod\ksa_adder\WIDTH=32.$mem2bits$\g_stage$rtl/ksa/ksa_adder.v:40$4641' from process `$paramod\ksa_adder\WIDTH=32.$proc$rtl/ksa/ksa_adder.v:40$5647'.
No latch inferred for signal `$paramod\ksa_adder\WIDTH=32.$mem2bits$\p_stage$rtl/ksa/ksa_adder.v:40$4640' from process `$paramod\ksa_adder\WIDTH=32.$proc$rtl/ksa/ksa_adder.v:40$5645'.
No latch inferred for signal `$paramod\ksa_adder\WIDTH=32.$mem2bits$\g_stage$rtl/ksa/ksa_adder.v:40$4639' from process `$paramod\ksa_adder\WIDTH=32.$proc$rtl/ksa/ksa_adder.v:40$5643'.
No latch inferred for signal `$paramod\ksa_adder\WIDTH=32.$mem2bits$\p_stage$rtl/ksa/ksa_adder.v:41$4638' from process `$paramod\ksa_adder\WIDTH=32.$proc$rtl/ksa/ksa_adder.v:41$5641'.
No latch inferred for signal `$paramod\ksa_adder\WIDTH=32.$mem2bits$\p_stage$rtl/ksa/ksa_adder.v:41$4637' from process `$paramod\ksa_adder\WIDTH=32.$proc$rtl/ksa/ksa_adder.v:41$5639'.
No latch inferred for signal `$paramod\ksa_adder\WIDTH=32.$mem2bits$\g_stage$rtl/ksa/ksa_adder.v:40$4636' from process `$paramod\ksa_adder\WIDTH=32.$proc$rtl/ksa/ksa_adder.v:40$5637'.
No latch inferred for signal `$paramod\ksa_adder\WIDTH=32.$mem2bits$\p_stage$rtl/ksa/ksa_adder.v:40$4635' from process `$paramod\ksa_adder\WIDTH=32.$proc$rtl/ksa/ksa_adder.v:40$5635'.
No latch inferred for signal `$paramod\ksa_adder\WIDTH=32.$mem2bits$\g_stage$rtl/ksa/ksa_adder.v:40$4634' from process `$paramod\ksa_adder\WIDTH=32.$proc$rtl/ksa/ksa_adder.v:40$5633'.
No latch inferred for signal `$paramod\ksa_adder\WIDTH=32.$mem2bits$\p_stage$rtl/ksa/ksa_adder.v:41$4633' from process `$paramod\ksa_adder\WIDTH=32.$proc$rtl/ksa/ksa_adder.v:41$5631'.
No latch inferred for signal `$paramod\ksa_adder\WIDTH=32.$mem2bits$\p_stage$rtl/ksa/ksa_adder.v:41$4632' from process `$paramod\ksa_adder\WIDTH=32.$proc$rtl/ksa/ksa_adder.v:41$5629'.
No latch inferred for signal `$paramod\ksa_adder\WIDTH=32.$mem2bits$\g_stage$rtl/ksa/ksa_adder.v:40$4631' from process `$paramod\ksa_adder\WIDTH=32.$proc$rtl/ksa/ksa_adder.v:40$5627'.
No latch inferred for signal `$paramod\ksa_adder\WIDTH=32.$mem2bits$\p_stage$rtl/ksa/ksa_adder.v:40$4630' from process `$paramod\ksa_adder\WIDTH=32.$proc$rtl/ksa/ksa_adder.v:40$5625'.
No latch inferred for signal `$paramod\ksa_adder\WIDTH=32.$mem2bits$\g_stage$rtl/ksa/ksa_adder.v:40$4629' from process `$paramod\ksa_adder\WIDTH=32.$proc$rtl/ksa/ksa_adder.v:40$5623'.
No latch inferred for signal `$paramod\ksa_adder\WIDTH=32.$mem2bits$\p_stage$rtl/ksa/ksa_adder.v:41$4628' from process `$paramod\ksa_adder\WIDTH=32.$proc$rtl/ksa/ksa_adder.v:41$5621'.
No latch inferred for signal `$paramod\ksa_adder\WIDTH=32.$mem2bits$\p_stage$rtl/ksa/ksa_adder.v:41$4627' from process `$paramod\ksa_adder\WIDTH=32.$proc$rtl/ksa/ksa_adder.v:41$5619'.
No latch inferred for signal `$paramod\ksa_adder\WIDTH=32.$mem2bits$\g_stage$rtl/ksa/ksa_adder.v:40$4626' from process `$paramod\ksa_adder\WIDTH=32.$proc$rtl/ksa/ksa_adder.v:40$5617'.
No latch inferred for signal `$paramod\ksa_adder\WIDTH=32.$mem2bits$\p_stage$rtl/ksa/ksa_adder.v:40$4625' from process `$paramod\ksa_adder\WIDTH=32.$proc$rtl/ksa/ksa_adder.v:40$5615'.
No latch inferred for signal `$paramod\ksa_adder\WIDTH=32.$mem2bits$\g_stage$rtl/ksa/ksa_adder.v:40$4624' from process `$paramod\ksa_adder\WIDTH=32.$proc$rtl/ksa/ksa_adder.v:40$5613'.
No latch inferred for signal `$paramod\ksa_adder\WIDTH=32.$mem2bits$\p_stage$rtl/ksa/ksa_adder.v:41$4623' from process `$paramod\ksa_adder\WIDTH=32.$proc$rtl/ksa/ksa_adder.v:41$5611'.
No latch inferred for signal `$paramod\ksa_adder\WIDTH=32.$mem2bits$\p_stage$rtl/ksa/ksa_adder.v:41$4622' from process `$paramod\ksa_adder\WIDTH=32.$proc$rtl/ksa/ksa_adder.v:41$5609'.
No latch inferred for signal `$paramod\ksa_adder\WIDTH=32.$mem2bits$\g_stage$rtl/ksa/ksa_adder.v:40$4621' from process `$paramod\ksa_adder\WIDTH=32.$proc$rtl/ksa/ksa_adder.v:40$5607'.
No latch inferred for signal `$paramod\ksa_adder\WIDTH=32.$mem2bits$\p_stage$rtl/ksa/ksa_adder.v:40$4620' from process `$paramod\ksa_adder\WIDTH=32.$proc$rtl/ksa/ksa_adder.v:40$5605'.
No latch inferred for signal `$paramod\ksa_adder\WIDTH=32.$mem2bits$\g_stage$rtl/ksa/ksa_adder.v:40$4619' from process `$paramod\ksa_adder\WIDTH=32.$proc$rtl/ksa/ksa_adder.v:40$5603'.
No latch inferred for signal `$paramod\ksa_adder\WIDTH=32.$mem2bits$\p_stage$rtl/ksa/ksa_adder.v:41$4618' from process `$paramod\ksa_adder\WIDTH=32.$proc$rtl/ksa/ksa_adder.v:41$5601'.
No latch inferred for signal `$paramod\ksa_adder\WIDTH=32.$mem2bits$\p_stage$rtl/ksa/ksa_adder.v:41$4617' from process `$paramod\ksa_adder\WIDTH=32.$proc$rtl/ksa/ksa_adder.v:41$5599'.
No latch inferred for signal `$paramod\ksa_adder\WIDTH=32.$mem2bits$\g_stage$rtl/ksa/ksa_adder.v:40$4616' from process `$paramod\ksa_adder\WIDTH=32.$proc$rtl/ksa/ksa_adder.v:40$5597'.
No latch inferred for signal `$paramod\ksa_adder\WIDTH=32.$mem2bits$\p_stage$rtl/ksa/ksa_adder.v:40$4615' from process `$paramod\ksa_adder\WIDTH=32.$proc$rtl/ksa/ksa_adder.v:40$5595'.
No latch inferred for signal `$paramod\ksa_adder\WIDTH=32.$mem2bits$\g_stage$rtl/ksa/ksa_adder.v:40$4614' from process `$paramod\ksa_adder\WIDTH=32.$proc$rtl/ksa/ksa_adder.v:40$5593'.
No latch inferred for signal `$paramod\ksa_adder\WIDTH=32.$mem2bits$\p_stage$rtl/ksa/ksa_adder.v:41$4613' from process `$paramod\ksa_adder\WIDTH=32.$proc$rtl/ksa/ksa_adder.v:41$5591'.
No latch inferred for signal `$paramod\ksa_adder\WIDTH=32.$mem2bits$\p_stage$rtl/ksa/ksa_adder.v:41$4612' from process `$paramod\ksa_adder\WIDTH=32.$proc$rtl/ksa/ksa_adder.v:41$5589'.
No latch inferred for signal `$paramod\ksa_adder\WIDTH=32.$mem2bits$\g_stage$rtl/ksa/ksa_adder.v:40$4611' from process `$paramod\ksa_adder\WIDTH=32.$proc$rtl/ksa/ksa_adder.v:40$5587'.
No latch inferred for signal `$paramod\ksa_adder\WIDTH=32.$mem2bits$\p_stage$rtl/ksa/ksa_adder.v:40$4610' from process `$paramod\ksa_adder\WIDTH=32.$proc$rtl/ksa/ksa_adder.v:40$5585'.
No latch inferred for signal `$paramod\ksa_adder\WIDTH=32.$mem2bits$\g_stage$rtl/ksa/ksa_adder.v:40$4609' from process `$paramod\ksa_adder\WIDTH=32.$proc$rtl/ksa/ksa_adder.v:40$5583'.
No latch inferred for signal `$paramod\ksa_adder\WIDTH=32.$mem2bits$\p_stage$rtl/ksa/ksa_adder.v:41$4608' from process `$paramod\ksa_adder\WIDTH=32.$proc$rtl/ksa/ksa_adder.v:41$5581'.
No latch inferred for signal `$paramod\ksa_adder\WIDTH=32.$mem2bits$\p_stage$rtl/ksa/ksa_adder.v:41$4607' from process `$paramod\ksa_adder\WIDTH=32.$proc$rtl/ksa/ksa_adder.v:41$5579'.
No latch inferred for signal `$paramod\ksa_adder\WIDTH=32.$mem2bits$\g_stage$rtl/ksa/ksa_adder.v:40$4606' from process `$paramod\ksa_adder\WIDTH=32.$proc$rtl/ksa/ksa_adder.v:40$5577'.
No latch inferred for signal `$paramod\ksa_adder\WIDTH=32.$mem2bits$\p_stage$rtl/ksa/ksa_adder.v:40$4605' from process `$paramod\ksa_adder\WIDTH=32.$proc$rtl/ksa/ksa_adder.v:40$5575'.
No latch inferred for signal `$paramod\ksa_adder\WIDTH=32.$mem2bits$\g_stage$rtl/ksa/ksa_adder.v:40$4604' from process `$paramod\ksa_adder\WIDTH=32.$proc$rtl/ksa/ksa_adder.v:40$5573'.
No latch inferred for signal `$paramod\ksa_adder\WIDTH=32.$mem2bits$\p_stage$rtl/ksa/ksa_adder.v:41$4603' from process `$paramod\ksa_adder\WIDTH=32.$proc$rtl/ksa/ksa_adder.v:41$5571'.
No latch inferred for signal `$paramod\ksa_adder\WIDTH=32.$mem2bits$\p_stage$rtl/ksa/ksa_adder.v:41$4602' from process `$paramod\ksa_adder\WIDTH=32.$proc$rtl/ksa/ksa_adder.v:41$5569'.
No latch inferred for signal `$paramod\ksa_adder\WIDTH=32.$mem2bits$\g_stage$rtl/ksa/ksa_adder.v:40$4601' from process `$paramod\ksa_adder\WIDTH=32.$proc$rtl/ksa/ksa_adder.v:40$5567'.
No latch inferred for signal `$paramod\ksa_adder\WIDTH=32.$mem2bits$\p_stage$rtl/ksa/ksa_adder.v:40$4600' from process `$paramod\ksa_adder\WIDTH=32.$proc$rtl/ksa/ksa_adder.v:40$5565'.
No latch inferred for signal `$paramod\ksa_adder\WIDTH=32.$mem2bits$\g_stage$rtl/ksa/ksa_adder.v:40$4599' from process `$paramod\ksa_adder\WIDTH=32.$proc$rtl/ksa/ksa_adder.v:40$5563'.
No latch inferred for signal `$paramod\ksa_adder\WIDTH=32.$mem2bits$\p_stage$rtl/ksa/ksa_adder.v:38$4598' from process `$paramod\ksa_adder\WIDTH=32.$proc$rtl/ksa/ksa_adder.v:38$5561'.
No latch inferred for signal `$paramod\ksa_adder\WIDTH=32.$mem2bits$\g_stage$rtl/ksa/ksa_adder.v:37$4597' from process `$paramod\ksa_adder\WIDTH=32.$proc$rtl/ksa/ksa_adder.v:37$5559'.
No latch inferred for signal `$paramod\ksa_adder\WIDTH=32.$mem2bits$\p_stage$rtl/ksa/ksa_adder.v:38$4596' from process `$paramod\ksa_adder\WIDTH=32.$proc$rtl/ksa/ksa_adder.v:38$5557'.
No latch inferred for signal `$paramod\ksa_adder\WIDTH=32.$mem2bits$\g_stage$rtl/ksa/ksa_adder.v:37$4595' from process `$paramod\ksa_adder\WIDTH=32.$proc$rtl/ksa/ksa_adder.v:37$5555'.
No latch inferred for signal `$paramod\ksa_adder\WIDTH=32.$mem2bits$\p_stage$rtl/ksa/ksa_adder.v:41$4594' from process `$paramod\ksa_adder\WIDTH=32.$proc$rtl/ksa/ksa_adder.v:41$5553'.
No latch inferred for signal `$paramod\ksa_adder\WIDTH=32.$mem2bits$\p_stage$rtl/ksa/ksa_adder.v:41$4593' from process `$paramod\ksa_adder\WIDTH=32.$proc$rtl/ksa/ksa_adder.v:41$5551'.
No latch inferred for signal `$paramod\ksa_adder\WIDTH=32.$mem2bits$\g_stage$rtl/ksa/ksa_adder.v:40$4592' from process `$paramod\ksa_adder\WIDTH=32.$proc$rtl/ksa/ksa_adder.v:40$5549'.
No latch inferred for signal `$paramod\ksa_adder\WIDTH=32.$mem2bits$\p_stage$rtl/ksa/ksa_adder.v:40$4591' from process `$paramod\ksa_adder\WIDTH=32.$proc$rtl/ksa/ksa_adder.v:40$5547'.
No latch inferred for signal `$paramod\ksa_adder\WIDTH=32.$mem2bits$\g_stage$rtl/ksa/ksa_adder.v:40$4590' from process `$paramod\ksa_adder\WIDTH=32.$proc$rtl/ksa/ksa_adder.v:40$5545'.
No latch inferred for signal `$paramod\ksa_adder\WIDTH=32.$mem2bits$\p_stage$rtl/ksa/ksa_adder.v:41$4589' from process `$paramod\ksa_adder\WIDTH=32.$proc$rtl/ksa/ksa_adder.v:41$5543'.
No latch inferred for signal `$paramod\ksa_adder\WIDTH=32.$mem2bits$\p_stage$rtl/ksa/ksa_adder.v:41$4588' from process `$paramod\ksa_adder\WIDTH=32.$proc$rtl/ksa/ksa_adder.v:41$5541'.
No latch inferred for signal `$paramod\ksa_adder\WIDTH=32.$mem2bits$\g_stage$rtl/ksa/ksa_adder.v:40$4587' from process `$paramod\ksa_adder\WIDTH=32.$proc$rtl/ksa/ksa_adder.v:40$5539'.
No latch inferred for signal `$paramod\ksa_adder\WIDTH=32.$mem2bits$\p_stage$rtl/ksa/ksa_adder.v:40$4586' from process `$paramod\ksa_adder\WIDTH=32.$proc$rtl/ksa/ksa_adder.v:40$5537'.
No latch inferred for signal `$paramod\ksa_adder\WIDTH=32.$mem2bits$\g_stage$rtl/ksa/ksa_adder.v:40$4585' from process `$paramod\ksa_adder\WIDTH=32.$proc$rtl/ksa/ksa_adder.v:40$5535'.
No latch inferred for signal `$paramod\ksa_adder\WIDTH=32.$mem2bits$\p_stage$rtl/ksa/ksa_adder.v:41$4584' from process `$paramod\ksa_adder\WIDTH=32.$proc$rtl/ksa/ksa_adder.v:41$5533'.
No latch inferred for signal `$paramod\ksa_adder\WIDTH=32.$mem2bits$\p_stage$rtl/ksa/ksa_adder.v:41$4583' from process `$paramod\ksa_adder\WIDTH=32.$proc$rtl/ksa/ksa_adder.v:41$5531'.
No latch inferred for signal `$paramod\ksa_adder\WIDTH=32.$mem2bits$\g_stage$rtl/ksa/ksa_adder.v:40$4582' from process `$paramod\ksa_adder\WIDTH=32.$proc$rtl/ksa/ksa_adder.v:40$5529'.
No latch inferred for signal `$paramod\ksa_adder\WIDTH=32.$mem2bits$\p_stage$rtl/ksa/ksa_adder.v:40$4581' from process `$paramod\ksa_adder\WIDTH=32.$proc$rtl/ksa/ksa_adder.v:40$5527'.
No latch inferred for signal `$paramod\ksa_adder\WIDTH=32.$mem2bits$\g_stage$rtl/ksa/ksa_adder.v:40$4580' from process `$paramod\ksa_adder\WIDTH=32.$proc$rtl/ksa/ksa_adder.v:40$5525'.
No latch inferred for signal `$paramod\ksa_adder\WIDTH=32.$mem2bits$\p_stage$rtl/ksa/ksa_adder.v:41$4579' from process `$paramod\ksa_adder\WIDTH=32.$proc$rtl/ksa/ksa_adder.v:41$5523'.
No latch inferred for signal `$paramod\ksa_adder\WIDTH=32.$mem2bits$\p_stage$rtl/ksa/ksa_adder.v:41$4578' from process `$paramod\ksa_adder\WIDTH=32.$proc$rtl/ksa/ksa_adder.v:41$5521'.
No latch inferred for signal `$paramod\ksa_adder\WIDTH=32.$mem2bits$\g_stage$rtl/ksa/ksa_adder.v:40$4577' from process `$paramod\ksa_adder\WIDTH=32.$proc$rtl/ksa/ksa_adder.v:40$5519'.
No latch inferred for signal `$paramod\ksa_adder\WIDTH=32.$mem2bits$\p_stage$rtl/ksa/ksa_adder.v:40$4576' from process `$paramod\ksa_adder\WIDTH=32.$proc$rtl/ksa/ksa_adder.v:40$5517'.
No latch inferred for signal `$paramod\ksa_adder\WIDTH=32.$mem2bits$\g_stage$rtl/ksa/ksa_adder.v:40$4575' from process `$paramod\ksa_adder\WIDTH=32.$proc$rtl/ksa/ksa_adder.v:40$5515'.
No latch inferred for signal `$paramod\ksa_adder\WIDTH=32.$mem2bits$\p_stage$rtl/ksa/ksa_adder.v:41$4574' from process `$paramod\ksa_adder\WIDTH=32.$proc$rtl/ksa/ksa_adder.v:41$5513'.
No latch inferred for signal `$paramod\ksa_adder\WIDTH=32.$mem2bits$\p_stage$rtl/ksa/ksa_adder.v:41$4573' from process `$paramod\ksa_adder\WIDTH=32.$proc$rtl/ksa/ksa_adder.v:41$5511'.
No latch inferred for signal `$paramod\ksa_adder\WIDTH=32.$mem2bits$\g_stage$rtl/ksa/ksa_adder.v:40$4572' from process `$paramod\ksa_adder\WIDTH=32.$proc$rtl/ksa/ksa_adder.v:40$5509'.
No latch inferred for signal `$paramod\ksa_adder\WIDTH=32.$mem2bits$\p_stage$rtl/ksa/ksa_adder.v:40$4571' from process `$paramod\ksa_adder\WIDTH=32.$proc$rtl/ksa/ksa_adder.v:40$5507'.
No latch inferred for signal `$paramod\ksa_adder\WIDTH=32.$mem2bits$\g_stage$rtl/ksa/ksa_adder.v:40$4570' from process `$paramod\ksa_adder\WIDTH=32.$proc$rtl/ksa/ksa_adder.v:40$5505'.
No latch inferred for signal `$paramod\ksa_adder\WIDTH=32.$mem2bits$\p_stage$rtl/ksa/ksa_adder.v:41$4569' from process `$paramod\ksa_adder\WIDTH=32.$proc$rtl/ksa/ksa_adder.v:41$5503'.
No latch inferred for signal `$paramod\ksa_adder\WIDTH=32.$mem2bits$\p_stage$rtl/ksa/ksa_adder.v:41$4568' from process `$paramod\ksa_adder\WIDTH=32.$proc$rtl/ksa/ksa_adder.v:41$5501'.
No latch inferred for signal `$paramod\ksa_adder\WIDTH=32.$mem2bits$\g_stage$rtl/ksa/ksa_adder.v:40$4567' from process `$paramod\ksa_adder\WIDTH=32.$proc$rtl/ksa/ksa_adder.v:40$5499'.
No latch inferred for signal `$paramod\ksa_adder\WIDTH=32.$mem2bits$\p_stage$rtl/ksa/ksa_adder.v:40$4566' from process `$paramod\ksa_adder\WIDTH=32.$proc$rtl/ksa/ksa_adder.v:40$5497'.
No latch inferred for signal `$paramod\ksa_adder\WIDTH=32.$mem2bits$\g_stage$rtl/ksa/ksa_adder.v:40$4565' from process `$paramod\ksa_adder\WIDTH=32.$proc$rtl/ksa/ksa_adder.v:40$5495'.
No latch inferred for signal `$paramod\ksa_adder\WIDTH=32.$mem2bits$\p_stage$rtl/ksa/ksa_adder.v:41$4564' from process `$paramod\ksa_adder\WIDTH=32.$proc$rtl/ksa/ksa_adder.v:41$5493'.
No latch inferred for signal `$paramod\ksa_adder\WIDTH=32.$mem2bits$\p_stage$rtl/ksa/ksa_adder.v:41$4563' from process `$paramod\ksa_adder\WIDTH=32.$proc$rtl/ksa/ksa_adder.v:41$5491'.
No latch inferred for signal `$paramod\ksa_adder\WIDTH=32.$mem2bits$\g_stage$rtl/ksa/ksa_adder.v:40$4562' from process `$paramod\ksa_adder\WIDTH=32.$proc$rtl/ksa/ksa_adder.v:40$5489'.
No latch inferred for signal `$paramod\ksa_adder\WIDTH=32.$mem2bits$\p_stage$rtl/ksa/ksa_adder.v:40$4561' from process `$paramod\ksa_adder\WIDTH=32.$proc$rtl/ksa/ksa_adder.v:40$5487'.
No latch inferred for signal `$paramod\ksa_adder\WIDTH=32.$mem2bits$\g_stage$rtl/ksa/ksa_adder.v:40$4560' from process `$paramod\ksa_adder\WIDTH=32.$proc$rtl/ksa/ksa_adder.v:40$5485'.
No latch inferred for signal `$paramod\ksa_adder\WIDTH=32.$mem2bits$\p_stage$rtl/ksa/ksa_adder.v:41$4559' from process `$paramod\ksa_adder\WIDTH=32.$proc$rtl/ksa/ksa_adder.v:41$5483'.
No latch inferred for signal `$paramod\ksa_adder\WIDTH=32.$mem2bits$\p_stage$rtl/ksa/ksa_adder.v:41$4558' from process `$paramod\ksa_adder\WIDTH=32.$proc$rtl/ksa/ksa_adder.v:41$5481'.
No latch inferred for signal `$paramod\ksa_adder\WIDTH=32.$mem2bits$\g_stage$rtl/ksa/ksa_adder.v:40$4557' from process `$paramod\ksa_adder\WIDTH=32.$proc$rtl/ksa/ksa_adder.v:40$5479'.
No latch inferred for signal `$paramod\ksa_adder\WIDTH=32.$mem2bits$\p_stage$rtl/ksa/ksa_adder.v:40$4556' from process `$paramod\ksa_adder\WIDTH=32.$proc$rtl/ksa/ksa_adder.v:40$5477'.
No latch inferred for signal `$paramod\ksa_adder\WIDTH=32.$mem2bits$\g_stage$rtl/ksa/ksa_adder.v:40$4555' from process `$paramod\ksa_adder\WIDTH=32.$proc$rtl/ksa/ksa_adder.v:40$5475'.
No latch inferred for signal `$paramod\ksa_adder\WIDTH=32.$mem2bits$\p_stage$rtl/ksa/ksa_adder.v:41$4554' from process `$paramod\ksa_adder\WIDTH=32.$proc$rtl/ksa/ksa_adder.v:41$5473'.
No latch inferred for signal `$paramod\ksa_adder\WIDTH=32.$mem2bits$\p_stage$rtl/ksa/ksa_adder.v:41$4553' from process `$paramod\ksa_adder\WIDTH=32.$proc$rtl/ksa/ksa_adder.v:41$5471'.
No latch inferred for signal `$paramod\ksa_adder\WIDTH=32.$mem2bits$\g_stage$rtl/ksa/ksa_adder.v:40$4552' from process `$paramod\ksa_adder\WIDTH=32.$proc$rtl/ksa/ksa_adder.v:40$5469'.
No latch inferred for signal `$paramod\ksa_adder\WIDTH=32.$mem2bits$\p_stage$rtl/ksa/ksa_adder.v:40$4551' from process `$paramod\ksa_adder\WIDTH=32.$proc$rtl/ksa/ksa_adder.v:40$5467'.
No latch inferred for signal `$paramod\ksa_adder\WIDTH=32.$mem2bits$\g_stage$rtl/ksa/ksa_adder.v:40$4550' from process `$paramod\ksa_adder\WIDTH=32.$proc$rtl/ksa/ksa_adder.v:40$5465'.
No latch inferred for signal `$paramod\ksa_adder\WIDTH=32.$mem2bits$\p_stage$rtl/ksa/ksa_adder.v:41$4549' from process `$paramod\ksa_adder\WIDTH=32.$proc$rtl/ksa/ksa_adder.v:41$5463'.
No latch inferred for signal `$paramod\ksa_adder\WIDTH=32.$mem2bits$\p_stage$rtl/ksa/ksa_adder.v:41$4548' from process `$paramod\ksa_adder\WIDTH=32.$proc$rtl/ksa/ksa_adder.v:41$5461'.
No latch inferred for signal `$paramod\ksa_adder\WIDTH=32.$mem2bits$\g_stage$rtl/ksa/ksa_adder.v:40$4547' from process `$paramod\ksa_adder\WIDTH=32.$proc$rtl/ksa/ksa_adder.v:40$5459'.
No latch inferred for signal `$paramod\ksa_adder\WIDTH=32.$mem2bits$\p_stage$rtl/ksa/ksa_adder.v:40$4546' from process `$paramod\ksa_adder\WIDTH=32.$proc$rtl/ksa/ksa_adder.v:40$5457'.
No latch inferred for signal `$paramod\ksa_adder\WIDTH=32.$mem2bits$\g_stage$rtl/ksa/ksa_adder.v:40$4545' from process `$paramod\ksa_adder\WIDTH=32.$proc$rtl/ksa/ksa_adder.v:40$5455'.
No latch inferred for signal `$paramod\ksa_adder\WIDTH=32.$mem2bits$\p_stage$rtl/ksa/ksa_adder.v:41$4544' from process `$paramod\ksa_adder\WIDTH=32.$proc$rtl/ksa/ksa_adder.v:41$5453'.
No latch inferred for signal `$paramod\ksa_adder\WIDTH=32.$mem2bits$\p_stage$rtl/ksa/ksa_adder.v:41$4543' from process `$paramod\ksa_adder\WIDTH=32.$proc$rtl/ksa/ksa_adder.v:41$5451'.
No latch inferred for signal `$paramod\ksa_adder\WIDTH=32.$mem2bits$\g_stage$rtl/ksa/ksa_adder.v:40$4542' from process `$paramod\ksa_adder\WIDTH=32.$proc$rtl/ksa/ksa_adder.v:40$5449'.
No latch inferred for signal `$paramod\ksa_adder\WIDTH=32.$mem2bits$\p_stage$rtl/ksa/ksa_adder.v:40$4541' from process `$paramod\ksa_adder\WIDTH=32.$proc$rtl/ksa/ksa_adder.v:40$5447'.
No latch inferred for signal `$paramod\ksa_adder\WIDTH=32.$mem2bits$\g_stage$rtl/ksa/ksa_adder.v:40$4540' from process `$paramod\ksa_adder\WIDTH=32.$proc$rtl/ksa/ksa_adder.v:40$5445'.
No latch inferred for signal `$paramod\ksa_adder\WIDTH=32.$mem2bits$\p_stage$rtl/ksa/ksa_adder.v:41$4539' from process `$paramod\ksa_adder\WIDTH=32.$proc$rtl/ksa/ksa_adder.v:41$5443'.
No latch inferred for signal `$paramod\ksa_adder\WIDTH=32.$mem2bits$\p_stage$rtl/ksa/ksa_adder.v:41$4538' from process `$paramod\ksa_adder\WIDTH=32.$proc$rtl/ksa/ksa_adder.v:41$5441'.
No latch inferred for signal `$paramod\ksa_adder\WIDTH=32.$mem2bits$\g_stage$rtl/ksa/ksa_adder.v:40$4537' from process `$paramod\ksa_adder\WIDTH=32.$proc$rtl/ksa/ksa_adder.v:40$5439'.
No latch inferred for signal `$paramod\ksa_adder\WIDTH=32.$mem2bits$\p_stage$rtl/ksa/ksa_adder.v:40$4536' from process `$paramod\ksa_adder\WIDTH=32.$proc$rtl/ksa/ksa_adder.v:40$5437'.
No latch inferred for signal `$paramod\ksa_adder\WIDTH=32.$mem2bits$\g_stage$rtl/ksa/ksa_adder.v:40$4535' from process `$paramod\ksa_adder\WIDTH=32.$proc$rtl/ksa/ksa_adder.v:40$5435'.
No latch inferred for signal `$paramod\ksa_adder\WIDTH=32.$mem2bits$\p_stage$rtl/ksa/ksa_adder.v:41$4534' from process `$paramod\ksa_adder\WIDTH=32.$proc$rtl/ksa/ksa_adder.v:41$5433'.
No latch inferred for signal `$paramod\ksa_adder\WIDTH=32.$mem2bits$\p_stage$rtl/ksa/ksa_adder.v:41$4533' from process `$paramod\ksa_adder\WIDTH=32.$proc$rtl/ksa/ksa_adder.v:41$5431'.
No latch inferred for signal `$paramod\ksa_adder\WIDTH=32.$mem2bits$\g_stage$rtl/ksa/ksa_adder.v:40$4532' from process `$paramod\ksa_adder\WIDTH=32.$proc$rtl/ksa/ksa_adder.v:40$5429'.
No latch inferred for signal `$paramod\ksa_adder\WIDTH=32.$mem2bits$\p_stage$rtl/ksa/ksa_adder.v:40$4531' from process `$paramod\ksa_adder\WIDTH=32.$proc$rtl/ksa/ksa_adder.v:40$5427'.
No latch inferred for signal `$paramod\ksa_adder\WIDTH=32.$mem2bits$\g_stage$rtl/ksa/ksa_adder.v:40$4530' from process `$paramod\ksa_adder\WIDTH=32.$proc$rtl/ksa/ksa_adder.v:40$5425'.
No latch inferred for signal `$paramod\ksa_adder\WIDTH=32.$mem2bits$\p_stage$rtl/ksa/ksa_adder.v:41$4529' from process `$paramod\ksa_adder\WIDTH=32.$proc$rtl/ksa/ksa_adder.v:41$5423'.
No latch inferred for signal `$paramod\ksa_adder\WIDTH=32.$mem2bits$\p_stage$rtl/ksa/ksa_adder.v:41$4528' from process `$paramod\ksa_adder\WIDTH=32.$proc$rtl/ksa/ksa_adder.v:41$5421'.
No latch inferred for signal `$paramod\ksa_adder\WIDTH=32.$mem2bits$\g_stage$rtl/ksa/ksa_adder.v:40$4527' from process `$paramod\ksa_adder\WIDTH=32.$proc$rtl/ksa/ksa_adder.v:40$5419'.
No latch inferred for signal `$paramod\ksa_adder\WIDTH=32.$mem2bits$\p_stage$rtl/ksa/ksa_adder.v:40$4526' from process `$paramod\ksa_adder\WIDTH=32.$proc$rtl/ksa/ksa_adder.v:40$5417'.
No latch inferred for signal `$paramod\ksa_adder\WIDTH=32.$mem2bits$\g_stage$rtl/ksa/ksa_adder.v:40$4525' from process `$paramod\ksa_adder\WIDTH=32.$proc$rtl/ksa/ksa_adder.v:40$5415'.
No latch inferred for signal `$paramod\ksa_adder\WIDTH=32.$mem2bits$\p_stage$rtl/ksa/ksa_adder.v:41$4524' from process `$paramod\ksa_adder\WIDTH=32.$proc$rtl/ksa/ksa_adder.v:41$5413'.
No latch inferred for signal `$paramod\ksa_adder\WIDTH=32.$mem2bits$\p_stage$rtl/ksa/ksa_adder.v:41$4523' from process `$paramod\ksa_adder\WIDTH=32.$proc$rtl/ksa/ksa_adder.v:41$5411'.
No latch inferred for signal `$paramod\ksa_adder\WIDTH=32.$mem2bits$\g_stage$rtl/ksa/ksa_adder.v:40$4522' from process `$paramod\ksa_adder\WIDTH=32.$proc$rtl/ksa/ksa_adder.v:40$5409'.
No latch inferred for signal `$paramod\ksa_adder\WIDTH=32.$mem2bits$\p_stage$rtl/ksa/ksa_adder.v:40$4521' from process `$paramod\ksa_adder\WIDTH=32.$proc$rtl/ksa/ksa_adder.v:40$5407'.
No latch inferred for signal `$paramod\ksa_adder\WIDTH=32.$mem2bits$\g_stage$rtl/ksa/ksa_adder.v:40$4520' from process `$paramod\ksa_adder\WIDTH=32.$proc$rtl/ksa/ksa_adder.v:40$5405'.
No latch inferred for signal `$paramod\ksa_adder\WIDTH=32.$mem2bits$\p_stage$rtl/ksa/ksa_adder.v:41$4519' from process `$paramod\ksa_adder\WIDTH=32.$proc$rtl/ksa/ksa_adder.v:41$5403'.
No latch inferred for signal `$paramod\ksa_adder\WIDTH=32.$mem2bits$\p_stage$rtl/ksa/ksa_adder.v:41$4518' from process `$paramod\ksa_adder\WIDTH=32.$proc$rtl/ksa/ksa_adder.v:41$5401'.
No latch inferred for signal `$paramod\ksa_adder\WIDTH=32.$mem2bits$\g_stage$rtl/ksa/ksa_adder.v:40$4517' from process `$paramod\ksa_adder\WIDTH=32.$proc$rtl/ksa/ksa_adder.v:40$5399'.
No latch inferred for signal `$paramod\ksa_adder\WIDTH=32.$mem2bits$\p_stage$rtl/ksa/ksa_adder.v:40$4516' from process `$paramod\ksa_adder\WIDTH=32.$proc$rtl/ksa/ksa_adder.v:40$5397'.
No latch inferred for signal `$paramod\ksa_adder\WIDTH=32.$mem2bits$\g_stage$rtl/ksa/ksa_adder.v:40$4515' from process `$paramod\ksa_adder\WIDTH=32.$proc$rtl/ksa/ksa_adder.v:40$5395'.
No latch inferred for signal `$paramod\ksa_adder\WIDTH=32.$mem2bits$\p_stage$rtl/ksa/ksa_adder.v:41$4514' from process `$paramod\ksa_adder\WIDTH=32.$proc$rtl/ksa/ksa_adder.v:41$5393'.
No latch inferred for signal `$paramod\ksa_adder\WIDTH=32.$mem2bits$\p_stage$rtl/ksa/ksa_adder.v:41$4513' from process `$paramod\ksa_adder\WIDTH=32.$proc$rtl/ksa/ksa_adder.v:41$5391'.
No latch inferred for signal `$paramod\ksa_adder\WIDTH=32.$mem2bits$\g_stage$rtl/ksa/ksa_adder.v:40$4512' from process `$paramod\ksa_adder\WIDTH=32.$proc$rtl/ksa/ksa_adder.v:40$5389'.
No latch inferred for signal `$paramod\ksa_adder\WIDTH=32.$mem2bits$\p_stage$rtl/ksa/ksa_adder.v:40$4511' from process `$paramod\ksa_adder\WIDTH=32.$proc$rtl/ksa/ksa_adder.v:40$5387'.
No latch inferred for signal `$paramod\ksa_adder\WIDTH=32.$mem2bits$\g_stage$rtl/ksa/ksa_adder.v:40$4510' from process `$paramod\ksa_adder\WIDTH=32.$proc$rtl/ksa/ksa_adder.v:40$5385'.
No latch inferred for signal `$paramod\ksa_adder\WIDTH=32.$mem2bits$\p_stage$rtl/ksa/ksa_adder.v:41$4509' from process `$paramod\ksa_adder\WIDTH=32.$proc$rtl/ksa/ksa_adder.v:41$5383'.
No latch inferred for signal `$paramod\ksa_adder\WIDTH=32.$mem2bits$\p_stage$rtl/ksa/ksa_adder.v:41$4508' from process `$paramod\ksa_adder\WIDTH=32.$proc$rtl/ksa/ksa_adder.v:41$5381'.
No latch inferred for signal `$paramod\ksa_adder\WIDTH=32.$mem2bits$\g_stage$rtl/ksa/ksa_adder.v:40$4507' from process `$paramod\ksa_adder\WIDTH=32.$proc$rtl/ksa/ksa_adder.v:40$5379'.
No latch inferred for signal `$paramod\ksa_adder\WIDTH=32.$mem2bits$\p_stage$rtl/ksa/ksa_adder.v:40$4506' from process `$paramod\ksa_adder\WIDTH=32.$proc$rtl/ksa/ksa_adder.v:40$5377'.
No latch inferred for signal `$paramod\ksa_adder\WIDTH=32.$mem2bits$\g_stage$rtl/ksa/ksa_adder.v:40$4505' from process `$paramod\ksa_adder\WIDTH=32.$proc$rtl/ksa/ksa_adder.v:40$5375'.
No latch inferred for signal `$paramod\ksa_adder\WIDTH=32.$mem2bits$\p_stage$rtl/ksa/ksa_adder.v:41$4504' from process `$paramod\ksa_adder\WIDTH=32.$proc$rtl/ksa/ksa_adder.v:41$5373'.
No latch inferred for signal `$paramod\ksa_adder\WIDTH=32.$mem2bits$\p_stage$rtl/ksa/ksa_adder.v:41$4503' from process `$paramod\ksa_adder\WIDTH=32.$proc$rtl/ksa/ksa_adder.v:41$5371'.
No latch inferred for signal `$paramod\ksa_adder\WIDTH=32.$mem2bits$\g_stage$rtl/ksa/ksa_adder.v:40$4502' from process `$paramod\ksa_adder\WIDTH=32.$proc$rtl/ksa/ksa_adder.v:40$5369'.
No latch inferred for signal `$paramod\ksa_adder\WIDTH=32.$mem2bits$\p_stage$rtl/ksa/ksa_adder.v:40$4501' from process `$paramod\ksa_adder\WIDTH=32.$proc$rtl/ksa/ksa_adder.v:40$5367'.
No latch inferred for signal `$paramod\ksa_adder\WIDTH=32.$mem2bits$\g_stage$rtl/ksa/ksa_adder.v:40$4500' from process `$paramod\ksa_adder\WIDTH=32.$proc$rtl/ksa/ksa_adder.v:40$5365'.
No latch inferred for signal `$paramod\ksa_adder\WIDTH=32.$mem2bits$\p_stage$rtl/ksa/ksa_adder.v:41$4499' from process `$paramod\ksa_adder\WIDTH=32.$proc$rtl/ksa/ksa_adder.v:41$5363'.
No latch inferred for signal `$paramod\ksa_adder\WIDTH=32.$mem2bits$\p_stage$rtl/ksa/ksa_adder.v:41$4498' from process `$paramod\ksa_adder\WIDTH=32.$proc$rtl/ksa/ksa_adder.v:41$5361'.
No latch inferred for signal `$paramod\ksa_adder\WIDTH=32.$mem2bits$\g_stage$rtl/ksa/ksa_adder.v:40$4497' from process `$paramod\ksa_adder\WIDTH=32.$proc$rtl/ksa/ksa_adder.v:40$5359'.
No latch inferred for signal `$paramod\ksa_adder\WIDTH=32.$mem2bits$\p_stage$rtl/ksa/ksa_adder.v:40$4496' from process `$paramod\ksa_adder\WIDTH=32.$proc$rtl/ksa/ksa_adder.v:40$5357'.
No latch inferred for signal `$paramod\ksa_adder\WIDTH=32.$mem2bits$\g_stage$rtl/ksa/ksa_adder.v:40$4495' from process `$paramod\ksa_adder\WIDTH=32.$proc$rtl/ksa/ksa_adder.v:40$5355'.
No latch inferred for signal `$paramod\ksa_adder\WIDTH=32.$mem2bits$\p_stage$rtl/ksa/ksa_adder.v:41$4494' from process `$paramod\ksa_adder\WIDTH=32.$proc$rtl/ksa/ksa_adder.v:41$5353'.
No latch inferred for signal `$paramod\ksa_adder\WIDTH=32.$mem2bits$\p_stage$rtl/ksa/ksa_adder.v:41$4493' from process `$paramod\ksa_adder\WIDTH=32.$proc$rtl/ksa/ksa_adder.v:41$5351'.
No latch inferred for signal `$paramod\ksa_adder\WIDTH=32.$mem2bits$\g_stage$rtl/ksa/ksa_adder.v:40$4492' from process `$paramod\ksa_adder\WIDTH=32.$proc$rtl/ksa/ksa_adder.v:40$5349'.
No latch inferred for signal `$paramod\ksa_adder\WIDTH=32.$mem2bits$\p_stage$rtl/ksa/ksa_adder.v:40$4491' from process `$paramod\ksa_adder\WIDTH=32.$proc$rtl/ksa/ksa_adder.v:40$5347'.
No latch inferred for signal `$paramod\ksa_adder\WIDTH=32.$mem2bits$\g_stage$rtl/ksa/ksa_adder.v:40$4490' from process `$paramod\ksa_adder\WIDTH=32.$proc$rtl/ksa/ksa_adder.v:40$5345'.
No latch inferred for signal `$paramod\ksa_adder\WIDTH=32.$mem2bits$\p_stage$rtl/ksa/ksa_adder.v:41$4489' from process `$paramod\ksa_adder\WIDTH=32.$proc$rtl/ksa/ksa_adder.v:41$5343'.
No latch inferred for signal `$paramod\ksa_adder\WIDTH=32.$mem2bits$\p_stage$rtl/ksa/ksa_adder.v:41$4488' from process `$paramod\ksa_adder\WIDTH=32.$proc$rtl/ksa/ksa_adder.v:41$5341'.
No latch inferred for signal `$paramod\ksa_adder\WIDTH=32.$mem2bits$\g_stage$rtl/ksa/ksa_adder.v:40$4487' from process `$paramod\ksa_adder\WIDTH=32.$proc$rtl/ksa/ksa_adder.v:40$5339'.
No latch inferred for signal `$paramod\ksa_adder\WIDTH=32.$mem2bits$\p_stage$rtl/ksa/ksa_adder.v:40$4486' from process `$paramod\ksa_adder\WIDTH=32.$proc$rtl/ksa/ksa_adder.v:40$5337'.
No latch inferred for signal `$paramod\ksa_adder\WIDTH=32.$mem2bits$\g_stage$rtl/ksa/ksa_adder.v:40$4485' from process `$paramod\ksa_adder\WIDTH=32.$proc$rtl/ksa/ksa_adder.v:40$5335'.
No latch inferred for signal `$paramod\ksa_adder\WIDTH=32.$mem2bits$\p_stage$rtl/ksa/ksa_adder.v:41$4484' from process `$paramod\ksa_adder\WIDTH=32.$proc$rtl/ksa/ksa_adder.v:41$5333'.
No latch inferred for signal `$paramod\ksa_adder\WIDTH=32.$mem2bits$\p_stage$rtl/ksa/ksa_adder.v:41$4483' from process `$paramod\ksa_adder\WIDTH=32.$proc$rtl/ksa/ksa_adder.v:41$5331'.
No latch inferred for signal `$paramod\ksa_adder\WIDTH=32.$mem2bits$\g_stage$rtl/ksa/ksa_adder.v:40$4482' from process `$paramod\ksa_adder\WIDTH=32.$proc$rtl/ksa/ksa_adder.v:40$5329'.
No latch inferred for signal `$paramod\ksa_adder\WIDTH=32.$mem2bits$\p_stage$rtl/ksa/ksa_adder.v:40$4481' from process `$paramod\ksa_adder\WIDTH=32.$proc$rtl/ksa/ksa_adder.v:40$5327'.
No latch inferred for signal `$paramod\ksa_adder\WIDTH=32.$mem2bits$\g_stage$rtl/ksa/ksa_adder.v:40$4480' from process `$paramod\ksa_adder\WIDTH=32.$proc$rtl/ksa/ksa_adder.v:40$5325'.
No latch inferred for signal `$paramod\ksa_adder\WIDTH=32.$mem2bits$\p_stage$rtl/ksa/ksa_adder.v:41$4479' from process `$paramod\ksa_adder\WIDTH=32.$proc$rtl/ksa/ksa_adder.v:41$5323'.
No latch inferred for signal `$paramod\ksa_adder\WIDTH=32.$mem2bits$\p_stage$rtl/ksa/ksa_adder.v:41$4478' from process `$paramod\ksa_adder\WIDTH=32.$proc$rtl/ksa/ksa_adder.v:41$5321'.
No latch inferred for signal `$paramod\ksa_adder\WIDTH=32.$mem2bits$\g_stage$rtl/ksa/ksa_adder.v:40$4477' from process `$paramod\ksa_adder\WIDTH=32.$proc$rtl/ksa/ksa_adder.v:40$5319'.
No latch inferred for signal `$paramod\ksa_adder\WIDTH=32.$mem2bits$\p_stage$rtl/ksa/ksa_adder.v:40$4476' from process `$paramod\ksa_adder\WIDTH=32.$proc$rtl/ksa/ksa_adder.v:40$5317'.
No latch inferred for signal `$paramod\ksa_adder\WIDTH=32.$mem2bits$\g_stage$rtl/ksa/ksa_adder.v:40$4475' from process `$paramod\ksa_adder\WIDTH=32.$proc$rtl/ksa/ksa_adder.v:40$5315'.
No latch inferred for signal `$paramod\ksa_adder\WIDTH=32.$mem2bits$\p_stage$rtl/ksa/ksa_adder.v:41$4474' from process `$paramod\ksa_adder\WIDTH=32.$proc$rtl/ksa/ksa_adder.v:41$5313'.
No latch inferred for signal `$paramod\ksa_adder\WIDTH=32.$mem2bits$\p_stage$rtl/ksa/ksa_adder.v:41$4473' from process `$paramod\ksa_adder\WIDTH=32.$proc$rtl/ksa/ksa_adder.v:41$5311'.
No latch inferred for signal `$paramod\ksa_adder\WIDTH=32.$mem2bits$\g_stage$rtl/ksa/ksa_adder.v:40$4472' from process `$paramod\ksa_adder\WIDTH=32.$proc$rtl/ksa/ksa_adder.v:40$5309'.
No latch inferred for signal `$paramod\ksa_adder\WIDTH=32.$mem2bits$\p_stage$rtl/ksa/ksa_adder.v:40$4471' from process `$paramod\ksa_adder\WIDTH=32.$proc$rtl/ksa/ksa_adder.v:40$5307'.
No latch inferred for signal `$paramod\ksa_adder\WIDTH=32.$mem2bits$\g_stage$rtl/ksa/ksa_adder.v:40$4470' from process `$paramod\ksa_adder\WIDTH=32.$proc$rtl/ksa/ksa_adder.v:40$5305'.
No latch inferred for signal `$paramod\ksa_adder\WIDTH=32.$mem2bits$\p_stage$rtl/ksa/ksa_adder.v:41$4469' from process `$paramod\ksa_adder\WIDTH=32.$proc$rtl/ksa/ksa_adder.v:41$5303'.
No latch inferred for signal `$paramod\ksa_adder\WIDTH=32.$mem2bits$\p_stage$rtl/ksa/ksa_adder.v:41$4468' from process `$paramod\ksa_adder\WIDTH=32.$proc$rtl/ksa/ksa_adder.v:41$5301'.
No latch inferred for signal `$paramod\ksa_adder\WIDTH=32.$mem2bits$\g_stage$rtl/ksa/ksa_adder.v:40$4467' from process `$paramod\ksa_adder\WIDTH=32.$proc$rtl/ksa/ksa_adder.v:40$5299'.
No latch inferred for signal `$paramod\ksa_adder\WIDTH=32.$mem2bits$\p_stage$rtl/ksa/ksa_adder.v:40$4466' from process `$paramod\ksa_adder\WIDTH=32.$proc$rtl/ksa/ksa_adder.v:40$5297'.
No latch inferred for signal `$paramod\ksa_adder\WIDTH=32.$mem2bits$\g_stage$rtl/ksa/ksa_adder.v:40$4465' from process `$paramod\ksa_adder\WIDTH=32.$proc$rtl/ksa/ksa_adder.v:40$5295'.
No latch inferred for signal `$paramod\ksa_adder\WIDTH=32.$mem2bits$\p_stage$rtl/ksa/ksa_adder.v:41$4464' from process `$paramod\ksa_adder\WIDTH=32.$proc$rtl/ksa/ksa_adder.v:41$5293'.
No latch inferred for signal `$paramod\ksa_adder\WIDTH=32.$mem2bits$\p_stage$rtl/ksa/ksa_adder.v:41$4463' from process `$paramod\ksa_adder\WIDTH=32.$proc$rtl/ksa/ksa_adder.v:41$5291'.
No latch inferred for signal `$paramod\ksa_adder\WIDTH=32.$mem2bits$\g_stage$rtl/ksa/ksa_adder.v:40$4462' from process `$paramod\ksa_adder\WIDTH=32.$proc$rtl/ksa/ksa_adder.v:40$5289'.
No latch inferred for signal `$paramod\ksa_adder\WIDTH=32.$mem2bits$\p_stage$rtl/ksa/ksa_adder.v:40$4461' from process `$paramod\ksa_adder\WIDTH=32.$proc$rtl/ksa/ksa_adder.v:40$5287'.
No latch inferred for signal `$paramod\ksa_adder\WIDTH=32.$mem2bits$\g_stage$rtl/ksa/ksa_adder.v:40$4460' from process `$paramod\ksa_adder\WIDTH=32.$proc$rtl/ksa/ksa_adder.v:40$5285'.
No latch inferred for signal `$paramod\ksa_adder\WIDTH=32.$mem2bits$\p_stage$rtl/ksa/ksa_adder.v:41$4459' from process `$paramod\ksa_adder\WIDTH=32.$proc$rtl/ksa/ksa_adder.v:41$5283'.
No latch inferred for signal `$paramod\ksa_adder\WIDTH=32.$mem2bits$\p_stage$rtl/ksa/ksa_adder.v:41$4458' from process `$paramod\ksa_adder\WIDTH=32.$proc$rtl/ksa/ksa_adder.v:41$5281'.
No latch inferred for signal `$paramod\ksa_adder\WIDTH=32.$mem2bits$\g_stage$rtl/ksa/ksa_adder.v:40$4457' from process `$paramod\ksa_adder\WIDTH=32.$proc$rtl/ksa/ksa_adder.v:40$5279'.
No latch inferred for signal `$paramod\ksa_adder\WIDTH=32.$mem2bits$\p_stage$rtl/ksa/ksa_adder.v:40$4456' from process `$paramod\ksa_adder\WIDTH=32.$proc$rtl/ksa/ksa_adder.v:40$5277'.
No latch inferred for signal `$paramod\ksa_adder\WIDTH=32.$mem2bits$\g_stage$rtl/ksa/ksa_adder.v:40$4455' from process `$paramod\ksa_adder\WIDTH=32.$proc$rtl/ksa/ksa_adder.v:40$5275'.
No latch inferred for signal `$paramod\ksa_adder\WIDTH=32.$mem2bits$\p_stage$rtl/ksa/ksa_adder.v:41$4454' from process `$paramod\ksa_adder\WIDTH=32.$proc$rtl/ksa/ksa_adder.v:41$5273'.
No latch inferred for signal `$paramod\ksa_adder\WIDTH=32.$mem2bits$\p_stage$rtl/ksa/ksa_adder.v:41$4453' from process `$paramod\ksa_adder\WIDTH=32.$proc$rtl/ksa/ksa_adder.v:41$5271'.
No latch inferred for signal `$paramod\ksa_adder\WIDTH=32.$mem2bits$\g_stage$rtl/ksa/ksa_adder.v:40$4452' from process `$paramod\ksa_adder\WIDTH=32.$proc$rtl/ksa/ksa_adder.v:40$5269'.
No latch inferred for signal `$paramod\ksa_adder\WIDTH=32.$mem2bits$\p_stage$rtl/ksa/ksa_adder.v:40$4451' from process `$paramod\ksa_adder\WIDTH=32.$proc$rtl/ksa/ksa_adder.v:40$5267'.
No latch inferred for signal `$paramod\ksa_adder\WIDTH=32.$mem2bits$\g_stage$rtl/ksa/ksa_adder.v:40$4450' from process `$paramod\ksa_adder\WIDTH=32.$proc$rtl/ksa/ksa_adder.v:40$5265'.
No latch inferred for signal `$paramod\ksa_adder\WIDTH=32.$mem2bits$\p_stage$rtl/ksa/ksa_adder.v:41$4449' from process `$paramod\ksa_adder\WIDTH=32.$proc$rtl/ksa/ksa_adder.v:41$5263'.
No latch inferred for signal `$paramod\ksa_adder\WIDTH=32.$mem2bits$\p_stage$rtl/ksa/ksa_adder.v:41$4448' from process `$paramod\ksa_adder\WIDTH=32.$proc$rtl/ksa/ksa_adder.v:41$5261'.
No latch inferred for signal `$paramod\ksa_adder\WIDTH=32.$mem2bits$\g_stage$rtl/ksa/ksa_adder.v:40$4447' from process `$paramod\ksa_adder\WIDTH=32.$proc$rtl/ksa/ksa_adder.v:40$5259'.
No latch inferred for signal `$paramod\ksa_adder\WIDTH=32.$mem2bits$\p_stage$rtl/ksa/ksa_adder.v:40$4446' from process `$paramod\ksa_adder\WIDTH=32.$proc$rtl/ksa/ksa_adder.v:40$5257'.
No latch inferred for signal `$paramod\ksa_adder\WIDTH=32.$mem2bits$\g_stage$rtl/ksa/ksa_adder.v:40$4445' from process `$paramod\ksa_adder\WIDTH=32.$proc$rtl/ksa/ksa_adder.v:40$5255'.
No latch inferred for signal `$paramod\ksa_adder\WIDTH=32.$mem2bits$\p_stage$rtl/ksa/ksa_adder.v:41$4444' from process `$paramod\ksa_adder\WIDTH=32.$proc$rtl/ksa/ksa_adder.v:41$5253'.
No latch inferred for signal `$paramod\ksa_adder\WIDTH=32.$mem2bits$\p_stage$rtl/ksa/ksa_adder.v:41$4443' from process `$paramod\ksa_adder\WIDTH=32.$proc$rtl/ksa/ksa_adder.v:41$5251'.
No latch inferred for signal `$paramod\ksa_adder\WIDTH=32.$mem2bits$\g_stage$rtl/ksa/ksa_adder.v:40$4442' from process `$paramod\ksa_adder\WIDTH=32.$proc$rtl/ksa/ksa_adder.v:40$5249'.
No latch inferred for signal `$paramod\ksa_adder\WIDTH=32.$mem2bits$\p_stage$rtl/ksa/ksa_adder.v:40$4441' from process `$paramod\ksa_adder\WIDTH=32.$proc$rtl/ksa/ksa_adder.v:40$5247'.
No latch inferred for signal `$paramod\ksa_adder\WIDTH=32.$mem2bits$\g_stage$rtl/ksa/ksa_adder.v:40$4440' from process `$paramod\ksa_adder\WIDTH=32.$proc$rtl/ksa/ksa_adder.v:40$5245'.
No latch inferred for signal `$paramod\ksa_adder\WIDTH=32.$mem2bits$\p_stage$rtl/ksa/ksa_adder.v:38$4439' from process `$paramod\ksa_adder\WIDTH=32.$proc$rtl/ksa/ksa_adder.v:38$5243'.
No latch inferred for signal `$paramod\ksa_adder\WIDTH=32.$mem2bits$\g_stage$rtl/ksa/ksa_adder.v:37$4438' from process `$paramod\ksa_adder\WIDTH=32.$proc$rtl/ksa/ksa_adder.v:37$5241'.

6.3.7. Executing PROC_DFF pass (convert process syncs to FFs).
Creating register for signal `$paramod$e4a158359d963b168a4aaf25bc9630e827e25c92\picorv32.\trap' using process `$paramod$e4a158359d963b168a4aaf25bc9630e827e25c92\picorv32.$proc$../picorv32.v:1436$4255'.
  created $dff cell `$procdff$10015' with positive edge clock.
Creating register for signal `$paramod$e4a158359d963b168a4aaf25bc9630e827e25c92\picorv32.\pcpi_valid' using process `$paramod$e4a158359d963b168a4aaf25bc9630e827e25c92\picorv32.$proc$../picorv32.v:1436$4255'.
  created $dff cell `$procdff$10016' with positive edge clock.
Creating register for signal `$paramod$e4a158359d963b168a4aaf25bc9630e827e25c92\picorv32.\eoi' using process `$paramod$e4a158359d963b168a4aaf25bc9630e827e25c92\picorv32.$proc$../picorv32.v:1436$4255'.
  created $dff cell `$procdff$10017' with positive edge clock.
Creating register for signal `$paramod$e4a158359d963b168a4aaf25bc9630e827e25c92\picorv32.\trace_valid' using process `$paramod$e4a158359d963b168a4aaf25bc9630e827e25c92\picorv32.$proc$../picorv32.v:1436$4255'.
  created $dff cell `$procdff$10018' with positive edge clock.
Creating register for signal `$paramod$e4a158359d963b168a4aaf25bc9630e827e25c92\picorv32.\trace_data' using process `$paramod$e4a158359d963b168a4aaf25bc9630e827e25c92\picorv32.$proc$../picorv32.v:1436$4255'.
  created $dff cell `$procdff$10019' with positive edge clock.
Creating register for signal `$paramod$e4a158359d963b168a4aaf25bc9630e827e25c92\picorv32.\count_cycle' using process `$paramod$e4a158359d963b168a4aaf25bc9630e827e25c92\picorv32.$proc$../picorv32.v:1436$4255'.
  created $dff cell `$procdff$10020' with positive edge clock.
Creating register for signal `$paramod$e4a158359d963b168a4aaf25bc9630e827e25c92\picorv32.\count_instr' using process `$paramod$e4a158359d963b168a4aaf25bc9630e827e25c92\picorv32.$proc$../picorv32.v:1436$4255'.
  created $dff cell `$procdff$10021' with positive edge clock.
Creating register for signal `$paramod$e4a158359d963b168a4aaf25bc9630e827e25c92\picorv32.\reg_pc' using process `$paramod$e4a158359d963b168a4aaf25bc9630e827e25c92\picorv32.$proc$../picorv32.v:1436$4255'.
  created $dff cell `$procdff$10022' with positive edge clock.
Creating register for signal `$paramod$e4a158359d963b168a4aaf25bc9630e827e25c92\picorv32.\reg_next_pc' using process `$paramod$e4a158359d963b168a4aaf25bc9630e827e25c92\picorv32.$proc$../picorv32.v:1436$4255'.
  created $dff cell `$procdff$10023' with positive edge clock.
Creating register for signal `$paramod$e4a158359d963b168a4aaf25bc9630e827e25c92\picorv32.\reg_op1' using process `$paramod$e4a158359d963b168a4aaf25bc9630e827e25c92\picorv32.$proc$../picorv32.v:1436$4255'.
  created $dff cell `$procdff$10024' with positive edge clock.
Creating register for signal `$paramod$e4a158359d963b168a4aaf25bc9630e827e25c92\picorv32.\reg_op2' using process `$paramod$e4a158359d963b168a4aaf25bc9630e827e25c92\picorv32.$proc$../picorv32.v:1436$4255'.
  created $dff cell `$procdff$10025' with positive edge clock.
Creating register for signal `$paramod$e4a158359d963b168a4aaf25bc9630e827e25c92\picorv32.\reg_out' using process `$paramod$e4a158359d963b168a4aaf25bc9630e827e25c92\picorv32.$proc$../picorv32.v:1436$4255'.
  created $dff cell `$procdff$10026' with positive edge clock.
Creating register for signal `$paramod$e4a158359d963b168a4aaf25bc9630e827e25c92\picorv32.\reg_sh' using process `$paramod$e4a158359d963b168a4aaf25bc9630e827e25c92\picorv32.$proc$../picorv32.v:1436$4255'.
  created $dff cell `$procdff$10027' with positive edge clock.
Creating register for signal `$paramod$e4a158359d963b168a4aaf25bc9630e827e25c92\picorv32.\irq_delay' using process `$paramod$e4a158359d963b168a4aaf25bc9630e827e25c92\picorv32.$proc$../picorv32.v:1436$4255'.
  created $dff cell `$procdff$10028' with positive edge clock.
Creating register for signal `$paramod$e4a158359d963b168a4aaf25bc9630e827e25c92\picorv32.\irq_active' using process `$paramod$e4a158359d963b168a4aaf25bc9630e827e25c92\picorv32.$proc$../picorv32.v:1436$4255'.
  created $dff cell `$procdff$10029' with positive edge clock.
Creating register for signal `$paramod$e4a158359d963b168a4aaf25bc9630e827e25c92\picorv32.\irq_mask' using process `$paramod$e4a158359d963b168a4aaf25bc9630e827e25c92\picorv32.$proc$../picorv32.v:1436$4255'.
  created $dff cell `$procdff$10030' with positive edge clock.
Creating register for signal `$paramod$e4a158359d963b168a4aaf25bc9630e827e25c92\picorv32.\irq_pending' using process `$paramod$e4a158359d963b168a4aaf25bc9630e827e25c92\picorv32.$proc$../picorv32.v:1436$4255'.
  created $dff cell `$procdff$10031' with positive edge clock.
Creating register for signal `$paramod$e4a158359d963b168a4aaf25bc9630e827e25c92\picorv32.\timer' using process `$paramod$e4a158359d963b168a4aaf25bc9630e827e25c92\picorv32.$proc$../picorv32.v:1436$4255'.
  created $dff cell `$procdff$10032' with positive edge clock.
Creating register for signal `$paramod$e4a158359d963b168a4aaf25bc9630e827e25c92\picorv32.\mem_wordsize' using process `$paramod$e4a158359d963b168a4aaf25bc9630e827e25c92\picorv32.$proc$../picorv32.v:1436$4255'.
  created $dff cell `$procdff$10033' with positive edge clock.
Creating register for signal `$paramod$e4a158359d963b168a4aaf25bc9630e827e25c92\picorv32.\mem_do_prefetch' using process `$paramod$e4a158359d963b168a4aaf25bc9630e827e25c92\picorv32.$proc$../picorv32.v:1436$4255'.
  created $dff cell `$procdff$10034' with positive edge clock.
Creating register for signal `$paramod$e4a158359d963b168a4aaf25bc9630e827e25c92\picorv32.\mem_do_rinst' using process `$paramod$e4a158359d963b168a4aaf25bc9630e827e25c92\picorv32.$proc$../picorv32.v:1436$4255'.
  created $dff cell `$procdff$10035' with positive edge clock.
Creating register for signal `$paramod$e4a158359d963b168a4aaf25bc9630e827e25c92\picorv32.\mem_do_rdata' using process `$paramod$e4a158359d963b168a4aaf25bc9630e827e25c92\picorv32.$proc$../picorv32.v:1436$4255'.
  created $dff cell `$procdff$10036' with positive edge clock.
Creating register for signal `$paramod$e4a158359d963b168a4aaf25bc9630e827e25c92\picorv32.\mem_do_wdata' using process `$paramod$e4a158359d963b168a4aaf25bc9630e827e25c92\picorv32.$proc$../picorv32.v:1436$4255'.
  created $dff cell `$procdff$10037' with positive edge clock.
Creating register for signal `$paramod$e4a158359d963b168a4aaf25bc9630e827e25c92\picorv32.\decoder_trigger' using process `$paramod$e4a158359d963b168a4aaf25bc9630e827e25c92\picorv32.$proc$../picorv32.v:1436$4255'.
  created $dff cell `$procdff$10038' with positive edge clock.
Creating register for signal `$paramod$e4a158359d963b168a4aaf25bc9630e827e25c92\picorv32.\decoder_trigger_q' using process `$paramod$e4a158359d963b168a4aaf25bc9630e827e25c92\picorv32.$proc$../picorv32.v:1436$4255'.
  created $dff cell `$procdff$10039' with positive edge clock.
Creating register for signal `$paramod$e4a158359d963b168a4aaf25bc9630e827e25c92\picorv32.\decoder_pseudo_trigger' using process `$paramod$e4a158359d963b168a4aaf25bc9630e827e25c92\picorv32.$proc$../picorv32.v:1436$4255'.
  created $dff cell `$procdff$10040' with positive edge clock.
Creating register for signal `$paramod$e4a158359d963b168a4aaf25bc9630e827e25c92\picorv32.\decoder_pseudo_trigger_q' using process `$paramod$e4a158359d963b168a4aaf25bc9630e827e25c92\picorv32.$proc$../picorv32.v:1436$4255'.
  created $dff cell `$procdff$10041' with positive edge clock.
Creating register for signal `$paramod$e4a158359d963b168a4aaf25bc9630e827e25c92\picorv32.\dbg_rs1val' using process `$paramod$e4a158359d963b168a4aaf25bc9630e827e25c92\picorv32.$proc$../picorv32.v:1436$4255'.
  created $dff cell `$procdff$10042' with positive edge clock.
Creating register for signal `$paramod$e4a158359d963b168a4aaf25bc9630e827e25c92\picorv32.\dbg_rs2val' using process `$paramod$e4a158359d963b168a4aaf25bc9630e827e25c92\picorv32.$proc$../picorv32.v:1436$4255'.
  created $dff cell `$procdff$10043' with positive edge clock.
Creating register for signal `$paramod$e4a158359d963b168a4aaf25bc9630e827e25c92\picorv32.\dbg_rs1val_valid' using process `$paramod$e4a158359d963b168a4aaf25bc9630e827e25c92\picorv32.$proc$../picorv32.v:1436$4255'.
  created $dff cell `$procdff$10044' with positive edge clock.
Creating register for signal `$paramod$e4a158359d963b168a4aaf25bc9630e827e25c92\picorv32.\dbg_rs2val_valid' using process `$paramod$e4a158359d963b168a4aaf25bc9630e827e25c92\picorv32.$proc$../picorv32.v:1436$4255'.
  created $dff cell `$procdff$10045' with positive edge clock.
Creating register for signal `$paramod$e4a158359d963b168a4aaf25bc9630e827e25c92\picorv32.\cpu_state' using process `$paramod$e4a158359d963b168a4aaf25bc9630e827e25c92\picorv32.$proc$../picorv32.v:1436$4255'.
  created $dff cell `$procdff$10046' with positive edge clock.
Creating register for signal `$paramod$e4a158359d963b168a4aaf25bc9630e827e25c92\picorv32.\irq_state' using process `$paramod$e4a158359d963b168a4aaf25bc9630e827e25c92\picorv32.$proc$../picorv32.v:1436$4255'.
  created $dff cell `$procdff$10047' with positive edge clock.
Creating register for signal `$paramod$e4a158359d963b168a4aaf25bc9630e827e25c92\picorv32.\set_mem_do_rinst' using process `$paramod$e4a158359d963b168a4aaf25bc9630e827e25c92\picorv32.$proc$../picorv32.v:1436$4255'.
  created $dff cell `$procdff$10048' with positive edge clock.
Creating register for signal `$paramod$e4a158359d963b168a4aaf25bc9630e827e25c92\picorv32.\set_mem_do_rdata' using process `$paramod$e4a158359d963b168a4aaf25bc9630e827e25c92\picorv32.$proc$../picorv32.v:1436$4255'.
  created $dff cell `$procdff$10049' with positive edge clock.
Creating register for signal `$paramod$e4a158359d963b168a4aaf25bc9630e827e25c92\picorv32.\set_mem_do_wdata' using process `$paramod$e4a158359d963b168a4aaf25bc9630e827e25c92\picorv32.$proc$../picorv32.v:1436$4255'.
  created $dff cell `$procdff$10050' with positive edge clock.
Creating register for signal `$paramod$e4a158359d963b168a4aaf25bc9630e827e25c92\picorv32.\latched_store' using process `$paramod$e4a158359d963b168a4aaf25bc9630e827e25c92\picorv32.$proc$../picorv32.v:1436$4255'.
  created $dff cell `$procdff$10051' with positive edge clock.
Creating register for signal `$paramod$e4a158359d963b168a4aaf25bc9630e827e25c92\picorv32.\latched_stalu' using process `$paramod$e4a158359d963b168a4aaf25bc9630e827e25c92\picorv32.$proc$../picorv32.v:1436$4255'.
  created $dff cell `$procdff$10052' with positive edge clock.
Creating register for signal `$paramod$e4a158359d963b168a4aaf25bc9630e827e25c92\picorv32.\latched_branch' using process `$paramod$e4a158359d963b168a4aaf25bc9630e827e25c92\picorv32.$proc$../picorv32.v:1436$4255'.
  created $dff cell `$procdff$10053' with positive edge clock.
Creating register for signal `$paramod$e4a158359d963b168a4aaf25bc9630e827e25c92\picorv32.\latched_compr' using process `$paramod$e4a158359d963b168a4aaf25bc9630e827e25c92\picorv32.$proc$../picorv32.v:1436$4255'.
  created $dff cell `$procdff$10054' with positive edge clock.
Creating register for signal `$paramod$e4a158359d963b168a4aaf25bc9630e827e25c92\picorv32.\latched_trace' using process `$paramod$e4a158359d963b168a4aaf25bc9630e827e25c92\picorv32.$proc$../picorv32.v:1436$4255'.
  created $dff cell `$procdff$10055' with positive edge clock.
Creating register for signal `$paramod$e4a158359d963b168a4aaf25bc9630e827e25c92\picorv32.\latched_is_lu' using process `$paramod$e4a158359d963b168a4aaf25bc9630e827e25c92\picorv32.$proc$../picorv32.v:1436$4255'.
  created $dff cell `$procdff$10056' with positive edge clock.
Creating register for signal `$paramod$e4a158359d963b168a4aaf25bc9630e827e25c92\picorv32.\latched_is_lh' using process `$paramod$e4a158359d963b168a4aaf25bc9630e827e25c92\picorv32.$proc$../picorv32.v:1436$4255'.
  created $dff cell `$procdff$10057' with positive edge clock.
Creating register for signal `$paramod$e4a158359d963b168a4aaf25bc9630e827e25c92\picorv32.\latched_is_lb' using process `$paramod$e4a158359d963b168a4aaf25bc9630e827e25c92\picorv32.$proc$../picorv32.v:1436$4255'.
  created $dff cell `$procdff$10058' with positive edge clock.
Creating register for signal `$paramod$e4a158359d963b168a4aaf25bc9630e827e25c92\picorv32.\latched_rd' using process `$paramod$e4a158359d963b168a4aaf25bc9630e827e25c92\picorv32.$proc$../picorv32.v:1436$4255'.
  created $dff cell `$procdff$10059' with positive edge clock.
Creating register for signal `$paramod$e4a158359d963b168a4aaf25bc9630e827e25c92\picorv32.\current_pc' using process `$paramod$e4a158359d963b168a4aaf25bc9630e827e25c92\picorv32.$proc$../picorv32.v:1436$4255'.
  created $dff cell `$procdff$10060' with positive edge clock.
Creating register for signal `$paramod$e4a158359d963b168a4aaf25bc9630e827e25c92\picorv32.\pcpi_timeout' using process `$paramod$e4a158359d963b168a4aaf25bc9630e827e25c92\picorv32.$proc$../picorv32.v:1436$4255'.
  created $dff cell `$procdff$10061' with positive edge clock.
Creating register for signal `$paramod$e4a158359d963b168a4aaf25bc9630e827e25c92\picorv32.\next_irq_pending' using process `$paramod$e4a158359d963b168a4aaf25bc9630e827e25c92\picorv32.$proc$../picorv32.v:1436$4255'.
  created $dff cell `$procdff$10062' with positive edge clock.
Creating register for signal `$paramod$e4a158359d963b168a4aaf25bc9630e827e25c92\picorv32.\do_waitirq' using process `$paramod$e4a158359d963b168a4aaf25bc9630e827e25c92\picorv32.$proc$../picorv32.v:1436$4255'.
  created $dff cell `$procdff$10063' with positive edge clock.
Creating register for signal `$paramod$e4a158359d963b168a4aaf25bc9630e827e25c92\picorv32.\alu_out_q' using process `$paramod$e4a158359d963b168a4aaf25bc9630e827e25c92\picorv32.$proc$../picorv32.v:1436$4255'.
  created $dff cell `$procdff$10064' with positive edge clock.
Creating register for signal `$paramod$e4a158359d963b168a4aaf25bc9630e827e25c92\picorv32.\alu_out_0_q' using process `$paramod$e4a158359d963b168a4aaf25bc9630e827e25c92\picorv32.$proc$../picorv32.v:1436$4255'.
  created $dff cell `$procdff$10065' with positive edge clock.
Creating register for signal `$paramod$e4a158359d963b168a4aaf25bc9630e827e25c92\picorv32.\alu_wait' using process `$paramod$e4a158359d963b168a4aaf25bc9630e827e25c92\picorv32.$proc$../picorv32.v:1436$4255'.
  created $dff cell `$procdff$10066' with positive edge clock.
Creating register for signal `$paramod$e4a158359d963b168a4aaf25bc9630e827e25c92\picorv32.\alu_wait_2' using process `$paramod$e4a158359d963b168a4aaf25bc9630e827e25c92\picorv32.$proc$../picorv32.v:1436$4255'.
  created $dff cell `$procdff$10067' with positive edge clock.
Creating register for signal `$paramod$e4a158359d963b168a4aaf25bc9630e827e25c92\picorv32.$memwr$\cpuregs$../picorv32.v:1378$3762_EN' using process `$paramod$e4a158359d963b168a4aaf25bc9630e827e25c92\picorv32.$proc$../picorv32.v:1371$4233'.
  created $dff cell `$procdff$10068' with positive edge clock.
Creating register for signal `$paramod$e4a158359d963b168a4aaf25bc9630e827e25c92\picorv32.$memwr$\cpuregs$../picorv32.v:1378$3762_ADDR' using process `$paramod$e4a158359d963b168a4aaf25bc9630e827e25c92\picorv32.$proc$../picorv32.v:1371$4233'.
  created $dff cell `$procdff$10069' with positive edge clock.
Creating register for signal `$paramod$e4a158359d963b168a4aaf25bc9630e827e25c92\picorv32.$memwr$\cpuregs$../picorv32.v:1378$3762_DATA' using process `$paramod$e4a158359d963b168a4aaf25bc9630e827e25c92\picorv32.$proc$../picorv32.v:1371$4233'.
  created $dff cell `$procdff$10070' with positive edge clock.
Creating register for signal `$paramod$e4a158359d963b168a4aaf25bc9630e827e25c92\picorv32.\clear_prefetched_high_word_q' using process `$paramod$e4a158359d963b168a4aaf25bc9630e827e25c92\picorv32.$proc$../picorv32.v:1327$4215'.
  created $dff cell `$procdff$10071' with positive edge clock.
Creating register for signal `$paramod$e4a158359d963b168a4aaf25bc9630e827e25c92\picorv32.\pcpi_insn' using process `$paramod$e4a158359d963b168a4aaf25bc9630e827e25c92\picorv32.$proc$../picorv32.v:859$3916'.
  created $dff cell `$procdff$10072' with positive edge clock.
Creating register for signal `$paramod$e4a158359d963b168a4aaf25bc9630e827e25c92\picorv32.\instr_lui' using process `$paramod$e4a158359d963b168a4aaf25bc9630e827e25c92\picorv32.$proc$../picorv32.v:859$3916'.
  created $dff cell `$procdff$10073' with positive edge clock.
Creating register for signal `$paramod$e4a158359d963b168a4aaf25bc9630e827e25c92\picorv32.\instr_auipc' using process `$paramod$e4a158359d963b168a4aaf25bc9630e827e25c92\picorv32.$proc$../picorv32.v:859$3916'.
  created $dff cell `$procdff$10074' with positive edge clock.
Creating register for signal `$paramod$e4a158359d963b168a4aaf25bc9630e827e25c92\picorv32.\instr_jal' using process `$paramod$e4a158359d963b168a4aaf25bc9630e827e25c92\picorv32.$proc$../picorv32.v:859$3916'.
  created $dff cell `$procdff$10075' with positive edge clock.
Creating register for signal `$paramod$e4a158359d963b168a4aaf25bc9630e827e25c92\picorv32.\instr_jalr' using process `$paramod$e4a158359d963b168a4aaf25bc9630e827e25c92\picorv32.$proc$../picorv32.v:859$3916'.
  created $dff cell `$procdff$10076' with positive edge clock.
Creating register for signal `$paramod$e4a158359d963b168a4aaf25bc9630e827e25c92\picorv32.\instr_beq' using process `$paramod$e4a158359d963b168a4aaf25bc9630e827e25c92\picorv32.$proc$../picorv32.v:859$3916'.
  created $dff cell `$procdff$10077' with positive edge clock.
Creating register for signal `$paramod$e4a158359d963b168a4aaf25bc9630e827e25c92\picorv32.\instr_bne' using process `$paramod$e4a158359d963b168a4aaf25bc9630e827e25c92\picorv32.$proc$../picorv32.v:859$3916'.
  created $dff cell `$procdff$10078' with positive edge clock.
Creating register for signal `$paramod$e4a158359d963b168a4aaf25bc9630e827e25c92\picorv32.\instr_blt' using process `$paramod$e4a158359d963b168a4aaf25bc9630e827e25c92\picorv32.$proc$../picorv32.v:859$3916'.
  created $dff cell `$procdff$10079' with positive edge clock.
Creating register for signal `$paramod$e4a158359d963b168a4aaf25bc9630e827e25c92\picorv32.\instr_bge' using process `$paramod$e4a158359d963b168a4aaf25bc9630e827e25c92\picorv32.$proc$../picorv32.v:859$3916'.
  created $dff cell `$procdff$10080' with positive edge clock.
Creating register for signal `$paramod$e4a158359d963b168a4aaf25bc9630e827e25c92\picorv32.\instr_bltu' using process `$paramod$e4a158359d963b168a4aaf25bc9630e827e25c92\picorv32.$proc$../picorv32.v:859$3916'.
  created $dff cell `$procdff$10081' with positive edge clock.
Creating register for signal `$paramod$e4a158359d963b168a4aaf25bc9630e827e25c92\picorv32.\instr_bgeu' using process `$paramod$e4a158359d963b168a4aaf25bc9630e827e25c92\picorv32.$proc$../picorv32.v:859$3916'.
  created $dff cell `$procdff$10082' with positive edge clock.
Creating register for signal `$paramod$e4a158359d963b168a4aaf25bc9630e827e25c92\picorv32.\instr_lb' using process `$paramod$e4a158359d963b168a4aaf25bc9630e827e25c92\picorv32.$proc$../picorv32.v:859$3916'.
  created $dff cell `$procdff$10083' with positive edge clock.
Creating register for signal `$paramod$e4a158359d963b168a4aaf25bc9630e827e25c92\picorv32.\instr_lh' using process `$paramod$e4a158359d963b168a4aaf25bc9630e827e25c92\picorv32.$proc$../picorv32.v:859$3916'.
  created $dff cell `$procdff$10084' with positive edge clock.
Creating register for signal `$paramod$e4a158359d963b168a4aaf25bc9630e827e25c92\picorv32.\instr_lw' using process `$paramod$e4a158359d963b168a4aaf25bc9630e827e25c92\picorv32.$proc$../picorv32.v:859$3916'.
  created $dff cell `$procdff$10085' with positive edge clock.
Creating register for signal `$paramod$e4a158359d963b168a4aaf25bc9630e827e25c92\picorv32.\instr_lbu' using process `$paramod$e4a158359d963b168a4aaf25bc9630e827e25c92\picorv32.$proc$../picorv32.v:859$3916'.
  created $dff cell `$procdff$10086' with positive edge clock.
Creating register for signal `$paramod$e4a158359d963b168a4aaf25bc9630e827e25c92\picorv32.\instr_lhu' using process `$paramod$e4a158359d963b168a4aaf25bc9630e827e25c92\picorv32.$proc$../picorv32.v:859$3916'.
  created $dff cell `$procdff$10087' with positive edge clock.
Creating register for signal `$paramod$e4a158359d963b168a4aaf25bc9630e827e25c92\picorv32.\instr_sb' using process `$paramod$e4a158359d963b168a4aaf25bc9630e827e25c92\picorv32.$proc$../picorv32.v:859$3916'.
  created $dff cell `$procdff$10088' with positive edge clock.
Creating register for signal `$paramod$e4a158359d963b168a4aaf25bc9630e827e25c92\picorv32.\instr_sh' using process `$paramod$e4a158359d963b168a4aaf25bc9630e827e25c92\picorv32.$proc$../picorv32.v:859$3916'.
  created $dff cell `$procdff$10089' with positive edge clock.
Creating register for signal `$paramod$e4a158359d963b168a4aaf25bc9630e827e25c92\picorv32.\instr_sw' using process `$paramod$e4a158359d963b168a4aaf25bc9630e827e25c92\picorv32.$proc$../picorv32.v:859$3916'.
  created $dff cell `$procdff$10090' with positive edge clock.
Creating register for signal `$paramod$e4a158359d963b168a4aaf25bc9630e827e25c92\picorv32.\instr_addi' using process `$paramod$e4a158359d963b168a4aaf25bc9630e827e25c92\picorv32.$proc$../picorv32.v:859$3916'.
  created $dff cell `$procdff$10091' with positive edge clock.
Creating register for signal `$paramod$e4a158359d963b168a4aaf25bc9630e827e25c92\picorv32.\instr_slti' using process `$paramod$e4a158359d963b168a4aaf25bc9630e827e25c92\picorv32.$proc$../picorv32.v:859$3916'.
  created $dff cell `$procdff$10092' with positive edge clock.
Creating register for signal `$paramod$e4a158359d963b168a4aaf25bc9630e827e25c92\picorv32.\instr_sltiu' using process `$paramod$e4a158359d963b168a4aaf25bc9630e827e25c92\picorv32.$proc$../picorv32.v:859$3916'.
  created $dff cell `$procdff$10093' with positive edge clock.
Creating register for signal `$paramod$e4a158359d963b168a4aaf25bc9630e827e25c92\picorv32.\instr_xori' using process `$paramod$e4a158359d963b168a4aaf25bc9630e827e25c92\picorv32.$proc$../picorv32.v:859$3916'.
  created $dff cell `$procdff$10094' with positive edge clock.
Creating register for signal `$paramod$e4a158359d963b168a4aaf25bc9630e827e25c92\picorv32.\instr_ori' using process `$paramod$e4a158359d963b168a4aaf25bc9630e827e25c92\picorv32.$proc$../picorv32.v:859$3916'.
  created $dff cell `$procdff$10095' with positive edge clock.
Creating register for signal `$paramod$e4a158359d963b168a4aaf25bc9630e827e25c92\picorv32.\instr_andi' using process `$paramod$e4a158359d963b168a4aaf25bc9630e827e25c92\picorv32.$proc$../picorv32.v:859$3916'.
  created $dff cell `$procdff$10096' with positive edge clock.
Creating register for signal `$paramod$e4a158359d963b168a4aaf25bc9630e827e25c92\picorv32.\instr_slli' using process `$paramod$e4a158359d963b168a4aaf25bc9630e827e25c92\picorv32.$proc$../picorv32.v:859$3916'.
  created $dff cell `$procdff$10097' with positive edge clock.
Creating register for signal `$paramod$e4a158359d963b168a4aaf25bc9630e827e25c92\picorv32.\instr_srli' using process `$paramod$e4a158359d963b168a4aaf25bc9630e827e25c92\picorv32.$proc$../picorv32.v:859$3916'.
  created $dff cell `$procdff$10098' with positive edge clock.
Creating register for signal `$paramod$e4a158359d963b168a4aaf25bc9630e827e25c92\picorv32.\instr_srai' using process `$paramod$e4a158359d963b168a4aaf25bc9630e827e25c92\picorv32.$proc$../picorv32.v:859$3916'.
  created $dff cell `$procdff$10099' with positive edge clock.
Creating register for signal `$paramod$e4a158359d963b168a4aaf25bc9630e827e25c92\picorv32.\instr_add' using process `$paramod$e4a158359d963b168a4aaf25bc9630e827e25c92\picorv32.$proc$../picorv32.v:859$3916'.
  created $dff cell `$procdff$10100' with positive edge clock.
Creating register for signal `$paramod$e4a158359d963b168a4aaf25bc9630e827e25c92\picorv32.\instr_sub' using process `$paramod$e4a158359d963b168a4aaf25bc9630e827e25c92\picorv32.$proc$../picorv32.v:859$3916'.
  created $dff cell `$procdff$10101' with positive edge clock.
Creating register for signal `$paramod$e4a158359d963b168a4aaf25bc9630e827e25c92\picorv32.\instr_sll' using process `$paramod$e4a158359d963b168a4aaf25bc9630e827e25c92\picorv32.$proc$../picorv32.v:859$3916'.
  created $dff cell `$procdff$10102' with positive edge clock.
Creating register for signal `$paramod$e4a158359d963b168a4aaf25bc9630e827e25c92\picorv32.\instr_slt' using process `$paramod$e4a158359d963b168a4aaf25bc9630e827e25c92\picorv32.$proc$../picorv32.v:859$3916'.
  created $dff cell `$procdff$10103' with positive edge clock.
Creating register for signal `$paramod$e4a158359d963b168a4aaf25bc9630e827e25c92\picorv32.\instr_sltu' using process `$paramod$e4a158359d963b168a4aaf25bc9630e827e25c92\picorv32.$proc$../picorv32.v:859$3916'.
  created $dff cell `$procdff$10104' with positive edge clock.
Creating register for signal `$paramod$e4a158359d963b168a4aaf25bc9630e827e25c92\picorv32.\instr_xor' using process `$paramod$e4a158359d963b168a4aaf25bc9630e827e25c92\picorv32.$proc$../picorv32.v:859$3916'.
  created $dff cell `$procdff$10105' with positive edge clock.
Creating register for signal `$paramod$e4a158359d963b168a4aaf25bc9630e827e25c92\picorv32.\instr_srl' using process `$paramod$e4a158359d963b168a4aaf25bc9630e827e25c92\picorv32.$proc$../picorv32.v:859$3916'.
  created $dff cell `$procdff$10106' with positive edge clock.
Creating register for signal `$paramod$e4a158359d963b168a4aaf25bc9630e827e25c92\picorv32.\instr_sra' using process `$paramod$e4a158359d963b168a4aaf25bc9630e827e25c92\picorv32.$proc$../picorv32.v:859$3916'.
  created $dff cell `$procdff$10107' with positive edge clock.
Creating register for signal `$paramod$e4a158359d963b168a4aaf25bc9630e827e25c92\picorv32.\instr_or' using process `$paramod$e4a158359d963b168a4aaf25bc9630e827e25c92\picorv32.$proc$../picorv32.v:859$3916'.
  created $dff cell `$procdff$10108' with positive edge clock.
Creating register for signal `$paramod$e4a158359d963b168a4aaf25bc9630e827e25c92\picorv32.\instr_and' using process `$paramod$e4a158359d963b168a4aaf25bc9630e827e25c92\picorv32.$proc$../picorv32.v:859$3916'.
  created $dff cell `$procdff$10109' with positive edge clock.
Creating register for signal `$paramod$e4a158359d963b168a4aaf25bc9630e827e25c92\picorv32.\instr_rdcycle' using process `$paramod$e4a158359d963b168a4aaf25bc9630e827e25c92\picorv32.$proc$../picorv32.v:859$3916'.
  created $dff cell `$procdff$10110' with positive edge clock.
Creating register for signal `$paramod$e4a158359d963b168a4aaf25bc9630e827e25c92\picorv32.\instr_rdcycleh' using process `$paramod$e4a158359d963b168a4aaf25bc9630e827e25c92\picorv32.$proc$../picorv32.v:859$3916'.
  created $dff cell `$procdff$10111' with positive edge clock.
Creating register for signal `$paramod$e4a158359d963b168a4aaf25bc9630e827e25c92\picorv32.\instr_rdinstr' using process `$paramod$e4a158359d963b168a4aaf25bc9630e827e25c92\picorv32.$proc$../picorv32.v:859$3916'.
  created $dff cell `$procdff$10112' with positive edge clock.
Creating register for signal `$paramod$e4a158359d963b168a4aaf25bc9630e827e25c92\picorv32.\instr_rdinstrh' using process `$paramod$e4a158359d963b168a4aaf25bc9630e827e25c92\picorv32.$proc$../picorv32.v:859$3916'.
  created $dff cell `$procdff$10113' with positive edge clock.
Creating register for signal `$paramod$e4a158359d963b168a4aaf25bc9630e827e25c92\picorv32.\instr_ecall_ebreak' using process `$paramod$e4a158359d963b168a4aaf25bc9630e827e25c92\picorv32.$proc$../picorv32.v:859$3916'.
  created $dff cell `$procdff$10114' with positive edge clock.
Creating register for signal `$paramod$e4a158359d963b168a4aaf25bc9630e827e25c92\picorv32.\instr_fence' using process `$paramod$e4a158359d963b168a4aaf25bc9630e827e25c92\picorv32.$proc$../picorv32.v:859$3916'.
  created $dff cell `$procdff$10115' with positive edge clock.
Creating register for signal `$paramod$e4a158359d963b168a4aaf25bc9630e827e25c92\picorv32.\instr_getq' using process `$paramod$e4a158359d963b168a4aaf25bc9630e827e25c92\picorv32.$proc$../picorv32.v:859$3916'.
  created $dff cell `$procdff$10116' with positive edge clock.
Creating register for signal `$paramod$e4a158359d963b168a4aaf25bc9630e827e25c92\picorv32.\instr_setq' using process `$paramod$e4a158359d963b168a4aaf25bc9630e827e25c92\picorv32.$proc$../picorv32.v:859$3916'.
  created $dff cell `$procdff$10117' with positive edge clock.
Creating register for signal `$paramod$e4a158359d963b168a4aaf25bc9630e827e25c92\picorv32.\instr_retirq' using process `$paramod$e4a158359d963b168a4aaf25bc9630e827e25c92\picorv32.$proc$../picorv32.v:859$3916'.
  created $dff cell `$procdff$10118' with positive edge clock.
Creating register for signal `$paramod$e4a158359d963b168a4aaf25bc9630e827e25c92\picorv32.\instr_maskirq' using process `$paramod$e4a158359d963b168a4aaf25bc9630e827e25c92\picorv32.$proc$../picorv32.v:859$3916'.
  created $dff cell `$procdff$10119' with positive edge clock.
Creating register for signal `$paramod$e4a158359d963b168a4aaf25bc9630e827e25c92\picorv32.\instr_waitirq' using process `$paramod$e4a158359d963b168a4aaf25bc9630e827e25c92\picorv32.$proc$../picorv32.v:859$3916'.
  created $dff cell `$procdff$10120' with positive edge clock.
Creating register for signal `$paramod$e4a158359d963b168a4aaf25bc9630e827e25c92\picorv32.\instr_timer' using process `$paramod$e4a158359d963b168a4aaf25bc9630e827e25c92\picorv32.$proc$../picorv32.v:859$3916'.
  created $dff cell `$procdff$10121' with positive edge clock.
Creating register for signal `$paramod$e4a158359d963b168a4aaf25bc9630e827e25c92\picorv32.\decoded_rd' using process `$paramod$e4a158359d963b168a4aaf25bc9630e827e25c92\picorv32.$proc$../picorv32.v:859$3916'.
  created $dff cell `$procdff$10122' with positive edge clock.
Creating register for signal `$paramod$e4a158359d963b168a4aaf25bc9630e827e25c92\picorv32.\decoded_rs1' using process `$paramod$e4a158359d963b168a4aaf25bc9630e827e25c92\picorv32.$proc$../picorv32.v:859$3916'.
  created $dff cell `$procdff$10123' with positive edge clock.
Creating register for signal `$paramod$e4a158359d963b168a4aaf25bc9630e827e25c92\picorv32.\decoded_rs2' using process `$paramod$e4a158359d963b168a4aaf25bc9630e827e25c92\picorv32.$proc$../picorv32.v:859$3916'.
  created $dff cell `$procdff$10124' with positive edge clock.
Creating register for signal `$paramod$e4a158359d963b168a4aaf25bc9630e827e25c92\picorv32.\decoded_imm' using process `$paramod$e4a158359d963b168a4aaf25bc9630e827e25c92\picorv32.$proc$../picorv32.v:859$3916'.
  created $dff cell `$procdff$10125' with positive edge clock.
Creating register for signal `$paramod$e4a158359d963b168a4aaf25bc9630e827e25c92\picorv32.\decoded_imm_j' using process `$paramod$e4a158359d963b168a4aaf25bc9630e827e25c92\picorv32.$proc$../picorv32.v:859$3916'.
  created $dff cell `$procdff$10126' with positive edge clock.
Creating register for signal `$paramod$e4a158359d963b168a4aaf25bc9630e827e25c92\picorv32.\compressed_instr' using process `$paramod$e4a158359d963b168a4aaf25bc9630e827e25c92\picorv32.$proc$../picorv32.v:859$3916'.
  created $dff cell `$procdff$10127' with positive edge clock.
Creating register for signal `$paramod$e4a158359d963b168a4aaf25bc9630e827e25c92\picorv32.\is_lui_auipc_jal' using process `$paramod$e4a158359d963b168a4aaf25bc9630e827e25c92\picorv32.$proc$../picorv32.v:859$3916'.
  created $dff cell `$procdff$10128' with positive edge clock.
Creating register for signal `$paramod$e4a158359d963b168a4aaf25bc9630e827e25c92\picorv32.\is_lb_lh_lw_lbu_lhu' using process `$paramod$e4a158359d963b168a4aaf25bc9630e827e25c92\picorv32.$proc$../picorv32.v:859$3916'.
  created $dff cell `$procdff$10129' with positive edge clock.
Creating register for signal `$paramod$e4a158359d963b168a4aaf25bc9630e827e25c92\picorv32.\is_slli_srli_srai' using process `$paramod$e4a158359d963b168a4aaf25bc9630e827e25c92\picorv32.$proc$../picorv32.v:859$3916'.
  created $dff cell `$procdff$10130' with positive edge clock.
Creating register for signal `$paramod$e4a158359d963b168a4aaf25bc9630e827e25c92\picorv32.\is_jalr_addi_slti_sltiu_xori_ori_andi' using process `$paramod$e4a158359d963b168a4aaf25bc9630e827e25c92\picorv32.$proc$../picorv32.v:859$3916'.
  created $dff cell `$procdff$10131' with positive edge clock.
Creating register for signal `$paramod$e4a158359d963b168a4aaf25bc9630e827e25c92\picorv32.\is_sb_sh_sw' using process `$paramod$e4a158359d963b168a4aaf25bc9630e827e25c92\picorv32.$proc$../picorv32.v:859$3916'.
  created $dff cell `$procdff$10132' with positive edge clock.
Creating register for signal `$paramod$e4a158359d963b168a4aaf25bc9630e827e25c92\picorv32.\is_sll_srl_sra' using process `$paramod$e4a158359d963b168a4aaf25bc9630e827e25c92\picorv32.$proc$../picorv32.v:859$3916'.
  created $dff cell `$procdff$10133' with positive edge clock.
Creating register for signal `$paramod$e4a158359d963b168a4aaf25bc9630e827e25c92\picorv32.\is_lui_auipc_jal_jalr_addi_add_sub' using process `$paramod$e4a158359d963b168a4aaf25bc9630e827e25c92\picorv32.$proc$../picorv32.v:859$3916'.
  created $dff cell `$procdff$10134' with positive edge clock.
Creating register for signal `$paramod$e4a158359d963b168a4aaf25bc9630e827e25c92\picorv32.\is_slti_blt_slt' using process `$paramod$e4a158359d963b168a4aaf25bc9630e827e25c92\picorv32.$proc$../picorv32.v:859$3916'.
  created $dff cell `$procdff$10135' with positive edge clock.
Creating register for signal `$paramod$e4a158359d963b168a4aaf25bc9630e827e25c92\picorv32.\is_sltiu_bltu_sltu' using process `$paramod$e4a158359d963b168a4aaf25bc9630e827e25c92\picorv32.$proc$../picorv32.v:859$3916'.
  created $dff cell `$procdff$10136' with positive edge clock.
Creating register for signal `$paramod$e4a158359d963b168a4aaf25bc9630e827e25c92\picorv32.\is_beq_bne_blt_bge_bltu_bgeu' using process `$paramod$e4a158359d963b168a4aaf25bc9630e827e25c92\picorv32.$proc$../picorv32.v:859$3916'.
  created $dff cell `$procdff$10137' with positive edge clock.
Creating register for signal `$paramod$e4a158359d963b168a4aaf25bc9630e827e25c92\picorv32.\is_lbu_lhu_lw' using process `$paramod$e4a158359d963b168a4aaf25bc9630e827e25c92\picorv32.$proc$../picorv32.v:859$3916'.
  created $dff cell `$procdff$10138' with positive edge clock.
Creating register for signal `$paramod$e4a158359d963b168a4aaf25bc9630e827e25c92\picorv32.\is_alu_reg_imm' using process `$paramod$e4a158359d963b168a4aaf25bc9630e827e25c92\picorv32.$proc$../picorv32.v:859$3916'.
  created $dff cell `$procdff$10139' with positive edge clock.
Creating register for signal `$paramod$e4a158359d963b168a4aaf25bc9630e827e25c92\picorv32.\is_alu_reg_reg' using process `$paramod$e4a158359d963b168a4aaf25bc9630e827e25c92\picorv32.$proc$../picorv32.v:859$3916'.
  created $dff cell `$procdff$10140' with positive edge clock.
Creating register for signal `$paramod$e4a158359d963b168a4aaf25bc9630e827e25c92\picorv32.\is_compare' using process `$paramod$e4a158359d963b168a4aaf25bc9630e827e25c92\picorv32.$proc$../picorv32.v:859$3916'.
  created $dff cell `$procdff$10141' with positive edge clock.
Creating register for signal `$paramod$e4a158359d963b168a4aaf25bc9630e827e25c92\picorv32.\dbg_insn_addr' using process `$paramod$e4a158359d963b168a4aaf25bc9630e827e25c92\picorv32.$proc$../picorv32.v:779$3910'.
  created $dff cell `$procdff$10142' with positive edge clock.
Creating register for signal `$paramod$e4a158359d963b168a4aaf25bc9630e827e25c92\picorv32.\q_ascii_instr' using process `$paramod$e4a158359d963b168a4aaf25bc9630e827e25c92\picorv32.$proc$../picorv32.v:779$3910'.
  created $dff cell `$procdff$10143' with positive edge clock.
Creating register for signal `$paramod$e4a158359d963b168a4aaf25bc9630e827e25c92\picorv32.\q_insn_imm' using process `$paramod$e4a158359d963b168a4aaf25bc9630e827e25c92\picorv32.$proc$../picorv32.v:779$3910'.
  created $dff cell `$procdff$10144' with positive edge clock.
Creating register for signal `$paramod$e4a158359d963b168a4aaf25bc9630e827e25c92\picorv32.\q_insn_opcode' using process `$paramod$e4a158359d963b168a4aaf25bc9630e827e25c92\picorv32.$proc$../picorv32.v:779$3910'.
  created $dff cell `$procdff$10145' with positive edge clock.
Creating register for signal `$paramod$e4a158359d963b168a4aaf25bc9630e827e25c92\picorv32.\q_insn_rs1' using process `$paramod$e4a158359d963b168a4aaf25bc9630e827e25c92\picorv32.$proc$../picorv32.v:779$3910'.
  created $dff cell `$procdff$10146' with positive edge clock.
Creating register for signal `$paramod$e4a158359d963b168a4aaf25bc9630e827e25c92\picorv32.\q_insn_rs2' using process `$paramod$e4a158359d963b168a4aaf25bc9630e827e25c92\picorv32.$proc$../picorv32.v:779$3910'.
  created $dff cell `$procdff$10147' with positive edge clock.
Creating register for signal `$paramod$e4a158359d963b168a4aaf25bc9630e827e25c92\picorv32.\q_insn_rd' using process `$paramod$e4a158359d963b168a4aaf25bc9630e827e25c92\picorv32.$proc$../picorv32.v:779$3910'.
  created $dff cell `$procdff$10148' with positive edge clock.
Creating register for signal `$paramod$e4a158359d963b168a4aaf25bc9630e827e25c92\picorv32.\dbg_next' using process `$paramod$e4a158359d963b168a4aaf25bc9630e827e25c92\picorv32.$proc$../picorv32.v:779$3910'.
  created $dff cell `$procdff$10149' with positive edge clock.
Creating register for signal `$paramod$e4a158359d963b168a4aaf25bc9630e827e25c92\picorv32.\dbg_valid_insn' using process `$paramod$e4a158359d963b168a4aaf25bc9630e827e25c92\picorv32.$proc$../picorv32.v:779$3910'.
  created $dff cell `$procdff$10150' with positive edge clock.
Creating register for signal `$paramod$e4a158359d963b168a4aaf25bc9630e827e25c92\picorv32.\cached_ascii_instr' using process `$paramod$e4a158359d963b168a4aaf25bc9630e827e25c92\picorv32.$proc$../picorv32.v:779$3910'.
  created $dff cell `$procdff$10151' with positive edge clock.
Creating register for signal `$paramod$e4a158359d963b168a4aaf25bc9630e827e25c92\picorv32.\cached_insn_imm' using process `$paramod$e4a158359d963b168a4aaf25bc9630e827e25c92\picorv32.$proc$../picorv32.v:779$3910'.
  created $dff cell `$procdff$10152' with positive edge clock.
Creating register for signal `$paramod$e4a158359d963b168a4aaf25bc9630e827e25c92\picorv32.\cached_insn_opcode' using process `$paramod$e4a158359d963b168a4aaf25bc9630e827e25c92\picorv32.$proc$../picorv32.v:779$3910'.
  created $dff cell `$procdff$10153' with positive edge clock.
Creating register for signal `$paramod$e4a158359d963b168a4aaf25bc9630e827e25c92\picorv32.\cached_insn_rs1' using process `$paramod$e4a158359d963b168a4aaf25bc9630e827e25c92\picorv32.$proc$../picorv32.v:779$3910'.
  created $dff cell `$procdff$10154' with positive edge clock.
Creating register for signal `$paramod$e4a158359d963b168a4aaf25bc9630e827e25c92\picorv32.\cached_insn_rs2' using process `$paramod$e4a158359d963b168a4aaf25bc9630e827e25c92\picorv32.$proc$../picorv32.v:779$3910'.
  created $dff cell `$procdff$10155' with positive edge clock.
Creating register for signal `$paramod$e4a158359d963b168a4aaf25bc9630e827e25c92\picorv32.\cached_insn_rd' using process `$paramod$e4a158359d963b168a4aaf25bc9630e827e25c92\picorv32.$proc$../picorv32.v:779$3910'.
  created $dff cell `$procdff$10156' with positive edge clock.
Creating register for signal `$paramod$e4a158359d963b168a4aaf25bc9630e827e25c92\picorv32.\mem_valid' using process `$paramod$e4a158359d963b168a4aaf25bc9630e827e25c92\picorv32.$proc$../picorv32.v:566$3885'.
  created $dff cell `$procdff$10157' with positive edge clock.
Creating register for signal `$paramod$e4a158359d963b168a4aaf25bc9630e827e25c92\picorv32.\mem_instr' using process `$paramod$e4a158359d963b168a4aaf25bc9630e827e25c92\picorv32.$proc$../picorv32.v:566$3885'.
  created $dff cell `$procdff$10158' with positive edge clock.
Creating register for signal `$paramod$e4a158359d963b168a4aaf25bc9630e827e25c92\picorv32.\mem_addr' using process `$paramod$e4a158359d963b168a4aaf25bc9630e827e25c92\picorv32.$proc$../picorv32.v:566$3885'.
  created $dff cell `$procdff$10159' with positive edge clock.
Creating register for signal `$paramod$e4a158359d963b168a4aaf25bc9630e827e25c92\picorv32.\mem_wdata' using process `$paramod$e4a158359d963b168a4aaf25bc9630e827e25c92\picorv32.$proc$../picorv32.v:566$3885'.
  created $dff cell `$procdff$10160' with positive edge clock.
Creating register for signal `$paramod$e4a158359d963b168a4aaf25bc9630e827e25c92\picorv32.\mem_wstrb' using process `$paramod$e4a158359d963b168a4aaf25bc9630e827e25c92\picorv32.$proc$../picorv32.v:566$3885'.
  created $dff cell `$procdff$10161' with positive edge clock.
Creating register for signal `$paramod$e4a158359d963b168a4aaf25bc9630e827e25c92\picorv32.\mem_state' using process `$paramod$e4a158359d963b168a4aaf25bc9630e827e25c92\picorv32.$proc$../picorv32.v:566$3885'.
  created $dff cell `$procdff$10162' with positive edge clock.
Creating register for signal `$paramod$e4a158359d963b168a4aaf25bc9630e827e25c92\picorv32.\mem_la_secondword' using process `$paramod$e4a158359d963b168a4aaf25bc9630e827e25c92\picorv32.$proc$../picorv32.v:566$3885'.
  created $dff cell `$procdff$10163' with positive edge clock.
Creating register for signal `$paramod$e4a158359d963b168a4aaf25bc9630e827e25c92\picorv32.\prefetched_high_word' using process `$paramod$e4a158359d963b168a4aaf25bc9630e827e25c92\picorv32.$proc$../picorv32.v:566$3885'.
  created $dff cell `$procdff$10164' with positive edge clock.
Creating register for signal `$paramod$e4a158359d963b168a4aaf25bc9630e827e25c92\picorv32.\mem_16bit_buffer' using process `$paramod$e4a158359d963b168a4aaf25bc9630e827e25c92\picorv32.$proc$../picorv32.v:566$3885'.
  created $dff cell `$procdff$10165' with positive edge clock.
Creating register for signal `$paramod$e4a158359d963b168a4aaf25bc9630e827e25c92\picorv32.\next_insn_opcode' using process `$paramod$e4a158359d963b168a4aaf25bc9630e827e25c92\picorv32.$proc$../picorv32.v:431$3845'.
  created $dff cell `$procdff$10166' with positive edge clock.
Creating register for signal `$paramod$e4a158359d963b168a4aaf25bc9630e827e25c92\picorv32.\mem_rdata_q' using process `$paramod$e4a158359d963b168a4aaf25bc9630e827e25c92\picorv32.$proc$../picorv32.v:431$3845'.
  created $dff cell `$procdff$10167' with positive edge clock.
Creating register for signal `$paramod$e4a158359d963b168a4aaf25bc9630e827e25c92\picorv32.\mem_la_firstword_reg' using process `$paramod$e4a158359d963b168a4aaf25bc9630e827e25c92\picorv32.$proc$../picorv32.v:391$3837'.
  created $dff cell `$procdff$10168' with positive edge clock.
Creating register for signal `$paramod$e4a158359d963b168a4aaf25bc9630e827e25c92\picorv32.\last_mem_valid' using process `$paramod$e4a158359d963b168a4aaf25bc9630e827e25c92\picorv32.$proc$../picorv32.v:391$3837'.
  created $dff cell `$procdff$10169' with positive edge clock.

6.3.8. Executing PROC_CLEAN pass (remove empty switches from decision trees).
Found and cleaned up 53 empty switches in `$paramod$e4a158359d963b168a4aaf25bc9630e827e25c92\picorv32.$proc$../picorv32.v:1436$4255'.
Removing empty process `$paramod$e4a158359d963b168a4aaf25bc9630e827e25c92\picorv32.$proc$../picorv32.v:1436$4255'.
Removing empty process `$paramod$e4a158359d963b168a4aaf25bc9630e827e25c92\picorv32.$proc$../picorv32.v:1382$4239'.
Found and cleaned up 1 empty switch in `$paramod$e4a158359d963b168a4aaf25bc9630e827e25c92\picorv32.$proc$../picorv32.v:1371$4233'.
Removing empty process `$paramod$e4a158359d963b168a4aaf25bc9630e827e25c92\picorv32.$proc$../picorv32.v:1371$4233'.
Found and cleaned up 2 empty switches in `$paramod$e4a158359d963b168a4aaf25bc9630e827e25c92\picorv32.$proc$../picorv32.v:1343$4221'.
Removing empty process `$paramod$e4a158359d963b168a4aaf25bc9630e827e25c92\picorv32.$proc$../picorv32.v:1343$4221'.
Found and cleaned up 2 empty switches in `$paramod$e4a158359d963b168a4aaf25bc9630e827e25c92\picorv32.$proc$../picorv32.v:1329$4216'.
Removing empty process `$paramod$e4a158359d963b168a4aaf25bc9630e827e25c92\picorv32.$proc$../picorv32.v:1329$4216'.
Removing empty process `$paramod$e4a158359d963b168a4aaf25bc9630e827e25c92\picorv32.$proc$../picorv32.v:1327$4215'.
Found and cleaned up 2 empty switches in `$paramod$e4a158359d963b168a4aaf25bc9630e827e25c92\picorv32.$proc$../picorv32.v:1283$4193'.
Removing empty process `$paramod$e4a158359d963b168a4aaf25bc9630e827e25c92\picorv32.$proc$../picorv32.v:1283$4193'.
Found and cleaned up 8 empty switches in `$paramod$e4a158359d963b168a4aaf25bc9630e827e25c92\picorv32.$proc$../picorv32.v:1187$4179'.
Removing empty process `$paramod$e4a158359d963b168a4aaf25bc9630e827e25c92\picorv32.$proc$../picorv32.v:1187$4179'.
Found and cleaned up 22 empty switches in `$paramod$e4a158359d963b168a4aaf25bc9630e827e25c92\picorv32.$proc$../picorv32.v:859$3916'.
Removing empty process `$paramod$e4a158359d963b168a4aaf25bc9630e827e25c92\picorv32.$proc$../picorv32.v:859$3916'.
Found and cleaned up 3 empty switches in `$paramod$e4a158359d963b168a4aaf25bc9630e827e25c92\picorv32.$proc$../picorv32.v:810$3914'.
Removing empty process `$paramod$e4a158359d963b168a4aaf25bc9630e827e25c92\picorv32.$proc$../picorv32.v:810$3914'.
Found and cleaned up 5 empty switches in `$paramod$e4a158359d963b168a4aaf25bc9630e827e25c92\picorv32.$proc$../picorv32.v:779$3910'.
Removing empty process `$paramod$e4a158359d963b168a4aaf25bc9630e827e25c92\picorv32.$proc$../picorv32.v:779$3910'.
Found and cleaned up 48 empty switches in `$paramod$e4a158359d963b168a4aaf25bc9630e827e25c92\picorv32.$proc$../picorv32.v:702$3909'.
Removing empty process `$paramod$e4a158359d963b168a4aaf25bc9630e827e25c92\picorv32.$proc$../picorv32.v:702$3909'.
Found and cleaned up 16 empty switches in `$paramod$e4a158359d963b168a4aaf25bc9630e827e25c92\picorv32.$proc$../picorv32.v:566$3885'.
Removing empty process `$paramod$e4a158359d963b168a4aaf25bc9630e827e25c92\picorv32.$proc$../picorv32.v:566$3885'.
Removing empty process `$paramod$e4a158359d963b168a4aaf25bc9630e827e25c92\picorv32.$proc$../picorv32.v:1273$4428'.
Found and cleaned up 19 empty switches in `$paramod$e4a158359d963b168a4aaf25bc9630e827e25c92\picorv32.$proc$../picorv32.v:431$3845'.
Removing empty process `$paramod$e4a158359d963b168a4aaf25bc9630e827e25c92\picorv32.$proc$../picorv32.v:431$3845'.
Found and cleaned up 3 empty switches in `$paramod$e4a158359d963b168a4aaf25bc9630e827e25c92\picorv32.$proc$../picorv32.v:402$3842'.
Removing empty process `$paramod$e4a158359d963b168a4aaf25bc9630e827e25c92\picorv32.$proc$../picorv32.v:402$3842'.
Found and cleaned up 2 empty switches in `$paramod$e4a158359d963b168a4aaf25bc9630e827e25c92\picorv32.$proc$../picorv32.v:391$3837'.
Removing empty process `$paramod$e4a158359d963b168a4aaf25bc9630e827e25c92\picorv32.$proc$../picorv32.v:391$3837'.
Found and cleaned up 1 empty switch in `$paramod$e4a158359d963b168a4aaf25bc9630e827e25c92\picorv32.$proc$../picorv32.v:326$3763'.
Removing empty process `$paramod$e4a158359d963b168a4aaf25bc9630e827e25c92\picorv32.$proc$../picorv32.v:326$3763'.
Removing empty process `$paramod\ksa_adder\WIDTH=32.$proc$rtl/ksa/ksa_adder.v:3$6879'.
Removing empty process `$paramod\ksa_adder\WIDTH=32.$proc$rtl/ksa/ksa_adder.v:51$6874'.
Removing empty process `$paramod\ksa_adder\WIDTH=32.$proc$rtl/ksa/ksa_adder.v:51$6872'.
Removing empty process `$paramod\ksa_adder\WIDTH=32.$proc$rtl/ksa/ksa_adder.v:51$6867'.
Removing empty process `$paramod\ksa_adder\WIDTH=32.$proc$rtl/ksa/ksa_adder.v:51$6865'.
Removing empty process `$paramod\ksa_adder\WIDTH=32.$proc$rtl/ksa/ksa_adder.v:51$6860'.
Removing empty process `$paramod\ksa_adder\WIDTH=32.$proc$rtl/ksa/ksa_adder.v:51$6858'.
Removing empty process `$paramod\ksa_adder\WIDTH=32.$proc$rtl/ksa/ksa_adder.v:51$6853'.
Removing empty process `$paramod\ksa_adder\WIDTH=32.$proc$rtl/ksa/ksa_adder.v:51$6851'.
Removing empty process `$paramod\ksa_adder\WIDTH=32.$proc$rtl/ksa/ksa_adder.v:51$6846'.
Removing empty process `$paramod\ksa_adder\WIDTH=32.$proc$rtl/ksa/ksa_adder.v:51$6844'.
Removing empty process `$paramod\ksa_adder\WIDTH=32.$proc$rtl/ksa/ksa_adder.v:51$6839'.
Removing empty process `$paramod\ksa_adder\WIDTH=32.$proc$rtl/ksa/ksa_adder.v:51$6837'.
Removing empty process `$paramod\ksa_adder\WIDTH=32.$proc$rtl/ksa/ksa_adder.v:51$6832'.
Removing empty process `$paramod\ksa_adder\WIDTH=32.$proc$rtl/ksa/ksa_adder.v:51$6830'.
Removing empty process `$paramod\ksa_adder\WIDTH=32.$proc$rtl/ksa/ksa_adder.v:51$6825'.
Removing empty process `$paramod\ksa_adder\WIDTH=32.$proc$rtl/ksa/ksa_adder.v:51$6823'.
Removing empty process `$paramod\ksa_adder\WIDTH=32.$proc$rtl/ksa/ksa_adder.v:51$6818'.
Removing empty process `$paramod\ksa_adder\WIDTH=32.$proc$rtl/ksa/ksa_adder.v:51$6816'.
Removing empty process `$paramod\ksa_adder\WIDTH=32.$proc$rtl/ksa/ksa_adder.v:51$6811'.
Removing empty process `$paramod\ksa_adder\WIDTH=32.$proc$rtl/ksa/ksa_adder.v:51$6809'.
Removing empty process `$paramod\ksa_adder\WIDTH=32.$proc$rtl/ksa/ksa_adder.v:51$6804'.
Removing empty process `$paramod\ksa_adder\WIDTH=32.$proc$rtl/ksa/ksa_adder.v:51$6802'.
Removing empty process `$paramod\ksa_adder\WIDTH=32.$proc$rtl/ksa/ksa_adder.v:51$6797'.
Removing empty process `$paramod\ksa_adder\WIDTH=32.$proc$rtl/ksa/ksa_adder.v:51$6795'.
Removing empty process `$paramod\ksa_adder\WIDTH=32.$proc$rtl/ksa/ksa_adder.v:51$6790'.
Removing empty process `$paramod\ksa_adder\WIDTH=32.$proc$rtl/ksa/ksa_adder.v:51$6788'.
Removing empty process `$paramod\ksa_adder\WIDTH=32.$proc$rtl/ksa/ksa_adder.v:51$6783'.
Removing empty process `$paramod\ksa_adder\WIDTH=32.$proc$rtl/ksa/ksa_adder.v:51$6781'.
Removing empty process `$paramod\ksa_adder\WIDTH=32.$proc$rtl/ksa/ksa_adder.v:51$6776'.
Removing empty process `$paramod\ksa_adder\WIDTH=32.$proc$rtl/ksa/ksa_adder.v:51$6774'.
Removing empty process `$paramod\ksa_adder\WIDTH=32.$proc$rtl/ksa/ksa_adder.v:51$6769'.
Removing empty process `$paramod\ksa_adder\WIDTH=32.$proc$rtl/ksa/ksa_adder.v:51$6767'.
Removing empty process `$paramod\ksa_adder\WIDTH=32.$proc$rtl/ksa/ksa_adder.v:51$6762'.
Removing empty process `$paramod\ksa_adder\WIDTH=32.$proc$rtl/ksa/ksa_adder.v:51$6760'.
Removing empty process `$paramod\ksa_adder\WIDTH=32.$proc$rtl/ksa/ksa_adder.v:51$6755'.
Removing empty process `$paramod\ksa_adder\WIDTH=32.$proc$rtl/ksa/ksa_adder.v:51$6753'.
Removing empty process `$paramod\ksa_adder\WIDTH=32.$proc$rtl/ksa/ksa_adder.v:51$6748'.
Removing empty process `$paramod\ksa_adder\WIDTH=32.$proc$rtl/ksa/ksa_adder.v:51$6746'.
Removing empty process `$paramod\ksa_adder\WIDTH=32.$proc$rtl/ksa/ksa_adder.v:51$6741'.
Removing empty process `$paramod\ksa_adder\WIDTH=32.$proc$rtl/ksa/ksa_adder.v:51$6739'.
Removing empty process `$paramod\ksa_adder\WIDTH=32.$proc$rtl/ksa/ksa_adder.v:51$6734'.
Removing empty process `$paramod\ksa_adder\WIDTH=32.$proc$rtl/ksa/ksa_adder.v:51$6732'.
Removing empty process `$paramod\ksa_adder\WIDTH=32.$proc$rtl/ksa/ksa_adder.v:51$6727'.
Removing empty process `$paramod\ksa_adder\WIDTH=32.$proc$rtl/ksa/ksa_adder.v:51$6725'.
Removing empty process `$paramod\ksa_adder\WIDTH=32.$proc$rtl/ksa/ksa_adder.v:51$6720'.
Removing empty process `$paramod\ksa_adder\WIDTH=32.$proc$rtl/ksa/ksa_adder.v:51$6718'.
Removing empty process `$paramod\ksa_adder\WIDTH=32.$proc$rtl/ksa/ksa_adder.v:51$6713'.
Removing empty process `$paramod\ksa_adder\WIDTH=32.$proc$rtl/ksa/ksa_adder.v:51$6711'.
Removing empty process `$paramod\ksa_adder\WIDTH=32.$proc$rtl/ksa/ksa_adder.v:51$6706'.
Removing empty process `$paramod\ksa_adder\WIDTH=32.$proc$rtl/ksa/ksa_adder.v:51$6704'.
Removing empty process `$paramod\ksa_adder\WIDTH=32.$proc$rtl/ksa/ksa_adder.v:51$6699'.
Removing empty process `$paramod\ksa_adder\WIDTH=32.$proc$rtl/ksa/ksa_adder.v:51$6697'.
Removing empty process `$paramod\ksa_adder\WIDTH=32.$proc$rtl/ksa/ksa_adder.v:51$6692'.
Removing empty process `$paramod\ksa_adder\WIDTH=32.$proc$rtl/ksa/ksa_adder.v:51$6690'.
Removing empty process `$paramod\ksa_adder\WIDTH=32.$proc$rtl/ksa/ksa_adder.v:51$6685'.
Removing empty process `$paramod\ksa_adder\WIDTH=32.$proc$rtl/ksa/ksa_adder.v:51$6683'.
Removing empty process `$paramod\ksa_adder\WIDTH=32.$proc$rtl/ksa/ksa_adder.v:51$6678'.
Removing empty process `$paramod\ksa_adder\WIDTH=32.$proc$rtl/ksa/ksa_adder.v:51$6676'.
Removing empty process `$paramod\ksa_adder\WIDTH=32.$proc$rtl/ksa/ksa_adder.v:51$6671'.
Removing empty process `$paramod\ksa_adder\WIDTH=32.$proc$rtl/ksa/ksa_adder.v:51$6669'.
Removing empty process `$paramod\ksa_adder\WIDTH=32.$proc$rtl/ksa/ksa_adder.v:51$6664'.
Removing empty process `$paramod\ksa_adder\WIDTH=32.$proc$rtl/ksa/ksa_adder.v:51$6662'.
Removing empty process `$paramod\ksa_adder\WIDTH=32.$proc$rtl/ksa/ksa_adder.v:51$6657'.
Removing empty process `$paramod\ksa_adder\WIDTH=32.$proc$rtl/ksa/ksa_adder.v:51$6655'.
Removing empty process `$paramod\ksa_adder\WIDTH=32.$proc$rtl/ksa/ksa_adder.v:41$6653'.
Removing empty process `$paramod\ksa_adder\WIDTH=32.$proc$rtl/ksa/ksa_adder.v:41$6651'.
Removing empty process `$paramod\ksa_adder\WIDTH=32.$proc$rtl/ksa/ksa_adder.v:40$6649'.
Removing empty process `$paramod\ksa_adder\WIDTH=32.$proc$rtl/ksa/ksa_adder.v:40$6647'.
Removing empty process `$paramod\ksa_adder\WIDTH=32.$proc$rtl/ksa/ksa_adder.v:40$6645'.
Removing empty process `$paramod\ksa_adder\WIDTH=32.$proc$rtl/ksa/ksa_adder.v:41$6643'.
Removing empty process `$paramod\ksa_adder\WIDTH=32.$proc$rtl/ksa/ksa_adder.v:41$6641'.
Removing empty process `$paramod\ksa_adder\WIDTH=32.$proc$rtl/ksa/ksa_adder.v:40$6639'.
Removing empty process `$paramod\ksa_adder\WIDTH=32.$proc$rtl/ksa/ksa_adder.v:40$6637'.
Removing empty process `$paramod\ksa_adder\WIDTH=32.$proc$rtl/ksa/ksa_adder.v:40$6635'.
Removing empty process `$paramod\ksa_adder\WIDTH=32.$proc$rtl/ksa/ksa_adder.v:41$6633'.
Removing empty process `$paramod\ksa_adder\WIDTH=32.$proc$rtl/ksa/ksa_adder.v:41$6631'.
Removing empty process `$paramod\ksa_adder\WIDTH=32.$proc$rtl/ksa/ksa_adder.v:40$6629'.
Removing empty process `$paramod\ksa_adder\WIDTH=32.$proc$rtl/ksa/ksa_adder.v:40$6627'.
Removing empty process `$paramod\ksa_adder\WIDTH=32.$proc$rtl/ksa/ksa_adder.v:40$6625'.
Removing empty process `$paramod\ksa_adder\WIDTH=32.$proc$rtl/ksa/ksa_adder.v:41$6623'.
Removing empty process `$paramod\ksa_adder\WIDTH=32.$proc$rtl/ksa/ksa_adder.v:41$6621'.
Removing empty process `$paramod\ksa_adder\WIDTH=32.$proc$rtl/ksa/ksa_adder.v:40$6619'.
Removing empty process `$paramod\ksa_adder\WIDTH=32.$proc$rtl/ksa/ksa_adder.v:40$6617'.
Removing empty process `$paramod\ksa_adder\WIDTH=32.$proc$rtl/ksa/ksa_adder.v:40$6615'.
Removing empty process `$paramod\ksa_adder\WIDTH=32.$proc$rtl/ksa/ksa_adder.v:41$6613'.
Removing empty process `$paramod\ksa_adder\WIDTH=32.$proc$rtl/ksa/ksa_adder.v:41$6611'.
Removing empty process `$paramod\ksa_adder\WIDTH=32.$proc$rtl/ksa/ksa_adder.v:40$6609'.
Removing empty process `$paramod\ksa_adder\WIDTH=32.$proc$rtl/ksa/ksa_adder.v:40$6607'.
Removing empty process `$paramod\ksa_adder\WIDTH=32.$proc$rtl/ksa/ksa_adder.v:40$6605'.
Removing empty process `$paramod\ksa_adder\WIDTH=32.$proc$rtl/ksa/ksa_adder.v:41$6603'.
Removing empty process `$paramod\ksa_adder\WIDTH=32.$proc$rtl/ksa/ksa_adder.v:41$6601'.
Removing empty process `$paramod\ksa_adder\WIDTH=32.$proc$rtl/ksa/ksa_adder.v:40$6599'.
Removing empty process `$paramod\ksa_adder\WIDTH=32.$proc$rtl/ksa/ksa_adder.v:40$6597'.
Removing empty process `$paramod\ksa_adder\WIDTH=32.$proc$rtl/ksa/ksa_adder.v:40$6595'.
Removing empty process `$paramod\ksa_adder\WIDTH=32.$proc$rtl/ksa/ksa_adder.v:41$6593'.
Removing empty process `$paramod\ksa_adder\WIDTH=32.$proc$rtl/ksa/ksa_adder.v:41$6591'.
Removing empty process `$paramod\ksa_adder\WIDTH=32.$proc$rtl/ksa/ksa_adder.v:40$6589'.
Removing empty process `$paramod\ksa_adder\WIDTH=32.$proc$rtl/ksa/ksa_adder.v:40$6587'.
Removing empty process `$paramod\ksa_adder\WIDTH=32.$proc$rtl/ksa/ksa_adder.v:40$6585'.
Removing empty process `$paramod\ksa_adder\WIDTH=32.$proc$rtl/ksa/ksa_adder.v:41$6583'.
Removing empty process `$paramod\ksa_adder\WIDTH=32.$proc$rtl/ksa/ksa_adder.v:41$6581'.
Removing empty process `$paramod\ksa_adder\WIDTH=32.$proc$rtl/ksa/ksa_adder.v:40$6579'.
Removing empty process `$paramod\ksa_adder\WIDTH=32.$proc$rtl/ksa/ksa_adder.v:40$6577'.
Removing empty process `$paramod\ksa_adder\WIDTH=32.$proc$rtl/ksa/ksa_adder.v:40$6575'.
Removing empty process `$paramod\ksa_adder\WIDTH=32.$proc$rtl/ksa/ksa_adder.v:41$6573'.
Removing empty process `$paramod\ksa_adder\WIDTH=32.$proc$rtl/ksa/ksa_adder.v:41$6571'.
Removing empty process `$paramod\ksa_adder\WIDTH=32.$proc$rtl/ksa/ksa_adder.v:40$6569'.
Removing empty process `$paramod\ksa_adder\WIDTH=32.$proc$rtl/ksa/ksa_adder.v:40$6567'.
Removing empty process `$paramod\ksa_adder\WIDTH=32.$proc$rtl/ksa/ksa_adder.v:40$6565'.
Removing empty process `$paramod\ksa_adder\WIDTH=32.$proc$rtl/ksa/ksa_adder.v:41$6563'.
Removing empty process `$paramod\ksa_adder\WIDTH=32.$proc$rtl/ksa/ksa_adder.v:41$6561'.
Removing empty process `$paramod\ksa_adder\WIDTH=32.$proc$rtl/ksa/ksa_adder.v:40$6559'.
Removing empty process `$paramod\ksa_adder\WIDTH=32.$proc$rtl/ksa/ksa_adder.v:40$6557'.
Removing empty process `$paramod\ksa_adder\WIDTH=32.$proc$rtl/ksa/ksa_adder.v:40$6555'.
Removing empty process `$paramod\ksa_adder\WIDTH=32.$proc$rtl/ksa/ksa_adder.v:41$6553'.
Removing empty process `$paramod\ksa_adder\WIDTH=32.$proc$rtl/ksa/ksa_adder.v:41$6551'.
Removing empty process `$paramod\ksa_adder\WIDTH=32.$proc$rtl/ksa/ksa_adder.v:40$6549'.
Removing empty process `$paramod\ksa_adder\WIDTH=32.$proc$rtl/ksa/ksa_adder.v:40$6547'.
Removing empty process `$paramod\ksa_adder\WIDTH=32.$proc$rtl/ksa/ksa_adder.v:40$6545'.
Removing empty process `$paramod\ksa_adder\WIDTH=32.$proc$rtl/ksa/ksa_adder.v:41$6543'.
Removing empty process `$paramod\ksa_adder\WIDTH=32.$proc$rtl/ksa/ksa_adder.v:41$6541'.
Removing empty process `$paramod\ksa_adder\WIDTH=32.$proc$rtl/ksa/ksa_adder.v:40$6539'.
Removing empty process `$paramod\ksa_adder\WIDTH=32.$proc$rtl/ksa/ksa_adder.v:40$6537'.
Removing empty process `$paramod\ksa_adder\WIDTH=32.$proc$rtl/ksa/ksa_adder.v:40$6535'.
Removing empty process `$paramod\ksa_adder\WIDTH=32.$proc$rtl/ksa/ksa_adder.v:41$6533'.
Removing empty process `$paramod\ksa_adder\WIDTH=32.$proc$rtl/ksa/ksa_adder.v:41$6531'.
Removing empty process `$paramod\ksa_adder\WIDTH=32.$proc$rtl/ksa/ksa_adder.v:40$6529'.
Removing empty process `$paramod\ksa_adder\WIDTH=32.$proc$rtl/ksa/ksa_adder.v:40$6527'.
Removing empty process `$paramod\ksa_adder\WIDTH=32.$proc$rtl/ksa/ksa_adder.v:40$6525'.
Removing empty process `$paramod\ksa_adder\WIDTH=32.$proc$rtl/ksa/ksa_adder.v:41$6523'.
Removing empty process `$paramod\ksa_adder\WIDTH=32.$proc$rtl/ksa/ksa_adder.v:41$6521'.
Removing empty process `$paramod\ksa_adder\WIDTH=32.$proc$rtl/ksa/ksa_adder.v:40$6519'.
Removing empty process `$paramod\ksa_adder\WIDTH=32.$proc$rtl/ksa/ksa_adder.v:40$6517'.
Removing empty process `$paramod\ksa_adder\WIDTH=32.$proc$rtl/ksa/ksa_adder.v:40$6515'.
Removing empty process `$paramod\ksa_adder\WIDTH=32.$proc$rtl/ksa/ksa_adder.v:41$6513'.
Removing empty process `$paramod\ksa_adder\WIDTH=32.$proc$rtl/ksa/ksa_adder.v:41$6511'.
Removing empty process `$paramod\ksa_adder\WIDTH=32.$proc$rtl/ksa/ksa_adder.v:40$6509'.
Removing empty process `$paramod\ksa_adder\WIDTH=32.$proc$rtl/ksa/ksa_adder.v:40$6507'.
Removing empty process `$paramod\ksa_adder\WIDTH=32.$proc$rtl/ksa/ksa_adder.v:40$6505'.
Removing empty process `$paramod\ksa_adder\WIDTH=32.$proc$rtl/ksa/ksa_adder.v:41$6503'.
Removing empty process `$paramod\ksa_adder\WIDTH=32.$proc$rtl/ksa/ksa_adder.v:41$6501'.
Removing empty process `$paramod\ksa_adder\WIDTH=32.$proc$rtl/ksa/ksa_adder.v:40$6499'.
Removing empty process `$paramod\ksa_adder\WIDTH=32.$proc$rtl/ksa/ksa_adder.v:40$6497'.
Removing empty process `$paramod\ksa_adder\WIDTH=32.$proc$rtl/ksa/ksa_adder.v:40$6495'.
Removing empty process `$paramod\ksa_adder\WIDTH=32.$proc$rtl/ksa/ksa_adder.v:38$6493'.
Removing empty process `$paramod\ksa_adder\WIDTH=32.$proc$rtl/ksa/ksa_adder.v:37$6491'.
Removing empty process `$paramod\ksa_adder\WIDTH=32.$proc$rtl/ksa/ksa_adder.v:38$6489'.
Removing empty process `$paramod\ksa_adder\WIDTH=32.$proc$rtl/ksa/ksa_adder.v:37$6487'.
Removing empty process `$paramod\ksa_adder\WIDTH=32.$proc$rtl/ksa/ksa_adder.v:38$6485'.
Removing empty process `$paramod\ksa_adder\WIDTH=32.$proc$rtl/ksa/ksa_adder.v:37$6483'.
Removing empty process `$paramod\ksa_adder\WIDTH=32.$proc$rtl/ksa/ksa_adder.v:38$6481'.
Removing empty process `$paramod\ksa_adder\WIDTH=32.$proc$rtl/ksa/ksa_adder.v:37$6479'.
Removing empty process `$paramod\ksa_adder\WIDTH=32.$proc$rtl/ksa/ksa_adder.v:38$6477'.
Removing empty process `$paramod\ksa_adder\WIDTH=32.$proc$rtl/ksa/ksa_adder.v:37$6475'.
Removing empty process `$paramod\ksa_adder\WIDTH=32.$proc$rtl/ksa/ksa_adder.v:38$6473'.
Removing empty process `$paramod\ksa_adder\WIDTH=32.$proc$rtl/ksa/ksa_adder.v:37$6471'.
Removing empty process `$paramod\ksa_adder\WIDTH=32.$proc$rtl/ksa/ksa_adder.v:38$6469'.
Removing empty process `$paramod\ksa_adder\WIDTH=32.$proc$rtl/ksa/ksa_adder.v:37$6467'.
Removing empty process `$paramod\ksa_adder\WIDTH=32.$proc$rtl/ksa/ksa_adder.v:38$6465'.
Removing empty process `$paramod\ksa_adder\WIDTH=32.$proc$rtl/ksa/ksa_adder.v:37$6463'.
Removing empty process `$paramod\ksa_adder\WIDTH=32.$proc$rtl/ksa/ksa_adder.v:38$6461'.
Removing empty process `$paramod\ksa_adder\WIDTH=32.$proc$rtl/ksa/ksa_adder.v:37$6459'.
Removing empty process `$paramod\ksa_adder\WIDTH=32.$proc$rtl/ksa/ksa_adder.v:38$6457'.
Removing empty process `$paramod\ksa_adder\WIDTH=32.$proc$rtl/ksa/ksa_adder.v:37$6455'.
Removing empty process `$paramod\ksa_adder\WIDTH=32.$proc$rtl/ksa/ksa_adder.v:38$6453'.
Removing empty process `$paramod\ksa_adder\WIDTH=32.$proc$rtl/ksa/ksa_adder.v:37$6451'.
Removing empty process `$paramod\ksa_adder\WIDTH=32.$proc$rtl/ksa/ksa_adder.v:38$6449'.
Removing empty process `$paramod\ksa_adder\WIDTH=32.$proc$rtl/ksa/ksa_adder.v:37$6447'.
Removing empty process `$paramod\ksa_adder\WIDTH=32.$proc$rtl/ksa/ksa_adder.v:38$6445'.
Removing empty process `$paramod\ksa_adder\WIDTH=32.$proc$rtl/ksa/ksa_adder.v:37$6443'.
Removing empty process `$paramod\ksa_adder\WIDTH=32.$proc$rtl/ksa/ksa_adder.v:38$6441'.
Removing empty process `$paramod\ksa_adder\WIDTH=32.$proc$rtl/ksa/ksa_adder.v:37$6439'.
Removing empty process `$paramod\ksa_adder\WIDTH=32.$proc$rtl/ksa/ksa_adder.v:38$6437'.
Removing empty process `$paramod\ksa_adder\WIDTH=32.$proc$rtl/ksa/ksa_adder.v:37$6435'.
Removing empty process `$paramod\ksa_adder\WIDTH=32.$proc$rtl/ksa/ksa_adder.v:38$6433'.
Removing empty process `$paramod\ksa_adder\WIDTH=32.$proc$rtl/ksa/ksa_adder.v:37$6431'.
Removing empty process `$paramod\ksa_adder\WIDTH=32.$proc$rtl/ksa/ksa_adder.v:41$6429'.
Removing empty process `$paramod\ksa_adder\WIDTH=32.$proc$rtl/ksa/ksa_adder.v:41$6427'.
Removing empty process `$paramod\ksa_adder\WIDTH=32.$proc$rtl/ksa/ksa_adder.v:40$6425'.
Removing empty process `$paramod\ksa_adder\WIDTH=32.$proc$rtl/ksa/ksa_adder.v:40$6423'.
Removing empty process `$paramod\ksa_adder\WIDTH=32.$proc$rtl/ksa/ksa_adder.v:40$6421'.
Removing empty process `$paramod\ksa_adder\WIDTH=32.$proc$rtl/ksa/ksa_adder.v:41$6419'.
Removing empty process `$paramod\ksa_adder\WIDTH=32.$proc$rtl/ksa/ksa_adder.v:41$6417'.
Removing empty process `$paramod\ksa_adder\WIDTH=32.$proc$rtl/ksa/ksa_adder.v:40$6415'.
Removing empty process `$paramod\ksa_adder\WIDTH=32.$proc$rtl/ksa/ksa_adder.v:40$6413'.
Removing empty process `$paramod\ksa_adder\WIDTH=32.$proc$rtl/ksa/ksa_adder.v:40$6411'.
Removing empty process `$paramod\ksa_adder\WIDTH=32.$proc$rtl/ksa/ksa_adder.v:41$6409'.
Removing empty process `$paramod\ksa_adder\WIDTH=32.$proc$rtl/ksa/ksa_adder.v:41$6407'.
Removing empty process `$paramod\ksa_adder\WIDTH=32.$proc$rtl/ksa/ksa_adder.v:40$6405'.
Removing empty process `$paramod\ksa_adder\WIDTH=32.$proc$rtl/ksa/ksa_adder.v:40$6403'.
Removing empty process `$paramod\ksa_adder\WIDTH=32.$proc$rtl/ksa/ksa_adder.v:40$6401'.
Removing empty process `$paramod\ksa_adder\WIDTH=32.$proc$rtl/ksa/ksa_adder.v:41$6399'.
Removing empty process `$paramod\ksa_adder\WIDTH=32.$proc$rtl/ksa/ksa_adder.v:41$6397'.
Removing empty process `$paramod\ksa_adder\WIDTH=32.$proc$rtl/ksa/ksa_adder.v:40$6395'.
Removing empty process `$paramod\ksa_adder\WIDTH=32.$proc$rtl/ksa/ksa_adder.v:40$6393'.
Removing empty process `$paramod\ksa_adder\WIDTH=32.$proc$rtl/ksa/ksa_adder.v:40$6391'.
Removing empty process `$paramod\ksa_adder\WIDTH=32.$proc$rtl/ksa/ksa_adder.v:41$6389'.
Removing empty process `$paramod\ksa_adder\WIDTH=32.$proc$rtl/ksa/ksa_adder.v:41$6387'.
Removing empty process `$paramod\ksa_adder\WIDTH=32.$proc$rtl/ksa/ksa_adder.v:40$6385'.
Removing empty process `$paramod\ksa_adder\WIDTH=32.$proc$rtl/ksa/ksa_adder.v:40$6383'.
Removing empty process `$paramod\ksa_adder\WIDTH=32.$proc$rtl/ksa/ksa_adder.v:40$6381'.
Removing empty process `$paramod\ksa_adder\WIDTH=32.$proc$rtl/ksa/ksa_adder.v:41$6379'.
Removing empty process `$paramod\ksa_adder\WIDTH=32.$proc$rtl/ksa/ksa_adder.v:41$6377'.
Removing empty process `$paramod\ksa_adder\WIDTH=32.$proc$rtl/ksa/ksa_adder.v:40$6375'.
Removing empty process `$paramod\ksa_adder\WIDTH=32.$proc$rtl/ksa/ksa_adder.v:40$6373'.
Removing empty process `$paramod\ksa_adder\WIDTH=32.$proc$rtl/ksa/ksa_adder.v:40$6371'.
Removing empty process `$paramod\ksa_adder\WIDTH=32.$proc$rtl/ksa/ksa_adder.v:41$6369'.
Removing empty process `$paramod\ksa_adder\WIDTH=32.$proc$rtl/ksa/ksa_adder.v:41$6367'.
Removing empty process `$paramod\ksa_adder\WIDTH=32.$proc$rtl/ksa/ksa_adder.v:40$6365'.
Removing empty process `$paramod\ksa_adder\WIDTH=32.$proc$rtl/ksa/ksa_adder.v:40$6363'.
Removing empty process `$paramod\ksa_adder\WIDTH=32.$proc$rtl/ksa/ksa_adder.v:40$6361'.
Removing empty process `$paramod\ksa_adder\WIDTH=32.$proc$rtl/ksa/ksa_adder.v:41$6359'.
Removing empty process `$paramod\ksa_adder\WIDTH=32.$proc$rtl/ksa/ksa_adder.v:41$6357'.
Removing empty process `$paramod\ksa_adder\WIDTH=32.$proc$rtl/ksa/ksa_adder.v:40$6355'.
Removing empty process `$paramod\ksa_adder\WIDTH=32.$proc$rtl/ksa/ksa_adder.v:40$6353'.
Removing empty process `$paramod\ksa_adder\WIDTH=32.$proc$rtl/ksa/ksa_adder.v:40$6351'.
Removing empty process `$paramod\ksa_adder\WIDTH=32.$proc$rtl/ksa/ksa_adder.v:41$6349'.
Removing empty process `$paramod\ksa_adder\WIDTH=32.$proc$rtl/ksa/ksa_adder.v:41$6347'.
Removing empty process `$paramod\ksa_adder\WIDTH=32.$proc$rtl/ksa/ksa_adder.v:40$6345'.
Removing empty process `$paramod\ksa_adder\WIDTH=32.$proc$rtl/ksa/ksa_adder.v:40$6343'.
Removing empty process `$paramod\ksa_adder\WIDTH=32.$proc$rtl/ksa/ksa_adder.v:40$6341'.
Removing empty process `$paramod\ksa_adder\WIDTH=32.$proc$rtl/ksa/ksa_adder.v:41$6339'.
Removing empty process `$paramod\ksa_adder\WIDTH=32.$proc$rtl/ksa/ksa_adder.v:41$6337'.
Removing empty process `$paramod\ksa_adder\WIDTH=32.$proc$rtl/ksa/ksa_adder.v:40$6335'.
Removing empty process `$paramod\ksa_adder\WIDTH=32.$proc$rtl/ksa/ksa_adder.v:40$6333'.
Removing empty process `$paramod\ksa_adder\WIDTH=32.$proc$rtl/ksa/ksa_adder.v:40$6331'.
Removing empty process `$paramod\ksa_adder\WIDTH=32.$proc$rtl/ksa/ksa_adder.v:41$6329'.
Removing empty process `$paramod\ksa_adder\WIDTH=32.$proc$rtl/ksa/ksa_adder.v:41$6327'.
Removing empty process `$paramod\ksa_adder\WIDTH=32.$proc$rtl/ksa/ksa_adder.v:40$6325'.
Removing empty process `$paramod\ksa_adder\WIDTH=32.$proc$rtl/ksa/ksa_adder.v:40$6323'.
Removing empty process `$paramod\ksa_adder\WIDTH=32.$proc$rtl/ksa/ksa_adder.v:40$6321'.
Removing empty process `$paramod\ksa_adder\WIDTH=32.$proc$rtl/ksa/ksa_adder.v:41$6319'.
Removing empty process `$paramod\ksa_adder\WIDTH=32.$proc$rtl/ksa/ksa_adder.v:41$6317'.
Removing empty process `$paramod\ksa_adder\WIDTH=32.$proc$rtl/ksa/ksa_adder.v:40$6315'.
Removing empty process `$paramod\ksa_adder\WIDTH=32.$proc$rtl/ksa/ksa_adder.v:40$6313'.
Removing empty process `$paramod\ksa_adder\WIDTH=32.$proc$rtl/ksa/ksa_adder.v:40$6311'.
Removing empty process `$paramod\ksa_adder\WIDTH=32.$proc$rtl/ksa/ksa_adder.v:41$6309'.
Removing empty process `$paramod\ksa_adder\WIDTH=32.$proc$rtl/ksa/ksa_adder.v:41$6307'.
Removing empty process `$paramod\ksa_adder\WIDTH=32.$proc$rtl/ksa/ksa_adder.v:40$6305'.
Removing empty process `$paramod\ksa_adder\WIDTH=32.$proc$rtl/ksa/ksa_adder.v:40$6303'.
Removing empty process `$paramod\ksa_adder\WIDTH=32.$proc$rtl/ksa/ksa_adder.v:40$6301'.
Removing empty process `$paramod\ksa_adder\WIDTH=32.$proc$rtl/ksa/ksa_adder.v:41$6299'.
Removing empty process `$paramod\ksa_adder\WIDTH=32.$proc$rtl/ksa/ksa_adder.v:41$6297'.
Removing empty process `$paramod\ksa_adder\WIDTH=32.$proc$rtl/ksa/ksa_adder.v:40$6295'.
Removing empty process `$paramod\ksa_adder\WIDTH=32.$proc$rtl/ksa/ksa_adder.v:40$6293'.
Removing empty process `$paramod\ksa_adder\WIDTH=32.$proc$rtl/ksa/ksa_adder.v:40$6291'.
Removing empty process `$paramod\ksa_adder\WIDTH=32.$proc$rtl/ksa/ksa_adder.v:41$6289'.
Removing empty process `$paramod\ksa_adder\WIDTH=32.$proc$rtl/ksa/ksa_adder.v:41$6287'.
Removing empty process `$paramod\ksa_adder\WIDTH=32.$proc$rtl/ksa/ksa_adder.v:40$6285'.
Removing empty process `$paramod\ksa_adder\WIDTH=32.$proc$rtl/ksa/ksa_adder.v:40$6283'.
Removing empty process `$paramod\ksa_adder\WIDTH=32.$proc$rtl/ksa/ksa_adder.v:40$6281'.
Removing empty process `$paramod\ksa_adder\WIDTH=32.$proc$rtl/ksa/ksa_adder.v:41$6279'.
Removing empty process `$paramod\ksa_adder\WIDTH=32.$proc$rtl/ksa/ksa_adder.v:41$6277'.
Removing empty process `$paramod\ksa_adder\WIDTH=32.$proc$rtl/ksa/ksa_adder.v:40$6275'.
Removing empty process `$paramod\ksa_adder\WIDTH=32.$proc$rtl/ksa/ksa_adder.v:40$6273'.
Removing empty process `$paramod\ksa_adder\WIDTH=32.$proc$rtl/ksa/ksa_adder.v:40$6271'.
Removing empty process `$paramod\ksa_adder\WIDTH=32.$proc$rtl/ksa/ksa_adder.v:41$6269'.
Removing empty process `$paramod\ksa_adder\WIDTH=32.$proc$rtl/ksa/ksa_adder.v:41$6267'.
Removing empty process `$paramod\ksa_adder\WIDTH=32.$proc$rtl/ksa/ksa_adder.v:40$6265'.
Removing empty process `$paramod\ksa_adder\WIDTH=32.$proc$rtl/ksa/ksa_adder.v:40$6263'.
Removing empty process `$paramod\ksa_adder\WIDTH=32.$proc$rtl/ksa/ksa_adder.v:40$6261'.
Removing empty process `$paramod\ksa_adder\WIDTH=32.$proc$rtl/ksa/ksa_adder.v:41$6259'.
Removing empty process `$paramod\ksa_adder\WIDTH=32.$proc$rtl/ksa/ksa_adder.v:41$6257'.
Removing empty process `$paramod\ksa_adder\WIDTH=32.$proc$rtl/ksa/ksa_adder.v:40$6255'.
Removing empty process `$paramod\ksa_adder\WIDTH=32.$proc$rtl/ksa/ksa_adder.v:40$6253'.
Removing empty process `$paramod\ksa_adder\WIDTH=32.$proc$rtl/ksa/ksa_adder.v:40$6251'.
Removing empty process `$paramod\ksa_adder\WIDTH=32.$proc$rtl/ksa/ksa_adder.v:41$6249'.
Removing empty process `$paramod\ksa_adder\WIDTH=32.$proc$rtl/ksa/ksa_adder.v:41$6247'.
Removing empty process `$paramod\ksa_adder\WIDTH=32.$proc$rtl/ksa/ksa_adder.v:40$6245'.
Removing empty process `$paramod\ksa_adder\WIDTH=32.$proc$rtl/ksa/ksa_adder.v:40$6243'.
Removing empty process `$paramod\ksa_adder\WIDTH=32.$proc$rtl/ksa/ksa_adder.v:40$6241'.
Removing empty process `$paramod\ksa_adder\WIDTH=32.$proc$rtl/ksa/ksa_adder.v:41$6239'.
Removing empty process `$paramod\ksa_adder\WIDTH=32.$proc$rtl/ksa/ksa_adder.v:41$6237'.
Removing empty process `$paramod\ksa_adder\WIDTH=32.$proc$rtl/ksa/ksa_adder.v:40$6235'.
Removing empty process `$paramod\ksa_adder\WIDTH=32.$proc$rtl/ksa/ksa_adder.v:40$6233'.
Removing empty process `$paramod\ksa_adder\WIDTH=32.$proc$rtl/ksa/ksa_adder.v:40$6231'.
Removing empty process `$paramod\ksa_adder\WIDTH=32.$proc$rtl/ksa/ksa_adder.v:41$6229'.
Removing empty process `$paramod\ksa_adder\WIDTH=32.$proc$rtl/ksa/ksa_adder.v:41$6227'.
Removing empty process `$paramod\ksa_adder\WIDTH=32.$proc$rtl/ksa/ksa_adder.v:40$6225'.
Removing empty process `$paramod\ksa_adder\WIDTH=32.$proc$rtl/ksa/ksa_adder.v:40$6223'.
Removing empty process `$paramod\ksa_adder\WIDTH=32.$proc$rtl/ksa/ksa_adder.v:40$6221'.
Removing empty process `$paramod\ksa_adder\WIDTH=32.$proc$rtl/ksa/ksa_adder.v:41$6219'.
Removing empty process `$paramod\ksa_adder\WIDTH=32.$proc$rtl/ksa/ksa_adder.v:41$6217'.
Removing empty process `$paramod\ksa_adder\WIDTH=32.$proc$rtl/ksa/ksa_adder.v:40$6215'.
Removing empty process `$paramod\ksa_adder\WIDTH=32.$proc$rtl/ksa/ksa_adder.v:40$6213'.
Removing empty process `$paramod\ksa_adder\WIDTH=32.$proc$rtl/ksa/ksa_adder.v:40$6211'.
Removing empty process `$paramod\ksa_adder\WIDTH=32.$proc$rtl/ksa/ksa_adder.v:41$6209'.
Removing empty process `$paramod\ksa_adder\WIDTH=32.$proc$rtl/ksa/ksa_adder.v:41$6207'.
Removing empty process `$paramod\ksa_adder\WIDTH=32.$proc$rtl/ksa/ksa_adder.v:40$6205'.
Removing empty process `$paramod\ksa_adder\WIDTH=32.$proc$rtl/ksa/ksa_adder.v:40$6203'.
Removing empty process `$paramod\ksa_adder\WIDTH=32.$proc$rtl/ksa/ksa_adder.v:40$6201'.
Removing empty process `$paramod\ksa_adder\WIDTH=32.$proc$rtl/ksa/ksa_adder.v:41$6199'.
Removing empty process `$paramod\ksa_adder\WIDTH=32.$proc$rtl/ksa/ksa_adder.v:41$6197'.
Removing empty process `$paramod\ksa_adder\WIDTH=32.$proc$rtl/ksa/ksa_adder.v:40$6195'.
Removing empty process `$paramod\ksa_adder\WIDTH=32.$proc$rtl/ksa/ksa_adder.v:40$6193'.
Removing empty process `$paramod\ksa_adder\WIDTH=32.$proc$rtl/ksa/ksa_adder.v:40$6191'.
Removing empty process `$paramod\ksa_adder\WIDTH=32.$proc$rtl/ksa/ksa_adder.v:38$6189'.
Removing empty process `$paramod\ksa_adder\WIDTH=32.$proc$rtl/ksa/ksa_adder.v:37$6187'.
Removing empty process `$paramod\ksa_adder\WIDTH=32.$proc$rtl/ksa/ksa_adder.v:38$6185'.
Removing empty process `$paramod\ksa_adder\WIDTH=32.$proc$rtl/ksa/ksa_adder.v:37$6183'.
Removing empty process `$paramod\ksa_adder\WIDTH=32.$proc$rtl/ksa/ksa_adder.v:38$6181'.
Removing empty process `$paramod\ksa_adder\WIDTH=32.$proc$rtl/ksa/ksa_adder.v:37$6179'.
Removing empty process `$paramod\ksa_adder\WIDTH=32.$proc$rtl/ksa/ksa_adder.v:38$6177'.
Removing empty process `$paramod\ksa_adder\WIDTH=32.$proc$rtl/ksa/ksa_adder.v:37$6175'.
Removing empty process `$paramod\ksa_adder\WIDTH=32.$proc$rtl/ksa/ksa_adder.v:38$6173'.
Removing empty process `$paramod\ksa_adder\WIDTH=32.$proc$rtl/ksa/ksa_adder.v:37$6171'.
Removing empty process `$paramod\ksa_adder\WIDTH=32.$proc$rtl/ksa/ksa_adder.v:38$6169'.
Removing empty process `$paramod\ksa_adder\WIDTH=32.$proc$rtl/ksa/ksa_adder.v:37$6167'.
Removing empty process `$paramod\ksa_adder\WIDTH=32.$proc$rtl/ksa/ksa_adder.v:38$6165'.
Removing empty process `$paramod\ksa_adder\WIDTH=32.$proc$rtl/ksa/ksa_adder.v:37$6163'.
Removing empty process `$paramod\ksa_adder\WIDTH=32.$proc$rtl/ksa/ksa_adder.v:38$6161'.
Removing empty process `$paramod\ksa_adder\WIDTH=32.$proc$rtl/ksa/ksa_adder.v:37$6159'.
Removing empty process `$paramod\ksa_adder\WIDTH=32.$proc$rtl/ksa/ksa_adder.v:41$6157'.
Removing empty process `$paramod\ksa_adder\WIDTH=32.$proc$rtl/ksa/ksa_adder.v:41$6155'.
Removing empty process `$paramod\ksa_adder\WIDTH=32.$proc$rtl/ksa/ksa_adder.v:40$6153'.
Removing empty process `$paramod\ksa_adder\WIDTH=32.$proc$rtl/ksa/ksa_adder.v:40$6151'.
Removing empty process `$paramod\ksa_adder\WIDTH=32.$proc$rtl/ksa/ksa_adder.v:40$6149'.
Removing empty process `$paramod\ksa_adder\WIDTH=32.$proc$rtl/ksa/ksa_adder.v:41$6147'.
Removing empty process `$paramod\ksa_adder\WIDTH=32.$proc$rtl/ksa/ksa_adder.v:41$6145'.
Removing empty process `$paramod\ksa_adder\WIDTH=32.$proc$rtl/ksa/ksa_adder.v:40$6143'.
Removing empty process `$paramod\ksa_adder\WIDTH=32.$proc$rtl/ksa/ksa_adder.v:40$6141'.
Removing empty process `$paramod\ksa_adder\WIDTH=32.$proc$rtl/ksa/ksa_adder.v:40$6139'.
Removing empty process `$paramod\ksa_adder\WIDTH=32.$proc$rtl/ksa/ksa_adder.v:41$6137'.
Removing empty process `$paramod\ksa_adder\WIDTH=32.$proc$rtl/ksa/ksa_adder.v:41$6135'.
Removing empty process `$paramod\ksa_adder\WIDTH=32.$proc$rtl/ksa/ksa_adder.v:40$6133'.
Removing empty process `$paramod\ksa_adder\WIDTH=32.$proc$rtl/ksa/ksa_adder.v:40$6131'.
Removing empty process `$paramod\ksa_adder\WIDTH=32.$proc$rtl/ksa/ksa_adder.v:40$6129'.
Removing empty process `$paramod\ksa_adder\WIDTH=32.$proc$rtl/ksa/ksa_adder.v:41$6127'.
Removing empty process `$paramod\ksa_adder\WIDTH=32.$proc$rtl/ksa/ksa_adder.v:41$6125'.
Removing empty process `$paramod\ksa_adder\WIDTH=32.$proc$rtl/ksa/ksa_adder.v:40$6123'.
Removing empty process `$paramod\ksa_adder\WIDTH=32.$proc$rtl/ksa/ksa_adder.v:40$6121'.
Removing empty process `$paramod\ksa_adder\WIDTH=32.$proc$rtl/ksa/ksa_adder.v:40$6119'.
Removing empty process `$paramod\ksa_adder\WIDTH=32.$proc$rtl/ksa/ksa_adder.v:41$6117'.
Removing empty process `$paramod\ksa_adder\WIDTH=32.$proc$rtl/ksa/ksa_adder.v:41$6115'.
Removing empty process `$paramod\ksa_adder\WIDTH=32.$proc$rtl/ksa/ksa_adder.v:40$6113'.
Removing empty process `$paramod\ksa_adder\WIDTH=32.$proc$rtl/ksa/ksa_adder.v:40$6111'.
Removing empty process `$paramod\ksa_adder\WIDTH=32.$proc$rtl/ksa/ksa_adder.v:40$6109'.
Removing empty process `$paramod\ksa_adder\WIDTH=32.$proc$rtl/ksa/ksa_adder.v:41$6107'.
Removing empty process `$paramod\ksa_adder\WIDTH=32.$proc$rtl/ksa/ksa_adder.v:41$6105'.
Removing empty process `$paramod\ksa_adder\WIDTH=32.$proc$rtl/ksa/ksa_adder.v:40$6103'.
Removing empty process `$paramod\ksa_adder\WIDTH=32.$proc$rtl/ksa/ksa_adder.v:40$6101'.
Removing empty process `$paramod\ksa_adder\WIDTH=32.$proc$rtl/ksa/ksa_adder.v:40$6099'.
Removing empty process `$paramod\ksa_adder\WIDTH=32.$proc$rtl/ksa/ksa_adder.v:41$6097'.
Removing empty process `$paramod\ksa_adder\WIDTH=32.$proc$rtl/ksa/ksa_adder.v:41$6095'.
Removing empty process `$paramod\ksa_adder\WIDTH=32.$proc$rtl/ksa/ksa_adder.v:40$6093'.
Removing empty process `$paramod\ksa_adder\WIDTH=32.$proc$rtl/ksa/ksa_adder.v:40$6091'.
Removing empty process `$paramod\ksa_adder\WIDTH=32.$proc$rtl/ksa/ksa_adder.v:40$6089'.
Removing empty process `$paramod\ksa_adder\WIDTH=32.$proc$rtl/ksa/ksa_adder.v:41$6087'.
Removing empty process `$paramod\ksa_adder\WIDTH=32.$proc$rtl/ksa/ksa_adder.v:41$6085'.
Removing empty process `$paramod\ksa_adder\WIDTH=32.$proc$rtl/ksa/ksa_adder.v:40$6083'.
Removing empty process `$paramod\ksa_adder\WIDTH=32.$proc$rtl/ksa/ksa_adder.v:40$6081'.
Removing empty process `$paramod\ksa_adder\WIDTH=32.$proc$rtl/ksa/ksa_adder.v:40$6079'.
Removing empty process `$paramod\ksa_adder\WIDTH=32.$proc$rtl/ksa/ksa_adder.v:41$6077'.
Removing empty process `$paramod\ksa_adder\WIDTH=32.$proc$rtl/ksa/ksa_adder.v:41$6075'.
Removing empty process `$paramod\ksa_adder\WIDTH=32.$proc$rtl/ksa/ksa_adder.v:40$6073'.
Removing empty process `$paramod\ksa_adder\WIDTH=32.$proc$rtl/ksa/ksa_adder.v:40$6071'.
Removing empty process `$paramod\ksa_adder\WIDTH=32.$proc$rtl/ksa/ksa_adder.v:40$6069'.
Removing empty process `$paramod\ksa_adder\WIDTH=32.$proc$rtl/ksa/ksa_adder.v:41$6067'.
Removing empty process `$paramod\ksa_adder\WIDTH=32.$proc$rtl/ksa/ksa_adder.v:41$6065'.
Removing empty process `$paramod\ksa_adder\WIDTH=32.$proc$rtl/ksa/ksa_adder.v:40$6063'.
Removing empty process `$paramod\ksa_adder\WIDTH=32.$proc$rtl/ksa/ksa_adder.v:40$6061'.
Removing empty process `$paramod\ksa_adder\WIDTH=32.$proc$rtl/ksa/ksa_adder.v:40$6059'.
Removing empty process `$paramod\ksa_adder\WIDTH=32.$proc$rtl/ksa/ksa_adder.v:41$6057'.
Removing empty process `$paramod\ksa_adder\WIDTH=32.$proc$rtl/ksa/ksa_adder.v:41$6055'.
Removing empty process `$paramod\ksa_adder\WIDTH=32.$proc$rtl/ksa/ksa_adder.v:40$6053'.
Removing empty process `$paramod\ksa_adder\WIDTH=32.$proc$rtl/ksa/ksa_adder.v:40$6051'.
Removing empty process `$paramod\ksa_adder\WIDTH=32.$proc$rtl/ksa/ksa_adder.v:40$6049'.
Removing empty process `$paramod\ksa_adder\WIDTH=32.$proc$rtl/ksa/ksa_adder.v:41$6047'.
Removing empty process `$paramod\ksa_adder\WIDTH=32.$proc$rtl/ksa/ksa_adder.v:41$6045'.
Removing empty process `$paramod\ksa_adder\WIDTH=32.$proc$rtl/ksa/ksa_adder.v:40$6043'.
Removing empty process `$paramod\ksa_adder\WIDTH=32.$proc$rtl/ksa/ksa_adder.v:40$6041'.
Removing empty process `$paramod\ksa_adder\WIDTH=32.$proc$rtl/ksa/ksa_adder.v:40$6039'.
Removing empty process `$paramod\ksa_adder\WIDTH=32.$proc$rtl/ksa/ksa_adder.v:41$6037'.
Removing empty process `$paramod\ksa_adder\WIDTH=32.$proc$rtl/ksa/ksa_adder.v:41$6035'.
Removing empty process `$paramod\ksa_adder\WIDTH=32.$proc$rtl/ksa/ksa_adder.v:40$6033'.
Removing empty process `$paramod\ksa_adder\WIDTH=32.$proc$rtl/ksa/ksa_adder.v:40$6031'.
Removing empty process `$paramod\ksa_adder\WIDTH=32.$proc$rtl/ksa/ksa_adder.v:40$6029'.
Removing empty process `$paramod\ksa_adder\WIDTH=32.$proc$rtl/ksa/ksa_adder.v:41$6027'.
Removing empty process `$paramod\ksa_adder\WIDTH=32.$proc$rtl/ksa/ksa_adder.v:41$6025'.
Removing empty process `$paramod\ksa_adder\WIDTH=32.$proc$rtl/ksa/ksa_adder.v:40$6023'.
Removing empty process `$paramod\ksa_adder\WIDTH=32.$proc$rtl/ksa/ksa_adder.v:40$6021'.
Removing empty process `$paramod\ksa_adder\WIDTH=32.$proc$rtl/ksa/ksa_adder.v:40$6019'.
Removing empty process `$paramod\ksa_adder\WIDTH=32.$proc$rtl/ksa/ksa_adder.v:41$6017'.
Removing empty process `$paramod\ksa_adder\WIDTH=32.$proc$rtl/ksa/ksa_adder.v:41$6015'.
Removing empty process `$paramod\ksa_adder\WIDTH=32.$proc$rtl/ksa/ksa_adder.v:40$6013'.
Removing empty process `$paramod\ksa_adder\WIDTH=32.$proc$rtl/ksa/ksa_adder.v:40$6011'.
Removing empty process `$paramod\ksa_adder\WIDTH=32.$proc$rtl/ksa/ksa_adder.v:40$6009'.
Removing empty process `$paramod\ksa_adder\WIDTH=32.$proc$rtl/ksa/ksa_adder.v:41$6007'.
Removing empty process `$paramod\ksa_adder\WIDTH=32.$proc$rtl/ksa/ksa_adder.v:41$6005'.
Removing empty process `$paramod\ksa_adder\WIDTH=32.$proc$rtl/ksa/ksa_adder.v:40$6003'.
Removing empty process `$paramod\ksa_adder\WIDTH=32.$proc$rtl/ksa/ksa_adder.v:40$6001'.
Removing empty process `$paramod\ksa_adder\WIDTH=32.$proc$rtl/ksa/ksa_adder.v:40$5999'.
Removing empty process `$paramod\ksa_adder\WIDTH=32.$proc$rtl/ksa/ksa_adder.v:41$5997'.
Removing empty process `$paramod\ksa_adder\WIDTH=32.$proc$rtl/ksa/ksa_adder.v:41$5995'.
Removing empty process `$paramod\ksa_adder\WIDTH=32.$proc$rtl/ksa/ksa_adder.v:40$5993'.
Removing empty process `$paramod\ksa_adder\WIDTH=32.$proc$rtl/ksa/ksa_adder.v:40$5991'.
Removing empty process `$paramod\ksa_adder\WIDTH=32.$proc$rtl/ksa/ksa_adder.v:40$5989'.
Removing empty process `$paramod\ksa_adder\WIDTH=32.$proc$rtl/ksa/ksa_adder.v:41$5987'.
Removing empty process `$paramod\ksa_adder\WIDTH=32.$proc$rtl/ksa/ksa_adder.v:41$5985'.
Removing empty process `$paramod\ksa_adder\WIDTH=32.$proc$rtl/ksa/ksa_adder.v:40$5983'.
Removing empty process `$paramod\ksa_adder\WIDTH=32.$proc$rtl/ksa/ksa_adder.v:40$5981'.
Removing empty process `$paramod\ksa_adder\WIDTH=32.$proc$rtl/ksa/ksa_adder.v:40$5979'.
Removing empty process `$paramod\ksa_adder\WIDTH=32.$proc$rtl/ksa/ksa_adder.v:41$5977'.
Removing empty process `$paramod\ksa_adder\WIDTH=32.$proc$rtl/ksa/ksa_adder.v:41$5975'.
Removing empty process `$paramod\ksa_adder\WIDTH=32.$proc$rtl/ksa/ksa_adder.v:40$5973'.
Removing empty process `$paramod\ksa_adder\WIDTH=32.$proc$rtl/ksa/ksa_adder.v:40$5971'.
Removing empty process `$paramod\ksa_adder\WIDTH=32.$proc$rtl/ksa/ksa_adder.v:40$5969'.
Removing empty process `$paramod\ksa_adder\WIDTH=32.$proc$rtl/ksa/ksa_adder.v:41$5967'.
Removing empty process `$paramod\ksa_adder\WIDTH=32.$proc$rtl/ksa/ksa_adder.v:41$5965'.
Removing empty process `$paramod\ksa_adder\WIDTH=32.$proc$rtl/ksa/ksa_adder.v:40$5963'.
Removing empty process `$paramod\ksa_adder\WIDTH=32.$proc$rtl/ksa/ksa_adder.v:40$5961'.
Removing empty process `$paramod\ksa_adder\WIDTH=32.$proc$rtl/ksa/ksa_adder.v:40$5959'.
Removing empty process `$paramod\ksa_adder\WIDTH=32.$proc$rtl/ksa/ksa_adder.v:41$5957'.
Removing empty process `$paramod\ksa_adder\WIDTH=32.$proc$rtl/ksa/ksa_adder.v:41$5955'.
Removing empty process `$paramod\ksa_adder\WIDTH=32.$proc$rtl/ksa/ksa_adder.v:40$5953'.
Removing empty process `$paramod\ksa_adder\WIDTH=32.$proc$rtl/ksa/ksa_adder.v:40$5951'.
Removing empty process `$paramod\ksa_adder\WIDTH=32.$proc$rtl/ksa/ksa_adder.v:40$5949'.
Removing empty process `$paramod\ksa_adder\WIDTH=32.$proc$rtl/ksa/ksa_adder.v:41$5947'.
Removing empty process `$paramod\ksa_adder\WIDTH=32.$proc$rtl/ksa/ksa_adder.v:41$5945'.
Removing empty process `$paramod\ksa_adder\WIDTH=32.$proc$rtl/ksa/ksa_adder.v:40$5943'.
Removing empty process `$paramod\ksa_adder\WIDTH=32.$proc$rtl/ksa/ksa_adder.v:40$5941'.
Removing empty process `$paramod\ksa_adder\WIDTH=32.$proc$rtl/ksa/ksa_adder.v:40$5939'.
Removing empty process `$paramod\ksa_adder\WIDTH=32.$proc$rtl/ksa/ksa_adder.v:41$5937'.
Removing empty process `$paramod\ksa_adder\WIDTH=32.$proc$rtl/ksa/ksa_adder.v:41$5935'.
Removing empty process `$paramod\ksa_adder\WIDTH=32.$proc$rtl/ksa/ksa_adder.v:40$5933'.
Removing empty process `$paramod\ksa_adder\WIDTH=32.$proc$rtl/ksa/ksa_adder.v:40$5931'.
Removing empty process `$paramod\ksa_adder\WIDTH=32.$proc$rtl/ksa/ksa_adder.v:40$5929'.
Removing empty process `$paramod\ksa_adder\WIDTH=32.$proc$rtl/ksa/ksa_adder.v:41$5927'.
Removing empty process `$paramod\ksa_adder\WIDTH=32.$proc$rtl/ksa/ksa_adder.v:41$5925'.
Removing empty process `$paramod\ksa_adder\WIDTH=32.$proc$rtl/ksa/ksa_adder.v:40$5923'.
Removing empty process `$paramod\ksa_adder\WIDTH=32.$proc$rtl/ksa/ksa_adder.v:40$5921'.
Removing empty process `$paramod\ksa_adder\WIDTH=32.$proc$rtl/ksa/ksa_adder.v:40$5919'.
Removing empty process `$paramod\ksa_adder\WIDTH=32.$proc$rtl/ksa/ksa_adder.v:41$5917'.
Removing empty process `$paramod\ksa_adder\WIDTH=32.$proc$rtl/ksa/ksa_adder.v:41$5915'.
Removing empty process `$paramod\ksa_adder\WIDTH=32.$proc$rtl/ksa/ksa_adder.v:40$5913'.
Removing empty process `$paramod\ksa_adder\WIDTH=32.$proc$rtl/ksa/ksa_adder.v:40$5911'.
Removing empty process `$paramod\ksa_adder\WIDTH=32.$proc$rtl/ksa/ksa_adder.v:40$5909'.
Removing empty process `$paramod\ksa_adder\WIDTH=32.$proc$rtl/ksa/ksa_adder.v:41$5907'.
Removing empty process `$paramod\ksa_adder\WIDTH=32.$proc$rtl/ksa/ksa_adder.v:41$5905'.
Removing empty process `$paramod\ksa_adder\WIDTH=32.$proc$rtl/ksa/ksa_adder.v:40$5903'.
Removing empty process `$paramod\ksa_adder\WIDTH=32.$proc$rtl/ksa/ksa_adder.v:40$5901'.
Removing empty process `$paramod\ksa_adder\WIDTH=32.$proc$rtl/ksa/ksa_adder.v:40$5899'.
Removing empty process `$paramod\ksa_adder\WIDTH=32.$proc$rtl/ksa/ksa_adder.v:41$5897'.
Removing empty process `$paramod\ksa_adder\WIDTH=32.$proc$rtl/ksa/ksa_adder.v:41$5895'.
Removing empty process `$paramod\ksa_adder\WIDTH=32.$proc$rtl/ksa/ksa_adder.v:40$5893'.
Removing empty process `$paramod\ksa_adder\WIDTH=32.$proc$rtl/ksa/ksa_adder.v:40$5891'.
Removing empty process `$paramod\ksa_adder\WIDTH=32.$proc$rtl/ksa/ksa_adder.v:40$5889'.
Removing empty process `$paramod\ksa_adder\WIDTH=32.$proc$rtl/ksa/ksa_adder.v:41$5887'.
Removing empty process `$paramod\ksa_adder\WIDTH=32.$proc$rtl/ksa/ksa_adder.v:41$5885'.
Removing empty process `$paramod\ksa_adder\WIDTH=32.$proc$rtl/ksa/ksa_adder.v:40$5883'.
Removing empty process `$paramod\ksa_adder\WIDTH=32.$proc$rtl/ksa/ksa_adder.v:40$5881'.
Removing empty process `$paramod\ksa_adder\WIDTH=32.$proc$rtl/ksa/ksa_adder.v:40$5879'.
Removing empty process `$paramod\ksa_adder\WIDTH=32.$proc$rtl/ksa/ksa_adder.v:38$5877'.
Removing empty process `$paramod\ksa_adder\WIDTH=32.$proc$rtl/ksa/ksa_adder.v:37$5875'.
Removing empty process `$paramod\ksa_adder\WIDTH=32.$proc$rtl/ksa/ksa_adder.v:38$5873'.
Removing empty process `$paramod\ksa_adder\WIDTH=32.$proc$rtl/ksa/ksa_adder.v:37$5871'.
Removing empty process `$paramod\ksa_adder\WIDTH=32.$proc$rtl/ksa/ksa_adder.v:38$5869'.
Removing empty process `$paramod\ksa_adder\WIDTH=32.$proc$rtl/ksa/ksa_adder.v:37$5867'.
Removing empty process `$paramod\ksa_adder\WIDTH=32.$proc$rtl/ksa/ksa_adder.v:38$5865'.
Removing empty process `$paramod\ksa_adder\WIDTH=32.$proc$rtl/ksa/ksa_adder.v:37$5863'.
Removing empty process `$paramod\ksa_adder\WIDTH=32.$proc$rtl/ksa/ksa_adder.v:41$5861'.
Removing empty process `$paramod\ksa_adder\WIDTH=32.$proc$rtl/ksa/ksa_adder.v:41$5859'.
Removing empty process `$paramod\ksa_adder\WIDTH=32.$proc$rtl/ksa/ksa_adder.v:40$5857'.
Removing empty process `$paramod\ksa_adder\WIDTH=32.$proc$rtl/ksa/ksa_adder.v:40$5855'.
Removing empty process `$paramod\ksa_adder\WIDTH=32.$proc$rtl/ksa/ksa_adder.v:40$5853'.
Removing empty process `$paramod\ksa_adder\WIDTH=32.$proc$rtl/ksa/ksa_adder.v:41$5851'.
Removing empty process `$paramod\ksa_adder\WIDTH=32.$proc$rtl/ksa/ksa_adder.v:41$5849'.
Removing empty process `$paramod\ksa_adder\WIDTH=32.$proc$rtl/ksa/ksa_adder.v:40$5847'.
Removing empty process `$paramod\ksa_adder\WIDTH=32.$proc$rtl/ksa/ksa_adder.v:40$5845'.
Removing empty process `$paramod\ksa_adder\WIDTH=32.$proc$rtl/ksa/ksa_adder.v:40$5843'.
Removing empty process `$paramod\ksa_adder\WIDTH=32.$proc$rtl/ksa/ksa_adder.v:41$5841'.
Removing empty process `$paramod\ksa_adder\WIDTH=32.$proc$rtl/ksa/ksa_adder.v:41$5839'.
Removing empty process `$paramod\ksa_adder\WIDTH=32.$proc$rtl/ksa/ksa_adder.v:40$5837'.
Removing empty process `$paramod\ksa_adder\WIDTH=32.$proc$rtl/ksa/ksa_adder.v:40$5835'.
Removing empty process `$paramod\ksa_adder\WIDTH=32.$proc$rtl/ksa/ksa_adder.v:40$5833'.
Removing empty process `$paramod\ksa_adder\WIDTH=32.$proc$rtl/ksa/ksa_adder.v:41$5831'.
Removing empty process `$paramod\ksa_adder\WIDTH=32.$proc$rtl/ksa/ksa_adder.v:41$5829'.
Removing empty process `$paramod\ksa_adder\WIDTH=32.$proc$rtl/ksa/ksa_adder.v:40$5827'.
Removing empty process `$paramod\ksa_adder\WIDTH=32.$proc$rtl/ksa/ksa_adder.v:40$5825'.
Removing empty process `$paramod\ksa_adder\WIDTH=32.$proc$rtl/ksa/ksa_adder.v:40$5823'.
Removing empty process `$paramod\ksa_adder\WIDTH=32.$proc$rtl/ksa/ksa_adder.v:41$5821'.
Removing empty process `$paramod\ksa_adder\WIDTH=32.$proc$rtl/ksa/ksa_adder.v:41$5819'.
Removing empty process `$paramod\ksa_adder\WIDTH=32.$proc$rtl/ksa/ksa_adder.v:40$5817'.
Removing empty process `$paramod\ksa_adder\WIDTH=32.$proc$rtl/ksa/ksa_adder.v:40$5815'.
Removing empty process `$paramod\ksa_adder\WIDTH=32.$proc$rtl/ksa/ksa_adder.v:40$5813'.
Removing empty process `$paramod\ksa_adder\WIDTH=32.$proc$rtl/ksa/ksa_adder.v:41$5811'.
Removing empty process `$paramod\ksa_adder\WIDTH=32.$proc$rtl/ksa/ksa_adder.v:41$5809'.
Removing empty process `$paramod\ksa_adder\WIDTH=32.$proc$rtl/ksa/ksa_adder.v:40$5807'.
Removing empty process `$paramod\ksa_adder\WIDTH=32.$proc$rtl/ksa/ksa_adder.v:40$5805'.
Removing empty process `$paramod\ksa_adder\WIDTH=32.$proc$rtl/ksa/ksa_adder.v:40$5803'.
Removing empty process `$paramod\ksa_adder\WIDTH=32.$proc$rtl/ksa/ksa_adder.v:41$5801'.
Removing empty process `$paramod\ksa_adder\WIDTH=32.$proc$rtl/ksa/ksa_adder.v:41$5799'.
Removing empty process `$paramod\ksa_adder\WIDTH=32.$proc$rtl/ksa/ksa_adder.v:40$5797'.
Removing empty process `$paramod\ksa_adder\WIDTH=32.$proc$rtl/ksa/ksa_adder.v:40$5795'.
Removing empty process `$paramod\ksa_adder\WIDTH=32.$proc$rtl/ksa/ksa_adder.v:40$5793'.
Removing empty process `$paramod\ksa_adder\WIDTH=32.$proc$rtl/ksa/ksa_adder.v:41$5791'.
Removing empty process `$paramod\ksa_adder\WIDTH=32.$proc$rtl/ksa/ksa_adder.v:41$5789'.
Removing empty process `$paramod\ksa_adder\WIDTH=32.$proc$rtl/ksa/ksa_adder.v:40$5787'.
Removing empty process `$paramod\ksa_adder\WIDTH=32.$proc$rtl/ksa/ksa_adder.v:40$5785'.
Removing empty process `$paramod\ksa_adder\WIDTH=32.$proc$rtl/ksa/ksa_adder.v:40$5783'.
Removing empty process `$paramod\ksa_adder\WIDTH=32.$proc$rtl/ksa/ksa_adder.v:41$5781'.
Removing empty process `$paramod\ksa_adder\WIDTH=32.$proc$rtl/ksa/ksa_adder.v:41$5779'.
Removing empty process `$paramod\ksa_adder\WIDTH=32.$proc$rtl/ksa/ksa_adder.v:40$5777'.
Removing empty process `$paramod\ksa_adder\WIDTH=32.$proc$rtl/ksa/ksa_adder.v:40$5775'.
Removing empty process `$paramod\ksa_adder\WIDTH=32.$proc$rtl/ksa/ksa_adder.v:40$5773'.
Removing empty process `$paramod\ksa_adder\WIDTH=32.$proc$rtl/ksa/ksa_adder.v:41$5771'.
Removing empty process `$paramod\ksa_adder\WIDTH=32.$proc$rtl/ksa/ksa_adder.v:41$5769'.
Removing empty process `$paramod\ksa_adder\WIDTH=32.$proc$rtl/ksa/ksa_adder.v:40$5767'.
Removing empty process `$paramod\ksa_adder\WIDTH=32.$proc$rtl/ksa/ksa_adder.v:40$5765'.
Removing empty process `$paramod\ksa_adder\WIDTH=32.$proc$rtl/ksa/ksa_adder.v:40$5763'.
Removing empty process `$paramod\ksa_adder\WIDTH=32.$proc$rtl/ksa/ksa_adder.v:41$5761'.
Removing empty process `$paramod\ksa_adder\WIDTH=32.$proc$rtl/ksa/ksa_adder.v:41$5759'.
Removing empty process `$paramod\ksa_adder\WIDTH=32.$proc$rtl/ksa/ksa_adder.v:40$5757'.
Removing empty process `$paramod\ksa_adder\WIDTH=32.$proc$rtl/ksa/ksa_adder.v:40$5755'.
Removing empty process `$paramod\ksa_adder\WIDTH=32.$proc$rtl/ksa/ksa_adder.v:40$5753'.
Removing empty process `$paramod\ksa_adder\WIDTH=32.$proc$rtl/ksa/ksa_adder.v:41$5751'.
Removing empty process `$paramod\ksa_adder\WIDTH=32.$proc$rtl/ksa/ksa_adder.v:41$5749'.
Removing empty process `$paramod\ksa_adder\WIDTH=32.$proc$rtl/ksa/ksa_adder.v:40$5747'.
Removing empty process `$paramod\ksa_adder\WIDTH=32.$proc$rtl/ksa/ksa_adder.v:40$5745'.
Removing empty process `$paramod\ksa_adder\WIDTH=32.$proc$rtl/ksa/ksa_adder.v:40$5743'.
Removing empty process `$paramod\ksa_adder\WIDTH=32.$proc$rtl/ksa/ksa_adder.v:41$5741'.
Removing empty process `$paramod\ksa_adder\WIDTH=32.$proc$rtl/ksa/ksa_adder.v:41$5739'.
Removing empty process `$paramod\ksa_adder\WIDTH=32.$proc$rtl/ksa/ksa_adder.v:40$5737'.
Removing empty process `$paramod\ksa_adder\WIDTH=32.$proc$rtl/ksa/ksa_adder.v:40$5735'.
Removing empty process `$paramod\ksa_adder\WIDTH=32.$proc$rtl/ksa/ksa_adder.v:40$5733'.
Removing empty process `$paramod\ksa_adder\WIDTH=32.$proc$rtl/ksa/ksa_adder.v:41$5731'.
Removing empty process `$paramod\ksa_adder\WIDTH=32.$proc$rtl/ksa/ksa_adder.v:41$5729'.
Removing empty process `$paramod\ksa_adder\WIDTH=32.$proc$rtl/ksa/ksa_adder.v:40$5727'.
Removing empty process `$paramod\ksa_adder\WIDTH=32.$proc$rtl/ksa/ksa_adder.v:40$5725'.
Removing empty process `$paramod\ksa_adder\WIDTH=32.$proc$rtl/ksa/ksa_adder.v:40$5723'.
Removing empty process `$paramod\ksa_adder\WIDTH=32.$proc$rtl/ksa/ksa_adder.v:41$5721'.
Removing empty process `$paramod\ksa_adder\WIDTH=32.$proc$rtl/ksa/ksa_adder.v:41$5719'.
Removing empty process `$paramod\ksa_adder\WIDTH=32.$proc$rtl/ksa/ksa_adder.v:40$5717'.
Removing empty process `$paramod\ksa_adder\WIDTH=32.$proc$rtl/ksa/ksa_adder.v:40$5715'.
Removing empty process `$paramod\ksa_adder\WIDTH=32.$proc$rtl/ksa/ksa_adder.v:40$5713'.
Removing empty process `$paramod\ksa_adder\WIDTH=32.$proc$rtl/ksa/ksa_adder.v:41$5711'.
Removing empty process `$paramod\ksa_adder\WIDTH=32.$proc$rtl/ksa/ksa_adder.v:41$5709'.
Removing empty process `$paramod\ksa_adder\WIDTH=32.$proc$rtl/ksa/ksa_adder.v:40$5707'.
Removing empty process `$paramod\ksa_adder\WIDTH=32.$proc$rtl/ksa/ksa_adder.v:40$5705'.
Removing empty process `$paramod\ksa_adder\WIDTH=32.$proc$rtl/ksa/ksa_adder.v:40$5703'.
Removing empty process `$paramod\ksa_adder\WIDTH=32.$proc$rtl/ksa/ksa_adder.v:41$5701'.
Removing empty process `$paramod\ksa_adder\WIDTH=32.$proc$rtl/ksa/ksa_adder.v:41$5699'.
Removing empty process `$paramod\ksa_adder\WIDTH=32.$proc$rtl/ksa/ksa_adder.v:40$5697'.
Removing empty process `$paramod\ksa_adder\WIDTH=32.$proc$rtl/ksa/ksa_adder.v:40$5695'.
Removing empty process `$paramod\ksa_adder\WIDTH=32.$proc$rtl/ksa/ksa_adder.v:40$5693'.
Removing empty process `$paramod\ksa_adder\WIDTH=32.$proc$rtl/ksa/ksa_adder.v:41$5691'.
Removing empty process `$paramod\ksa_adder\WIDTH=32.$proc$rtl/ksa/ksa_adder.v:41$5689'.
Removing empty process `$paramod\ksa_adder\WIDTH=32.$proc$rtl/ksa/ksa_adder.v:40$5687'.
Removing empty process `$paramod\ksa_adder\WIDTH=32.$proc$rtl/ksa/ksa_adder.v:40$5685'.
Removing empty process `$paramod\ksa_adder\WIDTH=32.$proc$rtl/ksa/ksa_adder.v:40$5683'.
Removing empty process `$paramod\ksa_adder\WIDTH=32.$proc$rtl/ksa/ksa_adder.v:41$5681'.
Removing empty process `$paramod\ksa_adder\WIDTH=32.$proc$rtl/ksa/ksa_adder.v:41$5679'.
Removing empty process `$paramod\ksa_adder\WIDTH=32.$proc$rtl/ksa/ksa_adder.v:40$5677'.
Removing empty process `$paramod\ksa_adder\WIDTH=32.$proc$rtl/ksa/ksa_adder.v:40$5675'.
Removing empty process `$paramod\ksa_adder\WIDTH=32.$proc$rtl/ksa/ksa_adder.v:40$5673'.
Removing empty process `$paramod\ksa_adder\WIDTH=32.$proc$rtl/ksa/ksa_adder.v:41$5671'.
Removing empty process `$paramod\ksa_adder\WIDTH=32.$proc$rtl/ksa/ksa_adder.v:41$5669'.
Removing empty process `$paramod\ksa_adder\WIDTH=32.$proc$rtl/ksa/ksa_adder.v:40$5667'.
Removing empty process `$paramod\ksa_adder\WIDTH=32.$proc$rtl/ksa/ksa_adder.v:40$5665'.
Removing empty process `$paramod\ksa_adder\WIDTH=32.$proc$rtl/ksa/ksa_adder.v:40$5663'.
Removing empty process `$paramod\ksa_adder\WIDTH=32.$proc$rtl/ksa/ksa_adder.v:41$5661'.
Removing empty process `$paramod\ksa_adder\WIDTH=32.$proc$rtl/ksa/ksa_adder.v:41$5659'.
Removing empty process `$paramod\ksa_adder\WIDTH=32.$proc$rtl/ksa/ksa_adder.v:40$5657'.
Removing empty process `$paramod\ksa_adder\WIDTH=32.$proc$rtl/ksa/ksa_adder.v:40$5655'.
Removing empty process `$paramod\ksa_adder\WIDTH=32.$proc$rtl/ksa/ksa_adder.v:40$5653'.
Removing empty process `$paramod\ksa_adder\WIDTH=32.$proc$rtl/ksa/ksa_adder.v:41$5651'.
Removing empty process `$paramod\ksa_adder\WIDTH=32.$proc$rtl/ksa/ksa_adder.v:41$5649'.
Removing empty process `$paramod\ksa_adder\WIDTH=32.$proc$rtl/ksa/ksa_adder.v:40$5647'.
Removing empty process `$paramod\ksa_adder\WIDTH=32.$proc$rtl/ksa/ksa_adder.v:40$5645'.
Removing empty process `$paramod\ksa_adder\WIDTH=32.$proc$rtl/ksa/ksa_adder.v:40$5643'.
Removing empty process `$paramod\ksa_adder\WIDTH=32.$proc$rtl/ksa/ksa_adder.v:41$5641'.
Removing empty process `$paramod\ksa_adder\WIDTH=32.$proc$rtl/ksa/ksa_adder.v:41$5639'.
Removing empty process `$paramod\ksa_adder\WIDTH=32.$proc$rtl/ksa/ksa_adder.v:40$5637'.
Removing empty process `$paramod\ksa_adder\WIDTH=32.$proc$rtl/ksa/ksa_adder.v:40$5635'.
Removing empty process `$paramod\ksa_adder\WIDTH=32.$proc$rtl/ksa/ksa_adder.v:40$5633'.
Removing empty process `$paramod\ksa_adder\WIDTH=32.$proc$rtl/ksa/ksa_adder.v:41$5631'.
Removing empty process `$paramod\ksa_adder\WIDTH=32.$proc$rtl/ksa/ksa_adder.v:41$5629'.
Removing empty process `$paramod\ksa_adder\WIDTH=32.$proc$rtl/ksa/ksa_adder.v:40$5627'.
Removing empty process `$paramod\ksa_adder\WIDTH=32.$proc$rtl/ksa/ksa_adder.v:40$5625'.
Removing empty process `$paramod\ksa_adder\WIDTH=32.$proc$rtl/ksa/ksa_adder.v:40$5623'.
Removing empty process `$paramod\ksa_adder\WIDTH=32.$proc$rtl/ksa/ksa_adder.v:41$5621'.
Removing empty process `$paramod\ksa_adder\WIDTH=32.$proc$rtl/ksa/ksa_adder.v:41$5619'.
Removing empty process `$paramod\ksa_adder\WIDTH=32.$proc$rtl/ksa/ksa_adder.v:40$5617'.
Removing empty process `$paramod\ksa_adder\WIDTH=32.$proc$rtl/ksa/ksa_adder.v:40$5615'.
Removing empty process `$paramod\ksa_adder\WIDTH=32.$proc$rtl/ksa/ksa_adder.v:40$5613'.
Removing empty process `$paramod\ksa_adder\WIDTH=32.$proc$rtl/ksa/ksa_adder.v:41$5611'.
Removing empty process `$paramod\ksa_adder\WIDTH=32.$proc$rtl/ksa/ksa_adder.v:41$5609'.
Removing empty process `$paramod\ksa_adder\WIDTH=32.$proc$rtl/ksa/ksa_adder.v:40$5607'.
Removing empty process `$paramod\ksa_adder\WIDTH=32.$proc$rtl/ksa/ksa_adder.v:40$5605'.
Removing empty process `$paramod\ksa_adder\WIDTH=32.$proc$rtl/ksa/ksa_adder.v:40$5603'.
Removing empty process `$paramod\ksa_adder\WIDTH=32.$proc$rtl/ksa/ksa_adder.v:41$5601'.
Removing empty process `$paramod\ksa_adder\WIDTH=32.$proc$rtl/ksa/ksa_adder.v:41$5599'.
Removing empty process `$paramod\ksa_adder\WIDTH=32.$proc$rtl/ksa/ksa_adder.v:40$5597'.
Removing empty process `$paramod\ksa_adder\WIDTH=32.$proc$rtl/ksa/ksa_adder.v:40$5595'.
Removing empty process `$paramod\ksa_adder\WIDTH=32.$proc$rtl/ksa/ksa_adder.v:40$5593'.
Removing empty process `$paramod\ksa_adder\WIDTH=32.$proc$rtl/ksa/ksa_adder.v:41$5591'.
Removing empty process `$paramod\ksa_adder\WIDTH=32.$proc$rtl/ksa/ksa_adder.v:41$5589'.
Removing empty process `$paramod\ksa_adder\WIDTH=32.$proc$rtl/ksa/ksa_adder.v:40$5587'.
Removing empty process `$paramod\ksa_adder\WIDTH=32.$proc$rtl/ksa/ksa_adder.v:40$5585'.
Removing empty process `$paramod\ksa_adder\WIDTH=32.$proc$rtl/ksa/ksa_adder.v:40$5583'.
Removing empty process `$paramod\ksa_adder\WIDTH=32.$proc$rtl/ksa/ksa_adder.v:41$5581'.
Removing empty process `$paramod\ksa_adder\WIDTH=32.$proc$rtl/ksa/ksa_adder.v:41$5579'.
Removing empty process `$paramod\ksa_adder\WIDTH=32.$proc$rtl/ksa/ksa_adder.v:40$5577'.
Removing empty process `$paramod\ksa_adder\WIDTH=32.$proc$rtl/ksa/ksa_adder.v:40$5575'.
Removing empty process `$paramod\ksa_adder\WIDTH=32.$proc$rtl/ksa/ksa_adder.v:40$5573'.
Removing empty process `$paramod\ksa_adder\WIDTH=32.$proc$rtl/ksa/ksa_adder.v:41$5571'.
Removing empty process `$paramod\ksa_adder\WIDTH=32.$proc$rtl/ksa/ksa_adder.v:41$5569'.
Removing empty process `$paramod\ksa_adder\WIDTH=32.$proc$rtl/ksa/ksa_adder.v:40$5567'.
Removing empty process `$paramod\ksa_adder\WIDTH=32.$proc$rtl/ksa/ksa_adder.v:40$5565'.
Removing empty process `$paramod\ksa_adder\WIDTH=32.$proc$rtl/ksa/ksa_adder.v:40$5563'.
Removing empty process `$paramod\ksa_adder\WIDTH=32.$proc$rtl/ksa/ksa_adder.v:38$5561'.
Removing empty process `$paramod\ksa_adder\WIDTH=32.$proc$rtl/ksa/ksa_adder.v:37$5559'.
Removing empty process `$paramod\ksa_adder\WIDTH=32.$proc$rtl/ksa/ksa_adder.v:38$5557'.
Removing empty process `$paramod\ksa_adder\WIDTH=32.$proc$rtl/ksa/ksa_adder.v:37$5555'.
Removing empty process `$paramod\ksa_adder\WIDTH=32.$proc$rtl/ksa/ksa_adder.v:41$5553'.
Removing empty process `$paramod\ksa_adder\WIDTH=32.$proc$rtl/ksa/ksa_adder.v:41$5551'.
Removing empty process `$paramod\ksa_adder\WIDTH=32.$proc$rtl/ksa/ksa_adder.v:40$5549'.
Removing empty process `$paramod\ksa_adder\WIDTH=32.$proc$rtl/ksa/ksa_adder.v:40$5547'.
Removing empty process `$paramod\ksa_adder\WIDTH=32.$proc$rtl/ksa/ksa_adder.v:40$5545'.
Removing empty process `$paramod\ksa_adder\WIDTH=32.$proc$rtl/ksa/ksa_adder.v:41$5543'.
Removing empty process `$paramod\ksa_adder\WIDTH=32.$proc$rtl/ksa/ksa_adder.v:41$5541'.
Removing empty process `$paramod\ksa_adder\WIDTH=32.$proc$rtl/ksa/ksa_adder.v:40$5539'.
Removing empty process `$paramod\ksa_adder\WIDTH=32.$proc$rtl/ksa/ksa_adder.v:40$5537'.
Removing empty process `$paramod\ksa_adder\WIDTH=32.$proc$rtl/ksa/ksa_adder.v:40$5535'.
Removing empty process `$paramod\ksa_adder\WIDTH=32.$proc$rtl/ksa/ksa_adder.v:41$5533'.
Removing empty process `$paramod\ksa_adder\WIDTH=32.$proc$rtl/ksa/ksa_adder.v:41$5531'.
Removing empty process `$paramod\ksa_adder\WIDTH=32.$proc$rtl/ksa/ksa_adder.v:40$5529'.
Removing empty process `$paramod\ksa_adder\WIDTH=32.$proc$rtl/ksa/ksa_adder.v:40$5527'.
Removing empty process `$paramod\ksa_adder\WIDTH=32.$proc$rtl/ksa/ksa_adder.v:40$5525'.
Removing empty process `$paramod\ksa_adder\WIDTH=32.$proc$rtl/ksa/ksa_adder.v:41$5523'.
Removing empty process `$paramod\ksa_adder\WIDTH=32.$proc$rtl/ksa/ksa_adder.v:41$5521'.
Removing empty process `$paramod\ksa_adder\WIDTH=32.$proc$rtl/ksa/ksa_adder.v:40$5519'.
Removing empty process `$paramod\ksa_adder\WIDTH=32.$proc$rtl/ksa/ksa_adder.v:40$5517'.
Removing empty process `$paramod\ksa_adder\WIDTH=32.$proc$rtl/ksa/ksa_adder.v:40$5515'.
Removing empty process `$paramod\ksa_adder\WIDTH=32.$proc$rtl/ksa/ksa_adder.v:41$5513'.
Removing empty process `$paramod\ksa_adder\WIDTH=32.$proc$rtl/ksa/ksa_adder.v:41$5511'.
Removing empty process `$paramod\ksa_adder\WIDTH=32.$proc$rtl/ksa/ksa_adder.v:40$5509'.
Removing empty process `$paramod\ksa_adder\WIDTH=32.$proc$rtl/ksa/ksa_adder.v:40$5507'.
Removing empty process `$paramod\ksa_adder\WIDTH=32.$proc$rtl/ksa/ksa_adder.v:40$5505'.
Removing empty process `$paramod\ksa_adder\WIDTH=32.$proc$rtl/ksa/ksa_adder.v:41$5503'.
Removing empty process `$paramod\ksa_adder\WIDTH=32.$proc$rtl/ksa/ksa_adder.v:41$5501'.
Removing empty process `$paramod\ksa_adder\WIDTH=32.$proc$rtl/ksa/ksa_adder.v:40$5499'.
Removing empty process `$paramod\ksa_adder\WIDTH=32.$proc$rtl/ksa/ksa_adder.v:40$5497'.
Removing empty process `$paramod\ksa_adder\WIDTH=32.$proc$rtl/ksa/ksa_adder.v:40$5495'.
Removing empty process `$paramod\ksa_adder\WIDTH=32.$proc$rtl/ksa/ksa_adder.v:41$5493'.
Removing empty process `$paramod\ksa_adder\WIDTH=32.$proc$rtl/ksa/ksa_adder.v:41$5491'.
Removing empty process `$paramod\ksa_adder\WIDTH=32.$proc$rtl/ksa/ksa_adder.v:40$5489'.
Removing empty process `$paramod\ksa_adder\WIDTH=32.$proc$rtl/ksa/ksa_adder.v:40$5487'.
Removing empty process `$paramod\ksa_adder\WIDTH=32.$proc$rtl/ksa/ksa_adder.v:40$5485'.
Removing empty process `$paramod\ksa_adder\WIDTH=32.$proc$rtl/ksa/ksa_adder.v:41$5483'.
Removing empty process `$paramod\ksa_adder\WIDTH=32.$proc$rtl/ksa/ksa_adder.v:41$5481'.
Removing empty process `$paramod\ksa_adder\WIDTH=32.$proc$rtl/ksa/ksa_adder.v:40$5479'.
Removing empty process `$paramod\ksa_adder\WIDTH=32.$proc$rtl/ksa/ksa_adder.v:40$5477'.
Removing empty process `$paramod\ksa_adder\WIDTH=32.$proc$rtl/ksa/ksa_adder.v:40$5475'.
Removing empty process `$paramod\ksa_adder\WIDTH=32.$proc$rtl/ksa/ksa_adder.v:41$5473'.
Removing empty process `$paramod\ksa_adder\WIDTH=32.$proc$rtl/ksa/ksa_adder.v:41$5471'.
Removing empty process `$paramod\ksa_adder\WIDTH=32.$proc$rtl/ksa/ksa_adder.v:40$5469'.
Removing empty process `$paramod\ksa_adder\WIDTH=32.$proc$rtl/ksa/ksa_adder.v:40$5467'.
Removing empty process `$paramod\ksa_adder\WIDTH=32.$proc$rtl/ksa/ksa_adder.v:40$5465'.
Removing empty process `$paramod\ksa_adder\WIDTH=32.$proc$rtl/ksa/ksa_adder.v:41$5463'.
Removing empty process `$paramod\ksa_adder\WIDTH=32.$proc$rtl/ksa/ksa_adder.v:41$5461'.
Removing empty process `$paramod\ksa_adder\WIDTH=32.$proc$rtl/ksa/ksa_adder.v:40$5459'.
Removing empty process `$paramod\ksa_adder\WIDTH=32.$proc$rtl/ksa/ksa_adder.v:40$5457'.
Removing empty process `$paramod\ksa_adder\WIDTH=32.$proc$rtl/ksa/ksa_adder.v:40$5455'.
Removing empty process `$paramod\ksa_adder\WIDTH=32.$proc$rtl/ksa/ksa_adder.v:41$5453'.
Removing empty process `$paramod\ksa_adder\WIDTH=32.$proc$rtl/ksa/ksa_adder.v:41$5451'.
Removing empty process `$paramod\ksa_adder\WIDTH=32.$proc$rtl/ksa/ksa_adder.v:40$5449'.
Removing empty process `$paramod\ksa_adder\WIDTH=32.$proc$rtl/ksa/ksa_adder.v:40$5447'.
Removing empty process `$paramod\ksa_adder\WIDTH=32.$proc$rtl/ksa/ksa_adder.v:40$5445'.
Removing empty process `$paramod\ksa_adder\WIDTH=32.$proc$rtl/ksa/ksa_adder.v:41$5443'.
Removing empty process `$paramod\ksa_adder\WIDTH=32.$proc$rtl/ksa/ksa_adder.v:41$5441'.
Removing empty process `$paramod\ksa_adder\WIDTH=32.$proc$rtl/ksa/ksa_adder.v:40$5439'.
Removing empty process `$paramod\ksa_adder\WIDTH=32.$proc$rtl/ksa/ksa_adder.v:40$5437'.
Removing empty process `$paramod\ksa_adder\WIDTH=32.$proc$rtl/ksa/ksa_adder.v:40$5435'.
Removing empty process `$paramod\ksa_adder\WIDTH=32.$proc$rtl/ksa/ksa_adder.v:41$5433'.
Removing empty process `$paramod\ksa_adder\WIDTH=32.$proc$rtl/ksa/ksa_adder.v:41$5431'.
Removing empty process `$paramod\ksa_adder\WIDTH=32.$proc$rtl/ksa/ksa_adder.v:40$5429'.
Removing empty process `$paramod\ksa_adder\WIDTH=32.$proc$rtl/ksa/ksa_adder.v:40$5427'.
Removing empty process `$paramod\ksa_adder\WIDTH=32.$proc$rtl/ksa/ksa_adder.v:40$5425'.
Removing empty process `$paramod\ksa_adder\WIDTH=32.$proc$rtl/ksa/ksa_adder.v:41$5423'.
Removing empty process `$paramod\ksa_adder\WIDTH=32.$proc$rtl/ksa/ksa_adder.v:41$5421'.
Removing empty process `$paramod\ksa_adder\WIDTH=32.$proc$rtl/ksa/ksa_adder.v:40$5419'.
Removing empty process `$paramod\ksa_adder\WIDTH=32.$proc$rtl/ksa/ksa_adder.v:40$5417'.
Removing empty process `$paramod\ksa_adder\WIDTH=32.$proc$rtl/ksa/ksa_adder.v:40$5415'.
Removing empty process `$paramod\ksa_adder\WIDTH=32.$proc$rtl/ksa/ksa_adder.v:41$5413'.
Removing empty process `$paramod\ksa_adder\WIDTH=32.$proc$rtl/ksa/ksa_adder.v:41$5411'.
Removing empty process `$paramod\ksa_adder\WIDTH=32.$proc$rtl/ksa/ksa_adder.v:40$5409'.
Removing empty process `$paramod\ksa_adder\WIDTH=32.$proc$rtl/ksa/ksa_adder.v:40$5407'.
Removing empty process `$paramod\ksa_adder\WIDTH=32.$proc$rtl/ksa/ksa_adder.v:40$5405'.
Removing empty process `$paramod\ksa_adder\WIDTH=32.$proc$rtl/ksa/ksa_adder.v:41$5403'.
Removing empty process `$paramod\ksa_adder\WIDTH=32.$proc$rtl/ksa/ksa_adder.v:41$5401'.
Removing empty process `$paramod\ksa_adder\WIDTH=32.$proc$rtl/ksa/ksa_adder.v:40$5399'.
Removing empty process `$paramod\ksa_adder\WIDTH=32.$proc$rtl/ksa/ksa_adder.v:40$5397'.
Removing empty process `$paramod\ksa_adder\WIDTH=32.$proc$rtl/ksa/ksa_adder.v:40$5395'.
Removing empty process `$paramod\ksa_adder\WIDTH=32.$proc$rtl/ksa/ksa_adder.v:41$5393'.
Removing empty process `$paramod\ksa_adder\WIDTH=32.$proc$rtl/ksa/ksa_adder.v:41$5391'.
Removing empty process `$paramod\ksa_adder\WIDTH=32.$proc$rtl/ksa/ksa_adder.v:40$5389'.
Removing empty process `$paramod\ksa_adder\WIDTH=32.$proc$rtl/ksa/ksa_adder.v:40$5387'.
Removing empty process `$paramod\ksa_adder\WIDTH=32.$proc$rtl/ksa/ksa_adder.v:40$5385'.
Removing empty process `$paramod\ksa_adder\WIDTH=32.$proc$rtl/ksa/ksa_adder.v:41$5383'.
Removing empty process `$paramod\ksa_adder\WIDTH=32.$proc$rtl/ksa/ksa_adder.v:41$5381'.
Removing empty process `$paramod\ksa_adder\WIDTH=32.$proc$rtl/ksa/ksa_adder.v:40$5379'.
Removing empty process `$paramod\ksa_adder\WIDTH=32.$proc$rtl/ksa/ksa_adder.v:40$5377'.
Removing empty process `$paramod\ksa_adder\WIDTH=32.$proc$rtl/ksa/ksa_adder.v:40$5375'.
Removing empty process `$paramod\ksa_adder\WIDTH=32.$proc$rtl/ksa/ksa_adder.v:41$5373'.
Removing empty process `$paramod\ksa_adder\WIDTH=32.$proc$rtl/ksa/ksa_adder.v:41$5371'.
Removing empty process `$paramod\ksa_adder\WIDTH=32.$proc$rtl/ksa/ksa_adder.v:40$5369'.
Removing empty process `$paramod\ksa_adder\WIDTH=32.$proc$rtl/ksa/ksa_adder.v:40$5367'.
Removing empty process `$paramod\ksa_adder\WIDTH=32.$proc$rtl/ksa/ksa_adder.v:40$5365'.
Removing empty process `$paramod\ksa_adder\WIDTH=32.$proc$rtl/ksa/ksa_adder.v:41$5363'.
Removing empty process `$paramod\ksa_adder\WIDTH=32.$proc$rtl/ksa/ksa_adder.v:41$5361'.
Removing empty process `$paramod\ksa_adder\WIDTH=32.$proc$rtl/ksa/ksa_adder.v:40$5359'.
Removing empty process `$paramod\ksa_adder\WIDTH=32.$proc$rtl/ksa/ksa_adder.v:40$5357'.
Removing empty process `$paramod\ksa_adder\WIDTH=32.$proc$rtl/ksa/ksa_adder.v:40$5355'.
Removing empty process `$paramod\ksa_adder\WIDTH=32.$proc$rtl/ksa/ksa_adder.v:41$5353'.
Removing empty process `$paramod\ksa_adder\WIDTH=32.$proc$rtl/ksa/ksa_adder.v:41$5351'.
Removing empty process `$paramod\ksa_adder\WIDTH=32.$proc$rtl/ksa/ksa_adder.v:40$5349'.
Removing empty process `$paramod\ksa_adder\WIDTH=32.$proc$rtl/ksa/ksa_adder.v:40$5347'.
Removing empty process `$paramod\ksa_adder\WIDTH=32.$proc$rtl/ksa/ksa_adder.v:40$5345'.
Removing empty process `$paramod\ksa_adder\WIDTH=32.$proc$rtl/ksa/ksa_adder.v:41$5343'.
Removing empty process `$paramod\ksa_adder\WIDTH=32.$proc$rtl/ksa/ksa_adder.v:41$5341'.
Removing empty process `$paramod\ksa_adder\WIDTH=32.$proc$rtl/ksa/ksa_adder.v:40$5339'.
Removing empty process `$paramod\ksa_adder\WIDTH=32.$proc$rtl/ksa/ksa_adder.v:40$5337'.
Removing empty process `$paramod\ksa_adder\WIDTH=32.$proc$rtl/ksa/ksa_adder.v:40$5335'.
Removing empty process `$paramod\ksa_adder\WIDTH=32.$proc$rtl/ksa/ksa_adder.v:41$5333'.
Removing empty process `$paramod\ksa_adder\WIDTH=32.$proc$rtl/ksa/ksa_adder.v:41$5331'.
Removing empty process `$paramod\ksa_adder\WIDTH=32.$proc$rtl/ksa/ksa_adder.v:40$5329'.
Removing empty process `$paramod\ksa_adder\WIDTH=32.$proc$rtl/ksa/ksa_adder.v:40$5327'.
Removing empty process `$paramod\ksa_adder\WIDTH=32.$proc$rtl/ksa/ksa_adder.v:40$5325'.
Removing empty process `$paramod\ksa_adder\WIDTH=32.$proc$rtl/ksa/ksa_adder.v:41$5323'.
Removing empty process `$paramod\ksa_adder\WIDTH=32.$proc$rtl/ksa/ksa_adder.v:41$5321'.
Removing empty process `$paramod\ksa_adder\WIDTH=32.$proc$rtl/ksa/ksa_adder.v:40$5319'.
Removing empty process `$paramod\ksa_adder\WIDTH=32.$proc$rtl/ksa/ksa_adder.v:40$5317'.
Removing empty process `$paramod\ksa_adder\WIDTH=32.$proc$rtl/ksa/ksa_adder.v:40$5315'.
Removing empty process `$paramod\ksa_adder\WIDTH=32.$proc$rtl/ksa/ksa_adder.v:41$5313'.
Removing empty process `$paramod\ksa_adder\WIDTH=32.$proc$rtl/ksa/ksa_adder.v:41$5311'.
Removing empty process `$paramod\ksa_adder\WIDTH=32.$proc$rtl/ksa/ksa_adder.v:40$5309'.
Removing empty process `$paramod\ksa_adder\WIDTH=32.$proc$rtl/ksa/ksa_adder.v:40$5307'.
Removing empty process `$paramod\ksa_adder\WIDTH=32.$proc$rtl/ksa/ksa_adder.v:40$5305'.
Removing empty process `$paramod\ksa_adder\WIDTH=32.$proc$rtl/ksa/ksa_adder.v:41$5303'.
Removing empty process `$paramod\ksa_adder\WIDTH=32.$proc$rtl/ksa/ksa_adder.v:41$5301'.
Removing empty process `$paramod\ksa_adder\WIDTH=32.$proc$rtl/ksa/ksa_adder.v:40$5299'.
Removing empty process `$paramod\ksa_adder\WIDTH=32.$proc$rtl/ksa/ksa_adder.v:40$5297'.
Removing empty process `$paramod\ksa_adder\WIDTH=32.$proc$rtl/ksa/ksa_adder.v:40$5295'.
Removing empty process `$paramod\ksa_adder\WIDTH=32.$proc$rtl/ksa/ksa_adder.v:41$5293'.
Removing empty process `$paramod\ksa_adder\WIDTH=32.$proc$rtl/ksa/ksa_adder.v:41$5291'.
Removing empty process `$paramod\ksa_adder\WIDTH=32.$proc$rtl/ksa/ksa_adder.v:40$5289'.
Removing empty process `$paramod\ksa_adder\WIDTH=32.$proc$rtl/ksa/ksa_adder.v:40$5287'.
Removing empty process `$paramod\ksa_adder\WIDTH=32.$proc$rtl/ksa/ksa_adder.v:40$5285'.
Removing empty process `$paramod\ksa_adder\WIDTH=32.$proc$rtl/ksa/ksa_adder.v:41$5283'.
Removing empty process `$paramod\ksa_adder\WIDTH=32.$proc$rtl/ksa/ksa_adder.v:41$5281'.
Removing empty process `$paramod\ksa_adder\WIDTH=32.$proc$rtl/ksa/ksa_adder.v:40$5279'.
Removing empty process `$paramod\ksa_adder\WIDTH=32.$proc$rtl/ksa/ksa_adder.v:40$5277'.
Removing empty process `$paramod\ksa_adder\WIDTH=32.$proc$rtl/ksa/ksa_adder.v:40$5275'.
Removing empty process `$paramod\ksa_adder\WIDTH=32.$proc$rtl/ksa/ksa_adder.v:41$5273'.
Removing empty process `$paramod\ksa_adder\WIDTH=32.$proc$rtl/ksa/ksa_adder.v:41$5271'.
Removing empty process `$paramod\ksa_adder\WIDTH=32.$proc$rtl/ksa/ksa_adder.v:40$5269'.
Removing empty process `$paramod\ksa_adder\WIDTH=32.$proc$rtl/ksa/ksa_adder.v:40$5267'.
Removing empty process `$paramod\ksa_adder\WIDTH=32.$proc$rtl/ksa/ksa_adder.v:40$5265'.
Removing empty process `$paramod\ksa_adder\WIDTH=32.$proc$rtl/ksa/ksa_adder.v:41$5263'.
Removing empty process `$paramod\ksa_adder\WIDTH=32.$proc$rtl/ksa/ksa_adder.v:41$5261'.
Removing empty process `$paramod\ksa_adder\WIDTH=32.$proc$rtl/ksa/ksa_adder.v:40$5259'.
Removing empty process `$paramod\ksa_adder\WIDTH=32.$proc$rtl/ksa/ksa_adder.v:40$5257'.
Removing empty process `$paramod\ksa_adder\WIDTH=32.$proc$rtl/ksa/ksa_adder.v:40$5255'.
Removing empty process `$paramod\ksa_adder\WIDTH=32.$proc$rtl/ksa/ksa_adder.v:41$5253'.
Removing empty process `$paramod\ksa_adder\WIDTH=32.$proc$rtl/ksa/ksa_adder.v:41$5251'.
Removing empty process `$paramod\ksa_adder\WIDTH=32.$proc$rtl/ksa/ksa_adder.v:40$5249'.
Removing empty process `$paramod\ksa_adder\WIDTH=32.$proc$rtl/ksa/ksa_adder.v:40$5247'.
Removing empty process `$paramod\ksa_adder\WIDTH=32.$proc$rtl/ksa/ksa_adder.v:40$5245'.
Removing empty process `$paramod\ksa_adder\WIDTH=32.$proc$rtl/ksa/ksa_adder.v:38$5243'.
Removing empty process `$paramod\ksa_adder\WIDTH=32.$proc$rtl/ksa/ksa_adder.v:37$5241'.
Cleaned up 187 empty switches.

6.4. Executing FLATTEN pass (flatten design).
Using template $paramod$e4a158359d963b168a4aaf25bc9630e827e25c92\picorv32 for cells of type $paramod$e4a158359d963b168a4aaf25bc9630e827e25c92\picorv32.
Using template $paramod\ksa_adder\WIDTH=32 for cells of type $paramod\ksa_adder\WIDTH=32.
<suppressed ~3 debug messages>
No more expansions possible.
Deleting now unused module $paramod$e4a158359d963b168a4aaf25bc9630e827e25c92\picorv32.
Deleting now unused module $paramod\ksa_adder\WIDTH=32.

6.5. Executing TRIBUF pass.

6.6. Executing DEMINOUT pass (demote inout ports to input or output).

6.7. Executing OPT_EXPR pass (perform const folding).
Optimizing module picorv32_baseline_c_ksa_wrapper.
<suppressed ~939 debug messages>

6.8. Executing OPT_CLEAN pass (remove unused cells and wires).
Finding unused cells or wires in module \picorv32_baseline_c_ksa_wrapper..
Removed 802 unused cells and 6183 unused wires.
<suppressed ~874 debug messages>

6.9. Executing CHECK pass (checking for obvious problems).
checking module picorv32_baseline_c_ksa_wrapper..
found and reported 0 problems.

6.10. Executing OPT pass (performing simple optimizations).

6.10.1. Executing OPT_EXPR pass (perform const folding).
Optimizing module picorv32_baseline_c_ksa_wrapper.

6.10.2. Executing OPT_MERGE pass (detect identical cells).
Finding identical cells in module `\picorv32_baseline_c_ksa_wrapper'.
<suppressed ~558 debug messages>
Removed a total of 186 cells.

6.10.3. Executing OPT_MUXTREE pass (detect dead branches in mux trees).
Running muxtree optimizer on module \picorv32_baseline_c_ksa_wrapper..
  Creating internal representation of mux trees.
  Evaluating internal representation of mux trees.
      Replacing known input bits on port A of cell $techmap\u_core.$procmux$9731: \u_core.mem_valid -> 1'0
      Replacing known input bits on port A of cell $techmap\u_core.$procmux$9738: \u_core.mem_valid -> 1'0
  Analyzing evaluation results.
    dead port 2/2 on $mux $techmap\u_core.$procmux$7303.
    dead port 2/2 on $mux $techmap\u_core.$procmux$7313.
    dead port 2/2 on $mux $techmap\u_core.$procmux$7315.
    dead port 2/2 on $mux $techmap\u_core.$procmux$7321.
    dead port 2/2 on $mux $techmap\u_core.$procmux$7328.
    dead port 2/2 on $mux $techmap\u_core.$procmux$7330.
    dead port 2/2 on $mux $techmap\u_core.$procmux$7336.
    dead port 2/2 on $mux $techmap\u_core.$procmux$7357.
    dead port 2/2 on $mux $techmap\u_core.$procmux$7360.
    dead port 2/2 on $mux $techmap\u_core.$procmux$7372.
    dead port 2/2 on $mux $techmap\u_core.$procmux$7379.
    dead port 2/2 on $mux $techmap\u_core.$procmux$7382.
    dead port 2/2 on $mux $techmap\u_core.$procmux$7406.
    dead port 2/2 on $mux $techmap\u_core.$procmux$7409.
    dead port 2/2 on $mux $techmap\u_core.$procmux$7418.
    dead port 2/2 on $mux $techmap\u_core.$procmux$7421.
    dead port 2/2 on $mux $techmap\u_core.$procmux$7429.
    dead port 2/2 on $mux $techmap\u_core.$procmux$7431.
    dead port 2/2 on $mux $techmap\u_core.$procmux$7434.
    dead port 2/2 on $mux $techmap\u_core.$procmux$7495.
    dead port 2/2 on $mux $techmap\u_core.$procmux$7497.
    dead port 2/2 on $mux $techmap\u_core.$procmux$7500.
    dead port 2/2 on $mux $techmap\u_core.$procmux$7582.
    dead port 2/2 on $mux $techmap\u_core.$procmux$7587.
    dead port 2/2 on $mux $techmap\u_core.$procmux$7590.
    dead port 1/3 on $pmux $techmap\u_core.$procmux$7643.
    dead port 2/2 on $mux $techmap\u_core.$procmux$7675.
    dead port 2/2 on $mux $techmap\u_core.$procmux$7688.
    dead port 2/2 on $mux $techmap\u_core.$procmux$7701.
    dead port 1/7 on $pmux $techmap\u_core.$procmux$7908.
    dead port 2/7 on $pmux $techmap\u_core.$procmux$7908.
    dead port 3/7 on $pmux $techmap\u_core.$procmux$7908.
    dead port 4/7 on $pmux $techmap\u_core.$procmux$7908.
    dead port 5/7 on $pmux $techmap\u_core.$procmux$7908.
    dead port 2/12 on $pmux $techmap\u_core.$procmux$7947.
    dead port 4/12 on $pmux $techmap\u_core.$procmux$7947.
    dead port 5/12 on $pmux $techmap\u_core.$procmux$7947.
    dead port 6/12 on $pmux $techmap\u_core.$procmux$7947.
    dead port 7/12 on $pmux $techmap\u_core.$procmux$7947.
    dead port 8/12 on $pmux $techmap\u_core.$procmux$7947.
    dead port 1/7 on $pmux $techmap\u_core.$procmux$8152.
    dead port 2/7 on $pmux $techmap\u_core.$procmux$8152.
    dead port 3/7 on $pmux $techmap\u_core.$procmux$8152.
    dead port 4/7 on $pmux $techmap\u_core.$procmux$8152.
    dead port 5/7 on $pmux $techmap\u_core.$procmux$8152.
    dead port 1/4 on $pmux $techmap\u_core.$procmux$8216.
    dead port 3/4 on $pmux $techmap\u_core.$procmux$8216.
    dead port 1/2 on $mux $techmap\u_core.$procmux$8223.
    dead port 2/2 on $mux $techmap\u_core.$procmux$8223.
    dead port 1/3 on $pmux $techmap\u_core.$procmux$8231.
    dead port 2/12 on $pmux $techmap\u_core.$procmux$8235.
    dead port 4/12 on $pmux $techmap\u_core.$procmux$8235.
    dead port 5/12 on $pmux $techmap\u_core.$procmux$8235.
    dead port 6/12 on $pmux $techmap\u_core.$procmux$8235.
    dead port 7/12 on $pmux $techmap\u_core.$procmux$8235.
    dead port 8/12 on $pmux $techmap\u_core.$procmux$8235.
    dead port 1/4 on $pmux $techmap\u_core.$procmux$8417.
    dead port 3/4 on $pmux $techmap\u_core.$procmux$8417.
    dead port 1/3 on $pmux $techmap\u_core.$procmux$8429.
    dead port 2/12 on $pmux $techmap\u_core.$procmux$8433.
    dead port 4/12 on $pmux $techmap\u_core.$procmux$8433.
    dead port 5/12 on $pmux $techmap\u_core.$procmux$8433.
    dead port 6/12 on $pmux $techmap\u_core.$procmux$8433.
    dead port 7/12 on $pmux $techmap\u_core.$procmux$8433.
    dead port 8/12 on $pmux $techmap\u_core.$procmux$8433.
    dead port 2/12 on $pmux $techmap\u_core.$procmux$8614.
    dead port 4/12 on $pmux $techmap\u_core.$procmux$8614.
    dead port 5/12 on $pmux $techmap\u_core.$procmux$8614.
    dead port 6/12 on $pmux $techmap\u_core.$procmux$8614.
    dead port 7/12 on $pmux $techmap\u_core.$procmux$8614.
    dead port 8/12 on $pmux $techmap\u_core.$procmux$8614.
    dead port 1/9 on $pmux $techmap\u_core.$procmux$8665.
    dead port 2/9 on $pmux $techmap\u_core.$procmux$8665.
    dead port 3/9 on $pmux $techmap\u_core.$procmux$8665.
    dead port 4/9 on $pmux $techmap\u_core.$procmux$8665.
    dead port 5/9 on $pmux $techmap\u_core.$procmux$8665.
    dead port 1/5 on $pmux $techmap\u_core.$procmux$8807.
    dead port 2/5 on $pmux $techmap\u_core.$procmux$8807.
    dead port 2/2 on $mux $techmap\u_core.$procmux$8812.
    dead port 1/5 on $pmux $techmap\u_core.$procmux$8816.
    dead port 2/5 on $pmux $techmap\u_core.$procmux$8816.
    dead port 2/2 on $mux $techmap\u_core.$procmux$8821.
    dead port 2/2 on $mux $techmap\u_core.$procmux$9974.
    dead port 2/2 on $mux $techmap\u_core.$procmux$9981.
Removed 84 multiplexer ports.
<suppressed ~141 debug messages>

6.10.4. Executing OPT_REDUCE pass (consolidate $*mux and $reduce_* inputs).
  Optimizing cells in module \picorv32_baseline_c_ksa_wrapper.
    New input vector for $reduce_or cell $techmap\u_core.$reduce_or$../picorv32.v:865$3922: { \u_core.is_beq_bne_blt_bge_bltu_bgeu \u_core.instr_sltu \u_core.instr_slt \u_core.instr_sltiu \u_core.instr_slti }
    New input vector for $reduce_or cell $techmap\u_core.$reduce_or$../picorv32.v:864$3921: { \u_core.instr_lhu \u_core.instr_lbu \u_core.instr_lw }
    New input vector for $reduce_or cell $techmap\u_core.$reduce_or$../picorv32.v:863$3920: { \u_core.instr_sltu \u_core.instr_sltiu \u_core.instr_bltu }
    New input vector for $reduce_or cell $techmap\u_core.$reduce_or$../picorv32.v:862$3919: { \u_core.instr_slt \u_core.instr_slti \u_core.instr_blt }
    New input vector for $reduce_or cell $techmap\u_core.$reduce_or$../picorv32.v:861$3918: { \u_core.instr_sub \u_core.instr_add \u_core.instr_addi \u_core.instr_jalr \u_core.instr_jal \u_core.instr_auipc \u_core.instr_lui }
    New input vector for $reduce_or cell $techmap\u_core.$reduce_or$../picorv32.v:860$3917: { \u_core.instr_jal \u_core.instr_auipc \u_core.instr_lui }
    New input vector for $reduce_or cell $techmap\u_core.$reduce_or$../picorv32.v:689$3908: { \u_core.instr_rdinstrh \u_core.instr_rdinstr \u_core.instr_rdcycleh \u_core.instr_rdcycle }
    New input vector for $reduce_or cell $techmap\u_core.$reduce_or$../picorv32.v:377$3792: { \u_core.mem_state [0] \u_core.mem_state [1] }
    New input vector for $reduce_or cell $techmap\u_core.$reduce_or$../picorv32.v:1972$4414: { \u_core.reg_pc [0] \u_core.reg_pc [1] }
    New input vector for $reduce_or cell $techmap\u_core.$reduce_or$../picorv32.v:1126$4177: { \u_core.is_alu_reg_imm \u_core.is_lb_lh_lw_lbu_lhu \u_core.instr_jalr }
    New input vector for $reduce_or cell $techmap\u_core.$reduce_or$../picorv32.v:1124$4175: { \u_core.instr_auipc \u_core.instr_lui }
    New input vector for $reduce_or cell $techmap\u_core.$reduce_or$../picorv32.v:1109$4161: { $techmap\u_core.$eq$../picorv32.v:1060$4028_Y $techmap\u_core.$eq$../picorv32.v:1050$4012_Y $techmap\u_core.$eq$../picorv32.v:1046$4006_Y $techmap\u_core.$eq$../picorv32.v:1045$4004_Y $techmap\u_core.$eq$../picorv32.v:1043$4000_Y $techmap\u_core.$eq$../picorv32.v:1041$3996_Y }
    New input vector for $reduce_or cell $techmap\u_core.$procmux$7948_ANY: { \u_core.is_jalr_addi_slti_sltiu_xori_ori_andi \u_core.is_slli_srli_srai }
    New input vector for $reduce_and cell $techmap\u_core.$reduce_and$../picorv32.v:377$3797: { \u_core.mem_state [0] \u_core.mem_state [1] }
    New ctrl vector for $mux cell $techmap\u_core.$procmux$7306: { }
    New ctrl vector for $mux cell $techmap\u_core.$procmux$7319: { }
    New ctrl vector for $mux cell $techmap\u_core.$procmux$7334: { }
    New ctrl vector for $mux cell $techmap\u_core.$procmux$7339: { }
    New ctrl vector for $pmux cell $techmap\u_core.$procmux$7367: { }
    New ctrl vector for $pmux cell $techmap\u_core.$procmux$7665: { $techmap\u_core.$procmux$7380_CMP $auto$opt_reduce.cc:132:opt_mux$10171 }
    New ctrl vector for $pmux cell $techmap\u_core.$procmux$7678: { $auto$opt_reduce.cc:132:opt_mux$10173 $techmap\u_core.$procmux$7358_CMP }
    New ctrl vector for $pmux cell $techmap\u_core.$procmux$7691: { $techmap\u_core.$procmux$7407_CMP $auto$opt_reduce.cc:132:opt_mux$10175 }
    New ctrl vector for $pmux cell $techmap\u_core.$procmux$7888: { $techmap\u_core.$procmux$7369_CMP $techmap\u_core.$procmux$7407_CMP $techmap\u_core.$procmux$7668_CMP $techmap\u_core.$procmux$7358_CMP }
    New ctrl vector for $pmux cell $techmap\u_core.$procmux$7947: $auto$opt_reduce.cc:132:opt_mux$10177
    New ctrl vector for $pmux cell $techmap\u_core.$procmux$7989: { $techmap\u_core.$eq$../picorv32.v:1347$4222_Y $techmap\u_core.$procmux$7407_CMP }
    New ctrl vector for $pmux cell $techmap\u_core.$procmux$8086: { $techmap\u_core.$eq$../picorv32.v:1347$4222_Y $techmap\u_core.$procmux$7407_CMP }
    New ctrl vector for $pmux cell $techmap\u_core.$procmux$8129: { $techmap\u_core.$eq$../picorv32.v:1347$4222_Y $techmap\u_core.$procmux$7369_CMP $techmap\u_core.$procmux$7407_CMP $auto$opt_reduce.cc:132:opt_mux$10179 }
    New ctrl vector for $pmux cell $techmap\u_core.$procmux$8235: { \u_core.instr_trap \u_core.is_rdcycle_rdcycleh_rdinstr_rdinstrh $techmap\u_core.$logic_and$../picorv32.v:1730$4333_Y $auto$opt_reduce.cc:132:opt_mux$10181 }
    New ctrl vector for $pmux cell $techmap\u_core.$procmux$8407: { $techmap\u_core.$eq$../picorv32.v:1347$4222_Y $techmap\u_core.$procmux$7369_CMP $techmap\u_core.$procmux$7368_CMP $techmap\u_core.$procmux$7668_CMP }
    New ctrl vector for $pmux cell $techmap\u_core.$procmux$8433: { $auto$opt_reduce.cc:132:opt_mux$10185 $techmap\u_core.$logic_and$../picorv32.v:1730$4333_Y $auto$opt_reduce.cc:132:opt_mux$10183 }
    New ctrl vector for $pmux cell $techmap\u_core.$procmux$8614: { \u_core.is_lui_auipc_jal $auto$opt_reduce.cc:132:opt_mux$10187 $techmap\u_core.$procmux$7948_CTRL }
    New ctrl vector for $pmux cell $techmap\u_core.$procmux$8665: { $auto$opt_reduce.cc:132:opt_mux$10189 \u_core.is_lui_auipc_jal }
    Consolidated identical input bits for $mux cell $techmap\u_core.$procmux$8799:
      Old ports: A=0, B=32'11111111111111111111111111111111, Y=$techmap\u_core.$0$memwr$\cpuregs$../picorv32.v:1378$3762_EN[31:0]$4234
      New ports: A=1'0, B=1'1, Y=$techmap\u_core.$0$memwr$\cpuregs$../picorv32.v:1378$3762_EN[31:0]$4234 [0]
      New connections: $techmap\u_core.$0$memwr$\cpuregs$../picorv32.v:1378$3762_EN[31:0]$4234 [31:1] = { $techmap\u_core.$0$memwr$\cpuregs$../picorv32.v:1378$3762_EN[31:0]$4234 [0] $techmap\u_core.$0$memwr$\cpuregs$../picorv32.v:1378$3762_EN[31:0]$4234 [0] $techmap\u_core.$0$memwr$\cpuregs$../picorv32.v:1378$3762_EN[31:0]$4234 [0] $techmap\u_core.$0$memwr$\cpuregs$../picorv32.v:1378$3762_EN[31:0]$4234 [0] $techmap\u_core.$0$memwr$\cpuregs$../picorv32.v:1378$3762_EN[31:0]$4234 [0] $techmap\u_core.$0$memwr$\cpuregs$../picorv32.v:1378$3762_EN[31:0]$4234 [0] $techmap\u_core.$0$memwr$\cpuregs$../picorv32.v:1378$3762_EN[31:0]$4234 [0] $techmap\u_core.$0$memwr$\cpuregs$../picorv32.v:1378$3762_EN[31:0]$4234 [0] $techmap\u_core.$0$memwr$\cpuregs$../picorv32.v:1378$3762_EN[31:0]$4234 [0] $techmap\u_core.$0$memwr$\cpuregs$../picorv32.v:1378$3762_EN[31:0]$4234 [0] $techmap\u_core.$0$memwr$\cpuregs$../picorv32.v:1378$3762_EN[31:0]$4234 [0] $techmap\u_core.$0$memwr$\cpuregs$../picorv32.v:1378$3762_EN[31:0]$4234 [0] $techmap\u_core.$0$memwr$\cpuregs$../picorv32.v:1378$3762_EN[31:0]$4234 [0] $techmap\u_core.$0$memwr$\cpuregs$../picorv32.v:1378$3762_EN[31:0]$4234 [0] $techmap\u_core.$0$memwr$\cpuregs$../picorv32.v:1378$3762_EN[31:0]$4234 [0] $techmap\u_core.$0$memwr$\cpuregs$../picorv32.v:1378$3762_EN[31:0]$4234 [0] $techmap\u_core.$0$memwr$\cpuregs$../picorv32.v:1378$3762_EN[31:0]$4234 [0] $techmap\u_core.$0$memwr$\cpuregs$../picorv32.v:1378$3762_EN[31:0]$4234 [0] $techmap\u_core.$0$memwr$\cpuregs$../picorv32.v:1378$3762_EN[31:0]$4234 [0] $techmap\u_core.$0$memwr$\cpuregs$../picorv32.v:1378$3762_EN[31:0]$4234 [0] $techmap\u_core.$0$memwr$\cpuregs$../picorv32.v:1378$3762_EN[31:0]$4234 [0] $techmap\u_core.$0$memwr$\cpuregs$../picorv32.v:1378$3762_EN[31:0]$4234 [0] $techmap\u_core.$0$memwr$\cpuregs$../picorv32.v:1378$3762_EN[31:0]$4234 [0] $techmap\u_core.$0$memwr$\cpuregs$../picorv32.v:1378$3762_EN[31:0]$4234 [0] $techmap\u_core.$0$memwr$\cpuregs$../picorv32.v:1378$3762_EN[31:0]$4234 [0] $techmap\u_core.$0$memwr$\cpuregs$../picorv32.v:1378$3762_EN[31:0]$4234 [0] $techmap\u_core.$0$memwr$\cpuregs$../picorv32.v:1378$3762_EN[31:0]$4234 [0] $techmap\u_core.$0$memwr$\cpuregs$../picorv32.v:1378$3762_EN[31:0]$4234 [0] $techmap\u_core.$0$memwr$\cpuregs$../picorv32.v:1378$3762_EN[31:0]$4234 [0] $techmap\u_core.$0$memwr$\cpuregs$../picorv32.v:1378$3762_EN[31:0]$4234 [0] $techmap\u_core.$0$memwr$\cpuregs$../picorv32.v:1378$3762_EN[31:0]$4234 [0] }
    New ctrl vector for $pmux cell $techmap\u_core.$procmux$8807: $auto$opt_reduce.cc:132:opt_mux$10191
    New ctrl vector for $mux cell $techmap\u_core.$procmux$9731: { }
    New ctrl vector for $mux cell $techmap\u_core.$procmux$9738: { }
    New ctrl vector for $pmux cell $techmap\u_core.$procmux$9969: $auto$opt_reduce.cc:132:opt_mux$10193
    New ctrl vector for $pmux cell $techmap\u_core.$procmux$9978: $auto$opt_reduce.cc:132:opt_mux$10195
    New input vector for $reduce_or cell $auto$opt_reduce.cc:126:opt_mux$10188: { \u_core.instr_rdinstrh \u_core.instr_rdinstr \u_core.instr_rdcycleh \u_core.instr_rdcycle \u_core.instr_trap }
    New input vector for $reduce_or cell $auto$opt_reduce.cc:126:opt_mux$10190: { $techmap\u_core.$logic_and$../picorv32.v:1354$4226_Y \u_core.latched_branch }
    New input vector for $reduce_or cell $auto$opt_reduce.cc:126:opt_mux$10170: { $techmap\u_core.$eq$../picorv32.v:1347$4222_Y $techmap\u_core.$procmux$7358_CMP $techmap\u_core.$procmux$7368_CMP $techmap\u_core.$procmux$7369_CMP $techmap\u_core.$procmux$7407_CMP $techmap\u_core.$procmux$7668_CMP $techmap\u_core.$procmux$7673_CMP }
    New input vector for $reduce_or cell $auto$opt_reduce.cc:126:opt_mux$10172: { $techmap\u_core.$eq$../picorv32.v:1347$4222_Y $techmap\u_core.$procmux$7368_CMP $techmap\u_core.$procmux$7369_CMP $techmap\u_core.$procmux$7380_CMP $techmap\u_core.$procmux$7407_CMP $techmap\u_core.$procmux$7668_CMP $techmap\u_core.$procmux$7673_CMP }
    New input vector for $reduce_or cell $auto$opt_reduce.cc:126:opt_mux$10174: { $techmap\u_core.$eq$../picorv32.v:1347$4222_Y $techmap\u_core.$procmux$7358_CMP $techmap\u_core.$procmux$7368_CMP $techmap\u_core.$procmux$7369_CMP $techmap\u_core.$procmux$7380_CMP $techmap\u_core.$procmux$7668_CMP $techmap\u_core.$procmux$7673_CMP }
    New input vector for $reduce_or cell $auto$opt_reduce.cc:126:opt_mux$10176: { $techmap\u_core.$logic_and$../picorv32.v:1730$4333_Y \u_core.is_jalr_addi_slti_sltiu_xori_ori_andi \u_core.is_slli_srli_srai \u_core.instr_rdinstrh \u_core.instr_rdinstr \u_core.instr_rdcycleh \u_core.instr_rdcycle \u_core.is_lui_auipc_jal \u_core.instr_trap }
    New input vector for $reduce_or cell $auto$opt_reduce.cc:126:opt_mux$10178: { $techmap\u_core.$procmux$7358_CMP $techmap\u_core.$procmux$7668_CMP }
    New input vector for $reduce_or cell $auto$opt_reduce.cc:126:opt_mux$10180: { \u_core.is_jalr_addi_slti_sltiu_xori_ori_andi \u_core.is_slli_srli_srai \u_core.is_lui_auipc_jal }
    New input vector for $reduce_or cell $auto$opt_reduce.cc:126:opt_mux$10182: { \u_core.is_jalr_addi_slti_sltiu_xori_ori_andi \u_core.is_slli_srli_srai \u_core.is_lui_auipc_jal }
    New input vector for $reduce_or cell $auto$opt_reduce.cc:126:opt_mux$10184: { \u_core.instr_rdinstrh \u_core.instr_rdinstr \u_core.instr_rdcycleh \u_core.instr_rdcycle \u_core.instr_trap }
    New input vector for $reduce_or cell $auto$opt_reduce.cc:126:opt_mux$10186: { $techmap\u_core.$logic_and$../picorv32.v:1730$4333_Y \u_core.instr_rdinstrh \u_core.instr_rdinstr \u_core.instr_rdcycleh \u_core.instr_rdcycle \u_core.instr_trap }
    New ctrl vector for $pmux cell $techmap\u_core.$procmux$9733: { $techmap\u_core.$logic_not$../picorv32.v:380$3807_Y $auto$opt_reduce.cc:132:opt_mux$10197 }
    New input vector for $reduce_or cell $auto$opt_reduce.cc:126:opt_mux$10188: { \u_core.instr_trap \u_core.instr_rdinstrh \u_core.instr_rdinstr \u_core.instr_rdcycleh \u_core.instr_rdcycle }
    New input vector for $reduce_or cell $auto$opt_reduce.cc:126:opt_mux$10176: { $techmap\u_core.$logic_and$../picorv32.v:1730$4333_Y \u_core.is_jalr_addi_slti_sltiu_xori_ori_andi \u_core.is_slli_srli_srai \u_core.is_lui_auipc_jal \u_core.instr_trap \u_core.instr_rdinstrh \u_core.instr_rdinstr \u_core.instr_rdcycleh \u_core.instr_rdcycle }
    New input vector for $reduce_or cell $auto$opt_reduce.cc:126:opt_mux$10184: { \u_core.instr_trap \u_core.instr_rdinstrh \u_core.instr_rdinstr \u_core.instr_rdcycleh \u_core.instr_rdcycle }
    New input vector for $reduce_or cell $auto$opt_reduce.cc:126:opt_mux$10186: { $techmap\u_core.$logic_and$../picorv32.v:1730$4333_Y \u_core.instr_trap \u_core.instr_rdinstrh \u_core.instr_rdinstr \u_core.instr_rdcycleh \u_core.instr_rdcycle }
  Optimizing cells in module \picorv32_baseline_c_ksa_wrapper.
Performed a total of 54 changes.

6.10.5. Executing OPT_MERGE pass (detect identical cells).
Finding identical cells in module `\picorv32_baseline_c_ksa_wrapper'.
<suppressed ~36 debug messages>
Removed a total of 12 cells.

6.10.6. Executing OPT_RMDFF pass (remove dff with constant values).
Removing $techmap\u_core.$procdff$10030 ($dff) from module picorv32_baseline_c_ksa_wrapper.
Removing $techmap\u_core.$procdff$10061 ($dff) from module picorv32_baseline_c_ksa_wrapper.
Removing $techmap\u_core.$procdff$10063 ($dff) from module picorv32_baseline_c_ksa_wrapper.
Removing $techmap\u_core.$procdff$10116 ($dff) from module picorv32_baseline_c_ksa_wrapper.
Removing $techmap\u_core.$procdff$10117 ($dff) from module picorv32_baseline_c_ksa_wrapper.
Removing $techmap\u_core.$procdff$10118 ($dff) from module picorv32_baseline_c_ksa_wrapper.
Removing $techmap\u_core.$procdff$10119 ($dff) from module picorv32_baseline_c_ksa_wrapper.
Removing $techmap\u_core.$procdff$10120 ($dff) from module picorv32_baseline_c_ksa_wrapper.
Removing $techmap\u_core.$procdff$10121 ($dff) from module picorv32_baseline_c_ksa_wrapper.
Removing $techmap\u_core.$procdff$10127 ($dff) from module picorv32_baseline_c_ksa_wrapper.
Replaced 10 DFF cells.

6.10.7. Executing OPT_CLEAN pass (remove unused cells and wires).
Finding unused cells or wires in module \picorv32_baseline_c_ksa_wrapper..
Removed 28 unused cells and 266 unused wires.
<suppressed ~32 debug messages>

6.10.8. Executing OPT_EXPR pass (perform const folding).
Optimizing module picorv32_baseline_c_ksa_wrapper.
<suppressed ~7 debug messages>

6.10.9. Rerunning OPT passes. (Maybe there is more to do..)

6.10.10. Executing OPT_MUXTREE pass (detect dead branches in mux trees).
Running muxtree optimizer on module \picorv32_baseline_c_ksa_wrapper..
  Creating internal representation of mux trees.
  Evaluating internal representation of mux trees.
  Analyzing evaluation results.
Removed 0 multiplexer ports.
<suppressed ~127 debug messages>

6.10.11. Executing OPT_REDUCE pass (consolidate $*mux and $reduce_* inputs).
  Optimizing cells in module \picorv32_baseline_c_ksa_wrapper.
    New ctrl vector for $pmux cell $techmap\u_core.$procmux$7759: $auto$opt_reduce.cc:132:opt_mux$10199
    New ctrl vector for $pmux cell $techmap\u_core.$procmux$7776: { $techmap\u_core.$procmux$7407_CMP $auto$opt_reduce.cc:132:opt_mux$10201 }
    New ctrl vector for $pmux cell $techmap\u_core.$procmux$8194: { $techmap\u_core.$eq$../picorv32.v:1347$4222_Y $techmap\u_core.$procmux$7369_CMP $techmap\u_core.$procmux$7368_CMP $techmap\u_core.$procmux$7407_CMP $techmap\u_core.$procmux$7668_CMP $auto$opt_reduce.cc:132:opt_mux$10203 }
    New ctrl vector for $pmux cell $techmap\u_core.$procmux$9984: { $auto$opt_reduce.cc:132:opt_mux$10205 $techmap\u_core.$procmux$9975_CMP }
    New input vector for $reduce_or cell $auto$opt_reduce.cc:126:opt_mux$10198: { $techmap\u_core.$procmux$7358_CMP $techmap\u_core.$procmux$7380_CMP }
    New input vector for $reduce_or cell $auto$opt_reduce.cc:126:opt_mux$10200: { $techmap\u_core.$procmux$7358_CMP $techmap\u_core.$procmux$7380_CMP }
    New input vector for $reduce_or cell $auto$opt_reduce.cc:126:opt_mux$10202: { $techmap\u_core.$procmux$7358_CMP $techmap\u_core.$procmux$7380_CMP }
  Optimizing cells in module \picorv32_baseline_c_ksa_wrapper.
Performed a total of 7 changes.

6.10.12. Executing OPT_MERGE pass (detect identical cells).
Finding identical cells in module `\picorv32_baseline_c_ksa_wrapper'.
<suppressed ~6 debug messages>
Removed a total of 2 cells.

6.10.13. Executing OPT_RMDFF pass (remove dff with constant values).

6.10.14. Executing OPT_CLEAN pass (remove unused cells and wires).
Finding unused cells or wires in module \picorv32_baseline_c_ksa_wrapper..
Removed 1 unused cells and 10 unused wires.
<suppressed ~2 debug messages>

6.10.15. Executing OPT_EXPR pass (perform const folding).
Optimizing module picorv32_baseline_c_ksa_wrapper.

6.10.16. Rerunning OPT passes. (Maybe there is more to do..)

6.10.17. Executing OPT_MUXTREE pass (detect dead branches in mux trees).
Running muxtree optimizer on module \picorv32_baseline_c_ksa_wrapper..
  Creating internal representation of mux trees.
  Evaluating internal representation of mux trees.
  Analyzing evaluation results.
Removed 0 multiplexer ports.
<suppressed ~127 debug messages>

6.10.18. Executing OPT_REDUCE pass (consolidate $*mux and $reduce_* inputs).
  Optimizing cells in module \picorv32_baseline_c_ksa_wrapper.
Performed a total of 0 changes.

6.10.19. Executing OPT_MERGE pass (detect identical cells).
Finding identical cells in module `\picorv32_baseline_c_ksa_wrapper'.
Removed a total of 0 cells.

6.10.20. Executing OPT_RMDFF pass (remove dff with constant values).

6.10.21. Executing OPT_CLEAN pass (remove unused cells and wires).
Finding unused cells or wires in module \picorv32_baseline_c_ksa_wrapper..

6.10.22. Executing OPT_EXPR pass (perform const folding).
Optimizing module picorv32_baseline_c_ksa_wrapper.

6.10.23. Finished OPT passes. (There is nothing left to do.)

6.11. Executing WREDUCE pass (reducing word size of cells).
Removed top 31 bits (of 32) from FF cell picorv32_baseline_c_ksa_wrapper.$techmap\u_core.$procdff$10068 ($dff).
Removed top 1 bits (of 2) from port B of cell picorv32_baseline_c_ksa_wrapper.$techmap\u_core.$procmux$9972_CMP0 ($eq).
Removed cell picorv32_baseline_c_ksa_wrapper.$techmap\u_core.$procmux$9969 ($mux).
Removed top 1 bits (of 2) from port B of cell picorv32_baseline_c_ksa_wrapper.$techmap\u_core.$procmux$9685_CMP0 ($eq).
Removed cell picorv32_baseline_c_ksa_wrapper.$techmap\u_core.$procmux$8824 ($mux).
Removed cell picorv32_baseline_c_ksa_wrapper.$techmap\u_core.$procmux$8803 ($mux).
Removed cell picorv32_baseline_c_ksa_wrapper.$techmap\u_core.$procmux$8801 ($mux).
Removed top 4 bits (of 8) from mux cell picorv32_baseline_c_ksa_wrapper.$techmap\u_core.$procmux$8216 ($mux).
Removed cell picorv32_baseline_c_ksa_wrapper.$techmap\u_core.$procmux$7961 ($mux).
Removed cell picorv32_baseline_c_ksa_wrapper.$techmap\u_core.$procmux$7947 ($mux).
Removed cell picorv32_baseline_c_ksa_wrapper.$techmap\u_core.$procmux$7941 ($mux).
Removed cell picorv32_baseline_c_ksa_wrapper.$techmap\u_core.$procmux$7932 ($mux).
Removed cell picorv32_baseline_c_ksa_wrapper.$techmap\u_core.$procmux$7908 ($mux).
Removed cell picorv32_baseline_c_ksa_wrapper.$techmap\u_core.$procmux$7891 ($mux).
Removed cell picorv32_baseline_c_ksa_wrapper.$techmap\u_core.$procmux$7886 ($mux).
Removed cell picorv32_baseline_c_ksa_wrapper.$techmap\u_core.$procmux$7884 ($mux).
Removed top 5 bits (of 8) from port B of cell picorv32_baseline_c_ksa_wrapper.$techmap\u_core.$procmux$7668_CMP0 ($eq).
Removed cell picorv32_baseline_c_ksa_wrapper.$techmap\u_core.$procmux$7649 ($mux).
Removed cell picorv32_baseline_c_ksa_wrapper.$techmap\u_core.$procmux$7646 ($mux).
Removed top 4 bits (of 8) from port B of cell picorv32_baseline_c_ksa_wrapper.$techmap\u_core.$procmux$7407_CMP0 ($eq).
Removed top 6 bits (of 8) from port B of cell picorv32_baseline_c_ksa_wrapper.$techmap\u_core.$procmux$7380_CMP0 ($eq).
Removed top 2 bits (of 8) from port B of cell picorv32_baseline_c_ksa_wrapper.$techmap\u_core.$procmux$7369_CMP0 ($eq).
Removed top 3 bits (of 8) from port B of cell picorv32_baseline_c_ksa_wrapper.$techmap\u_core.$procmux$7368_CMP0 ($eq).
Removed top 7 bits (of 8) from port B of cell picorv32_baseline_c_ksa_wrapper.$techmap\u_core.$procmux$7358_CMP0 ($eq).
Removed top 1 bits (of 33) from port Y of cell picorv32_baseline_c_ksa_wrapper.$techmap\u_core.$sshr$../picorv32.v:1279$4435 ($sshr).
Removed top 1 bits (of 2) from port B of cell picorv32_baseline_c_ksa_wrapper.$techmap\u_core.$eq$../picorv32.v:1964$4405 ($eq).
Removed top 31 bits (of 32) from port B of cell picorv32_baseline_c_ksa_wrapper.$techmap\u_core.$sub$../picorv32.v:1884$4380 ($sub).
Removed top 27 bits (of 32) from port Y of cell picorv32_baseline_c_ksa_wrapper.$techmap\u_core.$sub$../picorv32.v:1884$4380 ($sub).
Removed top 29 bits (of 32) from port B of cell picorv32_baseline_c_ksa_wrapper.$techmap\u_core.$sub$../picorv32.v:1876$4373 ($sub).
Removed top 27 bits (of 32) from port Y of cell picorv32_baseline_c_ksa_wrapper.$techmap\u_core.$sub$../picorv32.v:1876$4373 ($sub).
Removed top 29 bits (of 32) from port B of cell picorv32_baseline_c_ksa_wrapper.$techmap\u_core.$ge$../picorv32.v:1869$4365 ($ge).
Removed top 31 bits (of 32) from port B of cell picorv32_baseline_c_ksa_wrapper.$techmap\u_core.$add$../picorv32.v:1598$4309 ($add).
Removed top 29 bits (of 32) from port B of cell picorv32_baseline_c_ksa_wrapper.$techmap\u_core.$add$../picorv32.v:1594$4308 ($add).
Removed top 31 bits (of 32) from port B of cell picorv32_baseline_c_ksa_wrapper.$techmap\u_core.$add$../picorv32.v:1467$4256 ($add).
Removed top 29 bits (of 32) from mux cell picorv32_baseline_c_ksa_wrapper.$techmap\u_core.$ternary$../picorv32.v:1351$4223 ($mux).
Removed top 1 bits (of 8) from port B of cell picorv32_baseline_c_ksa_wrapper.$techmap\u_core.$eq$../picorv32.v:1347$4222 ($eq).
Removed top 3 bits (of 7) from port B of cell picorv32_baseline_c_ksa_wrapper.$techmap\u_core.$eq$../picorv32.v:1089$4122 ($eq).
Removed top 1 bits (of 7) from port B of cell picorv32_baseline_c_ksa_wrapper.$techmap\u_core.$eq$../picorv32.v:1067$4046 ($eq).
Removed top 1 bits (of 3) from port B of cell picorv32_baseline_c_ksa_wrapper.$techmap\u_core.$eq$../picorv32.v:1060$4028 ($eq).
Removed top 1 bits (of 3) from port B of cell picorv32_baseline_c_ksa_wrapper.$techmap\u_core.$eq$../picorv32.v:1050$4012 ($eq).
Removed top 2 bits (of 3) from port B of cell picorv32_baseline_c_ksa_wrapper.$techmap\u_core.$eq$../picorv32.v:1042$3998 ($eq).
Removed top 1 bits (of 7) from port B of cell picorv32_baseline_c_ksa_wrapper.$techmap\u_core.$eq$../picorv32.v:879$3942 ($eq).
Removed top 2 bits (of 7) from port B of cell picorv32_baseline_c_ksa_wrapper.$techmap\u_core.$eq$../picorv32.v:878$3941 ($eq).
Removed top 1 bits (of 7) from port B of cell picorv32_baseline_c_ksa_wrapper.$techmap\u_core.$eq$../picorv32.v:877$3940 ($eq).
Removed top 5 bits (of 7) from port B of cell picorv32_baseline_c_ksa_wrapper.$techmap\u_core.$eq$../picorv32.v:876$3939 ($eq).
Removed top 2 bits (of 7) from port B of cell picorv32_baseline_c_ksa_wrapper.$techmap\u_core.$eq$../picorv32.v:869$3925 ($eq).
Removed top 1 bits (of 7) from port B of cell picorv32_baseline_c_ksa_wrapper.$techmap\u_core.$eq$../picorv32.v:868$3924 ($eq).
Removed top 30 bits (of 32) from mux cell picorv32_baseline_c_ksa_wrapper.$techmap\u_core.$ternary$../picorv32.v:618$3905 ($mux).
Removed top 3 bits (of 4) from port A of cell picorv32_baseline_c_ksa_wrapper.$techmap\u_core.$shl$../picorv32.v:420$3844 ($shl).
Removed top 4 bits (of 8) from wire picorv32_baseline_c_ksa_wrapper.$techmap\u_core.$procmux$8216_Y.
Removed top 27 bits (of 32) from wire picorv32_baseline_c_ksa_wrapper.$techmap\u_core.$sub$../picorv32.v:1876$4373_Y.
Removed top 27 bits (of 32) from wire picorv32_baseline_c_ksa_wrapper.$techmap\u_core.$sub$../picorv32.v:1884$4380_Y.
Removed top 29 bits (of 32) from wire picorv32_baseline_c_ksa_wrapper.$techmap\u_core.$ternary$../picorv32.v:1351$4223_Y.
Removed top 1 bits (of 33) from wire picorv32_baseline_c_ksa_wrapper.u_core.u_alu_add_ksa.carry.
Removed top 7 bits (of 32) from wire picorv32_baseline_c_ksa_wrapper.u_core.u_alu_add_ksa.g_stage[0].
Removed top 1 bits (of 32) from wire picorv32_baseline_c_ksa_wrapper.u_core.u_alu_add_ksa.g_stage[1].
Removed top 9 bits (of 32) from wire picorv32_baseline_c_ksa_wrapper.u_core.u_alu_add_ksa.g_stage[2].
Removed top 1 bits (of 32) from wire picorv32_baseline_c_ksa_wrapper.u_core.u_alu_add_ksa.g_stage[3].
Removed top 5 bits (of 32) from wire picorv32_baseline_c_ksa_wrapper.u_core.u_alu_add_ksa.g_stage[4].
Removed top 2 bits (of 32) from wire picorv32_baseline_c_ksa_wrapper.u_core.u_alu_add_ksa.p_stage[1].
Removed top 4 bits (of 32) from wire picorv32_baseline_c_ksa_wrapper.u_core.u_alu_add_ksa.p_stage[2].
Removed top 16 bits (of 32) from wire picorv32_baseline_c_ksa_wrapper.u_core.u_alu_add_ksa.p_stage[3].
Removed top 4 bits (of 32) from wire picorv32_baseline_c_ksa_wrapper.u_core.u_alu_add_ksa.p_stage[4].
Removed top 31 bits (of 32) from wire picorv32_baseline_c_ksa_wrapper.u_core.u_alu_add_ksa.p_stage[5].
Removed top 1 bits (of 33) from wire picorv32_baseline_c_ksa_wrapper.u_core.u_alu_sub_ksa.carry.
Removed top 8 bits (of 32) from wire picorv32_baseline_c_ksa_wrapper.u_core.u_alu_sub_ksa.g_stage[0].
Removed top 2 bits (of 32) from wire picorv32_baseline_c_ksa_wrapper.u_core.u_alu_sub_ksa.g_stage[1].
Removed top 3 bits (of 32) from wire picorv32_baseline_c_ksa_wrapper.u_core.u_alu_sub_ksa.g_stage[2].
Removed top 1 bits (of 32) from wire picorv32_baseline_c_ksa_wrapper.u_core.u_alu_sub_ksa.g_stage[3].
Removed top 5 bits (of 32) from wire picorv32_baseline_c_ksa_wrapper.u_core.u_alu_sub_ksa.g_stage[4].
Removed top 1 bits (of 32) from wire picorv32_baseline_c_ksa_wrapper.u_core.u_alu_sub_ksa.g_stage[5].
Removed top 6 bits (of 32) from wire picorv32_baseline_c_ksa_wrapper.u_core.u_alu_sub_ksa.p_stage[1].
Removed top 4 bits (of 32) from wire picorv32_baseline_c_ksa_wrapper.u_core.u_alu_sub_ksa.p_stage[2].
Removed top 16 bits (of 32) from wire picorv32_baseline_c_ksa_wrapper.u_core.u_alu_sub_ksa.p_stage[3].
Removed top 8 bits (of 32) from wire picorv32_baseline_c_ksa_wrapper.u_core.u_alu_sub_ksa.p_stage[4].
Removed top 4 bits (of 32) from wire picorv32_baseline_c_ksa_wrapper.u_core.u_alu_sub_ksa.p_stage[5].

6.12. Executing PEEPOPT pass (run peephole optimizers).

6.13. Executing OPT_CLEAN pass (remove unused cells and wires).
Finding unused cells or wires in module \picorv32_baseline_c_ksa_wrapper..
Removed 6 unused cells and 33 unused wires.
<suppressed ~7 debug messages>

6.14. Executing SHARE pass (SAT-based resource sharing).
Found 4 cells in module picorv32_baseline_c_ksa_wrapper that may be considered for resource sharing.
  Analyzing resource sharing options for $techmap\u_core.$sshr$../picorv32.v:1279$4435 ($sshr):
    Found 1 activation_patterns using ctrl signal $techmap\u_core.$logic_and$../picorv32.v:1316$4214_Y.
    No candidates found.
  Analyzing resource sharing options for $techmap\u_core.$shl$../picorv32.v:1278$4432 ($shl):
    Found 1 activation_patterns using ctrl signal $techmap\u_core.$logic_and$../picorv32.v:1314$4210_Y.
    No candidates found.
  Analyzing resource sharing options for $techmap\u_core.$memrd$\cpuregs$../picorv32.v:1387$4243 ($memrd):
    Found 4 activation_patterns using ctrl signal { $auto$opt_reduce.cc:132:opt_mux$10187 \u_core.is_lui_auipc_jal $techmap\u_core.$procmux$7948_CTRL $techmap\u_core.$procmux$7369_CMP $techmap\u_core.$procmux$7368_CMP $techmap\u_core.$reduce_bool$../picorv32.v:1387$4244_Y \resetn }.
    Found 1 candidates: $techmap\u_core.$memrd$\cpuregs$../picorv32.v:1386$4240
    Analyzing resource sharing with $techmap\u_core.$memrd$\cpuregs$../picorv32.v:1386$4240 ($memrd):
      Found 1 activation_patterns using ctrl signal { $auto$opt_reduce.cc:132:opt_mux$10185 \u_core.is_lui_auipc_jal $techmap\u_core.$procmux$7369_CMP $techmap\u_core.$reduce_bool$../picorv32.v:1386$4241_Y \resetn }.
      Activation pattern for cell $techmap\u_core.$memrd$\cpuregs$../picorv32.v:1387$4243: { $auto$opt_reduce.cc:132:opt_mux$10187 \u_core.is_lui_auipc_jal $techmap\u_core.$procmux$7948_CTRL $techmap\u_core.$procmux$7369_CMP $techmap\u_core.$reduce_bool$../picorv32.v:1387$4244_Y \resetn } = 6'000111
      Activation pattern for cell $techmap\u_core.$memrd$\cpuregs$../picorv32.v:1387$4243: { $techmap\u_core.$procmux$7368_CMP $techmap\u_core.$reduce_bool$../picorv32.v:1387$4244_Y \resetn } = 3'111
      Activation pattern for cell $techmap\u_core.$memrd$\cpuregs$../picorv32.v:1387$4243: { $techmap\u_core.$procmux$7369_CMP $techmap\u_core.$reduce_bool$../picorv32.v:1387$4244_Y } = 2'11
      Activation pattern for cell $techmap\u_core.$memrd$\cpuregs$../picorv32.v:1387$4243: { $techmap\u_core.$procmux$7368_CMP $techmap\u_core.$reduce_bool$../picorv32.v:1387$4244_Y } = 2'11
      Activation pattern for cell $techmap\u_core.$memrd$\cpuregs$../picorv32.v:1386$4240: { $auto$opt_reduce.cc:132:opt_mux$10185 \u_core.is_lui_auipc_jal $techmap\u_core.$procmux$7369_CMP $techmap\u_core.$reduce_bool$../picorv32.v:1386$4241_Y \resetn } = 5'00111
      Adding exclusive control bits: \u_core.instr_rdinstrh vs. \u_core.instr_rdinstr
      Adding exclusive control bits: \u_core.instr_rdinstrh vs. \u_core.instr_rdcycleh
      Adding exclusive control bits: \u_core.instr_rdinstrh vs. \u_core.instr_rdcycle
      Adding exclusive control bits: \u_core.instr_rdinstr vs. \u_core.instr_rdcycleh
      Adding exclusive control bits: \u_core.instr_rdinstr vs. \u_core.instr_rdcycle
      Adding exclusive control bits: \u_core.instr_rdcycleh vs. \u_core.instr_rdcycle
      Adding exclusive control bits: $techmap\u_core.$procmux$7368_CMP vs. $techmap\u_core.$procmux$7369_CMP
      Adding exclusive control bits: $techmap\u_core.$procmux$7368_CMP vs. $techmap\u_core.$procmux$7369_CMP
      Adding exclusive control bits: $techmap\u_core.$logic_and$../picorv32.v:1730$4333_Y vs. \u_core.instr_trap
      Adding exclusive control bits: $techmap\u_core.$procmux$7368_CMP vs. $techmap\u_core.$procmux$7369_CMP
      Adding exclusive control bits: $techmap\u_core.$logic_and$../picorv32.v:1730$4333_Y vs. $auto$opt_reduce.cc:132:opt_mux$10185
      Adding exclusive control bits: \u_core.instr_sw vs. \u_core.instr_sh
      Adding exclusive control bits: \u_core.instr_sw vs. \u_core.instr_sb
      Adding exclusive control bits: \u_core.instr_sh vs. \u_core.instr_sb
      Adding exclusive control bits: $techmap\u_core.$procmux$7368_CMP vs. $techmap\u_core.$procmux$7369_CMP
      Adding exclusive control bits: $techmap\u_core.$procmux$7948_CTRL vs. $auto$opt_reduce.cc:132:opt_mux$10187
      Adding exclusive control bits: $techmap\u_core.$procmux$7948_CTRL vs. \u_core.is_lui_auipc_jal
      Adding exclusive control bits: \u_core.is_lui_auipc_jal vs. $auto$opt_reduce.cc:132:opt_mux$10187
      Adding exclusive control bits: \u_core.is_lui_auipc_jal vs. $auto$opt_reduce.cc:132:opt_mux$10185
      Adding exclusive control bits: \u_core.instr_bgeu vs. \u_core.instr_bge
      Adding exclusive control bits: \u_core.instr_bgeu vs. \u_core.instr_bne
      Adding exclusive control bits: \u_core.instr_bgeu vs. \u_core.instr_beq
      Adding exclusive control bits: \u_core.instr_bge vs. \u_core.instr_bne
      Adding exclusive control bits: \u_core.instr_bge vs. \u_core.instr_beq
      Adding exclusive control bits: \u_core.instr_bne vs. \u_core.instr_beq
      Size of SAT problem: 10 cells, 197 variables, 481 clauses
      According to the SAT solver this pair of cells can not be shared.
      Model from SAT solver: { $auto$opt_reduce.cc:132:opt_mux$10187 $auto$opt_reduce.cc:132:opt_mux$10185 \u_core.is_lui_auipc_jal $techmap\u_core.$procmux$7948_CTRL $techmap\u_core.$procmux$7369_CMP $techmap\u_core.$procmux$7368_CMP $techmap\u_core.$reduce_bool$../picorv32.v:1387$4244_Y $techmap\u_core.$reduce_bool$../picorv32.v:1386$4241_Y \resetn } = 9'000010111
  Analyzing resource sharing options for $techmap\u_core.$memrd$\cpuregs$../picorv32.v:1386$4240 ($memrd):
    Found 1 activation_patterns using ctrl signal { $auto$opt_reduce.cc:132:opt_mux$10185 \u_core.is_lui_auipc_jal $techmap\u_core.$procmux$7369_CMP $techmap\u_core.$reduce_bool$../picorv32.v:1386$4241_Y \resetn }.
    No candidates found.

6.15. Executing TECHMAP pass (map to technology primitives).

6.15.1. Executing Verilog-2005 frontend: /usr/bin/../share/yosys/cmp2lut.v
Parsing Verilog input from `/usr/bin/../share/yosys/cmp2lut.v' to AST representation.
Generating RTLIL representation for module `\_90_lut_cmp_'.
Successfully finished Verilog frontend.

6.15.2. Continuing TECHMAP pass.
Using template $paramod$99e5b0ecd4c7f9fb6cd3a733593eba894c42613f\_90_lut_cmp_ for cells of type $eq.
Using template $paramod$6816abac91a51b405c3de5bceb2855c03dd44485\_90_lut_cmp_ for cells of type $eq.
Using template $paramod$0760830c1e6c196382cd2cb153e9fff2d84c061d\_90_lut_cmp_ for cells of type $eq.
Using template $paramod$169bae89c32dcc6f3626d16cf9f47ceb469145db\_90_lut_cmp_ for cells of type $eq.
Using template $paramod$4cde4291caf5aa85a196975f3624151774a86d78\_90_lut_cmp_ for cells of type $eq.
Using template $paramod$77ad031fce233083715243f95e3cd2547d931e42\_90_lut_cmp_ for cells of type $eq.
Using template $paramod$5b7c8f37cb386acdf3ce7e528c09e6d15eb51b72\_90_lut_cmp_ for cells of type $eq.
Using template $paramod$5652dda64580ddd7861fd245e644fd33eae2e158\_90_lut_cmp_ for cells of type $eq.
Using template $paramod$d31416a5863a8a220e16d7940a75ab70541ab32a\_90_lut_cmp_ for cells of type $eq.
Using template $paramod$d87a48a4cd82717ae6bd57e6fe5ce90d87c44016\_90_lut_cmp_ for cells of type $eq.
No more expansions possible.
<suppressed ~690 debug messages>

6.16. Executing OPT_EXPR pass (perform const folding).
Optimizing module picorv32_baseline_c_ksa_wrapper.

6.17. Executing OPT_CLEAN pass (remove unused cells and wires).
Finding unused cells or wires in module \picorv32_baseline_c_ksa_wrapper..
Removed 0 unused cells and 36 unused wires.
<suppressed ~1 debug messages>

6.18. Executing ICE40_DSP pass (map multipliers).

6.19. Executing ALUMACC pass (create $alu and $macc cells).
Extracting $alu and $macc cells in module picorv32_baseline_c_ksa_wrapper:
  creating $macc model for $techmap\u_core.$add$../picorv32.v:1351$4224 ($add).
  creating $macc model for $techmap\u_core.$add$../picorv32.v:1467$4256 ($add).
  creating $macc model for $techmap\u_core.$add$../picorv32.v:1594$4308 ($add).
  creating $macc model for $techmap\u_core.$add$../picorv32.v:1598$4309 ($add).
  creating $macc model for $techmap\u_core.$add$../picorv32.v:1603$4310 ($add).
  creating $macc model for $techmap\u_core.$add$../picorv32.v:1840$4356 ($add).
  creating $macc model for $techmap\u_core.$add$../picorv32.v:1903$4384 ($add).
  creating $macc model for $techmap\u_core.$sub$../picorv32.v:1876$4373 ($sub).
  creating $macc model for $techmap\u_core.$sub$../picorv32.v:1884$4380 ($sub).
  creating $alu model for $macc $techmap\u_core.$sub$../picorv32.v:1884$4380.
  creating $alu model for $macc $techmap\u_core.$sub$../picorv32.v:1876$4373.
  creating $alu model for $macc $techmap\u_core.$add$../picorv32.v:1903$4384.
  creating $alu model for $macc $techmap\u_core.$add$../picorv32.v:1840$4356.
  creating $alu model for $macc $techmap\u_core.$add$../picorv32.v:1603$4310.
  creating $alu model for $macc $techmap\u_core.$add$../picorv32.v:1598$4309.
  creating $alu model for $macc $techmap\u_core.$add$../picorv32.v:1594$4308.
  creating $alu model for $macc $techmap\u_core.$add$../picorv32.v:1467$4256.
  creating $alu model for $macc $techmap\u_core.$add$../picorv32.v:1351$4224.
  creating $alu model for $techmap\u_core.$ge$../picorv32.v:1869$4365 ($ge): new $alu
  creating $alu model for $techmap\u_core.$lt$../picorv32.v:1276$4430 ($lt): new $alu
  creating $alu model for $techmap\u_core.$lt$../picorv32.v:1277$4431 ($lt): new $alu
  creating $alu model for $techmap\u_core.$eq$../picorv32.v:1275$4429 ($eq): merged with $techmap\u_core.$lt$../picorv32.v:1277$4431.
  creating $alu cell for $techmap\u_core.$lt$../picorv32.v:1277$4431, $techmap\u_core.$eq$../picorv32.v:1275$4429: $auto$alumacc.cc:474:replace_alu$10258
  creating $alu cell for $techmap\u_core.$lt$../picorv32.v:1276$4430: $auto$alumacc.cc:474:replace_alu$10269
  creating $alu cell for $techmap\u_core.$ge$../picorv32.v:1869$4365: $auto$alumacc.cc:474:replace_alu$10282
  creating $alu cell for $techmap\u_core.$add$../picorv32.v:1351$4224: $auto$alumacc.cc:474:replace_alu$10291
  creating $alu cell for $techmap\u_core.$add$../picorv32.v:1467$4256: $auto$alumacc.cc:474:replace_alu$10294
  creating $alu cell for $techmap\u_core.$add$../picorv32.v:1594$4308: $auto$alumacc.cc:474:replace_alu$10297
  creating $alu cell for $techmap\u_core.$add$../picorv32.v:1598$4309: $auto$alumacc.cc:474:replace_alu$10300
  creating $alu cell for $techmap\u_core.$add$../picorv32.v:1603$4310: $auto$alumacc.cc:474:replace_alu$10303
  creating $alu cell for $techmap\u_core.$add$../picorv32.v:1840$4356: $auto$alumacc.cc:474:replace_alu$10306
  creating $alu cell for $techmap\u_core.$add$../picorv32.v:1903$4384: $auto$alumacc.cc:474:replace_alu$10309
  creating $alu cell for $techmap\u_core.$sub$../picorv32.v:1876$4373: $auto$alumacc.cc:474:replace_alu$10312
  creating $alu cell for $techmap\u_core.$sub$../picorv32.v:1884$4380: $auto$alumacc.cc:474:replace_alu$10315
  created 12 $alu and 0 $macc cells.

6.20. Executing OPT pass (performing simple optimizations).

6.20.1. Executing OPT_EXPR pass (perform const folding).
Optimizing module picorv32_baseline_c_ksa_wrapper.
<suppressed ~2 debug messages>

6.20.2. Executing OPT_MERGE pass (detect identical cells).
Finding identical cells in module `\picorv32_baseline_c_ksa_wrapper'.
Removed a total of 0 cells.

6.20.3. Executing OPT_MUXTREE pass (detect dead branches in mux trees).
Running muxtree optimizer on module \picorv32_baseline_c_ksa_wrapper..
  Creating internal representation of mux trees.
  Evaluating internal representation of mux trees.
  Analyzing evaluation results.
Removed 0 multiplexer ports.
<suppressed ~126 debug messages>

6.20.4. Executing OPT_REDUCE pass (consolidate $*mux and $reduce_* inputs).
  Optimizing cells in module \picorv32_baseline_c_ksa_wrapper.
    New input vector for $reduce_and cell $auto$alumacc.cc:64:get_eq$10287: { $auto$alumacc.cc:490:replace_alu$10283 [0] $auto$alumacc.cc:490:replace_alu$10283 [1] $auto$alumacc.cc:490:replace_alu$10283 [2] $auto$alumacc.cc:490:replace_alu$10283 [3] $auto$alumacc.cc:490:replace_alu$10283 [4] }
    New input vector for $reduce_and cell $auto$alumacc.cc:64:get_eq$10261: { $auto$alumacc.cc:490:replace_alu$10259 [0] $auto$alumacc.cc:490:replace_alu$10259 [1] $auto$alumacc.cc:490:replace_alu$10259 [2] $auto$alumacc.cc:490:replace_alu$10259 [3] $auto$alumacc.cc:490:replace_alu$10259 [4] $auto$alumacc.cc:490:replace_alu$10259 [5] $auto$alumacc.cc:490:replace_alu$10259 [6] $auto$alumacc.cc:490:replace_alu$10259 [7] $auto$alumacc.cc:490:replace_alu$10259 [8] $auto$alumacc.cc:490:replace_alu$10259 [9] $auto$alumacc.cc:490:replace_alu$10259 [10] $auto$alumacc.cc:490:replace_alu$10259 [11] $auto$alumacc.cc:490:replace_alu$10259 [12] $auto$alumacc.cc:490:replace_alu$10259 [13] $auto$alumacc.cc:490:replace_alu$10259 [14] $auto$alumacc.cc:490:replace_alu$10259 [15] $auto$alumacc.cc:490:replace_alu$10259 [16] $auto$alumacc.cc:490:replace_alu$10259 [17] $auto$alumacc.cc:490:replace_alu$10259 [18] $auto$alumacc.cc:490:replace_alu$10259 [19] $auto$alumacc.cc:490:replace_alu$10259 [20] $auto$alumacc.cc:490:replace_alu$10259 [21] $auto$alumacc.cc:490:replace_alu$10259 [22] $auto$alumacc.cc:490:replace_alu$10259 [23] $auto$alumacc.cc:490:replace_alu$10259 [24] $auto$alumacc.cc:490:replace_alu$10259 [25] $auto$alumacc.cc:490:replace_alu$10259 [26] $auto$alumacc.cc:490:replace_alu$10259 [27] $auto$alumacc.cc:490:replace_alu$10259 [28] $auto$alumacc.cc:490:replace_alu$10259 [29] $auto$alumacc.cc:490:replace_alu$10259 [30] $auto$alumacc.cc:490:replace_alu$10259 [31] }
    New input vector for $reduce_and cell $auto$alumacc.cc:64:get_eq$10272: { $auto$alumacc.cc:490:replace_alu$10270 [0] $auto$alumacc.cc:490:replace_alu$10270 [1] $auto$alumacc.cc:490:replace_alu$10270 [2] $auto$alumacc.cc:490:replace_alu$10270 [3] $auto$alumacc.cc:490:replace_alu$10270 [4] $auto$alumacc.cc:490:replace_alu$10270 [5] $auto$alumacc.cc:490:replace_alu$10270 [6] $auto$alumacc.cc:490:replace_alu$10270 [7] $auto$alumacc.cc:490:replace_alu$10270 [8] $auto$alumacc.cc:490:replace_alu$10270 [9] $auto$alumacc.cc:490:replace_alu$10270 [10] $auto$alumacc.cc:490:replace_alu$10270 [11] $auto$alumacc.cc:490:replace_alu$10270 [12] $auto$alumacc.cc:490:replace_alu$10270 [13] $auto$alumacc.cc:490:replace_alu$10270 [14] $auto$alumacc.cc:490:replace_alu$10270 [15] $auto$alumacc.cc:490:replace_alu$10270 [16] $auto$alumacc.cc:490:replace_alu$10270 [17] $auto$alumacc.cc:490:replace_alu$10270 [18] $auto$alumacc.cc:490:replace_alu$10270 [19] $auto$alumacc.cc:490:replace_alu$10270 [20] $auto$alumacc.cc:490:replace_alu$10270 [21] $auto$alumacc.cc:490:replace_alu$10270 [22] $auto$alumacc.cc:490:replace_alu$10270 [23] $auto$alumacc.cc:490:replace_alu$10270 [24] $auto$alumacc.cc:490:replace_alu$10270 [25] $auto$alumacc.cc:490:replace_alu$10270 [26] $auto$alumacc.cc:490:replace_alu$10270 [27] $auto$alumacc.cc:490:replace_alu$10270 [28] $auto$alumacc.cc:490:replace_alu$10270 [29] $auto$alumacc.cc:490:replace_alu$10270 [30] $auto$alumacc.cc:490:replace_alu$10270 [31] }
    New ctrl vector for $pmux cell $techmap\u_core.$procmux$7943: { $auto$opt_reduce.cc:132:opt_mux$10319 $techmap\u_core.$procmux$7668_CMP }
    New ctrl vector for $pmux cell $techmap\u_core.$procmux$9984: $auto$opt_reduce.cc:132:opt_mux$10321
    New input vector for $reduce_or cell $auto$opt_reduce.cc:126:opt_mux$10318: { $techmap\u_core.$procmux$7368_CMP $techmap\u_core.$procmux$7369_CMP }
    New input vector for $reduce_or cell $auto$opt_reduce.cc:126:opt_mux$10320: { $techmap\u_core.$procmux$9975_CMP $techmap\u_core.$eq$../picorv32.v:1957$4398_Y $techmap\u_core.$eq$../picorv32.v:1964$4405_Y }
    New input vector for $reduce_or cell $auto$opt_reduce.cc:126:opt_mux$10320: { $techmap\u_core.$eq$../picorv32.v:1957$4398_Y $techmap\u_core.$eq$../picorv32.v:1964$4405_Y $techmap\u_core.$procmux$9975_CMP }
  Optimizing cells in module \picorv32_baseline_c_ksa_wrapper.
Performed a total of 8 changes.

6.20.5. Executing OPT_MERGE pass (detect identical cells).
Finding identical cells in module `\picorv32_baseline_c_ksa_wrapper'.
Removed a total of 0 cells.

6.20.6. Executing OPT_RMDFF pass (remove dff with constant values).

6.20.7. Executing OPT_CLEAN pass (remove unused cells and wires).
Finding unused cells or wires in module \picorv32_baseline_c_ksa_wrapper..
Removed 1 unused cells and 7 unused wires.
<suppressed ~2 debug messages>

6.20.8. Executing OPT_EXPR pass (perform const folding).
Optimizing module picorv32_baseline_c_ksa_wrapper.

6.20.9. Rerunning OPT passes. (Maybe there is more to do..)

6.20.10. Executing OPT_MUXTREE pass (detect dead branches in mux trees).
Running muxtree optimizer on module \picorv32_baseline_c_ksa_wrapper..
  Creating internal representation of mux trees.
  Evaluating internal representation of mux trees.
  Analyzing evaluation results.
Removed 0 multiplexer ports.
<suppressed ~126 debug messages>

6.20.11. Executing OPT_REDUCE pass (consolidate $*mux and $reduce_* inputs).
  Optimizing cells in module \picorv32_baseline_c_ksa_wrapper.
Performed a total of 0 changes.

6.20.12. Executing OPT_MERGE pass (detect identical cells).
Finding identical cells in module `\picorv32_baseline_c_ksa_wrapper'.
Removed a total of 0 cells.

6.20.13. Executing OPT_RMDFF pass (remove dff with constant values).

6.20.14. Executing OPT_CLEAN pass (remove unused cells and wires).
Finding unused cells or wires in module \picorv32_baseline_c_ksa_wrapper..

6.20.15. Executing OPT_EXPR pass (perform const folding).
Optimizing module picorv32_baseline_c_ksa_wrapper.

6.20.16. Finished OPT passes. (There is nothing left to do.)

6.21. Executing FSM pass (extract and optimize FSM).

6.21.1. Executing FSM_DETECT pass (finding FSMs in design).
Found FSM state register picorv32_baseline_c_ksa_wrapper.u_core.cpu_state.
Not marking picorv32_baseline_c_ksa_wrapper.u_core.mem_state as FSM state register:
    Users of register don't seem to benefit from recoding.
Not marking picorv32_baseline_c_ksa_wrapper.u_core.mem_wordsize as FSM state register:
    Users of register don't seem to benefit from recoding.

6.21.2. Executing FSM_EXTRACT pass (extracting FSM from design).
Extracting FSM `\u_core.cpu_state' from module `\picorv32_baseline_c_ksa_wrapper'.
  found $dff cell for state register: $techmap\u_core.$procdff$10046
  root of input selection tree: $techmap\u_core.$0\cpu_state[7:0]
  found reset state: 8'10000000 (guessed from mux tree)
  found ctrl input: $techmap\u_core.$logic_and$../picorv32.v:1972$4416_Y
  found ctrl input: $techmap\u_core.$logic_and$../picorv32.v:1956$4397_Y
  found ctrl input: \resetn
  found state code: 8'01000000
  found ctrl input: $auto$opt_reduce.cc:132:opt_mux$10199
  found ctrl input: $techmap\u_core.$procmux$7668_CMP
  found ctrl input: $techmap\u_core.$procmux$7407_CMP
  found ctrl input: $techmap\u_core.$procmux$7368_CMP
  found ctrl input: $techmap\u_core.$procmux$7369_CMP
  found ctrl input: $techmap\u_core.$eq$../picorv32.v:1347$4222_Y
  found ctrl input: $techmap\u_core.$logic_or$../picorv32.v:1891$4382_Y
  found ctrl input: $techmap\u_core.$logic_and$../picorv32.v:1906$4386_Y
  found ctrl input: $techmap\u_core.$eq$../picorv32.v:1865$4364_Y
  found ctrl input: \u_core.is_beq_bne_blt_bge_bltu_bgeu
  found ctrl input: \u_core.mem_done
  found ctrl input: \u_core.is_sb_sh_sw
  found state code: 8'00001000
  found state code: 8'00000010
  found ctrl input: $auto$opt_reduce.cc:132:opt_mux$10181
  found ctrl input: $techmap\u_core.$logic_and$../picorv32.v:1730$4333_Y
  found ctrl input: \u_core.is_rdcycle_rdcycleh_rdinstr_rdinstrh
  found ctrl input: \u_core.instr_trap
  found state code: 8'00000001
  found state code: 8'10000000
  found ctrl input: \u_core.decoder_trigger
  found ctrl input: \u_core.instr_jal
  found state code: 8'00100000
  found ctrl input: $techmap\u_core.$logic_and$../picorv32.v:1964$4407_Y
  found ctrl input: $techmap\u_core.$logic_and$../picorv32.v:1957$4400_Y
  found ctrl output: $techmap\u_core.$procmux$7673_CMP
  found ctrl output: $techmap\u_core.$procmux$7668_CMP
  found ctrl output: $techmap\u_core.$procmux$7407_CMP
  found ctrl output: $techmap\u_core.$procmux$7380_CMP
  found ctrl output: $techmap\u_core.$procmux$7369_CMP
  found ctrl output: $techmap\u_core.$procmux$7368_CMP
  found ctrl output: $techmap\u_core.$procmux$7358_CMP
  found ctrl output: $techmap\u_core.$eq$../picorv32.v:1347$4222_Y
  ctrl inputs: { $auto$opt_reduce.cc:132:opt_mux$10199 $auto$opt_reduce.cc:132:opt_mux$10181 \u_core.mem_done \u_core.instr_jal \u_core.instr_trap \u_core.decoder_trigger \u_core.is_sb_sh_sw \u_core.is_beq_bne_blt_bge_bltu_bgeu \u_core.is_rdcycle_rdcycleh_rdinstr_rdinstrh $techmap\u_core.$logic_and$../picorv32.v:1972$4416_Y $techmap\u_core.$logic_and$../picorv32.v:1964$4407_Y $techmap\u_core.$logic_and$../picorv32.v:1957$4400_Y $techmap\u_core.$logic_and$../picorv32.v:1956$4397_Y $techmap\u_core.$logic_and$../picorv32.v:1906$4386_Y $techmap\u_core.$logic_or$../picorv32.v:1891$4382_Y $techmap\u_core.$eq$../picorv32.v:1865$4364_Y $techmap\u_core.$logic_and$../picorv32.v:1730$4333_Y \resetn }
  ctrl outputs: { $techmap\u_core.$procmux$7673_CMP $techmap\u_core.$procmux$7668_CMP $techmap\u_core.$procmux$7407_CMP $techmap\u_core.$procmux$7380_CMP $techmap\u_core.$procmux$7369_CMP $techmap\u_core.$procmux$7368_CMP $techmap\u_core.$procmux$7358_CMP $techmap\u_core.$0\cpu_state[7:0] $techmap\u_core.$eq$../picorv32.v:1347$4222_Y }
  transition: 8'10000000 18'---------0--0----0 -> 8'01000000 16'1000000010000000
  transition: 8'10000000 18'---------0--0----1 -> 8'10000000 16'1000000100000000
  transition: 8'10000000 18'---------0001----0 -> 8'01000000 16'1000000010000000
  transition: 8'10000000 18'---------0001----1 -> 8'10000000 16'1000000100000000
  transition: 8'10000000 18'---------0011----- -> 8'10000000 16'1000000100000000
  transition: 8'10000000 18'---------01-1----- -> 8'10000000 16'1000000100000000
  transition: 8'10000000 18'---------1-------- -> 8'10000000 16'1000000100000000
  transition: 8'01000000 18'---------0--0----0 -> 8'01000000 16'0000000010000001
  transition: 8'01000000 18'-----0---0--0----1 -> 8'01000000 16'0000000010000001
  transition: 8'01000000 18'---0-1---0--0----1 -> 8'00100000 16'0000000001000001
  transition: 8'01000000 18'---1-1---0--0----1 -> 8'01000000 16'0000000010000001
  transition: 8'01000000 18'---------0001----0 -> 8'01000000 16'0000000010000001
  transition: 8'01000000 18'-----0---0001----1 -> 8'01000000 16'0000000010000001
  transition: 8'01000000 18'---0-1---0001----1 -> 8'00100000 16'0000000001000001
  transition: 8'01000000 18'---1-1---0001----1 -> 8'01000000 16'0000000010000001
  transition: 8'01000000 18'---------0011----- -> 8'10000000 16'0000000100000001
  transition: 8'01000000 18'---------01-1----- -> 8'10000000 16'0000000100000001
  transition: 8'01000000 18'---------1-------- -> 8'10000000 16'0000000100000001
  transition: 8'00100000 18'---------0--0----0 -> 8'01000000 16'0000100010000000
  transition: 8'00100000 18'-0--0-0-00--0---01 -> 8'00001000 16'0000100000010000
  transition: 8'00100000 18'-0--0-1-00--0---01 -> 8'00000010 16'0000100000000100
  transition: 8'00100000 18'----1----0--0----1 -> 8'10000000 16'0000100100000000
  transition: 8'00100000 18'--------10--0----1 -> 8'01000000 16'0000100010000000
  transition: 8'00100000 18'---------0--0---11 -> 8'00000001 16'0000100000000010
  transition: 8'00100000 18'-1-------0--0----1 -> 8'00001000 16'0000100000010000
  transition: 8'00100000 18'---------0001----0 -> 8'01000000 16'0000100010000000
  transition: 8'00100000 18'-0--0-0-00001---01 -> 8'00001000 16'0000100000010000
  transition: 8'00100000 18'-0--0-1-00001---01 -> 8'00000010 16'0000100000000100
  transition: 8'00100000 18'----1----0001----1 -> 8'10000000 16'0000100100000000
  transition: 8'00100000 18'--------10001----1 -> 8'01000000 16'0000100010000000
  transition: 8'00100000 18'---------0001---11 -> 8'00000001 16'0000100000000010
  transition: 8'00100000 18'-1-------0001----1 -> 8'00001000 16'0000100000010000
  transition: 8'00100000 18'---------0011----- -> 8'10000000 16'0000100100000000
  transition: 8'00100000 18'---------01-1----- -> 8'10000000 16'0000100100000000
  transition: 8'00100000 18'---------1-------- -> 8'10000000 16'0000100100000000
  transition: 8'00001000 18'---------0--0----0 -> 8'01000000 16'0010000010000000
  transition: 8'00001000 18'-------0-0--0----1 -> 8'01000000 16'0010000010000000
  transition: 8'00001000 18'--0----1-0--0----1 -> 8'00001000 16'0010000000010000
  transition: 8'00001000 18'--1----1-0--0----1 -> 8'01000000 16'0010000010000000
  transition: 8'00001000 18'---------0001----0 -> 8'01000000 16'0010000010000000
  transition: 8'00001000 18'-------0-0001----1 -> 8'01000000 16'0010000010000000
  transition: 8'00001000 18'--0----1-0001----1 -> 8'00001000 16'0010000000010000
  transition: 8'00001000 18'--1----1-0001----1 -> 8'01000000 16'0010000010000000
  transition: 8'00001000 18'---------0011----- -> 8'10000000 16'0010000100000000
  transition: 8'00001000 18'---------01-1----- -> 8'10000000 16'0010000100000000
  transition: 8'00001000 18'---------1-------- -> 8'10000000 16'0010000100000000
  transition: 8'00000010 18'---------0--0----0 -> 8'01000000 16'0001000010000000
  transition: 8'00000010 18'---------0--0-0--1 -> 8'00000010 16'0001000000000100
  transition: 8'00000010 18'---------0--001--1 -> 8'00000010 16'0001000000000100
  transition: 8'00000010 18'---------0--011--1 -> 8'01000000 16'0001000010000000
  transition: 8'00000010 18'---------0001----0 -> 8'01000000 16'0001000010000000
  transition: 8'00000010 18'---------0001-0--1 -> 8'00000010 16'0001000000000100
  transition: 8'00000010 18'---------000101--1 -> 8'00000010 16'0001000000000100
  transition: 8'00000010 18'---------000111--1 -> 8'01000000 16'0001000010000000
  transition: 8'00000010 18'---------0011----- -> 8'10000000 16'0001000100000000
  transition: 8'00000010 18'---------01-1----- -> 8'10000000 16'0001000100000000
  transition: 8'00000010 18'---------1-------- -> 8'10000000 16'0001000100000000
  transition: 8'00000001 18'---------0--0----0 -> 8'01000000 16'0000001010000000
  transition: 8'00000001 18'---------0--0-0--1 -> 8'00000001 16'0000001000000010
  transition: 8'00000001 18'---------0--001--1 -> 8'00000001 16'0000001000000010
  transition: 8'00000001 18'---------0--011--1 -> 8'01000000 16'0000001010000000
  transition: 8'00000001 18'---------0001----0 -> 8'01000000 16'0000001010000000
  transition: 8'00000001 18'---------0001-0--1 -> 8'00000001 16'0000001000000010
  transition: 8'00000001 18'---------000101--1 -> 8'00000001 16'0000001000000010
  transition: 8'00000001 18'---------000111--1 -> 8'01000000 16'0000001010000000
  transition: 8'00000001 18'---------0011----- -> 8'10000000 16'0000001100000000
  transition: 8'00000001 18'---------01-1----- -> 8'10000000 16'0000001100000000
  transition: 8'00000001 18'---------1-------- -> 8'10000000 16'0000001100000000

6.21.3. Executing FSM_OPT pass (simple optimizations of FSMs).
Optimizing FSM `$fsm$\u_core.cpu_state$10322' from module `\picorv32_baseline_c_ksa_wrapper'.
  Removing unused input signal $auto$opt_reduce.cc:132:opt_mux$10199.
  Removing unused input signal $techmap\u_core.$eq$../picorv32.v:1865$4364_Y.

6.21.4. Executing OPT_CLEAN pass (remove unused cells and wires).
Finding unused cells or wires in module \picorv32_baseline_c_ksa_wrapper..
Removed 24 unused cells and 24 unused wires.
<suppressed ~25 debug messages>

6.21.5. Executing FSM_OPT pass (simple optimizations of FSMs).
Optimizing FSM `$fsm$\u_core.cpu_state$10322' from module `\picorv32_baseline_c_ksa_wrapper'.
  Removing unused output signal $techmap\u_core.$0\cpu_state[7:0] [0].
  Removing unused output signal $techmap\u_core.$0\cpu_state[7:0] [1].
  Removing unused output signal $techmap\u_core.$0\cpu_state[7:0] [2].
  Removing unused output signal $techmap\u_core.$0\cpu_state[7:0] [3].
  Removing unused output signal $techmap\u_core.$0\cpu_state[7:0] [4].
  Removing unused output signal $techmap\u_core.$0\cpu_state[7:0] [5].
  Removing unused output signal $techmap\u_core.$0\cpu_state[7:0] [6].
  Removing unused output signal $techmap\u_core.$0\cpu_state[7:0] [7].

6.21.6. Executing FSM_RECODE pass (re-assigning FSM state encoding).
Recoding FSM `$fsm$\u_core.cpu_state$10322' from module `\picorv32_baseline_c_ksa_wrapper' using `auto' encoding:
  mapping auto encoding to `one-hot` for this FSM.
  10000000 -> -----1
  01000000 -> ----1-
  00100000 -> ---1--
  00001000 -> --1---
  00000010 -> -1----
  00000001 -> 1-----

6.21.7. Executing FSM_INFO pass (dumping all available information on FSM cells).

FSM `$fsm$\u_core.cpu_state$10322' from module `\picorv32_baseline_c_ksa_wrapper':
-------------------------------------

  Information on FSM $fsm$\u_core.cpu_state$10322 (\u_core.cpu_state):

  Number of input signals:   16
  Number of output signals:   8
  Number of state bits:       6

  Input signals:
    0: \resetn
    1: $techmap\u_core.$logic_and$../picorv32.v:1730$4333_Y
    2: $techmap\u_core.$logic_or$../picorv32.v:1891$4382_Y
    3: $techmap\u_core.$logic_and$../picorv32.v:1906$4386_Y
    4: $techmap\u_core.$logic_and$../picorv32.v:1956$4397_Y
    5: $techmap\u_core.$logic_and$../picorv32.v:1957$4400_Y
    6: $techmap\u_core.$logic_and$../picorv32.v:1964$4407_Y
    7: $techmap\u_core.$logic_and$../picorv32.v:1972$4416_Y
    8: \u_core.is_rdcycle_rdcycleh_rdinstr_rdinstrh
    9: \u_core.is_beq_bne_blt_bge_bltu_bgeu
   10: \u_core.is_sb_sh_sw
   11: \u_core.decoder_trigger
   12: \u_core.instr_trap
   13: \u_core.instr_jal
   14: \u_core.mem_done
   15: $auto$opt_reduce.cc:132:opt_mux$10181

  Output signals:
    0: $techmap\u_core.$eq$../picorv32.v:1347$4222_Y
    1: $techmap\u_core.$procmux$7358_CMP
    2: $techmap\u_core.$procmux$7368_CMP
    3: $techmap\u_core.$procmux$7369_CMP
    4: $techmap\u_core.$procmux$7380_CMP
    5: $techmap\u_core.$procmux$7407_CMP
    6: $techmap\u_core.$procmux$7668_CMP
    7: $techmap\u_core.$procmux$7673_CMP

  State encoding:
    0:   6'-----1  <RESET STATE>
    1:   6'----1-
    2:   6'---1--
    3:   6'--1---
    4:   6'-1----
    5:   6'1-----

  Transition Table (state_in, ctrl_in, state_out, ctrl_out):
      0:     0 16'--------0--0---1   ->     0 8'10000000
      1:     0 16'--------0001---1   ->     0 8'10000000
      2:     0 16'--------0011----   ->     0 8'10000000
      3:     0 16'--------01-1----   ->     0 8'10000000
      4:     0 16'--------1-------   ->     0 8'10000000
      5:     0 16'--------0--0---0   ->     1 8'10000000
      6:     0 16'--------0001---0   ->     1 8'10000000
      7:     1 16'--------0011----   ->     0 8'00000001
      8:     1 16'--------01-1----   ->     0 8'00000001
      9:     1 16'--------1-------   ->     0 8'00000001
     10:     1 16'--------0--0---0   ->     1 8'00000001
     11:     1 16'--------0001---0   ->     1 8'00000001
     12:     1 16'----0---0--0---1   ->     1 8'00000001
     13:     1 16'--1-1---0--0---1   ->     1 8'00000001
     14:     1 16'----0---0001---1   ->     1 8'00000001
     15:     1 16'--1-1---0001---1   ->     1 8'00000001
     16:     1 16'--0-1---0--0---1   ->     2 8'00000001
     17:     1 16'--0-1---0001---1   ->     2 8'00000001
     18:     2 16'---1----0--0---1   ->     0 8'00001000
     19:     2 16'---1----0001---1   ->     0 8'00001000
     20:     2 16'--------0011----   ->     0 8'00001000
     21:     2 16'--------01-1----   ->     0 8'00001000
     22:     2 16'--------1-------   ->     0 8'00001000
     23:     2 16'--------0--0---0   ->     1 8'00001000
     24:     2 16'--------0001---0   ->     1 8'00001000
     25:     2 16'-------10--0---1   ->     1 8'00001000
     26:     2 16'-------10001---1   ->     1 8'00001000
     27:     2 16'0--0-0-00--0--01   ->     3 8'00001000
     28:     2 16'0--0-0-00001--01   ->     3 8'00001000
     29:     2 16'1-------0--0---1   ->     3 8'00001000
     30:     2 16'1-------0001---1   ->     3 8'00001000
     31:     2 16'0--0-1-00--0--01   ->     4 8'00001000
     32:     2 16'0--0-1-00001--01   ->     4 8'00001000
     33:     2 16'--------0--0--11   ->     5 8'00001000
     34:     2 16'--------0001--11   ->     5 8'00001000
     35:     3 16'--------0011----   ->     0 8'00100000
     36:     3 16'--------01-1----   ->     0 8'00100000
     37:     3 16'--------1-------   ->     0 8'00100000
     38:     3 16'--------0--0---0   ->     1 8'00100000
     39:     3 16'--------0001---0   ->     1 8'00100000
     40:     3 16'------0-0--0---1   ->     1 8'00100000
     41:     3 16'-1----1-0--0---1   ->     1 8'00100000
     42:     3 16'------0-0001---1   ->     1 8'00100000
     43:     3 16'-1----1-0001---1   ->     1 8'00100000
     44:     3 16'-0----1-0--0---1   ->     3 8'00100000
     45:     3 16'-0----1-0001---1   ->     3 8'00100000
     46:     4 16'--------0011----   ->     0 8'00010000
     47:     4 16'--------01-1----   ->     0 8'00010000
     48:     4 16'--------1-------   ->     0 8'00010000
     49:     4 16'--------0--0---0   ->     1 8'00010000
     50:     4 16'--------0001---0   ->     1 8'00010000
     51:     4 16'--------0--011-1   ->     1 8'00010000
     52:     4 16'--------000111-1   ->     1 8'00010000
     53:     4 16'--------0--0-0-1   ->     4 8'00010000
     54:     4 16'--------0001-0-1   ->     4 8'00010000
     55:     4 16'--------0--001-1   ->     4 8'00010000
     56:     4 16'--------000101-1   ->     4 8'00010000
     57:     5 16'--------0011----   ->     0 8'00000010
     58:     5 16'--------01-1----   ->     0 8'00000010
     59:     5 16'--------1-------   ->     0 8'00000010
     60:     5 16'--------0--0---0   ->     1 8'00000010
     61:     5 16'--------0001---0   ->     1 8'00000010
     62:     5 16'--------0--011-1   ->     1 8'00000010
     63:     5 16'--------000111-1   ->     1 8'00000010
     64:     5 16'--------0--0-0-1   ->     5 8'00000010
     65:     5 16'--------0001-0-1   ->     5 8'00000010
     66:     5 16'--------0--001-1   ->     5 8'00000010
     67:     5 16'--------000101-1   ->     5 8'00000010

-------------------------------------

6.21.8. Executing FSM_MAP pass (mapping FSMs to basic logic).
Mapping FSM `$fsm$\u_core.cpu_state$10322' from module `\picorv32_baseline_c_ksa_wrapper'.

6.22. Executing OPT pass (performing simple optimizations).

6.22.1. Executing OPT_EXPR pass (perform const folding).
Optimizing module picorv32_baseline_c_ksa_wrapper.
<suppressed ~4 debug messages>

6.22.2. Executing OPT_MERGE pass (detect identical cells).
Finding identical cells in module `\picorv32_baseline_c_ksa_wrapper'.
<suppressed ~15 debug messages>
Removed a total of 5 cells.

6.22.3. Executing OPT_RMDFF pass (remove dff with constant values).

6.22.4. Executing OPT_CLEAN pass (remove unused cells and wires).
Finding unused cells or wires in module \picorv32_baseline_c_ksa_wrapper..
Removed 0 unused cells and 19 unused wires.
<suppressed ~1 debug messages>

6.22.5. Finished fast OPT passes.

6.23. Executing MEMORY pass.

6.23.1. Executing MEMORY_DFF pass (merging $dff cells to $memrd and $memwr).
Checking cell `$techmap\u_core.$memwr$\cpuregs$../picorv32.v:1378$4436' in module `\picorv32_baseline_c_ksa_wrapper': merged $dff to cell.
Checking cell `$techmap\u_core.$memrd$\cpuregs$../picorv32.v:1386$4240' in module `\picorv32_baseline_c_ksa_wrapper': merged address $dff to cell.
Checking cell `$techmap\u_core.$memrd$\cpuregs$../picorv32.v:1387$4243' in module `\picorv32_baseline_c_ksa_wrapper': merged address $dff to cell.

6.23.2. Executing OPT_CLEAN pass (remove unused cells and wires).
Finding unused cells or wires in module \picorv32_baseline_c_ksa_wrapper..
Removed 3 unused cells and 3 unused wires.
<suppressed ~4 debug messages>

6.23.3. Executing MEMORY_SHARE pass (consolidating $memrd/$memwr cells).

6.23.4. Executing OPT_CLEAN pass (remove unused cells and wires).
Finding unused cells or wires in module \picorv32_baseline_c_ksa_wrapper..

6.23.5. Executing MEMORY_COLLECT pass (generating $mem cells).
Collecting $memrd, $memwr and $meminit for memory `\u_core.cpuregs' in module `\picorv32_baseline_c_ksa_wrapper':
  $techmap\u_core.$memwr$\cpuregs$../picorv32.v:1378$4436 ($memwr)
  $techmap\u_core.$memrd$\cpuregs$../picorv32.v:1387$4243 ($memrd)
  $techmap\u_core.$memrd$\cpuregs$../picorv32.v:1386$4240 ($memrd)

6.24. Executing OPT_CLEAN pass (remove unused cells and wires).
Finding unused cells or wires in module \picorv32_baseline_c_ksa_wrapper..

6.25. Executing MEMORY_BRAM pass (mapping $mem cells to block memories).
Processing picorv32_baseline_c_ksa_wrapper.u_core.cpuregs:
  Properties: ports=3 bits=1024 rports=2 wports=1 dbits=32 abits=5 words=32
  Checking rule #1 for bram type $__ICE40_RAM4K_M0 (variant 1):
    Bram geometry: abits=8 dbits=16 wports=0 rports=0
    Estimated number of duplicates for more read ports: dups=1
    Metrics for $__ICE40_RAM4K_M0: awaste=224 dwaste=0 bwaste=3584 waste=3584 efficiency=12
    Rule #1 for bram type $__ICE40_RAM4K_M0 (variant 1) accepted.
    Mapping to bram type $__ICE40_RAM4K_M0 (variant 1):
      Write port #0 is in clock domain \clk.
        Mapped to bram port B1.
      Read port #0 is in clock domain \clk.
        Mapped to bram port A1.1.
      Read port #1 is in clock domain \clk.
        Failed to map read port #1.
      Growing more read ports by duplicating bram cells.
      Read port #0 is in clock domain \clk.
        Mapped to bram port A1.1.
      Read port #1 is in clock domain \clk.
        Mapped to bram port A1.2.
      Updated properties: dups=2 waste=7168 efficiency=6
      Storing for later selection.
  Checking rule #2 for bram type $__ICE40_RAM4K_M123 (variant 1):
    Bram geometry: abits=9 dbits=8 wports=0 rports=0
    Estimated number of duplicates for more read ports: dups=1
    Metrics for $__ICE40_RAM4K_M123: awaste=480 dwaste=0 bwaste=3840 waste=3840 efficiency=6
    Rule #2 for bram type $__ICE40_RAM4K_M123 (variant 1) accepted.
    Mapping to bram type $__ICE40_RAM4K_M123 (variant 1):
      Write port #0 is in clock domain \clk.
        Mapped to bram port B1.
      Read port #0 is in clock domain \clk.
        Mapped to bram port A1.1.
      Read port #1 is in clock domain \clk.
        Failed to map read port #1.
      Growing more read ports by duplicating bram cells.
      Read port #0 is in clock domain \clk.
        Mapped to bram port A1.1.
      Read port #1 is in clock domain \clk.
        Mapped to bram port A1.2.
      Updated properties: dups=2 waste=7680 efficiency=3
      Storing for later selection.
  Checking rule #2 for bram type $__ICE40_RAM4K_M123 (variant 2):
    Bram geometry: abits=10 dbits=4 wports=0 rports=0
    Estimated number of duplicates for more read ports: dups=1
    Metrics for $__ICE40_RAM4K_M123: awaste=992 dwaste=0 bwaste=3968 waste=3968 efficiency=3
    Rule #2 for bram type $__ICE40_RAM4K_M123 (variant 2) accepted.
    Mapping to bram type $__ICE40_RAM4K_M123 (variant 2):
      Write port #0 is in clock domain \clk.
        Mapped to bram port B1.
      Read port #0 is in clock domain \clk.
        Mapped to bram port A1.1.
      Read port #1 is in clock domain \clk.
        Failed to map read port #1.
      Growing more read ports by duplicating bram cells.
      Read port #0 is in clock domain \clk.
        Mapped to bram port A1.1.
      Read port #1 is in clock domain \clk.
        Mapped to bram port A1.2.
      Updated properties: dups=2 waste=7936 efficiency=1
    Rule for bram type $__ICE40_RAM4K_M123 rejected: requirement 'min efficiency 2' not met.
    Mapping to bram type $__ICE40_RAM4K_M123 failed.
  Checking rule #2 for bram type $__ICE40_RAM4K_M123 (variant 3):
    Bram geometry: abits=11 dbits=2 wports=0 rports=0
    Estimated number of duplicates for more read ports: dups=1
    Metrics for $__ICE40_RAM4K_M123: awaste=2016 dwaste=0 bwaste=4032 waste=4032 efficiency=1
    Rule #2 for bram type $__ICE40_RAM4K_M123 (variant 3) rejected: requirement 'min efficiency 2' not met.
  Selecting best of 2 rules:
    Efficiency for rule 2.1: efficiency=3, cells=8, acells=1
    Efficiency for rule 1.1: efficiency=6, cells=4, acells=1
    Selected rule 1.1 with efficiency 6.
    Mapping to bram type $__ICE40_RAM4K_M0 (variant 1):
      Write port #0 is in clock domain \clk.
        Mapped to bram port B1.
      Read port #0 is in clock domain \clk.
        Mapped to bram port A1.1.
      Read port #1 is in clock domain \clk.
        Failed to map read port #1.
      Growing more read ports by duplicating bram cells.
      Read port #0 is in clock domain \clk.
        Mapped to bram port A1.1.
      Read port #1 is in clock domain \clk.
        Mapped to bram port A1.2.
      Creating $__ICE40_RAM4K_M0 cell at grid position <0 0 0>: u_core.cpuregs.0.0.0
        Adding extra logic for transparent port A1.1.
      Creating $__ICE40_RAM4K_M0 cell at grid position <0 0 1>: u_core.cpuregs.0.0.1
        Adding extra logic for transparent port A1.2.
      Creating $__ICE40_RAM4K_M0 cell at grid position <1 0 0>: u_core.cpuregs.1.0.0
        Adding extra logic for transparent port A1.1.
      Creating $__ICE40_RAM4K_M0 cell at grid position <1 0 1>: u_core.cpuregs.1.0.1
        Adding extra logic for transparent port A1.2.

6.26. Executing TECHMAP pass (map to technology primitives).

6.26.1. Executing Verilog-2005 frontend: /usr/bin/../share/yosys/ice40/brams_map.v
Parsing Verilog input from `/usr/bin/../share/yosys/ice40/brams_map.v' to AST representation.
Generating RTLIL representation for module `\$__ICE40_RAM4K'.
Generating RTLIL representation for module `\$__ICE40_RAM4K_M0'.
Generating RTLIL representation for module `\$__ICE40_RAM4K_M123'.
Successfully finished Verilog frontend.

6.26.2. Continuing TECHMAP pass.
Using template $paramod\$__ICE40_RAM4K_M0\CLKPOL2=1\CLKPOL3=1 for cells of type $__ICE40_RAM4K_M0.
Using template $paramod$4200c10d2e07b3359d49ca78f8f6d43ec6f7e316\$__ICE40_RAM4K for cells of type $__ICE40_RAM4K.
No more expansions possible.
<suppressed ~48 debug messages>

6.27. Executing ICE40_BRAMINIT pass.

6.28. Executing OPT pass (performing simple optimizations).

6.28.1. Executing OPT_EXPR pass (perform const folding).
Optimizing module picorv32_baseline_c_ksa_wrapper.
<suppressed ~78 debug messages>

6.28.2. Executing OPT_MERGE pass (detect identical cells).
Finding identical cells in module `\picorv32_baseline_c_ksa_wrapper'.
<suppressed ~30 debug messages>
Removed a total of 10 cells.

6.28.3. Executing OPT_RMDFF pass (remove dff with constant values).

6.28.4. Executing OPT_CLEAN pass (remove unused cells and wires).
Finding unused cells or wires in module \picorv32_baseline_c_ksa_wrapper..
Removed 17 unused cells and 143 unused wires.
<suppressed ~21 debug messages>

6.28.5. Finished fast OPT passes.

6.29. Executing MEMORY_MAP pass (converting $mem cells to logic and flip-flops).

6.30. Executing OPT pass (performing simple optimizations).

6.30.1. Executing OPT_EXPR pass (perform const folding).
Optimizing module picorv32_baseline_c_ksa_wrapper.

6.30.2. Executing OPT_MERGE pass (detect identical cells).
Finding identical cells in module `\picorv32_baseline_c_ksa_wrapper'.
Removed a total of 0 cells.

6.30.3. Executing OPT_MUXTREE pass (detect dead branches in mux trees).
Running muxtree optimizer on module \picorv32_baseline_c_ksa_wrapper..
  Creating internal representation of mux trees.
  Evaluating internal representation of mux trees.
  Analyzing evaluation results.
    dead port 2/4 on $pmux $techmap\u_core.$procmux$7888.
    dead port 1/2 on $mux $techmap\u_core.$procmux$8405.
    dead port 2/2 on $mux $techmap\u_core.$procmux$8405.
    dead port 1/5 on $pmux $techmap\u_core.$procmux$8407.
    dead port 2/5 on $pmux $techmap\u_core.$procmux$8407.
    dead port 1/3 on $pmux $techmap\u_core.$procmux$8611.
    dead port 3/5 on $pmux $techmap\u_core.$procmux$8637.
    dead port 1/3 on $pmux $techmap\u_core.$procmux$8646.
    dead port 2/3 on $pmux $techmap\u_core.$procmux$8646.
    dead port 3/3 on $pmux $techmap\u_core.$procmux$8646.
    dead port 1/3 on $pmux $techmap\u_core.$procmux$8651.
    dead port 2/3 on $pmux $techmap\u_core.$procmux$8651.
    dead port 3/3 on $pmux $techmap\u_core.$procmux$8651.
    dead port 1/2 on $mux $techmap\u_core.$procmux$8655.
    dead port 2/2 on $mux $techmap\u_core.$procmux$8655.
    dead port 1/2 on $mux $techmap\u_core.$procmux$8658.
    dead port 2/2 on $mux $techmap\u_core.$procmux$8658.
Removed 17 multiplexer ports.
<suppressed ~120 debug messages>

6.30.4. Executing OPT_REDUCE pass (consolidate $*mux and $reduce_* inputs).
  Optimizing cells in module \picorv32_baseline_c_ksa_wrapper.
    New input vector for $reduce_or cell $auto$opt_reduce.cc:126:opt_mux$10174: { \u_core.cpu_state [0] \u_core.cpu_state [1] \u_core.cpu_state [2] \u_core.cpu_state [4] \u_core.cpu_state [5] }
    New input vector for $reduce_or cell $auto$opt_reduce.cc:126:opt_mux$10170: { \u_core.cpu_state [0] \u_core.cpu_state [1] \u_core.cpu_state [2] \u_core.cpu_state [3] \u_core.cpu_state [5] }
    New input vector for $reduce_or cell $auto$fsm_map.cc:144:implement_pattern_cache$10499: { $auto$fsm_map.cc:118:implement_pattern_cache$10477 $auto$fsm_map.cc:118:implement_pattern_cache$10481 $auto$fsm_map.cc:118:implement_pattern_cache$10485 $auto$fsm_map.cc:118:implement_pattern_cache$10489 $auto$fsm_map.cc:118:implement_pattern_cache$10493 $auto$fsm_map.cc:118:implement_pattern_cache$10497 }
    New input vector for $reduce_or cell $auto$fsm_map.cc:144:implement_pattern_cache$10474: { $auto$fsm_map.cc:118:implement_pattern_cache$10472 $auto$fsm_map.cc:118:implement_pattern_cache$10460 $auto$fsm_map.cc:118:implement_pattern_cache$10464 $auto$fsm_map.cc:118:implement_pattern_cache$10456 $auto$fsm_map.cc:118:implement_pattern_cache$10452 $auto$fsm_map.cc:118:implement_pattern_cache$10468 }
    New input vector for $reduce_or cell $auto$fsm_map.cc:144:implement_pattern_cache$10449: { $auto$fsm_map.cc:118:implement_pattern_cache$10439 $auto$fsm_map.cc:118:implement_pattern_cache$10431 $auto$fsm_map.cc:118:implement_pattern_cache$10435 $auto$fsm_map.cc:118:implement_pattern_cache$10447 $auto$fsm_map.cc:118:implement_pattern_cache$10427 $auto$fsm_map.cc:118:implement_pattern_cache$10443 }
    New input vector for $reduce_or cell $auto$fsm_map.cc:144:implement_pattern_cache$10415: { $auto$fsm_map.cc:118:implement_pattern_cache$10393 $auto$fsm_map.cc:118:implement_pattern_cache$10397 $auto$fsm_map.cc:118:implement_pattern_cache$10385 $auto$fsm_map.cc:118:implement_pattern_cache$10413 $auto$fsm_map.cc:118:implement_pattern_cache$10409 $auto$fsm_map.cc:118:implement_pattern_cache$10381 $auto$fsm_map.cc:118:implement_pattern_cache$10389 $auto$fsm_map.cc:118:implement_pattern_cache$10401 $auto$fsm_map.cc:118:implement_pattern_cache$10377 $auto$fsm_map.cc:118:implement_pattern_cache$10373 $auto$fsm_map.cc:118:implement_pattern_cache$10367 $auto$fsm_map.cc:118:implement_pattern_cache$10405 $auto$fsm_map.cc:74:implement_pattern_cache$10361 $auto$fsm_map.cc:74:implement_pattern_cache$10359 }
    New input vector for $reduce_or cell $auto$fsm_map.cc:144:implement_pattern_cache$10358: { $auto$fsm_map.cc:118:implement_pattern_cache$10346 $auto$fsm_map.cc:118:implement_pattern_cache$10350 $auto$fsm_map.cc:74:implement_pattern_cache$10352 $auto$fsm_map.cc:74:implement_pattern_cache$10354 $auto$fsm_map.cc:74:implement_pattern_cache$10356 $auto$fsm_map.cc:118:implement_pattern_cache$10342 $auto$fsm_map.cc:118:implement_pattern_cache$10338 }
    New input vector for $reduce_or cell $auto$fsm_map.cc:105:implement_pattern_cache$10372: { \u_core.cpu_state [4] \u_core.cpu_state [5] }
    Consolidated identical input bits for $mux cell $auto$memory_bram.cc:938:replace_cell$10592:
      Old ports: A=16'0000000000000000, B={ $auto$memory_bram.cc:837:replace_cell$10505 [15] $auto$memory_bram.cc:837:replace_cell$10505 [15] $auto$memory_bram.cc:837:replace_cell$10505 [15] $auto$memory_bram.cc:837:replace_cell$10505 [15] $auto$memory_bram.cc:837:replace_cell$10505 [15] $auto$memory_bram.cc:837:replace_cell$10505 [15] $auto$memory_bram.cc:837:replace_cell$10505 [15] $auto$memory_bram.cc:837:replace_cell$10505 [15] $auto$memory_bram.cc:837:replace_cell$10505 [15] $auto$memory_bram.cc:837:replace_cell$10505 [15] $auto$memory_bram.cc:837:replace_cell$10505 [15] $auto$memory_bram.cc:837:replace_cell$10505 [15] $auto$memory_bram.cc:837:replace_cell$10505 [15] $auto$memory_bram.cc:837:replace_cell$10505 [15] $auto$memory_bram.cc:837:replace_cell$10505 [15] $auto$memory_bram.cc:837:replace_cell$10505 [15] }, Y=$auto$rtlil.cc:1906:Mux$10510
      New ports: A=1'0, B=$auto$memory_bram.cc:837:replace_cell$10505 [15], Y=$auto$rtlil.cc:1906:Mux$10510 [0]
      New connections: $auto$rtlil.cc:1906:Mux$10510 [15:1] = { $auto$rtlil.cc:1906:Mux$10510 [0] $auto$rtlil.cc:1906:Mux$10510 [0] $auto$rtlil.cc:1906:Mux$10510 [0] $auto$rtlil.cc:1906:Mux$10510 [0] $auto$rtlil.cc:1906:Mux$10510 [0] $auto$rtlil.cc:1906:Mux$10510 [0] $auto$rtlil.cc:1906:Mux$10510 [0] $auto$rtlil.cc:1906:Mux$10510 [0] $auto$rtlil.cc:1906:Mux$10510 [0] $auto$rtlil.cc:1906:Mux$10510 [0] $auto$rtlil.cc:1906:Mux$10510 [0] $auto$rtlil.cc:1906:Mux$10510 [0] $auto$rtlil.cc:1906:Mux$10510 [0] $auto$rtlil.cc:1906:Mux$10510 [0] $auto$rtlil.cc:1906:Mux$10510 [0] }
    Consolidated identical input bits for $mux cell $auto$memory_bram.cc:938:replace_cell$10631:
      Old ports: A=16'0000000000000000, B={ $auto$memory_bram.cc:837:replace_cell$10505 [15] $auto$memory_bram.cc:837:replace_cell$10505 [15] $auto$memory_bram.cc:837:replace_cell$10505 [15] $auto$memory_bram.cc:837:replace_cell$10505 [15] $auto$memory_bram.cc:837:replace_cell$10505 [15] $auto$memory_bram.cc:837:replace_cell$10505 [15] $auto$memory_bram.cc:837:replace_cell$10505 [15] $auto$memory_bram.cc:837:replace_cell$10505 [15] $auto$memory_bram.cc:837:replace_cell$10505 [15] $auto$memory_bram.cc:837:replace_cell$10505 [15] $auto$memory_bram.cc:837:replace_cell$10505 [15] $auto$memory_bram.cc:837:replace_cell$10505 [15] $auto$memory_bram.cc:837:replace_cell$10505 [15] $auto$memory_bram.cc:837:replace_cell$10505 [15] $auto$memory_bram.cc:837:replace_cell$10505 [15] $auto$memory_bram.cc:837:replace_cell$10505 [15] }, Y=$auto$rtlil.cc:1906:Mux$10549
      New ports: A=1'0, B=$auto$memory_bram.cc:837:replace_cell$10505 [15], Y=$auto$rtlil.cc:1906:Mux$10549 [0]
      New connections: $auto$rtlil.cc:1906:Mux$10549 [15:1] = { $auto$rtlil.cc:1906:Mux$10549 [0] $auto$rtlil.cc:1906:Mux$10549 [0] $auto$rtlil.cc:1906:Mux$10549 [0] $auto$rtlil.cc:1906:Mux$10549 [0] $auto$rtlil.cc:1906:Mux$10549 [0] $auto$rtlil.cc:1906:Mux$10549 [0] $auto$rtlil.cc:1906:Mux$10549 [0] $auto$rtlil.cc:1906:Mux$10549 [0] $auto$rtlil.cc:1906:Mux$10549 [0] $auto$rtlil.cc:1906:Mux$10549 [0] $auto$rtlil.cc:1906:Mux$10549 [0] $auto$rtlil.cc:1906:Mux$10549 [0] $auto$rtlil.cc:1906:Mux$10549 [0] $auto$rtlil.cc:1906:Mux$10549 [0] $auto$rtlil.cc:1906:Mux$10549 [0] }
    Consolidated identical input bits for $pmux cell $techmap\u_core.$procmux$7880:
      Old ports: A=0, B=64'0000000000000000000000000000000000000000000000000000000000000000, Y=$techmap\u_core.$procmux$7880_Y
      New ports: A={ }, B={ }, Y={ }
      New connections: $techmap\u_core.$procmux$7880_Y = 0
    New ctrl vector for $pmux cell $techmap\u_core.$procmux$7880: { }
    Consolidated identical input bits for $pmux cell $techmap\u_core.$procmux$9994:
      Old ports: A=\u_core.reg_op2, B={ \u_core.reg_op2 [15:0] \u_core.reg_op2 [15:0] \u_core.reg_op2 [7:0] \u_core.reg_op2 [7:0] \u_core.reg_op2 [7:0] \u_core.reg_op2 [7:0] }, Y=\u_core.mem_la_wdata
      New ports: A=\u_core.reg_op2 [31:8], B={ \u_core.reg_op2 [15:0] \u_core.reg_op2 [15:0] \u_core.reg_op2 [7:0] \u_core.reg_op2 [7:0] }, Y=\u_core.mem_la_wdata [31:8]
      New connections: \u_core.mem_la_wdata [7:0] = \u_core.reg_op2 [7:0]
    Consolidated identical input bits for $mux cell $techmap\u_core.$ternary$../picorv32.v:1351$4223:
      Old ports: A=3'100, B=3'010, Y=$auto$wreduce.cc:455:run$10209 [2:0]
      New ports: A=2'10, B=2'01, Y=$auto$wreduce.cc:455:run$10209 [2:1]
      New connections: $auto$wreduce.cc:455:run$10209 [0] = 1'0
    Consolidated identical input bits for $mux cell $techmap\u_core.$ternary$../picorv32.v:383$3828:
      Old ports: A={ \u_core.reg_op1 [31:2] 2'00 }, B={ \u_core.next_pc [31:2] 2'00 }, Y=\u_core.mem_la_addr
      New ports: A=\u_core.reg_op1 [31:2], B=\u_core.next_pc [31:2], Y=\u_core.mem_la_addr [31:2]
      New connections: \u_core.mem_la_addr [1:0] = 2'00
    Consolidated identical input bits for $mux cell $techmap\u_core.$ternary$../picorv32.v:412$3843:
      Old ports: A=4'0011, B=4'1100, Y=$techmap\u_core.$ternary$../picorv32.v:412$3843_Y
      New ports: A=2'01, B=2'10, Y={ $techmap\u_core.$ternary$../picorv32.v:412$3843_Y [2] $techmap\u_core.$ternary$../picorv32.v:412$3843_Y [0] }
      New connections: { $techmap\u_core.$ternary$../picorv32.v:412$3843_Y [3] $techmap\u_core.$ternary$../picorv32.v:412$3843_Y [1] } = { $techmap\u_core.$ternary$../picorv32.v:412$3843_Y [2] $techmap\u_core.$ternary$../picorv32.v:412$3843_Y [0] }
    Consolidated identical input bits for $mux cell $techmap\u_core.$ternary$../picorv32.v:618$3905:
      Old ports: A=2'11, B=2'00, Y=$techmap\u_core.$procmux$9681_Y
      New ports: A=1'1, B=1'0, Y=$techmap\u_core.$procmux$9681_Y [0]
      New connections: $techmap\u_core.$procmux$9681_Y [1] = $techmap\u_core.$procmux$9681_Y [0]
  Optimizing cells in module \picorv32_baseline_c_ksa_wrapper.
Performed a total of 17 changes.

6.30.5. Executing OPT_MERGE pass (detect identical cells).
Finding identical cells in module `\picorv32_baseline_c_ksa_wrapper'.
Removed a total of 0 cells.

6.30.6. Executing OPT_RMDFF pass (remove dff with constant values).

6.30.7. Executing OPT_CLEAN pass (remove unused cells and wires).
Finding unused cells or wires in module \picorv32_baseline_c_ksa_wrapper..
Removed 16 unused cells and 24 unused wires.
<suppressed ~20 debug messages>

6.30.8. Executing OPT_EXPR pass (perform const folding).
Optimizing module picorv32_baseline_c_ksa_wrapper.

6.30.9. Rerunning OPT passes. (Maybe there is more to do..)

6.30.10. Executing OPT_MUXTREE pass (detect dead branches in mux trees).
Running muxtree optimizer on module \picorv32_baseline_c_ksa_wrapper..
  Creating internal representation of mux trees.
  Evaluating internal representation of mux trees.
  Analyzing evaluation results.
Removed 0 multiplexer ports.
<suppressed ~116 debug messages>

6.30.11. Executing OPT_REDUCE pass (consolidate $*mux and $reduce_* inputs).
  Optimizing cells in module \picorv32_baseline_c_ksa_wrapper.
Performed a total of 0 changes.

6.30.12. Executing OPT_MERGE pass (detect identical cells).
Finding identical cells in module `\picorv32_baseline_c_ksa_wrapper'.
Removed a total of 0 cells.

6.30.13. Executing OPT_RMDFF pass (remove dff with constant values).

6.30.14. Executing OPT_CLEAN pass (remove unused cells and wires).
Finding unused cells or wires in module \picorv32_baseline_c_ksa_wrapper..

6.30.15. Executing OPT_EXPR pass (perform const folding).
Optimizing module picorv32_baseline_c_ksa_wrapper.

6.30.16. Finished OPT passes. (There is nothing left to do.)

6.31. Executing TECHMAP pass (map to technology primitives).

6.31.1. Executing Verilog-2005 frontend: /usr/bin/../share/yosys/techmap.v
Parsing Verilog input from `/usr/bin/../share/yosys/techmap.v' to AST representation.
Generating RTLIL representation for module `\_90_simplemap_bool_ops'.
Generating RTLIL representation for module `\_90_simplemap_reduce_ops'.
Generating RTLIL representation for module `\_90_simplemap_logic_ops'.
Generating RTLIL representation for module `\_90_simplemap_compare_ops'.
Generating RTLIL representation for module `\_90_simplemap_various'.
Generating RTLIL representation for module `\_90_simplemap_registers'.
Generating RTLIL representation for module `\_90_shift_ops_shr_shl_sshl_sshr'.
Generating RTLIL representation for module `\_90_shift_shiftx'.
Generating RTLIL representation for module `\_90_fa'.
Generating RTLIL representation for module `\_90_lcu'.
Generating RTLIL representation for module `\_90_alu'.
Generating RTLIL representation for module `\_90_macc'.
Generating RTLIL representation for module `\_90_alumacc'.
Generating RTLIL representation for module `\$__div_mod_u'.
Generating RTLIL representation for module `\$__div_mod'.
Generating RTLIL representation for module `\_90_div'.
Generating RTLIL representation for module `\_90_mod'.
Generating RTLIL representation for module `\_90_pow'.
Generating RTLIL representation for module `\_90_pmux'.
Generating RTLIL representation for module `\_90_lut'.
Successfully finished Verilog frontend.

6.31.2. Executing Verilog-2005 frontend: /usr/bin/../share/yosys/ice40/arith_map.v
Parsing Verilog input from `/usr/bin/../share/yosys/ice40/arith_map.v' to AST representation.
Generating RTLIL representation for module `\_80_ice40_alu'.
Successfully finished Verilog frontend.

6.31.3. Continuing TECHMAP pass.
Using extmapper simplemap for cells of type $dff.
Using extmapper simplemap for cells of type $eq.
Using extmapper simplemap for cells of type $mux.
Using extmapper simplemap for cells of type $and.
Using extmapper simplemap for cells of type $lut.
Using template $paramod\_80_ice40_alu\A_SIGNED=1\B_SIGNED=1\A_WIDTH=32\B_WIDTH=32\Y_WIDTH=32 for cells of type $alu.
Using extmapper simplemap for cells of type $not.
Using template $paramod\_80_ice40_alu\A_SIGNED=0\B_SIGNED=0\A_WIDTH=32\B_WIDTH=32\Y_WIDTH=32 for cells of type $alu.
Using extmapper simplemap for cells of type $reduce_or.
Using template $paramod\_80_ice40_alu\A_SIGNED=0\B_SIGNED=0\A_WIDTH=1\B_WIDTH=64\Y_WIDTH=64 for cells of type $alu.
Using extmapper simplemap for cells of type $or.
Using template $paramod\_80_ice40_alu\A_SIGNED=0\B_SIGNED=0\A_WIDTH=3\B_WIDTH=32\Y_WIDTH=32 for cells of type $alu.
Using extmapper simplemap for cells of type $reduce_and.
Using extmapper simplemap for cells of type $xor.
Using template $paramod\_90_pmux\WIDTH=24\S_WIDTH=2 for cells of type $pmux.
Using template $paramod$constmap:66d421c313e4e958be776b99540ac2de3b59fdbc$paramod$9b74a473ccd678a23e1df4cc12019cbbece20051\_90_shift_ops_shr_shl_sshl_sshr for cells of type $shl.
Using template $paramod\_90_pmux\WIDTH=4\S_WIDTH=2 for cells of type $pmux.
Using template $paramod\_90_pmux\WIDTH=1\S_WIDTH=2 for cells of type $pmux.
Using template $paramod\_90_pmux\WIDTH=2\S_WIDTH=4 for cells of type $pmux.
Using template $paramod\_90_pmux\WIDTH=32\S_WIDTH=5 for cells of type $pmux.
Using template $paramod\_90_pmux\WIDTH=1\S_WIDTH=5 for cells of type $pmux.
Using template $paramod$constmap:87f69c0bea22f84de4bcd0314b57cb19e61b5eb7$paramod$88abf4b792300efa328894e6936be740fdc22f6d\_90_shift_ops_shr_shl_sshl_sshr for cells of type $sshr.
Using template $paramod$constmap:4621fcf06a436d1e2a4080e2ed9866a7d07a6e07$paramod$887c9fe2c55be14c90171bd2ff359c086a0858d7\_90_shift_ops_shr_shl_sshl_sshr for cells of type $shl.
Using template $paramod\_90_pmux\WIDTH=32\S_WIDTH=6 for cells of type $pmux.
Using template $paramod\_90_pmux\WIDTH=32\S_WIDTH=3 for cells of type $pmux.
Using template $paramod\_90_pmux\WIDTH=32\S_WIDTH=2 for cells of type $pmux.
Using template $paramod\_90_pmux\WIDTH=2\S_WIDTH=2 for cells of type $pmux.
Using template $paramod\_90_pmux\WIDTH=2\S_WIDTH=3 for cells of type $pmux.
Using template $paramod\_90_pmux\WIDTH=1\S_WIDTH=3 for cells of type $pmux.
Using template $paramod\_90_pmux\WIDTH=1\S_WIDTH=4 for cells of type $pmux.
Using template $paramod\_90_pmux\WIDTH=5\S_WIDTH=2 for cells of type $pmux.
Using extmapper simplemap for cells of type $logic_not.
Using extmapper simplemap for cells of type $logic_or.
Using extmapper simplemap for cells of type $logic_and.
Using extmapper simplemap for cells of type $reduce_bool.
Using extmapper simplemap for cells of type $pos.
No more expansions possible.
<suppressed ~3085 debug messages>

6.32. Executing ICE40_OPT pass (performing simple optimizations).

6.32.1. Running ICE40 specific optimizations.

6.32.2. Executing OPT_EXPR pass (perform const folding).
Optimizing module picorv32_baseline_c_ksa_wrapper.
<suppressed ~1047 debug messages>

6.32.3. Executing OPT_MERGE pass (detect identical cells).
Finding identical cells in module `\picorv32_baseline_c_ksa_wrapper'.
<suppressed ~2181 debug messages>
Removed a total of 727 cells.

6.32.4. Executing OPT_RMDFF pass (remove dff with constant values).

6.32.5. Executing OPT_CLEAN pass (remove unused cells and wires).
Finding unused cells or wires in module \picorv32_baseline_c_ksa_wrapper..
Removed 623 unused cells and 1104 unused wires.
<suppressed ~624 debug messages>

6.32.6. Rerunning OPT passes. (Removed registers in this run.)

6.32.7. Running ICE40 specific optimizations.
Optimized away SB_CARRY cell picorv32_baseline_c_ksa_wrapper.$auto$alumacc.cc:474:replace_alu$10291.slice[0].carry: CO=1'0
Optimized away SB_CARRY cell picorv32_baseline_c_ksa_wrapper.$auto$alumacc.cc:474:replace_alu$10294.slice[0].carry: CO=\u_core.count_cycle [0]
Optimized away SB_CARRY cell picorv32_baseline_c_ksa_wrapper.$auto$alumacc.cc:474:replace_alu$10297.slice[0].carry: CO=1'0
Optimized away SB_CARRY cell picorv32_baseline_c_ksa_wrapper.$auto$alumacc.cc:474:replace_alu$10300.slice[0].carry: CO=\u_core.count_instr [0]
Mapping SB_LUT4 cell picorv32_baseline_c_ksa_wrapper.$auto$alumacc.cc:474:replace_alu$10291.slice[1].adder back to logic.
Mapping SB_LUT4 cell picorv32_baseline_c_ksa_wrapper.$auto$alumacc.cc:474:replace_alu$10294.slice[1].adder back to logic.
Mapping SB_LUT4 cell picorv32_baseline_c_ksa_wrapper.$auto$alumacc.cc:474:replace_alu$10297.slice[1].adder back to logic.
Mapping SB_LUT4 cell picorv32_baseline_c_ksa_wrapper.$auto$alumacc.cc:474:replace_alu$10300.slice[1].adder back to logic.

6.32.8. Executing OPT_EXPR pass (perform const folding).
Optimizing module picorv32_baseline_c_ksa_wrapper.
<suppressed ~173 debug messages>

6.32.9. Executing OPT_MERGE pass (detect identical cells).
Finding identical cells in module `\picorv32_baseline_c_ksa_wrapper'.
<suppressed ~3 debug messages>
Removed a total of 1 cells.

6.32.10. Executing OPT_RMDFF pass (remove dff with constant values).

6.32.11. Executing OPT_CLEAN pass (remove unused cells and wires).
Finding unused cells or wires in module \picorv32_baseline_c_ksa_wrapper..
Removed 2 unused cells and 10 unused wires.
<suppressed ~3 debug messages>

6.32.12. Rerunning OPT passes. (Removed registers in this run.)

6.32.13. Running ICE40 specific optimizations.
Optimized away SB_CARRY cell picorv32_baseline_c_ksa_wrapper.$auto$alumacc.cc:474:replace_alu$10297.slice[1].carry: CO=1'0
Mapping SB_LUT4 cell picorv32_baseline_c_ksa_wrapper.$auto$alumacc.cc:474:replace_alu$10297.slice[2].adder back to logic.

6.32.14. Executing OPT_EXPR pass (perform const folding).
Optimizing module picorv32_baseline_c_ksa_wrapper.
<suppressed ~14 debug messages>

6.32.15. Executing OPT_MERGE pass (detect identical cells).
Finding identical cells in module `\picorv32_baseline_c_ksa_wrapper'.
Removed a total of 0 cells.

6.32.16. Executing OPT_RMDFF pass (remove dff with constant values).

6.32.17. Executing OPT_CLEAN pass (remove unused cells and wires).
Finding unused cells or wires in module \picorv32_baseline_c_ksa_wrapper..
Removed 0 unused cells and 3 unused wires.
<suppressed ~1 debug messages>

6.32.18. Rerunning OPT passes. (Removed registers in this run.)

6.32.19. Running ICE40 specific optimizations.
Optimized away SB_CARRY cell picorv32_baseline_c_ksa_wrapper.$auto$alumacc.cc:474:replace_alu$10297.slice[2].carry: CO=$auto$alumacc.cc:474:replace_alu$10297.BB [2]
Mapping SB_LUT4 cell picorv32_baseline_c_ksa_wrapper.$auto$alumacc.cc:474:replace_alu$10297.slice[3].adder back to logic.

6.32.20. Executing OPT_EXPR pass (perform const folding).
Optimizing module picorv32_baseline_c_ksa_wrapper.
<suppressed ~13 debug messages>

6.32.21. Executing OPT_MERGE pass (detect identical cells).
Finding identical cells in module `\picorv32_baseline_c_ksa_wrapper'.
Removed a total of 0 cells.

6.32.22. Executing OPT_RMDFF pass (remove dff with constant values).

6.32.23. Executing OPT_CLEAN pass (remove unused cells and wires).
Finding unused cells or wires in module \picorv32_baseline_c_ksa_wrapper..
Removed 0 unused cells and 2 unused wires.
<suppressed ~1 debug messages>

6.32.24. Rerunning OPT passes. (Removed registers in this run.)

6.32.25. Running ICE40 specific optimizations.

6.32.26. Executing OPT_EXPR pass (perform const folding).
Optimizing module picorv32_baseline_c_ksa_wrapper.

6.32.27. Executing OPT_MERGE pass (detect identical cells).
Finding identical cells in module `\picorv32_baseline_c_ksa_wrapper'.
Removed a total of 0 cells.

6.32.28. Executing OPT_RMDFF pass (remove dff with constant values).

6.32.29. Executing OPT_CLEAN pass (remove unused cells and wires).
Finding unused cells or wires in module \picorv32_baseline_c_ksa_wrapper..

6.32.30. Finished OPT passes. (There is nothing left to do.)

6.33. Executing DFFSR2DFF pass (mapping DFFSR cells to simpler FFs).

6.34. Executing DFF2DFFE pass (transform $dff to $dffe where applicable).
Selected cell types for direct conversion:
  $_DFF_PP1_ -> $__DFFE_PP1
  $_DFF_PP0_ -> $__DFFE_PP0
  $_DFF_PN1_ -> $__DFFE_PN1
  $_DFF_PN0_ -> $__DFFE_PN0
  $_DFF_NP1_ -> $__DFFE_NP1
  $_DFF_NP0_ -> $__DFFE_NP0
  $_DFF_NN1_ -> $__DFFE_NN1
  $_DFF_NN0_ -> $__DFFE_NN0
  $_DFF_N_ -> $_DFFE_NP_
  $_DFF_P_ -> $_DFFE_PP_
Transforming FF to FF+Enable cells in module picorv32_baseline_c_ksa_wrapper:
  converting $_DFF_P_ cell $auto$simplemap.cc:420:simplemap_dff$11212 to $_DFFE_PP_ for $techmap\u_core.$0\mem_wstrb[3:0] [0] -> \u_core.mem_wstrb [0].
  converting $_DFF_P_ cell $auto$simplemap.cc:420:simplemap_dff$11213 to $_DFFE_PP_ for $techmap\u_core.$0\mem_wstrb[3:0] [1] -> \u_core.mem_wstrb [1].
  converting $_DFF_P_ cell $auto$simplemap.cc:420:simplemap_dff$11214 to $_DFFE_PP_ for $techmap\u_core.$0\mem_wstrb[3:0] [2] -> \u_core.mem_wstrb [2].
  converting $_DFF_P_ cell $auto$simplemap.cc:420:simplemap_dff$11215 to $_DFFE_PP_ for $techmap\u_core.$0\mem_wstrb[3:0] [3] -> \u_core.mem_wstrb [3].
  converting $_DFF_P_ cell $auto$simplemap.cc:420:simplemap_dff$11667 to $_DFFE_PP_ for $techmap\u_core.$0\mem_state[1:0] [0] -> \u_core.mem_state [0].
  converting $_DFF_P_ cell $auto$simplemap.cc:420:simplemap_dff$11668 to $_DFFE_PP_ for $techmap\u_core.$0\mem_state[1:0] [1] -> \u_core.mem_state [1].
  converting $_DFF_P_ cell $auto$simplemap.cc:420:simplemap_dff$11669 to $_DFFE_PP_ for $techmap\u_core.$0\mem_wdata[31:0] [0] -> \u_core.mem_wdata [0].
  converting $_DFF_P_ cell $auto$simplemap.cc:420:simplemap_dff$11670 to $_DFFE_PP_ for $techmap\u_core.$0\mem_wdata[31:0] [1] -> \u_core.mem_wdata [1].
  converting $_DFF_P_ cell $auto$simplemap.cc:420:simplemap_dff$11671 to $_DFFE_PP_ for $techmap\u_core.$0\mem_wdata[31:0] [2] -> \u_core.mem_wdata [2].
  converting $_DFF_P_ cell $auto$simplemap.cc:420:simplemap_dff$11672 to $_DFFE_PP_ for $techmap\u_core.$0\mem_wdata[31:0] [3] -> \u_core.mem_wdata [3].
  converting $_DFF_P_ cell $auto$simplemap.cc:420:simplemap_dff$11673 to $_DFFE_PP_ for $techmap\u_core.$0\mem_wdata[31:0] [4] -> \u_core.mem_wdata [4].
  converting $_DFF_P_ cell $auto$simplemap.cc:420:simplemap_dff$11674 to $_DFFE_PP_ for $techmap\u_core.$0\mem_wdata[31:0] [5] -> \u_core.mem_wdata [5].
  converting $_DFF_P_ cell $auto$simplemap.cc:420:simplemap_dff$11675 to $_DFFE_PP_ for $techmap\u_core.$0\mem_wdata[31:0] [6] -> \u_core.mem_wdata [6].
  converting $_DFF_P_ cell $auto$simplemap.cc:420:simplemap_dff$11676 to $_DFFE_PP_ for $techmap\u_core.$0\mem_wdata[31:0] [7] -> \u_core.mem_wdata [7].
  converting $_DFF_P_ cell $auto$simplemap.cc:420:simplemap_dff$11701 to $_DFFE_PP_ for $techmap\u_core.$0\mem_addr[31:0] [0] -> \u_core.mem_addr [0].
  converting $_DFF_P_ cell $auto$simplemap.cc:420:simplemap_dff$11702 to $_DFFE_PP_ for $techmap\u_core.$0\mem_addr[31:0] [1] -> \u_core.mem_addr [1].
  converting $_DFF_P_ cell $auto$simplemap.cc:420:simplemap_dff$11703 to $_DFFE_PP_ for $techmap\u_core.$0\mem_addr[31:0] [2] -> \u_core.mem_addr [2].
  converting $_DFF_P_ cell $auto$simplemap.cc:420:simplemap_dff$11704 to $_DFFE_PP_ for $techmap\u_core.$0\mem_addr[31:0] [3] -> \u_core.mem_addr [3].
  converting $_DFF_P_ cell $auto$simplemap.cc:420:simplemap_dff$11705 to $_DFFE_PP_ for $techmap\u_core.$0\mem_addr[31:0] [4] -> \u_core.mem_addr [4].
  converting $_DFF_P_ cell $auto$simplemap.cc:420:simplemap_dff$11706 to $_DFFE_PP_ for $techmap\u_core.$0\mem_addr[31:0] [5] -> \u_core.mem_addr [5].
  converting $_DFF_P_ cell $auto$simplemap.cc:420:simplemap_dff$11707 to $_DFFE_PP_ for $techmap\u_core.$0\mem_addr[31:0] [6] -> \u_core.mem_addr [6].
  converting $_DFF_P_ cell $auto$simplemap.cc:420:simplemap_dff$11708 to $_DFFE_PP_ for $techmap\u_core.$0\mem_addr[31:0] [7] -> \u_core.mem_addr [7].
  converting $_DFF_P_ cell $auto$simplemap.cc:420:simplemap_dff$11733 to $_DFFE_PP_ for $techmap\u_core.$0\mem_instr[0:0] -> \u_core.mem_instr.
  converting $_DFF_P_ cell $auto$simplemap.cc:420:simplemap_dff$11734 to $_DFFE_PP_ for $techmap\u_core.$0\mem_valid[0:0] -> \u_core.mem_valid.
  converting $_DFF_P_ cell $auto$simplemap.cc:420:simplemap_dff$11736 to $_DFFE_PP_ for $techmap\u_core.$0\is_alu_reg_reg[0:0] -> \u_core.is_alu_reg_reg.
  converting $_DFF_P_ cell $auto$simplemap.cc:420:simplemap_dff$11737 to $_DFFE_PP_ for $techmap\u_core.$0\is_alu_reg_imm[0:0] -> \u_core.is_alu_reg_imm.
  converting $_DFF_P_ cell $auto$simplemap.cc:420:simplemap_dff$11738 to $_DFFE_PP_ for $techmap\u_core.$0\is_beq_bne_blt_bge_bltu_bgeu[0:0] -> \u_core.is_beq_bne_blt_bge_bltu_bgeu.
  converting $_DFF_P_ cell $auto$simplemap.cc:420:simplemap_dff$11741 to $_DFFE_PP_ for $techmap\u_core.$0\is_sb_sh_sw[0:0] -> \u_core.is_sb_sh_sw.
  converting $_DFF_P_ cell $auto$simplemap.cc:420:simplemap_dff$11742 to $_DFFE_PP_ for $techmap\u_core.$0\is_jalr_addi_slti_sltiu_xori_ori_andi[0:0] -> \u_core.is_jalr_addi_slti_sltiu_xori_ori_andi.
  converting $_DFF_P_ cell $auto$simplemap.cc:420:simplemap_dff$11743 to $_DFFE_PP_ for $techmap\u_core.$0\is_slli_srli_srai[0:0] -> \u_core.is_slli_srli_srai.
  converting $_DFF_P_ cell $auto$simplemap.cc:420:simplemap_dff$11744 to $_DFFE_PP_ for $techmap\u_core.$0\is_lb_lh_lw_lbu_lhu[0:0] -> \u_core.is_lb_lh_lw_lbu_lhu.
  converting $_DFF_P_ cell $auto$simplemap.cc:420:simplemap_dff$11746 to $_DFFE_PP_ for $techmap\u_core.$0\decoded_imm_j[31:0] [0] -> \u_core.decoded_imm_j [0].
  converting $_DFF_P_ cell $auto$simplemap.cc:420:simplemap_dff$11747 to $_DFFE_PP_ for $techmap\u_core.$0\decoded_imm_j[31:0] [1] -> \u_core.decoded_imm_j [1].
  converting $_DFF_P_ cell $auto$simplemap.cc:420:simplemap_dff$11748 to $_DFFE_PP_ for $techmap\u_core.$0\decoded_imm_j[31:0] [2] -> \u_core.decoded_imm_j [2].
  converting $_DFF_P_ cell $auto$simplemap.cc:420:simplemap_dff$11749 to $_DFFE_PP_ for $techmap\u_core.$0\decoded_imm_j[31:0] [3] -> \u_core.decoded_imm_j [3].
  converting $_DFF_P_ cell $auto$simplemap.cc:420:simplemap_dff$11750 to $_DFFE_PP_ for $techmap\u_core.$0\decoded_imm_j[31:0] [4] -> \u_core.decoded_imm_j [4].
  converting $_DFF_P_ cell $auto$simplemap.cc:420:simplemap_dff$11751 to $_DFFE_PP_ for $techmap\u_core.$0\decoded_imm_j[31:0] [5] -> \u_core.decoded_imm_j [5].
  converting $_DFF_P_ cell $auto$simplemap.cc:420:simplemap_dff$11752 to $_DFFE_PP_ for $techmap\u_core.$0\decoded_imm_j[31:0] [6] -> \u_core.decoded_imm_j [6].
  converting $_DFF_P_ cell $auto$simplemap.cc:420:simplemap_dff$11753 to $_DFFE_PP_ for $techmap\u_core.$0\decoded_imm_j[31:0] [7] -> \u_core.decoded_imm_j [7].
  converting $_DFF_P_ cell $auto$simplemap.cc:420:simplemap_dff$11754 to $_DFFE_PP_ for $techmap\u_core.$0\decoded_imm_j[31:0] [8] -> \u_core.decoded_imm_j [8].
  converting $_DFF_P_ cell $auto$simplemap.cc:420:simplemap_dff$11755 to $_DFFE_PP_ for $techmap\u_core.$0\decoded_imm_j[31:0] [9] -> \u_core.decoded_imm_j [9].
  converting $_DFF_P_ cell $auto$simplemap.cc:420:simplemap_dff$11756 to $_DFFE_PP_ for $techmap\u_core.$0\decoded_imm_j[31:0] [10] -> \u_core.decoded_imm_j [10].
  converting $_DFF_P_ cell $auto$simplemap.cc:420:simplemap_dff$11757 to $_DFFE_PP_ for $techmap\u_core.$0\decoded_imm_j[31:0] [11] -> \u_core.decoded_imm_j [11].
  converting $_DFF_P_ cell $auto$simplemap.cc:420:simplemap_dff$11758 to $_DFFE_PP_ for $techmap\u_core.$0\decoded_imm_j[31:0] [12] -> \u_core.decoded_imm_j [12].
  converting $_DFF_P_ cell $auto$simplemap.cc:420:simplemap_dff$11759 to $_DFFE_PP_ for $techmap\u_core.$0\decoded_imm_j[31:0] [13] -> \u_core.decoded_imm_j [13].
  converting $_DFF_P_ cell $auto$simplemap.cc:420:simplemap_dff$11760 to $_DFFE_PP_ for $techmap\u_core.$0\decoded_imm_j[31:0] [14] -> \u_core.decoded_imm_j [14].
  converting $_DFF_P_ cell $auto$simplemap.cc:420:simplemap_dff$11761 to $_DFFE_PP_ for $techmap\u_core.$0\decoded_imm_j[31:0] [15] -> \u_core.decoded_imm_j [15].
  converting $_DFF_P_ cell $auto$simplemap.cc:420:simplemap_dff$11762 to $_DFFE_PP_ for $techmap\u_core.$0\decoded_imm_j[31:0] [16] -> \u_core.decoded_imm_j [16].
  converting $_DFF_P_ cell $auto$simplemap.cc:420:simplemap_dff$11763 to $_DFFE_PP_ for $techmap\u_core.$0\decoded_imm_j[31:0] [17] -> \u_core.decoded_imm_j [17].
  converting $_DFF_P_ cell $auto$simplemap.cc:420:simplemap_dff$11764 to $_DFFE_PP_ for $techmap\u_core.$0\decoded_imm_j[31:0] [18] -> \u_core.decoded_imm_j [18].
  converting $_DFF_P_ cell $auto$simplemap.cc:420:simplemap_dff$11765 to $_DFFE_PP_ for $techmap\u_core.$0\decoded_imm_j[31:0] [19] -> \u_core.decoded_imm_j [19].
  converting $_DFF_P_ cell $auto$simplemap.cc:420:simplemap_dff$11766 to $_DFFE_PP_ for $techmap\u_core.$0\decoded_imm_j[31:0] [20] -> \u_core.decoded_imm_j [20].
  converting $_DFF_P_ cell $auto$simplemap.cc:420:simplemap_dff$11767 to $_DFFE_PP_ for $techmap\u_core.$0\decoded_imm_j[31:0] [21] -> \u_core.decoded_imm_j [21].
  converting $_DFF_P_ cell $auto$simplemap.cc:420:simplemap_dff$11768 to $_DFFE_PP_ for $techmap\u_core.$0\decoded_imm_j[31:0] [22] -> \u_core.decoded_imm_j [22].
  converting $_DFF_P_ cell $auto$simplemap.cc:420:simplemap_dff$11769 to $_DFFE_PP_ for $techmap\u_core.$0\decoded_imm_j[31:0] [23] -> \u_core.decoded_imm_j [23].
  converting $_DFF_P_ cell $auto$simplemap.cc:420:simplemap_dff$11770 to $_DFFE_PP_ for $techmap\u_core.$0\decoded_imm_j[31:0] [24] -> \u_core.decoded_imm_j [24].
  converting $_DFF_P_ cell $auto$simplemap.cc:420:simplemap_dff$11771 to $_DFFE_PP_ for $techmap\u_core.$0\decoded_imm_j[31:0] [25] -> \u_core.decoded_imm_j [25].
  converting $_DFF_P_ cell $auto$simplemap.cc:420:simplemap_dff$11772 to $_DFFE_PP_ for $techmap\u_core.$0\decoded_imm_j[31:0] [26] -> \u_core.decoded_imm_j [26].
  converting $_DFF_P_ cell $auto$simplemap.cc:420:simplemap_dff$11773 to $_DFFE_PP_ for $techmap\u_core.$0\decoded_imm_j[31:0] [27] -> \u_core.decoded_imm_j [27].
  converting $_DFF_P_ cell $auto$simplemap.cc:420:simplemap_dff$11774 to $_DFFE_PP_ for $techmap\u_core.$0\decoded_imm_j[31:0] [28] -> \u_core.decoded_imm_j [28].
  converting $_DFF_P_ cell $auto$simplemap.cc:420:simplemap_dff$11775 to $_DFFE_PP_ for $techmap\u_core.$0\decoded_imm_j[31:0] [29] -> \u_core.decoded_imm_j [29].
  converting $_DFF_P_ cell $auto$simplemap.cc:420:simplemap_dff$11776 to $_DFFE_PP_ for $techmap\u_core.$0\decoded_imm_j[31:0] [30] -> \u_core.decoded_imm_j [30].
  converting $_DFF_P_ cell $auto$simplemap.cc:420:simplemap_dff$11777 to $_DFFE_PP_ for $techmap\u_core.$0\decoded_imm_j[31:0] [31] -> \u_core.decoded_imm_j [31].
  converting $_DFF_P_ cell $auto$simplemap.cc:420:simplemap_dff$11778 to $_DFFE_PP_ for $techmap\u_core.$0\decoded_imm[31:0] [0] -> \u_core.decoded_imm [0].
  converting $_DFF_P_ cell $auto$simplemap.cc:420:simplemap_dff$11779 to $_DFFE_PP_ for $techmap\u_core.$0\decoded_imm[31:0] [1] -> \u_core.decoded_imm [1].
  converting $_DFF_P_ cell $auto$simplemap.cc:420:simplemap_dff$11780 to $_DFFE_PP_ for $techmap\u_core.$0\decoded_imm[31:0] [2] -> \u_core.decoded_imm [2].
  converting $_DFF_P_ cell $auto$simplemap.cc:420:simplemap_dff$11781 to $_DFFE_PP_ for $techmap\u_core.$0\decoded_imm[31:0] [3] -> \u_core.decoded_imm [3].
  converting $_DFF_P_ cell $auto$simplemap.cc:420:simplemap_dff$11782 to $_DFFE_PP_ for $techmap\u_core.$0\decoded_imm[31:0] [4] -> \u_core.decoded_imm [4].
  converting $_DFF_P_ cell $auto$simplemap.cc:420:simplemap_dff$11783 to $_DFFE_PP_ for $techmap\u_core.$0\decoded_imm[31:0] [5] -> \u_core.decoded_imm [5].
  converting $_DFF_P_ cell $auto$simplemap.cc:420:simplemap_dff$11784 to $_DFFE_PP_ for $techmap\u_core.$0\decoded_imm[31:0] [6] -> \u_core.decoded_imm [6].
  converting $_DFF_P_ cell $auto$simplemap.cc:420:simplemap_dff$11785 to $_DFFE_PP_ for $techmap\u_core.$0\decoded_imm[31:0] [7] -> \u_core.decoded_imm [7].
  converting $_DFF_P_ cell $auto$simplemap.cc:420:simplemap_dff$11786 to $_DFFE_PP_ for $techmap\u_core.$0\decoded_imm[31:0] [8] -> \u_core.decoded_imm [8].
  converting $_DFF_P_ cell $auto$simplemap.cc:420:simplemap_dff$11787 to $_DFFE_PP_ for $techmap\u_core.$0\decoded_imm[31:0] [9] -> \u_core.decoded_imm [9].
  converting $_DFF_P_ cell $auto$simplemap.cc:420:simplemap_dff$11788 to $_DFFE_PP_ for $techmap\u_core.$0\decoded_imm[31:0] [10] -> \u_core.decoded_imm [10].
  converting $_DFF_P_ cell $auto$simplemap.cc:420:simplemap_dff$11789 to $_DFFE_PP_ for $techmap\u_core.$0\decoded_imm[31:0] [11] -> \u_core.decoded_imm [11].
  converting $_DFF_P_ cell $auto$simplemap.cc:420:simplemap_dff$11790 to $_DFFE_PP_ for $techmap\u_core.$0\decoded_imm[31:0] [12] -> \u_core.decoded_imm [12].
  converting $_DFF_P_ cell $auto$simplemap.cc:420:simplemap_dff$11791 to $_DFFE_PP_ for $techmap\u_core.$0\decoded_imm[31:0] [13] -> \u_core.decoded_imm [13].
  converting $_DFF_P_ cell $auto$simplemap.cc:420:simplemap_dff$11792 to $_DFFE_PP_ for $techmap\u_core.$0\decoded_imm[31:0] [14] -> \u_core.decoded_imm [14].
  converting $_DFF_P_ cell $auto$simplemap.cc:420:simplemap_dff$11793 to $_DFFE_PP_ for $techmap\u_core.$0\decoded_imm[31:0] [15] -> \u_core.decoded_imm [15].
  converting $_DFF_P_ cell $auto$simplemap.cc:420:simplemap_dff$11794 to $_DFFE_PP_ for $techmap\u_core.$0\decoded_imm[31:0] [16] -> \u_core.decoded_imm [16].
  converting $_DFF_P_ cell $auto$simplemap.cc:420:simplemap_dff$11795 to $_DFFE_PP_ for $techmap\u_core.$0\decoded_imm[31:0] [17] -> \u_core.decoded_imm [17].
  converting $_DFF_P_ cell $auto$simplemap.cc:420:simplemap_dff$11796 to $_DFFE_PP_ for $techmap\u_core.$0\decoded_imm[31:0] [18] -> \u_core.decoded_imm [18].
  converting $_DFF_P_ cell $auto$simplemap.cc:420:simplemap_dff$11797 to $_DFFE_PP_ for $techmap\u_core.$0\decoded_imm[31:0] [19] -> \u_core.decoded_imm [19].
  converting $_DFF_P_ cell $auto$simplemap.cc:420:simplemap_dff$11798 to $_DFFE_PP_ for $techmap\u_core.$0\decoded_imm[31:0] [20] -> \u_core.decoded_imm [20].
  converting $_DFF_P_ cell $auto$simplemap.cc:420:simplemap_dff$11799 to $_DFFE_PP_ for $techmap\u_core.$0\decoded_imm[31:0] [21] -> \u_core.decoded_imm [21].
  converting $_DFF_P_ cell $auto$simplemap.cc:420:simplemap_dff$11800 to $_DFFE_PP_ for $techmap\u_core.$0\decoded_imm[31:0] [22] -> \u_core.decoded_imm [22].
  converting $_DFF_P_ cell $auto$simplemap.cc:420:simplemap_dff$11801 to $_DFFE_PP_ for $techmap\u_core.$0\decoded_imm[31:0] [23] -> \u_core.decoded_imm [23].
  converting $_DFF_P_ cell $auto$simplemap.cc:420:simplemap_dff$11802 to $_DFFE_PP_ for $techmap\u_core.$0\decoded_imm[31:0] [24] -> \u_core.decoded_imm [24].
  converting $_DFF_P_ cell $auto$simplemap.cc:420:simplemap_dff$11803 to $_DFFE_PP_ for $techmap\u_core.$0\decoded_imm[31:0] [25] -> \u_core.decoded_imm [25].
  converting $_DFF_P_ cell $auto$simplemap.cc:420:simplemap_dff$11804 to $_DFFE_PP_ for $techmap\u_core.$0\decoded_imm[31:0] [26] -> \u_core.decoded_imm [26].
  converting $_DFF_P_ cell $auto$simplemap.cc:420:simplemap_dff$11805 to $_DFFE_PP_ for $techmap\u_core.$0\decoded_imm[31:0] [27] -> \u_core.decoded_imm [27].
  converting $_DFF_P_ cell $auto$simplemap.cc:420:simplemap_dff$11806 to $_DFFE_PP_ for $techmap\u_core.$0\decoded_imm[31:0] [28] -> \u_core.decoded_imm [28].
  converting $_DFF_P_ cell $auto$simplemap.cc:420:simplemap_dff$11807 to $_DFFE_PP_ for $techmap\u_core.$0\decoded_imm[31:0] [29] -> \u_core.decoded_imm [29].
  converting $_DFF_P_ cell $auto$simplemap.cc:420:simplemap_dff$11808 to $_DFFE_PP_ for $techmap\u_core.$0\decoded_imm[31:0] [30] -> \u_core.decoded_imm [30].
  converting $_DFF_P_ cell $auto$simplemap.cc:420:simplemap_dff$11809 to $_DFFE_PP_ for $techmap\u_core.$0\decoded_imm[31:0] [31] -> \u_core.decoded_imm [31].
  converting $_DFF_P_ cell $auto$simplemap.cc:420:simplemap_dff$11820 to $_DFFE_PP_ for $techmap\u_core.$0\decoded_rd[4:0] [0] -> \u_core.decoded_rd [0].
  converting $_DFF_P_ cell $auto$simplemap.cc:420:simplemap_dff$11821 to $_DFFE_PP_ for $techmap\u_core.$0\decoded_rd[4:0] [1] -> \u_core.decoded_rd [1].
  converting $_DFF_P_ cell $auto$simplemap.cc:420:simplemap_dff$11822 to $_DFFE_PP_ for $techmap\u_core.$0\decoded_rd[4:0] [2] -> \u_core.decoded_rd [2].
  converting $_DFF_P_ cell $auto$simplemap.cc:420:simplemap_dff$11823 to $_DFFE_PP_ for $techmap\u_core.$0\decoded_rd[4:0] [3] -> \u_core.decoded_rd [3].
  converting $_DFF_P_ cell $auto$simplemap.cc:420:simplemap_dff$11824 to $_DFFE_PP_ for $techmap\u_core.$0\decoded_rd[4:0] [4] -> \u_core.decoded_rd [4].
  converting $_DFF_P_ cell $auto$simplemap.cc:420:simplemap_dff$11825 to $_DFFE_PP_ for $techmap\u_core.$0\instr_fence[0:0] -> \u_core.instr_fence.
  converting $_DFF_P_ cell $auto$simplemap.cc:420:simplemap_dff$11826 to $_DFFE_PP_ for $techmap\u_core.$0\instr_rdinstrh[0:0] -> \u_core.instr_rdinstrh.
  converting $_DFF_P_ cell $auto$simplemap.cc:420:simplemap_dff$11827 to $_DFFE_PP_ for $techmap\u_core.$0\instr_rdinstr[0:0] -> \u_core.instr_rdinstr.
  converting $_DFF_P_ cell $auto$simplemap.cc:420:simplemap_dff$11828 to $_DFFE_PP_ for $techmap\u_core.$0\instr_rdcycleh[0:0] -> \u_core.instr_rdcycleh.
  converting $_DFF_P_ cell $auto$simplemap.cc:420:simplemap_dff$11829 to $_DFFE_PP_ for $techmap\u_core.$0\instr_rdcycle[0:0] -> \u_core.instr_rdcycle.
  converting $_DFF_P_ cell $auto$simplemap.cc:420:simplemap_dff$11830 to $_DFFE_PP_ for $techmap\u_core.$0\instr_and[0:0] -> \u_core.instr_and.
  converting $_DFF_P_ cell $auto$simplemap.cc:420:simplemap_dff$11831 to $_DFFE_PP_ for $techmap\u_core.$0\instr_or[0:0] -> \u_core.instr_or.
  converting $_DFF_P_ cell $auto$simplemap.cc:420:simplemap_dff$11832 to $_DFFE_PP_ for $techmap\u_core.$0\instr_sra[0:0] -> \u_core.instr_sra.
  converting $_DFF_P_ cell $auto$simplemap.cc:420:simplemap_dff$11833 to $_DFFE_PP_ for $techmap\u_core.$0\instr_srl[0:0] -> \u_core.instr_srl.
  converting $_DFF_P_ cell $auto$simplemap.cc:420:simplemap_dff$11834 to $_DFFE_PP_ for $techmap\u_core.$0\instr_xor[0:0] -> \u_core.instr_xor.
  converting $_DFF_P_ cell $auto$simplemap.cc:420:simplemap_dff$11835 to $_DFFE_PP_ for $techmap\u_core.$0\instr_sltu[0:0] -> \u_core.instr_sltu.
  converting $_DFF_P_ cell $auto$simplemap.cc:420:simplemap_dff$11836 to $_DFFE_PP_ for $techmap\u_core.$0\instr_slt[0:0] -> \u_core.instr_slt.
  converting $_DFF_P_ cell $auto$simplemap.cc:420:simplemap_dff$11837 to $_DFFE_PP_ for $techmap\u_core.$0\instr_sll[0:0] -> \u_core.instr_sll.
  converting $_DFF_P_ cell $auto$simplemap.cc:420:simplemap_dff$11838 to $_DFFE_PP_ for $techmap\u_core.$0\instr_sub[0:0] -> \u_core.instr_sub.
  converting $_DFF_P_ cell $auto$simplemap.cc:420:simplemap_dff$11839 to $_DFFE_PP_ for $techmap\u_core.$0\instr_add[0:0] -> \u_core.instr_add.
  converting $_DFF_P_ cell $auto$simplemap.cc:420:simplemap_dff$11840 to $_DFFE_PP_ for $techmap\u_core.$0\instr_srai[0:0] -> \u_core.instr_srai.
  converting $_DFF_P_ cell $auto$simplemap.cc:420:simplemap_dff$11841 to $_DFFE_PP_ for $techmap\u_core.$0\instr_srli[0:0] -> \u_core.instr_srli.
  converting $_DFF_P_ cell $auto$simplemap.cc:420:simplemap_dff$11842 to $_DFFE_PP_ for $techmap\u_core.$0\instr_slli[0:0] -> \u_core.instr_slli.
  converting $_DFF_P_ cell $auto$simplemap.cc:420:simplemap_dff$11843 to $_DFFE_PP_ for $techmap\u_core.$0\instr_andi[0:0] -> \u_core.instr_andi.
  converting $_DFF_P_ cell $auto$simplemap.cc:420:simplemap_dff$11844 to $_DFFE_PP_ for $techmap\u_core.$0\instr_ori[0:0] -> \u_core.instr_ori.
  converting $_DFF_P_ cell $auto$simplemap.cc:420:simplemap_dff$11845 to $_DFFE_PP_ for $techmap\u_core.$0\instr_xori[0:0] -> \u_core.instr_xori.
  converting $_DFF_P_ cell $auto$simplemap.cc:420:simplemap_dff$11846 to $_DFFE_PP_ for $techmap\u_core.$0\instr_sltiu[0:0] -> \u_core.instr_sltiu.
  converting $_DFF_P_ cell $auto$simplemap.cc:420:simplemap_dff$11847 to $_DFFE_PP_ for $techmap\u_core.$0\instr_slti[0:0] -> \u_core.instr_slti.
  converting $_DFF_P_ cell $auto$simplemap.cc:420:simplemap_dff$11848 to $_DFFE_PP_ for $techmap\u_core.$0\instr_addi[0:0] -> \u_core.instr_addi.
  converting $_DFF_P_ cell $auto$simplemap.cc:420:simplemap_dff$11849 to $_DFFE_PP_ for $techmap\u_core.$0\instr_sw[0:0] -> \u_core.instr_sw.
  converting $_DFF_P_ cell $auto$simplemap.cc:420:simplemap_dff$11850 to $_DFFE_PP_ for $techmap\u_core.$0\instr_sh[0:0] -> \u_core.instr_sh.
  converting $_DFF_P_ cell $auto$simplemap.cc:420:simplemap_dff$11851 to $_DFFE_PP_ for $techmap\u_core.$0\instr_sb[0:0] -> \u_core.instr_sb.
  converting $_DFF_P_ cell $auto$simplemap.cc:420:simplemap_dff$11852 to $_DFFE_PP_ for $techmap\u_core.$0\instr_lhu[0:0] -> \u_core.instr_lhu.
  converting $_DFF_P_ cell $auto$simplemap.cc:420:simplemap_dff$11853 to $_DFFE_PP_ for $techmap\u_core.$0\instr_lbu[0:0] -> \u_core.instr_lbu.
  converting $_DFF_P_ cell $auto$simplemap.cc:420:simplemap_dff$11854 to $_DFFE_PP_ for $techmap\u_core.$0\instr_lw[0:0] -> \u_core.instr_lw.
  converting $_DFF_P_ cell $auto$simplemap.cc:420:simplemap_dff$11855 to $_DFFE_PP_ for $techmap\u_core.$0\instr_lh[0:0] -> \u_core.instr_lh.
  converting $_DFF_P_ cell $auto$simplemap.cc:420:simplemap_dff$11856 to $_DFFE_PP_ for $techmap\u_core.$0\instr_lb[0:0] -> \u_core.instr_lb.
  converting $_DFF_P_ cell $auto$simplemap.cc:420:simplemap_dff$11857 to $_DFFE_PP_ for $techmap\u_core.$0\instr_bgeu[0:0] -> \u_core.instr_bgeu.
  converting $_DFF_P_ cell $auto$simplemap.cc:420:simplemap_dff$11858 to $_DFFE_PP_ for $techmap\u_core.$0\instr_bltu[0:0] -> \u_core.instr_bltu.
  converting $_DFF_P_ cell $auto$simplemap.cc:420:simplemap_dff$11859 to $_DFFE_PP_ for $techmap\u_core.$0\instr_bge[0:0] -> \u_core.instr_bge.
  converting $_DFF_P_ cell $auto$simplemap.cc:420:simplemap_dff$11860 to $_DFFE_PP_ for $techmap\u_core.$0\instr_blt[0:0] -> \u_core.instr_blt.
  converting $_DFF_P_ cell $auto$simplemap.cc:420:simplemap_dff$11861 to $_DFFE_PP_ for $techmap\u_core.$0\instr_bne[0:0] -> \u_core.instr_bne.
  converting $_DFF_P_ cell $auto$simplemap.cc:420:simplemap_dff$11862 to $_DFFE_PP_ for $techmap\u_core.$0\instr_beq[0:0] -> \u_core.instr_beq.
  converting $_DFF_P_ cell $auto$simplemap.cc:420:simplemap_dff$11863 to $_DFFE_PP_ for $techmap\u_core.$0\instr_jalr[0:0] -> \u_core.instr_jalr.
  converting $_DFF_P_ cell $auto$simplemap.cc:420:simplemap_dff$11864 to $_DFFE_PP_ for $techmap\u_core.$0\instr_jal[0:0] -> \u_core.instr_jal.
  converting $_DFF_P_ cell $auto$simplemap.cc:420:simplemap_dff$11865 to $_DFFE_PP_ for $techmap\u_core.$0\instr_auipc[0:0] -> \u_core.instr_auipc.
  converting $_DFF_P_ cell $auto$simplemap.cc:420:simplemap_dff$11866 to $_DFFE_PP_ for $techmap\u_core.$0\instr_lui[0:0] -> \u_core.instr_lui.
  converting $_DFF_P_ cell $auto$simplemap.cc:420:simplemap_dff$11900 to $_DFFE_PP_ for $techmap\u_core.$0\latched_rd[4:0] [0] -> \u_core.latched_rd [0].
  converting $_DFF_P_ cell $auto$simplemap.cc:420:simplemap_dff$11901 to $_DFFE_PP_ for $techmap\u_core.$0\latched_rd[4:0] [1] -> \u_core.latched_rd [1].
  converting $_DFF_P_ cell $auto$simplemap.cc:420:simplemap_dff$11902 to $_DFFE_PP_ for $techmap\u_core.$0\latched_rd[4:0] [2] -> \u_core.latched_rd [2].
  converting $_DFF_P_ cell $auto$simplemap.cc:420:simplemap_dff$11903 to $_DFFE_PP_ for $techmap\u_core.$0\latched_rd[4:0] [3] -> \u_core.latched_rd [3].
  converting $_DFF_P_ cell $auto$simplemap.cc:420:simplemap_dff$11904 to $_DFFE_PP_ for $techmap\u_core.$0\latched_rd[4:0] [4] -> \u_core.latched_rd [4].
  converting $_DFF_P_ cell $auto$simplemap.cc:420:simplemap_dff$11905 to $_DFFE_PP_ for $techmap\u_core.$0\latched_compr[0:0] -> \u_core.latched_compr.
  converting $_DFF_P_ cell $auto$simplemap.cc:420:simplemap_dff$11906 to $_DFFE_PP_ for $techmap\u_core.$0\latched_branch[0:0] -> \u_core.latched_branch.
  converting $_DFF_P_ cell $auto$simplemap.cc:420:simplemap_dff$11907 to $_DFFE_PP_ for $techmap\u_core.$0\latched_stalu[0:0] -> \u_core.latched_stalu.
  converting $_DFF_P_ cell $auto$simplemap.cc:420:simplemap_dff$11908 to $_DFFE_PP_ for $techmap\u_core.$0\latched_store[0:0] -> \u_core.latched_store.
  converting $_DFF_P_ cell $auto$simplemap.cc:420:simplemap_dff$11911 to $_DFFE_PP_ for $techmap\u_core.$0\mem_do_wdata[0:0] -> \u_core.mem_do_wdata.
  converting $_DFF_P_ cell $auto$simplemap.cc:420:simplemap_dff$11912 to $_DFFE_PP_ for $techmap\u_core.$0\mem_do_rdata[0:0] -> \u_core.mem_do_rdata.
  converting $_DFF_P_ cell $auto$simplemap.cc:420:simplemap_dff$11913 to $_DFFE_PP_ for $techmap\u_core.$0\mem_do_rinst[0:0] -> \u_core.mem_do_rinst.
  converting $_DFF_P_ cell $auto$simplemap.cc:420:simplemap_dff$11914 to $_DFFE_PP_ for $techmap\u_core.$0\mem_do_prefetch[0:0] -> \u_core.mem_do_prefetch.
  converting $_DFF_P_ cell $auto$simplemap.cc:420:simplemap_dff$11915 to $_DFFE_PP_ for $techmap\u_core.$0\mem_wordsize[1:0] [0] -> \u_core.mem_wordsize [0].
  converting $_DFF_P_ cell $auto$simplemap.cc:420:simplemap_dff$11916 to $_DFFE_PP_ for $techmap\u_core.$0\mem_wordsize[1:0] [1] -> \u_core.mem_wordsize [1].
  converting $_DFF_P_ cell $auto$simplemap.cc:420:simplemap_dff$11949 to $_DFFE_PP_ for $techmap\u_core.$0\reg_op2[31:0] [0] -> \u_core.reg_op2 [0].
  converting $_DFF_P_ cell $auto$simplemap.cc:420:simplemap_dff$11950 to $_DFFE_PP_ for $techmap\u_core.$0\reg_op2[31:0] [1] -> \u_core.reg_op2 [1].
  converting $_DFF_P_ cell $auto$simplemap.cc:420:simplemap_dff$11951 to $_DFFE_PP_ for $techmap\u_core.$0\reg_op2[31:0] [2] -> \u_core.reg_op2 [2].
  converting $_DFF_P_ cell $auto$simplemap.cc:420:simplemap_dff$11952 to $_DFFE_PP_ for $techmap\u_core.$0\reg_op2[31:0] [3] -> \u_core.reg_op2 [3].
  converting $_DFF_P_ cell $auto$simplemap.cc:420:simplemap_dff$11953 to $_DFFE_PP_ for $techmap\u_core.$0\reg_op2[31:0] [4] -> \u_core.reg_op2 [4].
  converting $_DFF_P_ cell $auto$simplemap.cc:420:simplemap_dff$11954 to $_DFFE_PP_ for $techmap\u_core.$0\reg_op2[31:0] [5] -> \u_core.reg_op2 [5].
  converting $_DFF_P_ cell $auto$simplemap.cc:420:simplemap_dff$11955 to $_DFFE_PP_ for $techmap\u_core.$0\reg_op2[31:0] [6] -> \u_core.reg_op2 [6].
  converting $_DFF_P_ cell $auto$simplemap.cc:420:simplemap_dff$11956 to $_DFFE_PP_ for $techmap\u_core.$0\reg_op2[31:0] [7] -> \u_core.reg_op2 [7].
  converting $_DFF_P_ cell $auto$simplemap.cc:420:simplemap_dff$11957 to $_DFFE_PP_ for $techmap\u_core.$0\reg_op2[31:0] [8] -> \u_core.reg_op2 [8].
  converting $_DFF_P_ cell $auto$simplemap.cc:420:simplemap_dff$11958 to $_DFFE_PP_ for $techmap\u_core.$0\reg_op2[31:0] [9] -> \u_core.reg_op2 [9].
  converting $_DFF_P_ cell $auto$simplemap.cc:420:simplemap_dff$11959 to $_DFFE_PP_ for $techmap\u_core.$0\reg_op2[31:0] [10] -> \u_core.reg_op2 [10].
  converting $_DFF_P_ cell $auto$simplemap.cc:420:simplemap_dff$11960 to $_DFFE_PP_ for $techmap\u_core.$0\reg_op2[31:0] [11] -> \u_core.reg_op2 [11].
  converting $_DFF_P_ cell $auto$simplemap.cc:420:simplemap_dff$11961 to $_DFFE_PP_ for $techmap\u_core.$0\reg_op2[31:0] [12] -> \u_core.reg_op2 [12].
  converting $_DFF_P_ cell $auto$simplemap.cc:420:simplemap_dff$11962 to $_DFFE_PP_ for $techmap\u_core.$0\reg_op2[31:0] [13] -> \u_core.reg_op2 [13].
  converting $_DFF_P_ cell $auto$simplemap.cc:420:simplemap_dff$11963 to $_DFFE_PP_ for $techmap\u_core.$0\reg_op2[31:0] [14] -> \u_core.reg_op2 [14].
  converting $_DFF_P_ cell $auto$simplemap.cc:420:simplemap_dff$11964 to $_DFFE_PP_ for $techmap\u_core.$0\reg_op2[31:0] [15] -> \u_core.reg_op2 [15].
  converting $_DFF_P_ cell $auto$simplemap.cc:420:simplemap_dff$11965 to $_DFFE_PP_ for $techmap\u_core.$0\reg_op2[31:0] [16] -> \u_core.reg_op2 [16].
  converting $_DFF_P_ cell $auto$simplemap.cc:420:simplemap_dff$11966 to $_DFFE_PP_ for $techmap\u_core.$0\reg_op2[31:0] [17] -> \u_core.reg_op2 [17].
  converting $_DFF_P_ cell $auto$simplemap.cc:420:simplemap_dff$11967 to $_DFFE_PP_ for $techmap\u_core.$0\reg_op2[31:0] [18] -> \u_core.reg_op2 [18].
  converting $_DFF_P_ cell $auto$simplemap.cc:420:simplemap_dff$11968 to $_DFFE_PP_ for $techmap\u_core.$0\reg_op2[31:0] [19] -> \u_core.reg_op2 [19].
  converting $_DFF_P_ cell $auto$simplemap.cc:420:simplemap_dff$11969 to $_DFFE_PP_ for $techmap\u_core.$0\reg_op2[31:0] [20] -> \u_core.reg_op2 [20].
  converting $_DFF_P_ cell $auto$simplemap.cc:420:simplemap_dff$11970 to $_DFFE_PP_ for $techmap\u_core.$0\reg_op2[31:0] [21] -> \u_core.reg_op2 [21].
  converting $_DFF_P_ cell $auto$simplemap.cc:420:simplemap_dff$11971 to $_DFFE_PP_ for $techmap\u_core.$0\reg_op2[31:0] [22] -> \u_core.reg_op2 [22].
  converting $_DFF_P_ cell $auto$simplemap.cc:420:simplemap_dff$11972 to $_DFFE_PP_ for $techmap\u_core.$0\reg_op2[31:0] [23] -> \u_core.reg_op2 [23].
  converting $_DFF_P_ cell $auto$simplemap.cc:420:simplemap_dff$11973 to $_DFFE_PP_ for $techmap\u_core.$0\reg_op2[31:0] [24] -> \u_core.reg_op2 [24].
  converting $_DFF_P_ cell $auto$simplemap.cc:420:simplemap_dff$11974 to $_DFFE_PP_ for $techmap\u_core.$0\reg_op2[31:0] [25] -> \u_core.reg_op2 [25].
  converting $_DFF_P_ cell $auto$simplemap.cc:420:simplemap_dff$11975 to $_DFFE_PP_ for $techmap\u_core.$0\reg_op2[31:0] [26] -> \u_core.reg_op2 [26].
  converting $_DFF_P_ cell $auto$simplemap.cc:420:simplemap_dff$11976 to $_DFFE_PP_ for $techmap\u_core.$0\reg_op2[31:0] [27] -> \u_core.reg_op2 [27].
  converting $_DFF_P_ cell $auto$simplemap.cc:420:simplemap_dff$11977 to $_DFFE_PP_ for $techmap\u_core.$0\reg_op2[31:0] [28] -> \u_core.reg_op2 [28].
  converting $_DFF_P_ cell $auto$simplemap.cc:420:simplemap_dff$11978 to $_DFFE_PP_ for $techmap\u_core.$0\reg_op2[31:0] [29] -> \u_core.reg_op2 [29].
  converting $_DFF_P_ cell $auto$simplemap.cc:420:simplemap_dff$11979 to $_DFFE_PP_ for $techmap\u_core.$0\reg_op2[31:0] [30] -> \u_core.reg_op2 [30].
  converting $_DFF_P_ cell $auto$simplemap.cc:420:simplemap_dff$11980 to $_DFFE_PP_ for $techmap\u_core.$0\reg_op2[31:0] [31] -> \u_core.reg_op2 [31].
  converting $_DFF_P_ cell $auto$simplemap.cc:420:simplemap_dff$11981 to $_DFFE_PP_ for $techmap\u_core.$0\reg_op1[31:0] [0] -> \u_core.reg_op1 [0].
  converting $_DFF_P_ cell $auto$simplemap.cc:420:simplemap_dff$11982 to $_DFFE_PP_ for $techmap\u_core.$0\reg_op1[31:0] [1] -> \u_core.reg_op1 [1].
  converting $_DFF_P_ cell $auto$simplemap.cc:420:simplemap_dff$11983 to $_DFFE_PP_ for $techmap\u_core.$0\reg_op1[31:0] [2] -> \u_core.reg_op1 [2].
  converting $_DFF_P_ cell $auto$simplemap.cc:420:simplemap_dff$11984 to $_DFFE_PP_ for $techmap\u_core.$0\reg_op1[31:0] [3] -> \u_core.reg_op1 [3].
  converting $_DFF_P_ cell $auto$simplemap.cc:420:simplemap_dff$11985 to $_DFFE_PP_ for $techmap\u_core.$0\reg_op1[31:0] [4] -> \u_core.reg_op1 [4].
  converting $_DFF_P_ cell $auto$simplemap.cc:420:simplemap_dff$11986 to $_DFFE_PP_ for $techmap\u_core.$0\reg_op1[31:0] [5] -> \u_core.reg_op1 [5].
  converting $_DFF_P_ cell $auto$simplemap.cc:420:simplemap_dff$11987 to $_DFFE_PP_ for $techmap\u_core.$0\reg_op1[31:0] [6] -> \u_core.reg_op1 [6].
  converting $_DFF_P_ cell $auto$simplemap.cc:420:simplemap_dff$11988 to $_DFFE_PP_ for $techmap\u_core.$0\reg_op1[31:0] [7] -> \u_core.reg_op1 [7].
  converting $_DFF_P_ cell $auto$simplemap.cc:420:simplemap_dff$11989 to $_DFFE_PP_ for $techmap\u_core.$0\reg_op1[31:0] [8] -> \u_core.reg_op1 [8].
  converting $_DFF_P_ cell $auto$simplemap.cc:420:simplemap_dff$11990 to $_DFFE_PP_ for $techmap\u_core.$0\reg_op1[31:0] [9] -> \u_core.reg_op1 [9].
  converting $_DFF_P_ cell $auto$simplemap.cc:420:simplemap_dff$11991 to $_DFFE_PP_ for $techmap\u_core.$0\reg_op1[31:0] [10] -> \u_core.reg_op1 [10].
  converting $_DFF_P_ cell $auto$simplemap.cc:420:simplemap_dff$11992 to $_DFFE_PP_ for $techmap\u_core.$0\reg_op1[31:0] [11] -> \u_core.reg_op1 [11].
  converting $_DFF_P_ cell $auto$simplemap.cc:420:simplemap_dff$11993 to $_DFFE_PP_ for $techmap\u_core.$0\reg_op1[31:0] [12] -> \u_core.reg_op1 [12].
  converting $_DFF_P_ cell $auto$simplemap.cc:420:simplemap_dff$11994 to $_DFFE_PP_ for $techmap\u_core.$0\reg_op1[31:0] [13] -> \u_core.reg_op1 [13].
  converting $_DFF_P_ cell $auto$simplemap.cc:420:simplemap_dff$11995 to $_DFFE_PP_ for $techmap\u_core.$0\reg_op1[31:0] [14] -> \u_core.reg_op1 [14].
  converting $_DFF_P_ cell $auto$simplemap.cc:420:simplemap_dff$11996 to $_DFFE_PP_ for $techmap\u_core.$0\reg_op1[31:0] [15] -> \u_core.reg_op1 [15].
  converting $_DFF_P_ cell $auto$simplemap.cc:420:simplemap_dff$11997 to $_DFFE_PP_ for $techmap\u_core.$0\reg_op1[31:0] [16] -> \u_core.reg_op1 [16].
  converting $_DFF_P_ cell $auto$simplemap.cc:420:simplemap_dff$11998 to $_DFFE_PP_ for $techmap\u_core.$0\reg_op1[31:0] [17] -> \u_core.reg_op1 [17].
  converting $_DFF_P_ cell $auto$simplemap.cc:420:simplemap_dff$11999 to $_DFFE_PP_ for $techmap\u_core.$0\reg_op1[31:0] [18] -> \u_core.reg_op1 [18].
  converting $_DFF_P_ cell $auto$simplemap.cc:420:simplemap_dff$12000 to $_DFFE_PP_ for $techmap\u_core.$0\reg_op1[31:0] [19] -> \u_core.reg_op1 [19].
  converting $_DFF_P_ cell $auto$simplemap.cc:420:simplemap_dff$12001 to $_DFFE_PP_ for $techmap\u_core.$0\reg_op1[31:0] [20] -> \u_core.reg_op1 [20].
  converting $_DFF_P_ cell $auto$simplemap.cc:420:simplemap_dff$12002 to $_DFFE_PP_ for $techmap\u_core.$0\reg_op1[31:0] [21] -> \u_core.reg_op1 [21].
  converting $_DFF_P_ cell $auto$simplemap.cc:420:simplemap_dff$12003 to $_DFFE_PP_ for $techmap\u_core.$0\reg_op1[31:0] [22] -> \u_core.reg_op1 [22].
  converting $_DFF_P_ cell $auto$simplemap.cc:420:simplemap_dff$12004 to $_DFFE_PP_ for $techmap\u_core.$0\reg_op1[31:0] [23] -> \u_core.reg_op1 [23].
  converting $_DFF_P_ cell $auto$simplemap.cc:420:simplemap_dff$12005 to $_DFFE_PP_ for $techmap\u_core.$0\reg_op1[31:0] [24] -> \u_core.reg_op1 [24].
  converting $_DFF_P_ cell $auto$simplemap.cc:420:simplemap_dff$12006 to $_DFFE_PP_ for $techmap\u_core.$0\reg_op1[31:0] [25] -> \u_core.reg_op1 [25].
  converting $_DFF_P_ cell $auto$simplemap.cc:420:simplemap_dff$12007 to $_DFFE_PP_ for $techmap\u_core.$0\reg_op1[31:0] [26] -> \u_core.reg_op1 [26].
  converting $_DFF_P_ cell $auto$simplemap.cc:420:simplemap_dff$12008 to $_DFFE_PP_ for $techmap\u_core.$0\reg_op1[31:0] [27] -> \u_core.reg_op1 [27].
  converting $_DFF_P_ cell $auto$simplemap.cc:420:simplemap_dff$12009 to $_DFFE_PP_ for $techmap\u_core.$0\reg_op1[31:0] [28] -> \u_core.reg_op1 [28].
  converting $_DFF_P_ cell $auto$simplemap.cc:420:simplemap_dff$12010 to $_DFFE_PP_ for $techmap\u_core.$0\reg_op1[31:0] [29] -> \u_core.reg_op1 [29].
  converting $_DFF_P_ cell $auto$simplemap.cc:420:simplemap_dff$12011 to $_DFFE_PP_ for $techmap\u_core.$0\reg_op1[31:0] [30] -> \u_core.reg_op1 [30].
  converting $_DFF_P_ cell $auto$simplemap.cc:420:simplemap_dff$12012 to $_DFFE_PP_ for $techmap\u_core.$0\reg_op1[31:0] [31] -> \u_core.reg_op1 [31].
  converting $_DFF_P_ cell $auto$simplemap.cc:420:simplemap_dff$12013 to $_DFFE_PP_ for $techmap\u_core.$0\reg_next_pc[31:0] [0] -> \u_core.reg_next_pc [0].
  converting $_DFF_P_ cell $auto$simplemap.cc:420:simplemap_dff$12014 to $_DFFE_PP_ for $techmap\u_core.$0\reg_next_pc[31:0] [1] -> \u_core.reg_next_pc [1].
  converting $_DFF_P_ cell $auto$simplemap.cc:420:simplemap_dff$12015 to $_DFFE_PP_ for $techmap\u_core.$0\reg_next_pc[31:0] [2] -> \u_core.reg_next_pc [2].
  converting $_DFF_P_ cell $auto$simplemap.cc:420:simplemap_dff$12016 to $_DFFE_PP_ for $techmap\u_core.$0\reg_next_pc[31:0] [3] -> \u_core.reg_next_pc [3].
  converting $_DFF_P_ cell $auto$simplemap.cc:420:simplemap_dff$12017 to $_DFFE_PP_ for $techmap\u_core.$0\reg_next_pc[31:0] [4] -> \u_core.reg_next_pc [4].
  converting $_DFF_P_ cell $auto$simplemap.cc:420:simplemap_dff$12018 to $_DFFE_PP_ for $techmap\u_core.$0\reg_next_pc[31:0] [5] -> \u_core.reg_next_pc [5].
  converting $_DFF_P_ cell $auto$simplemap.cc:420:simplemap_dff$12019 to $_DFFE_PP_ for $techmap\u_core.$0\reg_next_pc[31:0] [6] -> \u_core.reg_next_pc [6].
  converting $_DFF_P_ cell $auto$simplemap.cc:420:simplemap_dff$12020 to $_DFFE_PP_ for $techmap\u_core.$0\reg_next_pc[31:0] [7] -> \u_core.reg_next_pc [7].
  converting $_DFF_P_ cell $auto$simplemap.cc:420:simplemap_dff$12021 to $_DFFE_PP_ for $techmap\u_core.$0\reg_next_pc[31:0] [8] -> \u_core.reg_next_pc [8].
  converting $_DFF_P_ cell $auto$simplemap.cc:420:simplemap_dff$12022 to $_DFFE_PP_ for $techmap\u_core.$0\reg_next_pc[31:0] [9] -> \u_core.reg_next_pc [9].
  converting $_DFF_P_ cell $auto$simplemap.cc:420:simplemap_dff$12023 to $_DFFE_PP_ for $techmap\u_core.$0\reg_next_pc[31:0] [10] -> \u_core.reg_next_pc [10].
  converting $_DFF_P_ cell $auto$simplemap.cc:420:simplemap_dff$12024 to $_DFFE_PP_ for $techmap\u_core.$0\reg_next_pc[31:0] [11] -> \u_core.reg_next_pc [11].
  converting $_DFF_P_ cell $auto$simplemap.cc:420:simplemap_dff$12025 to $_DFFE_PP_ for $techmap\u_core.$0\reg_next_pc[31:0] [12] -> \u_core.reg_next_pc [12].
  converting $_DFF_P_ cell $auto$simplemap.cc:420:simplemap_dff$12026 to $_DFFE_PP_ for $techmap\u_core.$0\reg_next_pc[31:0] [13] -> \u_core.reg_next_pc [13].
  converting $_DFF_P_ cell $auto$simplemap.cc:420:simplemap_dff$12027 to $_DFFE_PP_ for $techmap\u_core.$0\reg_next_pc[31:0] [14] -> \u_core.reg_next_pc [14].
  converting $_DFF_P_ cell $auto$simplemap.cc:420:simplemap_dff$12028 to $_DFFE_PP_ for $techmap\u_core.$0\reg_next_pc[31:0] [15] -> \u_core.reg_next_pc [15].
  converting $_DFF_P_ cell $auto$simplemap.cc:420:simplemap_dff$12029 to $_DFFE_PP_ for $techmap\u_core.$0\reg_next_pc[31:0] [16] -> \u_core.reg_next_pc [16].
  converting $_DFF_P_ cell $auto$simplemap.cc:420:simplemap_dff$12030 to $_DFFE_PP_ for $techmap\u_core.$0\reg_next_pc[31:0] [17] -> \u_core.reg_next_pc [17].
  converting $_DFF_P_ cell $auto$simplemap.cc:420:simplemap_dff$12031 to $_DFFE_PP_ for $techmap\u_core.$0\reg_next_pc[31:0] [18] -> \u_core.reg_next_pc [18].
  converting $_DFF_P_ cell $auto$simplemap.cc:420:simplemap_dff$12032 to $_DFFE_PP_ for $techmap\u_core.$0\reg_next_pc[31:0] [19] -> \u_core.reg_next_pc [19].
  converting $_DFF_P_ cell $auto$simplemap.cc:420:simplemap_dff$12033 to $_DFFE_PP_ for $techmap\u_core.$0\reg_next_pc[31:0] [20] -> \u_core.reg_next_pc [20].
  converting $_DFF_P_ cell $auto$simplemap.cc:420:simplemap_dff$12034 to $_DFFE_PP_ for $techmap\u_core.$0\reg_next_pc[31:0] [21] -> \u_core.reg_next_pc [21].
  converting $_DFF_P_ cell $auto$simplemap.cc:420:simplemap_dff$12035 to $_DFFE_PP_ for $techmap\u_core.$0\reg_next_pc[31:0] [22] -> \u_core.reg_next_pc [22].
  converting $_DFF_P_ cell $auto$simplemap.cc:420:simplemap_dff$12036 to $_DFFE_PP_ for $techmap\u_core.$0\reg_next_pc[31:0] [23] -> \u_core.reg_next_pc [23].
  converting $_DFF_P_ cell $auto$simplemap.cc:420:simplemap_dff$12037 to $_DFFE_PP_ for $techmap\u_core.$0\reg_next_pc[31:0] [24] -> \u_core.reg_next_pc [24].
  converting $_DFF_P_ cell $auto$simplemap.cc:420:simplemap_dff$12038 to $_DFFE_PP_ for $techmap\u_core.$0\reg_next_pc[31:0] [25] -> \u_core.reg_next_pc [25].
  converting $_DFF_P_ cell $auto$simplemap.cc:420:simplemap_dff$12039 to $_DFFE_PP_ for $techmap\u_core.$0\reg_next_pc[31:0] [26] -> \u_core.reg_next_pc [26].
  converting $_DFF_P_ cell $auto$simplemap.cc:420:simplemap_dff$12040 to $_DFFE_PP_ for $techmap\u_core.$0\reg_next_pc[31:0] [27] -> \u_core.reg_next_pc [27].
  converting $_DFF_P_ cell $auto$simplemap.cc:420:simplemap_dff$12041 to $_DFFE_PP_ for $techmap\u_core.$0\reg_next_pc[31:0] [28] -> \u_core.reg_next_pc [28].
  converting $_DFF_P_ cell $auto$simplemap.cc:420:simplemap_dff$12042 to $_DFFE_PP_ for $techmap\u_core.$0\reg_next_pc[31:0] [29] -> \u_core.reg_next_pc [29].
  converting $_DFF_P_ cell $auto$simplemap.cc:420:simplemap_dff$12043 to $_DFFE_PP_ for $techmap\u_core.$0\reg_next_pc[31:0] [30] -> \u_core.reg_next_pc [30].
  converting $_DFF_P_ cell $auto$simplemap.cc:420:simplemap_dff$12044 to $_DFFE_PP_ for $techmap\u_core.$0\reg_next_pc[31:0] [31] -> \u_core.reg_next_pc [31].
  converting $_DFF_P_ cell $auto$simplemap.cc:420:simplemap_dff$12045 to $_DFFE_PP_ for $techmap\u_core.$0\reg_pc[31:0] [0] -> \u_core.reg_pc [0].
  converting $_DFF_P_ cell $auto$simplemap.cc:420:simplemap_dff$12046 to $_DFFE_PP_ for $techmap\u_core.$0\reg_pc[31:0] [1] -> \u_core.reg_pc [1].
  converting $_DFF_P_ cell $auto$simplemap.cc:420:simplemap_dff$12047 to $_DFFE_PP_ for $techmap\u_core.$0\reg_pc[31:0] [2] -> \u_core.reg_pc [2].
  converting $_DFF_P_ cell $auto$simplemap.cc:420:simplemap_dff$12048 to $_DFFE_PP_ for $techmap\u_core.$0\reg_pc[31:0] [3] -> \u_core.reg_pc [3].
  converting $_DFF_P_ cell $auto$simplemap.cc:420:simplemap_dff$12049 to $_DFFE_PP_ for $techmap\u_core.$0\reg_pc[31:0] [4] -> \u_core.reg_pc [4].
  converting $_DFF_P_ cell $auto$simplemap.cc:420:simplemap_dff$12050 to $_DFFE_PP_ for $techmap\u_core.$0\reg_pc[31:0] [5] -> \u_core.reg_pc [5].
  converting $_DFF_P_ cell $auto$simplemap.cc:420:simplemap_dff$12051 to $_DFFE_PP_ for $techmap\u_core.$0\reg_pc[31:0] [6] -> \u_core.reg_pc [6].
  converting $_DFF_P_ cell $auto$simplemap.cc:420:simplemap_dff$12052 to $_DFFE_PP_ for $techmap\u_core.$0\reg_pc[31:0] [7] -> \u_core.reg_pc [7].
  converting $_DFF_P_ cell $auto$simplemap.cc:420:simplemap_dff$12053 to $_DFFE_PP_ for $techmap\u_core.$0\reg_pc[31:0] [8] -> \u_core.reg_pc [8].
  converting $_DFF_P_ cell $auto$simplemap.cc:420:simplemap_dff$12054 to $_DFFE_PP_ for $techmap\u_core.$0\reg_pc[31:0] [9] -> \u_core.reg_pc [9].
  converting $_DFF_P_ cell $auto$simplemap.cc:420:simplemap_dff$12055 to $_DFFE_PP_ for $techmap\u_core.$0\reg_pc[31:0] [10] -> \u_core.reg_pc [10].
  converting $_DFF_P_ cell $auto$simplemap.cc:420:simplemap_dff$12056 to $_DFFE_PP_ for $techmap\u_core.$0\reg_pc[31:0] [11] -> \u_core.reg_pc [11].
  converting $_DFF_P_ cell $auto$simplemap.cc:420:simplemap_dff$12057 to $_DFFE_PP_ for $techmap\u_core.$0\reg_pc[31:0] [12] -> \u_core.reg_pc [12].
  converting $_DFF_P_ cell $auto$simplemap.cc:420:simplemap_dff$12058 to $_DFFE_PP_ for $techmap\u_core.$0\reg_pc[31:0] [13] -> \u_core.reg_pc [13].
  converting $_DFF_P_ cell $auto$simplemap.cc:420:simplemap_dff$12059 to $_DFFE_PP_ for $techmap\u_core.$0\reg_pc[31:0] [14] -> \u_core.reg_pc [14].
  converting $_DFF_P_ cell $auto$simplemap.cc:420:simplemap_dff$12060 to $_DFFE_PP_ for $techmap\u_core.$0\reg_pc[31:0] [15] -> \u_core.reg_pc [15].
  converting $_DFF_P_ cell $auto$simplemap.cc:420:simplemap_dff$12061 to $_DFFE_PP_ for $techmap\u_core.$0\reg_pc[31:0] [16] -> \u_core.reg_pc [16].
  converting $_DFF_P_ cell $auto$simplemap.cc:420:simplemap_dff$12062 to $_DFFE_PP_ for $techmap\u_core.$0\reg_pc[31:0] [17] -> \u_core.reg_pc [17].
  converting $_DFF_P_ cell $auto$simplemap.cc:420:simplemap_dff$12063 to $_DFFE_PP_ for $techmap\u_core.$0\reg_pc[31:0] [18] -> \u_core.reg_pc [18].
  converting $_DFF_P_ cell $auto$simplemap.cc:420:simplemap_dff$12064 to $_DFFE_PP_ for $techmap\u_core.$0\reg_pc[31:0] [19] -> \u_core.reg_pc [19].
  converting $_DFF_P_ cell $auto$simplemap.cc:420:simplemap_dff$12065 to $_DFFE_PP_ for $techmap\u_core.$0\reg_pc[31:0] [20] -> \u_core.reg_pc [20].
  converting $_DFF_P_ cell $auto$simplemap.cc:420:simplemap_dff$12066 to $_DFFE_PP_ for $techmap\u_core.$0\reg_pc[31:0] [21] -> \u_core.reg_pc [21].
  converting $_DFF_P_ cell $auto$simplemap.cc:420:simplemap_dff$12067 to $_DFFE_PP_ for $techmap\u_core.$0\reg_pc[31:0] [22] -> \u_core.reg_pc [22].
  converting $_DFF_P_ cell $auto$simplemap.cc:420:simplemap_dff$12068 to $_DFFE_PP_ for $techmap\u_core.$0\reg_pc[31:0] [23] -> \u_core.reg_pc [23].
  converting $_DFF_P_ cell $auto$simplemap.cc:420:simplemap_dff$12069 to $_DFFE_PP_ for $techmap\u_core.$0\reg_pc[31:0] [24] -> \u_core.reg_pc [24].
  converting $_DFF_P_ cell $auto$simplemap.cc:420:simplemap_dff$12070 to $_DFFE_PP_ for $techmap\u_core.$0\reg_pc[31:0] [25] -> \u_core.reg_pc [25].
  converting $_DFF_P_ cell $auto$simplemap.cc:420:simplemap_dff$12071 to $_DFFE_PP_ for $techmap\u_core.$0\reg_pc[31:0] [26] -> \u_core.reg_pc [26].
  converting $_DFF_P_ cell $auto$simplemap.cc:420:simplemap_dff$12072 to $_DFFE_PP_ for $techmap\u_core.$0\reg_pc[31:0] [27] -> \u_core.reg_pc [27].
  converting $_DFF_P_ cell $auto$simplemap.cc:420:simplemap_dff$12073 to $_DFFE_PP_ for $techmap\u_core.$0\reg_pc[31:0] [28] -> \u_core.reg_pc [28].
  converting $_DFF_P_ cell $auto$simplemap.cc:420:simplemap_dff$12074 to $_DFFE_PP_ for $techmap\u_core.$0\reg_pc[31:0] [29] -> \u_core.reg_pc [29].
  converting $_DFF_P_ cell $auto$simplemap.cc:420:simplemap_dff$12075 to $_DFFE_PP_ for $techmap\u_core.$0\reg_pc[31:0] [30] -> \u_core.reg_pc [30].
  converting $_DFF_P_ cell $auto$simplemap.cc:420:simplemap_dff$12076 to $_DFFE_PP_ for $techmap\u_core.$0\reg_pc[31:0] [31] -> \u_core.reg_pc [31].
  converting $_DFF_P_ cell $auto$simplemap.cc:420:simplemap_dff$12077 to $_DFFE_PP_ for $techmap\u_core.$0\count_instr[63:0] [0] -> \u_core.count_instr [0].
  converting $_DFF_P_ cell $auto$simplemap.cc:420:simplemap_dff$12078 to $_DFFE_PP_ for $techmap\u_core.$0\count_instr[63:0] [1] -> \u_core.count_instr [1].
  converting $_DFF_P_ cell $auto$simplemap.cc:420:simplemap_dff$12079 to $_DFFE_PP_ for $techmap\u_core.$0\count_instr[63:0] [2] -> \u_core.count_instr [2].
  converting $_DFF_P_ cell $auto$simplemap.cc:420:simplemap_dff$12080 to $_DFFE_PP_ for $techmap\u_core.$0\count_instr[63:0] [3] -> \u_core.count_instr [3].
  converting $_DFF_P_ cell $auto$simplemap.cc:420:simplemap_dff$12081 to $_DFFE_PP_ for $techmap\u_core.$0\count_instr[63:0] [4] -> \u_core.count_instr [4].
  converting $_DFF_P_ cell $auto$simplemap.cc:420:simplemap_dff$12082 to $_DFFE_PP_ for $techmap\u_core.$0\count_instr[63:0] [5] -> \u_core.count_instr [5].
  converting $_DFF_P_ cell $auto$simplemap.cc:420:simplemap_dff$12083 to $_DFFE_PP_ for $techmap\u_core.$0\count_instr[63:0] [6] -> \u_core.count_instr [6].
  converting $_DFF_P_ cell $auto$simplemap.cc:420:simplemap_dff$12084 to $_DFFE_PP_ for $techmap\u_core.$0\count_instr[63:0] [7] -> \u_core.count_instr [7].
  converting $_DFF_P_ cell $auto$simplemap.cc:420:simplemap_dff$12085 to $_DFFE_PP_ for $techmap\u_core.$0\count_instr[63:0] [8] -> \u_core.count_instr [8].
  converting $_DFF_P_ cell $auto$simplemap.cc:420:simplemap_dff$12086 to $_DFFE_PP_ for $techmap\u_core.$0\count_instr[63:0] [9] -> \u_core.count_instr [9].
  converting $_DFF_P_ cell $auto$simplemap.cc:420:simplemap_dff$12087 to $_DFFE_PP_ for $techmap\u_core.$0\count_instr[63:0] [10] -> \u_core.count_instr [10].
  converting $_DFF_P_ cell $auto$simplemap.cc:420:simplemap_dff$12088 to $_DFFE_PP_ for $techmap\u_core.$0\count_instr[63:0] [11] -> \u_core.count_instr [11].
  converting $_DFF_P_ cell $auto$simplemap.cc:420:simplemap_dff$12089 to $_DFFE_PP_ for $techmap\u_core.$0\count_instr[63:0] [12] -> \u_core.count_instr [12].
  converting $_DFF_P_ cell $auto$simplemap.cc:420:simplemap_dff$12090 to $_DFFE_PP_ for $techmap\u_core.$0\count_instr[63:0] [13] -> \u_core.count_instr [13].
  converting $_DFF_P_ cell $auto$simplemap.cc:420:simplemap_dff$12091 to $_DFFE_PP_ for $techmap\u_core.$0\count_instr[63:0] [14] -> \u_core.count_instr [14].
  converting $_DFF_P_ cell $auto$simplemap.cc:420:simplemap_dff$12092 to $_DFFE_PP_ for $techmap\u_core.$0\count_instr[63:0] [15] -> \u_core.count_instr [15].
  converting $_DFF_P_ cell $auto$simplemap.cc:420:simplemap_dff$12093 to $_DFFE_PP_ for $techmap\u_core.$0\count_instr[63:0] [16] -> \u_core.count_instr [16].
  converting $_DFF_P_ cell $auto$simplemap.cc:420:simplemap_dff$12094 to $_DFFE_PP_ for $techmap\u_core.$0\count_instr[63:0] [17] -> \u_core.count_instr [17].
  converting $_DFF_P_ cell $auto$simplemap.cc:420:simplemap_dff$12095 to $_DFFE_PP_ for $techmap\u_core.$0\count_instr[63:0] [18] -> \u_core.count_instr [18].
  converting $_DFF_P_ cell $auto$simplemap.cc:420:simplemap_dff$12096 to $_DFFE_PP_ for $techmap\u_core.$0\count_instr[63:0] [19] -> \u_core.count_instr [19].
  converting $_DFF_P_ cell $auto$simplemap.cc:420:simplemap_dff$12097 to $_DFFE_PP_ for $techmap\u_core.$0\count_instr[63:0] [20] -> \u_core.count_instr [20].
  converting $_DFF_P_ cell $auto$simplemap.cc:420:simplemap_dff$12098 to $_DFFE_PP_ for $techmap\u_core.$0\count_instr[63:0] [21] -> \u_core.count_instr [21].
  converting $_DFF_P_ cell $auto$simplemap.cc:420:simplemap_dff$12099 to $_DFFE_PP_ for $techmap\u_core.$0\count_instr[63:0] [22] -> \u_core.count_instr [22].
  converting $_DFF_P_ cell $auto$simplemap.cc:420:simplemap_dff$12100 to $_DFFE_PP_ for $techmap\u_core.$0\count_instr[63:0] [23] -> \u_core.count_instr [23].
  converting $_DFF_P_ cell $auto$simplemap.cc:420:simplemap_dff$12101 to $_DFFE_PP_ for $techmap\u_core.$0\count_instr[63:0] [24] -> \u_core.count_instr [24].
  converting $_DFF_P_ cell $auto$simplemap.cc:420:simplemap_dff$12102 to $_DFFE_PP_ for $techmap\u_core.$0\count_instr[63:0] [25] -> \u_core.count_instr [25].
  converting $_DFF_P_ cell $auto$simplemap.cc:420:simplemap_dff$12103 to $_DFFE_PP_ for $techmap\u_core.$0\count_instr[63:0] [26] -> \u_core.count_instr [26].
  converting $_DFF_P_ cell $auto$simplemap.cc:420:simplemap_dff$12104 to $_DFFE_PP_ for $techmap\u_core.$0\count_instr[63:0] [27] -> \u_core.count_instr [27].
  converting $_DFF_P_ cell $auto$simplemap.cc:420:simplemap_dff$12105 to $_DFFE_PP_ for $techmap\u_core.$0\count_instr[63:0] [28] -> \u_core.count_instr [28].
  converting $_DFF_P_ cell $auto$simplemap.cc:420:simplemap_dff$12106 to $_DFFE_PP_ for $techmap\u_core.$0\count_instr[63:0] [29] -> \u_core.count_instr [29].
  converting $_DFF_P_ cell $auto$simplemap.cc:420:simplemap_dff$12107 to $_DFFE_PP_ for $techmap\u_core.$0\count_instr[63:0] [30] -> \u_core.count_instr [30].
  converting $_DFF_P_ cell $auto$simplemap.cc:420:simplemap_dff$12108 to $_DFFE_PP_ for $techmap\u_core.$0\count_instr[63:0] [31] -> \u_core.count_instr [31].
  converting $_DFF_P_ cell $auto$simplemap.cc:420:simplemap_dff$12109 to $_DFFE_PP_ for $techmap\u_core.$0\count_instr[63:0] [32] -> \u_core.count_instr [32].
  converting $_DFF_P_ cell $auto$simplemap.cc:420:simplemap_dff$12110 to $_DFFE_PP_ for $techmap\u_core.$0\count_instr[63:0] [33] -> \u_core.count_instr [33].
  converting $_DFF_P_ cell $auto$simplemap.cc:420:simplemap_dff$12111 to $_DFFE_PP_ for $techmap\u_core.$0\count_instr[63:0] [34] -> \u_core.count_instr [34].
  converting $_DFF_P_ cell $auto$simplemap.cc:420:simplemap_dff$12112 to $_DFFE_PP_ for $techmap\u_core.$0\count_instr[63:0] [35] -> \u_core.count_instr [35].
  converting $_DFF_P_ cell $auto$simplemap.cc:420:simplemap_dff$12113 to $_DFFE_PP_ for $techmap\u_core.$0\count_instr[63:0] [36] -> \u_core.count_instr [36].
  converting $_DFF_P_ cell $auto$simplemap.cc:420:simplemap_dff$12114 to $_DFFE_PP_ for $techmap\u_core.$0\count_instr[63:0] [37] -> \u_core.count_instr [37].
  converting $_DFF_P_ cell $auto$simplemap.cc:420:simplemap_dff$12115 to $_DFFE_PP_ for $techmap\u_core.$0\count_instr[63:0] [38] -> \u_core.count_instr [38].
  converting $_DFF_P_ cell $auto$simplemap.cc:420:simplemap_dff$12116 to $_DFFE_PP_ for $techmap\u_core.$0\count_instr[63:0] [39] -> \u_core.count_instr [39].
  converting $_DFF_P_ cell $auto$simplemap.cc:420:simplemap_dff$12117 to $_DFFE_PP_ for $techmap\u_core.$0\count_instr[63:0] [40] -> \u_core.count_instr [40].
  converting $_DFF_P_ cell $auto$simplemap.cc:420:simplemap_dff$12118 to $_DFFE_PP_ for $techmap\u_core.$0\count_instr[63:0] [41] -> \u_core.count_instr [41].
  converting $_DFF_P_ cell $auto$simplemap.cc:420:simplemap_dff$12119 to $_DFFE_PP_ for $techmap\u_core.$0\count_instr[63:0] [42] -> \u_core.count_instr [42].
  converting $_DFF_P_ cell $auto$simplemap.cc:420:simplemap_dff$12120 to $_DFFE_PP_ for $techmap\u_core.$0\count_instr[63:0] [43] -> \u_core.count_instr [43].
  converting $_DFF_P_ cell $auto$simplemap.cc:420:simplemap_dff$12121 to $_DFFE_PP_ for $techmap\u_core.$0\count_instr[63:0] [44] -> \u_core.count_instr [44].
  converting $_DFF_P_ cell $auto$simplemap.cc:420:simplemap_dff$12122 to $_DFFE_PP_ for $techmap\u_core.$0\count_instr[63:0] [45] -> \u_core.count_instr [45].
  converting $_DFF_P_ cell $auto$simplemap.cc:420:simplemap_dff$12123 to $_DFFE_PP_ for $techmap\u_core.$0\count_instr[63:0] [46] -> \u_core.count_instr [46].
  converting $_DFF_P_ cell $auto$simplemap.cc:420:simplemap_dff$12124 to $_DFFE_PP_ for $techmap\u_core.$0\count_instr[63:0] [47] -> \u_core.count_instr [47].
  converting $_DFF_P_ cell $auto$simplemap.cc:420:simplemap_dff$12125 to $_DFFE_PP_ for $techmap\u_core.$0\count_instr[63:0] [48] -> \u_core.count_instr [48].
  converting $_DFF_P_ cell $auto$simplemap.cc:420:simplemap_dff$12126 to $_DFFE_PP_ for $techmap\u_core.$0\count_instr[63:0] [49] -> \u_core.count_instr [49].
  converting $_DFF_P_ cell $auto$simplemap.cc:420:simplemap_dff$12127 to $_DFFE_PP_ for $techmap\u_core.$0\count_instr[63:0] [50] -> \u_core.count_instr [50].
  converting $_DFF_P_ cell $auto$simplemap.cc:420:simplemap_dff$12128 to $_DFFE_PP_ for $techmap\u_core.$0\count_instr[63:0] [51] -> \u_core.count_instr [51].
  converting $_DFF_P_ cell $auto$simplemap.cc:420:simplemap_dff$12129 to $_DFFE_PP_ for $techmap\u_core.$0\count_instr[63:0] [52] -> \u_core.count_instr [52].
  converting $_DFF_P_ cell $auto$simplemap.cc:420:simplemap_dff$12130 to $_DFFE_PP_ for $techmap\u_core.$0\count_instr[63:0] [53] -> \u_core.count_instr [53].
  converting $_DFF_P_ cell $auto$simplemap.cc:420:simplemap_dff$12131 to $_DFFE_PP_ for $techmap\u_core.$0\count_instr[63:0] [54] -> \u_core.count_instr [54].
  converting $_DFF_P_ cell $auto$simplemap.cc:420:simplemap_dff$12132 to $_DFFE_PP_ for $techmap\u_core.$0\count_instr[63:0] [55] -> \u_core.count_instr [55].
  converting $_DFF_P_ cell $auto$simplemap.cc:420:simplemap_dff$12133 to $_DFFE_PP_ for $techmap\u_core.$0\count_instr[63:0] [56] -> \u_core.count_instr [56].
  converting $_DFF_P_ cell $auto$simplemap.cc:420:simplemap_dff$12134 to $_DFFE_PP_ for $techmap\u_core.$0\count_instr[63:0] [57] -> \u_core.count_instr [57].
  converting $_DFF_P_ cell $auto$simplemap.cc:420:simplemap_dff$12135 to $_DFFE_PP_ for $techmap\u_core.$0\count_instr[63:0] [58] -> \u_core.count_instr [58].
  converting $_DFF_P_ cell $auto$simplemap.cc:420:simplemap_dff$12136 to $_DFFE_PP_ for $techmap\u_core.$0\count_instr[63:0] [59] -> \u_core.count_instr [59].
  converting $_DFF_P_ cell $auto$simplemap.cc:420:simplemap_dff$12137 to $_DFFE_PP_ for $techmap\u_core.$0\count_instr[63:0] [60] -> \u_core.count_instr [60].
  converting $_DFF_P_ cell $auto$simplemap.cc:420:simplemap_dff$12138 to $_DFFE_PP_ for $techmap\u_core.$0\count_instr[63:0] [61] -> \u_core.count_instr [61].
  converting $_DFF_P_ cell $auto$simplemap.cc:420:simplemap_dff$12139 to $_DFFE_PP_ for $techmap\u_core.$0\count_instr[63:0] [62] -> \u_core.count_instr [62].
  converting $_DFF_P_ cell $auto$simplemap.cc:420:simplemap_dff$12140 to $_DFFE_PP_ for $techmap\u_core.$0\count_instr[63:0] [63] -> \u_core.count_instr [63].
  converting $_DFF_P_ cell $auto$simplemap.cc:420:simplemap_dff$12142 to $_DFFE_PP_ for $techmap\u_core.$0\count_cycle[63:0] [1] -> \u_core.count_cycle [1].

6.35. Executing TECHMAP pass (map to technology primitives).

6.35.1. Executing Verilog-2005 frontend: /usr/bin/../share/yosys/ice40/cells_map.v
Parsing Verilog input from `/usr/bin/../share/yosys/ice40/cells_map.v' to AST representation.
Generating RTLIL representation for module `\$_DFF_N_'.
Generating RTLIL representation for module `\$_DFF_P_'.
Generating RTLIL representation for module `\$_DFFE_NN_'.
Generating RTLIL representation for module `\$_DFFE_PN_'.
Generating RTLIL representation for module `\$_DFFE_NP_'.
Generating RTLIL representation for module `\$_DFFE_PP_'.
Generating RTLIL representation for module `\$_DFF_NN0_'.
Generating RTLIL representation for module `\$_DFF_NN1_'.
Generating RTLIL representation for module `\$_DFF_PN0_'.
Generating RTLIL representation for module `\$_DFF_PN1_'.
Generating RTLIL representation for module `\$_DFF_NP0_'.
Generating RTLIL representation for module `\$_DFF_NP1_'.
Generating RTLIL representation for module `\$_DFF_PP0_'.
Generating RTLIL representation for module `\$_DFF_PP1_'.
Generating RTLIL representation for module `\$__DFFE_NN0'.
Generating RTLIL representation for module `\$__DFFE_NN1'.
Generating RTLIL representation for module `\$__DFFE_PN0'.
Generating RTLIL representation for module `\$__DFFE_PN1'.
Generating RTLIL representation for module `\$__DFFE_NP0'.
Generating RTLIL representation for module `\$__DFFE_NP1'.
Generating RTLIL representation for module `\$__DFFE_PP0'.
Generating RTLIL representation for module `\$__DFFE_PP1'.
Successfully finished Verilog frontend.

6.35.2. Continuing TECHMAP pass.
Using template \$_DFF_P_ for cells of type $_DFF_P_.
Using template \$_DFFE_PP_ for cells of type $_DFFE_PP_.
No more expansions possible.
<suppressed ~566 debug messages>

6.36. Executing OPT_EXPR pass (perform const folding).
Optimizing module picorv32_baseline_c_ksa_wrapper.
<suppressed ~1032 debug messages>

6.37. Executing SIMPLEMAP pass (map simple cells to gate primitives).

6.38. Executing ICE40_FFINIT pass (implement FF init values).
Handling FF init values in picorv32_baseline_c_ksa_wrapper.

6.39. Executing ICE40_FFSSR pass (merge synchronous set/reset into FF cells).
Merging set/reset $_MUX_ cells into SB_FFs in picorv32_baseline_c_ksa_wrapper.
  Merging $auto$simplemap.cc:277:simplemap_mux$14929 (A=1'0, B=$techmap\u_core.$add$../picorv32.v:1467$4256_Y [8], S=\resetn) into $auto$simplemap.cc:420:simplemap_dff$12149 (SB_DFF).
  Merging $auto$simplemap.cc:277:simplemap_mux$16111 (A=\u_core.mem_rdata_q [0], B=1'0, S=\u_core.mem_valid) into $auto$simplemap.cc:420:simplemap_dff$11635 (SB_DFF).
  Merging $auto$simplemap.cc:277:simplemap_mux$11092 (A=$auto$memory_bram.cc:837:replace_cell$10505 [15], B=1'0, S=$auto$simplemap.cc:256:simplemap_eqne$11080) into $auto$simplemap.cc:420:simplemap_dff$11128 (SB_DFF).
  Merging $auto$simplemap.cc:277:simplemap_mux$11259 (A=$auto$memory_bram.cc:837:replace_cell$10505 [15], B=1'0, S=$auto$simplemap.cc:256:simplemap_eqne$11201) into $auto$simplemap.cc:420:simplemap_dff$11257 (SB_DFF).
  Merging $auto$simplemap.cc:277:simplemap_mux$16112 (A=\u_core.mem_rdata_q [1], B=1'0, S=\u_core.mem_valid) into $auto$simplemap.cc:420:simplemap_dff$11636 (SB_DFF).
  Merging $auto$simplemap.cc:277:simplemap_mux$16113 (A=\u_core.mem_rdata_q [2], B=1'0, S=\u_core.mem_valid) into $auto$simplemap.cc:420:simplemap_dff$11637 (SB_DFF).
  Merging $auto$simplemap.cc:277:simplemap_mux$16114 (A=\u_core.mem_rdata_q [3], B=1'0, S=\u_core.mem_valid) into $auto$simplemap.cc:420:simplemap_dff$11638 (SB_DFF).
  Merging $auto$simplemap.cc:277:simplemap_mux$16115 (A=\u_core.mem_rdata_q [4], B=1'0, S=\u_core.mem_valid) into $auto$simplemap.cc:420:simplemap_dff$11639 (SB_DFF).
  Merging $auto$simplemap.cc:277:simplemap_mux$16116 (A=\u_core.mem_rdata_q [5], B=1'0, S=\u_core.mem_valid) into $auto$simplemap.cc:420:simplemap_dff$11640 (SB_DFF).
  Merging $auto$simplemap.cc:277:simplemap_mux$16117 (A=\u_core.mem_rdata_q [6], B=1'0, S=\u_core.mem_valid) into $auto$simplemap.cc:420:simplemap_dff$11641 (SB_DFF).
  Merging $auto$simplemap.cc:277:simplemap_mux$16118 (A=\u_core.mem_rdata_q [7], B=1'0, S=\u_core.mem_valid) into $auto$simplemap.cc:420:simplemap_dff$11642 (SB_DFF).
  Merging $auto$simplemap.cc:277:simplemap_mux$16120 (A=\u_core.mem_rdata_q [9], B=1'0, S=\u_core.mem_valid) into $auto$simplemap.cc:420:simplemap_dff$11644 (SB_DFF).
  Merging $auto$simplemap.cc:277:simplemap_mux$16121 (A=\u_core.mem_rdata_q [10], B=1'0, S=\u_core.mem_valid) into $auto$simplemap.cc:420:simplemap_dff$11645 (SB_DFF).
  Merging $auto$simplemap.cc:277:simplemap_mux$16122 (A=\u_core.mem_rdata_q [11], B=1'0, S=\u_core.mem_valid) into $auto$simplemap.cc:420:simplemap_dff$11646 (SB_DFF).
  Merging $auto$simplemap.cc:277:simplemap_mux$16123 (A=\u_core.mem_rdata_q [12], B=1'0, S=\u_core.mem_valid) into $auto$simplemap.cc:420:simplemap_dff$11647 (SB_DFF).
  Merging $auto$simplemap.cc:277:simplemap_mux$16124 (A=\u_core.mem_rdata_q [13], B=1'0, S=\u_core.mem_valid) into $auto$simplemap.cc:420:simplemap_dff$11648 (SB_DFF).
  Merging $auto$simplemap.cc:277:simplemap_mux$16125 (A=\u_core.mem_rdata_q [14], B=1'0, S=\u_core.mem_valid) into $auto$simplemap.cc:420:simplemap_dff$11649 (SB_DFF).
  Merging $auto$simplemap.cc:277:simplemap_mux$16126 (A=\u_core.mem_rdata_q [15], B=1'0, S=\u_core.mem_valid) into $auto$simplemap.cc:420:simplemap_dff$11650 (SB_DFF).
  Merging $auto$simplemap.cc:277:simplemap_mux$16127 (A=\u_core.mem_rdata_q [16], B=1'0, S=\u_core.mem_valid) into $auto$simplemap.cc:420:simplemap_dff$11651 (SB_DFF).
  Merging $auto$simplemap.cc:277:simplemap_mux$16128 (A=\u_core.mem_rdata_q [17], B=1'0, S=\u_core.mem_valid) into $auto$simplemap.cc:420:simplemap_dff$11652 (SB_DFF).
  Merging $auto$simplemap.cc:277:simplemap_mux$16129 (A=\u_core.mem_rdata_q [18], B=1'0, S=\u_core.mem_valid) into $auto$simplemap.cc:420:simplemap_dff$11653 (SB_DFF).
  Merging $auto$simplemap.cc:277:simplemap_mux$16130 (A=\u_core.mem_rdata_q [19], B=1'0, S=\u_core.mem_valid) into $auto$simplemap.cc:420:simplemap_dff$11654 (SB_DFF).
  Merging $auto$simplemap.cc:277:simplemap_mux$16131 (A=\u_core.mem_rdata_q [20], B=1'0, S=\u_core.mem_valid) into $auto$simplemap.cc:420:simplemap_dff$11655 (SB_DFF).
  Merging $auto$simplemap.cc:277:simplemap_mux$16132 (A=\u_core.mem_rdata_q [21], B=1'0, S=\u_core.mem_valid) into $auto$simplemap.cc:420:simplemap_dff$11656 (SB_DFF).
  Merging $auto$simplemap.cc:277:simplemap_mux$16133 (A=\u_core.mem_rdata_q [22], B=1'0, S=\u_core.mem_valid) into $auto$simplemap.cc:420:simplemap_dff$11657 (SB_DFF).
  Merging $auto$simplemap.cc:277:simplemap_mux$16134 (A=\u_core.mem_rdata_q [23], B=1'0, S=\u_core.mem_valid) into $auto$simplemap.cc:420:simplemap_dff$11658 (SB_DFF).
  Merging $auto$simplemap.cc:277:simplemap_mux$16135 (A=\u_core.mem_rdata_q [24], B=1'0, S=\u_core.mem_valid) into $auto$simplemap.cc:420:simplemap_dff$11659 (SB_DFF).
  Merging $auto$simplemap.cc:277:simplemap_mux$16136 (A=\u_core.mem_rdata_q [25], B=1'0, S=\u_core.mem_valid) into $auto$simplemap.cc:420:simplemap_dff$11660 (SB_DFF).
  Merging $auto$simplemap.cc:277:simplemap_mux$16137 (A=\u_core.mem_rdata_q [26], B=1'0, S=\u_core.mem_valid) into $auto$simplemap.cc:420:simplemap_dff$11661 (SB_DFF).
  Merging $auto$simplemap.cc:277:simplemap_mux$16138 (A=\u_core.mem_rdata_q [27], B=1'0, S=\u_core.mem_valid) into $auto$simplemap.cc:420:simplemap_dff$11662 (SB_DFF).
  Merging $auto$simplemap.cc:277:simplemap_mux$16139 (A=\u_core.mem_rdata_q [28], B=1'0, S=\u_core.mem_valid) into $auto$simplemap.cc:420:simplemap_dff$11663 (SB_DFF).
  Merging $auto$simplemap.cc:277:simplemap_mux$16140 (A=\u_core.mem_rdata_q [29], B=1'0, S=\u_core.mem_valid) into $auto$simplemap.cc:420:simplemap_dff$11664 (SB_DFF).
  Merging $auto$simplemap.cc:277:simplemap_mux$16141 (A=\u_core.mem_rdata_q [30], B=1'0, S=\u_core.mem_valid) into $auto$simplemap.cc:420:simplemap_dff$11665 (SB_DFF).
  Merging $auto$simplemap.cc:277:simplemap_mux$12318 (A=\u_core.mem_rdata_q [31], B=1'0, S=\u_core.mem_valid) into $auto$simplemap.cc:420:simplemap_dff$11666 (SB_DFF).
  Merging $auto$simplemap.cc:277:simplemap_mux$12475 (A=$techmap$techmap\u_core.$procmux$9675.$reduce_or$/usr/bin/../share/yosys/techmap.v:441$12498_Y, B=1'0, S=$techmap\u_core.$logic_or$../picorv32.v:567$3887_Y) into $auto$simplemap.cc:420:simplemap_dff$11667 (SB_DFFE).
  Merging $auto$simplemap.cc:277:simplemap_mux$12476 (A=$techmap$techmap\u_core.$procmux$9675.$reduce_or$/usr/bin/../share/yosys/techmap.v:441$12499_Y, B=1'0, S=$techmap\u_core.$logic_or$../picorv32.v:567$3887_Y) into $auto$simplemap.cc:420:simplemap_dff$11668 (SB_DFFE).
  Merging $auto$simplemap.cc:277:simplemap_mux$16119 (A=\u_core.mem_rdata_q [8], B=1'0, S=\u_core.mem_valid) into $auto$simplemap.cc:420:simplemap_dff$11643 (SB_DFF).
  Merging $auto$simplemap.cc:277:simplemap_mux$12329 (A=$techmap\u_core.$logic_or$../picorv32.v:381$3813_Y, B=1'0, S=\u_core.mem_do_wdata) into $auto$simplemap.cc:420:simplemap_dff$11733 (SB_DFFE).
  Merging $auto$simplemap.cc:277:simplemap_mux$16132 (A=\u_core.mem_rdata_q [21], B=1'0, S=\u_core.mem_valid) into $auto$simplemap.cc:420:simplemap_dff$11747 (SB_DFFE).
  Merging $auto$simplemap.cc:277:simplemap_mux$12319 (A=$techmap$techmap\u_core.$procmux$9733.$and$/usr/bin/../share/yosys/techmap.v:434$12325_Y, B=1'0, S=$techmap\u_core.$logic_or$../picorv32.v:567$3887_Y) into $auto$simplemap.cc:420:simplemap_dff$11734 (SB_DFFE).
  Merging $auto$simplemap.cc:277:simplemap_mux$12656 (A=1'0, B=$techmap\u_core.$procmux$9118_Y, S=\resetn) into $auto$simplemap.cc:420:simplemap_dff$11735 (SB_DFF).
  Merging $auto$simplemap.cc:277:simplemap_mux$12662 (A=1'0, B=$techmap\u_core.$eq$../picorv32.v:875$3938_Y, S=\resetn) into $auto$simplemap.cc:420:simplemap_dff$11738 (SB_DFFE).
  Merging $auto$simplemap.cc:277:simplemap_mux$16134 (A=\u_core.mem_rdata_q [23], B=1'0, S=\u_core.mem_valid) into $auto$simplemap.cc:420:simplemap_dff$11749 (SB_DFFE).
  Merging $auto$simplemap.cc:277:simplemap_mux$16133 (A=\u_core.mem_rdata_q [22], B=1'0, S=\u_core.mem_valid) into $auto$simplemap.cc:420:simplemap_dff$11748 (SB_DFFE).
  Merging $auto$simplemap.cc:277:simplemap_mux$16135 (A=\u_core.mem_rdata_q [24], B=1'0, S=\u_core.mem_valid) into $auto$simplemap.cc:420:simplemap_dff$11750 (SB_DFFE).
  Merging $auto$simplemap.cc:277:simplemap_mux$16136 (A=\u_core.mem_rdata_q [25], B=1'0, S=\u_core.mem_valid) into $auto$simplemap.cc:420:simplemap_dff$11751 (SB_DFFE).
  Merging $auto$simplemap.cc:277:simplemap_mux$16137 (A=\u_core.mem_rdata_q [26], B=1'0, S=\u_core.mem_valid) into $auto$simplemap.cc:420:simplemap_dff$11752 (SB_DFFE).
  Merging $auto$simplemap.cc:277:simplemap_mux$16138 (A=\u_core.mem_rdata_q [27], B=1'0, S=\u_core.mem_valid) into $auto$simplemap.cc:420:simplemap_dff$11753 (SB_DFFE).
  Merging $auto$simplemap.cc:277:simplemap_mux$16139 (A=\u_core.mem_rdata_q [28], B=1'0, S=\u_core.mem_valid) into $auto$simplemap.cc:420:simplemap_dff$11754 (SB_DFFE).
  Merging $auto$simplemap.cc:277:simplemap_mux$16140 (A=\u_core.mem_rdata_q [29], B=1'0, S=\u_core.mem_valid) into $auto$simplemap.cc:420:simplemap_dff$11755 (SB_DFFE).
  Merging $auto$simplemap.cc:277:simplemap_mux$16141 (A=\u_core.mem_rdata_q [30], B=1'0, S=\u_core.mem_valid) into $auto$simplemap.cc:420:simplemap_dff$11756 (SB_DFFE).
  Merging $auto$simplemap.cc:277:simplemap_mux$16131 (A=\u_core.mem_rdata_q [20], B=1'0, S=\u_core.mem_valid) into $auto$simplemap.cc:420:simplemap_dff$11757 (SB_DFFE).
  Merging $auto$simplemap.cc:277:simplemap_mux$16123 (A=\u_core.mem_rdata_q [12], B=1'0, S=\u_core.mem_valid) into $auto$simplemap.cc:420:simplemap_dff$11758 (SB_DFFE).
  Merging $auto$simplemap.cc:277:simplemap_mux$16124 (A=\u_core.mem_rdata_q [13], B=1'0, S=\u_core.mem_valid) into $auto$simplemap.cc:420:simplemap_dff$11759 (SB_DFFE).
  Merging $auto$simplemap.cc:277:simplemap_mux$16125 (A=\u_core.mem_rdata_q [14], B=1'0, S=\u_core.mem_valid) into $auto$simplemap.cc:420:simplemap_dff$11760 (SB_DFFE).
  Merging $auto$simplemap.cc:277:simplemap_mux$16126 (A=\u_core.mem_rdata_q [15], B=1'0, S=\u_core.mem_valid) into $auto$simplemap.cc:420:simplemap_dff$11761 (SB_DFFE).
  Merging $auto$simplemap.cc:277:simplemap_mux$16127 (A=\u_core.mem_rdata_q [16], B=1'0, S=\u_core.mem_valid) into $auto$simplemap.cc:420:simplemap_dff$11762 (SB_DFFE).
  Merging $auto$simplemap.cc:277:simplemap_mux$16128 (A=\u_core.mem_rdata_q [17], B=1'0, S=\u_core.mem_valid) into $auto$simplemap.cc:420:simplemap_dff$11763 (SB_DFFE).
  Merging $auto$simplemap.cc:277:simplemap_mux$16129 (A=\u_core.mem_rdata_q [18], B=1'0, S=\u_core.mem_valid) into $auto$simplemap.cc:420:simplemap_dff$11764 (SB_DFFE).
  Merging $auto$simplemap.cc:277:simplemap_mux$16130 (A=\u_core.mem_rdata_q [19], B=1'0, S=\u_core.mem_valid) into $auto$simplemap.cc:420:simplemap_dff$11765 (SB_DFFE).
  Merging $auto$simplemap.cc:277:simplemap_mux$12318 (A=\u_core.mem_rdata_q [31], B=1'0, S=\u_core.mem_valid) into $auto$simplemap.cc:420:simplemap_dff$11766 (SB_DFFE).
  Merging $auto$simplemap.cc:277:simplemap_mux$12318 (A=\u_core.mem_rdata_q [31], B=1'0, S=\u_core.mem_valid) into $auto$simplemap.cc:420:simplemap_dff$11767 (SB_DFFE).
  Merging $auto$simplemap.cc:277:simplemap_mux$12318 (A=\u_core.mem_rdata_q [31], B=1'0, S=\u_core.mem_valid) into $auto$simplemap.cc:420:simplemap_dff$11768 (SB_DFFE).
  Merging $auto$simplemap.cc:277:simplemap_mux$12318 (A=\u_core.mem_rdata_q [31], B=1'0, S=\u_core.mem_valid) into $auto$simplemap.cc:420:simplemap_dff$11769 (SB_DFFE).
  Merging $auto$simplemap.cc:277:simplemap_mux$12318 (A=\u_core.mem_rdata_q [31], B=1'0, S=\u_core.mem_valid) into $auto$simplemap.cc:420:simplemap_dff$11770 (SB_DFFE).
  Merging $auto$simplemap.cc:277:simplemap_mux$12318 (A=\u_core.mem_rdata_q [31], B=1'0, S=\u_core.mem_valid) into $auto$simplemap.cc:420:simplemap_dff$11771 (SB_DFFE).
  Merging $auto$simplemap.cc:277:simplemap_mux$12318 (A=\u_core.mem_rdata_q [31], B=1'0, S=\u_core.mem_valid) into $auto$simplemap.cc:420:simplemap_dff$11772 (SB_DFFE).
  Merging $auto$simplemap.cc:277:simplemap_mux$12318 (A=\u_core.mem_rdata_q [31], B=1'0, S=\u_core.mem_valid) into $auto$simplemap.cc:420:simplemap_dff$11773 (SB_DFFE).
  Merging $auto$simplemap.cc:277:simplemap_mux$12318 (A=\u_core.mem_rdata_q [31], B=1'0, S=\u_core.mem_valid) into $auto$simplemap.cc:420:simplemap_dff$11774 (SB_DFFE).
  Merging $auto$simplemap.cc:277:simplemap_mux$12318 (A=\u_core.mem_rdata_q [31], B=1'0, S=\u_core.mem_valid) into $auto$simplemap.cc:420:simplemap_dff$11775 (SB_DFFE).
  Merging $auto$simplemap.cc:277:simplemap_mux$12318 (A=\u_core.mem_rdata_q [31], B=1'0, S=\u_core.mem_valid) into $auto$simplemap.cc:420:simplemap_dff$11776 (SB_DFFE).
  Merging $auto$simplemap.cc:277:simplemap_mux$12318 (A=\u_core.mem_rdata_q [31], B=1'0, S=\u_core.mem_valid) into $auto$simplemap.cc:420:simplemap_dff$11777 (SB_DFFE).
  Merging $auto$simplemap.cc:277:simplemap_mux$18901 (A=1'0, B=$techmap$techmap\u_core.$procmux$9123.$reduce_or$/usr/bin/../share/yosys/techmap.v:441$12625_Y, S=$techmap$techmap\u_core.$procmux$9123.$reduce_or$/usr/bin/../share/yosys/techmap.v:445$12617_Y) into $auto$simplemap.cc:420:simplemap_dff$11779 (SB_DFFE).
  Merging $auto$simplemap.cc:277:simplemap_mux$18902 (A=1'0, B=$techmap$techmap\u_core.$procmux$9123.$reduce_or$/usr/bin/../share/yosys/techmap.v:441$12626_Y, S=$techmap$techmap\u_core.$procmux$9123.$reduce_or$/usr/bin/../share/yosys/techmap.v:445$12617_Y) into $auto$simplemap.cc:420:simplemap_dff$11780 (SB_DFFE).
  Merging $auto$simplemap.cc:277:simplemap_mux$18903 (A=1'0, B=$techmap$techmap\u_core.$procmux$9123.$reduce_or$/usr/bin/../share/yosys/techmap.v:441$12627_Y, S=$techmap$techmap\u_core.$procmux$9123.$reduce_or$/usr/bin/../share/yosys/techmap.v:445$12617_Y) into $auto$simplemap.cc:420:simplemap_dff$11781 (SB_DFFE).
  Merging $auto$simplemap.cc:277:simplemap_mux$18904 (A=1'0, B=$techmap$techmap\u_core.$procmux$9123.$reduce_or$/usr/bin/../share/yosys/techmap.v:441$12628_Y, S=$techmap$techmap\u_core.$procmux$9123.$reduce_or$/usr/bin/../share/yosys/techmap.v:445$12617_Y) into $auto$simplemap.cc:420:simplemap_dff$11782 (SB_DFFE).
  Merging $auto$simplemap.cc:277:simplemap_mux$18905 (A=1'0, B=$techmap$techmap\u_core.$procmux$9123.$reduce_or$/usr/bin/../share/yosys/techmap.v:441$12629_Y, S=$techmap$techmap\u_core.$procmux$9123.$reduce_or$/usr/bin/../share/yosys/techmap.v:445$12617_Y) into $auto$simplemap.cc:420:simplemap_dff$11783 (SB_DFFE).
  Merging $auto$simplemap.cc:277:simplemap_mux$18906 (A=1'0, B=$techmap$techmap\u_core.$procmux$9123.$reduce_or$/usr/bin/../share/yosys/techmap.v:441$12630_Y, S=$techmap$techmap\u_core.$procmux$9123.$reduce_or$/usr/bin/../share/yosys/techmap.v:445$12617_Y) into $auto$simplemap.cc:420:simplemap_dff$11784 (SB_DFFE).
  Merging $auto$simplemap.cc:277:simplemap_mux$18907 (A=1'0, B=$techmap$techmap\u_core.$procmux$9123.$reduce_or$/usr/bin/../share/yosys/techmap.v:441$12631_Y, S=$techmap$techmap\u_core.$procmux$9123.$reduce_or$/usr/bin/../share/yosys/techmap.v:445$12617_Y) into $auto$simplemap.cc:420:simplemap_dff$11785 (SB_DFFE).
  Merging $auto$simplemap.cc:277:simplemap_mux$18909 (A=1'0, B=$techmap$techmap\u_core.$procmux$9123.$reduce_or$/usr/bin/../share/yosys/techmap.v:441$12633_Y, S=$techmap$techmap\u_core.$procmux$9123.$reduce_or$/usr/bin/../share/yosys/techmap.v:445$12617_Y) into $auto$simplemap.cc:420:simplemap_dff$11787 (SB_DFFE).
  Merging $auto$simplemap.cc:277:simplemap_mux$18910 (A=1'0, B=$techmap$techmap\u_core.$procmux$9123.$reduce_or$/usr/bin/../share/yosys/techmap.v:441$12634_Y, S=$techmap$techmap\u_core.$procmux$9123.$reduce_or$/usr/bin/../share/yosys/techmap.v:445$12617_Y) into $auto$simplemap.cc:420:simplemap_dff$11788 (SB_DFFE).
  Merging $auto$simplemap.cc:277:simplemap_mux$18911 (A=1'0, B=$techmap$techmap\u_core.$procmux$9123.$reduce_or$/usr/bin/../share/yosys/techmap.v:441$12635_Y, S=$techmap$techmap\u_core.$procmux$9123.$reduce_or$/usr/bin/../share/yosys/techmap.v:445$12617_Y) into $auto$simplemap.cc:420:simplemap_dff$11789 (SB_DFFE).
  Merging $auto$simplemap.cc:277:simplemap_mux$18912 (A=1'0, B=$techmap$techmap\u_core.$procmux$9123.$reduce_or$/usr/bin/../share/yosys/techmap.v:441$12636_Y, S=$techmap$techmap\u_core.$procmux$9123.$reduce_or$/usr/bin/../share/yosys/techmap.v:445$12617_Y) into $auto$simplemap.cc:420:simplemap_dff$11790 (SB_DFFE).
  Merging $auto$simplemap.cc:277:simplemap_mux$18913 (A=1'0, B=$techmap$techmap\u_core.$procmux$9123.$reduce_or$/usr/bin/../share/yosys/techmap.v:441$12637_Y, S=$techmap$techmap\u_core.$procmux$9123.$reduce_or$/usr/bin/../share/yosys/techmap.v:445$12617_Y) into $auto$simplemap.cc:420:simplemap_dff$11791 (SB_DFFE).
  Merging $auto$simplemap.cc:277:simplemap_mux$18914 (A=1'0, B=$techmap$techmap\u_core.$procmux$9123.$reduce_or$/usr/bin/../share/yosys/techmap.v:441$12638_Y, S=$techmap$techmap\u_core.$procmux$9123.$reduce_or$/usr/bin/../share/yosys/techmap.v:445$12617_Y) into $auto$simplemap.cc:420:simplemap_dff$11792 (SB_DFFE).
  Merging $auto$simplemap.cc:277:simplemap_mux$18915 (A=1'0, B=$techmap$techmap\u_core.$procmux$9123.$reduce_or$/usr/bin/../share/yosys/techmap.v:441$12639_Y, S=$techmap$techmap\u_core.$procmux$9123.$reduce_or$/usr/bin/../share/yosys/techmap.v:445$12617_Y) into $auto$simplemap.cc:420:simplemap_dff$11793 (SB_DFFE).
  Merging $auto$simplemap.cc:277:simplemap_mux$18916 (A=1'0, B=$techmap$techmap\u_core.$procmux$9123.$reduce_or$/usr/bin/../share/yosys/techmap.v:441$12640_Y, S=$techmap$techmap\u_core.$procmux$9123.$reduce_or$/usr/bin/../share/yosys/techmap.v:445$12617_Y) into $auto$simplemap.cc:420:simplemap_dff$11794 (SB_DFFE).
  Merging $auto$simplemap.cc:277:simplemap_mux$18917 (A=1'0, B=$techmap$techmap\u_core.$procmux$9123.$reduce_or$/usr/bin/../share/yosys/techmap.v:441$12641_Y, S=$techmap$techmap\u_core.$procmux$9123.$reduce_or$/usr/bin/../share/yosys/techmap.v:445$12617_Y) into $auto$simplemap.cc:420:simplemap_dff$11795 (SB_DFFE).
  Merging $auto$simplemap.cc:277:simplemap_mux$18918 (A=1'0, B=$techmap$techmap\u_core.$procmux$9123.$reduce_or$/usr/bin/../share/yosys/techmap.v:441$12642_Y, S=$techmap$techmap\u_core.$procmux$9123.$reduce_or$/usr/bin/../share/yosys/techmap.v:445$12617_Y) into $auto$simplemap.cc:420:simplemap_dff$11796 (SB_DFFE).
  Merging $auto$simplemap.cc:277:simplemap_mux$18919 (A=1'0, B=$techmap$techmap\u_core.$procmux$9123.$reduce_or$/usr/bin/../share/yosys/techmap.v:441$12643_Y, S=$techmap$techmap\u_core.$procmux$9123.$reduce_or$/usr/bin/../share/yosys/techmap.v:445$12617_Y) into $auto$simplemap.cc:420:simplemap_dff$11797 (SB_DFFE).
  Merging $auto$simplemap.cc:277:simplemap_mux$18920 (A=1'0, B=$techmap$techmap\u_core.$procmux$9123.$reduce_or$/usr/bin/../share/yosys/techmap.v:441$12644_Y, S=$techmap$techmap\u_core.$procmux$9123.$reduce_or$/usr/bin/../share/yosys/techmap.v:445$12617_Y) into $auto$simplemap.cc:420:simplemap_dff$11798 (SB_DFFE).
  Merging $auto$simplemap.cc:277:simplemap_mux$18921 (A=1'0, B=$techmap$techmap\u_core.$procmux$9123.$reduce_or$/usr/bin/../share/yosys/techmap.v:441$12645_Y, S=$techmap$techmap\u_core.$procmux$9123.$reduce_or$/usr/bin/../share/yosys/techmap.v:445$12617_Y) into $auto$simplemap.cc:420:simplemap_dff$11799 (SB_DFFE).
  Merging $auto$simplemap.cc:277:simplemap_mux$18922 (A=1'0, B=$techmap$techmap\u_core.$procmux$9123.$reduce_or$/usr/bin/../share/yosys/techmap.v:441$12646_Y, S=$techmap$techmap\u_core.$procmux$9123.$reduce_or$/usr/bin/../share/yosys/techmap.v:445$12617_Y) into $auto$simplemap.cc:420:simplemap_dff$11800 (SB_DFFE).
  Merging $auto$simplemap.cc:277:simplemap_mux$18923 (A=1'0, B=$techmap$techmap\u_core.$procmux$9123.$reduce_or$/usr/bin/../share/yosys/techmap.v:441$12647_Y, S=$techmap$techmap\u_core.$procmux$9123.$reduce_or$/usr/bin/../share/yosys/techmap.v:445$12617_Y) into $auto$simplemap.cc:420:simplemap_dff$11801 (SB_DFFE).
  Merging $auto$simplemap.cc:277:simplemap_mux$18924 (A=1'0, B=$techmap$techmap\u_core.$procmux$9123.$reduce_or$/usr/bin/../share/yosys/techmap.v:441$12648_Y, S=$techmap$techmap\u_core.$procmux$9123.$reduce_or$/usr/bin/../share/yosys/techmap.v:445$12617_Y) into $auto$simplemap.cc:420:simplemap_dff$11802 (SB_DFFE).
  Merging $auto$simplemap.cc:277:simplemap_mux$18925 (A=1'0, B=$techmap$techmap\u_core.$procmux$9123.$reduce_or$/usr/bin/../share/yosys/techmap.v:441$12649_Y, S=$techmap$techmap\u_core.$procmux$9123.$reduce_or$/usr/bin/../share/yosys/techmap.v:445$12617_Y) into $auto$simplemap.cc:420:simplemap_dff$11803 (SB_DFFE).
  Merging $auto$simplemap.cc:277:simplemap_mux$18926 (A=1'0, B=$techmap$techmap\u_core.$procmux$9123.$reduce_or$/usr/bin/../share/yosys/techmap.v:441$12650_Y, S=$techmap$techmap\u_core.$procmux$9123.$reduce_or$/usr/bin/../share/yosys/techmap.v:445$12617_Y) into $auto$simplemap.cc:420:simplemap_dff$11804 (SB_DFFE).
  Merging $auto$simplemap.cc:277:simplemap_mux$18927 (A=1'0, B=$techmap$techmap\u_core.$procmux$9123.$reduce_or$/usr/bin/../share/yosys/techmap.v:441$12651_Y, S=$techmap$techmap\u_core.$procmux$9123.$reduce_or$/usr/bin/../share/yosys/techmap.v:445$12617_Y) into $auto$simplemap.cc:420:simplemap_dff$11805 (SB_DFFE).
  Merging $auto$simplemap.cc:277:simplemap_mux$18928 (A=1'0, B=$techmap$techmap\u_core.$procmux$9123.$reduce_or$/usr/bin/../share/yosys/techmap.v:441$12652_Y, S=$techmap$techmap\u_core.$procmux$9123.$reduce_or$/usr/bin/../share/yosys/techmap.v:445$12617_Y) into $auto$simplemap.cc:420:simplemap_dff$11806 (SB_DFFE).
  Merging $auto$simplemap.cc:277:simplemap_mux$18929 (A=1'0, B=$techmap$techmap\u_core.$procmux$9123.$reduce_or$/usr/bin/../share/yosys/techmap.v:441$12653_Y, S=$techmap$techmap\u_core.$procmux$9123.$reduce_or$/usr/bin/../share/yosys/techmap.v:445$12617_Y) into $auto$simplemap.cc:420:simplemap_dff$11807 (SB_DFFE).
  Merging $auto$simplemap.cc:277:simplemap_mux$18930 (A=1'0, B=$techmap$techmap\u_core.$procmux$9123.$reduce_or$/usr/bin/../share/yosys/techmap.v:441$12654_Y, S=$techmap$techmap\u_core.$procmux$9123.$reduce_or$/usr/bin/../share/yosys/techmap.v:445$12617_Y) into $auto$simplemap.cc:420:simplemap_dff$11808 (SB_DFFE).
  Merging $auto$simplemap.cc:277:simplemap_mux$18931 (A=1'0, B=$techmap$techmap\u_core.$procmux$9123.$reduce_or$/usr/bin/../share/yosys/techmap.v:441$12655_Y, S=$techmap$techmap\u_core.$procmux$9123.$reduce_or$/usr/bin/../share/yosys/techmap.v:445$12617_Y) into $auto$simplemap.cc:420:simplemap_dff$11809 (SB_DFFE).
  Merging $auto$simplemap.cc:277:simplemap_mux$18908 (A=1'0, B=$techmap$techmap\u_core.$procmux$9123.$reduce_or$/usr/bin/../share/yosys/techmap.v:441$12632_Y, S=$techmap$techmap\u_core.$procmux$9123.$reduce_or$/usr/bin/../share/yosys/techmap.v:445$12617_Y) into $auto$simplemap.cc:420:simplemap_dff$11786 (SB_DFFE).
  Merging $auto$simplemap.cc:277:simplemap_mux$16118 (A=\u_core.mem_rdata_q [7], B=1'0, S=\u_core.mem_valid) into $auto$simplemap.cc:420:simplemap_dff$11820 (SB_DFFE).
  Merging $auto$simplemap.cc:277:simplemap_mux$16119 (A=\u_core.mem_rdata_q [8], B=1'0, S=\u_core.mem_valid) into $auto$simplemap.cc:420:simplemap_dff$11821 (SB_DFFE).
  Merging $auto$simplemap.cc:277:simplemap_mux$16120 (A=\u_core.mem_rdata_q [9], B=1'0, S=\u_core.mem_valid) into $auto$simplemap.cc:420:simplemap_dff$11822 (SB_DFFE).
  Merging $auto$simplemap.cc:277:simplemap_mux$16121 (A=\u_core.mem_rdata_q [10], B=1'0, S=\u_core.mem_valid) into $auto$simplemap.cc:420:simplemap_dff$11823 (SB_DFFE).
  Merging $auto$simplemap.cc:277:simplemap_mux$16122 (A=\u_core.mem_rdata_q [11], B=1'0, S=\u_core.mem_valid) into $auto$simplemap.cc:420:simplemap_dff$11824 (SB_DFFE).
  Merging $auto$simplemap.cc:277:simplemap_mux$12565 (A=1'0, B=$techmap\u_core.$logic_and$../picorv32.v:1089$4124_Y, S=\resetn) into $auto$simplemap.cc:420:simplemap_dff$11825 (SB_DFFE).
  Merging $auto$simplemap.cc:277:simplemap_mux$12547 (A=1'0, B=$techmap\u_core.$logic_and$../picorv32.v:1072$4063_Y, S=\resetn) into $auto$simplemap.cc:420:simplemap_dff$11836 (SB_DFFE).
  Merging $auto$simplemap.cc:277:simplemap_mux$12559 (A=1'0, B=$techmap\u_core.$logic_and$../picorv32.v:1078$4087_Y, S=\resetn) into $auto$simplemap.cc:420:simplemap_dff$11830 (SB_DFFE).
  Merging $auto$simplemap.cc:277:simplemap_mux$12557 (A=1'0, B=$techmap\u_core.$logic_and$../picorv32.v:1077$4083_Y, S=\resetn) into $auto$simplemap.cc:420:simplemap_dff$11831 (SB_DFFE).
  Merging $auto$simplemap.cc:277:simplemap_mux$12555 (A=1'0, B=$techmap\u_core.$logic_and$../picorv32.v:1076$4079_Y, S=\resetn) into $auto$simplemap.cc:420:simplemap_dff$11832 (SB_DFFE).
  Merging $auto$simplemap.cc:277:simplemap_mux$12553 (A=1'0, B=$techmap\u_core.$logic_and$../picorv32.v:1075$4075_Y, S=\resetn) into $auto$simplemap.cc:420:simplemap_dff$11833 (SB_DFFE).
  Merging $auto$simplemap.cc:277:simplemap_mux$12551 (A=1'0, B=$techmap\u_core.$logic_and$../picorv32.v:1074$4071_Y, S=\resetn) into $auto$simplemap.cc:420:simplemap_dff$11834 (SB_DFFE).
  Merging $auto$simplemap.cc:277:simplemap_mux$12534 (A=1'0, B=$techmap\u_core.$logic_and$../picorv32.v:1062$4033_Y, S=\resetn) into $auto$simplemap.cc:420:simplemap_dff$11844 (SB_DFFE).
  Merging $auto$simplemap.cc:277:simplemap_mux$12545 (A=1'0, B=$techmap\u_core.$logic_and$../picorv32.v:1071$4059_Y, S=\resetn) into $auto$simplemap.cc:420:simplemap_dff$11837 (SB_DFFE).
  Merging $auto$simplemap.cc:277:simplemap_mux$12543 (A=1'0, B=$techmap\u_core.$logic_and$../picorv32.v:1070$4055_Y, S=\resetn) into $auto$simplemap.cc:420:simplemap_dff$11838 (SB_DFFE).
  Merging $auto$simplemap.cc:277:simplemap_mux$12541 (A=1'0, B=$techmap\u_core.$logic_and$../picorv32.v:1069$4051_Y, S=\resetn) into $auto$simplemap.cc:420:simplemap_dff$11839 (SB_DFFE).
  Merging $auto$simplemap.cc:277:simplemap_mux$12549 (A=1'0, B=$techmap\u_core.$logic_and$../picorv32.v:1073$4067_Y, S=\resetn) into $auto$simplemap.cc:420:simplemap_dff$11835 (SB_DFFE).
  Merging $auto$simplemap.cc:277:simplemap_mux$12532 (A=1'0, B=$techmap\u_core.$logic_and$../picorv32.v:1061$4031_Y, S=\resetn) into $auto$simplemap.cc:420:simplemap_dff$11845 (SB_DFFE).
  Merging $auto$simplemap.cc:277:simplemap_mux$12530 (A=1'0, B=$techmap\u_core.$logic_and$../picorv32.v:1060$4029_Y, S=\resetn) into $auto$simplemap.cc:420:simplemap_dff$11846 (SB_DFFE).
  Merging $auto$simplemap.cc:277:simplemap_mux$12528 (A=1'0, B=$techmap\u_core.$logic_and$../picorv32.v:1059$4027_Y, S=\resetn) into $auto$simplemap.cc:420:simplemap_dff$11847 (SB_DFFE).
  Merging $auto$simplemap.cc:277:simplemap_mux$12526 (A=1'0, B=$techmap\u_core.$logic_and$../picorv32.v:1058$4025_Y, S=\resetn) into $auto$simplemap.cc:420:simplemap_dff$11848 (SB_DFFE).
  Merging $auto$simplemap.cc:277:simplemap_mux$12536 (A=1'0, B=$techmap\u_core.$logic_and$../picorv32.v:1063$4035_Y, S=\resetn) into $auto$simplemap.cc:420:simplemap_dff$11843 (SB_DFFE).
  Merging $auto$simplemap.cc:277:simplemap_mux$12510 (A=1'0, B=$techmap\u_core.$logic_and$../picorv32.v:1043$4001_Y, S=\resetn) into $auto$simplemap.cc:420:simplemap_dff$11860 (SB_DFFE).
  Merging $auto$simplemap.cc:277:simplemap_mux$12516 (A=1'0, B=$techmap\u_core.$logic_and$../picorv32.v:1046$4007_Y, S=\resetn) into $auto$simplemap.cc:420:simplemap_dff$11857 (SB_DFFE).
  Merging $auto$simplemap.cc:277:simplemap_mux$12514 (A=1'0, B=$techmap\u_core.$logic_and$../picorv32.v:1045$4005_Y, S=\resetn) into $auto$simplemap.cc:420:simplemap_dff$11858 (SB_DFFE).
  Merging $auto$simplemap.cc:277:simplemap_mux$12508 (A=1'0, B=$techmap\u_core.$logic_and$../picorv32.v:1042$3999_Y, S=\resetn) into $auto$simplemap.cc:420:simplemap_dff$11861 (SB_DFFE).
  Merging $auto$simplemap.cc:277:simplemap_mux$12506 (A=1'0, B=$techmap\u_core.$logic_and$../picorv32.v:1041$3997_Y, S=\resetn) into $auto$simplemap.cc:420:simplemap_dff$11862 (SB_DFFE).
  Merging $auto$simplemap.cc:277:simplemap_mux$12512 (A=1'0, B=$techmap\u_core.$logic_and$../picorv32.v:1044$4003_Y, S=\resetn) into $auto$simplemap.cc:420:simplemap_dff$11859 (SB_DFFE).
  Merging $auto$simplemap.cc:277:simplemap_mux$14612 (A=1'0, B=$techmap$techmap\u_core.$procmux$8122.$and$/usr/bin/../share/yosys/techmap.v:434$12324_Y, S=\resetn) into $auto$simplemap.cc:420:simplemap_dff$11907 (SB_DFFE).
  Merging $auto$simplemap.cc:277:simplemap_mux$14602 (A=1'0, B=$techmap$techmap\u_core.$procmux$8129.$reduce_or$/usr/bin/../share/yosys/techmap.v:441$14611_Y, S=\resetn) into $auto$simplemap.cc:420:simplemap_dff$11908 (SB_DFFE).
  Merging $auto$simplemap.cc:277:simplemap_mux$14651 (A=1'0, B=$techmap\u_core.$procmux$7759_Y, S=\resetn) into $auto$simplemap.cc:420:simplemap_dff$11909 (SB_DFF).
  Merging $auto$simplemap.cc:277:simplemap_mux$14656 (A=1'0, B=$techmap\u_core.$2\set_mem_do_wdata[0:0], S=\resetn) into $auto$simplemap.cc:420:simplemap_dff$11911 (SB_DFFE).
  Merging $auto$simplemap.cc:277:simplemap_mux$14655 (A=1'0, B=$techmap\u_core.$2\set_mem_do_rdata[0:0], S=\resetn) into $auto$simplemap.cc:420:simplemap_dff$11912 (SB_DFFE).
  Merging $auto$simplemap.cc:277:simplemap_mux$14526 (A=$techmap\u_core.$procmux$8468_Y, B=1'1, S=$techmap\u_core.$0\set_mem_do_rinst[0:0]) into $auto$simplemap.cc:420:simplemap_dff$11913 (SB_DFFE).
  Merging $auto$simplemap.cc:277:simplemap_mux$14614 (A=1'0, B=$techmap$techmap\u_core.$procmux$8086.$reduce_or$/usr/bin/../share/yosys/techmap.v:441$12326_Y, S=\resetn) into $auto$simplemap.cc:420:simplemap_dff$11906 (SB_DFFE).
  Merging $auto$simplemap.cc:277:simplemap_mux$14521 (A=$techmap\u_core.$logic_and$../picorv32.v:1607$4313_Y, B=1'0, S=$techmap\u_core.$logic_or$../picorv32.v:1983$4426_Y) into $auto$simplemap.cc:420:simplemap_dff$11914 (SB_DFFE).
  Merging $auto$simplemap.cc:277:simplemap_mux$14041 (A=1'0, B=$techmap\u_core.$procmux$8688_Y [0], S=\resetn) into $auto$simplemap.cc:420:simplemap_dff$12013 (SB_DFFE).
  Merging $auto$simplemap.cc:277:simplemap_mux$14042 (A=1'0, B=$techmap\u_core.$procmux$8688_Y [1], S=\resetn) into $auto$simplemap.cc:420:simplemap_dff$12014 (SB_DFFE).
  Merging $auto$simplemap.cc:277:simplemap_mux$14043 (A=1'0, B=$techmap\u_core.$procmux$8688_Y [2], S=\resetn) into $auto$simplemap.cc:420:simplemap_dff$12015 (SB_DFFE).
  Merging $auto$simplemap.cc:277:simplemap_mux$14044 (A=1'0, B=$techmap\u_core.$procmux$8688_Y [3], S=\resetn) into $auto$simplemap.cc:420:simplemap_dff$12016 (SB_DFFE).
  Merging $auto$simplemap.cc:277:simplemap_mux$14045 (A=1'0, B=$techmap\u_core.$procmux$8688_Y [4], S=\resetn) into $auto$simplemap.cc:420:simplemap_dff$12017 (SB_DFFE).
  Merging $auto$simplemap.cc:277:simplemap_mux$14046 (A=1'0, B=$techmap\u_core.$procmux$8688_Y [5], S=\resetn) into $auto$simplemap.cc:420:simplemap_dff$12018 (SB_DFFE).
  Merging $auto$simplemap.cc:277:simplemap_mux$14047 (A=1'0, B=$techmap\u_core.$procmux$8688_Y [6], S=\resetn) into $auto$simplemap.cc:420:simplemap_dff$12019 (SB_DFFE).
  Merging $auto$simplemap.cc:277:simplemap_mux$14048 (A=1'0, B=$techmap\u_core.$procmux$8688_Y [7], S=\resetn) into $auto$simplemap.cc:420:simplemap_dff$12020 (SB_DFFE).
  Merging $auto$simplemap.cc:277:simplemap_mux$14050 (A=1'0, B=$techmap\u_core.$procmux$8688_Y [9], S=\resetn) into $auto$simplemap.cc:420:simplemap_dff$12022 (SB_DFFE).
  Merging $auto$simplemap.cc:277:simplemap_mux$14051 (A=1'0, B=$techmap\u_core.$procmux$8688_Y [10], S=\resetn) into $auto$simplemap.cc:420:simplemap_dff$12023 (SB_DFFE).
  Merging $auto$simplemap.cc:277:simplemap_mux$14052 (A=1'0, B=$techmap\u_core.$procmux$8688_Y [11], S=\resetn) into $auto$simplemap.cc:420:simplemap_dff$12024 (SB_DFFE).
  Merging $auto$simplemap.cc:277:simplemap_mux$14053 (A=1'0, B=$techmap\u_core.$procmux$8688_Y [12], S=\resetn) into $auto$simplemap.cc:420:simplemap_dff$12025 (SB_DFFE).
  Merging $auto$simplemap.cc:277:simplemap_mux$14054 (A=1'0, B=$techmap\u_core.$procmux$8688_Y [13], S=\resetn) into $auto$simplemap.cc:420:simplemap_dff$12026 (SB_DFFE).
  Merging $auto$simplemap.cc:277:simplemap_mux$14055 (A=1'0, B=$techmap\u_core.$procmux$8688_Y [14], S=\resetn) into $auto$simplemap.cc:420:simplemap_dff$12027 (SB_DFFE).
  Merging $auto$simplemap.cc:277:simplemap_mux$14056 (A=1'0, B=$techmap\u_core.$procmux$8688_Y [15], S=\resetn) into $auto$simplemap.cc:420:simplemap_dff$12028 (SB_DFFE).
  Merging $auto$simplemap.cc:277:simplemap_mux$14057 (A=1'0, B=$techmap\u_core.$procmux$8688_Y [16], S=\resetn) into $auto$simplemap.cc:420:simplemap_dff$12029 (SB_DFFE).
  Merging $auto$simplemap.cc:277:simplemap_mux$14058 (A=1'0, B=$techmap\u_core.$procmux$8688_Y [17], S=\resetn) into $auto$simplemap.cc:420:simplemap_dff$12030 (SB_DFFE).
  Merging $auto$simplemap.cc:277:simplemap_mux$14059 (A=1'0, B=$techmap\u_core.$procmux$8688_Y [18], S=\resetn) into $auto$simplemap.cc:420:simplemap_dff$12031 (SB_DFFE).
  Merging $auto$simplemap.cc:277:simplemap_mux$14060 (A=1'0, B=$techmap\u_core.$procmux$8688_Y [19], S=\resetn) into $auto$simplemap.cc:420:simplemap_dff$12032 (SB_DFFE).
  Merging $auto$simplemap.cc:277:simplemap_mux$14061 (A=1'0, B=$techmap\u_core.$procmux$8688_Y [20], S=\resetn) into $auto$simplemap.cc:420:simplemap_dff$12033 (SB_DFFE).
  Merging $auto$simplemap.cc:277:simplemap_mux$14062 (A=1'0, B=$techmap\u_core.$procmux$8688_Y [21], S=\resetn) into $auto$simplemap.cc:420:simplemap_dff$12034 (SB_DFFE).
  Merging $auto$simplemap.cc:277:simplemap_mux$14063 (A=1'0, B=$techmap\u_core.$procmux$8688_Y [22], S=\resetn) into $auto$simplemap.cc:420:simplemap_dff$12035 (SB_DFFE).
  Merging $auto$simplemap.cc:277:simplemap_mux$14064 (A=1'0, B=$techmap\u_core.$procmux$8688_Y [23], S=\resetn) into $auto$simplemap.cc:420:simplemap_dff$12036 (SB_DFFE).
  Merging $auto$simplemap.cc:277:simplemap_mux$14065 (A=1'0, B=$techmap\u_core.$procmux$8688_Y [24], S=\resetn) into $auto$simplemap.cc:420:simplemap_dff$12037 (SB_DFFE).
  Merging $auto$simplemap.cc:277:simplemap_mux$14066 (A=1'0, B=$techmap\u_core.$procmux$8688_Y [25], S=\resetn) into $auto$simplemap.cc:420:simplemap_dff$12038 (SB_DFFE).
  Merging $auto$simplemap.cc:277:simplemap_mux$14067 (A=1'0, B=$techmap\u_core.$procmux$8688_Y [26], S=\resetn) into $auto$simplemap.cc:420:simplemap_dff$12039 (SB_DFFE).
  Merging $auto$simplemap.cc:277:simplemap_mux$14068 (A=1'0, B=$techmap\u_core.$procmux$8688_Y [27], S=\resetn) into $auto$simplemap.cc:420:simplemap_dff$12040 (SB_DFFE).
  Merging $auto$simplemap.cc:277:simplemap_mux$14069 (A=1'0, B=$techmap\u_core.$procmux$8688_Y [28], S=\resetn) into $auto$simplemap.cc:420:simplemap_dff$12041 (SB_DFFE).
  Merging $auto$simplemap.cc:277:simplemap_mux$14070 (A=1'0, B=$techmap\u_core.$procmux$8688_Y [29], S=\resetn) into $auto$simplemap.cc:420:simplemap_dff$12042 (SB_DFFE).
  Merging $auto$simplemap.cc:277:simplemap_mux$14071 (A=1'0, B=$techmap\u_core.$procmux$8688_Y [30], S=\resetn) into $auto$simplemap.cc:420:simplemap_dff$12043 (SB_DFFE).
  Merging $auto$simplemap.cc:277:simplemap_mux$14072 (A=1'0, B=$techmap\u_core.$procmux$8688_Y [31], S=\resetn) into $auto$simplemap.cc:420:simplemap_dff$12044 (SB_DFFE).
  Merging $auto$simplemap.cc:277:simplemap_mux$13977 (A=1'0, B=$auto$alumacc.cc:474:replace_alu$10297.BB [0], S=\resetn) into $auto$simplemap.cc:420:simplemap_dff$12045 (SB_DFFE).
  Merging $auto$simplemap.cc:277:simplemap_mux$13978 (A=1'0, B=$auto$alumacc.cc:474:replace_alu$10297.BB [1], S=\resetn) into $auto$simplemap.cc:420:simplemap_dff$12046 (SB_DFFE).
  Merging $auto$simplemap.cc:277:simplemap_mux$13979 (A=1'0, B=$auto$alumacc.cc:474:replace_alu$10297.BB [2], S=\resetn) into $auto$simplemap.cc:420:simplemap_dff$12047 (SB_DFFE).
  Merging $auto$simplemap.cc:277:simplemap_mux$13980 (A=1'0, B=$auto$alumacc.cc:474:replace_alu$10297.BB [3], S=\resetn) into $auto$simplemap.cc:420:simplemap_dff$12048 (SB_DFFE).
  Merging $auto$simplemap.cc:277:simplemap_mux$13981 (A=1'0, B=$auto$alumacc.cc:474:replace_alu$10297.BB [4], S=\resetn) into $auto$simplemap.cc:420:simplemap_dff$12049 (SB_DFFE).
  Merging $auto$simplemap.cc:277:simplemap_mux$13982 (A=1'0, B=$auto$alumacc.cc:474:replace_alu$10297.BB [5], S=\resetn) into $auto$simplemap.cc:420:simplemap_dff$12050 (SB_DFFE).
  Merging $auto$simplemap.cc:277:simplemap_mux$13983 (A=1'0, B=$auto$alumacc.cc:474:replace_alu$10297.BB [6], S=\resetn) into $auto$simplemap.cc:420:simplemap_dff$12051 (SB_DFFE).
  Merging $auto$simplemap.cc:277:simplemap_mux$13984 (A=1'0, B=$auto$alumacc.cc:474:replace_alu$10297.BB [7], S=\resetn) into $auto$simplemap.cc:420:simplemap_dff$12052 (SB_DFFE).
  Merging $auto$simplemap.cc:277:simplemap_mux$13986 (A=1'0, B=$auto$alumacc.cc:474:replace_alu$10297.BB [9], S=\resetn) into $auto$simplemap.cc:420:simplemap_dff$12054 (SB_DFFE).
  Merging $auto$simplemap.cc:277:simplemap_mux$14049 (A=1'0, B=$techmap\u_core.$procmux$8688_Y [8], S=\resetn) into $auto$simplemap.cc:420:simplemap_dff$12021 (SB_DFFE).
  Merging $auto$simplemap.cc:277:simplemap_mux$13987 (A=1'0, B=$auto$alumacc.cc:474:replace_alu$10297.BB [10], S=\resetn) into $auto$simplemap.cc:420:simplemap_dff$12055 (SB_DFFE).
  Merging $auto$simplemap.cc:277:simplemap_mux$13988 (A=1'0, B=$auto$alumacc.cc:474:replace_alu$10297.BB [11], S=\resetn) into $auto$simplemap.cc:420:simplemap_dff$12056 (SB_DFFE).
  Merging $auto$simplemap.cc:277:simplemap_mux$13989 (A=1'0, B=$auto$alumacc.cc:474:replace_alu$10297.BB [12], S=\resetn) into $auto$simplemap.cc:420:simplemap_dff$12057 (SB_DFFE).
  Merging $auto$simplemap.cc:277:simplemap_mux$13990 (A=1'0, B=$auto$alumacc.cc:474:replace_alu$10297.BB [13], S=\resetn) into $auto$simplemap.cc:420:simplemap_dff$12058 (SB_DFFE).
  Merging $auto$simplemap.cc:277:simplemap_mux$13991 (A=1'0, B=$auto$alumacc.cc:474:replace_alu$10297.BB [14], S=\resetn) into $auto$simplemap.cc:420:simplemap_dff$12059 (SB_DFFE).
  Merging $auto$simplemap.cc:277:simplemap_mux$13992 (A=1'0, B=$auto$alumacc.cc:474:replace_alu$10297.BB [15], S=\resetn) into $auto$simplemap.cc:420:simplemap_dff$12060 (SB_DFFE).
  Merging $auto$simplemap.cc:277:simplemap_mux$13993 (A=1'0, B=$auto$alumacc.cc:474:replace_alu$10297.BB [16], S=\resetn) into $auto$simplemap.cc:420:simplemap_dff$12061 (SB_DFFE).
  Merging $auto$simplemap.cc:277:simplemap_mux$13994 (A=1'0, B=$auto$alumacc.cc:474:replace_alu$10297.BB [17], S=\resetn) into $auto$simplemap.cc:420:simplemap_dff$12062 (SB_DFFE).
  Merging $auto$simplemap.cc:277:simplemap_mux$13995 (A=1'0, B=$auto$alumacc.cc:474:replace_alu$10297.BB [18], S=\resetn) into $auto$simplemap.cc:420:simplemap_dff$12063 (SB_DFFE).
  Merging $auto$simplemap.cc:277:simplemap_mux$13996 (A=1'0, B=$auto$alumacc.cc:474:replace_alu$10297.BB [19], S=\resetn) into $auto$simplemap.cc:420:simplemap_dff$12064 (SB_DFFE).
  Merging $auto$simplemap.cc:277:simplemap_mux$13997 (A=1'0, B=$auto$alumacc.cc:474:replace_alu$10297.BB [20], S=\resetn) into $auto$simplemap.cc:420:simplemap_dff$12065 (SB_DFFE).
  Merging $auto$simplemap.cc:277:simplemap_mux$13998 (A=1'0, B=$auto$alumacc.cc:474:replace_alu$10297.BB [21], S=\resetn) into $auto$simplemap.cc:420:simplemap_dff$12066 (SB_DFFE).
  Merging $auto$simplemap.cc:277:simplemap_mux$13999 (A=1'0, B=$auto$alumacc.cc:474:replace_alu$10297.BB [22], S=\resetn) into $auto$simplemap.cc:420:simplemap_dff$12067 (SB_DFFE).
  Merging $auto$simplemap.cc:277:simplemap_mux$14000 (A=1'0, B=$auto$alumacc.cc:474:replace_alu$10297.BB [23], S=\resetn) into $auto$simplemap.cc:420:simplemap_dff$12068 (SB_DFFE).
  Merging $auto$simplemap.cc:277:simplemap_mux$14001 (A=1'0, B=$auto$alumacc.cc:474:replace_alu$10297.BB [24], S=\resetn) into $auto$simplemap.cc:420:simplemap_dff$12069 (SB_DFFE).
  Merging $auto$simplemap.cc:277:simplemap_mux$14002 (A=1'0, B=$auto$alumacc.cc:474:replace_alu$10297.BB [25], S=\resetn) into $auto$simplemap.cc:420:simplemap_dff$12070 (SB_DFFE).
  Merging $auto$simplemap.cc:277:simplemap_mux$14003 (A=1'0, B=$auto$alumacc.cc:474:replace_alu$10297.BB [26], S=\resetn) into $auto$simplemap.cc:420:simplemap_dff$12071 (SB_DFFE).
  Merging $auto$simplemap.cc:277:simplemap_mux$14004 (A=1'0, B=$auto$alumacc.cc:474:replace_alu$10297.BB [27], S=\resetn) into $auto$simplemap.cc:420:simplemap_dff$12072 (SB_DFFE).
  Merging $auto$simplemap.cc:277:simplemap_mux$14005 (A=1'0, B=$auto$alumacc.cc:474:replace_alu$10297.BB [28], S=\resetn) into $auto$simplemap.cc:420:simplemap_dff$12073 (SB_DFFE).
  Merging $auto$simplemap.cc:277:simplemap_mux$14006 (A=1'0, B=$auto$alumacc.cc:474:replace_alu$10297.BB [29], S=\resetn) into $auto$simplemap.cc:420:simplemap_dff$12074 (SB_DFFE).
  Merging $auto$simplemap.cc:277:simplemap_mux$14007 (A=1'0, B=$auto$alumacc.cc:474:replace_alu$10297.BB [30], S=\resetn) into $auto$simplemap.cc:420:simplemap_dff$12075 (SB_DFFE).
  Merging $auto$simplemap.cc:277:simplemap_mux$14008 (A=1'0, B=$auto$alumacc.cc:474:replace_alu$10297.BB [31], S=\resetn) into $auto$simplemap.cc:420:simplemap_dff$12076 (SB_DFFE).
  Merging $auto$simplemap.cc:277:simplemap_mux$13785 (A=1'0, B=$techmap\u_core.$add$../picorv32.v:1598$4309_Y [0], S=\resetn) into $auto$simplemap.cc:420:simplemap_dff$12077 (SB_DFFE).
  Merging $auto$simplemap.cc:277:simplemap_mux$13786 (A=1'0, B=$auto$simplemap.cc:309:simplemap_lut$20331 [1], S=\resetn) into $auto$simplemap.cc:420:simplemap_dff$12078 (SB_DFFE).
  Merging $auto$simplemap.cc:277:simplemap_mux$13787 (A=1'0, B=$techmap\u_core.$add$../picorv32.v:1598$4309_Y [2], S=\resetn) into $auto$simplemap.cc:420:simplemap_dff$12079 (SB_DFFE).
  Merging $auto$simplemap.cc:277:simplemap_mux$13788 (A=1'0, B=$techmap\u_core.$add$../picorv32.v:1598$4309_Y [3], S=\resetn) into $auto$simplemap.cc:420:simplemap_dff$12080 (SB_DFFE).
  Merging $auto$simplemap.cc:277:simplemap_mux$13789 (A=1'0, B=$techmap\u_core.$add$../picorv32.v:1598$4309_Y [4], S=\resetn) into $auto$simplemap.cc:420:simplemap_dff$12081 (SB_DFFE).
  Merging $auto$simplemap.cc:277:simplemap_mux$13790 (A=1'0, B=$techmap\u_core.$add$../picorv32.v:1598$4309_Y [5], S=\resetn) into $auto$simplemap.cc:420:simplemap_dff$12082 (SB_DFFE).
  Merging $auto$simplemap.cc:277:simplemap_mux$13791 (A=1'0, B=$techmap\u_core.$add$../picorv32.v:1598$4309_Y [6], S=\resetn) into $auto$simplemap.cc:420:simplemap_dff$12083 (SB_DFFE).
  Merging $auto$simplemap.cc:277:simplemap_mux$13792 (A=1'0, B=$techmap\u_core.$add$../picorv32.v:1598$4309_Y [7], S=\resetn) into $auto$simplemap.cc:420:simplemap_dff$12084 (SB_DFFE).
  Merging $auto$simplemap.cc:277:simplemap_mux$13794 (A=1'0, B=$techmap\u_core.$add$../picorv32.v:1598$4309_Y [9], S=\resetn) into $auto$simplemap.cc:420:simplemap_dff$12086 (SB_DFFE).
  Merging $auto$simplemap.cc:277:simplemap_mux$13985 (A=1'0, B=$auto$alumacc.cc:474:replace_alu$10297.BB [8], S=\resetn) into $auto$simplemap.cc:420:simplemap_dff$12053 (SB_DFFE).
  Merging $auto$simplemap.cc:277:simplemap_mux$13795 (A=1'0, B=$techmap\u_core.$add$../picorv32.v:1598$4309_Y [10], S=\resetn) into $auto$simplemap.cc:420:simplemap_dff$12087 (SB_DFFE).
  Merging $auto$simplemap.cc:277:simplemap_mux$13796 (A=1'0, B=$techmap\u_core.$add$../picorv32.v:1598$4309_Y [11], S=\resetn) into $auto$simplemap.cc:420:simplemap_dff$12088 (SB_DFFE).
  Merging $auto$simplemap.cc:277:simplemap_mux$13797 (A=1'0, B=$techmap\u_core.$add$../picorv32.v:1598$4309_Y [12], S=\resetn) into $auto$simplemap.cc:420:simplemap_dff$12089 (SB_DFFE).
  Merging $auto$simplemap.cc:277:simplemap_mux$13798 (A=1'0, B=$techmap\u_core.$add$../picorv32.v:1598$4309_Y [13], S=\resetn) into $auto$simplemap.cc:420:simplemap_dff$12090 (SB_DFFE).
  Merging $auto$simplemap.cc:277:simplemap_mux$13799 (A=1'0, B=$techmap\u_core.$add$../picorv32.v:1598$4309_Y [14], S=\resetn) into $auto$simplemap.cc:420:simplemap_dff$12091 (SB_DFFE).
  Merging $auto$simplemap.cc:277:simplemap_mux$13800 (A=1'0, B=$techmap\u_core.$add$../picorv32.v:1598$4309_Y [15], S=\resetn) into $auto$simplemap.cc:420:simplemap_dff$12092 (SB_DFFE).
  Merging $auto$simplemap.cc:277:simplemap_mux$13801 (A=1'0, B=$techmap\u_core.$add$../picorv32.v:1598$4309_Y [16], S=\resetn) into $auto$simplemap.cc:420:simplemap_dff$12093 (SB_DFFE).
  Merging $auto$simplemap.cc:277:simplemap_mux$13802 (A=1'0, B=$techmap\u_core.$add$../picorv32.v:1598$4309_Y [17], S=\resetn) into $auto$simplemap.cc:420:simplemap_dff$12094 (SB_DFFE).
  Merging $auto$simplemap.cc:277:simplemap_mux$13803 (A=1'0, B=$techmap\u_core.$add$../picorv32.v:1598$4309_Y [18], S=\resetn) into $auto$simplemap.cc:420:simplemap_dff$12095 (SB_DFFE).
  Merging $auto$simplemap.cc:277:simplemap_mux$13804 (A=1'0, B=$techmap\u_core.$add$../picorv32.v:1598$4309_Y [19], S=\resetn) into $auto$simplemap.cc:420:simplemap_dff$12096 (SB_DFFE).
  Merging $auto$simplemap.cc:277:simplemap_mux$13805 (A=1'0, B=$techmap\u_core.$add$../picorv32.v:1598$4309_Y [20], S=\resetn) into $auto$simplemap.cc:420:simplemap_dff$12097 (SB_DFFE).
  Merging $auto$simplemap.cc:277:simplemap_mux$13806 (A=1'0, B=$techmap\u_core.$add$../picorv32.v:1598$4309_Y [21], S=\resetn) into $auto$simplemap.cc:420:simplemap_dff$12098 (SB_DFFE).
  Merging $auto$simplemap.cc:277:simplemap_mux$13807 (A=1'0, B=$techmap\u_core.$add$../picorv32.v:1598$4309_Y [22], S=\resetn) into $auto$simplemap.cc:420:simplemap_dff$12099 (SB_DFFE).
  Merging $auto$simplemap.cc:277:simplemap_mux$13808 (A=1'0, B=$techmap\u_core.$add$../picorv32.v:1598$4309_Y [23], S=\resetn) into $auto$simplemap.cc:420:simplemap_dff$12100 (SB_DFFE).
  Merging $auto$simplemap.cc:277:simplemap_mux$13809 (A=1'0, B=$techmap\u_core.$add$../picorv32.v:1598$4309_Y [24], S=\resetn) into $auto$simplemap.cc:420:simplemap_dff$12101 (SB_DFFE).
  Merging $auto$simplemap.cc:277:simplemap_mux$13810 (A=1'0, B=$techmap\u_core.$add$../picorv32.v:1598$4309_Y [25], S=\resetn) into $auto$simplemap.cc:420:simplemap_dff$12102 (SB_DFFE).
  Merging $auto$simplemap.cc:277:simplemap_mux$13811 (A=1'0, B=$techmap\u_core.$add$../picorv32.v:1598$4309_Y [26], S=\resetn) into $auto$simplemap.cc:420:simplemap_dff$12103 (SB_DFFE).
  Merging $auto$simplemap.cc:277:simplemap_mux$13812 (A=1'0, B=$techmap\u_core.$add$../picorv32.v:1598$4309_Y [27], S=\resetn) into $auto$simplemap.cc:420:simplemap_dff$12104 (SB_DFFE).
  Merging $auto$simplemap.cc:277:simplemap_mux$13813 (A=1'0, B=$techmap\u_core.$add$../picorv32.v:1598$4309_Y [28], S=\resetn) into $auto$simplemap.cc:420:simplemap_dff$12105 (SB_DFFE).
  Merging $auto$simplemap.cc:277:simplemap_mux$13814 (A=1'0, B=$techmap\u_core.$add$../picorv32.v:1598$4309_Y [29], S=\resetn) into $auto$simplemap.cc:420:simplemap_dff$12106 (SB_DFFE).
  Merging $auto$simplemap.cc:277:simplemap_mux$13815 (A=1'0, B=$techmap\u_core.$add$../picorv32.v:1598$4309_Y [30], S=\resetn) into $auto$simplemap.cc:420:simplemap_dff$12107 (SB_DFFE).
  Merging $auto$simplemap.cc:277:simplemap_mux$13816 (A=1'0, B=$techmap\u_core.$add$../picorv32.v:1598$4309_Y [31], S=\resetn) into $auto$simplemap.cc:420:simplemap_dff$12108 (SB_DFFE).
  Merging $auto$simplemap.cc:277:simplemap_mux$13817 (A=1'0, B=$techmap\u_core.$add$../picorv32.v:1598$4309_Y [32], S=\resetn) into $auto$simplemap.cc:420:simplemap_dff$12109 (SB_DFFE).
  Merging $auto$simplemap.cc:277:simplemap_mux$13818 (A=1'0, B=$techmap\u_core.$add$../picorv32.v:1598$4309_Y [33], S=\resetn) into $auto$simplemap.cc:420:simplemap_dff$12110 (SB_DFFE).
  Merging $auto$simplemap.cc:277:simplemap_mux$13819 (A=1'0, B=$techmap\u_core.$add$../picorv32.v:1598$4309_Y [34], S=\resetn) into $auto$simplemap.cc:420:simplemap_dff$12111 (SB_DFFE).
  Merging $auto$simplemap.cc:277:simplemap_mux$13820 (A=1'0, B=$techmap\u_core.$add$../picorv32.v:1598$4309_Y [35], S=\resetn) into $auto$simplemap.cc:420:simplemap_dff$12112 (SB_DFFE).
  Merging $auto$simplemap.cc:277:simplemap_mux$13821 (A=1'0, B=$techmap\u_core.$add$../picorv32.v:1598$4309_Y [36], S=\resetn) into $auto$simplemap.cc:420:simplemap_dff$12113 (SB_DFFE).
  Merging $auto$simplemap.cc:277:simplemap_mux$13822 (A=1'0, B=$techmap\u_core.$add$../picorv32.v:1598$4309_Y [37], S=\resetn) into $auto$simplemap.cc:420:simplemap_dff$12114 (SB_DFFE).
  Merging $auto$simplemap.cc:277:simplemap_mux$13823 (A=1'0, B=$techmap\u_core.$add$../picorv32.v:1598$4309_Y [38], S=\resetn) into $auto$simplemap.cc:420:simplemap_dff$12115 (SB_DFFE).
  Merging $auto$simplemap.cc:277:simplemap_mux$13824 (A=1'0, B=$techmap\u_core.$add$../picorv32.v:1598$4309_Y [39], S=\resetn) into $auto$simplemap.cc:420:simplemap_dff$12116 (SB_DFFE).
  Merging $auto$simplemap.cc:277:simplemap_mux$13825 (A=1'0, B=$techmap\u_core.$add$../picorv32.v:1598$4309_Y [40], S=\resetn) into $auto$simplemap.cc:420:simplemap_dff$12117 (SB_DFFE).
  Merging $auto$simplemap.cc:277:simplemap_mux$13826 (A=1'0, B=$techmap\u_core.$add$../picorv32.v:1598$4309_Y [41], S=\resetn) into $auto$simplemap.cc:420:simplemap_dff$12118 (SB_DFFE).
  Merging $auto$simplemap.cc:277:simplemap_mux$13827 (A=1'0, B=$techmap\u_core.$add$../picorv32.v:1598$4309_Y [42], S=\resetn) into $auto$simplemap.cc:420:simplemap_dff$12119 (SB_DFFE).
  Merging $auto$simplemap.cc:277:simplemap_mux$13828 (A=1'0, B=$techmap\u_core.$add$../picorv32.v:1598$4309_Y [43], S=\resetn) into $auto$simplemap.cc:420:simplemap_dff$12120 (SB_DFFE).
  Merging $auto$simplemap.cc:277:simplemap_mux$13829 (A=1'0, B=$techmap\u_core.$add$../picorv32.v:1598$4309_Y [44], S=\resetn) into $auto$simplemap.cc:420:simplemap_dff$12121 (SB_DFFE).
  Merging $auto$simplemap.cc:277:simplemap_mux$13830 (A=1'0, B=$techmap\u_core.$add$../picorv32.v:1598$4309_Y [45], S=\resetn) into $auto$simplemap.cc:420:simplemap_dff$12122 (SB_DFFE).
  Merging $auto$simplemap.cc:277:simplemap_mux$13831 (A=1'0, B=$techmap\u_core.$add$../picorv32.v:1598$4309_Y [46], S=\resetn) into $auto$simplemap.cc:420:simplemap_dff$12123 (SB_DFFE).
  Merging $auto$simplemap.cc:277:simplemap_mux$13832 (A=1'0, B=$techmap\u_core.$add$../picorv32.v:1598$4309_Y [47], S=\resetn) into $auto$simplemap.cc:420:simplemap_dff$12124 (SB_DFFE).
  Merging $auto$simplemap.cc:277:simplemap_mux$13833 (A=1'0, B=$techmap\u_core.$add$../picorv32.v:1598$4309_Y [48], S=\resetn) into $auto$simplemap.cc:420:simplemap_dff$12125 (SB_DFFE).
  Merging $auto$simplemap.cc:277:simplemap_mux$13834 (A=1'0, B=$techmap\u_core.$add$../picorv32.v:1598$4309_Y [49], S=\resetn) into $auto$simplemap.cc:420:simplemap_dff$12126 (SB_DFFE).
  Merging $auto$simplemap.cc:277:simplemap_mux$13835 (A=1'0, B=$techmap\u_core.$add$../picorv32.v:1598$4309_Y [50], S=\resetn) into $auto$simplemap.cc:420:simplemap_dff$12127 (SB_DFFE).
  Merging $auto$simplemap.cc:277:simplemap_mux$13836 (A=1'0, B=$techmap\u_core.$add$../picorv32.v:1598$4309_Y [51], S=\resetn) into $auto$simplemap.cc:420:simplemap_dff$12128 (SB_DFFE).
  Merging $auto$simplemap.cc:277:simplemap_mux$13837 (A=1'0, B=$techmap\u_core.$add$../picorv32.v:1598$4309_Y [52], S=\resetn) into $auto$simplemap.cc:420:simplemap_dff$12129 (SB_DFFE).
  Merging $auto$simplemap.cc:277:simplemap_mux$13838 (A=1'0, B=$techmap\u_core.$add$../picorv32.v:1598$4309_Y [53], S=\resetn) into $auto$simplemap.cc:420:simplemap_dff$12130 (SB_DFFE).
  Merging $auto$simplemap.cc:277:simplemap_mux$13839 (A=1'0, B=$techmap\u_core.$add$../picorv32.v:1598$4309_Y [54], S=\resetn) into $auto$simplemap.cc:420:simplemap_dff$12131 (SB_DFFE).
  Merging $auto$simplemap.cc:277:simplemap_mux$13840 (A=1'0, B=$techmap\u_core.$add$../picorv32.v:1598$4309_Y [55], S=\resetn) into $auto$simplemap.cc:420:simplemap_dff$12132 (SB_DFFE).
  Merging $auto$simplemap.cc:277:simplemap_mux$13841 (A=1'0, B=$techmap\u_core.$add$../picorv32.v:1598$4309_Y [56], S=\resetn) into $auto$simplemap.cc:420:simplemap_dff$12133 (SB_DFFE).
  Merging $auto$simplemap.cc:277:simplemap_mux$13842 (A=1'0, B=$techmap\u_core.$add$../picorv32.v:1598$4309_Y [57], S=\resetn) into $auto$simplemap.cc:420:simplemap_dff$12134 (SB_DFFE).
  Merging $auto$simplemap.cc:277:simplemap_mux$13843 (A=1'0, B=$techmap\u_core.$add$../picorv32.v:1598$4309_Y [58], S=\resetn) into $auto$simplemap.cc:420:simplemap_dff$12135 (SB_DFFE).
  Merging $auto$simplemap.cc:277:simplemap_mux$13844 (A=1'0, B=$techmap\u_core.$add$../picorv32.v:1598$4309_Y [59], S=\resetn) into $auto$simplemap.cc:420:simplemap_dff$12136 (SB_DFFE).
  Merging $auto$simplemap.cc:277:simplemap_mux$13845 (A=1'0, B=$techmap\u_core.$add$../picorv32.v:1598$4309_Y [60], S=\resetn) into $auto$simplemap.cc:420:simplemap_dff$12137 (SB_DFFE).
  Merging $auto$simplemap.cc:277:simplemap_mux$13846 (A=1'0, B=$techmap\u_core.$add$../picorv32.v:1598$4309_Y [61], S=\resetn) into $auto$simplemap.cc:420:simplemap_dff$12138 (SB_DFFE).
  Merging $auto$simplemap.cc:277:simplemap_mux$13847 (A=1'0, B=$techmap\u_core.$add$../picorv32.v:1598$4309_Y [62], S=\resetn) into $auto$simplemap.cc:420:simplemap_dff$12139 (SB_DFFE).
  Merging $auto$simplemap.cc:277:simplemap_mux$13848 (A=1'0, B=$techmap\u_core.$add$../picorv32.v:1598$4309_Y [63], S=\resetn) into $auto$simplemap.cc:420:simplemap_dff$12140 (SB_DFFE).
  Merging $auto$simplemap.cc:277:simplemap_mux$14921 (A=1'0, B=$techmap\u_core.$add$../picorv32.v:1467$4256_Y [0], S=\resetn) into $auto$simplemap.cc:420:simplemap_dff$12141 (SB_DFF).
  Merging $auto$simplemap.cc:277:simplemap_mux$14922 (A=1'0, B=$auto$simplemap.cc:309:simplemap_lut$20293 [1], S=\resetn) into $auto$simplemap.cc:420:simplemap_dff$12142 (SB_DFFE).
  Merging $auto$simplemap.cc:277:simplemap_mux$14923 (A=1'0, B=$techmap\u_core.$add$../picorv32.v:1467$4256_Y [2], S=\resetn) into $auto$simplemap.cc:420:simplemap_dff$12143 (SB_DFF).
  Merging $auto$simplemap.cc:277:simplemap_mux$14924 (A=1'0, B=$techmap\u_core.$add$../picorv32.v:1467$4256_Y [3], S=\resetn) into $auto$simplemap.cc:420:simplemap_dff$12144 (SB_DFF).
  Merging $auto$simplemap.cc:277:simplemap_mux$14925 (A=1'0, B=$techmap\u_core.$add$../picorv32.v:1467$4256_Y [4], S=\resetn) into $auto$simplemap.cc:420:simplemap_dff$12145 (SB_DFF).
  Merging $auto$simplemap.cc:277:simplemap_mux$14926 (A=1'0, B=$techmap\u_core.$add$../picorv32.v:1467$4256_Y [5], S=\resetn) into $auto$simplemap.cc:420:simplemap_dff$12146 (SB_DFF).
  Merging $auto$simplemap.cc:277:simplemap_mux$14927 (A=1'0, B=$techmap\u_core.$add$../picorv32.v:1467$4256_Y [6], S=\resetn) into $auto$simplemap.cc:420:simplemap_dff$12147 (SB_DFF).
  Merging $auto$simplemap.cc:277:simplemap_mux$14928 (A=1'0, B=$techmap\u_core.$add$../picorv32.v:1467$4256_Y [7], S=\resetn) into $auto$simplemap.cc:420:simplemap_dff$12148 (SB_DFF).
  Merging $auto$simplemap.cc:277:simplemap_mux$14930 (A=1'0, B=$techmap\u_core.$add$../picorv32.v:1467$4256_Y [9], S=\resetn) into $auto$simplemap.cc:420:simplemap_dff$12150 (SB_DFF).
  Merging $auto$simplemap.cc:277:simplemap_mux$13793 (A=1'0, B=$techmap\u_core.$add$../picorv32.v:1598$4309_Y [8], S=\resetn) into $auto$simplemap.cc:420:simplemap_dff$12085 (SB_DFFE).
  Merging $auto$simplemap.cc:277:simplemap_mux$14931 (A=1'0, B=$techmap\u_core.$add$../picorv32.v:1467$4256_Y [10], S=\resetn) into $auto$simplemap.cc:420:simplemap_dff$12151 (SB_DFF).
  Merging $auto$simplemap.cc:277:simplemap_mux$14932 (A=1'0, B=$techmap\u_core.$add$../picorv32.v:1467$4256_Y [11], S=\resetn) into $auto$simplemap.cc:420:simplemap_dff$12152 (SB_DFF).
  Merging $auto$simplemap.cc:277:simplemap_mux$14933 (A=1'0, B=$techmap\u_core.$add$../picorv32.v:1467$4256_Y [12], S=\resetn) into $auto$simplemap.cc:420:simplemap_dff$12153 (SB_DFF).
  Merging $auto$simplemap.cc:277:simplemap_mux$14934 (A=1'0, B=$techmap\u_core.$add$../picorv32.v:1467$4256_Y [13], S=\resetn) into $auto$simplemap.cc:420:simplemap_dff$12154 (SB_DFF).
  Merging $auto$simplemap.cc:277:simplemap_mux$14935 (A=1'0, B=$techmap\u_core.$add$../picorv32.v:1467$4256_Y [14], S=\resetn) into $auto$simplemap.cc:420:simplemap_dff$12155 (SB_DFF).
  Merging $auto$simplemap.cc:277:simplemap_mux$14936 (A=1'0, B=$techmap\u_core.$add$../picorv32.v:1467$4256_Y [15], S=\resetn) into $auto$simplemap.cc:420:simplemap_dff$12156 (SB_DFF).
  Merging $auto$simplemap.cc:277:simplemap_mux$14937 (A=1'0, B=$techmap\u_core.$add$../picorv32.v:1467$4256_Y [16], S=\resetn) into $auto$simplemap.cc:420:simplemap_dff$12157 (SB_DFF).
  Merging $auto$simplemap.cc:277:simplemap_mux$14938 (A=1'0, B=$techmap\u_core.$add$../picorv32.v:1467$4256_Y [17], S=\resetn) into $auto$simplemap.cc:420:simplemap_dff$12158 (SB_DFF).
  Merging $auto$simplemap.cc:277:simplemap_mux$14939 (A=1'0, B=$techmap\u_core.$add$../picorv32.v:1467$4256_Y [18], S=\resetn) into $auto$simplemap.cc:420:simplemap_dff$12159 (SB_DFF).
  Merging $auto$simplemap.cc:277:simplemap_mux$14940 (A=1'0, B=$techmap\u_core.$add$../picorv32.v:1467$4256_Y [19], S=\resetn) into $auto$simplemap.cc:420:simplemap_dff$12160 (SB_DFF).
  Merging $auto$simplemap.cc:277:simplemap_mux$14941 (A=1'0, B=$techmap\u_core.$add$../picorv32.v:1467$4256_Y [20], S=\resetn) into $auto$simplemap.cc:420:simplemap_dff$12161 (SB_DFF).
  Merging $auto$simplemap.cc:277:simplemap_mux$14942 (A=1'0, B=$techmap\u_core.$add$../picorv32.v:1467$4256_Y [21], S=\resetn) into $auto$simplemap.cc:420:simplemap_dff$12162 (SB_DFF).
  Merging $auto$simplemap.cc:277:simplemap_mux$14943 (A=1'0, B=$techmap\u_core.$add$../picorv32.v:1467$4256_Y [22], S=\resetn) into $auto$simplemap.cc:420:simplemap_dff$12163 (SB_DFF).
  Merging $auto$simplemap.cc:277:simplemap_mux$14944 (A=1'0, B=$techmap\u_core.$add$../picorv32.v:1467$4256_Y [23], S=\resetn) into $auto$simplemap.cc:420:simplemap_dff$12164 (SB_DFF).
  Merging $auto$simplemap.cc:277:simplemap_mux$14945 (A=1'0, B=$techmap\u_core.$add$../picorv32.v:1467$4256_Y [24], S=\resetn) into $auto$simplemap.cc:420:simplemap_dff$12165 (SB_DFF).
  Merging $auto$simplemap.cc:277:simplemap_mux$14946 (A=1'0, B=$techmap\u_core.$add$../picorv32.v:1467$4256_Y [25], S=\resetn) into $auto$simplemap.cc:420:simplemap_dff$12166 (SB_DFF).
  Merging $auto$simplemap.cc:277:simplemap_mux$14947 (A=1'0, B=$techmap\u_core.$add$../picorv32.v:1467$4256_Y [26], S=\resetn) into $auto$simplemap.cc:420:simplemap_dff$12167 (SB_DFF).
  Merging $auto$simplemap.cc:277:simplemap_mux$14948 (A=1'0, B=$techmap\u_core.$add$../picorv32.v:1467$4256_Y [27], S=\resetn) into $auto$simplemap.cc:420:simplemap_dff$12168 (SB_DFF).
  Merging $auto$simplemap.cc:277:simplemap_mux$14949 (A=1'0, B=$techmap\u_core.$add$../picorv32.v:1467$4256_Y [28], S=\resetn) into $auto$simplemap.cc:420:simplemap_dff$12169 (SB_DFF).
  Merging $auto$simplemap.cc:277:simplemap_mux$14950 (A=1'0, B=$techmap\u_core.$add$../picorv32.v:1467$4256_Y [29], S=\resetn) into $auto$simplemap.cc:420:simplemap_dff$12170 (SB_DFF).
  Merging $auto$simplemap.cc:277:simplemap_mux$14951 (A=1'0, B=$techmap\u_core.$add$../picorv32.v:1467$4256_Y [30], S=\resetn) into $auto$simplemap.cc:420:simplemap_dff$12171 (SB_DFF).
  Merging $auto$simplemap.cc:277:simplemap_mux$14952 (A=1'0, B=$techmap\u_core.$add$../picorv32.v:1467$4256_Y [31], S=\resetn) into $auto$simplemap.cc:420:simplemap_dff$12172 (SB_DFF).
  Merging $auto$simplemap.cc:277:simplemap_mux$14953 (A=1'0, B=$techmap\u_core.$add$../picorv32.v:1467$4256_Y [32], S=\resetn) into $auto$simplemap.cc:420:simplemap_dff$12173 (SB_DFF).
  Merging $auto$simplemap.cc:277:simplemap_mux$14954 (A=1'0, B=$techmap\u_core.$add$../picorv32.v:1467$4256_Y [33], S=\resetn) into $auto$simplemap.cc:420:simplemap_dff$12174 (SB_DFF).
  Merging $auto$simplemap.cc:277:simplemap_mux$14955 (A=1'0, B=$techmap\u_core.$add$../picorv32.v:1467$4256_Y [34], S=\resetn) into $auto$simplemap.cc:420:simplemap_dff$12175 (SB_DFF).
  Merging $auto$simplemap.cc:277:simplemap_mux$14956 (A=1'0, B=$techmap\u_core.$add$../picorv32.v:1467$4256_Y [35], S=\resetn) into $auto$simplemap.cc:420:simplemap_dff$12176 (SB_DFF).
  Merging $auto$simplemap.cc:277:simplemap_mux$14957 (A=1'0, B=$techmap\u_core.$add$../picorv32.v:1467$4256_Y [36], S=\resetn) into $auto$simplemap.cc:420:simplemap_dff$12177 (SB_DFF).
  Merging $auto$simplemap.cc:277:simplemap_mux$14958 (A=1'0, B=$techmap\u_core.$add$../picorv32.v:1467$4256_Y [37], S=\resetn) into $auto$simplemap.cc:420:simplemap_dff$12178 (SB_DFF).
  Merging $auto$simplemap.cc:277:simplemap_mux$14959 (A=1'0, B=$techmap\u_core.$add$../picorv32.v:1467$4256_Y [38], S=\resetn) into $auto$simplemap.cc:420:simplemap_dff$12179 (SB_DFF).
  Merging $auto$simplemap.cc:277:simplemap_mux$14960 (A=1'0, B=$techmap\u_core.$add$../picorv32.v:1467$4256_Y [39], S=\resetn) into $auto$simplemap.cc:420:simplemap_dff$12180 (SB_DFF).
  Merging $auto$simplemap.cc:277:simplemap_mux$14961 (A=1'0, B=$techmap\u_core.$add$../picorv32.v:1467$4256_Y [40], S=\resetn) into $auto$simplemap.cc:420:simplemap_dff$12181 (SB_DFF).
  Merging $auto$simplemap.cc:277:simplemap_mux$14962 (A=1'0, B=$techmap\u_core.$add$../picorv32.v:1467$4256_Y [41], S=\resetn) into $auto$simplemap.cc:420:simplemap_dff$12182 (SB_DFF).
  Merging $auto$simplemap.cc:277:simplemap_mux$14963 (A=1'0, B=$techmap\u_core.$add$../picorv32.v:1467$4256_Y [42], S=\resetn) into $auto$simplemap.cc:420:simplemap_dff$12183 (SB_DFF).
  Merging $auto$simplemap.cc:277:simplemap_mux$14964 (A=1'0, B=$techmap\u_core.$add$../picorv32.v:1467$4256_Y [43], S=\resetn) into $auto$simplemap.cc:420:simplemap_dff$12184 (SB_DFF).
  Merging $auto$simplemap.cc:277:simplemap_mux$14965 (A=1'0, B=$techmap\u_core.$add$../picorv32.v:1467$4256_Y [44], S=\resetn) into $auto$simplemap.cc:420:simplemap_dff$12185 (SB_DFF).
  Merging $auto$simplemap.cc:277:simplemap_mux$14966 (A=1'0, B=$techmap\u_core.$add$../picorv32.v:1467$4256_Y [45], S=\resetn) into $auto$simplemap.cc:420:simplemap_dff$12186 (SB_DFF).
  Merging $auto$simplemap.cc:277:simplemap_mux$14967 (A=1'0, B=$techmap\u_core.$add$../picorv32.v:1467$4256_Y [46], S=\resetn) into $auto$simplemap.cc:420:simplemap_dff$12187 (SB_DFF).
  Merging $auto$simplemap.cc:277:simplemap_mux$14968 (A=1'0, B=$techmap\u_core.$add$../picorv32.v:1467$4256_Y [47], S=\resetn) into $auto$simplemap.cc:420:simplemap_dff$12188 (SB_DFF).
  Merging $auto$simplemap.cc:277:simplemap_mux$14969 (A=1'0, B=$techmap\u_core.$add$../picorv32.v:1467$4256_Y [48], S=\resetn) into $auto$simplemap.cc:420:simplemap_dff$12189 (SB_DFF).
  Merging $auto$simplemap.cc:277:simplemap_mux$14970 (A=1'0, B=$techmap\u_core.$add$../picorv32.v:1467$4256_Y [49], S=\resetn) into $auto$simplemap.cc:420:simplemap_dff$12190 (SB_DFF).
  Merging $auto$simplemap.cc:277:simplemap_mux$14971 (A=1'0, B=$techmap\u_core.$add$../picorv32.v:1467$4256_Y [50], S=\resetn) into $auto$simplemap.cc:420:simplemap_dff$12191 (SB_DFF).
  Merging $auto$simplemap.cc:277:simplemap_mux$14972 (A=1'0, B=$techmap\u_core.$add$../picorv32.v:1467$4256_Y [51], S=\resetn) into $auto$simplemap.cc:420:simplemap_dff$12192 (SB_DFF).
  Merging $auto$simplemap.cc:277:simplemap_mux$14973 (A=1'0, B=$techmap\u_core.$add$../picorv32.v:1467$4256_Y [52], S=\resetn) into $auto$simplemap.cc:420:simplemap_dff$12193 (SB_DFF).
  Merging $auto$simplemap.cc:277:simplemap_mux$14974 (A=1'0, B=$techmap\u_core.$add$../picorv32.v:1467$4256_Y [53], S=\resetn) into $auto$simplemap.cc:420:simplemap_dff$12194 (SB_DFF).
  Merging $auto$simplemap.cc:277:simplemap_mux$14975 (A=1'0, B=$techmap\u_core.$add$../picorv32.v:1467$4256_Y [54], S=\resetn) into $auto$simplemap.cc:420:simplemap_dff$12195 (SB_DFF).
  Merging $auto$simplemap.cc:277:simplemap_mux$14976 (A=1'0, B=$techmap\u_core.$add$../picorv32.v:1467$4256_Y [55], S=\resetn) into $auto$simplemap.cc:420:simplemap_dff$12196 (SB_DFF).
  Merging $auto$simplemap.cc:277:simplemap_mux$14977 (A=1'0, B=$techmap\u_core.$add$../picorv32.v:1467$4256_Y [56], S=\resetn) into $auto$simplemap.cc:420:simplemap_dff$12197 (SB_DFF).
  Merging $auto$simplemap.cc:277:simplemap_mux$14978 (A=1'0, B=$techmap\u_core.$add$../picorv32.v:1467$4256_Y [57], S=\resetn) into $auto$simplemap.cc:420:simplemap_dff$12198 (SB_DFF).
  Merging $auto$simplemap.cc:277:simplemap_mux$14979 (A=1'0, B=$techmap\u_core.$add$../picorv32.v:1467$4256_Y [58], S=\resetn) into $auto$simplemap.cc:420:simplemap_dff$12199 (SB_DFF).
  Merging $auto$simplemap.cc:277:simplemap_mux$14980 (A=1'0, B=$techmap\u_core.$add$../picorv32.v:1467$4256_Y [59], S=\resetn) into $auto$simplemap.cc:420:simplemap_dff$12200 (SB_DFF).
  Merging $auto$simplemap.cc:277:simplemap_mux$14981 (A=1'0, B=$techmap\u_core.$add$../picorv32.v:1467$4256_Y [60], S=\resetn) into $auto$simplemap.cc:420:simplemap_dff$12201 (SB_DFF).
  Merging $auto$simplemap.cc:277:simplemap_mux$14982 (A=1'0, B=$techmap\u_core.$add$../picorv32.v:1467$4256_Y [61], S=\resetn) into $auto$simplemap.cc:420:simplemap_dff$12202 (SB_DFF).
  Merging $auto$simplemap.cc:277:simplemap_mux$14983 (A=1'0, B=$techmap\u_core.$add$../picorv32.v:1467$4256_Y [62], S=\resetn) into $auto$simplemap.cc:420:simplemap_dff$12203 (SB_DFF).
  Merging $auto$simplemap.cc:277:simplemap_mux$14984 (A=1'0, B=$techmap\u_core.$add$../picorv32.v:1467$4256_Y [63], S=\resetn) into $auto$simplemap.cc:420:simplemap_dff$12204 (SB_DFF).
  Merging $auto$simplemap.cc:277:simplemap_mux$14638 (A=1'0, B=\u_core.cpu_state [0], S=\resetn) into $auto$simplemap.cc:420:simplemap_dff$12205 (SB_DFF).

6.40. Executing ICE40_OPT pass (performing simple optimizations).

6.40.1. Running ICE40 specific optimizations.

6.40.2. Executing OPT_EXPR pass (perform const folding).
Optimizing module picorv32_baseline_c_ksa_wrapper.
<suppressed ~350 debug messages>

6.40.3. Executing OPT_MERGE pass (detect identical cells).
Finding identical cells in module `\picorv32_baseline_c_ksa_wrapper'.
<suppressed ~3456 debug messages>
Removed a total of 1152 cells.

6.40.4. Executing OPT_RMDFF pass (remove dff with constant values).

6.40.5. Executing OPT_CLEAN pass (remove unused cells and wires).
Finding unused cells or wires in module \picorv32_baseline_c_ksa_wrapper..
Removed 273 unused cells and 4121 unused wires.
<suppressed ~274 debug messages>

6.40.6. Rerunning OPT passes. (Removed registers in this run.)

6.40.7. Running ICE40 specific optimizations.

6.40.8. Executing OPT_EXPR pass (perform const folding).
Optimizing module picorv32_baseline_c_ksa_wrapper.
<suppressed ~12 debug messages>

6.40.9. Executing OPT_MERGE pass (detect identical cells).
Finding identical cells in module `\picorv32_baseline_c_ksa_wrapper'.
Removed a total of 0 cells.

6.40.10. Executing OPT_RMDFF pass (remove dff with constant values).

6.40.11. Executing OPT_CLEAN pass (remove unused cells and wires).
Finding unused cells or wires in module \picorv32_baseline_c_ksa_wrapper..

6.40.12. Rerunning OPT passes. (Removed registers in this run.)

6.40.13. Running ICE40 specific optimizations.

6.40.14. Executing OPT_EXPR pass (perform const folding).
Optimizing module picorv32_baseline_c_ksa_wrapper.

6.40.15. Executing OPT_MERGE pass (detect identical cells).
Finding identical cells in module `\picorv32_baseline_c_ksa_wrapper'.
Removed a total of 0 cells.

6.40.16. Executing OPT_RMDFF pass (remove dff with constant values).

6.40.17. Executing OPT_CLEAN pass (remove unused cells and wires).
Finding unused cells or wires in module \picorv32_baseline_c_ksa_wrapper..

6.40.18. Finished OPT passes. (There is nothing left to do.)

6.41. Executing TECHMAP pass (map to technology primitives).

6.41.1. Executing Verilog-2005 frontend: /usr/bin/../share/yosys/ice40/latches_map.v
Parsing Verilog input from `/usr/bin/../share/yosys/ice40/latches_map.v' to AST representation.
Generating RTLIL representation for module `\$_DLATCH_N_'.
Generating RTLIL representation for module `\$_DLATCH_P_'.
Successfully finished Verilog frontend.

6.41.2. Continuing TECHMAP pass.
No more expansions possible.

6.42. Executing ABC pass (technology mapping using ABC).

6.42.1. Extracting gate netlist of module `\picorv32_baseline_c_ksa_wrapper' to `<abc-temp-dir>/input.blif'..
Extracted 3918 gates and 4694 wires to a netlist network with 774 inputs and 456 outputs.

6.42.1.1. Executing ABC.
Running ABC command: berkeley-abc -s -f <abc-temp-dir>/abc.script 2>&1
ABC: ABC command line: "source <abc-temp-dir>/abc.script".
ABC: 
ABC: + read_blif <abc-temp-dir>/input.blif 
ABC: + read_lut <abc-temp-dir>/lutdefs.txt 
ABC: + strash 
ABC: + ifraig 
ABC: + scorr 
ABC: Warning: The network is combinational (run "fraig" or "fraig_sweep").
ABC: + dc2 
ABC: + dretime 
ABC: + retime 
ABC: + strash 
ABC: + dch -f 
ABC: + if 
ABC: + mfs2 
ABC: + lutpack -S 1 
ABC: + dress 
ABC: Total number of equiv classes                =    1160.
ABC: Participating nodes from both networks       =    2436.
ABC: Participating nodes from the first network   =    1162. (  76.15 % of nodes)
ABC: Participating nodes from the second network  =    1274. (  83.49 % of nodes)
ABC: Node pairs (any polarity)                    =    1162. (  76.15 % of names can be moved)
ABC: Node pairs (same polarity)                   =     663. (  43.45 % of names can be moved)
ABC: Total runtime =     0.09 sec
ABC: + write_blif <abc-temp-dir>/output.blif 

6.42.1.2. Re-integrating ABC results.
ABC RESULTS:              $lut cells:     3050
ABC RESULTS:        internal signals:     3464
ABC RESULTS:           input signals:      774
ABC RESULTS:          output signals:      456
Removing temp directory.
Removed 0 unused cells and 2034 unused wires.

6.43. Executing TECHMAP pass (map to technology primitives).

6.43.1. Executing Verilog-2005 frontend: /usr/bin/../share/yosys/ice40/cells_map.v
Parsing Verilog input from `/usr/bin/../share/yosys/ice40/cells_map.v' to AST representation.
Generating RTLIL representation for module `\$_DFF_N_'.
Generating RTLIL representation for module `\$_DFF_P_'.
Generating RTLIL representation for module `\$_DFFE_NN_'.
Generating RTLIL representation for module `\$_DFFE_PN_'.
Generating RTLIL representation for module `\$_DFFE_NP_'.
Generating RTLIL representation for module `\$_DFFE_PP_'.
Generating RTLIL representation for module `\$_DFF_NN0_'.
Generating RTLIL representation for module `\$_DFF_NN1_'.
Generating RTLIL representation for module `\$_DFF_PN0_'.
Generating RTLIL representation for module `\$_DFF_PN1_'.
Generating RTLIL representation for module `\$_DFF_NP0_'.
Generating RTLIL representation for module `\$_DFF_NP1_'.
Generating RTLIL representation for module `\$_DFF_PP0_'.
Generating RTLIL representation for module `\$_DFF_PP1_'.
Generating RTLIL representation for module `\$__DFFE_NN0'.
Generating RTLIL representation for module `\$__DFFE_NN1'.
Generating RTLIL representation for module `\$__DFFE_PN0'.
Generating RTLIL representation for module `\$__DFFE_PN1'.
Generating RTLIL representation for module `\$__DFFE_NP0'.
Generating RTLIL representation for module `\$__DFFE_NP1'.
Generating RTLIL representation for module `\$__DFFE_PP0'.
Generating RTLIL representation for module `\$__DFFE_PP1'.
Generating RTLIL representation for module `\$lut'.
Successfully finished Verilog frontend.

6.43.2. Continuing TECHMAP pass.
Using template $paramod\$lut\WIDTH=3\LUT=8'00000001 for cells of type $lut.
Using template $paramod\$lut\WIDTH=4\LUT=16'0000000000000001 for cells of type $lut.
Using template $paramod\$lut\WIDTH=3\LUT=8'10110000 for cells of type $lut.
Using template $paramod\$lut\WIDTH=4\LUT=16'1100101000000000 for cells of type $lut.
Using template $paramod\$lut\WIDTH=2\LUT=4'0001 for cells of type $lut.
Using template $paramod\$lut\WIDTH=4\LUT=16'0001001100111111 for cells of type $lut.
Using template $paramod\$lut\WIDTH=3\LUT=8'00001011 for cells of type $lut.
Using template $paramod\$lut\WIDTH=2\LUT=4'1000 for cells of type $lut.
Using template $paramod\$lut\WIDTH=4\LUT=16'0100010011110000 for cells of type $lut.
Using template $paramod\$lut\WIDTH=4\LUT=16'1001000000001001 for cells of type $lut.
Using template $paramod\$lut\WIDTH=2\LUT=4'0110 for cells of type $lut.
Using template $paramod\$lut\WIDTH=4\LUT=16'0001000000000000 for cells of type $lut.
Using template $paramod\$lut\WIDTH=4\LUT=16'1000000000000000 for cells of type $lut.
Using template $paramod\$lut\WIDTH=4\LUT=16'1110000000000000 for cells of type $lut.
Using template $paramod\$lut\WIDTH=4\LUT=16'0000000011110100 for cells of type $lut.
Using template $paramod\$lut\WIDTH=4\LUT=16'0000000010111111 for cells of type $lut.
Using template $paramod\$lut\WIDTH=4\LUT=16'0000000100000000 for cells of type $lut.
Using template $paramod\$lut\WIDTH=2\LUT=4'0100 for cells of type $lut.
Using template $paramod\$lut\WIDTH=3\LUT=8'10000000 for cells of type $lut.
Using template $paramod\$lut\WIDTH=2\LUT=4'1011 for cells of type $lut.
Using template $paramod\$lut\WIDTH=4\LUT=16'0100000000000000 for cells of type $lut.
Using template $paramod\$lut\WIDTH=4\LUT=16'1111100010001000 for cells of type $lut.
Using template $paramod\$lut\WIDTH=4\LUT=16'1110111100000000 for cells of type $lut.
Using template $paramod\$lut\WIDTH=4\LUT=16'1111111101000000 for cells of type $lut.
Using template $paramod\$lut\WIDTH=3\LUT=8'00010000 for cells of type $lut.
Using template $paramod\$lut\WIDTH=4\LUT=16'1111111000000000 for cells of type $lut.
Using template $paramod\$lut\WIDTH=4\LUT=16'0000011101110111 for cells of type $lut.
Using template $paramod\$lut\WIDTH=3\LUT=8'01110000 for cells of type $lut.
Using template $paramod\$lut\WIDTH=3\LUT=8'11100000 for cells of type $lut.
Using template $paramod\$lut\WIDTH=3\LUT=8'00001101 for cells of type $lut.
Using template $paramod\$lut\WIDTH=4\LUT=16'1111100011111111 for cells of type $lut.
Using template $paramod\$lut\WIDTH=1\LUT=2'01 for cells of type $lut.
Using template $paramod\$lut\WIDTH=4\LUT=16'1000111110001000 for cells of type $lut.
Using template $paramod\$lut\WIDTH=4\LUT=16'0000000000011111 for cells of type $lut.
Using template $paramod\$lut\WIDTH=4\LUT=16'1100101011111111 for cells of type $lut.
Using template $paramod\$lut\WIDTH=4\LUT=16'1011000010111011 for cells of type $lut.
Using template $paramod\$lut\WIDTH=4\LUT=16'1111111111110010 for cells of type $lut.
Using template $paramod\$lut\WIDTH=4\LUT=16'0000001100000101 for cells of type $lut.
Using template $paramod\$lut\WIDTH=4\LUT=16'0001000111110000 for cells of type $lut.
Using template $paramod\$lut\WIDTH=4\LUT=16'0001010001000001 for cells of type $lut.
Using template $paramod\$lut\WIDTH=4\LUT=16'0011010100000000 for cells of type $lut.
Using template $paramod\$lut\WIDTH=3\LUT=8'01000000 for cells of type $lut.
Using template $paramod\$lut\WIDTH=4\LUT=16'0000000001111111 for cells of type $lut.
Using template $paramod\$lut\WIDTH=3\LUT=8'10001111 for cells of type $lut.
Using template $paramod\$lut\WIDTH=4\LUT=16'0000110000001010 for cells of type $lut.
Using template $paramod\$lut\WIDTH=4\LUT=16'1011101100001111 for cells of type $lut.
Using template $paramod\$lut\WIDTH=3\LUT=8'00000111 for cells of type $lut.
Using template $paramod\$lut\WIDTH=3\LUT=8'00110101 for cells of type $lut.
Using template $paramod\$lut\WIDTH=3\LUT=8'11001010 for cells of type $lut.
Using template $paramod\$lut\WIDTH=4\LUT=16'1000110011001111 for cells of type $lut.
Using template $paramod\$lut\WIDTH=3\LUT=8'01001111 for cells of type $lut.
Using template $paramod\$lut\WIDTH=4\LUT=16'1101010011011101 for cells of type $lut.
Using template $paramod\$lut\WIDTH=4\LUT=16'0111000101010000 for cells of type $lut.
Using template $paramod\$lut\WIDTH=3\LUT=8'10110010 for cells of type $lut.
Using template $paramod\$lut\WIDTH=4\LUT=16'0100111100000000 for cells of type $lut.
Using template $paramod\$lut\WIDTH=4\LUT=16'1011111100000000 for cells of type $lut.
Using template $paramod\$lut\WIDTH=4\LUT=16'0000000001001111 for cells of type $lut.
Using template $paramod\$lut\WIDTH=4\LUT=16'0001011101110111 for cells of type $lut.
Using template $paramod\$lut\WIDTH=4\LUT=16'1110100010001000 for cells of type $lut.
Using template $paramod\$lut\WIDTH=4\LUT=16'0000000010001111 for cells of type $lut.
Using template $paramod\$lut\WIDTH=4\LUT=16'1111010000000000 for cells of type $lut.
Using template $paramod\$lut\WIDTH=4\LUT=16'0000111110111011 for cells of type $lut.
Using template $paramod\$lut\WIDTH=3\LUT=8'11010000 for cells of type $lut.
Using template $paramod\$lut\WIDTH=4\LUT=16'1000111100000000 for cells of type $lut.
Using template $paramod\$lut\WIDTH=3\LUT=8'00111010 for cells of type $lut.
Using template $paramod\$lut\WIDTH=4\LUT=16'0010101011001111 for cells of type $lut.
Using template $paramod\$lut\WIDTH=3\LUT=8'11111110 for cells of type $lut.
Using template $paramod\$lut\WIDTH=3\LUT=8'01010011 for cells of type $lut.
Using template $paramod\$lut\WIDTH=3\LUT=8'10101100 for cells of type $lut.
Using template $paramod\$lut\WIDTH=3\LUT=8'10100011 for cells of type $lut.
Using template $paramod\$lut\WIDTH=3\LUT=8'01011100 for cells of type $lut.
Using template $paramod\$lut\WIDTH=3\LUT=8'00001110 for cells of type $lut.
Using template $paramod\$lut\WIDTH=4\LUT=16'0000111101000100 for cells of type $lut.
Using template $paramod\$lut\WIDTH=4\LUT=16'1011111111111111 for cells of type $lut.
Using template $paramod\$lut\WIDTH=4\LUT=16'1111000000010001 for cells of type $lut.
Using template $paramod\$lut\WIDTH=3\LUT=8'11110100 for cells of type $lut.
Using template $paramod\$lut\WIDTH=4\LUT=16'0000011100000000 for cells of type $lut.
Using template $paramod\$lut\WIDTH=4\LUT=16'1110100000000000 for cells of type $lut.
Using template $paramod\$lut\WIDTH=4\LUT=16'1011000011111111 for cells of type $lut.
Using template $paramod\$lut\WIDTH=3\LUT=8'11000101 for cells of type $lut.
Using template $paramod\$lut\WIDTH=4\LUT=16'1000101000111111 for cells of type $lut.
Using template $paramod\$lut\WIDTH=4\LUT=16'0100111111111111 for cells of type $lut.
Using template $paramod\$lut\WIDTH=4\LUT=16'1110111000001111 for cells of type $lut.
Using template $paramod\$lut\WIDTH=4\LUT=16'1111000010111011 for cells of type $lut.
Using template $paramod\$lut\WIDTH=4\LUT=16'0100010000001111 for cells of type $lut.
Using template $paramod\$lut\WIDTH=4\LUT=16'0000101110111011 for cells of type $lut.
Using template $paramod\$lut\WIDTH=4\LUT=16'0111000001110111 for cells of type $lut.
Using template $paramod\$lut\WIDTH=4\LUT=16'1011101111110000 for cells of type $lut.
Using template $paramod\$lut\WIDTH=4\LUT=16'1011000000000000 for cells of type $lut.
Using template $paramod\$lut\WIDTH=4\LUT=16'1011101110110000 for cells of type $lut.
Using template $paramod\$lut\WIDTH=4\LUT=16'0000110000000101 for cells of type $lut.
Using template $paramod\$lut\WIDTH=3\LUT=8'10111111 for cells of type $lut.
Using template $paramod\$lut\WIDTH=3\LUT=8'11101000 for cells of type $lut.
Using template $paramod\$lut\WIDTH=3\LUT=8'01111111 for cells of type $lut.
Using template $paramod\$lut\WIDTH=4\LUT=16'0101011100001111 for cells of type $lut.
Using template $paramod\$lut\WIDTH=4\LUT=16'1111010011111111 for cells of type $lut.
Using template $paramod\$lut\WIDTH=4\LUT=16'0000000011111000 for cells of type $lut.
Using template $paramod\$lut\WIDTH=4\LUT=16'0000000000000111 for cells of type $lut.
Using template $paramod\$lut\WIDTH=2\LUT=4'0111 for cells of type $lut.
Using template $paramod\$lut\WIDTH=4\LUT=16'1111010111111100 for cells of type $lut.
Using template $paramod\$lut\WIDTH=4\LUT=16'1010101000111100 for cells of type $lut.
Using template $paramod\$lut\WIDTH=4\LUT=16'0111000011111111 for cells of type $lut.
Using template $paramod\$lut\WIDTH=4\LUT=16'0110111111111111 for cells of type $lut.
Using template $paramod\$lut\WIDTH=4\LUT=16'1010110000000000 for cells of type $lut.
Using template $paramod\$lut\WIDTH=2\LUT=4'1110 for cells of type $lut.
Using template $paramod\$lut\WIDTH=4\LUT=16'0000101100000000 for cells of type $lut.
Using template $paramod\$lut\WIDTH=4\LUT=16'0000110100000000 for cells of type $lut.
Using template $paramod\$lut\WIDTH=4\LUT=16'1111000100000000 for cells of type $lut.
Using template $paramod\$lut\WIDTH=4\LUT=16'0111000100000000 for cells of type $lut.
Using template $paramod\$lut\WIDTH=4\LUT=16'0011101000000000 for cells of type $lut.
Using template $paramod\$lut\WIDTH=4\LUT=16'0000000000010111 for cells of type $lut.
Using template $paramod\$lut\WIDTH=4\LUT=16'0111110101010101 for cells of type $lut.
Using template $paramod\$lut\WIDTH=4\LUT=16'1101011101010101 for cells of type $lut.
Using template $paramod\$lut\WIDTH=4\LUT=16'0101001100000000 for cells of type $lut.
Using template $paramod\$lut\WIDTH=3\LUT=8'00010100 for cells of type $lut.
Using template $paramod\$lut\WIDTH=3\LUT=8'01100000 for cells of type $lut.
Using template $paramod\$lut\WIDTH=4\LUT=16'1001011000000000 for cells of type $lut.
Using template $paramod\$lut\WIDTH=4\LUT=16'1111001011111111 for cells of type $lut.
Using template $paramod\$lut\WIDTH=4\LUT=16'0000111011101110 for cells of type $lut.
Using template $paramod\$lut\WIDTH=4\LUT=16'1100010100000000 for cells of type $lut.
Using template $paramod\$lut\WIDTH=4\LUT=16'1100100010001111 for cells of type $lut.
Using template $paramod\$lut\WIDTH=4\LUT=16'0101110010100011 for cells of type $lut.
Using template $paramod\$lut\WIDTH=4\LUT=16'1000111111111111 for cells of type $lut.
Using template $paramod\$lut\WIDTH=4\LUT=16'0000000011110001 for cells of type $lut.
Using template $paramod\$lut\WIDTH=4\LUT=16'0000101110110000 for cells of type $lut.
Using template $paramod\$lut\WIDTH=4\LUT=16'0111110100000000 for cells of type $lut.
Using template $paramod\$lut\WIDTH=3\LUT=8'00011111 for cells of type $lut.
Using template $paramod\$lut\WIDTH=3\LUT=8'11111000 for cells of type $lut.
Using template $paramod\$lut\WIDTH=4\LUT=16'0011010111111111 for cells of type $lut.
Using template $paramod\$lut\WIDTH=4\LUT=16'1010001111001100 for cells of type $lut.
Using template $paramod\$lut\WIDTH=4\LUT=16'1010110011001100 for cells of type $lut.
Using template $paramod\$lut\WIDTH=4\LUT=16'0111000100010111 for cells of type $lut.
Using template $paramod\$lut\WIDTH=4\LUT=16'0011110001011010 for cells of type $lut.
Using template $paramod\$lut\WIDTH=4\LUT=16'1010110011001111 for cells of type $lut.
Using template $paramod\$lut\WIDTH=4\LUT=16'0101010100111100 for cells of type $lut.
Using template $paramod\$lut\WIDTH=2\LUT=4'1001 for cells of type $lut.
Using template $paramod\$lut\WIDTH=4\LUT=16'1110111111111111 for cells of type $lut.
Using template $paramod\$lut\WIDTH=4\LUT=16'1111110011001000 for cells of type $lut.
Using template $paramod\$lut\WIDTH=4\LUT=16'0111001111000000 for cells of type $lut.
Using template $paramod\$lut\WIDTH=4\LUT=16'1111111111111110 for cells of type $lut.
Using template $paramod\$lut\WIDTH=4\LUT=16'1101000000110011 for cells of type $lut.
Using template $paramod\$lut\WIDTH=4\LUT=16'0000101000001100 for cells of type $lut.
Using template $paramod\$lut\WIDTH=4\LUT=16'1110000011111111 for cells of type $lut.
No more expansions possible.
<suppressed ~3097 debug messages>
Removed 0 unused cells and 3048 unused wires.

6.44. Executing HIERARCHY pass (managing design hierarchy).

6.44.1. Analyzing design hierarchy..
Top module:  \picorv32_baseline_c_ksa_wrapper

6.44.2. Analyzing design hierarchy..
Top module:  \picorv32_baseline_c_ksa_wrapper
Removed 0 unused modules.

6.45. Printing statistics.

=== picorv32_baseline_c_ksa_wrapper ===

   Number of wires:               1859
   Number of wire bits:           4039
   Number of public wires:         168
   Number of public wire bits:    1879
   Number of memories:               0
   Number of memory bits:            0
   Number of processes:              0
   Number of cells:               2716
     SB_CARRY                      339
     SB_DFF                        116
     SB_DFFE                       119
     SB_DFFESR                     230
     SB_DFFESS                       1
     SB_DFFSR                      100
     SB_LUT4                      1807
     SB_RAM40_4K                     4

6.46. Executing CHECK pass (checking for obvious problems).
checking module picorv32_baseline_c_ksa_wrapper..
found and reported 0 problems.

6.47. Executing BLIF backend.

6.48. Executing JSON backend.
End of script. Logfile hash: 2501ed5438
CPU: user 8.23s system 0.08s, MEM: 60.53 MB total, 55.12 MB resident
Yosys 0.9 (git sha1 1979e0b)
Time spent: 21% 24x opt_clean (1 sec), 18% 26x opt_expr (1 sec), ...
