
 /----------------------------------------------------------------------------\
 |                                                                            |
 |  yosys -- Yosys Open SYnthesis Suite                                       |
 |                                                                            |
 |  Copyright (C) 2012 - 2019  Clifford Wolf <clifford@clifford.at>           |
 |                                                                            |
 |  Permission to use, copy, modify, and/or distribute this software for any  |
 |  purpose with or without fee is hereby granted, provided that the above    |
 |  copyright notice and this permission notice appear in all copies.         |
 |                                                                            |
 |  THE SOFTWARE IS PROVIDED "AS IS" AND THE AUTHOR DISCLAIMS ALL WARRANTIES  |
 |  WITH REGARD TO THIS SOFTWARE INCLUDING ALL IMPLIED WARRANTIES OF          |
 |  MERCHANTABILITY AND FITNESS. IN NO EVENT SHALL THE AUTHOR BE LIABLE FOR   |
 |  ANY SPECIAL, DIRECT, INDIRECT, OR CONSEQUENTIAL DAMAGES OR ANY DAMAGES    |
 |  WHATSOEVER RESULTING FROM LOSS OF USE, DATA OR PROFITS, WHETHER IN AN     |
 |  ACTION OF CONTRACT, NEGLIGENCE OR OTHER TORTIOUS ACTION, ARISING OUT OF   |
 |  OR IN CONNECTION WITH THE USE OR PERFORMANCE OF THIS SOFTWARE.            |
 |                                                                            |
 \----------------------------------------------------------------------------/

 Yosys 0.9 (git sha1 1979e0b)


-- Executing script file `synth/synth_baseline_A.ys' --

1. Executing Verilog-2005 frontend: ../picorv32.v
Parsing Verilog input from `../picorv32.v' to AST representation.
Generating RTLIL representation for module `\picorv32'.
Generating RTLIL representation for module `\picorv32_regs'.
Generating RTLIL representation for module `\picorv32_pcpi_mul'.
Generating RTLIL representation for module `\picorv32_pcpi_fast_mul'.
Generating RTLIL representation for module `\picorv32_pcpi_div'.
Generating RTLIL representation for module `\picorv32_axi'.
Generating RTLIL representation for module `\picorv32_axi_adapter'.
Generating RTLIL representation for module `\picorv32_wb'.
Successfully finished Verilog frontend.

2. Executing Verilog-2005 frontend: synth/picorv32_baseline_a_wrapper.v
Parsing Verilog input from `synth/picorv32_baseline_a_wrapper.v' to AST representation.
Generating RTLIL representation for module `\picorv32_baseline_a_wrapper'.
Successfully finished Verilog frontend.

3. Executing HIERARCHY pass (managing design hierarchy).

3.1. Analyzing design hierarchy..
Top module:  \picorv32_baseline_a_wrapper
Used module:     \picorv32

3.2. Executing AST frontend in derive mode using pre-parsed AST for module `\picorv32'.
Parameter \BARREL_SHIFTER = 1
Parameter \ENABLE_MUL = 1
Parameter \ENABLE_FAST_MUL = 0
Generating RTLIL representation for module `$paramod\picorv32\BARREL_SHIFTER=1\ENABLE_MUL=1\ENABLE_FAST_MUL=0'.

3.3. Analyzing design hierarchy..
Top module:  \picorv32_baseline_a_wrapper
Used module:     $paramod\picorv32\BARREL_SHIFTER=1\ENABLE_MUL=1\ENABLE_FAST_MUL=0
Used module:         \picorv32_pcpi_mul

3.4. Analyzing design hierarchy..
Top module:  \picorv32_baseline_a_wrapper
Used module:     $paramod\picorv32\BARREL_SHIFTER=1\ENABLE_MUL=1\ENABLE_FAST_MUL=0
Used module:         \picorv32_pcpi_mul
Removing unused module `\picorv32_wb'.
Removing unused module `\picorv32_axi_adapter'.
Removing unused module `\picorv32_axi'.
Removing unused module `\picorv32_pcpi_div'.
Removing unused module `\picorv32_pcpi_fast_mul'.
Removing unused module `\picorv32_regs'.
Removing unused module `\picorv32'.
Removed 7 unused modules.

4. Executing SYNTH_ICE40 pass.

4.1. Executing Verilog-2005 frontend: /usr/bin/../share/yosys/ice40/cells_sim.v
Parsing Verilog input from `/usr/bin/../share/yosys/ice40/cells_sim.v' to AST representation.
Generating RTLIL representation for module `\SB_IO'.
Generating RTLIL representation for module `\SB_GB_IO'.
Generating RTLIL representation for module `\SB_GB'.
Generating RTLIL representation for module `\SB_LUT4'.
Generating RTLIL representation for module `\SB_CARRY'.
Generating RTLIL representation for module `\SB_DFF'.
Generating RTLIL representation for module `\SB_DFFE'.
Generating RTLIL representation for module `\SB_DFFSR'.
Generating RTLIL representation for module `\SB_DFFR'.
Generating RTLIL representation for module `\SB_DFFSS'.
Generating RTLIL representation for module `\SB_DFFS'.
Generating RTLIL representation for module `\SB_DFFESR'.
Generating RTLIL representation for module `\SB_DFFER'.
Generating RTLIL representation for module `\SB_DFFESS'.
Generating RTLIL representation for module `\SB_DFFES'.
Generating RTLIL representation for module `\SB_DFFN'.
Generating RTLIL representation for module `\SB_DFFNE'.
Generating RTLIL representation for module `\SB_DFFNSR'.
Generating RTLIL representation for module `\SB_DFFNR'.
Generating RTLIL representation for module `\SB_DFFNSS'.
Generating RTLIL representation for module `\SB_DFFNS'.
Generating RTLIL representation for module `\SB_DFFNESR'.
Generating RTLIL representation for module `\SB_DFFNER'.
Generating RTLIL representation for module `\SB_DFFNESS'.
Generating RTLIL representation for module `\SB_DFFNES'.
Generating RTLIL representation for module `\SB_RAM40_4K'.
Generating RTLIL representation for module `\SB_RAM40_4KNR'.
Generating RTLIL representation for module `\SB_RAM40_4KNW'.
Generating RTLIL representation for module `\SB_RAM40_4KNRNW'.
Generating RTLIL representation for module `\ICESTORM_LC'.
Generating RTLIL representation for module `\SB_PLL40_CORE'.
Generating RTLIL representation for module `\SB_PLL40_PAD'.
Generating RTLIL representation for module `\SB_PLL40_2_PAD'.
Generating RTLIL representation for module `\SB_PLL40_2F_CORE'.
Generating RTLIL representation for module `\SB_PLL40_2F_PAD'.
Generating RTLIL representation for module `\SB_WARMBOOT'.
Generating RTLIL representation for module `\SB_SPRAM256KA'.
Generating RTLIL representation for module `\SB_HFOSC'.
Generating RTLIL representation for module `\SB_LFOSC'.
Generating RTLIL representation for module `\SB_RGBA_DRV'.
Generating RTLIL representation for module `\SB_LED_DRV_CUR'.
Generating RTLIL representation for module `\SB_RGB_DRV'.
Generating RTLIL representation for module `\SB_I2C'.
Generating RTLIL representation for module `\SB_SPI'.
Generating RTLIL representation for module `\SB_LEDDA_IP'.
Generating RTLIL representation for module `\SB_FILTER_50NS'.
Generating RTLIL representation for module `\SB_IO_I3C'.
Generating RTLIL representation for module `\SB_IO_OD'.
Generating RTLIL representation for module `\SB_MAC16'.
Successfully finished Verilog frontend.

4.2. Executing HIERARCHY pass (managing design hierarchy).

4.2.1. Analyzing design hierarchy..
Top module:  \picorv32_baseline_a_wrapper
Used module:     $paramod\picorv32\BARREL_SHIFTER=1\ENABLE_MUL=1\ENABLE_FAST_MUL=0
Used module:         \picorv32_pcpi_mul

4.2.2. Analyzing design hierarchy..
Top module:  \picorv32_baseline_a_wrapper
Used module:     $paramod\picorv32\BARREL_SHIFTER=1\ENABLE_MUL=1\ENABLE_FAST_MUL=0
Used module:         \picorv32_pcpi_mul
Removed 0 unused modules.

4.3. Executing PROC pass (convert processes to netlists).

4.3.1. Executing PROC_CLEAN pass (remove empty switches from decision trees).
Found and cleaned up 1 empty switch in `\picorv32_pcpi_mul.$proc$../picorv32.v:2283$732'.
Found and cleaned up 1 empty switch in `$paramod\picorv32\BARREL_SHIFTER=1\ENABLE_MUL=1\ENABLE_FAST_MUL=0.$proc$../picorv32.v:207$1587'.
Removing empty process `$paramod\picorv32\BARREL_SHIFTER=1\ENABLE_MUL=1\ENABLE_FAST_MUL=0.$proc$../picorv32.v:207$1587'.
Found and cleaned up 17 empty switches in `$paramod\picorv32\BARREL_SHIFTER=1\ENABLE_MUL=1\ENABLE_FAST_MUL=0.$proc$../picorv32.v:1436$1395'.
Found and cleaned up 1 empty switch in `$paramod\picorv32\BARREL_SHIFTER=1\ENABLE_MUL=1\ENABLE_FAST_MUL=0.$proc$../picorv32.v:1382$1379'.
Found and cleaned up 6 empty switches in `$paramod\picorv32\BARREL_SHIFTER=1\ENABLE_MUL=1\ENABLE_FAST_MUL=0.$proc$../picorv32.v:547$1015'.
Removing empty process `$paramod\picorv32\BARREL_SHIFTER=1\ENABLE_MUL=1\ENABLE_FAST_MUL=0.$proc$../picorv32.v:547$1015'.
Cleaned up 26 empty switches.

4.3.2. Executing PROC_RMDEAD pass (remove dead branches from decision trees).
Marked 4 switch rules as full_case in process $proc$../picorv32.v:2307$770 in module picorv32_pcpi_mul.
Marked 38 switch rules as full_case in process $proc$../picorv32.v:1436$1395 in module $paramod\picorv32\BARREL_SHIFTER=1\ENABLE_MUL=1\ENABLE_FAST_MUL=0.
Marked 2 switch rules as full_case in process $proc$../picorv32.v:1343$1361 in module $paramod\picorv32\BARREL_SHIFTER=1\ENABLE_MUL=1\ENABLE_FAST_MUL=0.
Marked 2 switch rules as full_case in process $proc$../picorv32.v:1329$1356 in module $paramod\picorv32\BARREL_SHIFTER=1\ENABLE_MUL=1\ENABLE_FAST_MUL=0.
Marked 8 switch rules as full_case in process $proc$../picorv32.v:1187$1319 in module $paramod\picorv32\BARREL_SHIFTER=1\ENABLE_MUL=1\ENABLE_FAST_MUL=0.
Marked 3 switch rules as full_case in process $proc$../picorv32.v:859$1055 in module $paramod\picorv32\BARREL_SHIFTER=1\ENABLE_MUL=1\ENABLE_FAST_MUL=0.
Marked 3 switch rules as full_case in process $proc$../picorv32.v:810$1053 in module $paramod\picorv32\BARREL_SHIFTER=1\ENABLE_MUL=1\ENABLE_FAST_MUL=0.
Marked 2 switch rules as full_case in process $proc$../picorv32.v:779$1049 in module $paramod\picorv32\BARREL_SHIFTER=1\ENABLE_MUL=1\ENABLE_FAST_MUL=0.
Marked 48 switch rules as full_case in process $proc$../picorv32.v:702$1048 in module $paramod\picorv32\BARREL_SHIFTER=1\ENABLE_MUL=1\ENABLE_FAST_MUL=0.
Marked 4 switch rules as full_case in process $proc$../picorv32.v:566$1024 in module $paramod\picorv32\BARREL_SHIFTER=1\ENABLE_MUL=1\ENABLE_FAST_MUL=0.
Marked 1 switch rules as full_case in process $proc$../picorv32.v:431$984 in module $paramod\picorv32\BARREL_SHIFTER=1\ENABLE_MUL=1\ENABLE_FAST_MUL=0.
Removed 2 dead cases from process $proc$../picorv32.v:402$981 in module $paramod\picorv32\BARREL_SHIFTER=1\ENABLE_MUL=1\ENABLE_FAST_MUL=0.
Marked 2 switch rules as full_case in process $proc$../picorv32.v:402$981 in module $paramod\picorv32\BARREL_SHIFTER=1\ENABLE_MUL=1\ENABLE_FAST_MUL=0.
Marked 1 switch rules as full_case in process $proc$../picorv32.v:391$976 in module $paramod\picorv32\BARREL_SHIFTER=1\ENABLE_MUL=1\ENABLE_FAST_MUL=0.
Marked 1 switch rules as full_case in process $proc$../picorv32.v:326$902 in module $paramod\picorv32\BARREL_SHIFTER=1\ENABLE_MUL=1\ENABLE_FAST_MUL=0.
Removed a total of 2 dead cases.

4.3.3. Executing PROC_INIT pass (extract init attributes).

4.3.4. Executing PROC_ARST pass (detect async resets in processes).

4.3.5. Executing PROC_MUX pass (convert decision trees to multiplexers).
Creating decoders for process `\picorv32_pcpi_mul.$proc$../picorv32.v:2341$775'.
     1/3: $0\pcpi_ready[0:0]
     2/3: $0\pcpi_wr[0:0]
     3/3: $0\pcpi_rd[31:0]
Creating decoders for process `\picorv32_pcpi_mul.$proc$../picorv32.v:2307$770'.
     1/7: $0\mul_finish[0:0]
     2/7: $0\mul_waiting[0:0]
     3/7: $0\mul_counter[6:0]
     4/7: $0\rdx[63:0]
     5/7: $0\rd[63:0]
     6/7: $0\rs2[63:0]
     7/7: $0\rs1[63:0]
Creating decoders for process `\picorv32_pcpi_mul.$proc$../picorv32.v:2283$732'.
     1/27: $1\next_rdx[63:0]
     2/27: $1\j[31:0]
     3/27: { $1\next_rdt[63:0] [63] $1\next_rd[63:0] [63:60] }
     4/27: { $1\next_rdt[63:0] [59] $1\next_rd[63:0] [59:56] }
     5/27: { $1\next_rdt[63:0] [55] $1\next_rd[63:0] [55:52] }
     6/27: { $1\next_rdt[63:0] [51] $1\next_rd[63:0] [51:48] }
     7/27: { $1\next_rdt[63:0] [47] $1\next_rd[63:0] [47:44] }
     8/27: { $1\next_rdt[63:0] [43] $1\next_rd[63:0] [43:40] }
     9/27: { $1\next_rdt[63:0] [39] $1\next_rd[63:0] [39:36] }
    10/27: { $1\next_rdt[63:0] [35] $1\next_rd[63:0] [35:32] }
    11/27: { $1\next_rdt[63:0] [31] $1\next_rd[63:0] [31:28] }
    12/27: { $1\next_rdt[63:0] [27] $1\next_rd[63:0] [27:24] }
    13/27: { $1\next_rdt[63:0] [23] $1\next_rd[63:0] [23:20] }
    14/27: { $1\next_rdt[63:0] [19] $1\next_rd[63:0] [19:16] }
    15/27: { $1\next_rdt[63:0] [15] $1\next_rd[63:0] [15:12] }
    16/27: { $1\next_rdt[63:0] [11] $1\next_rd[63:0] [11:8] }
    17/27: { $1\next_rdt[63:0] [7] $1\next_rd[63:0] [7:4] }
    18/27: { $1\next_rdt[63:0] [3] $1\next_rd[63:0] [3:0] }
    19/27: { $1\next_rdt[63:0] [62:60] $1\next_rdt[63:0] [58:56] $1\next_rdt[63:0] [54:52] $1\next_rdt[63:0] [50:48] $1\next_rdt[63:0] [46:44] $1\next_rdt[63:0] [42:40] $1\next_rdt[63:0] [38:36] $1\next_rdt[63:0] [34:32] $1\next_rdt[63:0] [30:28] $1\next_rdt[63:0] [26:24] $1\next_rdt[63:0] [22:20] $1\next_rdt[63:0] [18:16] $1\next_rdt[63:0] [14:12] $1\next_rdt[63:0] [10:8] $1\next_rdt[63:0] [6:4] $1\next_rdt[63:0] [2:0] }
    20/27: $0\i[31:0]
    21/27: $0\next_rs2[63:0]
    22/27: $0\next_rs1[63:0]
    23/27: $0\j[31:0]
    24/27: $0\next_rdt[63:0]
    25/27: $0\next_rdx[63:0]
    26/27: $0\next_rd[63:0]
    27/27: $0\this_rs2[63:0]
Creating decoders for process `\picorv32_pcpi_mul.$proc$../picorv32.v:2255$726'.
     1/6: $0\pcpi_wait_q[0:0]
     2/6: $0\pcpi_wait[0:0]
     3/6: $0\instr_mulhu[0:0]
     4/6: $0\instr_mulhsu[0:0]
     5/6: $0\instr_mulh[0:0]
     6/6: $0\instr_mul[0:0]
Creating decoders for process `$paramod\picorv32\BARREL_SHIFTER=1\ENABLE_MUL=1\ENABLE_FAST_MUL=0.$proc$../picorv32.v:1436$1395'.
     1/93: $20\next_irq_pending[2:2]
     2/93: $19\next_irq_pending[2:2]
     3/93: $18\next_irq_pending[2:2]
     4/93: $17\next_irq_pending[2:2]
     5/93: $16\next_irq_pending[2:2]
     6/93: $15\next_irq_pending[2:2]
     7/93: $14\next_irq_pending[2:2]
     8/93: $2\next_irq_pending[31:0] [31:2]
     9/93: $3\set_mem_do_rdata[0:0]
    10/93: $2\next_irq_pending[31:0] [1]
    11/93: $3\set_mem_do_wdata[0:0]
    12/93: $2\next_irq_pending[31:0] [0]
    13/93: $4\set_mem_do_rinst[0:0]
    14/93: $3\set_mem_do_rinst[0:0]
    15/93: $4\set_mem_do_wdata[0:0]
    16/93: $12\next_irq_pending[1:1]
    17/93: $11\next_irq_pending[1:1]
    18/93: $10\next_irq_pending[1:1]
    19/93: $4\set_mem_do_rdata[0:0]
    20/93: $8\next_irq_pending[1:1]
    21/93: $7\next_irq_pending[1:1]
    22/93: $6\next_irq_pending[1:1]
    23/93: $5\next_irq_pending[1:1]
    24/93: $4\next_irq_pending[1:1]
    25/93: $13\next_irq_pending[1:1]
    26/93: $5\set_mem_do_rinst[0:0]
    27/93: $9\next_irq_pending[1:1]
    28/93: $3\next_irq_pending[31:0]
    29/93: $3\current_pc[31:0]
    30/93: $2\current_pc[31:0]
    31/93: $2\set_mem_do_wdata[0:0]
    32/93: $2\set_mem_do_rdata[0:0]
    33/93: $2\set_mem_do_rinst[0:0]
    34/93: $1\next_irq_pending[31:0]
    35/93: $1\current_pc[31:0]
    36/93: $1\set_mem_do_wdata[0:0]
    37/93: $1\set_mem_do_rdata[0:0]
    38/93: $1\set_mem_do_rinst[0:0]
    39/93: $0\current_pc[31:0]
    40/93: $0\irq_pending[31:0]
    41/93: $0\next_irq_pending[31:0] [2]
    42/93: { $0\next_irq_pending[31:0] [31:3] $0\next_irq_pending[31:0] [1:0] }
    43/93: $0\set_mem_do_wdata[0:0]
    44/93: $0\set_mem_do_rdata[0:0]
    45/93: $0\set_mem_do_rinst[0:0]
    46/93: $0\trace_valid[0:0]
    47/93: $0\do_waitirq[0:0]
    48/93: $0\decoder_pseudo_trigger_q[0:0]
    49/93: $0\decoder_pseudo_trigger[0:0]
    50/93: $0\decoder_trigger_q[0:0]
    51/93: $0\decoder_trigger[0:0]
    52/93: $0\alu_wait_2[0:0]
    53/93: $0\alu_wait[0:0]
    54/93: $0\alu_out_q[31:0]
    55/93: $0\alu_out_0_q[0:0]
    56/93: $0\reg_out[31:0]
    57/93: $0\reg_sh[4:0]
    58/93: $0\trap[0:0]
    59/93: $0\pcpi_timeout[0:0]
    60/93: $0\pcpi_timeout_counter[3:0]
    61/93: $0\latched_rd[4:0]
    62/93: $0\latched_is_lb[0:0]
    63/93: $0\latched_is_lh[0:0]
    64/93: $0\latched_is_lu[0:0]
    65/93: $0\latched_trace[0:0]
    66/93: $0\latched_compr[0:0]
    67/93: $0\latched_branch[0:0]
    68/93: $0\latched_stalu[0:0]
    69/93: $0\latched_store[0:0]
    70/93: $0\irq_state[1:0]
    71/93: $0\cpu_state[7:0]
    72/93: $0\dbg_rs2val_valid[0:0]
    73/93: $0\dbg_rs1val_valid[0:0]
    74/93: $0\dbg_rs2val[31:0]
    75/93: $0\dbg_rs1val[31:0]
    76/93: $0\mem_do_wdata[0:0]
    77/93: $0\mem_do_rdata[0:0]
    78/93: $0\mem_do_rinst[0:0]
    79/93: $0\mem_do_prefetch[0:0]
    80/93: $0\mem_wordsize[1:0]
    81/93: $0\timer[31:0]
    82/93: $0\irq_mask[31:0]
    83/93: $0\irq_active[0:0]
    84/93: $0\irq_delay[0:0]
    85/93: $0\reg_op2[31:0]
    86/93: $0\reg_op1[31:0]
    87/93: $0\reg_next_pc[31:0]
    88/93: $0\reg_pc[31:0]
    89/93: $0\count_instr[63:0]
    90/93: $0\count_cycle[63:0]
    91/93: $0\trace_data[35:0]
    92/93: $0\eoi[31:0]
    93/93: $0\pcpi_valid[0:0]
Creating decoders for process `$paramod\picorv32\BARREL_SHIFTER=1\ENABLE_MUL=1\ENABLE_FAST_MUL=0.$proc$../picorv32.v:1382$1379'.
     1/5: $1\cpuregs_rs2[31:0]
     2/5: $1\cpuregs_rs1[31:0]
     3/5: $0\cpuregs_rs2[31:0]
     4/5: $0\cpuregs_rs1[31:0]
     5/5: $0\decoded_rs[4:0]
Creating decoders for process `$paramod\picorv32\BARREL_SHIFTER=1\ENABLE_MUL=1\ENABLE_FAST_MUL=0.$proc$../picorv32.v:1371$1373'.
     1/3: $0$memwr$\cpuregs$../picorv32.v:1378$901_EN[31:0]$1375
     2/3: $0$memwr$\cpuregs$../picorv32.v:1378$901_DATA[31:0]$1376
     3/3: $0$memwr$\cpuregs$../picorv32.v:1378$901_ADDR[4:0]$1374
Creating decoders for process `$paramod\picorv32\BARREL_SHIFTER=1\ENABLE_MUL=1\ENABLE_FAST_MUL=0.$proc$../picorv32.v:1343$1361'.
     1/6: $2\cpuregs_write[0:0]
     2/6: $2\cpuregs_wrdata[31:0]
     3/6: $1\cpuregs_wrdata[31:0]
     4/6: $1\cpuregs_write[0:0]
     5/6: $0\cpuregs_wrdata[31:0]
     6/6: $0\cpuregs_write[0:0]
Creating decoders for process `$paramod\picorv32\BARREL_SHIFTER=1\ENABLE_MUL=1\ENABLE_FAST_MUL=0.$proc$../picorv32.v:1329$1356'.
     1/3: $2\clear_prefetched_high_word[0:0]
     2/3: $1\clear_prefetched_high_word[0:0]
     3/3: $0\clear_prefetched_high_word[0:0]
Creating decoders for process `$paramod\picorv32\BARREL_SHIFTER=1\ENABLE_MUL=1\ENABLE_FAST_MUL=0.$proc$../picorv32.v:1327$1355'.
     1/1: $0\clear_prefetched_high_word_q[0:0]
Creating decoders for process `$paramod\picorv32\BARREL_SHIFTER=1\ENABLE_MUL=1\ENABLE_FAST_MUL=0.$proc$../picorv32.v:1283$1333'.
     1/4: $1\alu_out[31:0]
     2/4: $1\alu_out_0[0:0]
     3/4: $0\alu_out[31:0]
     4/4: $0\alu_out_0[0:0]
Creating decoders for process `$paramod\picorv32\BARREL_SHIFTER=1\ENABLE_MUL=1\ENABLE_FAST_MUL=0.$proc$../picorv32.v:1187$1319'.
     1/9: $8\dbg_ascii_state[127:0]
     2/9: $7\dbg_ascii_state[127:0]
     3/9: $6\dbg_ascii_state[127:0]
     4/9: $5\dbg_ascii_state[127:0]
     5/9: $4\dbg_ascii_state[127:0]
     6/9: $3\dbg_ascii_state[127:0]
     7/9: $2\dbg_ascii_state[127:0]
     8/9: $1\dbg_ascii_state[127:0]
     9/9: $0\dbg_ascii_state[127:0]
Creating decoders for process `$paramod\picorv32\BARREL_SHIFTER=1\ENABLE_MUL=1\ENABLE_FAST_MUL=0.$proc$../picorv32.v:859$1055'.
     1/81: $0\decoded_rs1[4:0] [4]
     2/81: $0\decoded_imm_j[31:0] [10]
     3/81: $0\decoded_imm_j[31:0] [7]
     4/81: $0\decoded_imm_j[31:0] [6]
     5/81: $0\decoded_imm_j[31:0] [3:1]
     6/81: $0\decoded_imm_j[31:0] [5]
     7/81: $0\decoded_imm_j[31:0] [9:8]
     8/81: $0\decoded_imm_j[31:0] [31:20]
     9/81: $0\decoded_imm_j[31:0] [4]
    10/81: $0\decoded_imm_j[31:0] [11]
    11/81: $0\decoded_imm_j[31:0] [0]
    12/81: $0\decoded_rs1[4:0] [3:0]
    13/81: $0\is_lbu_lhu_lw[0:0]
    14/81: $0\is_sltiu_bltu_sltu[0:0]
    15/81: $0\is_slti_blt_slt[0:0]
    16/81: $0\is_lui_auipc_jal_jalr_addi_add_sub[0:0]
    17/81: $0\is_lui_auipc_jal[0:0]
    18/81: $0\is_alu_reg_reg[0:0]
    19/81: $0\is_alu_reg_imm[0:0]
    20/81: $0\is_beq_bne_blt_bge_bltu_bgeu[0:0]
    21/81: $0\is_sll_srl_sra[0:0]
    22/81: $0\is_sb_sh_sw[0:0]
    23/81: $0\is_jalr_addi_slti_sltiu_xori_ori_andi[0:0]
    24/81: $0\is_slli_srli_srai[0:0]
    25/81: $0\is_lb_lh_lw_lbu_lhu[0:0]
    26/81: $0\compressed_instr[0:0]
    27/81: $0\is_compare[0:0]
    28/81: $0\decoded_imm[31:0]
    29/81: $0\decoded_rs2[4:0]
    30/81: $0\decoded_imm_j[31:0] [19:12]
    31/81: $0\decoded_rd[4:0]
    32/81: $0\instr_timer[0:0]
    33/81: $0\instr_waitirq[0:0]
    34/81: $0\instr_maskirq[0:0]
    35/81: $0\instr_retirq[0:0]
    36/81: $0\instr_setq[0:0]
    37/81: $0\instr_getq[0:0]
    38/81: $0\instr_fence[0:0]
    39/81: $0\instr_ecall_ebreak[0:0]
    40/81: $0\instr_rdinstrh[0:0]
    41/81: $0\instr_rdinstr[0:0]
    42/81: $0\instr_rdcycleh[0:0]
    43/81: $0\instr_rdcycle[0:0]
    44/81: $0\instr_and[0:0]
    45/81: $0\instr_or[0:0]
    46/81: $0\instr_sra[0:0]
    47/81: $0\instr_srl[0:0]
    48/81: $0\instr_xor[0:0]
    49/81: $0\instr_sltu[0:0]
    50/81: $0\instr_slt[0:0]
    51/81: $0\instr_sll[0:0]
    52/81: $0\instr_sub[0:0]
    53/81: $0\instr_add[0:0]
    54/81: $0\instr_srai[0:0]
    55/81: $0\instr_srli[0:0]
    56/81: $0\instr_slli[0:0]
    57/81: $0\instr_andi[0:0]
    58/81: $0\instr_ori[0:0]
    59/81: $0\instr_xori[0:0]
    60/81: $0\instr_sltiu[0:0]
    61/81: $0\instr_slti[0:0]
    62/81: $0\instr_addi[0:0]
    63/81: $0\instr_sw[0:0]
    64/81: $0\instr_sh[0:0]
    65/81: $0\instr_sb[0:0]
    66/81: $0\instr_lhu[0:0]
    67/81: $0\instr_lbu[0:0]
    68/81: $0\instr_lw[0:0]
    69/81: $0\instr_lh[0:0]
    70/81: $0\instr_lb[0:0]
    71/81: $0\instr_bgeu[0:0]
    72/81: $0\instr_bltu[0:0]
    73/81: $0\instr_bge[0:0]
    74/81: $0\instr_blt[0:0]
    75/81: $0\instr_bne[0:0]
    76/81: $0\instr_beq[0:0]
    77/81: $0\instr_jalr[0:0]
    78/81: $0\instr_jal[0:0]
    79/81: $0\instr_auipc[0:0]
    80/81: $0\instr_lui[0:0]
    81/81: $0\pcpi_insn[31:0]
Creating decoders for process `$paramod\picorv32\BARREL_SHIFTER=1\ENABLE_MUL=1\ENABLE_FAST_MUL=0.$proc$../picorv32.v:810$1053'.
     1/19: $3\dbg_insn_opcode[31:0]
     2/19: $2\dbg_insn_rd[4:0]
     3/19: $2\dbg_insn_rs2[4:0]
     4/19: $2\dbg_insn_rs1[4:0]
     5/19: $2\dbg_insn_opcode[31:0]
     6/19: $2\dbg_insn_imm[31:0]
     7/19: $2\dbg_ascii_instr[63:0]
     8/19: $1\dbg_insn_rd[4:0]
     9/19: $1\dbg_insn_rs2[4:0]
    10/19: $1\dbg_insn_rs1[4:0]
    11/19: $1\dbg_insn_imm[31:0]
    12/19: $1\dbg_ascii_instr[63:0]
    13/19: $1\dbg_insn_opcode[31:0]
    14/19: $0\dbg_insn_rd[4:0]
    15/19: $0\dbg_insn_rs2[4:0]
    16/19: $0\dbg_insn_rs1[4:0]
    17/19: $0\dbg_insn_imm[31:0]
    18/19: $0\dbg_ascii_instr[63:0]
    19/19: $0\dbg_insn_opcode[31:0]
Creating decoders for process `$paramod\picorv32\BARREL_SHIFTER=1\ENABLE_MUL=1\ENABLE_FAST_MUL=0.$proc$../picorv32.v:779$1049'.
     1/15: $0\dbg_next[0:0]
     2/15: $0\q_insn_rd[4:0]
     3/15: $0\q_insn_rs2[4:0]
     4/15: $0\q_insn_rs1[4:0]
     5/15: $0\q_insn_opcode[31:0]
     6/15: $0\q_insn_imm[31:0]
     7/15: $0\q_ascii_instr[63:0]
     8/15: $0\cached_insn_rd[4:0]
     9/15: $0\cached_insn_rs2[4:0]
    10/15: $0\cached_insn_rs1[4:0]
    11/15: $0\cached_insn_opcode[31:0]
    12/15: $0\cached_insn_imm[31:0]
    13/15: $0\cached_ascii_instr[63:0]
    14/15: $0\dbg_valid_insn[0:0]
    15/15: $0\dbg_insn_addr[31:0]
Creating decoders for process `$paramod\picorv32\BARREL_SHIFTER=1\ENABLE_MUL=1\ENABLE_FAST_MUL=0.$proc$../picorv32.v:702$1048'.
     1/49: $48\new_ascii_instr[63:0]
     2/49: $47\new_ascii_instr[63:0]
     3/49: $46\new_ascii_instr[63:0]
     4/49: $45\new_ascii_instr[63:0]
     5/49: $44\new_ascii_instr[63:0]
     6/49: $43\new_ascii_instr[63:0]
     7/49: $42\new_ascii_instr[63:0]
     8/49: $41\new_ascii_instr[63:0]
     9/49: $40\new_ascii_instr[63:0]
    10/49: $39\new_ascii_instr[63:0]
    11/49: $38\new_ascii_instr[63:0]
    12/49: $37\new_ascii_instr[63:0]
    13/49: $36\new_ascii_instr[63:0]
    14/49: $35\new_ascii_instr[63:0]
    15/49: $34\new_ascii_instr[63:0]
    16/49: $33\new_ascii_instr[63:0]
    17/49: $32\new_ascii_instr[63:0]
    18/49: $31\new_ascii_instr[63:0]
    19/49: $30\new_ascii_instr[63:0]
    20/49: $29\new_ascii_instr[63:0]
    21/49: $28\new_ascii_instr[63:0]
    22/49: $27\new_ascii_instr[63:0]
    23/49: $26\new_ascii_instr[63:0]
    24/49: $25\new_ascii_instr[63:0]
    25/49: $24\new_ascii_instr[63:0]
    26/49: $23\new_ascii_instr[63:0]
    27/49: $22\new_ascii_instr[63:0]
    28/49: $21\new_ascii_instr[63:0]
    29/49: $20\new_ascii_instr[63:0]
    30/49: $19\new_ascii_instr[63:0]
    31/49: $18\new_ascii_instr[63:0]
    32/49: $17\new_ascii_instr[63:0]
    33/49: $16\new_ascii_instr[63:0]
    34/49: $15\new_ascii_instr[63:0]
    35/49: $14\new_ascii_instr[63:0]
    36/49: $13\new_ascii_instr[63:0]
    37/49: $12\new_ascii_instr[63:0]
    38/49: $11\new_ascii_instr[63:0]
    39/49: $10\new_ascii_instr[63:0]
    40/49: $9\new_ascii_instr[63:0]
    41/49: $8\new_ascii_instr[63:0]
    42/49: $7\new_ascii_instr[63:0]
    43/49: $6\new_ascii_instr[63:0]
    44/49: $5\new_ascii_instr[63:0]
    45/49: $4\new_ascii_instr[63:0]
    46/49: $3\new_ascii_instr[63:0]
    47/49: $2\new_ascii_instr[63:0]
    48/49: $1\new_ascii_instr[63:0]
    49/49: $0\new_ascii_instr[63:0]
Creating decoders for process `$paramod\picorv32\BARREL_SHIFTER=1\ENABLE_MUL=1\ENABLE_FAST_MUL=0.$proc$../picorv32.v:566$1024'.
     1/9: $0\mem_16bit_buffer[15:0]
     2/9: $0\prefetched_high_word[0:0]
     3/9: $0\mem_la_secondword[0:0]
     4/9: $0\mem_state[1:0]
     5/9: $0\mem_wstrb[3:0]
     6/9: $0\mem_wdata[31:0]
     7/9: $0\mem_addr[31:0]
     8/9: $0\mem_instr[0:0]
     9/9: $0\mem_valid[0:0]
Creating decoders for process `$paramod\picorv32\BARREL_SHIFTER=1\ENABLE_MUL=1\ENABLE_FAST_MUL=0.$proc$../picorv32.v:1273$1578'.
     1/6: $0\alu_shr[31:0]
     2/6: $0\alu_shl[31:0]
     3/6: $0\alu_ltu[0:0]
     4/6: $0\alu_lts[0:0]
     5/6: $0\alu_eq[0:0]
     6/6: $0\alu_add_sub[31:0]
Creating decoders for process `$paramod\picorv32\BARREL_SHIFTER=1\ENABLE_MUL=1\ENABLE_FAST_MUL=0.$proc$../picorv32.v:431$984'.
     1/9: $0\mem_rdata_q[31:0] [31]
     2/9: $0\mem_rdata_q[31:0] [7]
     3/9: $0\mem_rdata_q[31:0] [24:20]
     4/9: $0\mem_rdata_q[31:0] [19:15]
     5/9: $0\mem_rdata_q[31:0] [6:0]
     6/9: $0\mem_rdata_q[31:0] [14:12]
     7/9: $0\mem_rdata_q[31:0] [11:8]
     8/9: $0\mem_rdata_q[31:0] [30:25]
     9/9: $0\next_insn_opcode[31:0]
Creating decoders for process `$paramod\picorv32\BARREL_SHIFTER=1\ENABLE_MUL=1\ENABLE_FAST_MUL=0.$proc$../picorv32.v:402$981'.
     1/8: $3\mem_rdata_word[31:0]
     2/8: $2\mem_rdata_word[31:0]
     3/8: $1\mem_rdata_word[31:0]
     4/8: $1\mem_la_wstrb[3:0]
     5/8: $1\mem_la_wdata[31:0]
     6/8: $0\mem_rdata_word[31:0]
     7/8: $0\mem_la_wstrb[3:0]
     8/8: $0\mem_la_wdata[31:0]
Creating decoders for process `$paramod\picorv32\BARREL_SHIFTER=1\ENABLE_MUL=1\ENABLE_FAST_MUL=0.$proc$../picorv32.v:391$976'.
     1/2: $0\last_mem_valid[0:0]
     2/2: $0\mem_la_firstword_reg[0:0]
Creating decoders for process `$paramod\picorv32\BARREL_SHIFTER=1\ENABLE_MUL=1\ENABLE_FAST_MUL=0.$proc$../picorv32.v:326$902'.
     1/6: $1\pcpi_int_rd[31:0]
     2/6: $1\pcpi_int_wr[0:0]
     3/6: $0\pcpi_int_rd[31:0]
     4/6: $0\pcpi_int_wr[0:0]
     5/6: $0\pcpi_int_ready[0:0]
     6/6: $0\pcpi_int_wait[0:0]

4.3.6. Executing PROC_DLATCH pass (convert process syncs to latches).
No latch inferred for signal `\picorv32_pcpi_mul.\i' from process `\picorv32_pcpi_mul.$proc$../picorv32.v:2283$732'.
No latch inferred for signal `\picorv32_pcpi_mul.\next_rs1' from process `\picorv32_pcpi_mul.$proc$../picorv32.v:2283$732'.
No latch inferred for signal `\picorv32_pcpi_mul.\next_rs2' from process `\picorv32_pcpi_mul.$proc$../picorv32.v:2283$732'.
No latch inferred for signal `\picorv32_pcpi_mul.\this_rs2' from process `\picorv32_pcpi_mul.$proc$../picorv32.v:2283$732'.
No latch inferred for signal `\picorv32_pcpi_mul.\next_rd' from process `\picorv32_pcpi_mul.$proc$../picorv32.v:2283$732'.
No latch inferred for signal `\picorv32_pcpi_mul.\next_rdx' from process `\picorv32_pcpi_mul.$proc$../picorv32.v:2283$732'.
No latch inferred for signal `\picorv32_pcpi_mul.\next_rdt' from process `\picorv32_pcpi_mul.$proc$../picorv32.v:2283$732'.
No latch inferred for signal `\picorv32_pcpi_mul.\j' from process `\picorv32_pcpi_mul.$proc$../picorv32.v:2283$732'.
No latch inferred for signal `$paramod\picorv32\BARREL_SHIFTER=1\ENABLE_MUL=1\ENABLE_FAST_MUL=0.\cpuregs_rs1' from process `$paramod\picorv32\BARREL_SHIFTER=1\ENABLE_MUL=1\ENABLE_FAST_MUL=0.$proc$../picorv32.v:1382$1379'.
No latch inferred for signal `$paramod\picorv32\BARREL_SHIFTER=1\ENABLE_MUL=1\ENABLE_FAST_MUL=0.\cpuregs_rs2' from process `$paramod\picorv32\BARREL_SHIFTER=1\ENABLE_MUL=1\ENABLE_FAST_MUL=0.$proc$../picorv32.v:1382$1379'.
No latch inferred for signal `$paramod\picorv32\BARREL_SHIFTER=1\ENABLE_MUL=1\ENABLE_FAST_MUL=0.\decoded_rs' from process `$paramod\picorv32\BARREL_SHIFTER=1\ENABLE_MUL=1\ENABLE_FAST_MUL=0.$proc$../picorv32.v:1382$1379'.
No latch inferred for signal `$paramod\picorv32\BARREL_SHIFTER=1\ENABLE_MUL=1\ENABLE_FAST_MUL=0.\cpuregs_write' from process `$paramod\picorv32\BARREL_SHIFTER=1\ENABLE_MUL=1\ENABLE_FAST_MUL=0.$proc$../picorv32.v:1343$1361'.
No latch inferred for signal `$paramod\picorv32\BARREL_SHIFTER=1\ENABLE_MUL=1\ENABLE_FAST_MUL=0.\cpuregs_wrdata' from process `$paramod\picorv32\BARREL_SHIFTER=1\ENABLE_MUL=1\ENABLE_FAST_MUL=0.$proc$../picorv32.v:1343$1361'.
No latch inferred for signal `$paramod\picorv32\BARREL_SHIFTER=1\ENABLE_MUL=1\ENABLE_FAST_MUL=0.\clear_prefetched_high_word' from process `$paramod\picorv32\BARREL_SHIFTER=1\ENABLE_MUL=1\ENABLE_FAST_MUL=0.$proc$../picorv32.v:1329$1356'.
No latch inferred for signal `$paramod\picorv32\BARREL_SHIFTER=1\ENABLE_MUL=1\ENABLE_FAST_MUL=0.\alu_out' from process `$paramod\picorv32\BARREL_SHIFTER=1\ENABLE_MUL=1\ENABLE_FAST_MUL=0.$proc$../picorv32.v:1283$1333'.
No latch inferred for signal `$paramod\picorv32\BARREL_SHIFTER=1\ENABLE_MUL=1\ENABLE_FAST_MUL=0.\alu_out_0' from process `$paramod\picorv32\BARREL_SHIFTER=1\ENABLE_MUL=1\ENABLE_FAST_MUL=0.$proc$../picorv32.v:1283$1333'.
No latch inferred for signal `$paramod\picorv32\BARREL_SHIFTER=1\ENABLE_MUL=1\ENABLE_FAST_MUL=0.\dbg_ascii_state' from process `$paramod\picorv32\BARREL_SHIFTER=1\ENABLE_MUL=1\ENABLE_FAST_MUL=0.$proc$../picorv32.v:1187$1319'.
No latch inferred for signal `$paramod\picorv32\BARREL_SHIFTER=1\ENABLE_MUL=1\ENABLE_FAST_MUL=0.\dbg_insn_opcode' from process `$paramod\picorv32\BARREL_SHIFTER=1\ENABLE_MUL=1\ENABLE_FAST_MUL=0.$proc$../picorv32.v:810$1053'.
No latch inferred for signal `$paramod\picorv32\BARREL_SHIFTER=1\ENABLE_MUL=1\ENABLE_FAST_MUL=0.\dbg_ascii_instr' from process `$paramod\picorv32\BARREL_SHIFTER=1\ENABLE_MUL=1\ENABLE_FAST_MUL=0.$proc$../picorv32.v:810$1053'.
No latch inferred for signal `$paramod\picorv32\BARREL_SHIFTER=1\ENABLE_MUL=1\ENABLE_FAST_MUL=0.\dbg_insn_imm' from process `$paramod\picorv32\BARREL_SHIFTER=1\ENABLE_MUL=1\ENABLE_FAST_MUL=0.$proc$../picorv32.v:810$1053'.
No latch inferred for signal `$paramod\picorv32\BARREL_SHIFTER=1\ENABLE_MUL=1\ENABLE_FAST_MUL=0.\dbg_insn_rs1' from process `$paramod\picorv32\BARREL_SHIFTER=1\ENABLE_MUL=1\ENABLE_FAST_MUL=0.$proc$../picorv32.v:810$1053'.
No latch inferred for signal `$paramod\picorv32\BARREL_SHIFTER=1\ENABLE_MUL=1\ENABLE_FAST_MUL=0.\dbg_insn_rs2' from process `$paramod\picorv32\BARREL_SHIFTER=1\ENABLE_MUL=1\ENABLE_FAST_MUL=0.$proc$../picorv32.v:810$1053'.
No latch inferred for signal `$paramod\picorv32\BARREL_SHIFTER=1\ENABLE_MUL=1\ENABLE_FAST_MUL=0.\dbg_insn_rd' from process `$paramod\picorv32\BARREL_SHIFTER=1\ENABLE_MUL=1\ENABLE_FAST_MUL=0.$proc$../picorv32.v:810$1053'.
No latch inferred for signal `$paramod\picorv32\BARREL_SHIFTER=1\ENABLE_MUL=1\ENABLE_FAST_MUL=0.\new_ascii_instr' from process `$paramod\picorv32\BARREL_SHIFTER=1\ENABLE_MUL=1\ENABLE_FAST_MUL=0.$proc$../picorv32.v:702$1048'.
No latch inferred for signal `$paramod\picorv32\BARREL_SHIFTER=1\ENABLE_MUL=1\ENABLE_FAST_MUL=0.\alu_add_sub' from process `$paramod\picorv32\BARREL_SHIFTER=1\ENABLE_MUL=1\ENABLE_FAST_MUL=0.$proc$../picorv32.v:1273$1578'.
No latch inferred for signal `$paramod\picorv32\BARREL_SHIFTER=1\ENABLE_MUL=1\ENABLE_FAST_MUL=0.\alu_shl' from process `$paramod\picorv32\BARREL_SHIFTER=1\ENABLE_MUL=1\ENABLE_FAST_MUL=0.$proc$../picorv32.v:1273$1578'.
No latch inferred for signal `$paramod\picorv32\BARREL_SHIFTER=1\ENABLE_MUL=1\ENABLE_FAST_MUL=0.\alu_shr' from process `$paramod\picorv32\BARREL_SHIFTER=1\ENABLE_MUL=1\ENABLE_FAST_MUL=0.$proc$../picorv32.v:1273$1578'.
No latch inferred for signal `$paramod\picorv32\BARREL_SHIFTER=1\ENABLE_MUL=1\ENABLE_FAST_MUL=0.\alu_eq' from process `$paramod\picorv32\BARREL_SHIFTER=1\ENABLE_MUL=1\ENABLE_FAST_MUL=0.$proc$../picorv32.v:1273$1578'.
No latch inferred for signal `$paramod\picorv32\BARREL_SHIFTER=1\ENABLE_MUL=1\ENABLE_FAST_MUL=0.\alu_ltu' from process `$paramod\picorv32\BARREL_SHIFTER=1\ENABLE_MUL=1\ENABLE_FAST_MUL=0.$proc$../picorv32.v:1273$1578'.
No latch inferred for signal `$paramod\picorv32\BARREL_SHIFTER=1\ENABLE_MUL=1\ENABLE_FAST_MUL=0.\alu_lts' from process `$paramod\picorv32\BARREL_SHIFTER=1\ENABLE_MUL=1\ENABLE_FAST_MUL=0.$proc$../picorv32.v:1273$1578'.
No latch inferred for signal `$paramod\picorv32\BARREL_SHIFTER=1\ENABLE_MUL=1\ENABLE_FAST_MUL=0.\mem_la_wdata' from process `$paramod\picorv32\BARREL_SHIFTER=1\ENABLE_MUL=1\ENABLE_FAST_MUL=0.$proc$../picorv32.v:402$981'.
No latch inferred for signal `$paramod\picorv32\BARREL_SHIFTER=1\ENABLE_MUL=1\ENABLE_FAST_MUL=0.\mem_la_wstrb' from process `$paramod\picorv32\BARREL_SHIFTER=1\ENABLE_MUL=1\ENABLE_FAST_MUL=0.$proc$../picorv32.v:402$981'.
No latch inferred for signal `$paramod\picorv32\BARREL_SHIFTER=1\ENABLE_MUL=1\ENABLE_FAST_MUL=0.\mem_rdata_word' from process `$paramod\picorv32\BARREL_SHIFTER=1\ENABLE_MUL=1\ENABLE_FAST_MUL=0.$proc$../picorv32.v:402$981'.
No latch inferred for signal `$paramod\picorv32\BARREL_SHIFTER=1\ENABLE_MUL=1\ENABLE_FAST_MUL=0.\pcpi_int_wr' from process `$paramod\picorv32\BARREL_SHIFTER=1\ENABLE_MUL=1\ENABLE_FAST_MUL=0.$proc$../picorv32.v:326$902'.
No latch inferred for signal `$paramod\picorv32\BARREL_SHIFTER=1\ENABLE_MUL=1\ENABLE_FAST_MUL=0.\pcpi_int_rd' from process `$paramod\picorv32\BARREL_SHIFTER=1\ENABLE_MUL=1\ENABLE_FAST_MUL=0.$proc$../picorv32.v:326$902'.
No latch inferred for signal `$paramod\picorv32\BARREL_SHIFTER=1\ENABLE_MUL=1\ENABLE_FAST_MUL=0.\pcpi_int_wait' from process `$paramod\picorv32\BARREL_SHIFTER=1\ENABLE_MUL=1\ENABLE_FAST_MUL=0.$proc$../picorv32.v:326$902'.
No latch inferred for signal `$paramod\picorv32\BARREL_SHIFTER=1\ENABLE_MUL=1\ENABLE_FAST_MUL=0.\pcpi_int_ready' from process `$paramod\picorv32\BARREL_SHIFTER=1\ENABLE_MUL=1\ENABLE_FAST_MUL=0.$proc$../picorv32.v:326$902'.

4.3.7. Executing PROC_DFF pass (convert process syncs to FFs).
Creating register for signal `\picorv32_pcpi_mul.\pcpi_wr' using process `\picorv32_pcpi_mul.$proc$../picorv32.v:2341$775'.
  created $dff cell `$procdff$4508' with positive edge clock.
Creating register for signal `\picorv32_pcpi_mul.\pcpi_rd' using process `\picorv32_pcpi_mul.$proc$../picorv32.v:2341$775'.
  created $dff cell `$procdff$4509' with positive edge clock.
Creating register for signal `\picorv32_pcpi_mul.\pcpi_ready' using process `\picorv32_pcpi_mul.$proc$../picorv32.v:2341$775'.
  created $dff cell `$procdff$4510' with positive edge clock.
Creating register for signal `\picorv32_pcpi_mul.\rs1' using process `\picorv32_pcpi_mul.$proc$../picorv32.v:2307$770'.
  created $dff cell `$procdff$4511' with positive edge clock.
Creating register for signal `\picorv32_pcpi_mul.\rs2' using process `\picorv32_pcpi_mul.$proc$../picorv32.v:2307$770'.
  created $dff cell `$procdff$4512' with positive edge clock.
Creating register for signal `\picorv32_pcpi_mul.\rd' using process `\picorv32_pcpi_mul.$proc$../picorv32.v:2307$770'.
  created $dff cell `$procdff$4513' with positive edge clock.
Creating register for signal `\picorv32_pcpi_mul.\rdx' using process `\picorv32_pcpi_mul.$proc$../picorv32.v:2307$770'.
  created $dff cell `$procdff$4514' with positive edge clock.
Creating register for signal `\picorv32_pcpi_mul.\mul_counter' using process `\picorv32_pcpi_mul.$proc$../picorv32.v:2307$770'.
  created $dff cell `$procdff$4515' with positive edge clock.
Creating register for signal `\picorv32_pcpi_mul.\mul_waiting' using process `\picorv32_pcpi_mul.$proc$../picorv32.v:2307$770'.
  created $dff cell `$procdff$4516' with positive edge clock.
Creating register for signal `\picorv32_pcpi_mul.\mul_finish' using process `\picorv32_pcpi_mul.$proc$../picorv32.v:2307$770'.
  created $dff cell `$procdff$4517' with positive edge clock.
Creating register for signal `\picorv32_pcpi_mul.\pcpi_wait' using process `\picorv32_pcpi_mul.$proc$../picorv32.v:2255$726'.
  created $dff cell `$procdff$4518' with positive edge clock.
Creating register for signal `\picorv32_pcpi_mul.\instr_mulhsu' using process `\picorv32_pcpi_mul.$proc$../picorv32.v:2255$726'.
  created $dff cell `$procdff$4519' with positive edge clock.
Creating register for signal `\picorv32_pcpi_mul.\pcpi_wait_q' using process `\picorv32_pcpi_mul.$proc$../picorv32.v:2255$726'.
  created $dff cell `$procdff$4520' with positive edge clock.
Creating register for signal `\picorv32_pcpi_mul.\instr_mul' using process `\picorv32_pcpi_mul.$proc$../picorv32.v:2255$726'.
  created $dff cell `$procdff$4521' with positive edge clock.
Creating register for signal `\picorv32_pcpi_mul.\instr_mulh' using process `\picorv32_pcpi_mul.$proc$../picorv32.v:2255$726'.
  created $dff cell `$procdff$4522' with positive edge clock.
Creating register for signal `\picorv32_pcpi_mul.\instr_mulhu' using process `\picorv32_pcpi_mul.$proc$../picorv32.v:2255$726'.
  created $dff cell `$procdff$4523' with positive edge clock.
Creating register for signal `$paramod\picorv32\BARREL_SHIFTER=1\ENABLE_MUL=1\ENABLE_FAST_MUL=0.\trap' using process `$paramod\picorv32\BARREL_SHIFTER=1\ENABLE_MUL=1\ENABLE_FAST_MUL=0.$proc$../picorv32.v:1436$1395'.
  created $dff cell `$procdff$4524' with positive edge clock.
Creating register for signal `$paramod\picorv32\BARREL_SHIFTER=1\ENABLE_MUL=1\ENABLE_FAST_MUL=0.\pcpi_valid' using process `$paramod\picorv32\BARREL_SHIFTER=1\ENABLE_MUL=1\ENABLE_FAST_MUL=0.$proc$../picorv32.v:1436$1395'.
  created $dff cell `$procdff$4525' with positive edge clock.
Creating register for signal `$paramod\picorv32\BARREL_SHIFTER=1\ENABLE_MUL=1\ENABLE_FAST_MUL=0.\eoi' using process `$paramod\picorv32\BARREL_SHIFTER=1\ENABLE_MUL=1\ENABLE_FAST_MUL=0.$proc$../picorv32.v:1436$1395'.
  created $dff cell `$procdff$4526' with positive edge clock.
Creating register for signal `$paramod\picorv32\BARREL_SHIFTER=1\ENABLE_MUL=1\ENABLE_FAST_MUL=0.\trace_valid' using process `$paramod\picorv32\BARREL_SHIFTER=1\ENABLE_MUL=1\ENABLE_FAST_MUL=0.$proc$../picorv32.v:1436$1395'.
  created $dff cell `$procdff$4527' with positive edge clock.
Creating register for signal `$paramod\picorv32\BARREL_SHIFTER=1\ENABLE_MUL=1\ENABLE_FAST_MUL=0.\trace_data' using process `$paramod\picorv32\BARREL_SHIFTER=1\ENABLE_MUL=1\ENABLE_FAST_MUL=0.$proc$../picorv32.v:1436$1395'.
  created $dff cell `$procdff$4528' with positive edge clock.
Creating register for signal `$paramod\picorv32\BARREL_SHIFTER=1\ENABLE_MUL=1\ENABLE_FAST_MUL=0.\count_cycle' using process `$paramod\picorv32\BARREL_SHIFTER=1\ENABLE_MUL=1\ENABLE_FAST_MUL=0.$proc$../picorv32.v:1436$1395'.
  created $dff cell `$procdff$4529' with positive edge clock.
Creating register for signal `$paramod\picorv32\BARREL_SHIFTER=1\ENABLE_MUL=1\ENABLE_FAST_MUL=0.\count_instr' using process `$paramod\picorv32\BARREL_SHIFTER=1\ENABLE_MUL=1\ENABLE_FAST_MUL=0.$proc$../picorv32.v:1436$1395'.
  created $dff cell `$procdff$4530' with positive edge clock.
Creating register for signal `$paramod\picorv32\BARREL_SHIFTER=1\ENABLE_MUL=1\ENABLE_FAST_MUL=0.\reg_pc' using process `$paramod\picorv32\BARREL_SHIFTER=1\ENABLE_MUL=1\ENABLE_FAST_MUL=0.$proc$../picorv32.v:1436$1395'.
  created $dff cell `$procdff$4531' with positive edge clock.
Creating register for signal `$paramod\picorv32\BARREL_SHIFTER=1\ENABLE_MUL=1\ENABLE_FAST_MUL=0.\reg_next_pc' using process `$paramod\picorv32\BARREL_SHIFTER=1\ENABLE_MUL=1\ENABLE_FAST_MUL=0.$proc$../picorv32.v:1436$1395'.
  created $dff cell `$procdff$4532' with positive edge clock.
Creating register for signal `$paramod\picorv32\BARREL_SHIFTER=1\ENABLE_MUL=1\ENABLE_FAST_MUL=0.\reg_op1' using process `$paramod\picorv32\BARREL_SHIFTER=1\ENABLE_MUL=1\ENABLE_FAST_MUL=0.$proc$../picorv32.v:1436$1395'.
  created $dff cell `$procdff$4533' with positive edge clock.
Creating register for signal `$paramod\picorv32\BARREL_SHIFTER=1\ENABLE_MUL=1\ENABLE_FAST_MUL=0.\reg_op2' using process `$paramod\picorv32\BARREL_SHIFTER=1\ENABLE_MUL=1\ENABLE_FAST_MUL=0.$proc$../picorv32.v:1436$1395'.
  created $dff cell `$procdff$4534' with positive edge clock.
Creating register for signal `$paramod\picorv32\BARREL_SHIFTER=1\ENABLE_MUL=1\ENABLE_FAST_MUL=0.\reg_out' using process `$paramod\picorv32\BARREL_SHIFTER=1\ENABLE_MUL=1\ENABLE_FAST_MUL=0.$proc$../picorv32.v:1436$1395'.
  created $dff cell `$procdff$4535' with positive edge clock.
Creating register for signal `$paramod\picorv32\BARREL_SHIFTER=1\ENABLE_MUL=1\ENABLE_FAST_MUL=0.\reg_sh' using process `$paramod\picorv32\BARREL_SHIFTER=1\ENABLE_MUL=1\ENABLE_FAST_MUL=0.$proc$../picorv32.v:1436$1395'.
  created $dff cell `$procdff$4536' with positive edge clock.
Creating register for signal `$paramod\picorv32\BARREL_SHIFTER=1\ENABLE_MUL=1\ENABLE_FAST_MUL=0.\irq_delay' using process `$paramod\picorv32\BARREL_SHIFTER=1\ENABLE_MUL=1\ENABLE_FAST_MUL=0.$proc$../picorv32.v:1436$1395'.
  created $dff cell `$procdff$4537' with positive edge clock.
Creating register for signal `$paramod\picorv32\BARREL_SHIFTER=1\ENABLE_MUL=1\ENABLE_FAST_MUL=0.\irq_active' using process `$paramod\picorv32\BARREL_SHIFTER=1\ENABLE_MUL=1\ENABLE_FAST_MUL=0.$proc$../picorv32.v:1436$1395'.
  created $dff cell `$procdff$4538' with positive edge clock.
Creating register for signal `$paramod\picorv32\BARREL_SHIFTER=1\ENABLE_MUL=1\ENABLE_FAST_MUL=0.\irq_mask' using process `$paramod\picorv32\BARREL_SHIFTER=1\ENABLE_MUL=1\ENABLE_FAST_MUL=0.$proc$../picorv32.v:1436$1395'.
  created $dff cell `$procdff$4539' with positive edge clock.
Creating register for signal `$paramod\picorv32\BARREL_SHIFTER=1\ENABLE_MUL=1\ENABLE_FAST_MUL=0.\irq_pending' using process `$paramod\picorv32\BARREL_SHIFTER=1\ENABLE_MUL=1\ENABLE_FAST_MUL=0.$proc$../picorv32.v:1436$1395'.
  created $dff cell `$procdff$4540' with positive edge clock.
Creating register for signal `$paramod\picorv32\BARREL_SHIFTER=1\ENABLE_MUL=1\ENABLE_FAST_MUL=0.\timer' using process `$paramod\picorv32\BARREL_SHIFTER=1\ENABLE_MUL=1\ENABLE_FAST_MUL=0.$proc$../picorv32.v:1436$1395'.
  created $dff cell `$procdff$4541' with positive edge clock.
Creating register for signal `$paramod\picorv32\BARREL_SHIFTER=1\ENABLE_MUL=1\ENABLE_FAST_MUL=0.\mem_wordsize' using process `$paramod\picorv32\BARREL_SHIFTER=1\ENABLE_MUL=1\ENABLE_FAST_MUL=0.$proc$../picorv32.v:1436$1395'.
  created $dff cell `$procdff$4542' with positive edge clock.
Creating register for signal `$paramod\picorv32\BARREL_SHIFTER=1\ENABLE_MUL=1\ENABLE_FAST_MUL=0.\mem_do_prefetch' using process `$paramod\picorv32\BARREL_SHIFTER=1\ENABLE_MUL=1\ENABLE_FAST_MUL=0.$proc$../picorv32.v:1436$1395'.
  created $dff cell `$procdff$4543' with positive edge clock.
Creating register for signal `$paramod\picorv32\BARREL_SHIFTER=1\ENABLE_MUL=1\ENABLE_FAST_MUL=0.\mem_do_rinst' using process `$paramod\picorv32\BARREL_SHIFTER=1\ENABLE_MUL=1\ENABLE_FAST_MUL=0.$proc$../picorv32.v:1436$1395'.
  created $dff cell `$procdff$4544' with positive edge clock.
Creating register for signal `$paramod\picorv32\BARREL_SHIFTER=1\ENABLE_MUL=1\ENABLE_FAST_MUL=0.\mem_do_rdata' using process `$paramod\picorv32\BARREL_SHIFTER=1\ENABLE_MUL=1\ENABLE_FAST_MUL=0.$proc$../picorv32.v:1436$1395'.
  created $dff cell `$procdff$4545' with positive edge clock.
Creating register for signal `$paramod\picorv32\BARREL_SHIFTER=1\ENABLE_MUL=1\ENABLE_FAST_MUL=0.\mem_do_wdata' using process `$paramod\picorv32\BARREL_SHIFTER=1\ENABLE_MUL=1\ENABLE_FAST_MUL=0.$proc$../picorv32.v:1436$1395'.
  created $dff cell `$procdff$4546' with positive edge clock.
Creating register for signal `$paramod\picorv32\BARREL_SHIFTER=1\ENABLE_MUL=1\ENABLE_FAST_MUL=0.\decoder_trigger' using process `$paramod\picorv32\BARREL_SHIFTER=1\ENABLE_MUL=1\ENABLE_FAST_MUL=0.$proc$../picorv32.v:1436$1395'.
  created $dff cell `$procdff$4547' with positive edge clock.
Creating register for signal `$paramod\picorv32\BARREL_SHIFTER=1\ENABLE_MUL=1\ENABLE_FAST_MUL=0.\decoder_trigger_q' using process `$paramod\picorv32\BARREL_SHIFTER=1\ENABLE_MUL=1\ENABLE_FAST_MUL=0.$proc$../picorv32.v:1436$1395'.
  created $dff cell `$procdff$4548' with positive edge clock.
Creating register for signal `$paramod\picorv32\BARREL_SHIFTER=1\ENABLE_MUL=1\ENABLE_FAST_MUL=0.\decoder_pseudo_trigger' using process `$paramod\picorv32\BARREL_SHIFTER=1\ENABLE_MUL=1\ENABLE_FAST_MUL=0.$proc$../picorv32.v:1436$1395'.
  created $dff cell `$procdff$4549' with positive edge clock.
Creating register for signal `$paramod\picorv32\BARREL_SHIFTER=1\ENABLE_MUL=1\ENABLE_FAST_MUL=0.\decoder_pseudo_trigger_q' using process `$paramod\picorv32\BARREL_SHIFTER=1\ENABLE_MUL=1\ENABLE_FAST_MUL=0.$proc$../picorv32.v:1436$1395'.
  created $dff cell `$procdff$4550' with positive edge clock.
Creating register for signal `$paramod\picorv32\BARREL_SHIFTER=1\ENABLE_MUL=1\ENABLE_FAST_MUL=0.\dbg_rs1val' using process `$paramod\picorv32\BARREL_SHIFTER=1\ENABLE_MUL=1\ENABLE_FAST_MUL=0.$proc$../picorv32.v:1436$1395'.
  created $dff cell `$procdff$4551' with positive edge clock.
Creating register for signal `$paramod\picorv32\BARREL_SHIFTER=1\ENABLE_MUL=1\ENABLE_FAST_MUL=0.\dbg_rs2val' using process `$paramod\picorv32\BARREL_SHIFTER=1\ENABLE_MUL=1\ENABLE_FAST_MUL=0.$proc$../picorv32.v:1436$1395'.
  created $dff cell `$procdff$4552' with positive edge clock.
Creating register for signal `$paramod\picorv32\BARREL_SHIFTER=1\ENABLE_MUL=1\ENABLE_FAST_MUL=0.\dbg_rs1val_valid' using process `$paramod\picorv32\BARREL_SHIFTER=1\ENABLE_MUL=1\ENABLE_FAST_MUL=0.$proc$../picorv32.v:1436$1395'.
  created $dff cell `$procdff$4553' with positive edge clock.
Creating register for signal `$paramod\picorv32\BARREL_SHIFTER=1\ENABLE_MUL=1\ENABLE_FAST_MUL=0.\dbg_rs2val_valid' using process `$paramod\picorv32\BARREL_SHIFTER=1\ENABLE_MUL=1\ENABLE_FAST_MUL=0.$proc$../picorv32.v:1436$1395'.
  created $dff cell `$procdff$4554' with positive edge clock.
Creating register for signal `$paramod\picorv32\BARREL_SHIFTER=1\ENABLE_MUL=1\ENABLE_FAST_MUL=0.\cpu_state' using process `$paramod\picorv32\BARREL_SHIFTER=1\ENABLE_MUL=1\ENABLE_FAST_MUL=0.$proc$../picorv32.v:1436$1395'.
  created $dff cell `$procdff$4555' with positive edge clock.
Creating register for signal `$paramod\picorv32\BARREL_SHIFTER=1\ENABLE_MUL=1\ENABLE_FAST_MUL=0.\irq_state' using process `$paramod\picorv32\BARREL_SHIFTER=1\ENABLE_MUL=1\ENABLE_FAST_MUL=0.$proc$../picorv32.v:1436$1395'.
  created $dff cell `$procdff$4556' with positive edge clock.
Creating register for signal `$paramod\picorv32\BARREL_SHIFTER=1\ENABLE_MUL=1\ENABLE_FAST_MUL=0.\set_mem_do_rinst' using process `$paramod\picorv32\BARREL_SHIFTER=1\ENABLE_MUL=1\ENABLE_FAST_MUL=0.$proc$../picorv32.v:1436$1395'.
  created $dff cell `$procdff$4557' with positive edge clock.
Creating register for signal `$paramod\picorv32\BARREL_SHIFTER=1\ENABLE_MUL=1\ENABLE_FAST_MUL=0.\set_mem_do_rdata' using process `$paramod\picorv32\BARREL_SHIFTER=1\ENABLE_MUL=1\ENABLE_FAST_MUL=0.$proc$../picorv32.v:1436$1395'.
  created $dff cell `$procdff$4558' with positive edge clock.
Creating register for signal `$paramod\picorv32\BARREL_SHIFTER=1\ENABLE_MUL=1\ENABLE_FAST_MUL=0.\set_mem_do_wdata' using process `$paramod\picorv32\BARREL_SHIFTER=1\ENABLE_MUL=1\ENABLE_FAST_MUL=0.$proc$../picorv32.v:1436$1395'.
  created $dff cell `$procdff$4559' with positive edge clock.
Creating register for signal `$paramod\picorv32\BARREL_SHIFTER=1\ENABLE_MUL=1\ENABLE_FAST_MUL=0.\latched_store' using process `$paramod\picorv32\BARREL_SHIFTER=1\ENABLE_MUL=1\ENABLE_FAST_MUL=0.$proc$../picorv32.v:1436$1395'.
  created $dff cell `$procdff$4560' with positive edge clock.
Creating register for signal `$paramod\picorv32\BARREL_SHIFTER=1\ENABLE_MUL=1\ENABLE_FAST_MUL=0.\latched_stalu' using process `$paramod\picorv32\BARREL_SHIFTER=1\ENABLE_MUL=1\ENABLE_FAST_MUL=0.$proc$../picorv32.v:1436$1395'.
  created $dff cell `$procdff$4561' with positive edge clock.
Creating register for signal `$paramod\picorv32\BARREL_SHIFTER=1\ENABLE_MUL=1\ENABLE_FAST_MUL=0.\latched_branch' using process `$paramod\picorv32\BARREL_SHIFTER=1\ENABLE_MUL=1\ENABLE_FAST_MUL=0.$proc$../picorv32.v:1436$1395'.
  created $dff cell `$procdff$4562' with positive edge clock.
Creating register for signal `$paramod\picorv32\BARREL_SHIFTER=1\ENABLE_MUL=1\ENABLE_FAST_MUL=0.\latched_compr' using process `$paramod\picorv32\BARREL_SHIFTER=1\ENABLE_MUL=1\ENABLE_FAST_MUL=0.$proc$../picorv32.v:1436$1395'.
  created $dff cell `$procdff$4563' with positive edge clock.
Creating register for signal `$paramod\picorv32\BARREL_SHIFTER=1\ENABLE_MUL=1\ENABLE_FAST_MUL=0.\latched_trace' using process `$paramod\picorv32\BARREL_SHIFTER=1\ENABLE_MUL=1\ENABLE_FAST_MUL=0.$proc$../picorv32.v:1436$1395'.
  created $dff cell `$procdff$4564' with positive edge clock.
Creating register for signal `$paramod\picorv32\BARREL_SHIFTER=1\ENABLE_MUL=1\ENABLE_FAST_MUL=0.\latched_is_lu' using process `$paramod\picorv32\BARREL_SHIFTER=1\ENABLE_MUL=1\ENABLE_FAST_MUL=0.$proc$../picorv32.v:1436$1395'.
  created $dff cell `$procdff$4565' with positive edge clock.
Creating register for signal `$paramod\picorv32\BARREL_SHIFTER=1\ENABLE_MUL=1\ENABLE_FAST_MUL=0.\latched_is_lh' using process `$paramod\picorv32\BARREL_SHIFTER=1\ENABLE_MUL=1\ENABLE_FAST_MUL=0.$proc$../picorv32.v:1436$1395'.
  created $dff cell `$procdff$4566' with positive edge clock.
Creating register for signal `$paramod\picorv32\BARREL_SHIFTER=1\ENABLE_MUL=1\ENABLE_FAST_MUL=0.\latched_is_lb' using process `$paramod\picorv32\BARREL_SHIFTER=1\ENABLE_MUL=1\ENABLE_FAST_MUL=0.$proc$../picorv32.v:1436$1395'.
  created $dff cell `$procdff$4567' with positive edge clock.
Creating register for signal `$paramod\picorv32\BARREL_SHIFTER=1\ENABLE_MUL=1\ENABLE_FAST_MUL=0.\latched_rd' using process `$paramod\picorv32\BARREL_SHIFTER=1\ENABLE_MUL=1\ENABLE_FAST_MUL=0.$proc$../picorv32.v:1436$1395'.
  created $dff cell `$procdff$4568' with positive edge clock.
Creating register for signal `$paramod\picorv32\BARREL_SHIFTER=1\ENABLE_MUL=1\ENABLE_FAST_MUL=0.\current_pc' using process `$paramod\picorv32\BARREL_SHIFTER=1\ENABLE_MUL=1\ENABLE_FAST_MUL=0.$proc$../picorv32.v:1436$1395'.
  created $dff cell `$procdff$4569' with positive edge clock.
Creating register for signal `$paramod\picorv32\BARREL_SHIFTER=1\ENABLE_MUL=1\ENABLE_FAST_MUL=0.\pcpi_timeout_counter' using process `$paramod\picorv32\BARREL_SHIFTER=1\ENABLE_MUL=1\ENABLE_FAST_MUL=0.$proc$../picorv32.v:1436$1395'.
  created $dff cell `$procdff$4570' with positive edge clock.
Creating register for signal `$paramod\picorv32\BARREL_SHIFTER=1\ENABLE_MUL=1\ENABLE_FAST_MUL=0.\pcpi_timeout' using process `$paramod\picorv32\BARREL_SHIFTER=1\ENABLE_MUL=1\ENABLE_FAST_MUL=0.$proc$../picorv32.v:1436$1395'.
  created $dff cell `$procdff$4571' with positive edge clock.
Creating register for signal `$paramod\picorv32\BARREL_SHIFTER=1\ENABLE_MUL=1\ENABLE_FAST_MUL=0.\next_irq_pending' using process `$paramod\picorv32\BARREL_SHIFTER=1\ENABLE_MUL=1\ENABLE_FAST_MUL=0.$proc$../picorv32.v:1436$1395'.
  created $dff cell `$procdff$4572' with positive edge clock.
Creating register for signal `$paramod\picorv32\BARREL_SHIFTER=1\ENABLE_MUL=1\ENABLE_FAST_MUL=0.\do_waitirq' using process `$paramod\picorv32\BARREL_SHIFTER=1\ENABLE_MUL=1\ENABLE_FAST_MUL=0.$proc$../picorv32.v:1436$1395'.
  created $dff cell `$procdff$4573' with positive edge clock.
Creating register for signal `$paramod\picorv32\BARREL_SHIFTER=1\ENABLE_MUL=1\ENABLE_FAST_MUL=0.\alu_out_q' using process `$paramod\picorv32\BARREL_SHIFTER=1\ENABLE_MUL=1\ENABLE_FAST_MUL=0.$proc$../picorv32.v:1436$1395'.
  created $dff cell `$procdff$4574' with positive edge clock.
Creating register for signal `$paramod\picorv32\BARREL_SHIFTER=1\ENABLE_MUL=1\ENABLE_FAST_MUL=0.\alu_out_0_q' using process `$paramod\picorv32\BARREL_SHIFTER=1\ENABLE_MUL=1\ENABLE_FAST_MUL=0.$proc$../picorv32.v:1436$1395'.
  created $dff cell `$procdff$4575' with positive edge clock.
Creating register for signal `$paramod\picorv32\BARREL_SHIFTER=1\ENABLE_MUL=1\ENABLE_FAST_MUL=0.\alu_wait' using process `$paramod\picorv32\BARREL_SHIFTER=1\ENABLE_MUL=1\ENABLE_FAST_MUL=0.$proc$../picorv32.v:1436$1395'.
  created $dff cell `$procdff$4576' with positive edge clock.
Creating register for signal `$paramod\picorv32\BARREL_SHIFTER=1\ENABLE_MUL=1\ENABLE_FAST_MUL=0.\alu_wait_2' using process `$paramod\picorv32\BARREL_SHIFTER=1\ENABLE_MUL=1\ENABLE_FAST_MUL=0.$proc$../picorv32.v:1436$1395'.
  created $dff cell `$procdff$4577' with positive edge clock.
Creating register for signal `$paramod\picorv32\BARREL_SHIFTER=1\ENABLE_MUL=1\ENABLE_FAST_MUL=0.$memwr$\cpuregs$../picorv32.v:1378$901_ADDR' using process `$paramod\picorv32\BARREL_SHIFTER=1\ENABLE_MUL=1\ENABLE_FAST_MUL=0.$proc$../picorv32.v:1371$1373'.
  created $dff cell `$procdff$4578' with positive edge clock.
Creating register for signal `$paramod\picorv32\BARREL_SHIFTER=1\ENABLE_MUL=1\ENABLE_FAST_MUL=0.$memwr$\cpuregs$../picorv32.v:1378$901_EN' using process `$paramod\picorv32\BARREL_SHIFTER=1\ENABLE_MUL=1\ENABLE_FAST_MUL=0.$proc$../picorv32.v:1371$1373'.
  created $dff cell `$procdff$4579' with positive edge clock.
Creating register for signal `$paramod\picorv32\BARREL_SHIFTER=1\ENABLE_MUL=1\ENABLE_FAST_MUL=0.$memwr$\cpuregs$../picorv32.v:1378$901_DATA' using process `$paramod\picorv32\BARREL_SHIFTER=1\ENABLE_MUL=1\ENABLE_FAST_MUL=0.$proc$../picorv32.v:1371$1373'.
  created $dff cell `$procdff$4580' with positive edge clock.
Creating register for signal `$paramod\picorv32\BARREL_SHIFTER=1\ENABLE_MUL=1\ENABLE_FAST_MUL=0.\clear_prefetched_high_word_q' using process `$paramod\picorv32\BARREL_SHIFTER=1\ENABLE_MUL=1\ENABLE_FAST_MUL=0.$proc$../picorv32.v:1327$1355'.
  created $dff cell `$procdff$4581' with positive edge clock.
Creating register for signal `$paramod\picorv32\BARREL_SHIFTER=1\ENABLE_MUL=1\ENABLE_FAST_MUL=0.\pcpi_insn' using process `$paramod\picorv32\BARREL_SHIFTER=1\ENABLE_MUL=1\ENABLE_FAST_MUL=0.$proc$../picorv32.v:859$1055'.
  created $dff cell `$procdff$4582' with positive edge clock.
Creating register for signal `$paramod\picorv32\BARREL_SHIFTER=1\ENABLE_MUL=1\ENABLE_FAST_MUL=0.\instr_lui' using process `$paramod\picorv32\BARREL_SHIFTER=1\ENABLE_MUL=1\ENABLE_FAST_MUL=0.$proc$../picorv32.v:859$1055'.
  created $dff cell `$procdff$4583' with positive edge clock.
Creating register for signal `$paramod\picorv32\BARREL_SHIFTER=1\ENABLE_MUL=1\ENABLE_FAST_MUL=0.\instr_auipc' using process `$paramod\picorv32\BARREL_SHIFTER=1\ENABLE_MUL=1\ENABLE_FAST_MUL=0.$proc$../picorv32.v:859$1055'.
  created $dff cell `$procdff$4584' with positive edge clock.
Creating register for signal `$paramod\picorv32\BARREL_SHIFTER=1\ENABLE_MUL=1\ENABLE_FAST_MUL=0.\instr_jal' using process `$paramod\picorv32\BARREL_SHIFTER=1\ENABLE_MUL=1\ENABLE_FAST_MUL=0.$proc$../picorv32.v:859$1055'.
  created $dff cell `$procdff$4585' with positive edge clock.
Creating register for signal `$paramod\picorv32\BARREL_SHIFTER=1\ENABLE_MUL=1\ENABLE_FAST_MUL=0.\instr_jalr' using process `$paramod\picorv32\BARREL_SHIFTER=1\ENABLE_MUL=1\ENABLE_FAST_MUL=0.$proc$../picorv32.v:859$1055'.
  created $dff cell `$procdff$4586' with positive edge clock.
Creating register for signal `$paramod\picorv32\BARREL_SHIFTER=1\ENABLE_MUL=1\ENABLE_FAST_MUL=0.\instr_beq' using process `$paramod\picorv32\BARREL_SHIFTER=1\ENABLE_MUL=1\ENABLE_FAST_MUL=0.$proc$../picorv32.v:859$1055'.
  created $dff cell `$procdff$4587' with positive edge clock.
Creating register for signal `$paramod\picorv32\BARREL_SHIFTER=1\ENABLE_MUL=1\ENABLE_FAST_MUL=0.\instr_bne' using process `$paramod\picorv32\BARREL_SHIFTER=1\ENABLE_MUL=1\ENABLE_FAST_MUL=0.$proc$../picorv32.v:859$1055'.
  created $dff cell `$procdff$4588' with positive edge clock.
Creating register for signal `$paramod\picorv32\BARREL_SHIFTER=1\ENABLE_MUL=1\ENABLE_FAST_MUL=0.\instr_blt' using process `$paramod\picorv32\BARREL_SHIFTER=1\ENABLE_MUL=1\ENABLE_FAST_MUL=0.$proc$../picorv32.v:859$1055'.
  created $dff cell `$procdff$4589' with positive edge clock.
Creating register for signal `$paramod\picorv32\BARREL_SHIFTER=1\ENABLE_MUL=1\ENABLE_FAST_MUL=0.\instr_bge' using process `$paramod\picorv32\BARREL_SHIFTER=1\ENABLE_MUL=1\ENABLE_FAST_MUL=0.$proc$../picorv32.v:859$1055'.
  created $dff cell `$procdff$4590' with positive edge clock.
Creating register for signal `$paramod\picorv32\BARREL_SHIFTER=1\ENABLE_MUL=1\ENABLE_FAST_MUL=0.\instr_bltu' using process `$paramod\picorv32\BARREL_SHIFTER=1\ENABLE_MUL=1\ENABLE_FAST_MUL=0.$proc$../picorv32.v:859$1055'.
  created $dff cell `$procdff$4591' with positive edge clock.
Creating register for signal `$paramod\picorv32\BARREL_SHIFTER=1\ENABLE_MUL=1\ENABLE_FAST_MUL=0.\instr_bgeu' using process `$paramod\picorv32\BARREL_SHIFTER=1\ENABLE_MUL=1\ENABLE_FAST_MUL=0.$proc$../picorv32.v:859$1055'.
  created $dff cell `$procdff$4592' with positive edge clock.
Creating register for signal `$paramod\picorv32\BARREL_SHIFTER=1\ENABLE_MUL=1\ENABLE_FAST_MUL=0.\instr_lb' using process `$paramod\picorv32\BARREL_SHIFTER=1\ENABLE_MUL=1\ENABLE_FAST_MUL=0.$proc$../picorv32.v:859$1055'.
  created $dff cell `$procdff$4593' with positive edge clock.
Creating register for signal `$paramod\picorv32\BARREL_SHIFTER=1\ENABLE_MUL=1\ENABLE_FAST_MUL=0.\instr_lh' using process `$paramod\picorv32\BARREL_SHIFTER=1\ENABLE_MUL=1\ENABLE_FAST_MUL=0.$proc$../picorv32.v:859$1055'.
  created $dff cell `$procdff$4594' with positive edge clock.
Creating register for signal `$paramod\picorv32\BARREL_SHIFTER=1\ENABLE_MUL=1\ENABLE_FAST_MUL=0.\instr_lw' using process `$paramod\picorv32\BARREL_SHIFTER=1\ENABLE_MUL=1\ENABLE_FAST_MUL=0.$proc$../picorv32.v:859$1055'.
  created $dff cell `$procdff$4595' with positive edge clock.
Creating register for signal `$paramod\picorv32\BARREL_SHIFTER=1\ENABLE_MUL=1\ENABLE_FAST_MUL=0.\instr_lbu' using process `$paramod\picorv32\BARREL_SHIFTER=1\ENABLE_MUL=1\ENABLE_FAST_MUL=0.$proc$../picorv32.v:859$1055'.
  created $dff cell `$procdff$4596' with positive edge clock.
Creating register for signal `$paramod\picorv32\BARREL_SHIFTER=1\ENABLE_MUL=1\ENABLE_FAST_MUL=0.\instr_lhu' using process `$paramod\picorv32\BARREL_SHIFTER=1\ENABLE_MUL=1\ENABLE_FAST_MUL=0.$proc$../picorv32.v:859$1055'.
  created $dff cell `$procdff$4597' with positive edge clock.
Creating register for signal `$paramod\picorv32\BARREL_SHIFTER=1\ENABLE_MUL=1\ENABLE_FAST_MUL=0.\instr_sb' using process `$paramod\picorv32\BARREL_SHIFTER=1\ENABLE_MUL=1\ENABLE_FAST_MUL=0.$proc$../picorv32.v:859$1055'.
  created $dff cell `$procdff$4598' with positive edge clock.
Creating register for signal `$paramod\picorv32\BARREL_SHIFTER=1\ENABLE_MUL=1\ENABLE_FAST_MUL=0.\instr_sh' using process `$paramod\picorv32\BARREL_SHIFTER=1\ENABLE_MUL=1\ENABLE_FAST_MUL=0.$proc$../picorv32.v:859$1055'.
  created $dff cell `$procdff$4599' with positive edge clock.
Creating register for signal `$paramod\picorv32\BARREL_SHIFTER=1\ENABLE_MUL=1\ENABLE_FAST_MUL=0.\instr_sw' using process `$paramod\picorv32\BARREL_SHIFTER=1\ENABLE_MUL=1\ENABLE_FAST_MUL=0.$proc$../picorv32.v:859$1055'.
  created $dff cell `$procdff$4600' with positive edge clock.
Creating register for signal `$paramod\picorv32\BARREL_SHIFTER=1\ENABLE_MUL=1\ENABLE_FAST_MUL=0.\instr_addi' using process `$paramod\picorv32\BARREL_SHIFTER=1\ENABLE_MUL=1\ENABLE_FAST_MUL=0.$proc$../picorv32.v:859$1055'.
  created $dff cell `$procdff$4601' with positive edge clock.
Creating register for signal `$paramod\picorv32\BARREL_SHIFTER=1\ENABLE_MUL=1\ENABLE_FAST_MUL=0.\instr_slti' using process `$paramod\picorv32\BARREL_SHIFTER=1\ENABLE_MUL=1\ENABLE_FAST_MUL=0.$proc$../picorv32.v:859$1055'.
  created $dff cell `$procdff$4602' with positive edge clock.
Creating register for signal `$paramod\picorv32\BARREL_SHIFTER=1\ENABLE_MUL=1\ENABLE_FAST_MUL=0.\instr_sltiu' using process `$paramod\picorv32\BARREL_SHIFTER=1\ENABLE_MUL=1\ENABLE_FAST_MUL=0.$proc$../picorv32.v:859$1055'.
  created $dff cell `$procdff$4603' with positive edge clock.
Creating register for signal `$paramod\picorv32\BARREL_SHIFTER=1\ENABLE_MUL=1\ENABLE_FAST_MUL=0.\instr_xori' using process `$paramod\picorv32\BARREL_SHIFTER=1\ENABLE_MUL=1\ENABLE_FAST_MUL=0.$proc$../picorv32.v:859$1055'.
  created $dff cell `$procdff$4604' with positive edge clock.
Creating register for signal `$paramod\picorv32\BARREL_SHIFTER=1\ENABLE_MUL=1\ENABLE_FAST_MUL=0.\instr_ori' using process `$paramod\picorv32\BARREL_SHIFTER=1\ENABLE_MUL=1\ENABLE_FAST_MUL=0.$proc$../picorv32.v:859$1055'.
  created $dff cell `$procdff$4605' with positive edge clock.
Creating register for signal `$paramod\picorv32\BARREL_SHIFTER=1\ENABLE_MUL=1\ENABLE_FAST_MUL=0.\instr_andi' using process `$paramod\picorv32\BARREL_SHIFTER=1\ENABLE_MUL=1\ENABLE_FAST_MUL=0.$proc$../picorv32.v:859$1055'.
  created $dff cell `$procdff$4606' with positive edge clock.
Creating register for signal `$paramod\picorv32\BARREL_SHIFTER=1\ENABLE_MUL=1\ENABLE_FAST_MUL=0.\instr_slli' using process `$paramod\picorv32\BARREL_SHIFTER=1\ENABLE_MUL=1\ENABLE_FAST_MUL=0.$proc$../picorv32.v:859$1055'.
  created $dff cell `$procdff$4607' with positive edge clock.
Creating register for signal `$paramod\picorv32\BARREL_SHIFTER=1\ENABLE_MUL=1\ENABLE_FAST_MUL=0.\instr_srli' using process `$paramod\picorv32\BARREL_SHIFTER=1\ENABLE_MUL=1\ENABLE_FAST_MUL=0.$proc$../picorv32.v:859$1055'.
  created $dff cell `$procdff$4608' with positive edge clock.
Creating register for signal `$paramod\picorv32\BARREL_SHIFTER=1\ENABLE_MUL=1\ENABLE_FAST_MUL=0.\instr_srai' using process `$paramod\picorv32\BARREL_SHIFTER=1\ENABLE_MUL=1\ENABLE_FAST_MUL=0.$proc$../picorv32.v:859$1055'.
  created $dff cell `$procdff$4609' with positive edge clock.
Creating register for signal `$paramod\picorv32\BARREL_SHIFTER=1\ENABLE_MUL=1\ENABLE_FAST_MUL=0.\instr_add' using process `$paramod\picorv32\BARREL_SHIFTER=1\ENABLE_MUL=1\ENABLE_FAST_MUL=0.$proc$../picorv32.v:859$1055'.
  created $dff cell `$procdff$4610' with positive edge clock.
Creating register for signal `$paramod\picorv32\BARREL_SHIFTER=1\ENABLE_MUL=1\ENABLE_FAST_MUL=0.\instr_sub' using process `$paramod\picorv32\BARREL_SHIFTER=1\ENABLE_MUL=1\ENABLE_FAST_MUL=0.$proc$../picorv32.v:859$1055'.
  created $dff cell `$procdff$4611' with positive edge clock.
Creating register for signal `$paramod\picorv32\BARREL_SHIFTER=1\ENABLE_MUL=1\ENABLE_FAST_MUL=0.\instr_sll' using process `$paramod\picorv32\BARREL_SHIFTER=1\ENABLE_MUL=1\ENABLE_FAST_MUL=0.$proc$../picorv32.v:859$1055'.
  created $dff cell `$procdff$4612' with positive edge clock.
Creating register for signal `$paramod\picorv32\BARREL_SHIFTER=1\ENABLE_MUL=1\ENABLE_FAST_MUL=0.\instr_slt' using process `$paramod\picorv32\BARREL_SHIFTER=1\ENABLE_MUL=1\ENABLE_FAST_MUL=0.$proc$../picorv32.v:859$1055'.
  created $dff cell `$procdff$4613' with positive edge clock.
Creating register for signal `$paramod\picorv32\BARREL_SHIFTER=1\ENABLE_MUL=1\ENABLE_FAST_MUL=0.\instr_sltu' using process `$paramod\picorv32\BARREL_SHIFTER=1\ENABLE_MUL=1\ENABLE_FAST_MUL=0.$proc$../picorv32.v:859$1055'.
  created $dff cell `$procdff$4614' with positive edge clock.
Creating register for signal `$paramod\picorv32\BARREL_SHIFTER=1\ENABLE_MUL=1\ENABLE_FAST_MUL=0.\instr_xor' using process `$paramod\picorv32\BARREL_SHIFTER=1\ENABLE_MUL=1\ENABLE_FAST_MUL=0.$proc$../picorv32.v:859$1055'.
  created $dff cell `$procdff$4615' with positive edge clock.
Creating register for signal `$paramod\picorv32\BARREL_SHIFTER=1\ENABLE_MUL=1\ENABLE_FAST_MUL=0.\instr_srl' using process `$paramod\picorv32\BARREL_SHIFTER=1\ENABLE_MUL=1\ENABLE_FAST_MUL=0.$proc$../picorv32.v:859$1055'.
  created $dff cell `$procdff$4616' with positive edge clock.
Creating register for signal `$paramod\picorv32\BARREL_SHIFTER=1\ENABLE_MUL=1\ENABLE_FAST_MUL=0.\instr_sra' using process `$paramod\picorv32\BARREL_SHIFTER=1\ENABLE_MUL=1\ENABLE_FAST_MUL=0.$proc$../picorv32.v:859$1055'.
  created $dff cell `$procdff$4617' with positive edge clock.
Creating register for signal `$paramod\picorv32\BARREL_SHIFTER=1\ENABLE_MUL=1\ENABLE_FAST_MUL=0.\instr_or' using process `$paramod\picorv32\BARREL_SHIFTER=1\ENABLE_MUL=1\ENABLE_FAST_MUL=0.$proc$../picorv32.v:859$1055'.
  created $dff cell `$procdff$4618' with positive edge clock.
Creating register for signal `$paramod\picorv32\BARREL_SHIFTER=1\ENABLE_MUL=1\ENABLE_FAST_MUL=0.\instr_and' using process `$paramod\picorv32\BARREL_SHIFTER=1\ENABLE_MUL=1\ENABLE_FAST_MUL=0.$proc$../picorv32.v:859$1055'.
  created $dff cell `$procdff$4619' with positive edge clock.
Creating register for signal `$paramod\picorv32\BARREL_SHIFTER=1\ENABLE_MUL=1\ENABLE_FAST_MUL=0.\instr_rdcycle' using process `$paramod\picorv32\BARREL_SHIFTER=1\ENABLE_MUL=1\ENABLE_FAST_MUL=0.$proc$../picorv32.v:859$1055'.
  created $dff cell `$procdff$4620' with positive edge clock.
Creating register for signal `$paramod\picorv32\BARREL_SHIFTER=1\ENABLE_MUL=1\ENABLE_FAST_MUL=0.\instr_rdcycleh' using process `$paramod\picorv32\BARREL_SHIFTER=1\ENABLE_MUL=1\ENABLE_FAST_MUL=0.$proc$../picorv32.v:859$1055'.
  created $dff cell `$procdff$4621' with positive edge clock.
Creating register for signal `$paramod\picorv32\BARREL_SHIFTER=1\ENABLE_MUL=1\ENABLE_FAST_MUL=0.\instr_rdinstr' using process `$paramod\picorv32\BARREL_SHIFTER=1\ENABLE_MUL=1\ENABLE_FAST_MUL=0.$proc$../picorv32.v:859$1055'.
  created $dff cell `$procdff$4622' with positive edge clock.
Creating register for signal `$paramod\picorv32\BARREL_SHIFTER=1\ENABLE_MUL=1\ENABLE_FAST_MUL=0.\instr_rdinstrh' using process `$paramod\picorv32\BARREL_SHIFTER=1\ENABLE_MUL=1\ENABLE_FAST_MUL=0.$proc$../picorv32.v:859$1055'.
  created $dff cell `$procdff$4623' with positive edge clock.
Creating register for signal `$paramod\picorv32\BARREL_SHIFTER=1\ENABLE_MUL=1\ENABLE_FAST_MUL=0.\instr_ecall_ebreak' using process `$paramod\picorv32\BARREL_SHIFTER=1\ENABLE_MUL=1\ENABLE_FAST_MUL=0.$proc$../picorv32.v:859$1055'.
  created $dff cell `$procdff$4624' with positive edge clock.
Creating register for signal `$paramod\picorv32\BARREL_SHIFTER=1\ENABLE_MUL=1\ENABLE_FAST_MUL=0.\instr_fence' using process `$paramod\picorv32\BARREL_SHIFTER=1\ENABLE_MUL=1\ENABLE_FAST_MUL=0.$proc$../picorv32.v:859$1055'.
  created $dff cell `$procdff$4625' with positive edge clock.
Creating register for signal `$paramod\picorv32\BARREL_SHIFTER=1\ENABLE_MUL=1\ENABLE_FAST_MUL=0.\instr_getq' using process `$paramod\picorv32\BARREL_SHIFTER=1\ENABLE_MUL=1\ENABLE_FAST_MUL=0.$proc$../picorv32.v:859$1055'.
  created $dff cell `$procdff$4626' with positive edge clock.
Creating register for signal `$paramod\picorv32\BARREL_SHIFTER=1\ENABLE_MUL=1\ENABLE_FAST_MUL=0.\instr_setq' using process `$paramod\picorv32\BARREL_SHIFTER=1\ENABLE_MUL=1\ENABLE_FAST_MUL=0.$proc$../picorv32.v:859$1055'.
  created $dff cell `$procdff$4627' with positive edge clock.
Creating register for signal `$paramod\picorv32\BARREL_SHIFTER=1\ENABLE_MUL=1\ENABLE_FAST_MUL=0.\instr_retirq' using process `$paramod\picorv32\BARREL_SHIFTER=1\ENABLE_MUL=1\ENABLE_FAST_MUL=0.$proc$../picorv32.v:859$1055'.
  created $dff cell `$procdff$4628' with positive edge clock.
Creating register for signal `$paramod\picorv32\BARREL_SHIFTER=1\ENABLE_MUL=1\ENABLE_FAST_MUL=0.\instr_maskirq' using process `$paramod\picorv32\BARREL_SHIFTER=1\ENABLE_MUL=1\ENABLE_FAST_MUL=0.$proc$../picorv32.v:859$1055'.
  created $dff cell `$procdff$4629' with positive edge clock.
Creating register for signal `$paramod\picorv32\BARREL_SHIFTER=1\ENABLE_MUL=1\ENABLE_FAST_MUL=0.\instr_waitirq' using process `$paramod\picorv32\BARREL_SHIFTER=1\ENABLE_MUL=1\ENABLE_FAST_MUL=0.$proc$../picorv32.v:859$1055'.
  created $dff cell `$procdff$4630' with positive edge clock.
Creating register for signal `$paramod\picorv32\BARREL_SHIFTER=1\ENABLE_MUL=1\ENABLE_FAST_MUL=0.\instr_timer' using process `$paramod\picorv32\BARREL_SHIFTER=1\ENABLE_MUL=1\ENABLE_FAST_MUL=0.$proc$../picorv32.v:859$1055'.
  created $dff cell `$procdff$4631' with positive edge clock.
Creating register for signal `$paramod\picorv32\BARREL_SHIFTER=1\ENABLE_MUL=1\ENABLE_FAST_MUL=0.\decoded_rd' using process `$paramod\picorv32\BARREL_SHIFTER=1\ENABLE_MUL=1\ENABLE_FAST_MUL=0.$proc$../picorv32.v:859$1055'.
  created $dff cell `$procdff$4632' with positive edge clock.
Creating register for signal `$paramod\picorv32\BARREL_SHIFTER=1\ENABLE_MUL=1\ENABLE_FAST_MUL=0.\decoded_rs1' using process `$paramod\picorv32\BARREL_SHIFTER=1\ENABLE_MUL=1\ENABLE_FAST_MUL=0.$proc$../picorv32.v:859$1055'.
  created $dff cell `$procdff$4633' with positive edge clock.
Creating register for signal `$paramod\picorv32\BARREL_SHIFTER=1\ENABLE_MUL=1\ENABLE_FAST_MUL=0.\decoded_rs2' using process `$paramod\picorv32\BARREL_SHIFTER=1\ENABLE_MUL=1\ENABLE_FAST_MUL=0.$proc$../picorv32.v:859$1055'.
  created $dff cell `$procdff$4634' with positive edge clock.
Creating register for signal `$paramod\picorv32\BARREL_SHIFTER=1\ENABLE_MUL=1\ENABLE_FAST_MUL=0.\decoded_imm' using process `$paramod\picorv32\BARREL_SHIFTER=1\ENABLE_MUL=1\ENABLE_FAST_MUL=0.$proc$../picorv32.v:859$1055'.
  created $dff cell `$procdff$4635' with positive edge clock.
Creating register for signal `$paramod\picorv32\BARREL_SHIFTER=1\ENABLE_MUL=1\ENABLE_FAST_MUL=0.\decoded_imm_j' using process `$paramod\picorv32\BARREL_SHIFTER=1\ENABLE_MUL=1\ENABLE_FAST_MUL=0.$proc$../picorv32.v:859$1055'.
  created $dff cell `$procdff$4636' with positive edge clock.
Creating register for signal `$paramod\picorv32\BARREL_SHIFTER=1\ENABLE_MUL=1\ENABLE_FAST_MUL=0.\compressed_instr' using process `$paramod\picorv32\BARREL_SHIFTER=1\ENABLE_MUL=1\ENABLE_FAST_MUL=0.$proc$../picorv32.v:859$1055'.
  created $dff cell `$procdff$4637' with positive edge clock.
Creating register for signal `$paramod\picorv32\BARREL_SHIFTER=1\ENABLE_MUL=1\ENABLE_FAST_MUL=0.\is_lui_auipc_jal' using process `$paramod\picorv32\BARREL_SHIFTER=1\ENABLE_MUL=1\ENABLE_FAST_MUL=0.$proc$../picorv32.v:859$1055'.
  created $dff cell `$procdff$4638' with positive edge clock.
Creating register for signal `$paramod\picorv32\BARREL_SHIFTER=1\ENABLE_MUL=1\ENABLE_FAST_MUL=0.\is_lb_lh_lw_lbu_lhu' using process `$paramod\picorv32\BARREL_SHIFTER=1\ENABLE_MUL=1\ENABLE_FAST_MUL=0.$proc$../picorv32.v:859$1055'.
  created $dff cell `$procdff$4639' with positive edge clock.
Creating register for signal `$paramod\picorv32\BARREL_SHIFTER=1\ENABLE_MUL=1\ENABLE_FAST_MUL=0.\is_slli_srli_srai' using process `$paramod\picorv32\BARREL_SHIFTER=1\ENABLE_MUL=1\ENABLE_FAST_MUL=0.$proc$../picorv32.v:859$1055'.
  created $dff cell `$procdff$4640' with positive edge clock.
Creating register for signal `$paramod\picorv32\BARREL_SHIFTER=1\ENABLE_MUL=1\ENABLE_FAST_MUL=0.\is_jalr_addi_slti_sltiu_xori_ori_andi' using process `$paramod\picorv32\BARREL_SHIFTER=1\ENABLE_MUL=1\ENABLE_FAST_MUL=0.$proc$../picorv32.v:859$1055'.
  created $dff cell `$procdff$4641' with positive edge clock.
Creating register for signal `$paramod\picorv32\BARREL_SHIFTER=1\ENABLE_MUL=1\ENABLE_FAST_MUL=0.\is_sb_sh_sw' using process `$paramod\picorv32\BARREL_SHIFTER=1\ENABLE_MUL=1\ENABLE_FAST_MUL=0.$proc$../picorv32.v:859$1055'.
  created $dff cell `$procdff$4642' with positive edge clock.
Creating register for signal `$paramod\picorv32\BARREL_SHIFTER=1\ENABLE_MUL=1\ENABLE_FAST_MUL=0.\is_sll_srl_sra' using process `$paramod\picorv32\BARREL_SHIFTER=1\ENABLE_MUL=1\ENABLE_FAST_MUL=0.$proc$../picorv32.v:859$1055'.
  created $dff cell `$procdff$4643' with positive edge clock.
Creating register for signal `$paramod\picorv32\BARREL_SHIFTER=1\ENABLE_MUL=1\ENABLE_FAST_MUL=0.\is_lui_auipc_jal_jalr_addi_add_sub' using process `$paramod\picorv32\BARREL_SHIFTER=1\ENABLE_MUL=1\ENABLE_FAST_MUL=0.$proc$../picorv32.v:859$1055'.
  created $dff cell `$procdff$4644' with positive edge clock.
Creating register for signal `$paramod\picorv32\BARREL_SHIFTER=1\ENABLE_MUL=1\ENABLE_FAST_MUL=0.\is_slti_blt_slt' using process `$paramod\picorv32\BARREL_SHIFTER=1\ENABLE_MUL=1\ENABLE_FAST_MUL=0.$proc$../picorv32.v:859$1055'.
  created $dff cell `$procdff$4645' with positive edge clock.
Creating register for signal `$paramod\picorv32\BARREL_SHIFTER=1\ENABLE_MUL=1\ENABLE_FAST_MUL=0.\is_sltiu_bltu_sltu' using process `$paramod\picorv32\BARREL_SHIFTER=1\ENABLE_MUL=1\ENABLE_FAST_MUL=0.$proc$../picorv32.v:859$1055'.
  created $dff cell `$procdff$4646' with positive edge clock.
Creating register for signal `$paramod\picorv32\BARREL_SHIFTER=1\ENABLE_MUL=1\ENABLE_FAST_MUL=0.\is_beq_bne_blt_bge_bltu_bgeu' using process `$paramod\picorv32\BARREL_SHIFTER=1\ENABLE_MUL=1\ENABLE_FAST_MUL=0.$proc$../picorv32.v:859$1055'.
  created $dff cell `$procdff$4647' with positive edge clock.
Creating register for signal `$paramod\picorv32\BARREL_SHIFTER=1\ENABLE_MUL=1\ENABLE_FAST_MUL=0.\is_lbu_lhu_lw' using process `$paramod\picorv32\BARREL_SHIFTER=1\ENABLE_MUL=1\ENABLE_FAST_MUL=0.$proc$../picorv32.v:859$1055'.
  created $dff cell `$procdff$4648' with positive edge clock.
Creating register for signal `$paramod\picorv32\BARREL_SHIFTER=1\ENABLE_MUL=1\ENABLE_FAST_MUL=0.\is_alu_reg_imm' using process `$paramod\picorv32\BARREL_SHIFTER=1\ENABLE_MUL=1\ENABLE_FAST_MUL=0.$proc$../picorv32.v:859$1055'.
  created $dff cell `$procdff$4649' with positive edge clock.
Creating register for signal `$paramod\picorv32\BARREL_SHIFTER=1\ENABLE_MUL=1\ENABLE_FAST_MUL=0.\is_alu_reg_reg' using process `$paramod\picorv32\BARREL_SHIFTER=1\ENABLE_MUL=1\ENABLE_FAST_MUL=0.$proc$../picorv32.v:859$1055'.
  created $dff cell `$procdff$4650' with positive edge clock.
Creating register for signal `$paramod\picorv32\BARREL_SHIFTER=1\ENABLE_MUL=1\ENABLE_FAST_MUL=0.\is_compare' using process `$paramod\picorv32\BARREL_SHIFTER=1\ENABLE_MUL=1\ENABLE_FAST_MUL=0.$proc$../picorv32.v:859$1055'.
  created $dff cell `$procdff$4651' with positive edge clock.
Creating register for signal `$paramod\picorv32\BARREL_SHIFTER=1\ENABLE_MUL=1\ENABLE_FAST_MUL=0.\dbg_insn_addr' using process `$paramod\picorv32\BARREL_SHIFTER=1\ENABLE_MUL=1\ENABLE_FAST_MUL=0.$proc$../picorv32.v:779$1049'.
  created $dff cell `$procdff$4652' with positive edge clock.
Creating register for signal `$paramod\picorv32\BARREL_SHIFTER=1\ENABLE_MUL=1\ENABLE_FAST_MUL=0.\q_ascii_instr' using process `$paramod\picorv32\BARREL_SHIFTER=1\ENABLE_MUL=1\ENABLE_FAST_MUL=0.$proc$../picorv32.v:779$1049'.
  created $dff cell `$procdff$4653' with positive edge clock.
Creating register for signal `$paramod\picorv32\BARREL_SHIFTER=1\ENABLE_MUL=1\ENABLE_FAST_MUL=0.\q_insn_imm' using process `$paramod\picorv32\BARREL_SHIFTER=1\ENABLE_MUL=1\ENABLE_FAST_MUL=0.$proc$../picorv32.v:779$1049'.
  created $dff cell `$procdff$4654' with positive edge clock.
Creating register for signal `$paramod\picorv32\BARREL_SHIFTER=1\ENABLE_MUL=1\ENABLE_FAST_MUL=0.\q_insn_opcode' using process `$paramod\picorv32\BARREL_SHIFTER=1\ENABLE_MUL=1\ENABLE_FAST_MUL=0.$proc$../picorv32.v:779$1049'.
  created $dff cell `$procdff$4655' with positive edge clock.
Creating register for signal `$paramod\picorv32\BARREL_SHIFTER=1\ENABLE_MUL=1\ENABLE_FAST_MUL=0.\q_insn_rs1' using process `$paramod\picorv32\BARREL_SHIFTER=1\ENABLE_MUL=1\ENABLE_FAST_MUL=0.$proc$../picorv32.v:779$1049'.
  created $dff cell `$procdff$4656' with positive edge clock.
Creating register for signal `$paramod\picorv32\BARREL_SHIFTER=1\ENABLE_MUL=1\ENABLE_FAST_MUL=0.\q_insn_rs2' using process `$paramod\picorv32\BARREL_SHIFTER=1\ENABLE_MUL=1\ENABLE_FAST_MUL=0.$proc$../picorv32.v:779$1049'.
  created $dff cell `$procdff$4657' with positive edge clock.
Creating register for signal `$paramod\picorv32\BARREL_SHIFTER=1\ENABLE_MUL=1\ENABLE_FAST_MUL=0.\q_insn_rd' using process `$paramod\picorv32\BARREL_SHIFTER=1\ENABLE_MUL=1\ENABLE_FAST_MUL=0.$proc$../picorv32.v:779$1049'.
  created $dff cell `$procdff$4658' with positive edge clock.
Creating register for signal `$paramod\picorv32\BARREL_SHIFTER=1\ENABLE_MUL=1\ENABLE_FAST_MUL=0.\dbg_next' using process `$paramod\picorv32\BARREL_SHIFTER=1\ENABLE_MUL=1\ENABLE_FAST_MUL=0.$proc$../picorv32.v:779$1049'.
  created $dff cell `$procdff$4659' with positive edge clock.
Creating register for signal `$paramod\picorv32\BARREL_SHIFTER=1\ENABLE_MUL=1\ENABLE_FAST_MUL=0.\dbg_valid_insn' using process `$paramod\picorv32\BARREL_SHIFTER=1\ENABLE_MUL=1\ENABLE_FAST_MUL=0.$proc$../picorv32.v:779$1049'.
  created $dff cell `$procdff$4660' with positive edge clock.
Creating register for signal `$paramod\picorv32\BARREL_SHIFTER=1\ENABLE_MUL=1\ENABLE_FAST_MUL=0.\cached_ascii_instr' using process `$paramod\picorv32\BARREL_SHIFTER=1\ENABLE_MUL=1\ENABLE_FAST_MUL=0.$proc$../picorv32.v:779$1049'.
  created $dff cell `$procdff$4661' with positive edge clock.
Creating register for signal `$paramod\picorv32\BARREL_SHIFTER=1\ENABLE_MUL=1\ENABLE_FAST_MUL=0.\cached_insn_imm' using process `$paramod\picorv32\BARREL_SHIFTER=1\ENABLE_MUL=1\ENABLE_FAST_MUL=0.$proc$../picorv32.v:779$1049'.
  created $dff cell `$procdff$4662' with positive edge clock.
Creating register for signal `$paramod\picorv32\BARREL_SHIFTER=1\ENABLE_MUL=1\ENABLE_FAST_MUL=0.\cached_insn_opcode' using process `$paramod\picorv32\BARREL_SHIFTER=1\ENABLE_MUL=1\ENABLE_FAST_MUL=0.$proc$../picorv32.v:779$1049'.
  created $dff cell `$procdff$4663' with positive edge clock.
Creating register for signal `$paramod\picorv32\BARREL_SHIFTER=1\ENABLE_MUL=1\ENABLE_FAST_MUL=0.\cached_insn_rs1' using process `$paramod\picorv32\BARREL_SHIFTER=1\ENABLE_MUL=1\ENABLE_FAST_MUL=0.$proc$../picorv32.v:779$1049'.
  created $dff cell `$procdff$4664' with positive edge clock.
Creating register for signal `$paramod\picorv32\BARREL_SHIFTER=1\ENABLE_MUL=1\ENABLE_FAST_MUL=0.\cached_insn_rs2' using process `$paramod\picorv32\BARREL_SHIFTER=1\ENABLE_MUL=1\ENABLE_FAST_MUL=0.$proc$../picorv32.v:779$1049'.
  created $dff cell `$procdff$4665' with positive edge clock.
Creating register for signal `$paramod\picorv32\BARREL_SHIFTER=1\ENABLE_MUL=1\ENABLE_FAST_MUL=0.\cached_insn_rd' using process `$paramod\picorv32\BARREL_SHIFTER=1\ENABLE_MUL=1\ENABLE_FAST_MUL=0.$proc$../picorv32.v:779$1049'.
  created $dff cell `$procdff$4666' with positive edge clock.
Creating register for signal `$paramod\picorv32\BARREL_SHIFTER=1\ENABLE_MUL=1\ENABLE_FAST_MUL=0.\mem_valid' using process `$paramod\picorv32\BARREL_SHIFTER=1\ENABLE_MUL=1\ENABLE_FAST_MUL=0.$proc$../picorv32.v:566$1024'.
  created $dff cell `$procdff$4667' with positive edge clock.
Creating register for signal `$paramod\picorv32\BARREL_SHIFTER=1\ENABLE_MUL=1\ENABLE_FAST_MUL=0.\mem_instr' using process `$paramod\picorv32\BARREL_SHIFTER=1\ENABLE_MUL=1\ENABLE_FAST_MUL=0.$proc$../picorv32.v:566$1024'.
  created $dff cell `$procdff$4668' with positive edge clock.
Creating register for signal `$paramod\picorv32\BARREL_SHIFTER=1\ENABLE_MUL=1\ENABLE_FAST_MUL=0.\mem_addr' using process `$paramod\picorv32\BARREL_SHIFTER=1\ENABLE_MUL=1\ENABLE_FAST_MUL=0.$proc$../picorv32.v:566$1024'.
  created $dff cell `$procdff$4669' with positive edge clock.
Creating register for signal `$paramod\picorv32\BARREL_SHIFTER=1\ENABLE_MUL=1\ENABLE_FAST_MUL=0.\mem_wdata' using process `$paramod\picorv32\BARREL_SHIFTER=1\ENABLE_MUL=1\ENABLE_FAST_MUL=0.$proc$../picorv32.v:566$1024'.
  created $dff cell `$procdff$4670' with positive edge clock.
Creating register for signal `$paramod\picorv32\BARREL_SHIFTER=1\ENABLE_MUL=1\ENABLE_FAST_MUL=0.\mem_wstrb' using process `$paramod\picorv32\BARREL_SHIFTER=1\ENABLE_MUL=1\ENABLE_FAST_MUL=0.$proc$../picorv32.v:566$1024'.
  created $dff cell `$procdff$4671' with positive edge clock.
Creating register for signal `$paramod\picorv32\BARREL_SHIFTER=1\ENABLE_MUL=1\ENABLE_FAST_MUL=0.\mem_state' using process `$paramod\picorv32\BARREL_SHIFTER=1\ENABLE_MUL=1\ENABLE_FAST_MUL=0.$proc$../picorv32.v:566$1024'.
  created $dff cell `$procdff$4672' with positive edge clock.
Creating register for signal `$paramod\picorv32\BARREL_SHIFTER=1\ENABLE_MUL=1\ENABLE_FAST_MUL=0.\mem_la_secondword' using process `$paramod\picorv32\BARREL_SHIFTER=1\ENABLE_MUL=1\ENABLE_FAST_MUL=0.$proc$../picorv32.v:566$1024'.
  created $dff cell `$procdff$4673' with positive edge clock.
Creating register for signal `$paramod\picorv32\BARREL_SHIFTER=1\ENABLE_MUL=1\ENABLE_FAST_MUL=0.\prefetched_high_word' using process `$paramod\picorv32\BARREL_SHIFTER=1\ENABLE_MUL=1\ENABLE_FAST_MUL=0.$proc$../picorv32.v:566$1024'.
  created $dff cell `$procdff$4674' with positive edge clock.
Creating register for signal `$paramod\picorv32\BARREL_SHIFTER=1\ENABLE_MUL=1\ENABLE_FAST_MUL=0.\mem_16bit_buffer' using process `$paramod\picorv32\BARREL_SHIFTER=1\ENABLE_MUL=1\ENABLE_FAST_MUL=0.$proc$../picorv32.v:566$1024'.
  created $dff cell `$procdff$4675' with positive edge clock.
Creating register for signal `$paramod\picorv32\BARREL_SHIFTER=1\ENABLE_MUL=1\ENABLE_FAST_MUL=0.\next_insn_opcode' using process `$paramod\picorv32\BARREL_SHIFTER=1\ENABLE_MUL=1\ENABLE_FAST_MUL=0.$proc$../picorv32.v:431$984'.
  created $dff cell `$procdff$4676' with positive edge clock.
Creating register for signal `$paramod\picorv32\BARREL_SHIFTER=1\ENABLE_MUL=1\ENABLE_FAST_MUL=0.\mem_rdata_q' using process `$paramod\picorv32\BARREL_SHIFTER=1\ENABLE_MUL=1\ENABLE_FAST_MUL=0.$proc$../picorv32.v:431$984'.
  created $dff cell `$procdff$4677' with positive edge clock.
Creating register for signal `$paramod\picorv32\BARREL_SHIFTER=1\ENABLE_MUL=1\ENABLE_FAST_MUL=0.\mem_la_firstword_reg' using process `$paramod\picorv32\BARREL_SHIFTER=1\ENABLE_MUL=1\ENABLE_FAST_MUL=0.$proc$../picorv32.v:391$976'.
  created $dff cell `$procdff$4678' with positive edge clock.
Creating register for signal `$paramod\picorv32\BARREL_SHIFTER=1\ENABLE_MUL=1\ENABLE_FAST_MUL=0.\last_mem_valid' using process `$paramod\picorv32\BARREL_SHIFTER=1\ENABLE_MUL=1\ENABLE_FAST_MUL=0.$proc$../picorv32.v:391$976'.
  created $dff cell `$procdff$4679' with positive edge clock.

4.3.8. Executing PROC_CLEAN pass (remove empty switches from decision trees).
Found and cleaned up 1 empty switch in `\picorv32_pcpi_mul.$proc$../picorv32.v:2341$775'.
Removing empty process `picorv32_pcpi_mul.$proc$../picorv32.v:2341$775'.
Found and cleaned up 5 empty switches in `\picorv32_pcpi_mul.$proc$../picorv32.v:2307$770'.
Removing empty process `picorv32_pcpi_mul.$proc$../picorv32.v:2307$770'.
Removing empty process `picorv32_pcpi_mul.$proc$../picorv32.v:2283$732'.
Found and cleaned up 2 empty switches in `\picorv32_pcpi_mul.$proc$../picorv32.v:2255$726'.
Removing empty process `picorv32_pcpi_mul.$proc$../picorv32.v:2255$726'.
Found and cleaned up 58 empty switches in `$paramod\picorv32\BARREL_SHIFTER=1\ENABLE_MUL=1\ENABLE_FAST_MUL=0.$proc$../picorv32.v:1436$1395'.
Removing empty process `$paramod\picorv32\BARREL_SHIFTER=1\ENABLE_MUL=1\ENABLE_FAST_MUL=0.$proc$../picorv32.v:1436$1395'.
Removing empty process `$paramod\picorv32\BARREL_SHIFTER=1\ENABLE_MUL=1\ENABLE_FAST_MUL=0.$proc$../picorv32.v:1382$1379'.
Found and cleaned up 1 empty switch in `$paramod\picorv32\BARREL_SHIFTER=1\ENABLE_MUL=1\ENABLE_FAST_MUL=0.$proc$../picorv32.v:1371$1373'.
Removing empty process `$paramod\picorv32\BARREL_SHIFTER=1\ENABLE_MUL=1\ENABLE_FAST_MUL=0.$proc$../picorv32.v:1371$1373'.
Found and cleaned up 2 empty switches in `$paramod\picorv32\BARREL_SHIFTER=1\ENABLE_MUL=1\ENABLE_FAST_MUL=0.$proc$../picorv32.v:1343$1361'.
Removing empty process `$paramod\picorv32\BARREL_SHIFTER=1\ENABLE_MUL=1\ENABLE_FAST_MUL=0.$proc$../picorv32.v:1343$1361'.
Found and cleaned up 2 empty switches in `$paramod\picorv32\BARREL_SHIFTER=1\ENABLE_MUL=1\ENABLE_FAST_MUL=0.$proc$../picorv32.v:1329$1356'.
Removing empty process `$paramod\picorv32\BARREL_SHIFTER=1\ENABLE_MUL=1\ENABLE_FAST_MUL=0.$proc$../picorv32.v:1329$1356'.
Removing empty process `$paramod\picorv32\BARREL_SHIFTER=1\ENABLE_MUL=1\ENABLE_FAST_MUL=0.$proc$../picorv32.v:1327$1355'.
Found and cleaned up 2 empty switches in `$paramod\picorv32\BARREL_SHIFTER=1\ENABLE_MUL=1\ENABLE_FAST_MUL=0.$proc$../picorv32.v:1283$1333'.
Removing empty process `$paramod\picorv32\BARREL_SHIFTER=1\ENABLE_MUL=1\ENABLE_FAST_MUL=0.$proc$../picorv32.v:1283$1333'.
Found and cleaned up 8 empty switches in `$paramod\picorv32\BARREL_SHIFTER=1\ENABLE_MUL=1\ENABLE_FAST_MUL=0.$proc$../picorv32.v:1187$1319'.
Removing empty process `$paramod\picorv32\BARREL_SHIFTER=1\ENABLE_MUL=1\ENABLE_FAST_MUL=0.$proc$../picorv32.v:1187$1319'.
Found and cleaned up 22 empty switches in `$paramod\picorv32\BARREL_SHIFTER=1\ENABLE_MUL=1\ENABLE_FAST_MUL=0.$proc$../picorv32.v:859$1055'.
Removing empty process `$paramod\picorv32\BARREL_SHIFTER=1\ENABLE_MUL=1\ENABLE_FAST_MUL=0.$proc$../picorv32.v:859$1055'.
Found and cleaned up 3 empty switches in `$paramod\picorv32\BARREL_SHIFTER=1\ENABLE_MUL=1\ENABLE_FAST_MUL=0.$proc$../picorv32.v:810$1053'.
Removing empty process `$paramod\picorv32\BARREL_SHIFTER=1\ENABLE_MUL=1\ENABLE_FAST_MUL=0.$proc$../picorv32.v:810$1053'.
Found and cleaned up 5 empty switches in `$paramod\picorv32\BARREL_SHIFTER=1\ENABLE_MUL=1\ENABLE_FAST_MUL=0.$proc$../picorv32.v:779$1049'.
Removing empty process `$paramod\picorv32\BARREL_SHIFTER=1\ENABLE_MUL=1\ENABLE_FAST_MUL=0.$proc$../picorv32.v:779$1049'.
Found and cleaned up 48 empty switches in `$paramod\picorv32\BARREL_SHIFTER=1\ENABLE_MUL=1\ENABLE_FAST_MUL=0.$proc$../picorv32.v:702$1048'.
Removing empty process `$paramod\picorv32\BARREL_SHIFTER=1\ENABLE_MUL=1\ENABLE_FAST_MUL=0.$proc$../picorv32.v:702$1048'.
Found and cleaned up 16 empty switches in `$paramod\picorv32\BARREL_SHIFTER=1\ENABLE_MUL=1\ENABLE_FAST_MUL=0.$proc$../picorv32.v:566$1024'.
Removing empty process `$paramod\picorv32\BARREL_SHIFTER=1\ENABLE_MUL=1\ENABLE_FAST_MUL=0.$proc$../picorv32.v:566$1024'.
Removing empty process `$paramod\picorv32\BARREL_SHIFTER=1\ENABLE_MUL=1\ENABLE_FAST_MUL=0.$proc$../picorv32.v:1273$1578'.
Found and cleaned up 19 empty switches in `$paramod\picorv32\BARREL_SHIFTER=1\ENABLE_MUL=1\ENABLE_FAST_MUL=0.$proc$../picorv32.v:431$984'.
Removing empty process `$paramod\picorv32\BARREL_SHIFTER=1\ENABLE_MUL=1\ENABLE_FAST_MUL=0.$proc$../picorv32.v:431$984'.
Found and cleaned up 3 empty switches in `$paramod\picorv32\BARREL_SHIFTER=1\ENABLE_MUL=1\ENABLE_FAST_MUL=0.$proc$../picorv32.v:402$981'.
Removing empty process `$paramod\picorv32\BARREL_SHIFTER=1\ENABLE_MUL=1\ENABLE_FAST_MUL=0.$proc$../picorv32.v:402$981'.
Found and cleaned up 2 empty switches in `$paramod\picorv32\BARREL_SHIFTER=1\ENABLE_MUL=1\ENABLE_FAST_MUL=0.$proc$../picorv32.v:391$976'.
Removing empty process `$paramod\picorv32\BARREL_SHIFTER=1\ENABLE_MUL=1\ENABLE_FAST_MUL=0.$proc$../picorv32.v:391$976'.
Found and cleaned up 1 empty switch in `$paramod\picorv32\BARREL_SHIFTER=1\ENABLE_MUL=1\ENABLE_FAST_MUL=0.$proc$../picorv32.v:326$902'.
Removing empty process `$paramod\picorv32\BARREL_SHIFTER=1\ENABLE_MUL=1\ENABLE_FAST_MUL=0.$proc$../picorv32.v:326$902'.
Cleaned up 200 empty switches.

4.4. Executing FLATTEN pass (flatten design).
Using template $paramod\picorv32\BARREL_SHIFTER=1\ENABLE_MUL=1\ENABLE_FAST_MUL=0 for cells of type $paramod\picorv32\BARREL_SHIFTER=1\ENABLE_MUL=1\ENABLE_FAST_MUL=0.
Using template picorv32_pcpi_mul for cells of type picorv32_pcpi_mul.
<suppressed ~2 debug messages>
No more expansions possible.
Deleting now unused module picorv32_pcpi_mul.
Deleting now unused module $paramod\picorv32\BARREL_SHIFTER=1\ENABLE_MUL=1\ENABLE_FAST_MUL=0.

4.5. Executing TRIBUF pass.

4.6. Executing DEMINOUT pass (demote inout ports to input or output).

4.7. Executing OPT_EXPR pass (perform const folding).
Optimizing module picorv32_baseline_a_wrapper.
<suppressed ~852 debug messages>

4.8. Executing OPT_CLEAN pass (remove unused cells and wires).
Finding unused cells or wires in module \picorv32_baseline_a_wrapper..
Removed 735 unused cells and 2331 unused wires.
<suppressed ~799 debug messages>

4.9. Executing CHECK pass (checking for obvious problems).
checking module picorv32_baseline_a_wrapper..
found and reported 0 problems.

4.10. Executing OPT pass (performing simple optimizations).

4.10.1. Executing OPT_EXPR pass (perform const folding).
Optimizing module picorv32_baseline_a_wrapper.

4.10.2. Executing OPT_MERGE pass (detect identical cells).
Finding identical cells in module `\picorv32_baseline_a_wrapper'.
<suppressed ~570 debug messages>
Removed a total of 190 cells.

4.10.3. Executing OPT_MUXTREE pass (detect dead branches in mux trees).
Running muxtree optimizer on module \picorv32_baseline_a_wrapper..
  Creating internal representation of mux trees.
  Evaluating internal representation of mux trees.
      Replacing known input bits on port A of cell $techmap\u_core.$procmux$4224: \u_core.mem_valid -> 1'0
      Replacing known input bits on port A of cell $techmap\u_core.$procmux$4231: \u_core.mem_valid -> 1'0
      Replacing known input bits on port A of cell $techmap\u_core.pcpi_mul.$procmux$1602: \u_core.pcpi_mul.mul_waiting -> 1'0
  Analyzing evaluation results.
    dead port 2/2 on $mux $techmap\u_core.$procmux$1672.
    dead port 2/2 on $mux $techmap\u_core.$procmux$1682.
    dead port 2/2 on $mux $techmap\u_core.$procmux$1684.
    dead port 2/2 on $mux $techmap\u_core.$procmux$1690.
    dead port 2/2 on $mux $techmap\u_core.$procmux$1697.
    dead port 2/2 on $mux $techmap\u_core.$procmux$1699.
    dead port 2/2 on $mux $techmap\u_core.$procmux$1705.
    dead port 2/2 on $mux $techmap\u_core.$procmux$1726.
    dead port 2/2 on $mux $techmap\u_core.$procmux$1729.
    dead port 2/2 on $mux $techmap\u_core.$procmux$1741.
    dead port 2/2 on $mux $techmap\u_core.$procmux$1748.
    dead port 2/2 on $mux $techmap\u_core.$procmux$1751.
    dead port 2/2 on $mux $techmap\u_core.$procmux$1775.
    dead port 2/2 on $mux $techmap\u_core.$procmux$1778.
    dead port 2/2 on $mux $techmap\u_core.$procmux$1787.
    dead port 2/2 on $mux $techmap\u_core.$procmux$1790.
    dead port 2/2 on $mux $techmap\u_core.$procmux$1798.
    dead port 2/2 on $mux $techmap\u_core.$procmux$1800.
    dead port 2/2 on $mux $techmap\u_core.$procmux$1803.
    dead port 2/2 on $mux $techmap\u_core.$procmux$1864.
    dead port 2/2 on $mux $techmap\u_core.$procmux$1866.
    dead port 2/2 on $mux $techmap\u_core.$procmux$1869.
    dead port 2/2 on $mux $techmap\u_core.$procmux$2032.
    dead port 2/2 on $mux $techmap\u_core.$procmux$2037.
    dead port 2/2 on $mux $techmap\u_core.$procmux$2040.
    dead port 1/3 on $pmux $techmap\u_core.$procmux$2099.
    dead port 2/2 on $mux $techmap\u_core.$procmux$2131.
    dead port 2/2 on $mux $techmap\u_core.$procmux$2144.
    dead port 2/2 on $mux $techmap\u_core.$procmux$2157.
    dead port 1/8 on $pmux $techmap\u_core.$procmux$2364.
    dead port 2/8 on $pmux $techmap\u_core.$procmux$2364.
    dead port 3/8 on $pmux $techmap\u_core.$procmux$2364.
    dead port 4/8 on $pmux $techmap\u_core.$procmux$2364.
    dead port 5/8 on $pmux $techmap\u_core.$procmux$2364.
    dead port 2/11 on $pmux $techmap\u_core.$procmux$2407.
    dead port 4/11 on $pmux $techmap\u_core.$procmux$2407.
    dead port 5/11 on $pmux $techmap\u_core.$procmux$2407.
    dead port 6/11 on $pmux $techmap\u_core.$procmux$2407.
    dead port 7/11 on $pmux $techmap\u_core.$procmux$2407.
    dead port 8/11 on $pmux $techmap\u_core.$procmux$2407.
    dead port 1/8 on $pmux $techmap\u_core.$procmux$2618.
    dead port 2/8 on $pmux $techmap\u_core.$procmux$2618.
    dead port 3/8 on $pmux $techmap\u_core.$procmux$2618.
    dead port 4/8 on $pmux $techmap\u_core.$procmux$2618.
    dead port 5/8 on $pmux $techmap\u_core.$procmux$2618.
    dead port 1/4 on $pmux $techmap\u_core.$procmux$2686.
    dead port 1/3 on $pmux $techmap\u_core.$procmux$2701.
    dead port 2/12 on $pmux $techmap\u_core.$procmux$2705.
    dead port 4/12 on $pmux $techmap\u_core.$procmux$2705.
    dead port 5/12 on $pmux $techmap\u_core.$procmux$2705.
    dead port 6/12 on $pmux $techmap\u_core.$procmux$2705.
    dead port 7/12 on $pmux $techmap\u_core.$procmux$2705.
    dead port 8/12 on $pmux $techmap\u_core.$procmux$2705.
    dead port 1/4 on $pmux $techmap\u_core.$procmux$2889.
    dead port 1/3 on $pmux $techmap\u_core.$procmux$2901.
    dead port 2/12 on $pmux $techmap\u_core.$procmux$2905.
    dead port 4/12 on $pmux $techmap\u_core.$procmux$2905.
    dead port 5/12 on $pmux $techmap\u_core.$procmux$2905.
    dead port 6/12 on $pmux $techmap\u_core.$procmux$2905.
    dead port 7/12 on $pmux $techmap\u_core.$procmux$2905.
    dead port 8/12 on $pmux $techmap\u_core.$procmux$2905.
    dead port 2/11 on $pmux $techmap\u_core.$procmux$3089.
    dead port 4/11 on $pmux $techmap\u_core.$procmux$3089.
    dead port 5/11 on $pmux $techmap\u_core.$procmux$3089.
    dead port 6/11 on $pmux $techmap\u_core.$procmux$3089.
    dead port 7/11 on $pmux $techmap\u_core.$procmux$3089.
    dead port 8/11 on $pmux $techmap\u_core.$procmux$3089.
    dead port 1/8 on $pmux $techmap\u_core.$procmux$3139.
    dead port 2/8 on $pmux $techmap\u_core.$procmux$3139.
    dead port 3/8 on $pmux $techmap\u_core.$procmux$3139.
    dead port 4/8 on $pmux $techmap\u_core.$procmux$3139.
    dead port 5/8 on $pmux $techmap\u_core.$procmux$3139.
    dead port 1/5 on $pmux $techmap\u_core.$procmux$3300.
    dead port 2/5 on $pmux $techmap\u_core.$procmux$3300.
    dead port 2/2 on $mux $techmap\u_core.$procmux$3305.
    dead port 1/5 on $pmux $techmap\u_core.$procmux$3309.
    dead port 2/5 on $pmux $techmap\u_core.$procmux$3309.
    dead port 2/2 on $mux $techmap\u_core.$procmux$3314.
    dead port 2/2 on $mux $techmap\u_core.$procmux$4467.
    dead port 2/2 on $mux $techmap\u_core.$procmux$4474.
    dead port 1/4 on $pmux $techmap\u_core.$procmux$4500.
    dead port 3/4 on $pmux $techmap\u_core.$procmux$4500.
    dead port 4/4 on $pmux $techmap\u_core.$procmux$4500.
    dead port 1/3 on $pmux $techmap\u_core.$procmux$4505.
    dead port 3/3 on $pmux $techmap\u_core.$procmux$4505.
Removed 85 multiplexer ports.
<suppressed ~161 debug messages>

4.10.4. Executing OPT_REDUCE pass (consolidate $*mux and $reduce_* inputs).
  Optimizing cells in module \picorv32_baseline_a_wrapper.
    New input vector for $reduce_or cell $techmap\u_core.pcpi_mul.$reduce_or$../picorv32.v:2249$722: { \u_core.pcpi_mul.instr_mulhsu \u_core.pcpi_mul.instr_mulh }
    New input vector for $reduce_or cell $techmap\u_core.pcpi_mul.$reduce_or$../picorv32.v:2248$721: { \u_core.pcpi_mul.instr_mulhu \u_core.pcpi_mul.instr_mulhsu \u_core.pcpi_mul.instr_mulh }
    New input vector for $reduce_or cell $techmap\u_core.pcpi_mul.$reduce_or$../picorv32.v:2247$720: { \u_core.pcpi_mul.instr_mulhu \u_core.pcpi_mul.instr_mulhsu \u_core.pcpi_mul.instr_mulh \u_core.pcpi_mul.instr_mul }
    New input vector for $reduce_or cell $techmap\u_core.$reduce_or$../picorv32.v:865$1061: { \u_core.is_beq_bne_blt_bge_bltu_bgeu \u_core.instr_sltu \u_core.instr_slt \u_core.instr_sltiu \u_core.instr_slti }
    New input vector for $reduce_or cell $techmap\u_core.$reduce_or$../picorv32.v:864$1060: { \u_core.instr_lhu \u_core.instr_lbu \u_core.instr_lw }
    New input vector for $reduce_or cell $techmap\u_core.$reduce_or$../picorv32.v:863$1059: { \u_core.instr_sltu \u_core.instr_sltiu \u_core.instr_bltu }
    New input vector for $reduce_or cell $techmap\u_core.$reduce_or$../picorv32.v:862$1058: { \u_core.instr_slt \u_core.instr_slti \u_core.instr_blt }
    New input vector for $reduce_or cell $techmap\u_core.$reduce_or$../picorv32.v:861$1057: { \u_core.instr_sub \u_core.instr_add \u_core.instr_addi \u_core.instr_jalr \u_core.instr_jal \u_core.instr_auipc \u_core.instr_lui }
    New input vector for $reduce_or cell $techmap\u_core.$reduce_or$../picorv32.v:860$1056: { \u_core.instr_jal \u_core.instr_auipc \u_core.instr_lui }
    New input vector for $reduce_or cell $techmap\u_core.$reduce_or$../picorv32.v:689$1047: { \u_core.instr_rdinstrh \u_core.instr_rdinstr \u_core.instr_rdcycleh \u_core.instr_rdcycle }
    New input vector for $reduce_or cell $techmap\u_core.$reduce_or$../picorv32.v:377$931: { \u_core.mem_state [0] \u_core.mem_state [1] }
    New input vector for $reduce_or cell $techmap\u_core.$reduce_or$../picorv32.v:1972$1562: { \u_core.reg_pc [0] \u_core.reg_pc [1] }
    New input vector for $reduce_or cell $techmap\u_core.$reduce_or$../picorv32.v:1126$1317: { \u_core.is_alu_reg_imm \u_core.is_lb_lh_lw_lbu_lhu \u_core.instr_jalr }
    New input vector for $reduce_or cell $techmap\u_core.$reduce_or$../picorv32.v:1124$1315: { \u_core.instr_auipc \u_core.instr_lui }
    New input vector for $reduce_or cell $techmap\u_core.$reduce_or$../picorv32.v:1109$1301: { $techmap\u_core.$eq$../picorv32.v:1060$1168_Y $techmap\u_core.$eq$../picorv32.v:1050$1152_Y $techmap\u_core.$eq$../picorv32.v:1046$1146_Y $techmap\u_core.$eq$../picorv32.v:1045$1144_Y $techmap\u_core.$eq$../picorv32.v:1043$1140_Y $techmap\u_core.$eq$../picorv32.v:1041$1136_Y }
    New input vector for $reduce_or cell $techmap\u_core.$procmux$2408_ANY: { \u_core.is_jalr_addi_slti_sltiu_xori_ori_andi \u_core.is_slli_srli_srai }
    New input vector for $reduce_and cell $techmap\u_core.$reduce_and$../picorv32.v:377$936: { \u_core.mem_state [0] \u_core.mem_state [1] }
    New ctrl vector for $mux cell $techmap\u_core.$procmux$1675: { }
    New ctrl vector for $mux cell $techmap\u_core.$procmux$1688: { }
    New ctrl vector for $mux cell $techmap\u_core.$procmux$1703: { }
    New ctrl vector for $mux cell $techmap\u_core.$procmux$1708: { }
    New ctrl vector for $pmux cell $techmap\u_core.$procmux$1736: { }
    New ctrl vector for $pmux cell $techmap\u_core.$procmux$2121: { $techmap\u_core.$procmux$1749_CMP $auto$opt_reduce.cc:132:opt_mux$4681 }
    New ctrl vector for $pmux cell $techmap\u_core.$procmux$2134: { $auto$opt_reduce.cc:132:opt_mux$4683 $techmap\u_core.$procmux$1727_CMP }
    New ctrl vector for $pmux cell $techmap\u_core.$procmux$2147: { $techmap\u_core.$procmux$1776_CMP $auto$opt_reduce.cc:132:opt_mux$4685 }
    New ctrl vector for $pmux cell $techmap\u_core.$procmux$2344: { $techmap\u_core.$procmux$1738_CMP $techmap\u_core.$procmux$1737_CMP $techmap\u_core.$procmux$1776_CMP $techmap\u_core.$procmux$2124_CMP $techmap\u_core.$procmux$1727_CMP }
    New ctrl vector for $pmux cell $techmap\u_core.$procmux$2407: $auto$opt_reduce.cc:132:opt_mux$4687
    New ctrl vector for $pmux cell $techmap\u_core.$procmux$2455: { $techmap\u_core.$eq$../picorv32.v:1347$1362_Y $techmap\u_core.$procmux$1776_CMP }
    New ctrl vector for $pmux cell $techmap\u_core.$procmux$2552: { $techmap\u_core.$eq$../picorv32.v:1347$1362_Y $techmap\u_core.$procmux$1776_CMP }
    New ctrl vector for $pmux cell $techmap\u_core.$procmux$2595: { $techmap\u_core.$eq$../picorv32.v:1347$1362_Y $techmap\u_core.$procmux$1738_CMP $techmap\u_core.$procmux$1737_CMP $techmap\u_core.$procmux$1776_CMP $auto$opt_reduce.cc:132:opt_mux$4689 }
    New ctrl vector for $pmux cell $techmap\u_core.$procmux$2705: { \u_core.instr_trap \u_core.is_rdcycle_rdcycleh_rdinstr_rdinstrh $techmap\u_core.$logic_and$../picorv32.v:1730$1481_Y $auto$opt_reduce.cc:132:opt_mux$4691 }
    New ctrl vector for $pmux cell $techmap\u_core.$procmux$2879: { $techmap\u_core.$eq$../picorv32.v:1347$1362_Y $techmap\u_core.$procmux$1738_CMP $techmap\u_core.$procmux$1737_CMP $techmap\u_core.$procmux$2124_CMP }
    New ctrl vector for $pmux cell $techmap\u_core.$procmux$2905: { \u_core.instr_trap \u_core.is_rdcycle_rdcycleh_rdinstr_rdinstrh $techmap\u_core.$logic_and$../picorv32.v:1730$1481_Y $auto$opt_reduce.cc:132:opt_mux$4693 }
    New ctrl vector for $pmux cell $techmap\u_core.$procmux$3089: { \u_core.is_lui_auipc_jal $auto$opt_reduce.cc:132:opt_mux$4695 $techmap\u_core.$procmux$2408_CTRL }
    Consolidated identical input bits for $mux cell $techmap\u_core.$procmux$3292:
      Old ports: A=0, B=32'11111111111111111111111111111111, Y=$techmap\u_core.$0$memwr$\cpuregs$../picorv32.v:1378$901_EN[31:0]$1375
      New ports: A=1'0, B=1'1, Y=$techmap\u_core.$0$memwr$\cpuregs$../picorv32.v:1378$901_EN[31:0]$1375 [0]
      New connections: $techmap\u_core.$0$memwr$\cpuregs$../picorv32.v:1378$901_EN[31:0]$1375 [31:1] = { $techmap\u_core.$0$memwr$\cpuregs$../picorv32.v:1378$901_EN[31:0]$1375 [0] $techmap\u_core.$0$memwr$\cpuregs$../picorv32.v:1378$901_EN[31:0]$1375 [0] $techmap\u_core.$0$memwr$\cpuregs$../picorv32.v:1378$901_EN[31:0]$1375 [0] $techmap\u_core.$0$memwr$\cpuregs$../picorv32.v:1378$901_EN[31:0]$1375 [0] $techmap\u_core.$0$memwr$\cpuregs$../picorv32.v:1378$901_EN[31:0]$1375 [0] $techmap\u_core.$0$memwr$\cpuregs$../picorv32.v:1378$901_EN[31:0]$1375 [0] $techmap\u_core.$0$memwr$\cpuregs$../picorv32.v:1378$901_EN[31:0]$1375 [0] $techmap\u_core.$0$memwr$\cpuregs$../picorv32.v:1378$901_EN[31:0]$1375 [0] $techmap\u_core.$0$memwr$\cpuregs$../picorv32.v:1378$901_EN[31:0]$1375 [0] $techmap\u_core.$0$memwr$\cpuregs$../picorv32.v:1378$901_EN[31:0]$1375 [0] $techmap\u_core.$0$memwr$\cpuregs$../picorv32.v:1378$901_EN[31:0]$1375 [0] $techmap\u_core.$0$memwr$\cpuregs$../picorv32.v:1378$901_EN[31:0]$1375 [0] $techmap\u_core.$0$memwr$\cpuregs$../picorv32.v:1378$901_EN[31:0]$1375 [0] $techmap\u_core.$0$memwr$\cpuregs$../picorv32.v:1378$901_EN[31:0]$1375 [0] $techmap\u_core.$0$memwr$\cpuregs$../picorv32.v:1378$901_EN[31:0]$1375 [0] $techmap\u_core.$0$memwr$\cpuregs$../picorv32.v:1378$901_EN[31:0]$1375 [0] $techmap\u_core.$0$memwr$\cpuregs$../picorv32.v:1378$901_EN[31:0]$1375 [0] $techmap\u_core.$0$memwr$\cpuregs$../picorv32.v:1378$901_EN[31:0]$1375 [0] $techmap\u_core.$0$memwr$\cpuregs$../picorv32.v:1378$901_EN[31:0]$1375 [0] $techmap\u_core.$0$memwr$\cpuregs$../picorv32.v:1378$901_EN[31:0]$1375 [0] $techmap\u_core.$0$memwr$\cpuregs$../picorv32.v:1378$901_EN[31:0]$1375 [0] $techmap\u_core.$0$memwr$\cpuregs$../picorv32.v:1378$901_EN[31:0]$1375 [0] $techmap\u_core.$0$memwr$\cpuregs$../picorv32.v:1378$901_EN[31:0]$1375 [0] $techmap\u_core.$0$memwr$\cpuregs$../picorv32.v:1378$901_EN[31:0]$1375 [0] $techmap\u_core.$0$memwr$\cpuregs$../picorv32.v:1378$901_EN[31:0]$1375 [0] $techmap\u_core.$0$memwr$\cpuregs$../picorv32.v:1378$901_EN[31:0]$1375 [0] $techmap\u_core.$0$memwr$\cpuregs$../picorv32.v:1378$901_EN[31:0]$1375 [0] $techmap\u_core.$0$memwr$\cpuregs$../picorv32.v:1378$901_EN[31:0]$1375 [0] $techmap\u_core.$0$memwr$\cpuregs$../picorv32.v:1378$901_EN[31:0]$1375 [0] $techmap\u_core.$0$memwr$\cpuregs$../picorv32.v:1378$901_EN[31:0]$1375 [0] $techmap\u_core.$0$memwr$\cpuregs$../picorv32.v:1378$901_EN[31:0]$1375 [0] }
    New ctrl vector for $pmux cell $techmap\u_core.$procmux$3300: $auto$opt_reduce.cc:132:opt_mux$4697
    New ctrl vector for $mux cell $techmap\u_core.$procmux$4224: { }
    New ctrl vector for $mux cell $techmap\u_core.$procmux$4231: { }
    New ctrl vector for $pmux cell $techmap\u_core.$procmux$4462: $auto$opt_reduce.cc:132:opt_mux$4699
    New ctrl vector for $pmux cell $techmap\u_core.$procmux$4471: $auto$opt_reduce.cc:132:opt_mux$4701
    New input vector for $reduce_or cell $auto$opt_reduce.cc:126:opt_mux$4694: { $techmap\u_core.$logic_and$../picorv32.v:1730$1481_Y \u_core.instr_rdinstrh \u_core.instr_rdinstr \u_core.instr_rdcycleh \u_core.instr_rdcycle }
    New input vector for $reduce_or cell $auto$opt_reduce.cc:126:opt_mux$4696: { $techmap\u_core.$logic_and$../picorv32.v:1354$1366_Y \u_core.latched_branch }
    New input vector for $reduce_or cell $auto$opt_reduce.cc:126:opt_mux$4680: { $techmap\u_core.$procmux$2129_CMP $techmap\u_core.$procmux$2124_CMP $techmap\u_core.$procmux$1776_CMP $techmap\u_core.$procmux$1738_CMP $techmap\u_core.$procmux$1737_CMP $techmap\u_core.$procmux$1727_CMP $techmap\u_core.$eq$../picorv32.v:1347$1362_Y }
    New input vector for $reduce_or cell $auto$opt_reduce.cc:126:opt_mux$4682: { $techmap\u_core.$procmux$2129_CMP $techmap\u_core.$procmux$2124_CMP $techmap\u_core.$procmux$1776_CMP $techmap\u_core.$procmux$1749_CMP $techmap\u_core.$procmux$1738_CMP $techmap\u_core.$procmux$1737_CMP $techmap\u_core.$eq$../picorv32.v:1347$1362_Y }
    New input vector for $reduce_or cell $auto$opt_reduce.cc:126:opt_mux$4684: { $techmap\u_core.$procmux$2129_CMP $techmap\u_core.$procmux$2124_CMP $techmap\u_core.$procmux$1749_CMP $techmap\u_core.$procmux$1738_CMP $techmap\u_core.$procmux$1737_CMP $techmap\u_core.$procmux$1727_CMP $techmap\u_core.$eq$../picorv32.v:1347$1362_Y }
    New input vector for $reduce_or cell $auto$opt_reduce.cc:126:opt_mux$4686: { \u_core.is_jalr_addi_slti_sltiu_xori_ori_andi \u_core.is_slli_srli_srai $techmap\u_core.$logic_and$../picorv32.v:1730$1481_Y \u_core.instr_rdinstrh \u_core.instr_rdinstr \u_core.instr_rdcycleh \u_core.instr_rdcycle \u_core.is_lui_auipc_jal }
    New input vector for $reduce_or cell $auto$opt_reduce.cc:126:opt_mux$4690: { \u_core.is_jalr_addi_slti_sltiu_xori_ori_andi \u_core.is_slli_srli_srai \u_core.is_lui_auipc_jal }
    New input vector for $reduce_or cell $auto$opt_reduce.cc:126:opt_mux$4692: { \u_core.is_jalr_addi_slti_sltiu_xori_ori_andi \u_core.is_slli_srli_srai \u_core.is_lui_auipc_jal }
    New ctrl vector for $pmux cell $techmap\u_core.$procmux$4226: { $techmap\u_core.$logic_not$../picorv32.v:380$946_Y $auto$opt_reduce.cc:132:opt_mux$4703 }
    New input vector for $reduce_or cell $auto$opt_reduce.cc:126:opt_mux$4686: { $techmap\u_core.$logic_and$../picorv32.v:1730$1481_Y \u_core.is_jalr_addi_slti_sltiu_xori_ori_andi \u_core.is_slli_srli_srai \u_core.is_lui_auipc_jal \u_core.instr_rdinstrh \u_core.instr_rdinstr \u_core.instr_rdcycleh \u_core.instr_rdcycle }
  Optimizing cells in module \picorv32_baseline_a_wrapper.
Performed a total of 50 changes.

4.10.5. Executing OPT_MERGE pass (detect identical cells).
Finding identical cells in module `\picorv32_baseline_a_wrapper'.
<suppressed ~60 debug messages>
Removed a total of 20 cells.

4.10.6. Executing OPT_RMDFF pass (remove dff with constant values).
Removing $techmap\u_core.$procdff$4539 ($dff) from module picorv32_baseline_a_wrapper.
Removing $techmap\u_core.$procdff$4573 ($dff) from module picorv32_baseline_a_wrapper.
Removing $techmap\u_core.$procdff$4626 ($dff) from module picorv32_baseline_a_wrapper.
Removing $techmap\u_core.$procdff$4627 ($dff) from module picorv32_baseline_a_wrapper.
Removing $techmap\u_core.$procdff$4628 ($dff) from module picorv32_baseline_a_wrapper.
Removing $techmap\u_core.$procdff$4629 ($dff) from module picorv32_baseline_a_wrapper.
Removing $techmap\u_core.$procdff$4630 ($dff) from module picorv32_baseline_a_wrapper.
Removing $techmap\u_core.$procdff$4631 ($dff) from module picorv32_baseline_a_wrapper.
Removing $techmap\u_core.$procdff$4637 ($dff) from module picorv32_baseline_a_wrapper.
Replaced 9 DFF cells.

4.10.7. Executing OPT_CLEAN pass (remove unused cells and wires).
Finding unused cells or wires in module \picorv32_baseline_a_wrapper..
Removed 20 unused cells and 268 unused wires.
<suppressed ~23 debug messages>

4.10.8. Executing OPT_EXPR pass (perform const folding).
Optimizing module picorv32_baseline_a_wrapper.
<suppressed ~7 debug messages>

4.10.9. Rerunning OPT passes. (Maybe there is more to do..)

4.10.10. Executing OPT_MUXTREE pass (detect dead branches in mux trees).
Running muxtree optimizer on module \picorv32_baseline_a_wrapper..
  Creating internal representation of mux trees.
  Evaluating internal representation of mux trees.
      Replacing known input bits on port B of cell $techmap\u_core.$procmux$2609: \u_core.pcpi_mul.pcpi_wr -> 1'1
  Analyzing evaluation results.
Removed 0 multiplexer ports.
<suppressed ~149 debug messages>

4.10.11. Executing OPT_REDUCE pass (consolidate $*mux and $reduce_* inputs).
  Optimizing cells in module \picorv32_baseline_a_wrapper.
    New ctrl vector for $pmux cell $techmap\u_core.$procmux$2215: $auto$opt_reduce.cc:132:opt_mux$4705
    New ctrl vector for $pmux cell $techmap\u_core.$procmux$2232: { $techmap\u_core.$procmux$1776_CMP $auto$opt_reduce.cc:132:opt_mux$4707 }
    New ctrl vector for $pmux cell $techmap\u_core.$procmux$2664: { $techmap\u_core.$eq$../picorv32.v:1347$1362_Y $techmap\u_core.$procmux$1738_CMP $techmap\u_core.$procmux$1737_CMP $techmap\u_core.$procmux$1776_CMP $techmap\u_core.$procmux$2124_CMP $auto$opt_reduce.cc:132:opt_mux$4709 }
    New ctrl vector for $pmux cell $techmap\u_core.$procmux$3267: $auto$opt_reduce.cc:132:opt_mux$4711
    New ctrl vector for $pmux cell $techmap\u_core.$procmux$4477: { $auto$opt_reduce.cc:132:opt_mux$4713 $techmap\u_core.$procmux$4468_CMP }
    New input vector for $reduce_or cell $auto$opt_reduce.cc:126:opt_mux$4712: { $techmap\u_core.$eq$../picorv32.v:1964$1553_Y $techmap\u_core.$eq$../picorv32.v:1957$1546_Y }
  Optimizing cells in module \picorv32_baseline_a_wrapper.
Performed a total of 6 changes.

4.10.12. Executing OPT_MERGE pass (detect identical cells).
Finding identical cells in module `\picorv32_baseline_a_wrapper'.
<suppressed ~6 debug messages>
Removed a total of 2 cells.

4.10.13. Executing OPT_RMDFF pass (remove dff with constant values).

4.10.14. Executing OPT_CLEAN pass (remove unused cells and wires).
Finding unused cells or wires in module \picorv32_baseline_a_wrapper..
Removed 1 unused cells and 10 unused wires.
<suppressed ~2 debug messages>

4.10.15. Executing OPT_EXPR pass (perform const folding).
Optimizing module picorv32_baseline_a_wrapper.

4.10.16. Rerunning OPT passes. (Maybe there is more to do..)

4.10.17. Executing OPT_MUXTREE pass (detect dead branches in mux trees).
Running muxtree optimizer on module \picorv32_baseline_a_wrapper..
  Creating internal representation of mux trees.
  Evaluating internal representation of mux trees.
  Analyzing evaluation results.
Removed 0 multiplexer ports.
<suppressed ~149 debug messages>

4.10.18. Executing OPT_REDUCE pass (consolidate $*mux and $reduce_* inputs).
  Optimizing cells in module \picorv32_baseline_a_wrapper.
Performed a total of 0 changes.

4.10.19. Executing OPT_MERGE pass (detect identical cells).
Finding identical cells in module `\picorv32_baseline_a_wrapper'.
Removed a total of 0 cells.

4.10.20. Executing OPT_RMDFF pass (remove dff with constant values).

4.10.21. Executing OPT_CLEAN pass (remove unused cells and wires).
Finding unused cells or wires in module \picorv32_baseline_a_wrapper..

4.10.22. Executing OPT_EXPR pass (perform const folding).
Optimizing module picorv32_baseline_a_wrapper.

4.10.23. Finished OPT passes. (There is nothing left to do.)

4.11. Executing WREDUCE pass (reducing word size of cells).
Removed top 31 bits (of 32) from FF cell picorv32_baseline_a_wrapper.$techmap\u_core.$procdff$4579 ($dff).
Removed top 1 bits (of 2) from port B of cell picorv32_baseline_a_wrapper.$techmap\u_core.$procmux$4465_CMP0 ($eq).
Removed cell picorv32_baseline_a_wrapper.$techmap\u_core.$procmux$4462 ($mux).
Removed top 1 bits (of 2) from port B of cell picorv32_baseline_a_wrapper.$techmap\u_core.$procmux$4178_CMP0 ($eq).
Removed cell picorv32_baseline_a_wrapper.$techmap\u_core.$procmux$3317 ($mux).
Removed cell picorv32_baseline_a_wrapper.$techmap\u_core.$procmux$3296 ($mux).
Removed cell picorv32_baseline_a_wrapper.$techmap\u_core.$procmux$3294 ($mux).
Removed top 4 bits (of 8) from mux cell picorv32_baseline_a_wrapper.$techmap\u_core.$procmux$2701 ($mux).
Removed cell picorv32_baseline_a_wrapper.$techmap\u_core.$procmux$2420 ($mux).
Removed cell picorv32_baseline_a_wrapper.$techmap\u_core.$procmux$2407 ($mux).
Removed cell picorv32_baseline_a_wrapper.$techmap\u_core.$procmux$2401 ($mux).
Removed cell picorv32_baseline_a_wrapper.$techmap\u_core.$procmux$2392 ($mux).
Removed cell picorv32_baseline_a_wrapper.$techmap\u_core.$procmux$2357 ($mux).
Removed cell picorv32_baseline_a_wrapper.$techmap\u_core.$procmux$2355 ($mux).
Removed cell picorv32_baseline_a_wrapper.$techmap\u_core.$procmux$2347 ($mux).
Removed cell picorv32_baseline_a_wrapper.$techmap\u_core.$procmux$2342 ($mux).
Removed cell picorv32_baseline_a_wrapper.$techmap\u_core.$procmux$2340 ($mux).
Removed top 5 bits (of 8) from port B of cell picorv32_baseline_a_wrapper.$techmap\u_core.$procmux$2124_CMP0 ($eq).
Removed cell picorv32_baseline_a_wrapper.$techmap\u_core.$procmux$2105 ($mux).
Removed cell picorv32_baseline_a_wrapper.$techmap\u_core.$procmux$2102 ($mux).
Removed top 4 bits (of 8) from port B of cell picorv32_baseline_a_wrapper.$techmap\u_core.$procmux$1776_CMP0 ($eq).
Removed top 6 bits (of 8) from port B of cell picorv32_baseline_a_wrapper.$techmap\u_core.$procmux$1749_CMP0 ($eq).
Removed top 2 bits (of 8) from port B of cell picorv32_baseline_a_wrapper.$techmap\u_core.$procmux$1738_CMP0 ($eq).
Removed top 3 bits (of 8) from port B of cell picorv32_baseline_a_wrapper.$techmap\u_core.$procmux$1737_CMP0 ($eq).
Removed top 7 bits (of 8) from port B of cell picorv32_baseline_a_wrapper.$techmap\u_core.$procmux$1727_CMP0 ($eq).
Removed top 1 bits (of 33) from port Y of cell picorv32_baseline_a_wrapper.$techmap\u_core.$sshr$../picorv32.v:1279$1585 ($sshr).
Removed top 1 bits (of 2) from port B of cell picorv32_baseline_a_wrapper.$techmap\u_core.$eq$../picorv32.v:1964$1553 ($eq).
Removed top 31 bits (of 32) from port B of cell picorv32_baseline_a_wrapper.$techmap\u_core.$sub$../picorv32.v:1884$1528 ($sub).
Removed top 27 bits (of 32) from port Y of cell picorv32_baseline_a_wrapper.$techmap\u_core.$sub$../picorv32.v:1884$1528 ($sub).
Removed top 29 bits (of 32) from port B of cell picorv32_baseline_a_wrapper.$techmap\u_core.$sub$../picorv32.v:1876$1521 ($sub).
Removed top 27 bits (of 32) from port Y of cell picorv32_baseline_a_wrapper.$techmap\u_core.$sub$../picorv32.v:1876$1521 ($sub).
Removed top 29 bits (of 32) from port B of cell picorv32_baseline_a_wrapper.$techmap\u_core.$ge$../picorv32.v:1869$1513 ($ge).
Removed top 31 bits (of 32) from port B of cell picorv32_baseline_a_wrapper.$techmap\u_core.$add$../picorv32.v:1598$1455 ($add).
Removed top 29 bits (of 32) from port B of cell picorv32_baseline_a_wrapper.$techmap\u_core.$add$../picorv32.v:1594$1454 ($add).
Removed top 31 bits (of 32) from port B of cell picorv32_baseline_a_wrapper.$techmap\u_core.$add$../picorv32.v:1467$1402 ($add).
Removed top 31 bits (of 32) from port B of cell picorv32_baseline_a_wrapper.$techmap\u_core.$sub$../picorv32.v:1460$1400 ($sub).
Removed top 28 bits (of 32) from port Y of cell picorv32_baseline_a_wrapper.$techmap\u_core.$sub$../picorv32.v:1460$1400 ($sub).
Removed top 29 bits (of 32) from mux cell picorv32_baseline_a_wrapper.$techmap\u_core.$ternary$../picorv32.v:1351$1363 ($mux).
Removed top 1 bits (of 8) from port B of cell picorv32_baseline_a_wrapper.$techmap\u_core.$eq$../picorv32.v:1347$1362 ($eq).
Removed top 3 bits (of 7) from port B of cell picorv32_baseline_a_wrapper.$techmap\u_core.$eq$../picorv32.v:1089$1262 ($eq).
Removed top 1 bits (of 7) from port B of cell picorv32_baseline_a_wrapper.$techmap\u_core.$eq$../picorv32.v:1067$1186 ($eq).
Removed top 1 bits (of 3) from port B of cell picorv32_baseline_a_wrapper.$techmap\u_core.$eq$../picorv32.v:1060$1168 ($eq).
Removed top 1 bits (of 3) from port B of cell picorv32_baseline_a_wrapper.$techmap\u_core.$eq$../picorv32.v:1050$1152 ($eq).
Removed top 2 bits (of 3) from port B of cell picorv32_baseline_a_wrapper.$techmap\u_core.$eq$../picorv32.v:1042$1138 ($eq).
Removed top 1 bits (of 7) from port B of cell picorv32_baseline_a_wrapper.$techmap\u_core.$eq$../picorv32.v:879$1081 ($eq).
Removed top 2 bits (of 7) from port B of cell picorv32_baseline_a_wrapper.$techmap\u_core.$eq$../picorv32.v:878$1080 ($eq).
Removed top 1 bits (of 7) from port B of cell picorv32_baseline_a_wrapper.$techmap\u_core.$eq$../picorv32.v:877$1079 ($eq).
Removed top 5 bits (of 7) from port B of cell picorv32_baseline_a_wrapper.$techmap\u_core.$eq$../picorv32.v:876$1078 ($eq).
Removed top 2 bits (of 7) from port B of cell picorv32_baseline_a_wrapper.$techmap\u_core.$eq$../picorv32.v:869$1064 ($eq).
Removed top 1 bits (of 7) from port B of cell picorv32_baseline_a_wrapper.$techmap\u_core.$eq$../picorv32.v:868$1063 ($eq).
Removed top 30 bits (of 32) from mux cell picorv32_baseline_a_wrapper.$techmap\u_core.$ternary$../picorv32.v:618$1044 ($mux).
Removed top 3 bits (of 4) from port A of cell picorv32_baseline_a_wrapper.$techmap\u_core.$shl$../picorv32.v:420$983 ($shl).
Removed top 2 bits (of 3) from port B of cell picorv32_baseline_a_wrapper.$techmap\u_core.pcpi_mul.$procmux$1658_CMP0 ($eq).
Removed top 1 bits (of 3) from port B of cell picorv32_baseline_a_wrapper.$techmap\u_core.pcpi_mul.$procmux$1652_CMP0 ($eq).
Removed top 1 bits (of 3) from port B of cell picorv32_baseline_a_wrapper.$techmap\u_core.pcpi_mul.$procmux$1647_CMP0 ($eq).
Removed top 3 bits (of 64) from mux cell picorv32_baseline_a_wrapper.$techmap\u_core.pcpi_mul.$procmux$1617 ($mux).
Removed top 32 bits (of 64) from mux cell picorv32_baseline_a_wrapper.$techmap\u_core.pcpi_mul.$ternary$../picorv32.v:2347$778 ($mux).
Removed top 31 bits (of 32) from port B of cell picorv32_baseline_a_wrapper.$techmap\u_core.pcpi_mul.$sub$../picorv32.v:2333$774 ($sub).
Removed top 25 bits (of 32) from port Y of cell picorv32_baseline_a_wrapper.$techmap\u_core.pcpi_mul.$sub$../picorv32.v:2333$774 ($sub).
Removed top 26 bits (of 32) from mux cell picorv32_baseline_a_wrapper.$techmap\u_core.pcpi_mul.$ternary$../picorv32.v:2325$772 ($mux).
Removed top 1 bits (of 5) from port Y of cell picorv32_baseline_a_wrapper.$techmap\u_core.pcpi_mul.$add$../picorv32.v:2299$766 ($add).
Removed top 1 bits (of 5) from port A of cell picorv32_baseline_a_wrapper.$techmap\u_core.pcpi_mul.$add$../picorv32.v:2299$766 ($add).
Removed top 1 bits (of 5) from port Y of cell picorv32_baseline_a_wrapper.$techmap\u_core.pcpi_mul.$add$../picorv32.v:2299$765 ($add).
Removed top 6 bits (of 7) from port B of cell picorv32_baseline_a_wrapper.$techmap\u_core.pcpi_mul.$eq$../picorv32.v:2261$730 ($eq).
Removed top 1 bits (of 7) from port B of cell picorv32_baseline_a_wrapper.$techmap\u_core.pcpi_mul.$eq$../picorv32.v:2261$728 ($eq).
Removed top 4 bits (of 8) from wire picorv32_baseline_a_wrapper.$techmap\u_core.$procmux$2701_Y.
Removed top 28 bits (of 32) from wire picorv32_baseline_a_wrapper.$techmap\u_core.$sub$../picorv32.v:1460$1400_Y.
Removed top 27 bits (of 32) from wire picorv32_baseline_a_wrapper.$techmap\u_core.$sub$../picorv32.v:1876$1521_Y.
Removed top 27 bits (of 32) from wire picorv32_baseline_a_wrapper.$techmap\u_core.$sub$../picorv32.v:1884$1528_Y.
Removed top 29 bits (of 32) from wire picorv32_baseline_a_wrapper.$techmap\u_core.$ternary$../picorv32.v:1351$1363_Y.
Removed top 1 bits (of 5) from wire picorv32_baseline_a_wrapper.$techmap\u_core.pcpi_mul.$add$../picorv32.v:2299$765_Y.
Removed top 3 bits (of 64) from wire picorv32_baseline_a_wrapper.$techmap\u_core.pcpi_mul.$procmux$1617_Y.
Removed top 18 bits (of 64) from wire picorv32_baseline_a_wrapper.$techmap\u_core.pcpi_mul.$procmux$1623_Y.
Removed top 25 bits (of 32) from wire picorv32_baseline_a_wrapper.$techmap\u_core.pcpi_mul.$sub$../picorv32.v:2333$774_Y.
Removed top 26 bits (of 32) from wire picorv32_baseline_a_wrapper.$techmap\u_core.pcpi_mul.$ternary$../picorv32.v:2325$772_Y.
Removed top 32 bits (of 64) from wire picorv32_baseline_a_wrapper.$techmap\u_core.pcpi_mul.$ternary$../picorv32.v:2347$778_Y.
Removed top 4 bits (of 64) from wire picorv32_baseline_a_wrapper.u_core.pcpi_mul.next_rdt.
Removed top 3 bits (of 64) from wire picorv32_baseline_a_wrapper.u_core.pcpi_mul.next_rdx.
Removed top 1 bits (of 64) from wire picorv32_baseline_a_wrapper.u_core.pcpi_mul.next_rs1.

4.12. Executing PEEPOPT pass (run peephole optimizers).

4.13. Executing OPT_CLEAN pass (remove unused cells and wires).
Finding unused cells or wires in module \picorv32_baseline_a_wrapper..
Removed 6 unused cells and 37 unused wires.
<suppressed ~7 debug messages>

4.14. Executing SHARE pass (SAT-based resource sharing).
Found 4 cells in module picorv32_baseline_a_wrapper that may be considered for resource sharing.
  Analyzing resource sharing options for $techmap\u_core.$sshr$../picorv32.v:1279$1585 ($sshr):
    Found 1 activation_patterns using ctrl signal $techmap\u_core.$logic_and$../picorv32.v:1316$1354_Y.
    No candidates found.
  Analyzing resource sharing options for $techmap\u_core.$shl$../picorv32.v:1278$1582 ($shl):
    Found 1 activation_patterns using ctrl signal $techmap\u_core.$logic_and$../picorv32.v:1314$1350_Y.
    No candidates found.
  Analyzing resource sharing options for $techmap\u_core.$memrd$\cpuregs$../picorv32.v:1387$1383 ($memrd):
    Found 4 activation_patterns using ctrl signal { $auto$opt_reduce.cc:132:opt_mux$4695 \u_core.is_lui_auipc_jal $techmap\u_core.$reduce_bool$../picorv32.v:1387$1384_Y $techmap\u_core.$procmux$1737_CMP $techmap\u_core.$procmux$1738_CMP $techmap\u_core.$procmux$2408_CTRL \resetn }.
    Found 1 candidates: $techmap\u_core.$memrd$\cpuregs$../picorv32.v:1386$1380
    Analyzing resource sharing with $techmap\u_core.$memrd$\cpuregs$../picorv32.v:1386$1380 ($memrd):
      Found 1 activation_patterns using ctrl signal { \u_core.is_lui_auipc_jal \u_core.is_rdcycle_rdcycleh_rdinstr_rdinstrh $techmap\u_core.$reduce_bool$../picorv32.v:1386$1381_Y $techmap\u_core.$procmux$1738_CMP \resetn }.
      Activation pattern for cell $techmap\u_core.$memrd$\cpuregs$../picorv32.v:1387$1383: { $auto$opt_reduce.cc:132:opt_mux$4695 \u_core.is_lui_auipc_jal $techmap\u_core.$reduce_bool$../picorv32.v:1387$1384_Y $techmap\u_core.$procmux$1738_CMP $techmap\u_core.$procmux$2408_CTRL \resetn } = 6'001101
      Activation pattern for cell $techmap\u_core.$memrd$\cpuregs$../picorv32.v:1387$1383: { $techmap\u_core.$reduce_bool$../picorv32.v:1387$1384_Y $techmap\u_core.$procmux$1737_CMP \resetn } = 3'111
      Activation pattern for cell $techmap\u_core.$memrd$\cpuregs$../picorv32.v:1387$1383: { $techmap\u_core.$reduce_bool$../picorv32.v:1387$1384_Y $techmap\u_core.$procmux$1738_CMP } = 2'11
      Activation pattern for cell $techmap\u_core.$memrd$\cpuregs$../picorv32.v:1387$1383: { $techmap\u_core.$reduce_bool$../picorv32.v:1387$1384_Y $techmap\u_core.$procmux$1737_CMP } = 2'11
      Activation pattern for cell $techmap\u_core.$memrd$\cpuregs$../picorv32.v:1386$1380: { \u_core.is_lui_auipc_jal \u_core.is_rdcycle_rdcycleh_rdinstr_rdinstrh $techmap\u_core.$reduce_bool$../picorv32.v:1386$1381_Y $techmap\u_core.$procmux$1738_CMP \resetn } = 5'00111
      Adding exclusive control bits: $techmap\u_core.$procmux$1738_CMP vs. $techmap\u_core.$procmux$1737_CMP
      Adding exclusive control bits: \u_core.is_rdcycle_rdcycleh_rdinstr_rdinstrh vs. \u_core.instr_trap
      Adding exclusive control bits: \u_core.instr_rdinstrh vs. \u_core.instr_rdinstr
      Adding exclusive control bits: \u_core.instr_rdinstrh vs. \u_core.instr_rdcycleh
      Adding exclusive control bits: \u_core.instr_rdinstrh vs. \u_core.instr_rdcycle
      Adding exclusive control bits: \u_core.instr_rdinstr vs. \u_core.instr_rdcycleh
      Adding exclusive control bits: \u_core.instr_rdinstr vs. \u_core.instr_rdcycle
      Adding exclusive control bits: \u_core.instr_rdcycleh vs. \u_core.instr_rdcycle
      Adding exclusive control bits: $techmap\u_core.$procmux$1738_CMP vs. $techmap\u_core.$procmux$1737_CMP
      Adding exclusive control bits: $techmap\u_core.$procmux$1738_CMP vs. $techmap\u_core.$procmux$1737_CMP
      Adding exclusive control bits: \u_core.is_rdcycle_rdcycleh_rdinstr_rdinstrh vs. \u_core.instr_trap
      Adding exclusive control bits: $techmap\u_core.$procmux$1738_CMP vs. $techmap\u_core.$procmux$1737_CMP
      Adding exclusive control bits: $techmap\u_core.$logic_and$../picorv32.v:1730$1481_Y vs. \u_core.is_rdcycle_rdcycleh_rdinstr_rdinstrh
      Adding exclusive control bits: $techmap\u_core.$logic_and$../picorv32.v:1730$1481_Y vs. \u_core.instr_trap
      Adding exclusive control bits: \u_core.is_rdcycle_rdcycleh_rdinstr_rdinstrh vs. \u_core.instr_trap
      Adding exclusive control bits: $techmap\u_core.$procmux$1738_CMP vs. $techmap\u_core.$procmux$1737_CMP
      Adding exclusive control bits: $techmap\u_core.$logic_and$../picorv32.v:1730$1481_Y vs. \u_core.is_rdcycle_rdcycleh_rdinstr_rdinstrh
      Adding exclusive control bits: $techmap\u_core.$logic_and$../picorv32.v:1730$1481_Y vs. \u_core.instr_trap
      Adding exclusive control bits: \u_core.is_rdcycle_rdcycleh_rdinstr_rdinstrh vs. \u_core.instr_trap
      Adding exclusive control bits: \u_core.instr_sw vs. \u_core.instr_sh
      Adding exclusive control bits: \u_core.instr_sw vs. \u_core.instr_sb
      Adding exclusive control bits: \u_core.instr_sh vs. \u_core.instr_sb
      Adding exclusive control bits: $techmap\u_core.$procmux$1738_CMP vs. $techmap\u_core.$procmux$1737_CMP
      Adding exclusive control bits: $techmap\u_core.$procmux$2408_CTRL vs. $auto$opt_reduce.cc:132:opt_mux$4695
      Adding exclusive control bits: $techmap\u_core.$procmux$2408_CTRL vs. \u_core.is_lui_auipc_jal
      Adding exclusive control bits: \u_core.is_lui_auipc_jal vs. $auto$opt_reduce.cc:132:opt_mux$4695
      Adding exclusive control bits: \u_core.is_rdcycle_rdcycleh_rdinstr_rdinstrh vs. \u_core.is_lui_auipc_jal
      Adding exclusive control bits: \u_core.instr_bgeu vs. \u_core.instr_bge
      Adding exclusive control bits: \u_core.instr_bgeu vs. \u_core.instr_bne
      Adding exclusive control bits: \u_core.instr_bgeu vs. \u_core.instr_beq
      Adding exclusive control bits: \u_core.instr_bge vs. \u_core.instr_bne
      Adding exclusive control bits: \u_core.instr_bge vs. \u_core.instr_beq
      Adding exclusive control bits: \u_core.instr_bne vs. \u_core.instr_beq
      Size of SAT problem: 10 cells, 198 variables, 490 clauses
      According to the SAT solver this pair of cells can not be shared.
      Model from SAT solver: { $auto$opt_reduce.cc:132:opt_mux$4695 \u_core.is_lui_auipc_jal \u_core.is_rdcycle_rdcycleh_rdinstr_rdinstrh $techmap\u_core.$reduce_bool$../picorv32.v:1386$1381_Y $techmap\u_core.$reduce_bool$../picorv32.v:1387$1384_Y $techmap\u_core.$procmux$1737_CMP $techmap\u_core.$procmux$1738_CMP $techmap\u_core.$procmux$2408_CTRL \resetn } = 9'000110101
  Analyzing resource sharing options for $techmap\u_core.$memrd$\cpuregs$../picorv32.v:1386$1380 ($memrd):
    Found 1 activation_patterns using ctrl signal { \u_core.is_lui_auipc_jal \u_core.is_rdcycle_rdcycleh_rdinstr_rdinstrh $techmap\u_core.$reduce_bool$../picorv32.v:1386$1381_Y $techmap\u_core.$procmux$1738_CMP \resetn }.
    No candidates found.

4.15. Executing TECHMAP pass (map to technology primitives).

4.15.1. Executing Verilog-2005 frontend: /usr/bin/../share/yosys/cmp2lut.v
Parsing Verilog input from `/usr/bin/../share/yosys/cmp2lut.v' to AST representation.
Generating RTLIL representation for module `\_90_lut_cmp_'.
Successfully finished Verilog frontend.

4.15.2. Continuing TECHMAP pass.
Using template $paramod$99e5b0ecd4c7f9fb6cd3a733593eba894c42613f\_90_lut_cmp_ for cells of type $eq.
Using template $paramod$6816abac91a51b405c3de5bceb2855c03dd44485\_90_lut_cmp_ for cells of type $eq.
Using template $paramod$0760830c1e6c196382cd2cb153e9fff2d84c061d\_90_lut_cmp_ for cells of type $eq.
Using template $paramod$169bae89c32dcc6f3626d16cf9f47ceb469145db\_90_lut_cmp_ for cells of type $eq.
Using template $paramod$4cde4291caf5aa85a196975f3624151774a86d78\_90_lut_cmp_ for cells of type $eq.
Using template $paramod$77ad031fce233083715243f95e3cd2547d931e42\_90_lut_cmp_ for cells of type $eq.
Using template $paramod$5b7c8f37cb386acdf3ce7e528c09e6d15eb51b72\_90_lut_cmp_ for cells of type $eq.
Using template $paramod$5652dda64580ddd7861fd245e644fd33eae2e158\_90_lut_cmp_ for cells of type $eq.
Using template $paramod$d31416a5863a8a220e16d7940a75ab70541ab32a\_90_lut_cmp_ for cells of type $eq.
Using template $paramod$d87a48a4cd82717ae6bd57e6fe5ce90d87c44016\_90_lut_cmp_ for cells of type $eq.
No more expansions possible.
<suppressed ~713 debug messages>

4.16. Executing OPT_EXPR pass (perform const folding).
Optimizing module picorv32_baseline_a_wrapper.

4.17. Executing OPT_CLEAN pass (remove unused cells and wires).
Finding unused cells or wires in module \picorv32_baseline_a_wrapper..
Removed 0 unused cells and 45 unused wires.
<suppressed ~1 debug messages>

4.18. Executing ICE40_DSP pass (map multipliers).

4.19. Executing ALUMACC pass (create $alu and $macc cells).
Extracting $alu and $macc cells in module picorv32_baseline_a_wrapper:
  creating $macc model for $techmap\u_core.$add$../picorv32.v:1257$1576 ($add).
  creating $macc model for $techmap\u_core.$add$../picorv32.v:1351$1364 ($add).
  creating $macc model for $techmap\u_core.$add$../picorv32.v:1467$1402 ($add).
  creating $macc model for $techmap\u_core.$add$../picorv32.v:1594$1454 ($add).
  creating $macc model for $techmap\u_core.$add$../picorv32.v:1598$1455 ($add).
  creating $macc model for $techmap\u_core.$add$../picorv32.v:1603$1456 ($add).
  creating $macc model for $techmap\u_core.$add$../picorv32.v:1840$1504 ($add).
  creating $macc model for $techmap\u_core.$add$../picorv32.v:1903$1532 ($add).
  creating $macc model for $techmap\u_core.$sub$../picorv32.v:1258$1577 ($sub).
  creating $macc model for $techmap\u_core.$sub$../picorv32.v:1460$1400 ($sub).
  creating $macc model for $techmap\u_core.$sub$../picorv32.v:1876$1521 ($sub).
  creating $macc model for $techmap\u_core.$sub$../picorv32.v:1884$1528 ($sub).
  creating $macc model for $techmap\u_core.pcpi_mul.$add$../picorv32.v:2299$735 ($add).
  creating $macc model for $techmap\u_core.pcpi_mul.$add$../picorv32.v:2299$736 ($add).
  creating $macc model for $techmap\u_core.pcpi_mul.$add$../picorv32.v:2299$737 ($add).
  creating $macc model for $techmap\u_core.pcpi_mul.$add$../picorv32.v:2299$738 ($add).
  creating $macc model for $techmap\u_core.pcpi_mul.$add$../picorv32.v:2299$739 ($add).
  creating $macc model for $techmap\u_core.pcpi_mul.$add$../picorv32.v:2299$740 ($add).
  creating $macc model for $techmap\u_core.pcpi_mul.$add$../picorv32.v:2299$741 ($add).
  creating $macc model for $techmap\u_core.pcpi_mul.$add$../picorv32.v:2299$742 ($add).
  creating $macc model for $techmap\u_core.pcpi_mul.$add$../picorv32.v:2299$743 ($add).
  creating $macc model for $techmap\u_core.pcpi_mul.$add$../picorv32.v:2299$744 ($add).
  creating $macc model for $techmap\u_core.pcpi_mul.$add$../picorv32.v:2299$745 ($add).
  creating $macc model for $techmap\u_core.pcpi_mul.$add$../picorv32.v:2299$746 ($add).
  creating $macc model for $techmap\u_core.pcpi_mul.$add$../picorv32.v:2299$747 ($add).
  creating $macc model for $techmap\u_core.pcpi_mul.$add$../picorv32.v:2299$748 ($add).
  creating $macc model for $techmap\u_core.pcpi_mul.$add$../picorv32.v:2299$749 ($add).
  creating $macc model for $techmap\u_core.pcpi_mul.$add$../picorv32.v:2299$750 ($add).
  creating $macc model for $techmap\u_core.pcpi_mul.$add$../picorv32.v:2299$751 ($add).
  creating $macc model for $techmap\u_core.pcpi_mul.$add$../picorv32.v:2299$752 ($add).
  creating $macc model for $techmap\u_core.pcpi_mul.$add$../picorv32.v:2299$753 ($add).
  creating $macc model for $techmap\u_core.pcpi_mul.$add$../picorv32.v:2299$754 ($add).
  creating $macc model for $techmap\u_core.pcpi_mul.$add$../picorv32.v:2299$755 ($add).
  creating $macc model for $techmap\u_core.pcpi_mul.$add$../picorv32.v:2299$756 ($add).
  creating $macc model for $techmap\u_core.pcpi_mul.$add$../picorv32.v:2299$757 ($add).
  creating $macc model for $techmap\u_core.pcpi_mul.$add$../picorv32.v:2299$758 ($add).
  creating $macc model for $techmap\u_core.pcpi_mul.$add$../picorv32.v:2299$759 ($add).
  creating $macc model for $techmap\u_core.pcpi_mul.$add$../picorv32.v:2299$760 ($add).
  creating $macc model for $techmap\u_core.pcpi_mul.$add$../picorv32.v:2299$761 ($add).
  creating $macc model for $techmap\u_core.pcpi_mul.$add$../picorv32.v:2299$762 ($add).
  creating $macc model for $techmap\u_core.pcpi_mul.$add$../picorv32.v:2299$763 ($add).
  creating $macc model for $techmap\u_core.pcpi_mul.$add$../picorv32.v:2299$764 ($add).
  creating $macc model for $techmap\u_core.pcpi_mul.$add$../picorv32.v:2299$765 ($add).
  creating $macc model for $techmap\u_core.pcpi_mul.$add$../picorv32.v:2299$766 ($add).
  creating $macc model for $techmap\u_core.pcpi_mul.$sub$../picorv32.v:2333$774 ($sub).
  merging $macc model for $techmap\u_core.pcpi_mul.$add$../picorv32.v:2299$765 into $techmap\u_core.pcpi_mul.$add$../picorv32.v:2299$766.
  merging $macc model for $techmap\u_core.pcpi_mul.$add$../picorv32.v:2299$763 into $techmap\u_core.pcpi_mul.$add$../picorv32.v:2299$764.
  merging $macc model for $techmap\u_core.pcpi_mul.$add$../picorv32.v:2299$761 into $techmap\u_core.pcpi_mul.$add$../picorv32.v:2299$762.
  merging $macc model for $techmap\u_core.pcpi_mul.$add$../picorv32.v:2299$759 into $techmap\u_core.pcpi_mul.$add$../picorv32.v:2299$760.
  merging $macc model for $techmap\u_core.pcpi_mul.$add$../picorv32.v:2299$757 into $techmap\u_core.pcpi_mul.$add$../picorv32.v:2299$758.
  merging $macc model for $techmap\u_core.pcpi_mul.$add$../picorv32.v:2299$755 into $techmap\u_core.pcpi_mul.$add$../picorv32.v:2299$756.
  merging $macc model for $techmap\u_core.pcpi_mul.$add$../picorv32.v:2299$753 into $techmap\u_core.pcpi_mul.$add$../picorv32.v:2299$754.
  merging $macc model for $techmap\u_core.pcpi_mul.$add$../picorv32.v:2299$751 into $techmap\u_core.pcpi_mul.$add$../picorv32.v:2299$752.
  merging $macc model for $techmap\u_core.pcpi_mul.$add$../picorv32.v:2299$749 into $techmap\u_core.pcpi_mul.$add$../picorv32.v:2299$750.
  merging $macc model for $techmap\u_core.pcpi_mul.$add$../picorv32.v:2299$747 into $techmap\u_core.pcpi_mul.$add$../picorv32.v:2299$748.
  merging $macc model for $techmap\u_core.pcpi_mul.$add$../picorv32.v:2299$745 into $techmap\u_core.pcpi_mul.$add$../picorv32.v:2299$746.
  merging $macc model for $techmap\u_core.pcpi_mul.$add$../picorv32.v:2299$743 into $techmap\u_core.pcpi_mul.$add$../picorv32.v:2299$744.
  merging $macc model for $techmap\u_core.pcpi_mul.$add$../picorv32.v:2299$741 into $techmap\u_core.pcpi_mul.$add$../picorv32.v:2299$742.
  merging $macc model for $techmap\u_core.pcpi_mul.$add$../picorv32.v:2299$739 into $techmap\u_core.pcpi_mul.$add$../picorv32.v:2299$740.
  merging $macc model for $techmap\u_core.pcpi_mul.$add$../picorv32.v:2299$737 into $techmap\u_core.pcpi_mul.$add$../picorv32.v:2299$738.
  merging $macc model for $techmap\u_core.pcpi_mul.$add$../picorv32.v:2299$735 into $techmap\u_core.pcpi_mul.$add$../picorv32.v:2299$736.
  creating $alu model for $macc $techmap\u_core.pcpi_mul.$sub$../picorv32.v:2333$774.
  creating $alu model for $macc $techmap\u_core.$sub$../picorv32.v:1884$1528.
  creating $alu model for $macc $techmap\u_core.$sub$../picorv32.v:1876$1521.
  creating $alu model for $macc $techmap\u_core.$sub$../picorv32.v:1460$1400.
  creating $alu model for $macc $techmap\u_core.$sub$../picorv32.v:1258$1577.
  creating $alu model for $macc $techmap\u_core.$add$../picorv32.v:1903$1532.
  creating $alu model for $macc $techmap\u_core.$add$../picorv32.v:1840$1504.
  creating $alu model for $macc $techmap\u_core.$add$../picorv32.v:1603$1456.
  creating $alu model for $macc $techmap\u_core.$add$../picorv32.v:1598$1455.
  creating $alu model for $macc $techmap\u_core.$add$../picorv32.v:1594$1454.
  creating $alu model for $macc $techmap\u_core.$add$../picorv32.v:1467$1402.
  creating $alu model for $macc $techmap\u_core.$add$../picorv32.v:1351$1364.
  creating $alu model for $macc $techmap\u_core.$add$../picorv32.v:1257$1576.
  creating $macc cell for $techmap\u_core.pcpi_mul.$add$../picorv32.v:2299$738: $auto$alumacc.cc:354:replace_macc$4753
  creating $macc cell for $techmap\u_core.pcpi_mul.$add$../picorv32.v:2299$766: $auto$alumacc.cc:354:replace_macc$4754
  creating $macc cell for $techmap\u_core.pcpi_mul.$add$../picorv32.v:2299$736: $auto$alumacc.cc:354:replace_macc$4755
  creating $macc cell for $techmap\u_core.pcpi_mul.$add$../picorv32.v:2299$752: $auto$alumacc.cc:354:replace_macc$4756
  creating $macc cell for $techmap\u_core.pcpi_mul.$add$../picorv32.v:2299$740: $auto$alumacc.cc:354:replace_macc$4757
  creating $macc cell for $techmap\u_core.pcpi_mul.$add$../picorv32.v:2299$764: $auto$alumacc.cc:354:replace_macc$4758
  creating $macc cell for $techmap\u_core.pcpi_mul.$add$../picorv32.v:2299$742: $auto$alumacc.cc:354:replace_macc$4759
  creating $macc cell for $techmap\u_core.pcpi_mul.$add$../picorv32.v:2299$758: $auto$alumacc.cc:354:replace_macc$4760
  creating $macc cell for $techmap\u_core.pcpi_mul.$add$../picorv32.v:2299$744: $auto$alumacc.cc:354:replace_macc$4761
  creating $macc cell for $techmap\u_core.pcpi_mul.$add$../picorv32.v:2299$762: $auto$alumacc.cc:354:replace_macc$4762
  creating $macc cell for $techmap\u_core.pcpi_mul.$add$../picorv32.v:2299$746: $auto$alumacc.cc:354:replace_macc$4763
  creating $macc cell for $techmap\u_core.pcpi_mul.$add$../picorv32.v:2299$754: $auto$alumacc.cc:354:replace_macc$4764
  creating $macc cell for $techmap\u_core.pcpi_mul.$add$../picorv32.v:2299$748: $auto$alumacc.cc:354:replace_macc$4765
  creating $macc cell for $techmap\u_core.pcpi_mul.$add$../picorv32.v:2299$760: $auto$alumacc.cc:354:replace_macc$4766
  creating $macc cell for $techmap\u_core.pcpi_mul.$add$../picorv32.v:2299$750: $auto$alumacc.cc:354:replace_macc$4767
  creating $macc cell for $techmap\u_core.pcpi_mul.$add$../picorv32.v:2299$756: $auto$alumacc.cc:354:replace_macc$4768
  creating $alu model for $techmap\u_core.$ge$../picorv32.v:1869$1513 ($ge): new $alu
  creating $alu model for $techmap\u_core.$lt$../picorv32.v:1276$1580 ($lt): new $alu
  creating $alu model for $techmap\u_core.$lt$../picorv32.v:1277$1581 ($lt): merged with $techmap\u_core.$sub$../picorv32.v:1258$1577.
  creating $alu model for $techmap\u_core.$eq$../picorv32.v:1275$1579 ($eq): merged with $techmap\u_core.$sub$../picorv32.v:1258$1577.
  creating $alu cell for $techmap\u_core.$ge$../picorv32.v:1869$1513: $auto$alumacc.cc:474:replace_alu$4771
  creating $alu cell for $techmap\u_core.$add$../picorv32.v:1351$1364: $auto$alumacc.cc:474:replace_alu$4780
  creating $alu cell for $techmap\u_core.$add$../picorv32.v:1467$1402: $auto$alumacc.cc:474:replace_alu$4783
  creating $alu cell for $techmap\u_core.$add$../picorv32.v:1594$1454: $auto$alumacc.cc:474:replace_alu$4786
  creating $alu cell for $techmap\u_core.$add$../picorv32.v:1598$1455: $auto$alumacc.cc:474:replace_alu$4789
  creating $alu cell for $techmap\u_core.$add$../picorv32.v:1603$1456: $auto$alumacc.cc:474:replace_alu$4792
  creating $alu cell for $techmap\u_core.$add$../picorv32.v:1840$1504: $auto$alumacc.cc:474:replace_alu$4795
  creating $alu cell for $techmap\u_core.$add$../picorv32.v:1903$1532: $auto$alumacc.cc:474:replace_alu$4798
  creating $alu cell for $techmap\u_core.$lt$../picorv32.v:1276$1580: $auto$alumacc.cc:474:replace_alu$4801
  creating $alu cell for $techmap\u_core.$add$../picorv32.v:1257$1576: $auto$alumacc.cc:474:replace_alu$4808
  creating $alu cell for $techmap\u_core.$sub$../picorv32.v:1258$1577, $techmap\u_core.$lt$../picorv32.v:1277$1581, $techmap\u_core.$eq$../picorv32.v:1275$1579: $auto$alumacc.cc:474:replace_alu$4811
  creating $alu cell for $techmap\u_core.$sub$../picorv32.v:1460$1400: $auto$alumacc.cc:474:replace_alu$4818
  creating $alu cell for $techmap\u_core.$sub$../picorv32.v:1876$1521: $auto$alumacc.cc:474:replace_alu$4821
  creating $alu cell for $techmap\u_core.$sub$../picorv32.v:1884$1528: $auto$alumacc.cc:474:replace_alu$4824
  creating $alu cell for $techmap\u_core.pcpi_mul.$sub$../picorv32.v:2333$774: $auto$alumacc.cc:474:replace_alu$4827
  created 15 $alu and 16 $macc cells.

4.20. Executing OPT pass (performing simple optimizations).

4.20.1. Executing OPT_EXPR pass (perform const folding).
Optimizing module picorv32_baseline_a_wrapper.
<suppressed ~1 debug messages>

4.20.2. Executing OPT_MERGE pass (detect identical cells).
Finding identical cells in module `\picorv32_baseline_a_wrapper'.
Removed a total of 0 cells.

4.20.3. Executing OPT_MUXTREE pass (detect dead branches in mux trees).
Running muxtree optimizer on module \picorv32_baseline_a_wrapper..
  Creating internal representation of mux trees.
  Evaluating internal representation of mux trees.
  Analyzing evaluation results.
Removed 0 multiplexer ports.
<suppressed ~147 debug messages>

4.20.4. Executing OPT_REDUCE pass (consolidate $*mux and $reduce_* inputs).
  Optimizing cells in module \picorv32_baseline_a_wrapper.
    New input vector for $reduce_or cell $auto$alumacc.cc:509:replace_alu$4778: { $auto$rtlil.cc:1832:Not$4775 $auto$rtlil.cc:1835:ReduceAnd$4777 }
    New input vector for $reduce_and cell $auto$alumacc.cc:64:get_eq$4816: { $auto$alumacc.cc:490:replace_alu$4812 [0] $auto$alumacc.cc:490:replace_alu$4812 [1] $auto$alumacc.cc:490:replace_alu$4812 [2] $auto$alumacc.cc:490:replace_alu$4812 [3] $auto$alumacc.cc:490:replace_alu$4812 [4] $auto$alumacc.cc:490:replace_alu$4812 [5] $auto$alumacc.cc:490:replace_alu$4812 [6] $auto$alumacc.cc:490:replace_alu$4812 [7] $auto$alumacc.cc:490:replace_alu$4812 [8] $auto$alumacc.cc:490:replace_alu$4812 [9] $auto$alumacc.cc:490:replace_alu$4812 [10] $auto$alumacc.cc:490:replace_alu$4812 [11] $auto$alumacc.cc:490:replace_alu$4812 [12] $auto$alumacc.cc:490:replace_alu$4812 [13] $auto$alumacc.cc:490:replace_alu$4812 [14] $auto$alumacc.cc:490:replace_alu$4812 [15] $auto$alumacc.cc:490:replace_alu$4812 [16] $auto$alumacc.cc:490:replace_alu$4812 [17] $auto$alumacc.cc:490:replace_alu$4812 [18] $auto$alumacc.cc:490:replace_alu$4812 [19] $auto$alumacc.cc:490:replace_alu$4812 [20] $auto$alumacc.cc:490:replace_alu$4812 [21] $auto$alumacc.cc:490:replace_alu$4812 [22] $auto$alumacc.cc:490:replace_alu$4812 [23] $auto$alumacc.cc:490:replace_alu$4812 [24] $auto$alumacc.cc:490:replace_alu$4812 [25] $auto$alumacc.cc:490:replace_alu$4812 [26] $auto$alumacc.cc:490:replace_alu$4812 [27] $auto$alumacc.cc:490:replace_alu$4812 [28] $auto$alumacc.cc:490:replace_alu$4812 [29] $auto$alumacc.cc:490:replace_alu$4812 [30] $auto$alumacc.cc:490:replace_alu$4812 [31] }
    New input vector for $reduce_and cell $auto$alumacc.cc:64:get_eq$4776: { $auto$alumacc.cc:490:replace_alu$4772 [0] $auto$alumacc.cc:490:replace_alu$4772 [1] $auto$alumacc.cc:490:replace_alu$4772 [2] $auto$alumacc.cc:490:replace_alu$4772 [3] $auto$alumacc.cc:490:replace_alu$4772 [4] }
    New ctrl vector for $pmux cell $techmap\u_core.$procmux$2403: { $auto$opt_reduce.cc:132:opt_mux$4831 $techmap\u_core.$procmux$2124_CMP }
    New ctrl vector for $pmux cell $techmap\u_core.$procmux$4477: $auto$opt_reduce.cc:132:opt_mux$4833
    New input vector for $reduce_or cell $auto$opt_reduce.cc:126:opt_mux$4832: { $techmap\u_core.$procmux$4468_CMP $techmap\u_core.$eq$../picorv32.v:1964$1553_Y $techmap\u_core.$eq$../picorv32.v:1957$1546_Y }
  Optimizing cells in module \picorv32_baseline_a_wrapper.
Performed a total of 6 changes.

4.20.5. Executing OPT_MERGE pass (detect identical cells).
Finding identical cells in module `\picorv32_baseline_a_wrapper'.
Removed a total of 0 cells.

4.20.6. Executing OPT_RMDFF pass (remove dff with constant values).

4.20.7. Executing OPT_CLEAN pass (remove unused cells and wires).
Finding unused cells or wires in module \picorv32_baseline_a_wrapper..
Removed 17 unused cells and 22 unused wires.
<suppressed ~18 debug messages>

4.20.8. Executing OPT_EXPR pass (perform const folding).
Optimizing module picorv32_baseline_a_wrapper.

4.20.9. Rerunning OPT passes. (Maybe there is more to do..)

4.20.10. Executing OPT_MUXTREE pass (detect dead branches in mux trees).
Running muxtree optimizer on module \picorv32_baseline_a_wrapper..
  Creating internal representation of mux trees.
  Evaluating internal representation of mux trees.
  Analyzing evaluation results.
Removed 0 multiplexer ports.
<suppressed ~147 debug messages>

4.20.11. Executing OPT_REDUCE pass (consolidate $*mux and $reduce_* inputs).
  Optimizing cells in module \picorv32_baseline_a_wrapper.
Performed a total of 0 changes.

4.20.12. Executing OPT_MERGE pass (detect identical cells).
Finding identical cells in module `\picorv32_baseline_a_wrapper'.
<suppressed ~3 debug messages>
Removed a total of 1 cells.

4.20.13. Executing OPT_RMDFF pass (remove dff with constant values).

4.20.14. Executing OPT_CLEAN pass (remove unused cells and wires).
Finding unused cells or wires in module \picorv32_baseline_a_wrapper..
Removed 0 unused cells and 1 unused wires.
<suppressed ~1 debug messages>

4.20.15. Executing OPT_EXPR pass (perform const folding).
Optimizing module picorv32_baseline_a_wrapper.

4.20.16. Rerunning OPT passes. (Maybe there is more to do..)

4.20.17. Executing OPT_MUXTREE pass (detect dead branches in mux trees).
Running muxtree optimizer on module \picorv32_baseline_a_wrapper..
  Creating internal representation of mux trees.
  Evaluating internal representation of mux trees.
  Analyzing evaluation results.
Removed 0 multiplexer ports.
<suppressed ~147 debug messages>

4.20.18. Executing OPT_REDUCE pass (consolidate $*mux and $reduce_* inputs).
  Optimizing cells in module \picorv32_baseline_a_wrapper.
Performed a total of 0 changes.

4.20.19. Executing OPT_MERGE pass (detect identical cells).
Finding identical cells in module `\picorv32_baseline_a_wrapper'.
Removed a total of 0 cells.

4.20.20. Executing OPT_RMDFF pass (remove dff with constant values).

4.20.21. Executing OPT_CLEAN pass (remove unused cells and wires).
Finding unused cells or wires in module \picorv32_baseline_a_wrapper..

4.20.22. Executing OPT_EXPR pass (perform const folding).
Optimizing module picorv32_baseline_a_wrapper.

4.20.23. Finished OPT passes. (There is nothing left to do.)

4.21. Executing FSM pass (extract and optimize FSM).

4.21.1. Executing FSM_DETECT pass (finding FSMs in design).
Found FSM state register picorv32_baseline_a_wrapper.u_core.cpu_state.
Not marking picorv32_baseline_a_wrapper.u_core.mem_state as FSM state register:
    Users of register don't seem to benefit from recoding.
Not marking picorv32_baseline_a_wrapper.u_core.mem_wordsize as FSM state register:
    Users of register don't seem to benefit from recoding.

4.21.2. Executing FSM_EXTRACT pass (extracting FSM from design).
Extracting FSM `\u_core.cpu_state' from module `\picorv32_baseline_a_wrapper'.
  found $dff cell for state register: $techmap\u_core.$procdff$4555
  root of input selection tree: $techmap\u_core.$0\cpu_state[7:0]
  found reset state: 8'10000000 (guessed from mux tree)
  found ctrl input: $techmap\u_core.$logic_and$../picorv32.v:1972$1564_Y
  found ctrl input: $techmap\u_core.$logic_and$../picorv32.v:1956$1545_Y
  found ctrl input: \resetn
  found state code: 8'01000000
  found ctrl input: $auto$opt_reduce.cc:132:opt_mux$4705
  found ctrl input: $techmap\u_core.$procmux$2124_CMP
  found ctrl input: $techmap\u_core.$procmux$1776_CMP
  found ctrl input: $techmap\u_core.$procmux$1737_CMP
  found ctrl input: $techmap\u_core.$procmux$1738_CMP
  found ctrl input: $techmap\u_core.$eq$../picorv32.v:1347$1362_Y
  found ctrl input: $techmap\u_core.$logic_or$../picorv32.v:1891$1530_Y
  found ctrl input: $techmap\u_core.$logic_and$../picorv32.v:1906$1534_Y
  found ctrl input: $techmap\u_core.$eq$../picorv32.v:1865$1512_Y
  found ctrl input: \u_core.is_beq_bne_blt_bge_bltu_bgeu
  found ctrl input: \u_core.mem_done
  found ctrl input: \u_core.is_sb_sh_sw
  found ctrl input: \u_core.instr_trap
  found state code: 8'00001000
  found state code: 8'00000010
  found ctrl input: \u_core.pcpi_mul.pcpi_wr
  found ctrl input: $techmap\u_core.$logic_and$../picorv32.v:1639$1462_Y
  found state code: 8'10000000
  found ctrl input: $auto$opt_reduce.cc:132:opt_mux$4691
  found ctrl input: $techmap\u_core.$logic_and$../picorv32.v:1730$1481_Y
  found ctrl input: \u_core.is_rdcycle_rdcycleh_rdinstr_rdinstrh
  found state code: 8'00000001
  found ctrl input: \u_core.decoder_trigger
  found ctrl input: \u_core.instr_jal
  found state code: 8'00100000
  found ctrl input: $techmap\u_core.$logic_and$../picorv32.v:1964$1555_Y
  found ctrl input: $techmap\u_core.$logic_and$../picorv32.v:1957$1548_Y
  found ctrl output: $techmap\u_core.$procmux$2129_CMP
  found ctrl output: $techmap\u_core.$procmux$2124_CMP
  found ctrl output: $techmap\u_core.$procmux$1776_CMP
  found ctrl output: $techmap\u_core.$procmux$1749_CMP
  found ctrl output: $techmap\u_core.$procmux$1738_CMP
  found ctrl output: $techmap\u_core.$procmux$1737_CMP
  found ctrl output: $techmap\u_core.$procmux$1727_CMP
  found ctrl output: $techmap\u_core.$eq$../picorv32.v:1347$1362_Y
  ctrl inputs: { \u_core.pcpi_mul.pcpi_wr $auto$opt_reduce.cc:132:opt_mux$4705 $auto$opt_reduce.cc:132:opt_mux$4691 \u_core.mem_done \u_core.instr_jal \u_core.instr_trap \u_core.decoder_trigger \u_core.is_sb_sh_sw \u_core.is_beq_bne_blt_bge_bltu_bgeu \u_core.is_rdcycle_rdcycleh_rdinstr_rdinstrh $techmap\u_core.$logic_and$../picorv32.v:1639$1462_Y $techmap\u_core.$logic_and$../picorv32.v:1730$1481_Y $techmap\u_core.$eq$../picorv32.v:1865$1512_Y $techmap\u_core.$logic_or$../picorv32.v:1891$1530_Y $techmap\u_core.$logic_and$../picorv32.v:1906$1534_Y $techmap\u_core.$logic_and$../picorv32.v:1956$1545_Y $techmap\u_core.$logic_and$../picorv32.v:1957$1548_Y $techmap\u_core.$logic_and$../picorv32.v:1964$1555_Y $techmap\u_core.$logic_and$../picorv32.v:1972$1564_Y \resetn }
  ctrl outputs: { $techmap\u_core.$eq$../picorv32.v:1347$1362_Y $techmap\u_core.$0\cpu_state[7:0] $techmap\u_core.$procmux$1727_CMP $techmap\u_core.$procmux$1737_CMP $techmap\u_core.$procmux$1738_CMP $techmap\u_core.$procmux$1749_CMP $techmap\u_core.$procmux$1776_CMP $techmap\u_core.$procmux$2124_CMP $techmap\u_core.$procmux$2129_CMP }
  transition: 8'10000000 20'---------------0--00 -> 8'01000000 16'0010000000000001
  transition: 8'10000000 20'---------------0--01 -> 8'10000000 16'0100000000000001
  transition: 8'10000000 20'---------------10000 -> 8'01000000 16'0010000000000001
  transition: 8'10000000 20'---------------10001 -> 8'10000000 16'0100000000000001
  transition: 8'10000000 20'---------------1100- -> 8'10000000 16'0100000000000001
  transition: 8'10000000 20'---------------1-10- -> 8'10000000 16'0100000000000001
  transition: 8'10000000 20'------------------1- -> 8'10000000 16'0100000000000001
  transition: 8'01000000 20'---------------0--00 -> 8'01000000 16'1010000000000000
  transition: 8'01000000 20'------0--------0--01 -> 8'01000000 16'1010000000000000
  transition: 8'01000000 20'----0-1--------0--01 -> 8'00100000 16'1001000000000000
  transition: 8'01000000 20'----1-1--------0--01 -> 8'01000000 16'1010000000000000
  transition: 8'01000000 20'---------------10000 -> 8'01000000 16'1010000000000000
  transition: 8'01000000 20'------0--------10001 -> 8'01000000 16'1010000000000000
  transition: 8'01000000 20'----0-1--------10001 -> 8'00100000 16'1001000000000000
  transition: 8'01000000 20'----1-1--------10001 -> 8'01000000 16'1010000000000000
  transition: 8'01000000 20'---------------1100- -> 8'10000000 16'1100000000000000
  transition: 8'01000000 20'---------------1-10- -> 8'10000000 16'1100000000000000
  transition: 8'01000000 20'------------------1- -> 8'10000000 16'1100000000000000
  transition: 8'00100000 20'---------------0--00 -> 8'01000000 16'0010000000010000
  transition: 8'00100000 20'--0--0-0-0-0---0--01 -> 8'00001000 16'0000010000010000
  transition: 8'00100000 20'--0----1-0-0---0--01 -> 8'00000010 16'0000000100010000
  transition: 8'00100000 20'0----1----0----0--01 -> 8'00100000 16'0001000000010000
  transition: 8'00100000 20'0----1----1----0--01 -> 8'10000000 16'0100000000010000
  transition: 8'00100000 20'1----1---------0--01 -> 8'01000000 16'0010000000010000
  transition: 8'00100000 20'---------1-----0--01 -> 8'01000000 16'0010000000010000
  transition: 8'00100000 20'-----------1---0--01 -> 8'00000001 16'0000000010010000
  transition: 8'00100000 20'--1------------0--01 -> 8'00001000 16'0000010000010000
  transition: 8'00100000 20'---------------10000 -> 8'01000000 16'0010000000010000
  transition: 8'00100000 20'--0--0-0-0-0---10001 -> 8'00001000 16'0000010000010000
  transition: 8'00100000 20'--0----1-0-0---10001 -> 8'00000010 16'0000000100010000
  transition: 8'00100000 20'0----1----0----10001 -> 8'00100000 16'0001000000010000
  transition: 8'00100000 20'0----1----1----10001 -> 8'10000000 16'0100000000010000
  transition: 8'00100000 20'1----1---------10001 -> 8'01000000 16'0010000000010000
  transition: 8'00100000 20'---------1-----10001 -> 8'01000000 16'0010000000010000
  transition: 8'00100000 20'-----------1---10001 -> 8'00000001 16'0000000010010000
  transition: 8'00100000 20'--1------------10001 -> 8'00001000 16'0000010000010000
  transition: 8'00100000 20'---------------1100- -> 8'10000000 16'0100000000010000
  transition: 8'00100000 20'---------------1-10- -> 8'10000000 16'0100000000010000
  transition: 8'00100000 20'------------------1- -> 8'10000000 16'0100000000010000
  transition: 8'00001000 20'---------------0--00 -> 8'01000000 16'0010000000000100
  transition: 8'00001000 20'--------0------0--01 -> 8'01000000 16'0010000000000100
  transition: 8'00001000 20'---0----1------0--01 -> 8'00001000 16'0000010000000100
  transition: 8'00001000 20'---1----1------0--01 -> 8'01000000 16'0010000000000100
  transition: 8'00001000 20'---------------10000 -> 8'01000000 16'0010000000000100
  transition: 8'00001000 20'--------0------10001 -> 8'01000000 16'0010000000000100
  transition: 8'00001000 20'---0----1------10001 -> 8'00001000 16'0000010000000100
  transition: 8'00001000 20'---1----1------10001 -> 8'01000000 16'0010000000000100
  transition: 8'00001000 20'---------------1100- -> 8'10000000 16'0100000000000100
  transition: 8'00001000 20'---------------1-10- -> 8'10000000 16'0100000000000100
  transition: 8'00001000 20'------------------1- -> 8'10000000 16'0100000000000100
  transition: 8'00000010 20'---------------0--00 -> 8'01000000 16'0010000000001000
  transition: 8'00000010 20'-------------0-0--01 -> 8'00000010 16'0000000100001000
  transition: 8'00000010 20'-------------100--01 -> 8'00000010 16'0000000100001000
  transition: 8'00000010 20'-------------110--01 -> 8'01000000 16'0010000000001000
  transition: 8'00000010 20'---------------10000 -> 8'01000000 16'0010000000001000
  transition: 8'00000010 20'-------------0-10001 -> 8'00000010 16'0000000100001000
  transition: 8'00000010 20'-------------1010001 -> 8'00000010 16'0000000100001000
  transition: 8'00000010 20'-------------1110001 -> 8'01000000 16'0010000000001000
  transition: 8'00000010 20'---------------1100- -> 8'10000000 16'0100000000001000
  transition: 8'00000010 20'---------------1-10- -> 8'10000000 16'0100000000001000
  transition: 8'00000010 20'------------------1- -> 8'10000000 16'0100000000001000
  transition: 8'00000001 20'---------------0--00 -> 8'01000000 16'0010000001000000
  transition: 8'00000001 20'-------------0-0--01 -> 8'00000001 16'0000000011000000
  transition: 8'00000001 20'-------------100--01 -> 8'00000001 16'0000000011000000
  transition: 8'00000001 20'-------------110--01 -> 8'01000000 16'0010000001000000
  transition: 8'00000001 20'---------------10000 -> 8'01000000 16'0010000001000000
  transition: 8'00000001 20'-------------0-10001 -> 8'00000001 16'0000000011000000
  transition: 8'00000001 20'-------------1010001 -> 8'00000001 16'0000000011000000
  transition: 8'00000001 20'-------------1110001 -> 8'01000000 16'0010000001000000
  transition: 8'00000001 20'---------------1100- -> 8'10000000 16'0100000001000000
  transition: 8'00000001 20'---------------1-10- -> 8'10000000 16'0100000001000000
  transition: 8'00000001 20'------------------1- -> 8'10000000 16'0100000001000000

4.21.3. Executing FSM_OPT pass (simple optimizations of FSMs).
Optimizing FSM `$fsm$\u_core.cpu_state$4834' from module `\picorv32_baseline_a_wrapper'.
  Removing unused input signal $auto$opt_reduce.cc:132:opt_mux$4705.
  Removing unused input signal $techmap\u_core.$eq$../picorv32.v:1865$1512_Y.

4.21.4. Executing OPT_CLEAN pass (remove unused cells and wires).
Finding unused cells or wires in module \picorv32_baseline_a_wrapper..
Removed 27 unused cells and 27 unused wires.
<suppressed ~28 debug messages>

4.21.5. Executing FSM_OPT pass (simple optimizations of FSMs).
Optimizing FSM `$fsm$\u_core.cpu_state$4834' from module `\picorv32_baseline_a_wrapper'.
  Removing unused output signal $techmap\u_core.$0\cpu_state[7:0] [0].
  Removing unused output signal $techmap\u_core.$0\cpu_state[7:0] [1].
  Removing unused output signal $techmap\u_core.$0\cpu_state[7:0] [2].
  Removing unused output signal $techmap\u_core.$0\cpu_state[7:0] [3].
  Removing unused output signal $techmap\u_core.$0\cpu_state[7:0] [4].
  Removing unused output signal $techmap\u_core.$0\cpu_state[7:0] [5].
  Removing unused output signal $techmap\u_core.$0\cpu_state[7:0] [6].
  Removing unused output signal $techmap\u_core.$0\cpu_state[7:0] [7].

4.21.6. Executing FSM_RECODE pass (re-assigning FSM state encoding).
Recoding FSM `$fsm$\u_core.cpu_state$4834' from module `\picorv32_baseline_a_wrapper' using `auto' encoding:
  mapping auto encoding to `one-hot` for this FSM.
  10000000 -> -----1
  01000000 -> ----1-
  00100000 -> ---1--
  00001000 -> --1---
  00000010 -> -1----
  00000001 -> 1-----

4.21.7. Executing FSM_INFO pass (dumping all available information on FSM cells).

FSM `$fsm$\u_core.cpu_state$4834' from module `\picorv32_baseline_a_wrapper':
-------------------------------------

  Information on FSM $fsm$\u_core.cpu_state$4834 (\u_core.cpu_state):

  Number of input signals:   18
  Number of output signals:   8
  Number of state bits:       6

  Input signals:
    0: \resetn
    1: $techmap\u_core.$logic_and$../picorv32.v:1972$1564_Y
    2: $techmap\u_core.$logic_and$../picorv32.v:1964$1555_Y
    3: $techmap\u_core.$logic_and$../picorv32.v:1957$1548_Y
    4: $techmap\u_core.$logic_and$../picorv32.v:1956$1545_Y
    5: $techmap\u_core.$logic_and$../picorv32.v:1906$1534_Y
    6: $techmap\u_core.$logic_or$../picorv32.v:1891$1530_Y
    7: $techmap\u_core.$logic_and$../picorv32.v:1730$1481_Y
    8: $techmap\u_core.$logic_and$../picorv32.v:1639$1462_Y
    9: \u_core.is_rdcycle_rdcycleh_rdinstr_rdinstrh
   10: \u_core.is_beq_bne_blt_bge_bltu_bgeu
   11: \u_core.is_sb_sh_sw
   12: \u_core.decoder_trigger
   13: \u_core.instr_trap
   14: \u_core.instr_jal
   15: \u_core.mem_done
   16: $auto$opt_reduce.cc:132:opt_mux$4691
   17: \u_core.pcpi_mul.pcpi_wr

  Output signals:
    0: $techmap\u_core.$procmux$2129_CMP
    1: $techmap\u_core.$procmux$2124_CMP
    2: $techmap\u_core.$procmux$1776_CMP
    3: $techmap\u_core.$procmux$1749_CMP
    4: $techmap\u_core.$procmux$1738_CMP
    5: $techmap\u_core.$procmux$1737_CMP
    6: $techmap\u_core.$procmux$1727_CMP
    7: $techmap\u_core.$eq$../picorv32.v:1347$1362_Y

  State encoding:
    0:   6'-----1  <RESET STATE>
    1:   6'----1-
    2:   6'---1--
    3:   6'--1---
    4:   6'-1----
    5:   6'1-----

  Transition Table (state_in, ctrl_in, state_out, ctrl_out):
      0:     0 18'-------------10001   ->     0 8'00000001
      1:     0 18'-------------0--01   ->     0 8'00000001
      2:     0 18'-------------1100-   ->     0 8'00000001
      3:     0 18'-------------1-10-   ->     0 8'00000001
      4:     0 18'----------------1-   ->     0 8'00000001
      5:     0 18'-------------10000   ->     1 8'00000001
      6:     0 18'-------------0--00   ->     1 8'00000001
      7:     1 18'-------------1100-   ->     0 8'10000000
      8:     1 18'-------------1-10-   ->     0 8'10000000
      9:     1 18'----------------1-   ->     0 8'10000000
     10:     1 18'-------------10000   ->     1 8'10000000
     11:     1 18'-------------0--00   ->     1 8'10000000
     12:     1 18'-----0-------10001   ->     1 8'10000000
     13:     1 18'---1-1-------10001   ->     1 8'10000000
     14:     1 18'-----0-------0--01   ->     1 8'10000000
     15:     1 18'---1-1-------0--01   ->     1 8'10000000
     16:     1 18'---0-1-------10001   ->     2 8'10000000
     17:     1 18'---0-1-------0--01   ->     2 8'10000000
     18:     2 18'0---1----1---10001   ->     0 8'00010000
     19:     2 18'0---1----1---0--01   ->     0 8'00010000
     20:     2 18'-------------1100-   ->     0 8'00010000
     21:     2 18'-------------1-10-   ->     0 8'00010000
     22:     2 18'----------------1-   ->     0 8'00010000
     23:     2 18'-------------10000   ->     1 8'00010000
     24:     2 18'-------------0--00   ->     1 8'00010000
     25:     2 18'--------1----10001   ->     1 8'00010000
     26:     2 18'1---1--------10001   ->     1 8'00010000
     27:     2 18'--------1----0--01   ->     1 8'00010000
     28:     2 18'1---1--------0--01   ->     1 8'00010000
     29:     2 18'0---1----0---10001   ->     2 8'00010000
     30:     2 18'0---1----0---0--01   ->     2 8'00010000
     31:     2 18'-0--0-0-0-0--10001   ->     3 8'00010000
     32:     2 18'-1-----------10001   ->     3 8'00010000
     33:     2 18'-0--0-0-0-0--0--01   ->     3 8'00010000
     34:     2 18'-1-----------0--01   ->     3 8'00010000
     35:     2 18'-0----1-0-0--10001   ->     4 8'00010000
     36:     2 18'-0----1-0-0--0--01   ->     4 8'00010000
     37:     2 18'----------1--10001   ->     5 8'00010000
     38:     2 18'----------1--0--01   ->     5 8'00010000
     39:     3 18'-------------1100-   ->     0 8'00000100
     40:     3 18'-------------1-10-   ->     0 8'00000100
     41:     3 18'----------------1-   ->     0 8'00000100
     42:     3 18'-------------10000   ->     1 8'00000100
     43:     3 18'-------------0--00   ->     1 8'00000100
     44:     3 18'-------0-----10001   ->     1 8'00000100
     45:     3 18'--1----1-----10001   ->     1 8'00000100
     46:     3 18'-------0-----0--01   ->     1 8'00000100
     47:     3 18'--1----1-----0--01   ->     1 8'00000100
     48:     3 18'--0----1-----10001   ->     3 8'00000100
     49:     3 18'--0----1-----0--01   ->     3 8'00000100
     50:     4 18'-------------1100-   ->     0 8'00001000
     51:     4 18'-------------1-10-   ->     0 8'00001000
     52:     4 18'----------------1-   ->     0 8'00001000
     53:     4 18'-------------10000   ->     1 8'00001000
     54:     4 18'-------------0--00   ->     1 8'00001000
     55:     4 18'-----------1110001   ->     1 8'00001000
     56:     4 18'-----------110--01   ->     1 8'00001000
     57:     4 18'-----------1010001   ->     4 8'00001000
     58:     4 18'-----------0-10001   ->     4 8'00001000
     59:     4 18'-----------100--01   ->     4 8'00001000
     60:     4 18'-----------0-0--01   ->     4 8'00001000
     61:     5 18'-------------1100-   ->     0 8'01000000
     62:     5 18'-------------1-10-   ->     0 8'01000000
     63:     5 18'----------------1-   ->     0 8'01000000
     64:     5 18'-------------10000   ->     1 8'01000000
     65:     5 18'-------------0--00   ->     1 8'01000000
     66:     5 18'-----------1110001   ->     1 8'01000000
     67:     5 18'-----------110--01   ->     1 8'01000000
     68:     5 18'-----------1010001   ->     5 8'01000000
     69:     5 18'-----------0-10001   ->     5 8'01000000
     70:     5 18'-----------100--01   ->     5 8'01000000
     71:     5 18'-----------0-0--01   ->     5 8'01000000

-------------------------------------

4.21.8. Executing FSM_MAP pass (mapping FSMs to basic logic).
Mapping FSM `$fsm$\u_core.cpu_state$4834' from module `\picorv32_baseline_a_wrapper'.

4.22. Executing OPT pass (performing simple optimizations).

4.22.1. Executing OPT_EXPR pass (perform const folding).
Optimizing module picorv32_baseline_a_wrapper.
<suppressed ~4 debug messages>

4.22.2. Executing OPT_MERGE pass (detect identical cells).
Finding identical cells in module `\picorv32_baseline_a_wrapper'.
<suppressed ~15 debug messages>
Removed a total of 5 cells.

4.22.3. Executing OPT_RMDFF pass (remove dff with constant values).

4.22.4. Executing OPT_CLEAN pass (remove unused cells and wires).
Finding unused cells or wires in module \picorv32_baseline_a_wrapper..
Removed 0 unused cells and 19 unused wires.
<suppressed ~1 debug messages>

4.22.5. Finished fast OPT passes.

4.23. Executing MEMORY pass.

4.23.1. Executing MEMORY_DFF pass (merging $dff cells to $memrd and $memwr).
Checking cell `$techmap\u_core.$memwr$\cpuregs$../picorv32.v:1378$1586' in module `\picorv32_baseline_a_wrapper': merged $dff to cell.
Checking cell `$techmap\u_core.$memrd$\cpuregs$../picorv32.v:1386$1380' in module `\picorv32_baseline_a_wrapper': merged address $dff to cell.
Checking cell `$techmap\u_core.$memrd$\cpuregs$../picorv32.v:1387$1383' in module `\picorv32_baseline_a_wrapper': merged address $dff to cell.

4.23.2. Executing OPT_CLEAN pass (remove unused cells and wires).
Finding unused cells or wires in module \picorv32_baseline_a_wrapper..
Removed 3 unused cells and 3 unused wires.
<suppressed ~4 debug messages>

4.23.3. Executing MEMORY_SHARE pass (consolidating $memrd/$memwr cells).

4.23.4. Executing OPT_CLEAN pass (remove unused cells and wires).
Finding unused cells or wires in module \picorv32_baseline_a_wrapper..

4.23.5. Executing MEMORY_COLLECT pass (generating $mem cells).
Collecting $memrd, $memwr and $meminit for memory `\u_core.cpuregs' in module `\picorv32_baseline_a_wrapper':
  $techmap\u_core.$memwr$\cpuregs$../picorv32.v:1378$1586 ($memwr)
  $techmap\u_core.$memrd$\cpuregs$../picorv32.v:1387$1383 ($memrd)
  $techmap\u_core.$memrd$\cpuregs$../picorv32.v:1386$1380 ($memrd)

4.24. Executing OPT_CLEAN pass (remove unused cells and wires).
Finding unused cells or wires in module \picorv32_baseline_a_wrapper..

4.25. Executing MEMORY_BRAM pass (mapping $mem cells to block memories).
Processing picorv32_baseline_a_wrapper.u_core.cpuregs:
  Properties: ports=3 bits=1024 rports=2 wports=1 dbits=32 abits=5 words=32
  Checking rule #1 for bram type $__ICE40_RAM4K_M0 (variant 1):
    Bram geometry: abits=8 dbits=16 wports=0 rports=0
    Estimated number of duplicates for more read ports: dups=1
    Metrics for $__ICE40_RAM4K_M0: awaste=224 dwaste=0 bwaste=3584 waste=3584 efficiency=12
    Rule #1 for bram type $__ICE40_RAM4K_M0 (variant 1) accepted.
    Mapping to bram type $__ICE40_RAM4K_M0 (variant 1):
      Write port #0 is in clock domain \clk.
        Mapped to bram port B1.
      Read port #0 is in clock domain \clk.
        Mapped to bram port A1.1.
      Read port #1 is in clock domain \clk.
        Failed to map read port #1.
      Growing more read ports by duplicating bram cells.
      Read port #0 is in clock domain \clk.
        Mapped to bram port A1.1.
      Read port #1 is in clock domain \clk.
        Mapped to bram port A1.2.
      Updated properties: dups=2 waste=7168 efficiency=6
      Storing for later selection.
  Checking rule #2 for bram type $__ICE40_RAM4K_M123 (variant 1):
    Bram geometry: abits=9 dbits=8 wports=0 rports=0
    Estimated number of duplicates for more read ports: dups=1
    Metrics for $__ICE40_RAM4K_M123: awaste=480 dwaste=0 bwaste=3840 waste=3840 efficiency=6
    Rule #2 for bram type $__ICE40_RAM4K_M123 (variant 1) accepted.
    Mapping to bram type $__ICE40_RAM4K_M123 (variant 1):
      Write port #0 is in clock domain \clk.
        Mapped to bram port B1.
      Read port #0 is in clock domain \clk.
        Mapped to bram port A1.1.
      Read port #1 is in clock domain \clk.
        Failed to map read port #1.
      Growing more read ports by duplicating bram cells.
      Read port #0 is in clock domain \clk.
        Mapped to bram port A1.1.
      Read port #1 is in clock domain \clk.
        Mapped to bram port A1.2.
      Updated properties: dups=2 waste=7680 efficiency=3
      Storing for later selection.
  Checking rule #2 for bram type $__ICE40_RAM4K_M123 (variant 2):
    Bram geometry: abits=10 dbits=4 wports=0 rports=0
    Estimated number of duplicates for more read ports: dups=1
    Metrics for $__ICE40_RAM4K_M123: awaste=992 dwaste=0 bwaste=3968 waste=3968 efficiency=3
    Rule #2 for bram type $__ICE40_RAM4K_M123 (variant 2) accepted.
    Mapping to bram type $__ICE40_RAM4K_M123 (variant 2):
      Write port #0 is in clock domain \clk.
        Mapped to bram port B1.
      Read port #0 is in clock domain \clk.
        Mapped to bram port A1.1.
      Read port #1 is in clock domain \clk.
        Failed to map read port #1.
      Growing more read ports by duplicating bram cells.
      Read port #0 is in clock domain \clk.
        Mapped to bram port A1.1.
      Read port #1 is in clock domain \clk.
        Mapped to bram port A1.2.
      Updated properties: dups=2 waste=7936 efficiency=1
    Rule for bram type $__ICE40_RAM4K_M123 rejected: requirement 'min efficiency 2' not met.
    Mapping to bram type $__ICE40_RAM4K_M123 failed.
  Checking rule #2 for bram type $__ICE40_RAM4K_M123 (variant 3):
    Bram geometry: abits=11 dbits=2 wports=0 rports=0
    Estimated number of duplicates for more read ports: dups=1
    Metrics for $__ICE40_RAM4K_M123: awaste=2016 dwaste=0 bwaste=4032 waste=4032 efficiency=1
    Rule #2 for bram type $__ICE40_RAM4K_M123 (variant 3) rejected: requirement 'min efficiency 2' not met.
  Selecting best of 2 rules:
    Efficiency for rule 2.1: efficiency=3, cells=8, acells=1
    Efficiency for rule 1.1: efficiency=6, cells=4, acells=1
    Selected rule 1.1 with efficiency 6.
    Mapping to bram type $__ICE40_RAM4K_M0 (variant 1):
      Write port #0 is in clock domain \clk.
        Mapped to bram port B1.
      Read port #0 is in clock domain \clk.
        Mapped to bram port A1.1.
      Read port #1 is in clock domain \clk.
        Failed to map read port #1.
      Growing more read ports by duplicating bram cells.
      Read port #0 is in clock domain \clk.
        Mapped to bram port A1.1.
      Read port #1 is in clock domain \clk.
        Mapped to bram port A1.2.
      Creating $__ICE40_RAM4K_M0 cell at grid position <0 0 0>: u_core.cpuregs.0.0.0
        Adding extra logic for transparent port A1.1.
      Creating $__ICE40_RAM4K_M0 cell at grid position <0 0 1>: u_core.cpuregs.0.0.1
        Adding extra logic for transparent port A1.2.
      Creating $__ICE40_RAM4K_M0 cell at grid position <1 0 0>: u_core.cpuregs.1.0.0
        Adding extra logic for transparent port A1.1.
      Creating $__ICE40_RAM4K_M0 cell at grid position <1 0 1>: u_core.cpuregs.1.0.1
        Adding extra logic for transparent port A1.2.

4.26. Executing TECHMAP pass (map to technology primitives).

4.26.1. Executing Verilog-2005 frontend: /usr/bin/../share/yosys/ice40/brams_map.v
Parsing Verilog input from `/usr/bin/../share/yosys/ice40/brams_map.v' to AST representation.
Generating RTLIL representation for module `\$__ICE40_RAM4K'.
Generating RTLIL representation for module `\$__ICE40_RAM4K_M0'.
Generating RTLIL representation for module `\$__ICE40_RAM4K_M123'.
Successfully finished Verilog frontend.

4.26.2. Continuing TECHMAP pass.
Using template $paramod\$__ICE40_RAM4K_M0\CLKPOL2=1\CLKPOL3=1 for cells of type $__ICE40_RAM4K_M0.
Using template $paramod$4200c10d2e07b3359d49ca78f8f6d43ec6f7e316\$__ICE40_RAM4K for cells of type $__ICE40_RAM4K.
No more expansions possible.
<suppressed ~48 debug messages>

4.27. Executing ICE40_BRAMINIT pass.

4.28. Executing OPT pass (performing simple optimizations).

4.28.1. Executing OPT_EXPR pass (perform const folding).
Optimizing module picorv32_baseline_a_wrapper.
<suppressed ~69 debug messages>

4.28.2. Executing OPT_MERGE pass (detect identical cells).
Finding identical cells in module `\picorv32_baseline_a_wrapper'.
<suppressed ~30 debug messages>
Removed a total of 10 cells.

4.28.3. Executing OPT_RMDFF pass (remove dff with constant values).

4.28.4. Executing OPT_CLEAN pass (remove unused cells and wires).
Finding unused cells or wires in module \picorv32_baseline_a_wrapper..
Removed 17 unused cells and 149 unused wires.
<suppressed ~21 debug messages>

4.28.5. Finished fast OPT passes.

4.29. Executing MEMORY_MAP pass (converting $mem cells to logic and flip-flops).

4.30. Executing OPT pass (performing simple optimizations).

4.30.1. Executing OPT_EXPR pass (perform const folding).
Optimizing module picorv32_baseline_a_wrapper.

4.30.2. Executing OPT_MERGE pass (detect identical cells).
Finding identical cells in module `\picorv32_baseline_a_wrapper'.
Removed a total of 0 cells.

4.30.3. Executing OPT_MUXTREE pass (detect dead branches in mux trees).
Running muxtree optimizer on module \picorv32_baseline_a_wrapper..
  Creating internal representation of mux trees.
  Evaluating internal representation of mux trees.
  Analyzing evaluation results.
    dead port 2/5 on $pmux $techmap\u_core.$procmux$2344.
    dead port 4/5 on $pmux $techmap\u_core.$procmux$2344.
    dead port 3/6 on $pmux $techmap\u_core.$procmux$2595.
    dead port 1/2 on $mux $techmap\u_core.$procmux$2611.
    dead port 2/2 on $mux $techmap\u_core.$procmux$2611.
    dead port 1/2 on $mux $techmap\u_core.$procmux$2877.
    dead port 2/2 on $mux $techmap\u_core.$procmux$2877.
    dead port 1/5 on $pmux $techmap\u_core.$procmux$2879.
    dead port 2/5 on $pmux $techmap\u_core.$procmux$2879.
    dead port 1/3 on $pmux $techmap\u_core.$procmux$2889.
    dead port 2/3 on $pmux $techmap\u_core.$procmux$2889.
    dead port 3/3 on $pmux $techmap\u_core.$procmux$2889.
    dead port 1/3 on $pmux $techmap\u_core.$procmux$3086.
    dead port 3/5 on $pmux $techmap\u_core.$procmux$3111.
    dead port 1/3 on $pmux $techmap\u_core.$procmux$3120.
    dead port 2/3 on $pmux $techmap\u_core.$procmux$3120.
    dead port 3/3 on $pmux $techmap\u_core.$procmux$3120.
    dead port 1/3 on $pmux $techmap\u_core.$procmux$3125.
    dead port 2/3 on $pmux $techmap\u_core.$procmux$3125.
    dead port 3/3 on $pmux $techmap\u_core.$procmux$3125.
    dead port 1/2 on $mux $techmap\u_core.$procmux$3129.
    dead port 2/2 on $mux $techmap\u_core.$procmux$3129.
    dead port 1/2 on $mux $techmap\u_core.$procmux$3132.
    dead port 2/2 on $mux $techmap\u_core.$procmux$3132.
Removed 24 multiplexer ports.
<suppressed ~139 debug messages>

4.30.4. Executing OPT_REDUCE pass (consolidate $*mux and $reduce_* inputs).
  Optimizing cells in module \picorv32_baseline_a_wrapper.
    New input vector for $reduce_or cell $auto$opt_reduce.cc:126:opt_mux$4684: { \u_core.cpu_state [0] \u_core.cpu_state [1] \u_core.cpu_state [2] \u_core.cpu_state [4] \u_core.cpu_state [5] }
    New input vector for $reduce_or cell $auto$opt_reduce.cc:126:opt_mux$4680: { \u_core.cpu_state [0] \u_core.cpu_state [1] \u_core.cpu_state [2] \u_core.cpu_state [3] \u_core.cpu_state [5] }
    New input vector for $reduce_or cell $auto$fsm_map.cc:144:implement_pattern_cache$5027: { $auto$fsm_map.cc:118:implement_pattern_cache$5025 $auto$fsm_map.cc:118:implement_pattern_cache$5013 $auto$fsm_map.cc:118:implement_pattern_cache$5005 $auto$fsm_map.cc:118:implement_pattern_cache$5009 $auto$fsm_map.cc:118:implement_pattern_cache$5017 $auto$fsm_map.cc:118:implement_pattern_cache$5021 }
    New input vector for $reduce_or cell $auto$fsm_map.cc:144:implement_pattern_cache$4977: { $auto$fsm_map.cc:118:implement_pattern_cache$4955 $auto$fsm_map.cc:118:implement_pattern_cache$4963 $auto$fsm_map.cc:118:implement_pattern_cache$4971 $auto$fsm_map.cc:118:implement_pattern_cache$4975 $auto$fsm_map.cc:118:implement_pattern_cache$4959 $auto$fsm_map.cc:118:implement_pattern_cache$4967 }
    New input vector for $reduce_or cell $auto$fsm_map.cc:144:implement_pattern_cache$4952: { $auto$fsm_map.cc:118:implement_pattern_cache$4946 $auto$fsm_map.cc:118:implement_pattern_cache$4950 $auto$fsm_map.cc:118:implement_pattern_cache$4938 $auto$fsm_map.cc:118:implement_pattern_cache$4942 }
    New input vector for $reduce_or cell $auto$fsm_map.cc:144:implement_pattern_cache$4935: { $auto$fsm_map.cc:74:implement_pattern_cache$4871 $auto$fsm_map.cc:118:implement_pattern_cache$4895 $auto$fsm_map.cc:118:implement_pattern_cache$4891 $auto$fsm_map.cc:118:implement_pattern_cache$4887 $auto$fsm_map.cc:118:implement_pattern_cache$4883 $auto$fsm_map.cc:118:implement_pattern_cache$4879 $auto$fsm_map.cc:74:implement_pattern_cache$4873 $auto$fsm_map.cc:118:implement_pattern_cache$4933 $auto$fsm_map.cc:118:implement_pattern_cache$4899 $auto$fsm_map.cc:118:implement_pattern_cache$4917 $auto$fsm_map.cc:118:implement_pattern_cache$4913 $auto$fsm_map.cc:118:implement_pattern_cache$4921 $auto$fsm_map.cc:118:implement_pattern_cache$4909 $auto$fsm_map.cc:118:implement_pattern_cache$4925 $auto$fsm_map.cc:118:implement_pattern_cache$4903 $auto$fsm_map.cc:118:implement_pattern_cache$4929 }
    New input vector for $reduce_or cell $auto$fsm_map.cc:144:implement_pattern_cache$4870: { $auto$fsm_map.cc:74:implement_pattern_cache$4868 $auto$fsm_map.cc:74:implement_pattern_cache$4866 $auto$fsm_map.cc:74:implement_pattern_cache$4864 $auto$fsm_map.cc:118:implement_pattern_cache$4862 $auto$fsm_map.cc:118:implement_pattern_cache$4858 $auto$fsm_map.cc:118:implement_pattern_cache$4850 $auto$fsm_map.cc:118:implement_pattern_cache$4854 }
    New input vector for $reduce_or cell $auto$fsm_map.cc:105:implement_pattern_cache$4908: { \u_core.cpu_state [4] \u_core.cpu_state [5] }
    Consolidated identical input bits for $mux cell $auto$memory_bram.cc:938:replace_cell$5076:
      Old ports: A=16'0000000000000000, B={ $auto$memory_bram.cc:837:replace_cell$5033 [15] $auto$memory_bram.cc:837:replace_cell$5033 [15] $auto$memory_bram.cc:837:replace_cell$5033 [15] $auto$memory_bram.cc:837:replace_cell$5033 [15] $auto$memory_bram.cc:837:replace_cell$5033 [15] $auto$memory_bram.cc:837:replace_cell$5033 [15] $auto$memory_bram.cc:837:replace_cell$5033 [15] $auto$memory_bram.cc:837:replace_cell$5033 [15] $auto$memory_bram.cc:837:replace_cell$5033 [15] $auto$memory_bram.cc:837:replace_cell$5033 [15] $auto$memory_bram.cc:837:replace_cell$5033 [15] $auto$memory_bram.cc:837:replace_cell$5033 [15] $auto$memory_bram.cc:837:replace_cell$5033 [15] $auto$memory_bram.cc:837:replace_cell$5033 [15] $auto$memory_bram.cc:837:replace_cell$5033 [15] $auto$memory_bram.cc:837:replace_cell$5033 [15] }, Y=$auto$rtlil.cc:1906:Mux$5077
      New ports: A=1'0, B=$auto$memory_bram.cc:837:replace_cell$5033 [15], Y=$auto$rtlil.cc:1906:Mux$5077 [0]
      New connections: $auto$rtlil.cc:1906:Mux$5077 [15:1] = { $auto$rtlil.cc:1906:Mux$5077 [0] $auto$rtlil.cc:1906:Mux$5077 [0] $auto$rtlil.cc:1906:Mux$5077 [0] $auto$rtlil.cc:1906:Mux$5077 [0] $auto$rtlil.cc:1906:Mux$5077 [0] $auto$rtlil.cc:1906:Mux$5077 [0] $auto$rtlil.cc:1906:Mux$5077 [0] $auto$rtlil.cc:1906:Mux$5077 [0] $auto$rtlil.cc:1906:Mux$5077 [0] $auto$rtlil.cc:1906:Mux$5077 [0] $auto$rtlil.cc:1906:Mux$5077 [0] $auto$rtlil.cc:1906:Mux$5077 [0] $auto$rtlil.cc:1906:Mux$5077 [0] $auto$rtlil.cc:1906:Mux$5077 [0] $auto$rtlil.cc:1906:Mux$5077 [0] }
    Consolidated identical input bits for $mux cell $auto$memory_bram.cc:938:replace_cell$5120:
      Old ports: A=16'0000000000000000, B={ $auto$memory_bram.cc:837:replace_cell$5033 [15] $auto$memory_bram.cc:837:replace_cell$5033 [15] $auto$memory_bram.cc:837:replace_cell$5033 [15] $auto$memory_bram.cc:837:replace_cell$5033 [15] $auto$memory_bram.cc:837:replace_cell$5033 [15] $auto$memory_bram.cc:837:replace_cell$5033 [15] $auto$memory_bram.cc:837:replace_cell$5033 [15] $auto$memory_bram.cc:837:replace_cell$5033 [15] $auto$memory_bram.cc:837:replace_cell$5033 [15] $auto$memory_bram.cc:837:replace_cell$5033 [15] $auto$memory_bram.cc:837:replace_cell$5033 [15] $auto$memory_bram.cc:837:replace_cell$5033 [15] $auto$memory_bram.cc:837:replace_cell$5033 [15] $auto$memory_bram.cc:837:replace_cell$5033 [15] $auto$memory_bram.cc:837:replace_cell$5033 [15] $auto$memory_bram.cc:837:replace_cell$5033 [15] }, Y=$auto$rtlil.cc:1906:Mux$5038
      New ports: A=1'0, B=$auto$memory_bram.cc:837:replace_cell$5033 [15], Y=$auto$rtlil.cc:1906:Mux$5038 [0]
      New connections: $auto$rtlil.cc:1906:Mux$5038 [15:1] = { $auto$rtlil.cc:1906:Mux$5038 [0] $auto$rtlil.cc:1906:Mux$5038 [0] $auto$rtlil.cc:1906:Mux$5038 [0] $auto$rtlil.cc:1906:Mux$5038 [0] $auto$rtlil.cc:1906:Mux$5038 [0] $auto$rtlil.cc:1906:Mux$5038 [0] $auto$rtlil.cc:1906:Mux$5038 [0] $auto$rtlil.cc:1906:Mux$5038 [0] $auto$rtlil.cc:1906:Mux$5038 [0] $auto$rtlil.cc:1906:Mux$5038 [0] $auto$rtlil.cc:1906:Mux$5038 [0] $auto$rtlil.cc:1906:Mux$5038 [0] $auto$rtlil.cc:1906:Mux$5038 [0] $auto$rtlil.cc:1906:Mux$5038 [0] $auto$rtlil.cc:1906:Mux$5038 [0] }
    Consolidated identical input bits for $pmux cell $techmap\u_core.$procmux$2336:
      Old ports: A=0, B=64'0000000000000000000000000000000000000000000000000000000000000000, Y=$techmap\u_core.$procmux$2336_Y
      New ports: A={ }, B={ }, Y={ }
      New connections: $techmap\u_core.$procmux$2336_Y = 0
    New ctrl vector for $pmux cell $techmap\u_core.$procmux$2336: { }
    Consolidated identical input bits for $pmux cell $techmap\u_core.$procmux$4487:
      Old ports: A=\u_core.reg_op2, B={ \u_core.reg_op2 [15:0] \u_core.reg_op2 [15:0] \u_core.reg_op2 [7:0] \u_core.reg_op2 [7:0] \u_core.reg_op2 [7:0] \u_core.reg_op2 [7:0] }, Y=\u_core.mem_la_wdata
      New ports: A=\u_core.reg_op2 [31:8], B={ \u_core.reg_op2 [15:0] \u_core.reg_op2 [15:0] \u_core.reg_op2 [7:0] \u_core.reg_op2 [7:0] }, Y=\u_core.mem_la_wdata [31:8]
      New connections: \u_core.mem_la_wdata [7:0] = \u_core.reg_op2 [7:0]
    Consolidated identical input bits for $mux cell $techmap\u_core.$ternary$../picorv32.v:1351$1363:
      Old ports: A=3'100, B=3'010, Y=$auto$wreduce.cc:455:run$4718 [2:0]
      New ports: A=2'10, B=2'01, Y=$auto$wreduce.cc:455:run$4718 [2:1]
      New connections: $auto$wreduce.cc:455:run$4718 [0] = 1'0
    Consolidated identical input bits for $mux cell $techmap\u_core.$ternary$../picorv32.v:383$967:
      Old ports: A={ \u_core.reg_op1 [31:2] 2'00 }, B={ \u_core.next_pc [31:2] 2'00 }, Y=\u_core.mem_la_addr
      New ports: A=\u_core.reg_op1 [31:2], B=\u_core.next_pc [31:2], Y=\u_core.mem_la_addr [31:2]
      New connections: \u_core.mem_la_addr [1:0] = 2'00
    Consolidated identical input bits for $mux cell $techmap\u_core.$ternary$../picorv32.v:412$982:
      Old ports: A=4'0011, B=4'1100, Y=$techmap\u_core.$ternary$../picorv32.v:412$982_Y
      New ports: A=2'01, B=2'10, Y={ $techmap\u_core.$ternary$../picorv32.v:412$982_Y [2] $techmap\u_core.$ternary$../picorv32.v:412$982_Y [0] }
      New connections: { $techmap\u_core.$ternary$../picorv32.v:412$982_Y [3] $techmap\u_core.$ternary$../picorv32.v:412$982_Y [1] } = { $techmap\u_core.$ternary$../picorv32.v:412$982_Y [2] $techmap\u_core.$ternary$../picorv32.v:412$982_Y [0] }
    Consolidated identical input bits for $mux cell $techmap\u_core.$ternary$../picorv32.v:618$1044:
      Old ports: A=2'11, B=2'00, Y=$techmap\u_core.$procmux$4174_Y
      New ports: A=1'1, B=1'0, Y=$techmap\u_core.$procmux$4174_Y [0]
      New connections: $techmap\u_core.$procmux$4174_Y [1] = $techmap\u_core.$procmux$4174_Y [0]
    Consolidated identical input bits for $mux cell $techmap\u_core.pcpi_mul.$procmux$1617:
      Old ports: A={ \u_core.pcpi_mul.next_rdt [59] 3'000 \u_core.pcpi_mul.next_rdt [55] 3'000 \u_core.pcpi_mul.next_rdt [51] 3'000 \u_core.pcpi_mul.next_rdt [47] 3'000 \u_core.pcpi_mul.next_rdt [43] 3'000 \u_core.pcpi_mul.next_rdt [39] 3'000 \u_core.pcpi_mul.next_rdt [35] 3'000 \u_core.pcpi_mul.next_rdt [31] 3'000 \u_core.pcpi_mul.next_rdt [27] 3'000 \u_core.pcpi_mul.next_rdt [23] 3'000 \u_core.pcpi_mul.next_rdt [19] 3'000 \u_core.pcpi_mul.next_rdt [15] 3'000 \u_core.pcpi_mul.next_rdt [11] 3'000 \u_core.pcpi_mul.next_rdt [7] 3'000 \u_core.pcpi_mul.next_rdt [3] 4'0000 }, B=61'0000000000000000000000000000000000000000000000000000000000000, Y=$auto$wreduce.cc:455:run$4720 [60:0]
      New ports: A={ \u_core.pcpi_mul.next_rdt [59] \u_core.pcpi_mul.next_rdt [55] \u_core.pcpi_mul.next_rdt [51] \u_core.pcpi_mul.next_rdt [47] \u_core.pcpi_mul.next_rdt [43] \u_core.pcpi_mul.next_rdt [39] \u_core.pcpi_mul.next_rdt [35] \u_core.pcpi_mul.next_rdt [31] \u_core.pcpi_mul.next_rdt [27] \u_core.pcpi_mul.next_rdt [23] \u_core.pcpi_mul.next_rdt [19] \u_core.pcpi_mul.next_rdt [15] \u_core.pcpi_mul.next_rdt [11] \u_core.pcpi_mul.next_rdt [7] \u_core.pcpi_mul.next_rdt [3] }, B=15'000000000000000, Y={ $auto$wreduce.cc:455:run$4720 [60] $auto$wreduce.cc:455:run$4720 [56] $auto$wreduce.cc:455:run$4720 [52] $auto$wreduce.cc:455:run$4720 [48] $auto$wreduce.cc:455:run$4720 [44] $auto$wreduce.cc:455:run$4720 [40] $auto$wreduce.cc:455:run$4720 [36] $auto$wreduce.cc:455:run$4720 [32] $auto$wreduce.cc:455:run$4720 [28] $auto$wreduce.cc:455:run$4720 [24] $auto$wreduce.cc:455:run$4720 [20] $auto$wreduce.cc:455:run$4720 [16] $auto$wreduce.cc:455:run$4720 [12] $auto$wreduce.cc:455:run$4720 [8] $auto$wreduce.cc:455:run$4720 [4] }
      New connections: { $auto$wreduce.cc:455:run$4720 [59:57] $auto$wreduce.cc:455:run$4720 [55:53] $auto$wreduce.cc:455:run$4720 [51:49] $auto$wreduce.cc:455:run$4720 [47:45] $auto$wreduce.cc:455:run$4720 [43:41] $auto$wreduce.cc:455:run$4720 [39:37] $auto$wreduce.cc:455:run$4720 [35:33] $auto$wreduce.cc:455:run$4720 [31:29] $auto$wreduce.cc:455:run$4720 [27:25] $auto$wreduce.cc:455:run$4720 [23:21] $auto$wreduce.cc:455:run$4720 [19:17] $auto$wreduce.cc:455:run$4720 [15:13] $auto$wreduce.cc:455:run$4720 [11:9] $auto$wreduce.cc:455:run$4720 [7:5] $auto$wreduce.cc:455:run$4720 [3:0] } = 46'0000000000000000000000000000000000000000000000
    Consolidated identical input bits for $mux cell $techmap\u_core.pcpi_mul.$procmux$1630:
      Old ports: A={ 32'00000000000000000000000000000000 \u_core.reg_op2 }, B={ \u_core.reg_op2 [31] \u_core.reg_op2 [31] \u_core.reg_op2 [31] \u_core.reg_op2 [31] \u_core.reg_op2 [31] \u_core.reg_op2 [31] \u_core.reg_op2 [31] \u_core.reg_op2 [31] \u_core.reg_op2 [31] \u_core.reg_op2 [31] \u_core.reg_op2 [31] \u_core.reg_op2 [31] \u_core.reg_op2 [31] \u_core.reg_op2 [31] \u_core.reg_op2 [31] \u_core.reg_op2 [31] \u_core.reg_op2 [31] \u_core.reg_op2 [31] \u_core.reg_op2 [31] \u_core.reg_op2 [31] \u_core.reg_op2 [31] \u_core.reg_op2 [31] \u_core.reg_op2 [31] \u_core.reg_op2 [31] \u_core.reg_op2 [31] \u_core.reg_op2 [31] \u_core.reg_op2 [31] \u_core.reg_op2 [31] \u_core.reg_op2 [31] \u_core.reg_op2 [31] \u_core.reg_op2 [31] \u_core.reg_op2 [31] \u_core.reg_op2 }, Y=$techmap\u_core.pcpi_mul.$procmux$1630_Y
      New ports: A=1'0, B=\u_core.reg_op2 [31], Y=$techmap\u_core.pcpi_mul.$procmux$1630_Y [32]
      New connections: { $techmap\u_core.pcpi_mul.$procmux$1630_Y [63:33] $techmap\u_core.pcpi_mul.$procmux$1630_Y [31:0] } = { $techmap\u_core.pcpi_mul.$procmux$1630_Y [32] $techmap\u_core.pcpi_mul.$procmux$1630_Y [32] $techmap\u_core.pcpi_mul.$procmux$1630_Y [32] $techmap\u_core.pcpi_mul.$procmux$1630_Y [32] $techmap\u_core.pcpi_mul.$procmux$1630_Y [32] $techmap\u_core.pcpi_mul.$procmux$1630_Y [32] $techmap\u_core.pcpi_mul.$procmux$1630_Y [32] $techmap\u_core.pcpi_mul.$procmux$1630_Y [32] $techmap\u_core.pcpi_mul.$procmux$1630_Y [32] $techmap\u_core.pcpi_mul.$procmux$1630_Y [32] $techmap\u_core.pcpi_mul.$procmux$1630_Y [32] $techmap\u_core.pcpi_mul.$procmux$1630_Y [32] $techmap\u_core.pcpi_mul.$procmux$1630_Y [32] $techmap\u_core.pcpi_mul.$procmux$1630_Y [32] $techmap\u_core.pcpi_mul.$procmux$1630_Y [32] $techmap\u_core.pcpi_mul.$procmux$1630_Y [32] $techmap\u_core.pcpi_mul.$procmux$1630_Y [32] $techmap\u_core.pcpi_mul.$procmux$1630_Y [32] $techmap\u_core.pcpi_mul.$procmux$1630_Y [32] $techmap\u_core.pcpi_mul.$procmux$1630_Y [32] $techmap\u_core.pcpi_mul.$procmux$1630_Y [32] $techmap\u_core.pcpi_mul.$procmux$1630_Y [32] $techmap\u_core.pcpi_mul.$procmux$1630_Y [32] $techmap\u_core.pcpi_mul.$procmux$1630_Y [32] $techmap\u_core.pcpi_mul.$procmux$1630_Y [32] $techmap\u_core.pcpi_mul.$procmux$1630_Y [32] $techmap\u_core.pcpi_mul.$procmux$1630_Y [32] $techmap\u_core.pcpi_mul.$procmux$1630_Y [32] $techmap\u_core.pcpi_mul.$procmux$1630_Y [32] $techmap\u_core.pcpi_mul.$procmux$1630_Y [32] $techmap\u_core.pcpi_mul.$procmux$1630_Y [32] \u_core.reg_op2 }
    Consolidated identical input bits for $mux cell $techmap\u_core.pcpi_mul.$procmux$1639:
      Old ports: A={ 32'00000000000000000000000000000000 \u_core.reg_op1 }, B={ \u_core.reg_op1 [31] \u_core.reg_op1 [31] \u_core.reg_op1 [31] \u_core.reg_op1 [31] \u_core.reg_op1 [31] \u_core.reg_op1 [31] \u_core.reg_op1 [31] \u_core.reg_op1 [31] \u_core.reg_op1 [31] \u_core.reg_op1 [31] \u_core.reg_op1 [31] \u_core.reg_op1 [31] \u_core.reg_op1 [31] \u_core.reg_op1 [31] \u_core.reg_op1 [31] \u_core.reg_op1 [31] \u_core.reg_op1 [31] \u_core.reg_op1 [31] \u_core.reg_op1 [31] \u_core.reg_op1 [31] \u_core.reg_op1 [31] \u_core.reg_op1 [31] \u_core.reg_op1 [31] \u_core.reg_op1 [31] \u_core.reg_op1 [31] \u_core.reg_op1 [31] \u_core.reg_op1 [31] \u_core.reg_op1 [31] \u_core.reg_op1 [31] \u_core.reg_op1 [31] \u_core.reg_op1 [31] \u_core.reg_op1 [31] \u_core.reg_op1 }, Y=$techmap\u_core.pcpi_mul.$procmux$1639_Y
      New ports: A=1'0, B=\u_core.reg_op1 [31], Y=$techmap\u_core.pcpi_mul.$procmux$1639_Y [32]
      New connections: { $techmap\u_core.pcpi_mul.$procmux$1639_Y [63:33] $techmap\u_core.pcpi_mul.$procmux$1639_Y [31:0] } = { $techmap\u_core.pcpi_mul.$procmux$1639_Y [32] $techmap\u_core.pcpi_mul.$procmux$1639_Y [32] $techmap\u_core.pcpi_mul.$procmux$1639_Y [32] $techmap\u_core.pcpi_mul.$procmux$1639_Y [32] $techmap\u_core.pcpi_mul.$procmux$1639_Y [32] $techmap\u_core.pcpi_mul.$procmux$1639_Y [32] $techmap\u_core.pcpi_mul.$procmux$1639_Y [32] $techmap\u_core.pcpi_mul.$procmux$1639_Y [32] $techmap\u_core.pcpi_mul.$procmux$1639_Y [32] $techmap\u_core.pcpi_mul.$procmux$1639_Y [32] $techmap\u_core.pcpi_mul.$procmux$1639_Y [32] $techmap\u_core.pcpi_mul.$procmux$1639_Y [32] $techmap\u_core.pcpi_mul.$procmux$1639_Y [32] $techmap\u_core.pcpi_mul.$procmux$1639_Y [32] $techmap\u_core.pcpi_mul.$procmux$1639_Y [32] $techmap\u_core.pcpi_mul.$procmux$1639_Y [32] $techmap\u_core.pcpi_mul.$procmux$1639_Y [32] $techmap\u_core.pcpi_mul.$procmux$1639_Y [32] $techmap\u_core.pcpi_mul.$procmux$1639_Y [32] $techmap\u_core.pcpi_mul.$procmux$1639_Y [32] $techmap\u_core.pcpi_mul.$procmux$1639_Y [32] $techmap\u_core.pcpi_mul.$procmux$1639_Y [32] $techmap\u_core.pcpi_mul.$procmux$1639_Y [32] $techmap\u_core.pcpi_mul.$procmux$1639_Y [32] $techmap\u_core.pcpi_mul.$procmux$1639_Y [32] $techmap\u_core.pcpi_mul.$procmux$1639_Y [32] $techmap\u_core.pcpi_mul.$procmux$1639_Y [32] $techmap\u_core.pcpi_mul.$procmux$1639_Y [32] $techmap\u_core.pcpi_mul.$procmux$1639_Y [32] $techmap\u_core.pcpi_mul.$procmux$1639_Y [32] $techmap\u_core.pcpi_mul.$procmux$1639_Y [32] \u_core.reg_op1 }
    Consolidated identical input bits for $mux cell $techmap\u_core.pcpi_mul.$ternary$../picorv32.v:2325$772:
      Old ports: A=6'011110, B=6'111110, Y=$auto$wreduce.cc:455:run$4723 [5:0]
      New ports: A=1'0, B=1'1, Y=$auto$wreduce.cc:455:run$4723 [5]
      New connections: $auto$wreduce.cc:455:run$4723 [4:0] = 5'11110
  Optimizing cells in module \picorv32_baseline_a_wrapper.
Performed a total of 21 changes.

4.30.5. Executing OPT_MERGE pass (detect identical cells).
Finding identical cells in module `\picorv32_baseline_a_wrapper'.
Removed a total of 0 cells.

4.30.6. Executing OPT_RMDFF pass (remove dff with constant values).

4.30.7. Executing OPT_CLEAN pass (remove unused cells and wires).
Finding unused cells or wires in module \picorv32_baseline_a_wrapper..
Removed 16 unused cells and 26 unused wires.
<suppressed ~20 debug messages>

4.30.8. Executing OPT_EXPR pass (perform const folding).
Optimizing module picorv32_baseline_a_wrapper.

4.30.9. Rerunning OPT passes. (Maybe there is more to do..)

4.30.10. Executing OPT_MUXTREE pass (detect dead branches in mux trees).
Running muxtree optimizer on module \picorv32_baseline_a_wrapper..
  Creating internal representation of mux trees.
  Evaluating internal representation of mux trees.
  Analyzing evaluation results.
Removed 0 multiplexer ports.
<suppressed ~134 debug messages>

4.30.11. Executing OPT_REDUCE pass (consolidate $*mux and $reduce_* inputs).
  Optimizing cells in module \picorv32_baseline_a_wrapper.
Performed a total of 0 changes.

4.30.12. Executing OPT_MERGE pass (detect identical cells).
Finding identical cells in module `\picorv32_baseline_a_wrapper'.
Removed a total of 0 cells.

4.30.13. Executing OPT_RMDFF pass (remove dff with constant values).

4.30.14. Executing OPT_CLEAN pass (remove unused cells and wires).
Finding unused cells or wires in module \picorv32_baseline_a_wrapper..

4.30.15. Executing OPT_EXPR pass (perform const folding).
Optimizing module picorv32_baseline_a_wrapper.

4.30.16. Finished OPT passes. (There is nothing left to do.)

4.31. Executing TECHMAP pass (map to technology primitives).

4.31.1. Executing Verilog-2005 frontend: /usr/bin/../share/yosys/techmap.v
Parsing Verilog input from `/usr/bin/../share/yosys/techmap.v' to AST representation.
Generating RTLIL representation for module `\_90_simplemap_bool_ops'.
Generating RTLIL representation for module `\_90_simplemap_reduce_ops'.
Generating RTLIL representation for module `\_90_simplemap_logic_ops'.
Generating RTLIL representation for module `\_90_simplemap_compare_ops'.
Generating RTLIL representation for module `\_90_simplemap_various'.
Generating RTLIL representation for module `\_90_simplemap_registers'.
Generating RTLIL representation for module `\_90_shift_ops_shr_shl_sshl_sshr'.
Generating RTLIL representation for module `\_90_shift_shiftx'.
Generating RTLIL representation for module `\_90_fa'.
Generating RTLIL representation for module `\_90_lcu'.
Generating RTLIL representation for module `\_90_alu'.
Generating RTLIL representation for module `\_90_macc'.
Generating RTLIL representation for module `\_90_alumacc'.
Generating RTLIL representation for module `\$__div_mod_u'.
Generating RTLIL representation for module `\$__div_mod'.
Generating RTLIL representation for module `\_90_div'.
Generating RTLIL representation for module `\_90_mod'.
Generating RTLIL representation for module `\_90_pow'.
Generating RTLIL representation for module `\_90_pmux'.
Generating RTLIL representation for module `\_90_lut'.
Successfully finished Verilog frontend.

4.31.2. Executing Verilog-2005 frontend: /usr/bin/../share/yosys/ice40/arith_map.v
Parsing Verilog input from `/usr/bin/../share/yosys/ice40/arith_map.v' to AST representation.
Generating RTLIL representation for module `\_80_ice40_alu'.
Successfully finished Verilog frontend.

4.31.3. Continuing TECHMAP pass.
Using extmapper simplemap for cells of type $dff.
Using extmapper simplemap for cells of type $and.
Using extmapper simplemap for cells of type $eq.
Using extmapper simplemap for cells of type $mux.
Using extmapper simplemap for cells of type $reduce_or.
Using extmapper simplemap for cells of type $lut.
Using template $paramod\_80_ice40_alu\A_SIGNED=0\B_SIGNED=0\A_WIDTH=1\B_WIDTH=64\Y_WIDTH=64 for cells of type $alu.
Using extmapper simplemap for cells of type $reduce_and.
Using template $paramod\_80_ice40_alu\A_SIGNED=0\B_SIGNED=0\A_WIDTH=32\B_WIDTH=32\Y_WIDTH=32 for cells of type $alu.
Using template $paramod\_80_ice40_alu\A_SIGNED=0\B_SIGNED=0\A_WIDTH=7\B_WIDTH=1\Y_WIDTH=7 for cells of type $alu.
Using template $paramod\_80_ice40_alu\A_SIGNED=0\B_SIGNED=0\A_WIDTH=3\B_WIDTH=32\Y_WIDTH=32 for cells of type $alu.
Using extmapper simplemap for cells of type $xor.
Using extmapper maccmap for cells of type $macc.
  add \u_core.pcpi_mul.rd [23:20] (4 bits, unsigned)
  add \u_core.pcpi_mul.this_rs2 [23:20] (4 bits, unsigned)
  add \u_core.pcpi_mul.rdx [23:20] (4 bits, unsigned)
  add \u_core.pcpi_mul.rd [55:52] (4 bits, unsigned)
  add \u_core.pcpi_mul.this_rs2 [55:52] (4 bits, unsigned)
  add \u_core.pcpi_mul.rdx [55:52] (4 bits, unsigned)
  add \u_core.pcpi_mul.rd [15:12] (4 bits, unsigned)
  add \u_core.pcpi_mul.this_rs2 [15:12] (4 bits, unsigned)
  add \u_core.pcpi_mul.rdx [15:12] (4 bits, unsigned)
Using template $paramod\_80_ice40_alu\A_SIGNED=1\B_SIGNED=1\A_WIDTH=32\B_WIDTH=32\Y_WIDTH=32 for cells of type $alu.
  add \u_core.pcpi_mul.rd [3:0] (4 bits, unsigned)
  add \u_core.pcpi_mul.this_rs2 [3:0] (4 bits, unsigned)
  add \u_core.pcpi_mul.rdx [3:0] (4 bits, unsigned)
  add \u_core.pcpi_mul.rd [63:60] (4 bits, unsigned)
  add \u_core.pcpi_mul.this_rs2 [63:60] (4 bits, unsigned)
  add \u_core.pcpi_mul.rdx [63:60] (4 bits, unsigned)
  add \u_core.pcpi_mul.rd [7:4] (4 bits, unsigned)
  add \u_core.pcpi_mul.this_rs2 [7:4] (4 bits, unsigned)
  add \u_core.pcpi_mul.rdx [7:4] (4 bits, unsigned)
  add \u_core.pcpi_mul.rd [19:16] (4 bits, unsigned)
  add \u_core.pcpi_mul.this_rs2 [19:16] (4 bits, unsigned)
  add \u_core.pcpi_mul.rdx [19:16] (4 bits, unsigned)
  add \u_core.pcpi_mul.rd [11:8] (4 bits, unsigned)
  add \u_core.pcpi_mul.this_rs2 [11:8] (4 bits, unsigned)
  add \u_core.pcpi_mul.rdx [11:8] (4 bits, unsigned)
  add \u_core.pcpi_mul.rd [47:44] (4 bits, unsigned)
  add \u_core.pcpi_mul.this_rs2 [47:44] (4 bits, unsigned)
  add \u_core.pcpi_mul.rdx [47:44] (4 bits, unsigned)
  add \u_core.pcpi_mul.rd [35:32] (4 bits, unsigned)
  add \u_core.pcpi_mul.this_rs2 [35:32] (4 bits, unsigned)
  add \u_core.pcpi_mul.rdx [35:32] (4 bits, unsigned)
  add \u_core.pcpi_mul.rd [59:56] (4 bits, unsigned)
  add \u_core.pcpi_mul.this_rs2 [59:56] (4 bits, unsigned)
  add \u_core.pcpi_mul.rdx [59:56] (4 bits, unsigned)
  add \u_core.pcpi_mul.rd [51:48] (4 bits, unsigned)
  add \u_core.pcpi_mul.this_rs2 [51:48] (4 bits, unsigned)
  add \u_core.pcpi_mul.rdx [51:48] (4 bits, unsigned)
  add \u_core.pcpi_mul.rd [27:24] (4 bits, unsigned)
  add \u_core.pcpi_mul.this_rs2 [27:24] (4 bits, unsigned)
  add \u_core.pcpi_mul.rdx [27:24] (4 bits, unsigned)
  add \u_core.pcpi_mul.rd [43:40] (4 bits, unsigned)
  add \u_core.pcpi_mul.this_rs2 [43:40] (4 bits, unsigned)
  add \u_core.pcpi_mul.rdx [43:40] (4 bits, unsigned)
Using template $paramod\_90_pmux\WIDTH=24\S_WIDTH=2 for cells of type $pmux.
Using template $paramod$constmap:66d421c313e4e958be776b99540ac2de3b59fdbc$paramod$9b74a473ccd678a23e1df4cc12019cbbece20051\_90_shift_ops_shr_shl_sshl_sshr for cells of type $shl.
Using template $paramod\_90_pmux\WIDTH=4\S_WIDTH=2 for cells of type $pmux.
Using extmapper simplemap for cells of type $not.
Using template $paramod\_90_pmux\WIDTH=1\S_WIDTH=2 for cells of type $pmux.
Using template $paramod\_80_ice40_alu\A_SIGNED=0\B_SIGNED=0\A_WIDTH=4\B_WIDTH=1\Y_WIDTH=4 for cells of type $alu.
Using template $paramod\_90_pmux\WIDTH=2\S_WIDTH=4 for cells of type $pmux.
Using template $paramod\_90_pmux\WIDTH=32\S_WIDTH=5 for cells of type $pmux.
Using template $paramod\_90_pmux\WIDTH=1\S_WIDTH=5 for cells of type $pmux.
Using template $paramod$constmap:87f69c0bea22f84de4bcd0314b57cb19e61b5eb7$paramod$88abf4b792300efa328894e6936be740fdc22f6d\_90_shift_ops_shr_shl_sshl_sshr for cells of type $sshr.
Using template $paramod$constmap:4621fcf06a436d1e2a4080e2ed9866a7d07a6e07$paramod$887c9fe2c55be14c90171bd2ff359c086a0858d7\_90_shift_ops_shr_shl_sshl_sshr for cells of type $shl.
Using template $paramod\_90_pmux\WIDTH=32\S_WIDTH=6 for cells of type $pmux.
Using template $paramod\_90_pmux\WIDTH=32\S_WIDTH=3 for cells of type $pmux.
Using template $paramod\_90_pmux\WIDTH=32\S_WIDTH=2 for cells of type $pmux.
Using template $paramod\_90_pmux\WIDTH=2\S_WIDTH=2 for cells of type $pmux.
Using template $paramod\_90_pmux\WIDTH=2\S_WIDTH=3 for cells of type $pmux.
Using template $paramod\_90_pmux\WIDTH=1\S_WIDTH=4 for cells of type $pmux.
Using template $paramod\_90_pmux\WIDTH=5\S_WIDTH=2 for cells of type $pmux.
Using extmapper simplemap for cells of type $logic_not.
Using extmapper simplemap for cells of type $logic_or.
Using extmapper simplemap for cells of type $logic_and.
Using extmapper simplemap for cells of type $reduce_bool.
Using extmapper simplemap for cells of type $or.
  add \u_core.pcpi_mul.rd [31:28] (4 bits, unsigned)
  add \u_core.pcpi_mul.this_rs2 [31:28] (4 bits, unsigned)
  add \u_core.pcpi_mul.rdx [31:28] (4 bits, unsigned)
  add \u_core.pcpi_mul.rd [39:36] (4 bits, unsigned)
  add \u_core.pcpi_mul.this_rs2 [39:36] (4 bits, unsigned)
  add \u_core.pcpi_mul.rdx [39:36] (4 bits, unsigned)
Using extmapper simplemap for cells of type $pos.
Using template $paramod\_90_fa\WIDTH=4 for cells of type $fa.
Using template $paramod\_80_ice40_alu\A_SIGNED=0\B_SIGNED=0\A_WIDTH=5\B_WIDTH=5\Y_WIDTH=5 for cells of type $alu.
Using template $paramod\_80_ice40_alu\A_SIGNED=0\B_SIGNED=0\A_WIDTH=4\B_WIDTH=4\Y_WIDTH=4 for cells of type $alu.
No more expansions possible.
<suppressed ~2523 debug messages>

4.32. Executing ICE40_OPT pass (performing simple optimizations).

4.32.1. Running ICE40 specific optimizations.

4.32.2. Executing OPT_EXPR pass (perform const folding).
Optimizing module picorv32_baseline_a_wrapper.
<suppressed ~1269 debug messages>

4.32.3. Executing OPT_MERGE pass (detect identical cells).
Finding identical cells in module `\picorv32_baseline_a_wrapper'.
<suppressed ~2166 debug messages>
Removed a total of 722 cells.

4.32.4. Executing OPT_RMDFF pass (remove dff with constant values).

4.32.5. Executing OPT_CLEAN pass (remove unused cells and wires).
Finding unused cells or wires in module \picorv32_baseline_a_wrapper..
Removed 795 unused cells and 1620 unused wires.
<suppressed ~796 debug messages>

4.32.6. Rerunning OPT passes. (Removed registers in this run.)

4.32.7. Running ICE40 specific optimizations.
Optimized away SB_CARRY cell picorv32_baseline_a_wrapper.$auto$alumacc.cc:474:replace_alu$4780.slice[0].carry: CO=1'0
Optimized away SB_CARRY cell picorv32_baseline_a_wrapper.$auto$alumacc.cc:474:replace_alu$4783.slice[0].carry: CO=\u_core.count_cycle [0]
Optimized away SB_CARRY cell picorv32_baseline_a_wrapper.$auto$alumacc.cc:474:replace_alu$4786.slice[0].carry: CO=1'0
Optimized away SB_CARRY cell picorv32_baseline_a_wrapper.$auto$alumacc.cc:474:replace_alu$4789.slice[0].carry: CO=\u_core.count_instr [0]
Optimized away SB_CARRY cell picorv32_baseline_a_wrapper.$auto$alumacc.cc:474:replace_alu$4818.slice[0].carry: CO=\u_core.pcpi_timeout_counter [0]
Optimized away SB_CARRY cell picorv32_baseline_a_wrapper.$auto$alumacc.cc:474:replace_alu$4827.slice[0].carry: CO=\u_core.pcpi_mul.mul_counter [0]
Optimized away SB_CARRY cell picorv32_baseline_a_wrapper.$auto$maccmap.cc:240:synth$10477.slice[0].carry: CO=1'0
Optimized away SB_CARRY cell picorv32_baseline_a_wrapper.$auto$maccmap.cc:240:synth$10485.slice[0].carry: CO=1'0
Optimized away SB_CARRY cell picorv32_baseline_a_wrapper.$auto$maccmap.cc:240:synth$5684.slice[0].carry: CO=1'0
Optimized away SB_CARRY cell picorv32_baseline_a_wrapper.$auto$maccmap.cc:240:synth$5691.slice[0].carry: CO=1'0
Optimized away SB_CARRY cell picorv32_baseline_a_wrapper.$auto$maccmap.cc:240:synth$5892.slice[0].carry: CO=1'0
Optimized away SB_CARRY cell picorv32_baseline_a_wrapper.$auto$maccmap.cc:240:synth$5903.slice[0].carry: CO=1'0
Optimized away SB_CARRY cell picorv32_baseline_a_wrapper.$auto$maccmap.cc:240:synth$5910.slice[0].carry: CO=1'0
Optimized away SB_CARRY cell picorv32_baseline_a_wrapper.$auto$maccmap.cc:240:synth$5927.slice[0].carry: CO=1'0
Optimized away SB_CARRY cell picorv32_baseline_a_wrapper.$auto$maccmap.cc:240:synth$5934.slice[0].carry: CO=1'0
Optimized away SB_CARRY cell picorv32_baseline_a_wrapper.$auto$maccmap.cc:240:synth$5941.slice[0].carry: CO=1'0
Optimized away SB_CARRY cell picorv32_baseline_a_wrapper.$auto$maccmap.cc:240:synth$5948.slice[0].carry: CO=1'0
Optimized away SB_CARRY cell picorv32_baseline_a_wrapper.$auto$maccmap.cc:240:synth$5955.slice[0].carry: CO=1'0
Optimized away SB_CARRY cell picorv32_baseline_a_wrapper.$auto$maccmap.cc:240:synth$5962.slice[0].carry: CO=1'0
Optimized away SB_CARRY cell picorv32_baseline_a_wrapper.$auto$maccmap.cc:240:synth$5987.slice[0].carry: CO=1'0
Optimized away SB_CARRY cell picorv32_baseline_a_wrapper.$auto$maccmap.cc:240:synth$5994.slice[0].carry: CO=1'0
Optimized away SB_CARRY cell picorv32_baseline_a_wrapper.$auto$maccmap.cc:240:synth$6001.slice[0].carry: CO=1'0
Mapping SB_LUT4 cell picorv32_baseline_a_wrapper.$auto$alumacc.cc:474:replace_alu$4780.slice[1].adder back to logic.
Mapping SB_LUT4 cell picorv32_baseline_a_wrapper.$auto$alumacc.cc:474:replace_alu$4783.slice[1].adder back to logic.
Mapping SB_LUT4 cell picorv32_baseline_a_wrapper.$auto$alumacc.cc:474:replace_alu$4786.slice[1].adder back to logic.
Mapping SB_LUT4 cell picorv32_baseline_a_wrapper.$auto$alumacc.cc:474:replace_alu$4789.slice[1].adder back to logic.
Mapping SB_LUT4 cell picorv32_baseline_a_wrapper.$auto$alumacc.cc:474:replace_alu$4818.slice[1].adder back to logic.
Mapping SB_LUT4 cell picorv32_baseline_a_wrapper.$auto$alumacc.cc:474:replace_alu$4827.slice[1].adder back to logic.
Mapping SB_LUT4 cell picorv32_baseline_a_wrapper.$auto$maccmap.cc:240:synth$10477.slice[1].adder back to logic.
Mapping SB_LUT4 cell picorv32_baseline_a_wrapper.$auto$maccmap.cc:240:synth$10485.slice[1].adder back to logic.
Mapping SB_LUT4 cell picorv32_baseline_a_wrapper.$auto$maccmap.cc:240:synth$5684.slice[1].adder back to logic.
Mapping SB_LUT4 cell picorv32_baseline_a_wrapper.$auto$maccmap.cc:240:synth$5691.slice[1].adder back to logic.
Mapping SB_LUT4 cell picorv32_baseline_a_wrapper.$auto$maccmap.cc:240:synth$5892.slice[1].adder back to logic.
Mapping SB_LUT4 cell picorv32_baseline_a_wrapper.$auto$maccmap.cc:240:synth$5903.slice[1].adder back to logic.
Mapping SB_LUT4 cell picorv32_baseline_a_wrapper.$auto$maccmap.cc:240:synth$5910.slice[1].adder back to logic.
Mapping SB_LUT4 cell picorv32_baseline_a_wrapper.$auto$maccmap.cc:240:synth$5927.slice[1].adder back to logic.
Mapping SB_LUT4 cell picorv32_baseline_a_wrapper.$auto$maccmap.cc:240:synth$5934.slice[1].adder back to logic.
Mapping SB_LUT4 cell picorv32_baseline_a_wrapper.$auto$maccmap.cc:240:synth$5941.slice[1].adder back to logic.
Mapping SB_LUT4 cell picorv32_baseline_a_wrapper.$auto$maccmap.cc:240:synth$5948.slice[1].adder back to logic.
Mapping SB_LUT4 cell picorv32_baseline_a_wrapper.$auto$maccmap.cc:240:synth$5955.slice[1].adder back to logic.
Mapping SB_LUT4 cell picorv32_baseline_a_wrapper.$auto$maccmap.cc:240:synth$5962.slice[1].adder back to logic.
Mapping SB_LUT4 cell picorv32_baseline_a_wrapper.$auto$maccmap.cc:240:synth$5987.slice[1].adder back to logic.
Mapping SB_LUT4 cell picorv32_baseline_a_wrapper.$auto$maccmap.cc:240:synth$5994.slice[1].adder back to logic.
Mapping SB_LUT4 cell picorv32_baseline_a_wrapper.$auto$maccmap.cc:240:synth$6001.slice[1].adder back to logic.

4.32.8. Executing OPT_EXPR pass (perform const folding).
Optimizing module picorv32_baseline_a_wrapper.
<suppressed ~388 debug messages>

4.32.9. Executing OPT_MERGE pass (detect identical cells).
Finding identical cells in module `\picorv32_baseline_a_wrapper'.
<suppressed ~57 debug messages>
Removed a total of 19 cells.

4.32.10. Executing OPT_RMDFF pass (remove dff with constant values).

4.32.11. Executing OPT_CLEAN pass (remove unused cells and wires).
Finding unused cells or wires in module \picorv32_baseline_a_wrapper..
Removed 18 unused cells and 62 unused wires.
<suppressed ~19 debug messages>

4.32.12. Rerunning OPT passes. (Removed registers in this run.)

4.32.13. Running ICE40 specific optimizations.
Optimized away SB_CARRY cell picorv32_baseline_a_wrapper.$auto$alumacc.cc:474:replace_alu$4786.slice[1].carry: CO=1'0
Mapping SB_LUT4 cell picorv32_baseline_a_wrapper.$auto$alumacc.cc:474:replace_alu$4786.slice[2].adder back to logic.

4.32.14. Executing OPT_EXPR pass (perform const folding).
Optimizing module picorv32_baseline_a_wrapper.
<suppressed ~14 debug messages>

4.32.15. Executing OPT_MERGE pass (detect identical cells).
Finding identical cells in module `\picorv32_baseline_a_wrapper'.
Removed a total of 0 cells.

4.32.16. Executing OPT_RMDFF pass (remove dff with constant values).

4.32.17. Executing OPT_CLEAN pass (remove unused cells and wires).
Finding unused cells or wires in module \picorv32_baseline_a_wrapper..
Removed 0 unused cells and 3 unused wires.
<suppressed ~1 debug messages>

4.32.18. Rerunning OPT passes. (Removed registers in this run.)

4.32.19. Running ICE40 specific optimizations.
Optimized away SB_CARRY cell picorv32_baseline_a_wrapper.$auto$alumacc.cc:474:replace_alu$4786.slice[2].carry: CO=$auto$alumacc.cc:474:replace_alu$4786.BB [2]
Mapping SB_LUT4 cell picorv32_baseline_a_wrapper.$auto$alumacc.cc:474:replace_alu$4786.slice[3].adder back to logic.

4.32.20. Executing OPT_EXPR pass (perform const folding).
Optimizing module picorv32_baseline_a_wrapper.
<suppressed ~13 debug messages>

4.32.21. Executing OPT_MERGE pass (detect identical cells).
Finding identical cells in module `\picorv32_baseline_a_wrapper'.
Removed a total of 0 cells.

4.32.22. Executing OPT_RMDFF pass (remove dff with constant values).

4.32.23. Executing OPT_CLEAN pass (remove unused cells and wires).
Finding unused cells or wires in module \picorv32_baseline_a_wrapper..
Removed 0 unused cells and 2 unused wires.
<suppressed ~1 debug messages>

4.32.24. Rerunning OPT passes. (Removed registers in this run.)

4.32.25. Running ICE40 specific optimizations.

4.32.26. Executing OPT_EXPR pass (perform const folding).
Optimizing module picorv32_baseline_a_wrapper.

4.32.27. Executing OPT_MERGE pass (detect identical cells).
Finding identical cells in module `\picorv32_baseline_a_wrapper'.
Removed a total of 0 cells.

4.32.28. Executing OPT_RMDFF pass (remove dff with constant values).

4.32.29. Executing OPT_CLEAN pass (remove unused cells and wires).
Finding unused cells or wires in module \picorv32_baseline_a_wrapper..

4.32.30. Finished OPT passes. (There is nothing left to do.)

4.33. Executing DFFSR2DFF pass (mapping DFFSR cells to simpler FFs).

4.34. Executing DFF2DFFE pass (transform $dff to $dffe where applicable).
Selected cell types for direct conversion:
  $_DFF_PP1_ -> $__DFFE_PP1
  $_DFF_PP0_ -> $__DFFE_PP0
  $_DFF_PN1_ -> $__DFFE_PN1
  $_DFF_PN0_ -> $__DFFE_PN0
  $_DFF_NP1_ -> $__DFFE_NP1
  $_DFF_NP0_ -> $__DFFE_NP0
  $_DFF_NN1_ -> $__DFFE_NN1
  $_DFF_NN0_ -> $__DFFE_NN0
  $_DFF_N_ -> $_DFFE_NP_
  $_DFF_P_ -> $_DFFE_PP_
Transforming FF to FF+Enable cells in module picorv32_baseline_a_wrapper:
  converting $_DFF_P_ cell $auto$simplemap.cc:420:simplemap_dff$10933 to $_DFFE_PP_ for $techmap\u_core.pcpi_mul.$0\mul_counter[6:0] [0] -> \u_core.pcpi_mul.mul_counter [0].
  converting $_DFF_P_ cell $auto$simplemap.cc:420:simplemap_dff$10934 to $_DFFE_PP_ for $techmap\u_core.pcpi_mul.$0\mul_counter[6:0] [1] -> \u_core.pcpi_mul.mul_counter [1].
  converting $_DFF_P_ cell $auto$simplemap.cc:420:simplemap_dff$10935 to $_DFFE_PP_ for $techmap\u_core.pcpi_mul.$0\mul_counter[6:0] [2] -> \u_core.pcpi_mul.mul_counter [2].
  converting $_DFF_P_ cell $auto$simplemap.cc:420:simplemap_dff$10936 to $_DFFE_PP_ for $techmap\u_core.pcpi_mul.$0\mul_counter[6:0] [3] -> \u_core.pcpi_mul.mul_counter [3].
  converting $_DFF_P_ cell $auto$simplemap.cc:420:simplemap_dff$10937 to $_DFFE_PP_ for $techmap\u_core.pcpi_mul.$0\mul_counter[6:0] [4] -> \u_core.pcpi_mul.mul_counter [4].
  converting $_DFF_P_ cell $auto$simplemap.cc:420:simplemap_dff$10938 to $_DFFE_PP_ for $techmap\u_core.pcpi_mul.$0\mul_counter[6:0] [5] -> \u_core.pcpi_mul.mul_counter [5].
  converting $_DFF_P_ cell $auto$simplemap.cc:420:simplemap_dff$10939 to $_DFFE_PP_ for $techmap\u_core.pcpi_mul.$0\mul_counter[6:0] [6] -> \u_core.pcpi_mul.mul_counter [6].
  converting $_DFF_P_ cell $auto$simplemap.cc:420:simplemap_dff$10948 to $_DFFE_PP_ for $techmap\u_core.pcpi_mul.$0\rdx[63:0] [0] -> \u_core.pcpi_mul.rdx [0].
  converting $_DFF_P_ cell $auto$simplemap.cc:420:simplemap_dff$10949 to $_DFFE_PP_ for $techmap\u_core.pcpi_mul.$0\rdx[63:0] [1] -> \u_core.pcpi_mul.rdx [1].
  converting $_DFF_P_ cell $auto$simplemap.cc:420:simplemap_dff$10950 to $_DFFE_PP_ for $techmap\u_core.pcpi_mul.$0\rdx[63:0] [2] -> \u_core.pcpi_mul.rdx [2].
  converting $_DFF_P_ cell $auto$simplemap.cc:420:simplemap_dff$10951 to $_DFFE_PP_ for $techmap\u_core.pcpi_mul.$0\rdx[63:0] [3] -> \u_core.pcpi_mul.rdx [3].
  converting $_DFF_P_ cell $auto$simplemap.cc:420:simplemap_dff$10952 to $_DFFE_PP_ for $techmap\u_core.pcpi_mul.$0\rdx[63:0] [4] -> \u_core.pcpi_mul.rdx [4].
  converting $_DFF_P_ cell $auto$simplemap.cc:420:simplemap_dff$10953 to $_DFFE_PP_ for $techmap\u_core.pcpi_mul.$0\rdx[63:0] [5] -> \u_core.pcpi_mul.rdx [5].
  converting $_DFF_P_ cell $auto$simplemap.cc:420:simplemap_dff$10954 to $_DFFE_PP_ for $techmap\u_core.pcpi_mul.$0\rdx[63:0] [6] -> \u_core.pcpi_mul.rdx [6].
  converting $_DFF_P_ cell $auto$simplemap.cc:420:simplemap_dff$10955 to $_DFFE_PP_ for $techmap\u_core.pcpi_mul.$0\rdx[63:0] [7] -> \u_core.pcpi_mul.rdx [7].
  converting $_DFF_P_ cell $auto$simplemap.cc:420:simplemap_dff$10956 to $_DFFE_PP_ for $techmap\u_core.pcpi_mul.$0\rdx[63:0] [8] -> \u_core.pcpi_mul.rdx [8].
  converting $_DFF_P_ cell $auto$simplemap.cc:420:simplemap_dff$10957 to $_DFFE_PP_ for $techmap\u_core.pcpi_mul.$0\rdx[63:0] [9] -> \u_core.pcpi_mul.rdx [9].
  converting $_DFF_P_ cell $auto$simplemap.cc:420:simplemap_dff$10958 to $_DFFE_PP_ for $techmap\u_core.pcpi_mul.$0\rdx[63:0] [10] -> \u_core.pcpi_mul.rdx [10].
  converting $_DFF_P_ cell $auto$simplemap.cc:420:simplemap_dff$10959 to $_DFFE_PP_ for $techmap\u_core.pcpi_mul.$0\rdx[63:0] [11] -> \u_core.pcpi_mul.rdx [11].
  converting $_DFF_P_ cell $auto$simplemap.cc:420:simplemap_dff$10960 to $_DFFE_PP_ for $techmap\u_core.pcpi_mul.$0\rdx[63:0] [12] -> \u_core.pcpi_mul.rdx [12].
  converting $_DFF_P_ cell $auto$simplemap.cc:420:simplemap_dff$10961 to $_DFFE_PP_ for $techmap\u_core.pcpi_mul.$0\rdx[63:0] [13] -> \u_core.pcpi_mul.rdx [13].
  converting $_DFF_P_ cell $auto$simplemap.cc:420:simplemap_dff$10962 to $_DFFE_PP_ for $techmap\u_core.pcpi_mul.$0\rdx[63:0] [14] -> \u_core.pcpi_mul.rdx [14].
  converting $_DFF_P_ cell $auto$simplemap.cc:420:simplemap_dff$10963 to $_DFFE_PP_ for $techmap\u_core.pcpi_mul.$0\rdx[63:0] [15] -> \u_core.pcpi_mul.rdx [15].
  converting $_DFF_P_ cell $auto$simplemap.cc:420:simplemap_dff$10964 to $_DFFE_PP_ for $techmap\u_core.pcpi_mul.$0\rdx[63:0] [16] -> \u_core.pcpi_mul.rdx [16].
  converting $_DFF_P_ cell $auto$simplemap.cc:420:simplemap_dff$10965 to $_DFFE_PP_ for $techmap\u_core.pcpi_mul.$0\rdx[63:0] [17] -> \u_core.pcpi_mul.rdx [17].
  converting $_DFF_P_ cell $auto$simplemap.cc:420:simplemap_dff$10966 to $_DFFE_PP_ for $techmap\u_core.pcpi_mul.$0\rdx[63:0] [18] -> \u_core.pcpi_mul.rdx [18].
  converting $_DFF_P_ cell $auto$simplemap.cc:420:simplemap_dff$10967 to $_DFFE_PP_ for $techmap\u_core.pcpi_mul.$0\rdx[63:0] [19] -> \u_core.pcpi_mul.rdx [19].
  converting $_DFF_P_ cell $auto$simplemap.cc:420:simplemap_dff$10968 to $_DFFE_PP_ for $techmap\u_core.pcpi_mul.$0\rdx[63:0] [20] -> \u_core.pcpi_mul.rdx [20].
  converting $_DFF_P_ cell $auto$simplemap.cc:420:simplemap_dff$10969 to $_DFFE_PP_ for $techmap\u_core.pcpi_mul.$0\rdx[63:0] [21] -> \u_core.pcpi_mul.rdx [21].
  converting $_DFF_P_ cell $auto$simplemap.cc:420:simplemap_dff$10970 to $_DFFE_PP_ for $techmap\u_core.pcpi_mul.$0\rdx[63:0] [22] -> \u_core.pcpi_mul.rdx [22].
  converting $_DFF_P_ cell $auto$simplemap.cc:420:simplemap_dff$10971 to $_DFFE_PP_ for $techmap\u_core.pcpi_mul.$0\rdx[63:0] [23] -> \u_core.pcpi_mul.rdx [23].
  converting $_DFF_P_ cell $auto$simplemap.cc:420:simplemap_dff$10972 to $_DFFE_PP_ for $techmap\u_core.pcpi_mul.$0\rdx[63:0] [24] -> \u_core.pcpi_mul.rdx [24].
  converting $_DFF_P_ cell $auto$simplemap.cc:420:simplemap_dff$10973 to $_DFFE_PP_ for $techmap\u_core.pcpi_mul.$0\rdx[63:0] [25] -> \u_core.pcpi_mul.rdx [25].
  converting $_DFF_P_ cell $auto$simplemap.cc:420:simplemap_dff$10974 to $_DFFE_PP_ for $techmap\u_core.pcpi_mul.$0\rdx[63:0] [26] -> \u_core.pcpi_mul.rdx [26].
  converting $_DFF_P_ cell $auto$simplemap.cc:420:simplemap_dff$10975 to $_DFFE_PP_ for $techmap\u_core.pcpi_mul.$0\rdx[63:0] [27] -> \u_core.pcpi_mul.rdx [27].
  converting $_DFF_P_ cell $auto$simplemap.cc:420:simplemap_dff$10976 to $_DFFE_PP_ for $techmap\u_core.pcpi_mul.$0\rdx[63:0] [28] -> \u_core.pcpi_mul.rdx [28].
  converting $_DFF_P_ cell $auto$simplemap.cc:420:simplemap_dff$10977 to $_DFFE_PP_ for $techmap\u_core.pcpi_mul.$0\rdx[63:0] [29] -> \u_core.pcpi_mul.rdx [29].
  converting $_DFF_P_ cell $auto$simplemap.cc:420:simplemap_dff$10978 to $_DFFE_PP_ for $techmap\u_core.pcpi_mul.$0\rdx[63:0] [30] -> \u_core.pcpi_mul.rdx [30].
  converting $_DFF_P_ cell $auto$simplemap.cc:420:simplemap_dff$10979 to $_DFFE_PP_ for $techmap\u_core.pcpi_mul.$0\rdx[63:0] [31] -> \u_core.pcpi_mul.rdx [31].
  converting $_DFF_P_ cell $auto$simplemap.cc:420:simplemap_dff$10980 to $_DFFE_PP_ for $techmap\u_core.pcpi_mul.$0\rdx[63:0] [32] -> \u_core.pcpi_mul.rdx [32].
  converting $_DFF_P_ cell $auto$simplemap.cc:420:simplemap_dff$10981 to $_DFFE_PP_ for $techmap\u_core.pcpi_mul.$0\rdx[63:0] [33] -> \u_core.pcpi_mul.rdx [33].
  converting $_DFF_P_ cell $auto$simplemap.cc:420:simplemap_dff$10982 to $_DFFE_PP_ for $techmap\u_core.pcpi_mul.$0\rdx[63:0] [34] -> \u_core.pcpi_mul.rdx [34].
  converting $_DFF_P_ cell $auto$simplemap.cc:420:simplemap_dff$10983 to $_DFFE_PP_ for $techmap\u_core.pcpi_mul.$0\rdx[63:0] [35] -> \u_core.pcpi_mul.rdx [35].
  converting $_DFF_P_ cell $auto$simplemap.cc:420:simplemap_dff$10984 to $_DFFE_PP_ for $techmap\u_core.pcpi_mul.$0\rdx[63:0] [36] -> \u_core.pcpi_mul.rdx [36].
  converting $_DFF_P_ cell $auto$simplemap.cc:420:simplemap_dff$10985 to $_DFFE_PP_ for $techmap\u_core.pcpi_mul.$0\rdx[63:0] [37] -> \u_core.pcpi_mul.rdx [37].
  converting $_DFF_P_ cell $auto$simplemap.cc:420:simplemap_dff$10986 to $_DFFE_PP_ for $techmap\u_core.pcpi_mul.$0\rdx[63:0] [38] -> \u_core.pcpi_mul.rdx [38].
  converting $_DFF_P_ cell $auto$simplemap.cc:420:simplemap_dff$10987 to $_DFFE_PP_ for $techmap\u_core.pcpi_mul.$0\rdx[63:0] [39] -> \u_core.pcpi_mul.rdx [39].
  converting $_DFF_P_ cell $auto$simplemap.cc:420:simplemap_dff$10988 to $_DFFE_PP_ for $techmap\u_core.pcpi_mul.$0\rdx[63:0] [40] -> \u_core.pcpi_mul.rdx [40].
  converting $_DFF_P_ cell $auto$simplemap.cc:420:simplemap_dff$10989 to $_DFFE_PP_ for $techmap\u_core.pcpi_mul.$0\rdx[63:0] [41] -> \u_core.pcpi_mul.rdx [41].
  converting $_DFF_P_ cell $auto$simplemap.cc:420:simplemap_dff$10990 to $_DFFE_PP_ for $techmap\u_core.pcpi_mul.$0\rdx[63:0] [42] -> \u_core.pcpi_mul.rdx [42].
  converting $_DFF_P_ cell $auto$simplemap.cc:420:simplemap_dff$10991 to $_DFFE_PP_ for $techmap\u_core.pcpi_mul.$0\rdx[63:0] [43] -> \u_core.pcpi_mul.rdx [43].
  converting $_DFF_P_ cell $auto$simplemap.cc:420:simplemap_dff$10992 to $_DFFE_PP_ for $techmap\u_core.pcpi_mul.$0\rdx[63:0] [44] -> \u_core.pcpi_mul.rdx [44].
  converting $_DFF_P_ cell $auto$simplemap.cc:420:simplemap_dff$10993 to $_DFFE_PP_ for $techmap\u_core.pcpi_mul.$0\rdx[63:0] [45] -> \u_core.pcpi_mul.rdx [45].
  converting $_DFF_P_ cell $auto$simplemap.cc:420:simplemap_dff$10994 to $_DFFE_PP_ for $techmap\u_core.pcpi_mul.$0\rdx[63:0] [46] -> \u_core.pcpi_mul.rdx [46].
  converting $_DFF_P_ cell $auto$simplemap.cc:420:simplemap_dff$10995 to $_DFFE_PP_ for $techmap\u_core.pcpi_mul.$0\rdx[63:0] [47] -> \u_core.pcpi_mul.rdx [47].
  converting $_DFF_P_ cell $auto$simplemap.cc:420:simplemap_dff$10996 to $_DFFE_PP_ for $techmap\u_core.pcpi_mul.$0\rdx[63:0] [48] -> \u_core.pcpi_mul.rdx [48].
  converting $_DFF_P_ cell $auto$simplemap.cc:420:simplemap_dff$10997 to $_DFFE_PP_ for $techmap\u_core.pcpi_mul.$0\rdx[63:0] [49] -> \u_core.pcpi_mul.rdx [49].
  converting $_DFF_P_ cell $auto$simplemap.cc:420:simplemap_dff$10998 to $_DFFE_PP_ for $techmap\u_core.pcpi_mul.$0\rdx[63:0] [50] -> \u_core.pcpi_mul.rdx [50].
  converting $_DFF_P_ cell $auto$simplemap.cc:420:simplemap_dff$10999 to $_DFFE_PP_ for $techmap\u_core.pcpi_mul.$0\rdx[63:0] [51] -> \u_core.pcpi_mul.rdx [51].
  converting $_DFF_P_ cell $auto$simplemap.cc:420:simplemap_dff$11000 to $_DFFE_PP_ for $techmap\u_core.pcpi_mul.$0\rdx[63:0] [52] -> \u_core.pcpi_mul.rdx [52].
  converting $_DFF_P_ cell $auto$simplemap.cc:420:simplemap_dff$11001 to $_DFFE_PP_ for $techmap\u_core.pcpi_mul.$0\rdx[63:0] [53] -> \u_core.pcpi_mul.rdx [53].
  converting $_DFF_P_ cell $auto$simplemap.cc:420:simplemap_dff$11002 to $_DFFE_PP_ for $techmap\u_core.pcpi_mul.$0\rdx[63:0] [54] -> \u_core.pcpi_mul.rdx [54].
  converting $_DFF_P_ cell $auto$simplemap.cc:420:simplemap_dff$11003 to $_DFFE_PP_ for $techmap\u_core.pcpi_mul.$0\rdx[63:0] [55] -> \u_core.pcpi_mul.rdx [55].
  converting $_DFF_P_ cell $auto$simplemap.cc:420:simplemap_dff$11004 to $_DFFE_PP_ for $techmap\u_core.pcpi_mul.$0\rdx[63:0] [56] -> \u_core.pcpi_mul.rdx [56].
  converting $_DFF_P_ cell $auto$simplemap.cc:420:simplemap_dff$11005 to $_DFFE_PP_ for $techmap\u_core.pcpi_mul.$0\rdx[63:0] [57] -> \u_core.pcpi_mul.rdx [57].
  converting $_DFF_P_ cell $auto$simplemap.cc:420:simplemap_dff$11006 to $_DFFE_PP_ for $techmap\u_core.pcpi_mul.$0\rdx[63:0] [58] -> \u_core.pcpi_mul.rdx [58].
  converting $_DFF_P_ cell $auto$simplemap.cc:420:simplemap_dff$11007 to $_DFFE_PP_ for $techmap\u_core.pcpi_mul.$0\rdx[63:0] [59] -> \u_core.pcpi_mul.rdx [59].
  converting $_DFF_P_ cell $auto$simplemap.cc:420:simplemap_dff$11008 to $_DFFE_PP_ for $techmap\u_core.pcpi_mul.$0\rdx[63:0] [60] -> \u_core.pcpi_mul.rdx [60].
  converting $_DFF_P_ cell $auto$simplemap.cc:420:simplemap_dff$11009 to $_DFFE_PP_ for $techmap\u_core.pcpi_mul.$0\rdx[63:0] [61] -> \u_core.pcpi_mul.rdx [61].
  converting $_DFF_P_ cell $auto$simplemap.cc:420:simplemap_dff$11010 to $_DFFE_PP_ for $techmap\u_core.pcpi_mul.$0\rdx[63:0] [62] -> \u_core.pcpi_mul.rdx [62].
  converting $_DFF_P_ cell $auto$simplemap.cc:420:simplemap_dff$11011 to $_DFFE_PP_ for $techmap\u_core.pcpi_mul.$0\rdx[63:0] [63] -> \u_core.pcpi_mul.rdx [63].
  converting $_DFF_P_ cell $auto$simplemap.cc:420:simplemap_dff$11012 to $_DFFE_PP_ for $techmap\u_core.pcpi_mul.$0\rd[63:0] [0] -> \u_core.pcpi_mul.rd [0].
  converting $_DFF_P_ cell $auto$simplemap.cc:420:simplemap_dff$11013 to $_DFFE_PP_ for $techmap\u_core.pcpi_mul.$0\rd[63:0] [1] -> \u_core.pcpi_mul.rd [1].
  converting $_DFF_P_ cell $auto$simplemap.cc:420:simplemap_dff$11014 to $_DFFE_PP_ for $techmap\u_core.pcpi_mul.$0\rd[63:0] [2] -> \u_core.pcpi_mul.rd [2].
  converting $_DFF_P_ cell $auto$simplemap.cc:420:simplemap_dff$11015 to $_DFFE_PP_ for $techmap\u_core.pcpi_mul.$0\rd[63:0] [3] -> \u_core.pcpi_mul.rd [3].
  converting $_DFF_P_ cell $auto$simplemap.cc:420:simplemap_dff$11016 to $_DFFE_PP_ for $techmap\u_core.pcpi_mul.$0\rd[63:0] [4] -> \u_core.pcpi_mul.rd [4].
  converting $_DFF_P_ cell $auto$simplemap.cc:420:simplemap_dff$11017 to $_DFFE_PP_ for $techmap\u_core.pcpi_mul.$0\rd[63:0] [5] -> \u_core.pcpi_mul.rd [5].
  converting $_DFF_P_ cell $auto$simplemap.cc:420:simplemap_dff$11018 to $_DFFE_PP_ for $techmap\u_core.pcpi_mul.$0\rd[63:0] [6] -> \u_core.pcpi_mul.rd [6].
  converting $_DFF_P_ cell $auto$simplemap.cc:420:simplemap_dff$11019 to $_DFFE_PP_ for $techmap\u_core.pcpi_mul.$0\rd[63:0] [7] -> \u_core.pcpi_mul.rd [7].
  converting $_DFF_P_ cell $auto$simplemap.cc:420:simplemap_dff$11020 to $_DFFE_PP_ for $techmap\u_core.pcpi_mul.$0\rd[63:0] [8] -> \u_core.pcpi_mul.rd [8].
  converting $_DFF_P_ cell $auto$simplemap.cc:420:simplemap_dff$11021 to $_DFFE_PP_ for $techmap\u_core.pcpi_mul.$0\rd[63:0] [9] -> \u_core.pcpi_mul.rd [9].
  converting $_DFF_P_ cell $auto$simplemap.cc:420:simplemap_dff$11022 to $_DFFE_PP_ for $techmap\u_core.pcpi_mul.$0\rd[63:0] [10] -> \u_core.pcpi_mul.rd [10].
  converting $_DFF_P_ cell $auto$simplemap.cc:420:simplemap_dff$11023 to $_DFFE_PP_ for $techmap\u_core.pcpi_mul.$0\rd[63:0] [11] -> \u_core.pcpi_mul.rd [11].
  converting $_DFF_P_ cell $auto$simplemap.cc:420:simplemap_dff$11024 to $_DFFE_PP_ for $techmap\u_core.pcpi_mul.$0\rd[63:0] [12] -> \u_core.pcpi_mul.rd [12].
  converting $_DFF_P_ cell $auto$simplemap.cc:420:simplemap_dff$11025 to $_DFFE_PP_ for $techmap\u_core.pcpi_mul.$0\rd[63:0] [13] -> \u_core.pcpi_mul.rd [13].
  converting $_DFF_P_ cell $auto$simplemap.cc:420:simplemap_dff$11026 to $_DFFE_PP_ for $techmap\u_core.pcpi_mul.$0\rd[63:0] [14] -> \u_core.pcpi_mul.rd [14].
  converting $_DFF_P_ cell $auto$simplemap.cc:420:simplemap_dff$11027 to $_DFFE_PP_ for $techmap\u_core.pcpi_mul.$0\rd[63:0] [15] -> \u_core.pcpi_mul.rd [15].
  converting $_DFF_P_ cell $auto$simplemap.cc:420:simplemap_dff$11028 to $_DFFE_PP_ for $techmap\u_core.pcpi_mul.$0\rd[63:0] [16] -> \u_core.pcpi_mul.rd [16].
  converting $_DFF_P_ cell $auto$simplemap.cc:420:simplemap_dff$11029 to $_DFFE_PP_ for $techmap\u_core.pcpi_mul.$0\rd[63:0] [17] -> \u_core.pcpi_mul.rd [17].
  converting $_DFF_P_ cell $auto$simplemap.cc:420:simplemap_dff$11030 to $_DFFE_PP_ for $techmap\u_core.pcpi_mul.$0\rd[63:0] [18] -> \u_core.pcpi_mul.rd [18].
  converting $_DFF_P_ cell $auto$simplemap.cc:420:simplemap_dff$11031 to $_DFFE_PP_ for $techmap\u_core.pcpi_mul.$0\rd[63:0] [19] -> \u_core.pcpi_mul.rd [19].
  converting $_DFF_P_ cell $auto$simplemap.cc:420:simplemap_dff$11032 to $_DFFE_PP_ for $techmap\u_core.pcpi_mul.$0\rd[63:0] [20] -> \u_core.pcpi_mul.rd [20].
  converting $_DFF_P_ cell $auto$simplemap.cc:420:simplemap_dff$11033 to $_DFFE_PP_ for $techmap\u_core.pcpi_mul.$0\rd[63:0] [21] -> \u_core.pcpi_mul.rd [21].
  converting $_DFF_P_ cell $auto$simplemap.cc:420:simplemap_dff$11034 to $_DFFE_PP_ for $techmap\u_core.pcpi_mul.$0\rd[63:0] [22] -> \u_core.pcpi_mul.rd [22].
  converting $_DFF_P_ cell $auto$simplemap.cc:420:simplemap_dff$11035 to $_DFFE_PP_ for $techmap\u_core.pcpi_mul.$0\rd[63:0] [23] -> \u_core.pcpi_mul.rd [23].
  converting $_DFF_P_ cell $auto$simplemap.cc:420:simplemap_dff$11036 to $_DFFE_PP_ for $techmap\u_core.pcpi_mul.$0\rd[63:0] [24] -> \u_core.pcpi_mul.rd [24].
  converting $_DFF_P_ cell $auto$simplemap.cc:420:simplemap_dff$11037 to $_DFFE_PP_ for $techmap\u_core.pcpi_mul.$0\rd[63:0] [25] -> \u_core.pcpi_mul.rd [25].
  converting $_DFF_P_ cell $auto$simplemap.cc:420:simplemap_dff$11038 to $_DFFE_PP_ for $techmap\u_core.pcpi_mul.$0\rd[63:0] [26] -> \u_core.pcpi_mul.rd [26].
  converting $_DFF_P_ cell $auto$simplemap.cc:420:simplemap_dff$11039 to $_DFFE_PP_ for $techmap\u_core.pcpi_mul.$0\rd[63:0] [27] -> \u_core.pcpi_mul.rd [27].
  converting $_DFF_P_ cell $auto$simplemap.cc:420:simplemap_dff$11040 to $_DFFE_PP_ for $techmap\u_core.pcpi_mul.$0\rd[63:0] [28] -> \u_core.pcpi_mul.rd [28].
  converting $_DFF_P_ cell $auto$simplemap.cc:420:simplemap_dff$11041 to $_DFFE_PP_ for $techmap\u_core.pcpi_mul.$0\rd[63:0] [29] -> \u_core.pcpi_mul.rd [29].
  converting $_DFF_P_ cell $auto$simplemap.cc:420:simplemap_dff$11042 to $_DFFE_PP_ for $techmap\u_core.pcpi_mul.$0\rd[63:0] [30] -> \u_core.pcpi_mul.rd [30].
  converting $_DFF_P_ cell $auto$simplemap.cc:420:simplemap_dff$11043 to $_DFFE_PP_ for $techmap\u_core.pcpi_mul.$0\rd[63:0] [31] -> \u_core.pcpi_mul.rd [31].
  converting $_DFF_P_ cell $auto$simplemap.cc:420:simplemap_dff$11044 to $_DFFE_PP_ for $techmap\u_core.pcpi_mul.$0\rd[63:0] [32] -> \u_core.pcpi_mul.rd [32].
  converting $_DFF_P_ cell $auto$simplemap.cc:420:simplemap_dff$11045 to $_DFFE_PP_ for $techmap\u_core.pcpi_mul.$0\rd[63:0] [33] -> \u_core.pcpi_mul.rd [33].
  converting $_DFF_P_ cell $auto$simplemap.cc:420:simplemap_dff$11046 to $_DFFE_PP_ for $techmap\u_core.pcpi_mul.$0\rd[63:0] [34] -> \u_core.pcpi_mul.rd [34].
  converting $_DFF_P_ cell $auto$simplemap.cc:420:simplemap_dff$11047 to $_DFFE_PP_ for $techmap\u_core.pcpi_mul.$0\rd[63:0] [35] -> \u_core.pcpi_mul.rd [35].
  converting $_DFF_P_ cell $auto$simplemap.cc:420:simplemap_dff$11048 to $_DFFE_PP_ for $techmap\u_core.pcpi_mul.$0\rd[63:0] [36] -> \u_core.pcpi_mul.rd [36].
  converting $_DFF_P_ cell $auto$simplemap.cc:420:simplemap_dff$11049 to $_DFFE_PP_ for $techmap\u_core.pcpi_mul.$0\rd[63:0] [37] -> \u_core.pcpi_mul.rd [37].
  converting $_DFF_P_ cell $auto$simplemap.cc:420:simplemap_dff$11050 to $_DFFE_PP_ for $techmap\u_core.pcpi_mul.$0\rd[63:0] [38] -> \u_core.pcpi_mul.rd [38].
  converting $_DFF_P_ cell $auto$simplemap.cc:420:simplemap_dff$11051 to $_DFFE_PP_ for $techmap\u_core.pcpi_mul.$0\rd[63:0] [39] -> \u_core.pcpi_mul.rd [39].
  converting $_DFF_P_ cell $auto$simplemap.cc:420:simplemap_dff$11052 to $_DFFE_PP_ for $techmap\u_core.pcpi_mul.$0\rd[63:0] [40] -> \u_core.pcpi_mul.rd [40].
  converting $_DFF_P_ cell $auto$simplemap.cc:420:simplemap_dff$11053 to $_DFFE_PP_ for $techmap\u_core.pcpi_mul.$0\rd[63:0] [41] -> \u_core.pcpi_mul.rd [41].
  converting $_DFF_P_ cell $auto$simplemap.cc:420:simplemap_dff$11054 to $_DFFE_PP_ for $techmap\u_core.pcpi_mul.$0\rd[63:0] [42] -> \u_core.pcpi_mul.rd [42].
  converting $_DFF_P_ cell $auto$simplemap.cc:420:simplemap_dff$11055 to $_DFFE_PP_ for $techmap\u_core.pcpi_mul.$0\rd[63:0] [43] -> \u_core.pcpi_mul.rd [43].
  converting $_DFF_P_ cell $auto$simplemap.cc:420:simplemap_dff$11056 to $_DFFE_PP_ for $techmap\u_core.pcpi_mul.$0\rd[63:0] [44] -> \u_core.pcpi_mul.rd [44].
  converting $_DFF_P_ cell $auto$simplemap.cc:420:simplemap_dff$11057 to $_DFFE_PP_ for $techmap\u_core.pcpi_mul.$0\rd[63:0] [45] -> \u_core.pcpi_mul.rd [45].
  converting $_DFF_P_ cell $auto$simplemap.cc:420:simplemap_dff$11058 to $_DFFE_PP_ for $techmap\u_core.pcpi_mul.$0\rd[63:0] [46] -> \u_core.pcpi_mul.rd [46].
  converting $_DFF_P_ cell $auto$simplemap.cc:420:simplemap_dff$11059 to $_DFFE_PP_ for $techmap\u_core.pcpi_mul.$0\rd[63:0] [47] -> \u_core.pcpi_mul.rd [47].
  converting $_DFF_P_ cell $auto$simplemap.cc:420:simplemap_dff$11060 to $_DFFE_PP_ for $techmap\u_core.pcpi_mul.$0\rd[63:0] [48] -> \u_core.pcpi_mul.rd [48].
  converting $_DFF_P_ cell $auto$simplemap.cc:420:simplemap_dff$11061 to $_DFFE_PP_ for $techmap\u_core.pcpi_mul.$0\rd[63:0] [49] -> \u_core.pcpi_mul.rd [49].
  converting $_DFF_P_ cell $auto$simplemap.cc:420:simplemap_dff$11062 to $_DFFE_PP_ for $techmap\u_core.pcpi_mul.$0\rd[63:0] [50] -> \u_core.pcpi_mul.rd [50].
  converting $_DFF_P_ cell $auto$simplemap.cc:420:simplemap_dff$11063 to $_DFFE_PP_ for $techmap\u_core.pcpi_mul.$0\rd[63:0] [51] -> \u_core.pcpi_mul.rd [51].
  converting $_DFF_P_ cell $auto$simplemap.cc:420:simplemap_dff$11064 to $_DFFE_PP_ for $techmap\u_core.pcpi_mul.$0\rd[63:0] [52] -> \u_core.pcpi_mul.rd [52].
  converting $_DFF_P_ cell $auto$simplemap.cc:420:simplemap_dff$11065 to $_DFFE_PP_ for $techmap\u_core.pcpi_mul.$0\rd[63:0] [53] -> \u_core.pcpi_mul.rd [53].
  converting $_DFF_P_ cell $auto$simplemap.cc:420:simplemap_dff$11066 to $_DFFE_PP_ for $techmap\u_core.pcpi_mul.$0\rd[63:0] [54] -> \u_core.pcpi_mul.rd [54].
  converting $_DFF_P_ cell $auto$simplemap.cc:420:simplemap_dff$11067 to $_DFFE_PP_ for $techmap\u_core.pcpi_mul.$0\rd[63:0] [55] -> \u_core.pcpi_mul.rd [55].
  converting $_DFF_P_ cell $auto$simplemap.cc:420:simplemap_dff$11068 to $_DFFE_PP_ for $techmap\u_core.pcpi_mul.$0\rd[63:0] [56] -> \u_core.pcpi_mul.rd [56].
  converting $_DFF_P_ cell $auto$simplemap.cc:420:simplemap_dff$11069 to $_DFFE_PP_ for $techmap\u_core.pcpi_mul.$0\rd[63:0] [57] -> \u_core.pcpi_mul.rd [57].
  converting $_DFF_P_ cell $auto$simplemap.cc:420:simplemap_dff$11070 to $_DFFE_PP_ for $techmap\u_core.pcpi_mul.$0\rd[63:0] [58] -> \u_core.pcpi_mul.rd [58].
  converting $_DFF_P_ cell $auto$simplemap.cc:420:simplemap_dff$11071 to $_DFFE_PP_ for $techmap\u_core.pcpi_mul.$0\rd[63:0] [59] -> \u_core.pcpi_mul.rd [59].
  converting $_DFF_P_ cell $auto$simplemap.cc:420:simplemap_dff$11072 to $_DFFE_PP_ for $techmap\u_core.pcpi_mul.$0\rd[63:0] [60] -> \u_core.pcpi_mul.rd [60].
  converting $_DFF_P_ cell $auto$simplemap.cc:420:simplemap_dff$11073 to $_DFFE_PP_ for $techmap\u_core.pcpi_mul.$0\rd[63:0] [61] -> \u_core.pcpi_mul.rd [61].
  converting $_DFF_P_ cell $auto$simplemap.cc:420:simplemap_dff$11074 to $_DFFE_PP_ for $techmap\u_core.pcpi_mul.$0\rd[63:0] [62] -> \u_core.pcpi_mul.rd [62].
  converting $_DFF_P_ cell $auto$simplemap.cc:420:simplemap_dff$11075 to $_DFFE_PP_ for $techmap\u_core.pcpi_mul.$0\rd[63:0] [63] -> \u_core.pcpi_mul.rd [63].
  converting $_DFF_P_ cell $auto$simplemap.cc:420:simplemap_dff$11076 to $_DFFE_PP_ for $techmap\u_core.pcpi_mul.$0\rs2[63:0] [0] -> \u_core.pcpi_mul.rs2 [0].
  converting $_DFF_P_ cell $auto$simplemap.cc:420:simplemap_dff$11077 to $_DFFE_PP_ for $techmap\u_core.pcpi_mul.$0\rs2[63:0] [1] -> \u_core.pcpi_mul.rs2 [1].
  converting $_DFF_P_ cell $auto$simplemap.cc:420:simplemap_dff$11078 to $_DFFE_PP_ for $techmap\u_core.pcpi_mul.$0\rs2[63:0] [2] -> \u_core.pcpi_mul.rs2 [2].
  converting $_DFF_P_ cell $auto$simplemap.cc:420:simplemap_dff$11079 to $_DFFE_PP_ for $techmap\u_core.pcpi_mul.$0\rs2[63:0] [3] -> \u_core.pcpi_mul.rs2 [3].
  converting $_DFF_P_ cell $auto$simplemap.cc:420:simplemap_dff$11080 to $_DFFE_PP_ for $techmap\u_core.pcpi_mul.$0\rs2[63:0] [4] -> \u_core.pcpi_mul.rs2 [4].
  converting $_DFF_P_ cell $auto$simplemap.cc:420:simplemap_dff$11081 to $_DFFE_PP_ for $techmap\u_core.pcpi_mul.$0\rs2[63:0] [5] -> \u_core.pcpi_mul.rs2 [5].
  converting $_DFF_P_ cell $auto$simplemap.cc:420:simplemap_dff$11082 to $_DFFE_PP_ for $techmap\u_core.pcpi_mul.$0\rs2[63:0] [6] -> \u_core.pcpi_mul.rs2 [6].
  converting $_DFF_P_ cell $auto$simplemap.cc:420:simplemap_dff$11083 to $_DFFE_PP_ for $techmap\u_core.pcpi_mul.$0\rs2[63:0] [7] -> \u_core.pcpi_mul.rs2 [7].
  converting $_DFF_P_ cell $auto$simplemap.cc:420:simplemap_dff$11084 to $_DFFE_PP_ for $techmap\u_core.pcpi_mul.$0\rs2[63:0] [8] -> \u_core.pcpi_mul.rs2 [8].
  converting $_DFF_P_ cell $auto$simplemap.cc:420:simplemap_dff$11085 to $_DFFE_PP_ for $techmap\u_core.pcpi_mul.$0\rs2[63:0] [9] -> \u_core.pcpi_mul.rs2 [9].
  converting $_DFF_P_ cell $auto$simplemap.cc:420:simplemap_dff$11086 to $_DFFE_PP_ for $techmap\u_core.pcpi_mul.$0\rs2[63:0] [10] -> \u_core.pcpi_mul.rs2 [10].
  converting $_DFF_P_ cell $auto$simplemap.cc:420:simplemap_dff$11087 to $_DFFE_PP_ for $techmap\u_core.pcpi_mul.$0\rs2[63:0] [11] -> \u_core.pcpi_mul.rs2 [11].
  converting $_DFF_P_ cell $auto$simplemap.cc:420:simplemap_dff$11088 to $_DFFE_PP_ for $techmap\u_core.pcpi_mul.$0\rs2[63:0] [12] -> \u_core.pcpi_mul.rs2 [12].
  converting $_DFF_P_ cell $auto$simplemap.cc:420:simplemap_dff$11089 to $_DFFE_PP_ for $techmap\u_core.pcpi_mul.$0\rs2[63:0] [13] -> \u_core.pcpi_mul.rs2 [13].
  converting $_DFF_P_ cell $auto$simplemap.cc:420:simplemap_dff$11090 to $_DFFE_PP_ for $techmap\u_core.pcpi_mul.$0\rs2[63:0] [14] -> \u_core.pcpi_mul.rs2 [14].
  converting $_DFF_P_ cell $auto$simplemap.cc:420:simplemap_dff$11091 to $_DFFE_PP_ for $techmap\u_core.pcpi_mul.$0\rs2[63:0] [15] -> \u_core.pcpi_mul.rs2 [15].
  converting $_DFF_P_ cell $auto$simplemap.cc:420:simplemap_dff$11092 to $_DFFE_PP_ for $techmap\u_core.pcpi_mul.$0\rs2[63:0] [16] -> \u_core.pcpi_mul.rs2 [16].
  converting $_DFF_P_ cell $auto$simplemap.cc:420:simplemap_dff$11093 to $_DFFE_PP_ for $techmap\u_core.pcpi_mul.$0\rs2[63:0] [17] -> \u_core.pcpi_mul.rs2 [17].
  converting $_DFF_P_ cell $auto$simplemap.cc:420:simplemap_dff$11094 to $_DFFE_PP_ for $techmap\u_core.pcpi_mul.$0\rs2[63:0] [18] -> \u_core.pcpi_mul.rs2 [18].
  converting $_DFF_P_ cell $auto$simplemap.cc:420:simplemap_dff$11095 to $_DFFE_PP_ for $techmap\u_core.pcpi_mul.$0\rs2[63:0] [19] -> \u_core.pcpi_mul.rs2 [19].
  converting $_DFF_P_ cell $auto$simplemap.cc:420:simplemap_dff$11096 to $_DFFE_PP_ for $techmap\u_core.pcpi_mul.$0\rs2[63:0] [20] -> \u_core.pcpi_mul.rs2 [20].
  converting $_DFF_P_ cell $auto$simplemap.cc:420:simplemap_dff$11097 to $_DFFE_PP_ for $techmap\u_core.pcpi_mul.$0\rs2[63:0] [21] -> \u_core.pcpi_mul.rs2 [21].
  converting $_DFF_P_ cell $auto$simplemap.cc:420:simplemap_dff$11098 to $_DFFE_PP_ for $techmap\u_core.pcpi_mul.$0\rs2[63:0] [22] -> \u_core.pcpi_mul.rs2 [22].
  converting $_DFF_P_ cell $auto$simplemap.cc:420:simplemap_dff$11099 to $_DFFE_PP_ for $techmap\u_core.pcpi_mul.$0\rs2[63:0] [23] -> \u_core.pcpi_mul.rs2 [23].
  converting $_DFF_P_ cell $auto$simplemap.cc:420:simplemap_dff$11100 to $_DFFE_PP_ for $techmap\u_core.pcpi_mul.$0\rs2[63:0] [24] -> \u_core.pcpi_mul.rs2 [24].
  converting $_DFF_P_ cell $auto$simplemap.cc:420:simplemap_dff$11101 to $_DFFE_PP_ for $techmap\u_core.pcpi_mul.$0\rs2[63:0] [25] -> \u_core.pcpi_mul.rs2 [25].
  converting $_DFF_P_ cell $auto$simplemap.cc:420:simplemap_dff$11102 to $_DFFE_PP_ for $techmap\u_core.pcpi_mul.$0\rs2[63:0] [26] -> \u_core.pcpi_mul.rs2 [26].
  converting $_DFF_P_ cell $auto$simplemap.cc:420:simplemap_dff$11103 to $_DFFE_PP_ for $techmap\u_core.pcpi_mul.$0\rs2[63:0] [27] -> \u_core.pcpi_mul.rs2 [27].
  converting $_DFF_P_ cell $auto$simplemap.cc:420:simplemap_dff$11104 to $_DFFE_PP_ for $techmap\u_core.pcpi_mul.$0\rs2[63:0] [28] -> \u_core.pcpi_mul.rs2 [28].
  converting $_DFF_P_ cell $auto$simplemap.cc:420:simplemap_dff$11105 to $_DFFE_PP_ for $techmap\u_core.pcpi_mul.$0\rs2[63:0] [29] -> \u_core.pcpi_mul.rs2 [29].
  converting $_DFF_P_ cell $auto$simplemap.cc:420:simplemap_dff$11106 to $_DFFE_PP_ for $techmap\u_core.pcpi_mul.$0\rs2[63:0] [30] -> \u_core.pcpi_mul.rs2 [30].
  converting $_DFF_P_ cell $auto$simplemap.cc:420:simplemap_dff$11107 to $_DFFE_PP_ for $techmap\u_core.pcpi_mul.$0\rs2[63:0] [31] -> \u_core.pcpi_mul.rs2 [31].
  converting $_DFF_P_ cell $auto$simplemap.cc:420:simplemap_dff$11108 to $_DFFE_PP_ for $techmap\u_core.pcpi_mul.$0\rs2[63:0] [32] -> \u_core.pcpi_mul.rs2 [32].
  converting $_DFF_P_ cell $auto$simplemap.cc:420:simplemap_dff$11109 to $_DFFE_PP_ for $techmap\u_core.pcpi_mul.$0\rs2[63:0] [33] -> \u_core.pcpi_mul.rs2 [33].
  converting $_DFF_P_ cell $auto$simplemap.cc:420:simplemap_dff$11110 to $_DFFE_PP_ for $techmap\u_core.pcpi_mul.$0\rs2[63:0] [34] -> \u_core.pcpi_mul.rs2 [34].
  converting $_DFF_P_ cell $auto$simplemap.cc:420:simplemap_dff$11111 to $_DFFE_PP_ for $techmap\u_core.pcpi_mul.$0\rs2[63:0] [35] -> \u_core.pcpi_mul.rs2 [35].
  converting $_DFF_P_ cell $auto$simplemap.cc:420:simplemap_dff$11112 to $_DFFE_PP_ for $techmap\u_core.pcpi_mul.$0\rs2[63:0] [36] -> \u_core.pcpi_mul.rs2 [36].
  converting $_DFF_P_ cell $auto$simplemap.cc:420:simplemap_dff$11113 to $_DFFE_PP_ for $techmap\u_core.pcpi_mul.$0\rs2[63:0] [37] -> \u_core.pcpi_mul.rs2 [37].
  converting $_DFF_P_ cell $auto$simplemap.cc:420:simplemap_dff$11114 to $_DFFE_PP_ for $techmap\u_core.pcpi_mul.$0\rs2[63:0] [38] -> \u_core.pcpi_mul.rs2 [38].
  converting $_DFF_P_ cell $auto$simplemap.cc:420:simplemap_dff$11115 to $_DFFE_PP_ for $techmap\u_core.pcpi_mul.$0\rs2[63:0] [39] -> \u_core.pcpi_mul.rs2 [39].
  converting $_DFF_P_ cell $auto$simplemap.cc:420:simplemap_dff$11116 to $_DFFE_PP_ for $techmap\u_core.pcpi_mul.$0\rs2[63:0] [40] -> \u_core.pcpi_mul.rs2 [40].
  converting $_DFF_P_ cell $auto$simplemap.cc:420:simplemap_dff$11117 to $_DFFE_PP_ for $techmap\u_core.pcpi_mul.$0\rs2[63:0] [41] -> \u_core.pcpi_mul.rs2 [41].
  converting $_DFF_P_ cell $auto$simplemap.cc:420:simplemap_dff$11118 to $_DFFE_PP_ for $techmap\u_core.pcpi_mul.$0\rs2[63:0] [42] -> \u_core.pcpi_mul.rs2 [42].
  converting $_DFF_P_ cell $auto$simplemap.cc:420:simplemap_dff$11119 to $_DFFE_PP_ for $techmap\u_core.pcpi_mul.$0\rs2[63:0] [43] -> \u_core.pcpi_mul.rs2 [43].
  converting $_DFF_P_ cell $auto$simplemap.cc:420:simplemap_dff$11120 to $_DFFE_PP_ for $techmap\u_core.pcpi_mul.$0\rs2[63:0] [44] -> \u_core.pcpi_mul.rs2 [44].
  converting $_DFF_P_ cell $auto$simplemap.cc:420:simplemap_dff$11121 to $_DFFE_PP_ for $techmap\u_core.pcpi_mul.$0\rs2[63:0] [45] -> \u_core.pcpi_mul.rs2 [45].
  converting $_DFF_P_ cell $auto$simplemap.cc:420:simplemap_dff$11122 to $_DFFE_PP_ for $techmap\u_core.pcpi_mul.$0\rs2[63:0] [46] -> \u_core.pcpi_mul.rs2 [46].
  converting $_DFF_P_ cell $auto$simplemap.cc:420:simplemap_dff$11123 to $_DFFE_PP_ for $techmap\u_core.pcpi_mul.$0\rs2[63:0] [47] -> \u_core.pcpi_mul.rs2 [47].
  converting $_DFF_P_ cell $auto$simplemap.cc:420:simplemap_dff$11124 to $_DFFE_PP_ for $techmap\u_core.pcpi_mul.$0\rs2[63:0] [48] -> \u_core.pcpi_mul.rs2 [48].
  converting $_DFF_P_ cell $auto$simplemap.cc:420:simplemap_dff$11125 to $_DFFE_PP_ for $techmap\u_core.pcpi_mul.$0\rs2[63:0] [49] -> \u_core.pcpi_mul.rs2 [49].
  converting $_DFF_P_ cell $auto$simplemap.cc:420:simplemap_dff$11126 to $_DFFE_PP_ for $techmap\u_core.pcpi_mul.$0\rs2[63:0] [50] -> \u_core.pcpi_mul.rs2 [50].
  converting $_DFF_P_ cell $auto$simplemap.cc:420:simplemap_dff$11127 to $_DFFE_PP_ for $techmap\u_core.pcpi_mul.$0\rs2[63:0] [51] -> \u_core.pcpi_mul.rs2 [51].
  converting $_DFF_P_ cell $auto$simplemap.cc:420:simplemap_dff$11128 to $_DFFE_PP_ for $techmap\u_core.pcpi_mul.$0\rs2[63:0] [52] -> \u_core.pcpi_mul.rs2 [52].
  converting $_DFF_P_ cell $auto$simplemap.cc:420:simplemap_dff$11129 to $_DFFE_PP_ for $techmap\u_core.pcpi_mul.$0\rs2[63:0] [53] -> \u_core.pcpi_mul.rs2 [53].
  converting $_DFF_P_ cell $auto$simplemap.cc:420:simplemap_dff$11130 to $_DFFE_PP_ for $techmap\u_core.pcpi_mul.$0\rs2[63:0] [54] -> \u_core.pcpi_mul.rs2 [54].
  converting $_DFF_P_ cell $auto$simplemap.cc:420:simplemap_dff$11131 to $_DFFE_PP_ for $techmap\u_core.pcpi_mul.$0\rs2[63:0] [55] -> \u_core.pcpi_mul.rs2 [55].
  converting $_DFF_P_ cell $auto$simplemap.cc:420:simplemap_dff$11132 to $_DFFE_PP_ for $techmap\u_core.pcpi_mul.$0\rs2[63:0] [56] -> \u_core.pcpi_mul.rs2 [56].
  converting $_DFF_P_ cell $auto$simplemap.cc:420:simplemap_dff$11133 to $_DFFE_PP_ for $techmap\u_core.pcpi_mul.$0\rs2[63:0] [57] -> \u_core.pcpi_mul.rs2 [57].
  converting $_DFF_P_ cell $auto$simplemap.cc:420:simplemap_dff$11134 to $_DFFE_PP_ for $techmap\u_core.pcpi_mul.$0\rs2[63:0] [58] -> \u_core.pcpi_mul.rs2 [58].
  converting $_DFF_P_ cell $auto$simplemap.cc:420:simplemap_dff$11135 to $_DFFE_PP_ for $techmap\u_core.pcpi_mul.$0\rs2[63:0] [59] -> \u_core.pcpi_mul.rs2 [59].
  converting $_DFF_P_ cell $auto$simplemap.cc:420:simplemap_dff$11136 to $_DFFE_PP_ for $techmap\u_core.pcpi_mul.$0\rs2[63:0] [60] -> \u_core.pcpi_mul.rs2 [60].
  converting $_DFF_P_ cell $auto$simplemap.cc:420:simplemap_dff$11137 to $_DFFE_PP_ for $techmap\u_core.pcpi_mul.$0\rs2[63:0] [61] -> \u_core.pcpi_mul.rs2 [61].
  converting $_DFF_P_ cell $auto$simplemap.cc:420:simplemap_dff$11138 to $_DFFE_PP_ for $techmap\u_core.pcpi_mul.$0\rs2[63:0] [62] -> \u_core.pcpi_mul.rs2 [62].
  converting $_DFF_P_ cell $auto$simplemap.cc:420:simplemap_dff$11139 to $_DFFE_PP_ for $techmap\u_core.pcpi_mul.$0\rs2[63:0] [63] -> \u_core.pcpi_mul.rs2 [63].
  converting $_DFF_P_ cell $auto$simplemap.cc:420:simplemap_dff$11140 to $_DFFE_PP_ for $techmap\u_core.pcpi_mul.$0\rs1[63:0] [0] -> \u_core.pcpi_mul.rs1 [0].
  converting $_DFF_P_ cell $auto$simplemap.cc:420:simplemap_dff$11141 to $_DFFE_PP_ for $techmap\u_core.pcpi_mul.$0\rs1[63:0] [1] -> \u_core.pcpi_mul.rs1 [1].
  converting $_DFF_P_ cell $auto$simplemap.cc:420:simplemap_dff$11142 to $_DFFE_PP_ for $techmap\u_core.pcpi_mul.$0\rs1[63:0] [2] -> \u_core.pcpi_mul.rs1 [2].
  converting $_DFF_P_ cell $auto$simplemap.cc:420:simplemap_dff$11143 to $_DFFE_PP_ for $techmap\u_core.pcpi_mul.$0\rs1[63:0] [3] -> \u_core.pcpi_mul.rs1 [3].
  converting $_DFF_P_ cell $auto$simplemap.cc:420:simplemap_dff$11144 to $_DFFE_PP_ for $techmap\u_core.pcpi_mul.$0\rs1[63:0] [4] -> \u_core.pcpi_mul.rs1 [4].
  converting $_DFF_P_ cell $auto$simplemap.cc:420:simplemap_dff$11145 to $_DFFE_PP_ for $techmap\u_core.pcpi_mul.$0\rs1[63:0] [5] -> \u_core.pcpi_mul.rs1 [5].
  converting $_DFF_P_ cell $auto$simplemap.cc:420:simplemap_dff$11146 to $_DFFE_PP_ for $techmap\u_core.pcpi_mul.$0\rs1[63:0] [6] -> \u_core.pcpi_mul.rs1 [6].
  converting $_DFF_P_ cell $auto$simplemap.cc:420:simplemap_dff$11147 to $_DFFE_PP_ for $techmap\u_core.pcpi_mul.$0\rs1[63:0] [7] -> \u_core.pcpi_mul.rs1 [7].
  converting $_DFF_P_ cell $auto$simplemap.cc:420:simplemap_dff$11148 to $_DFFE_PP_ for $techmap\u_core.pcpi_mul.$0\rs1[63:0] [8] -> \u_core.pcpi_mul.rs1 [8].
  converting $_DFF_P_ cell $auto$simplemap.cc:420:simplemap_dff$11149 to $_DFFE_PP_ for $techmap\u_core.pcpi_mul.$0\rs1[63:0] [9] -> \u_core.pcpi_mul.rs1 [9].
  converting $_DFF_P_ cell $auto$simplemap.cc:420:simplemap_dff$11150 to $_DFFE_PP_ for $techmap\u_core.pcpi_mul.$0\rs1[63:0] [10] -> \u_core.pcpi_mul.rs1 [10].
  converting $_DFF_P_ cell $auto$simplemap.cc:420:simplemap_dff$11151 to $_DFFE_PP_ for $techmap\u_core.pcpi_mul.$0\rs1[63:0] [11] -> \u_core.pcpi_mul.rs1 [11].
  converting $_DFF_P_ cell $auto$simplemap.cc:420:simplemap_dff$11152 to $_DFFE_PP_ for $techmap\u_core.pcpi_mul.$0\rs1[63:0] [12] -> \u_core.pcpi_mul.rs1 [12].
  converting $_DFF_P_ cell $auto$simplemap.cc:420:simplemap_dff$11153 to $_DFFE_PP_ for $techmap\u_core.pcpi_mul.$0\rs1[63:0] [13] -> \u_core.pcpi_mul.rs1 [13].
  converting $_DFF_P_ cell $auto$simplemap.cc:420:simplemap_dff$11154 to $_DFFE_PP_ for $techmap\u_core.pcpi_mul.$0\rs1[63:0] [14] -> \u_core.pcpi_mul.rs1 [14].
  converting $_DFF_P_ cell $auto$simplemap.cc:420:simplemap_dff$11155 to $_DFFE_PP_ for $techmap\u_core.pcpi_mul.$0\rs1[63:0] [15] -> \u_core.pcpi_mul.rs1 [15].
  converting $_DFF_P_ cell $auto$simplemap.cc:420:simplemap_dff$11156 to $_DFFE_PP_ for $techmap\u_core.pcpi_mul.$0\rs1[63:0] [16] -> \u_core.pcpi_mul.rs1 [16].
  converting $_DFF_P_ cell $auto$simplemap.cc:420:simplemap_dff$11157 to $_DFFE_PP_ for $techmap\u_core.pcpi_mul.$0\rs1[63:0] [17] -> \u_core.pcpi_mul.rs1 [17].
  converting $_DFF_P_ cell $auto$simplemap.cc:420:simplemap_dff$11158 to $_DFFE_PP_ for $techmap\u_core.pcpi_mul.$0\rs1[63:0] [18] -> \u_core.pcpi_mul.rs1 [18].
  converting $_DFF_P_ cell $auto$simplemap.cc:420:simplemap_dff$11159 to $_DFFE_PP_ for $techmap\u_core.pcpi_mul.$0\rs1[63:0] [19] -> \u_core.pcpi_mul.rs1 [19].
  converting $_DFF_P_ cell $auto$simplemap.cc:420:simplemap_dff$11160 to $_DFFE_PP_ for $techmap\u_core.pcpi_mul.$0\rs1[63:0] [20] -> \u_core.pcpi_mul.rs1 [20].
  converting $_DFF_P_ cell $auto$simplemap.cc:420:simplemap_dff$11161 to $_DFFE_PP_ for $techmap\u_core.pcpi_mul.$0\rs1[63:0] [21] -> \u_core.pcpi_mul.rs1 [21].
  converting $_DFF_P_ cell $auto$simplemap.cc:420:simplemap_dff$11162 to $_DFFE_PP_ for $techmap\u_core.pcpi_mul.$0\rs1[63:0] [22] -> \u_core.pcpi_mul.rs1 [22].
  converting $_DFF_P_ cell $auto$simplemap.cc:420:simplemap_dff$11163 to $_DFFE_PP_ for $techmap\u_core.pcpi_mul.$0\rs1[63:0] [23] -> \u_core.pcpi_mul.rs1 [23].
  converting $_DFF_P_ cell $auto$simplemap.cc:420:simplemap_dff$11164 to $_DFFE_PP_ for $techmap\u_core.pcpi_mul.$0\rs1[63:0] [24] -> \u_core.pcpi_mul.rs1 [24].
  converting $_DFF_P_ cell $auto$simplemap.cc:420:simplemap_dff$11165 to $_DFFE_PP_ for $techmap\u_core.pcpi_mul.$0\rs1[63:0] [25] -> \u_core.pcpi_mul.rs1 [25].
  converting $_DFF_P_ cell $auto$simplemap.cc:420:simplemap_dff$11166 to $_DFFE_PP_ for $techmap\u_core.pcpi_mul.$0\rs1[63:0] [26] -> \u_core.pcpi_mul.rs1 [26].
  converting $_DFF_P_ cell $auto$simplemap.cc:420:simplemap_dff$11167 to $_DFFE_PP_ for $techmap\u_core.pcpi_mul.$0\rs1[63:0] [27] -> \u_core.pcpi_mul.rs1 [27].
  converting $_DFF_P_ cell $auto$simplemap.cc:420:simplemap_dff$11168 to $_DFFE_PP_ for $techmap\u_core.pcpi_mul.$0\rs1[63:0] [28] -> \u_core.pcpi_mul.rs1 [28].
  converting $_DFF_P_ cell $auto$simplemap.cc:420:simplemap_dff$11169 to $_DFFE_PP_ for $techmap\u_core.pcpi_mul.$0\rs1[63:0] [29] -> \u_core.pcpi_mul.rs1 [29].
  converting $_DFF_P_ cell $auto$simplemap.cc:420:simplemap_dff$11170 to $_DFFE_PP_ for $techmap\u_core.pcpi_mul.$0\rs1[63:0] [30] -> \u_core.pcpi_mul.rs1 [30].
  converting $_DFF_P_ cell $auto$simplemap.cc:420:simplemap_dff$11171 to $_DFFE_PP_ for $techmap\u_core.pcpi_mul.$0\rs1[63:0] [31] -> \u_core.pcpi_mul.rs1 [31].
  converting $_DFF_P_ cell $auto$simplemap.cc:420:simplemap_dff$11172 to $_DFFE_PP_ for $techmap\u_core.pcpi_mul.$0\rs1[63:0] [32] -> \u_core.pcpi_mul.rs1 [32].
  converting $_DFF_P_ cell $auto$simplemap.cc:420:simplemap_dff$11173 to $_DFFE_PP_ for $techmap\u_core.pcpi_mul.$0\rs1[63:0] [33] -> \u_core.pcpi_mul.rs1 [33].
  converting $_DFF_P_ cell $auto$simplemap.cc:420:simplemap_dff$11174 to $_DFFE_PP_ for $techmap\u_core.pcpi_mul.$0\rs1[63:0] [34] -> \u_core.pcpi_mul.rs1 [34].
  converting $_DFF_P_ cell $auto$simplemap.cc:420:simplemap_dff$11175 to $_DFFE_PP_ for $techmap\u_core.pcpi_mul.$0\rs1[63:0] [35] -> \u_core.pcpi_mul.rs1 [35].
  converting $_DFF_P_ cell $auto$simplemap.cc:420:simplemap_dff$11176 to $_DFFE_PP_ for $techmap\u_core.pcpi_mul.$0\rs1[63:0] [36] -> \u_core.pcpi_mul.rs1 [36].
  converting $_DFF_P_ cell $auto$simplemap.cc:420:simplemap_dff$11177 to $_DFFE_PP_ for $techmap\u_core.pcpi_mul.$0\rs1[63:0] [37] -> \u_core.pcpi_mul.rs1 [37].
  converting $_DFF_P_ cell $auto$simplemap.cc:420:simplemap_dff$11178 to $_DFFE_PP_ for $techmap\u_core.pcpi_mul.$0\rs1[63:0] [38] -> \u_core.pcpi_mul.rs1 [38].
  converting $_DFF_P_ cell $auto$simplemap.cc:420:simplemap_dff$11179 to $_DFFE_PP_ for $techmap\u_core.pcpi_mul.$0\rs1[63:0] [39] -> \u_core.pcpi_mul.rs1 [39].
  converting $_DFF_P_ cell $auto$simplemap.cc:420:simplemap_dff$11180 to $_DFFE_PP_ for $techmap\u_core.pcpi_mul.$0\rs1[63:0] [40] -> \u_core.pcpi_mul.rs1 [40].
  converting $_DFF_P_ cell $auto$simplemap.cc:420:simplemap_dff$11181 to $_DFFE_PP_ for $techmap\u_core.pcpi_mul.$0\rs1[63:0] [41] -> \u_core.pcpi_mul.rs1 [41].
  converting $_DFF_P_ cell $auto$simplemap.cc:420:simplemap_dff$11182 to $_DFFE_PP_ for $techmap\u_core.pcpi_mul.$0\rs1[63:0] [42] -> \u_core.pcpi_mul.rs1 [42].
  converting $_DFF_P_ cell $auto$simplemap.cc:420:simplemap_dff$11183 to $_DFFE_PP_ for $techmap\u_core.pcpi_mul.$0\rs1[63:0] [43] -> \u_core.pcpi_mul.rs1 [43].
  converting $_DFF_P_ cell $auto$simplemap.cc:420:simplemap_dff$11184 to $_DFFE_PP_ for $techmap\u_core.pcpi_mul.$0\rs1[63:0] [44] -> \u_core.pcpi_mul.rs1 [44].
  converting $_DFF_P_ cell $auto$simplemap.cc:420:simplemap_dff$11185 to $_DFFE_PP_ for $techmap\u_core.pcpi_mul.$0\rs1[63:0] [45] -> \u_core.pcpi_mul.rs1 [45].
  converting $_DFF_P_ cell $auto$simplemap.cc:420:simplemap_dff$11186 to $_DFFE_PP_ for $techmap\u_core.pcpi_mul.$0\rs1[63:0] [46] -> \u_core.pcpi_mul.rs1 [46].
  converting $_DFF_P_ cell $auto$simplemap.cc:420:simplemap_dff$11187 to $_DFFE_PP_ for $techmap\u_core.pcpi_mul.$0\rs1[63:0] [47] -> \u_core.pcpi_mul.rs1 [47].
  converting $_DFF_P_ cell $auto$simplemap.cc:420:simplemap_dff$11188 to $_DFFE_PP_ for $techmap\u_core.pcpi_mul.$0\rs1[63:0] [48] -> \u_core.pcpi_mul.rs1 [48].
  converting $_DFF_P_ cell $auto$simplemap.cc:420:simplemap_dff$11189 to $_DFFE_PP_ for $techmap\u_core.pcpi_mul.$0\rs1[63:0] [49] -> \u_core.pcpi_mul.rs1 [49].
  converting $_DFF_P_ cell $auto$simplemap.cc:420:simplemap_dff$11190 to $_DFFE_PP_ for $techmap\u_core.pcpi_mul.$0\rs1[63:0] [50] -> \u_core.pcpi_mul.rs1 [50].
  converting $_DFF_P_ cell $auto$simplemap.cc:420:simplemap_dff$11191 to $_DFFE_PP_ for $techmap\u_core.pcpi_mul.$0\rs1[63:0] [51] -> \u_core.pcpi_mul.rs1 [51].
  converting $_DFF_P_ cell $auto$simplemap.cc:420:simplemap_dff$11192 to $_DFFE_PP_ for $techmap\u_core.pcpi_mul.$0\rs1[63:0] [52] -> \u_core.pcpi_mul.rs1 [52].
  converting $_DFF_P_ cell $auto$simplemap.cc:420:simplemap_dff$11193 to $_DFFE_PP_ for $techmap\u_core.pcpi_mul.$0\rs1[63:0] [53] -> \u_core.pcpi_mul.rs1 [53].
  converting $_DFF_P_ cell $auto$simplemap.cc:420:simplemap_dff$11194 to $_DFFE_PP_ for $techmap\u_core.pcpi_mul.$0\rs1[63:0] [54] -> \u_core.pcpi_mul.rs1 [54].
  converting $_DFF_P_ cell $auto$simplemap.cc:420:simplemap_dff$11195 to $_DFFE_PP_ for $techmap\u_core.pcpi_mul.$0\rs1[63:0] [55] -> \u_core.pcpi_mul.rs1 [55].
  converting $_DFF_P_ cell $auto$simplemap.cc:420:simplemap_dff$11196 to $_DFFE_PP_ for $techmap\u_core.pcpi_mul.$0\rs1[63:0] [56] -> \u_core.pcpi_mul.rs1 [56].
  converting $_DFF_P_ cell $auto$simplemap.cc:420:simplemap_dff$11197 to $_DFFE_PP_ for $techmap\u_core.pcpi_mul.$0\rs1[63:0] [57] -> \u_core.pcpi_mul.rs1 [57].
  converting $_DFF_P_ cell $auto$simplemap.cc:420:simplemap_dff$11198 to $_DFFE_PP_ for $techmap\u_core.pcpi_mul.$0\rs1[63:0] [58] -> \u_core.pcpi_mul.rs1 [58].
  converting $_DFF_P_ cell $auto$simplemap.cc:420:simplemap_dff$11199 to $_DFFE_PP_ for $techmap\u_core.pcpi_mul.$0\rs1[63:0] [59] -> \u_core.pcpi_mul.rs1 [59].
  converting $_DFF_P_ cell $auto$simplemap.cc:420:simplemap_dff$11200 to $_DFFE_PP_ for $techmap\u_core.pcpi_mul.$0\rs1[63:0] [60] -> \u_core.pcpi_mul.rs1 [60].
  converting $_DFF_P_ cell $auto$simplemap.cc:420:simplemap_dff$11201 to $_DFFE_PP_ for $techmap\u_core.pcpi_mul.$0\rs1[63:0] [61] -> \u_core.pcpi_mul.rs1 [61].
  converting $_DFF_P_ cell $auto$simplemap.cc:420:simplemap_dff$11202 to $_DFFE_PP_ for $techmap\u_core.pcpi_mul.$0\rs1[63:0] [62] -> \u_core.pcpi_mul.rs1 [62].
  converting $_DFF_P_ cell $auto$simplemap.cc:420:simplemap_dff$11203 to $_DFFE_PP_ for $techmap\u_core.pcpi_mul.$0\rs1[63:0] [63] -> \u_core.pcpi_mul.rs1 [63].
  converting $_DFF_P_ cell $auto$simplemap.cc:420:simplemap_dff$11204 to $_DFFE_PP_ for $techmap\u_core.pcpi_mul.$0\pcpi_rd[31:0] [0] -> \u_core.pcpi_mul.pcpi_rd [0].
  converting $_DFF_P_ cell $auto$simplemap.cc:420:simplemap_dff$11205 to $_DFFE_PP_ for $techmap\u_core.pcpi_mul.$0\pcpi_rd[31:0] [1] -> \u_core.pcpi_mul.pcpi_rd [1].
  converting $_DFF_P_ cell $auto$simplemap.cc:420:simplemap_dff$11206 to $_DFFE_PP_ for $techmap\u_core.pcpi_mul.$0\pcpi_rd[31:0] [2] -> \u_core.pcpi_mul.pcpi_rd [2].
  converting $_DFF_P_ cell $auto$simplemap.cc:420:simplemap_dff$11207 to $_DFFE_PP_ for $techmap\u_core.pcpi_mul.$0\pcpi_rd[31:0] [3] -> \u_core.pcpi_mul.pcpi_rd [3].
  converting $_DFF_P_ cell $auto$simplemap.cc:420:simplemap_dff$11208 to $_DFFE_PP_ for $techmap\u_core.pcpi_mul.$0\pcpi_rd[31:0] [4] -> \u_core.pcpi_mul.pcpi_rd [4].
  converting $_DFF_P_ cell $auto$simplemap.cc:420:simplemap_dff$11209 to $_DFFE_PP_ for $techmap\u_core.pcpi_mul.$0\pcpi_rd[31:0] [5] -> \u_core.pcpi_mul.pcpi_rd [5].
  converting $_DFF_P_ cell $auto$simplemap.cc:420:simplemap_dff$11210 to $_DFFE_PP_ for $techmap\u_core.pcpi_mul.$0\pcpi_rd[31:0] [6] -> \u_core.pcpi_mul.pcpi_rd [6].
  converting $_DFF_P_ cell $auto$simplemap.cc:420:simplemap_dff$11211 to $_DFFE_PP_ for $techmap\u_core.pcpi_mul.$0\pcpi_rd[31:0] [7] -> \u_core.pcpi_mul.pcpi_rd [7].
  converting $_DFF_P_ cell $auto$simplemap.cc:420:simplemap_dff$11212 to $_DFFE_PP_ for $techmap\u_core.pcpi_mul.$0\pcpi_rd[31:0] [8] -> \u_core.pcpi_mul.pcpi_rd [8].
  converting $_DFF_P_ cell $auto$simplemap.cc:420:simplemap_dff$11213 to $_DFFE_PP_ for $techmap\u_core.pcpi_mul.$0\pcpi_rd[31:0] [9] -> \u_core.pcpi_mul.pcpi_rd [9].
  converting $_DFF_P_ cell $auto$simplemap.cc:420:simplemap_dff$11214 to $_DFFE_PP_ for $techmap\u_core.pcpi_mul.$0\pcpi_rd[31:0] [10] -> \u_core.pcpi_mul.pcpi_rd [10].
  converting $_DFF_P_ cell $auto$simplemap.cc:420:simplemap_dff$11215 to $_DFFE_PP_ for $techmap\u_core.pcpi_mul.$0\pcpi_rd[31:0] [11] -> \u_core.pcpi_mul.pcpi_rd [11].
  converting $_DFF_P_ cell $auto$simplemap.cc:420:simplemap_dff$11216 to $_DFFE_PP_ for $techmap\u_core.pcpi_mul.$0\pcpi_rd[31:0] [12] -> \u_core.pcpi_mul.pcpi_rd [12].
  converting $_DFF_P_ cell $auto$simplemap.cc:420:simplemap_dff$11217 to $_DFFE_PP_ for $techmap\u_core.pcpi_mul.$0\pcpi_rd[31:0] [13] -> \u_core.pcpi_mul.pcpi_rd [13].
  converting $_DFF_P_ cell $auto$simplemap.cc:420:simplemap_dff$11218 to $_DFFE_PP_ for $techmap\u_core.pcpi_mul.$0\pcpi_rd[31:0] [14] -> \u_core.pcpi_mul.pcpi_rd [14].
  converting $_DFF_P_ cell $auto$simplemap.cc:420:simplemap_dff$11219 to $_DFFE_PP_ for $techmap\u_core.pcpi_mul.$0\pcpi_rd[31:0] [15] -> \u_core.pcpi_mul.pcpi_rd [15].
  converting $_DFF_P_ cell $auto$simplemap.cc:420:simplemap_dff$11220 to $_DFFE_PP_ for $techmap\u_core.pcpi_mul.$0\pcpi_rd[31:0] [16] -> \u_core.pcpi_mul.pcpi_rd [16].
  converting $_DFF_P_ cell $auto$simplemap.cc:420:simplemap_dff$11221 to $_DFFE_PP_ for $techmap\u_core.pcpi_mul.$0\pcpi_rd[31:0] [17] -> \u_core.pcpi_mul.pcpi_rd [17].
  converting $_DFF_P_ cell $auto$simplemap.cc:420:simplemap_dff$11222 to $_DFFE_PP_ for $techmap\u_core.pcpi_mul.$0\pcpi_rd[31:0] [18] -> \u_core.pcpi_mul.pcpi_rd [18].
  converting $_DFF_P_ cell $auto$simplemap.cc:420:simplemap_dff$11223 to $_DFFE_PP_ for $techmap\u_core.pcpi_mul.$0\pcpi_rd[31:0] [19] -> \u_core.pcpi_mul.pcpi_rd [19].
  converting $_DFF_P_ cell $auto$simplemap.cc:420:simplemap_dff$11224 to $_DFFE_PP_ for $techmap\u_core.pcpi_mul.$0\pcpi_rd[31:0] [20] -> \u_core.pcpi_mul.pcpi_rd [20].
  converting $_DFF_P_ cell $auto$simplemap.cc:420:simplemap_dff$11225 to $_DFFE_PP_ for $techmap\u_core.pcpi_mul.$0\pcpi_rd[31:0] [21] -> \u_core.pcpi_mul.pcpi_rd [21].
  converting $_DFF_P_ cell $auto$simplemap.cc:420:simplemap_dff$11226 to $_DFFE_PP_ for $techmap\u_core.pcpi_mul.$0\pcpi_rd[31:0] [22] -> \u_core.pcpi_mul.pcpi_rd [22].
  converting $_DFF_P_ cell $auto$simplemap.cc:420:simplemap_dff$11227 to $_DFFE_PP_ for $techmap\u_core.pcpi_mul.$0\pcpi_rd[31:0] [23] -> \u_core.pcpi_mul.pcpi_rd [23].
  converting $_DFF_P_ cell $auto$simplemap.cc:420:simplemap_dff$11228 to $_DFFE_PP_ for $techmap\u_core.pcpi_mul.$0\pcpi_rd[31:0] [24] -> \u_core.pcpi_mul.pcpi_rd [24].
  converting $_DFF_P_ cell $auto$simplemap.cc:420:simplemap_dff$11229 to $_DFFE_PP_ for $techmap\u_core.pcpi_mul.$0\pcpi_rd[31:0] [25] -> \u_core.pcpi_mul.pcpi_rd [25].
  converting $_DFF_P_ cell $auto$simplemap.cc:420:simplemap_dff$11230 to $_DFFE_PP_ for $techmap\u_core.pcpi_mul.$0\pcpi_rd[31:0] [26] -> \u_core.pcpi_mul.pcpi_rd [26].
  converting $_DFF_P_ cell $auto$simplemap.cc:420:simplemap_dff$11231 to $_DFFE_PP_ for $techmap\u_core.pcpi_mul.$0\pcpi_rd[31:0] [27] -> \u_core.pcpi_mul.pcpi_rd [27].
  converting $_DFF_P_ cell $auto$simplemap.cc:420:simplemap_dff$11232 to $_DFFE_PP_ for $techmap\u_core.pcpi_mul.$0\pcpi_rd[31:0] [28] -> \u_core.pcpi_mul.pcpi_rd [28].
  converting $_DFF_P_ cell $auto$simplemap.cc:420:simplemap_dff$11233 to $_DFFE_PP_ for $techmap\u_core.pcpi_mul.$0\pcpi_rd[31:0] [29] -> \u_core.pcpi_mul.pcpi_rd [29].
  converting $_DFF_P_ cell $auto$simplemap.cc:420:simplemap_dff$11234 to $_DFFE_PP_ for $techmap\u_core.pcpi_mul.$0\pcpi_rd[31:0] [30] -> \u_core.pcpi_mul.pcpi_rd [30].
  converting $_DFF_P_ cell $auto$simplemap.cc:420:simplemap_dff$11235 to $_DFFE_PP_ for $techmap\u_core.pcpi_mul.$0\pcpi_rd[31:0] [31] -> \u_core.pcpi_mul.pcpi_rd [31].
  converting $_DFF_P_ cell $auto$simplemap.cc:420:simplemap_dff$6057 to $_DFFE_PP_ for $techmap\u_core.$0\mem_state[1:0] [0] -> \u_core.mem_state [0].
  converting $_DFF_P_ cell $auto$simplemap.cc:420:simplemap_dff$6058 to $_DFFE_PP_ for $techmap\u_core.$0\mem_state[1:0] [1] -> \u_core.mem_state [1].
  converting $_DFF_P_ cell $auto$simplemap.cc:420:simplemap_dff$6059 to $_DFFE_PP_ for $techmap\u_core.$0\mem_wstrb[3:0] [0] -> \u_core.mem_wstrb [0].
  converting $_DFF_P_ cell $auto$simplemap.cc:420:simplemap_dff$6060 to $_DFFE_PP_ for $techmap\u_core.$0\mem_wstrb[3:0] [1] -> \u_core.mem_wstrb [1].
  converting $_DFF_P_ cell $auto$simplemap.cc:420:simplemap_dff$6061 to $_DFFE_PP_ for $techmap\u_core.$0\mem_wstrb[3:0] [2] -> \u_core.mem_wstrb [2].
  converting $_DFF_P_ cell $auto$simplemap.cc:420:simplemap_dff$6062 to $_DFFE_PP_ for $techmap\u_core.$0\mem_wstrb[3:0] [3] -> \u_core.mem_wstrb [3].
  converting $_DFF_P_ cell $auto$simplemap.cc:420:simplemap_dff$6063 to $_DFFE_PP_ for $techmap\u_core.$0\mem_wdata[31:0] [0] -> \u_core.mem_wdata [0].
  converting $_DFF_P_ cell $auto$simplemap.cc:420:simplemap_dff$6064 to $_DFFE_PP_ for $techmap\u_core.$0\mem_wdata[31:0] [1] -> \u_core.mem_wdata [1].
  converting $_DFF_P_ cell $auto$simplemap.cc:420:simplemap_dff$6065 to $_DFFE_PP_ for $techmap\u_core.$0\mem_wdata[31:0] [2] -> \u_core.mem_wdata [2].
  converting $_DFF_P_ cell $auto$simplemap.cc:420:simplemap_dff$6066 to $_DFFE_PP_ for $techmap\u_core.$0\mem_wdata[31:0] [3] -> \u_core.mem_wdata [3].
  converting $_DFF_P_ cell $auto$simplemap.cc:420:simplemap_dff$6067 to $_DFFE_PP_ for $techmap\u_core.$0\mem_wdata[31:0] [4] -> \u_core.mem_wdata [4].
  converting $_DFF_P_ cell $auto$simplemap.cc:420:simplemap_dff$6068 to $_DFFE_PP_ for $techmap\u_core.$0\mem_wdata[31:0] [5] -> \u_core.mem_wdata [5].
  converting $_DFF_P_ cell $auto$simplemap.cc:420:simplemap_dff$6069 to $_DFFE_PP_ for $techmap\u_core.$0\mem_wdata[31:0] [6] -> \u_core.mem_wdata [6].
  converting $_DFF_P_ cell $auto$simplemap.cc:420:simplemap_dff$6070 to $_DFFE_PP_ for $techmap\u_core.$0\mem_wdata[31:0] [7] -> \u_core.mem_wdata [7].
  converting $_DFF_P_ cell $auto$simplemap.cc:420:simplemap_dff$6095 to $_DFFE_PP_ for $techmap\u_core.$0\mem_addr[31:0] [0] -> \u_core.mem_addr [0].
  converting $_DFF_P_ cell $auto$simplemap.cc:420:simplemap_dff$6096 to $_DFFE_PP_ for $techmap\u_core.$0\mem_addr[31:0] [1] -> \u_core.mem_addr [1].
  converting $_DFF_P_ cell $auto$simplemap.cc:420:simplemap_dff$6097 to $_DFFE_PP_ for $techmap\u_core.$0\mem_addr[31:0] [2] -> \u_core.mem_addr [2].
  converting $_DFF_P_ cell $auto$simplemap.cc:420:simplemap_dff$6098 to $_DFFE_PP_ for $techmap\u_core.$0\mem_addr[31:0] [3] -> \u_core.mem_addr [3].
  converting $_DFF_P_ cell $auto$simplemap.cc:420:simplemap_dff$6099 to $_DFFE_PP_ for $techmap\u_core.$0\mem_addr[31:0] [4] -> \u_core.mem_addr [4].
  converting $_DFF_P_ cell $auto$simplemap.cc:420:simplemap_dff$6100 to $_DFFE_PP_ for $techmap\u_core.$0\mem_addr[31:0] [5] -> \u_core.mem_addr [5].
  converting $_DFF_P_ cell $auto$simplemap.cc:420:simplemap_dff$6101 to $_DFFE_PP_ for $techmap\u_core.$0\mem_addr[31:0] [6] -> \u_core.mem_addr [6].
  converting $_DFF_P_ cell $auto$simplemap.cc:420:simplemap_dff$6102 to $_DFFE_PP_ for $techmap\u_core.$0\mem_addr[31:0] [7] -> \u_core.mem_addr [7].
  converting $_DFF_P_ cell $auto$simplemap.cc:420:simplemap_dff$6127 to $_DFFE_PP_ for $techmap\u_core.$0\mem_instr[0:0] -> \u_core.mem_instr.
  converting $_DFF_P_ cell $auto$simplemap.cc:420:simplemap_dff$6128 to $_DFFE_PP_ for $techmap\u_core.$0\mem_valid[0:0] -> \u_core.mem_valid.
  converting $_DFF_P_ cell $auto$simplemap.cc:420:simplemap_dff$6130 to $_DFFE_PP_ for $techmap\u_core.$0\is_alu_reg_reg[0:0] -> \u_core.is_alu_reg_reg.
  converting $_DFF_P_ cell $auto$simplemap.cc:420:simplemap_dff$6131 to $_DFFE_PP_ for $techmap\u_core.$0\is_alu_reg_imm[0:0] -> \u_core.is_alu_reg_imm.
  converting $_DFF_P_ cell $auto$simplemap.cc:420:simplemap_dff$6132 to $_DFFE_PP_ for $techmap\u_core.$0\is_beq_bne_blt_bge_bltu_bgeu[0:0] -> \u_core.is_beq_bne_blt_bge_bltu_bgeu.
  converting $_DFF_P_ cell $auto$simplemap.cc:420:simplemap_dff$6135 to $_DFFE_PP_ for $techmap\u_core.$0\is_sb_sh_sw[0:0] -> \u_core.is_sb_sh_sw.
  converting $_DFF_P_ cell $auto$simplemap.cc:420:simplemap_dff$6136 to $_DFFE_PP_ for $techmap\u_core.$0\is_jalr_addi_slti_sltiu_xori_ori_andi[0:0] -> \u_core.is_jalr_addi_slti_sltiu_xori_ori_andi.
  converting $_DFF_P_ cell $auto$simplemap.cc:420:simplemap_dff$6137 to $_DFFE_PP_ for $techmap\u_core.$0\is_slli_srli_srai[0:0] -> \u_core.is_slli_srli_srai.
  converting $_DFF_P_ cell $auto$simplemap.cc:420:simplemap_dff$6138 to $_DFFE_PP_ for $techmap\u_core.$0\is_lb_lh_lw_lbu_lhu[0:0] -> \u_core.is_lb_lh_lw_lbu_lhu.
  converting $_DFF_P_ cell $auto$simplemap.cc:420:simplemap_dff$6141 to $_DFFE_PP_ for $techmap\u_core.$0\decoded_imm_j[31:0] [0] -> \u_core.decoded_imm_j [0].
  converting $_DFF_P_ cell $auto$simplemap.cc:420:simplemap_dff$6142 to $_DFFE_PP_ for $techmap\u_core.$0\decoded_imm_j[31:0] [1] -> \u_core.decoded_imm_j [1].
  converting $_DFF_P_ cell $auto$simplemap.cc:420:simplemap_dff$6143 to $_DFFE_PP_ for $techmap\u_core.$0\decoded_imm_j[31:0] [2] -> \u_core.decoded_imm_j [2].
  converting $_DFF_P_ cell $auto$simplemap.cc:420:simplemap_dff$6144 to $_DFFE_PP_ for $techmap\u_core.$0\decoded_imm_j[31:0] [3] -> \u_core.decoded_imm_j [3].
  converting $_DFF_P_ cell $auto$simplemap.cc:420:simplemap_dff$6145 to $_DFFE_PP_ for $techmap\u_core.$0\decoded_imm_j[31:0] [4] -> \u_core.decoded_imm_j [4].
  converting $_DFF_P_ cell $auto$simplemap.cc:420:simplemap_dff$6146 to $_DFFE_PP_ for $techmap\u_core.$0\decoded_imm_j[31:0] [5] -> \u_core.decoded_imm_j [5].
  converting $_DFF_P_ cell $auto$simplemap.cc:420:simplemap_dff$6147 to $_DFFE_PP_ for $techmap\u_core.$0\decoded_imm_j[31:0] [6] -> \u_core.decoded_imm_j [6].
  converting $_DFF_P_ cell $auto$simplemap.cc:420:simplemap_dff$6148 to $_DFFE_PP_ for $techmap\u_core.$0\decoded_imm_j[31:0] [7] -> \u_core.decoded_imm_j [7].
  converting $_DFF_P_ cell $auto$simplemap.cc:420:simplemap_dff$6149 to $_DFFE_PP_ for $techmap\u_core.$0\decoded_imm_j[31:0] [8] -> \u_core.decoded_imm_j [8].
  converting $_DFF_P_ cell $auto$simplemap.cc:420:simplemap_dff$6150 to $_DFFE_PP_ for $techmap\u_core.$0\decoded_imm_j[31:0] [9] -> \u_core.decoded_imm_j [9].
  converting $_DFF_P_ cell $auto$simplemap.cc:420:simplemap_dff$6151 to $_DFFE_PP_ for $techmap\u_core.$0\decoded_imm_j[31:0] [10] -> \u_core.decoded_imm_j [10].
  converting $_DFF_P_ cell $auto$simplemap.cc:420:simplemap_dff$6152 to $_DFFE_PP_ for $techmap\u_core.$0\decoded_imm_j[31:0] [11] -> \u_core.decoded_imm_j [11].
  converting $_DFF_P_ cell $auto$simplemap.cc:420:simplemap_dff$6153 to $_DFFE_PP_ for $techmap\u_core.$0\decoded_imm_j[31:0] [12] -> \u_core.decoded_imm_j [12].
  converting $_DFF_P_ cell $auto$simplemap.cc:420:simplemap_dff$6154 to $_DFFE_PP_ for $techmap\u_core.$0\decoded_imm_j[31:0] [13] -> \u_core.decoded_imm_j [13].
  converting $_DFF_P_ cell $auto$simplemap.cc:420:simplemap_dff$6155 to $_DFFE_PP_ for $techmap\u_core.$0\decoded_imm_j[31:0] [14] -> \u_core.decoded_imm_j [14].
  converting $_DFF_P_ cell $auto$simplemap.cc:420:simplemap_dff$6156 to $_DFFE_PP_ for $techmap\u_core.$0\decoded_imm_j[31:0] [15] -> \u_core.decoded_imm_j [15].
  converting $_DFF_P_ cell $auto$simplemap.cc:420:simplemap_dff$6157 to $_DFFE_PP_ for $techmap\u_core.$0\decoded_imm_j[31:0] [16] -> \u_core.decoded_imm_j [16].
  converting $_DFF_P_ cell $auto$simplemap.cc:420:simplemap_dff$6158 to $_DFFE_PP_ for $techmap\u_core.$0\decoded_imm_j[31:0] [17] -> \u_core.decoded_imm_j [17].
  converting $_DFF_P_ cell $auto$simplemap.cc:420:simplemap_dff$6159 to $_DFFE_PP_ for $techmap\u_core.$0\decoded_imm_j[31:0] [18] -> \u_core.decoded_imm_j [18].
  converting $_DFF_P_ cell $auto$simplemap.cc:420:simplemap_dff$6160 to $_DFFE_PP_ for $techmap\u_core.$0\decoded_imm_j[31:0] [19] -> \u_core.decoded_imm_j [19].
  converting $_DFF_P_ cell $auto$simplemap.cc:420:simplemap_dff$6161 to $_DFFE_PP_ for $techmap\u_core.$0\decoded_imm_j[31:0] [20] -> \u_core.decoded_imm_j [20].
  converting $_DFF_P_ cell $auto$simplemap.cc:420:simplemap_dff$6162 to $_DFFE_PP_ for $techmap\u_core.$0\decoded_imm_j[31:0] [21] -> \u_core.decoded_imm_j [21].
  converting $_DFF_P_ cell $auto$simplemap.cc:420:simplemap_dff$6163 to $_DFFE_PP_ for $techmap\u_core.$0\decoded_imm_j[31:0] [22] -> \u_core.decoded_imm_j [22].
  converting $_DFF_P_ cell $auto$simplemap.cc:420:simplemap_dff$6164 to $_DFFE_PP_ for $techmap\u_core.$0\decoded_imm_j[31:0] [23] -> \u_core.decoded_imm_j [23].
  converting $_DFF_P_ cell $auto$simplemap.cc:420:simplemap_dff$6165 to $_DFFE_PP_ for $techmap\u_core.$0\decoded_imm_j[31:0] [24] -> \u_core.decoded_imm_j [24].
  converting $_DFF_P_ cell $auto$simplemap.cc:420:simplemap_dff$6166 to $_DFFE_PP_ for $techmap\u_core.$0\decoded_imm_j[31:0] [25] -> \u_core.decoded_imm_j [25].
  converting $_DFF_P_ cell $auto$simplemap.cc:420:simplemap_dff$6167 to $_DFFE_PP_ for $techmap\u_core.$0\decoded_imm_j[31:0] [26] -> \u_core.decoded_imm_j [26].
  converting $_DFF_P_ cell $auto$simplemap.cc:420:simplemap_dff$6168 to $_DFFE_PP_ for $techmap\u_core.$0\decoded_imm_j[31:0] [27] -> \u_core.decoded_imm_j [27].
  converting $_DFF_P_ cell $auto$simplemap.cc:420:simplemap_dff$6169 to $_DFFE_PP_ for $techmap\u_core.$0\decoded_imm_j[31:0] [28] -> \u_core.decoded_imm_j [28].
  converting $_DFF_P_ cell $auto$simplemap.cc:420:simplemap_dff$6170 to $_DFFE_PP_ for $techmap\u_core.$0\decoded_imm_j[31:0] [29] -> \u_core.decoded_imm_j [29].
  converting $_DFF_P_ cell $auto$simplemap.cc:420:simplemap_dff$6171 to $_DFFE_PP_ for $techmap\u_core.$0\decoded_imm_j[31:0] [30] -> \u_core.decoded_imm_j [30].
  converting $_DFF_P_ cell $auto$simplemap.cc:420:simplemap_dff$6172 to $_DFFE_PP_ for $techmap\u_core.$0\decoded_imm_j[31:0] [31] -> \u_core.decoded_imm_j [31].
  converting $_DFF_P_ cell $auto$simplemap.cc:420:simplemap_dff$6173 to $_DFFE_PP_ for $techmap\u_core.$0\decoded_imm[31:0] [0] -> \u_core.decoded_imm [0].
  converting $_DFF_P_ cell $auto$simplemap.cc:420:simplemap_dff$6174 to $_DFFE_PP_ for $techmap\u_core.$0\decoded_imm[31:0] [1] -> \u_core.decoded_imm [1].
  converting $_DFF_P_ cell $auto$simplemap.cc:420:simplemap_dff$6175 to $_DFFE_PP_ for $techmap\u_core.$0\decoded_imm[31:0] [2] -> \u_core.decoded_imm [2].
  converting $_DFF_P_ cell $auto$simplemap.cc:420:simplemap_dff$6176 to $_DFFE_PP_ for $techmap\u_core.$0\decoded_imm[31:0] [3] -> \u_core.decoded_imm [3].
  converting $_DFF_P_ cell $auto$simplemap.cc:420:simplemap_dff$6177 to $_DFFE_PP_ for $techmap\u_core.$0\decoded_imm[31:0] [4] -> \u_core.decoded_imm [4].
  converting $_DFF_P_ cell $auto$simplemap.cc:420:simplemap_dff$6178 to $_DFFE_PP_ for $techmap\u_core.$0\decoded_imm[31:0] [5] -> \u_core.decoded_imm [5].
  converting $_DFF_P_ cell $auto$simplemap.cc:420:simplemap_dff$6179 to $_DFFE_PP_ for $techmap\u_core.$0\decoded_imm[31:0] [6] -> \u_core.decoded_imm [6].
  converting $_DFF_P_ cell $auto$simplemap.cc:420:simplemap_dff$6180 to $_DFFE_PP_ for $techmap\u_core.$0\decoded_imm[31:0] [7] -> \u_core.decoded_imm [7].
  converting $_DFF_P_ cell $auto$simplemap.cc:420:simplemap_dff$6181 to $_DFFE_PP_ for $techmap\u_core.$0\decoded_imm[31:0] [8] -> \u_core.decoded_imm [8].
  converting $_DFF_P_ cell $auto$simplemap.cc:420:simplemap_dff$6182 to $_DFFE_PP_ for $techmap\u_core.$0\decoded_imm[31:0] [9] -> \u_core.decoded_imm [9].
  converting $_DFF_P_ cell $auto$simplemap.cc:420:simplemap_dff$6183 to $_DFFE_PP_ for $techmap\u_core.$0\decoded_imm[31:0] [10] -> \u_core.decoded_imm [10].
  converting $_DFF_P_ cell $auto$simplemap.cc:420:simplemap_dff$6184 to $_DFFE_PP_ for $techmap\u_core.$0\decoded_imm[31:0] [11] -> \u_core.decoded_imm [11].
  converting $_DFF_P_ cell $auto$simplemap.cc:420:simplemap_dff$6185 to $_DFFE_PP_ for $techmap\u_core.$0\decoded_imm[31:0] [12] -> \u_core.decoded_imm [12].
  converting $_DFF_P_ cell $auto$simplemap.cc:420:simplemap_dff$6186 to $_DFFE_PP_ for $techmap\u_core.$0\decoded_imm[31:0] [13] -> \u_core.decoded_imm [13].
  converting $_DFF_P_ cell $auto$simplemap.cc:420:simplemap_dff$6187 to $_DFFE_PP_ for $techmap\u_core.$0\decoded_imm[31:0] [14] -> \u_core.decoded_imm [14].
  converting $_DFF_P_ cell $auto$simplemap.cc:420:simplemap_dff$6188 to $_DFFE_PP_ for $techmap\u_core.$0\decoded_imm[31:0] [15] -> \u_core.decoded_imm [15].
  converting $_DFF_P_ cell $auto$simplemap.cc:420:simplemap_dff$6189 to $_DFFE_PP_ for $techmap\u_core.$0\decoded_imm[31:0] [16] -> \u_core.decoded_imm [16].
  converting $_DFF_P_ cell $auto$simplemap.cc:420:simplemap_dff$6190 to $_DFFE_PP_ for $techmap\u_core.$0\decoded_imm[31:0] [17] -> \u_core.decoded_imm [17].
  converting $_DFF_P_ cell $auto$simplemap.cc:420:simplemap_dff$6191 to $_DFFE_PP_ for $techmap\u_core.$0\decoded_imm[31:0] [18] -> \u_core.decoded_imm [18].
  converting $_DFF_P_ cell $auto$simplemap.cc:420:simplemap_dff$6192 to $_DFFE_PP_ for $techmap\u_core.$0\decoded_imm[31:0] [19] -> \u_core.decoded_imm [19].
  converting $_DFF_P_ cell $auto$simplemap.cc:420:simplemap_dff$6193 to $_DFFE_PP_ for $techmap\u_core.$0\decoded_imm[31:0] [20] -> \u_core.decoded_imm [20].
  converting $_DFF_P_ cell $auto$simplemap.cc:420:simplemap_dff$6194 to $_DFFE_PP_ for $techmap\u_core.$0\decoded_imm[31:0] [21] -> \u_core.decoded_imm [21].
  converting $_DFF_P_ cell $auto$simplemap.cc:420:simplemap_dff$6195 to $_DFFE_PP_ for $techmap\u_core.$0\decoded_imm[31:0] [22] -> \u_core.decoded_imm [22].
  converting $_DFF_P_ cell $auto$simplemap.cc:420:simplemap_dff$6196 to $_DFFE_PP_ for $techmap\u_core.$0\decoded_imm[31:0] [23] -> \u_core.decoded_imm [23].
  converting $_DFF_P_ cell $auto$simplemap.cc:420:simplemap_dff$6197 to $_DFFE_PP_ for $techmap\u_core.$0\decoded_imm[31:0] [24] -> \u_core.decoded_imm [24].
  converting $_DFF_P_ cell $auto$simplemap.cc:420:simplemap_dff$6198 to $_DFFE_PP_ for $techmap\u_core.$0\decoded_imm[31:0] [25] -> \u_core.decoded_imm [25].
  converting $_DFF_P_ cell $auto$simplemap.cc:420:simplemap_dff$6199 to $_DFFE_PP_ for $techmap\u_core.$0\decoded_imm[31:0] [26] -> \u_core.decoded_imm [26].
  converting $_DFF_P_ cell $auto$simplemap.cc:420:simplemap_dff$6200 to $_DFFE_PP_ for $techmap\u_core.$0\decoded_imm[31:0] [27] -> \u_core.decoded_imm [27].
  converting $_DFF_P_ cell $auto$simplemap.cc:420:simplemap_dff$6201 to $_DFFE_PP_ for $techmap\u_core.$0\decoded_imm[31:0] [28] -> \u_core.decoded_imm [28].
  converting $_DFF_P_ cell $auto$simplemap.cc:420:simplemap_dff$6202 to $_DFFE_PP_ for $techmap\u_core.$0\decoded_imm[31:0] [29] -> \u_core.decoded_imm [29].
  converting $_DFF_P_ cell $auto$simplemap.cc:420:simplemap_dff$6203 to $_DFFE_PP_ for $techmap\u_core.$0\decoded_imm[31:0] [30] -> \u_core.decoded_imm [30].
  converting $_DFF_P_ cell $auto$simplemap.cc:420:simplemap_dff$6204 to $_DFFE_PP_ for $techmap\u_core.$0\decoded_imm[31:0] [31] -> \u_core.decoded_imm [31].
  converting $_DFF_P_ cell $auto$simplemap.cc:420:simplemap_dff$6215 to $_DFFE_PP_ for $techmap\u_core.$0\decoded_rd[4:0] [0] -> \u_core.decoded_rd [0].
  converting $_DFF_P_ cell $auto$simplemap.cc:420:simplemap_dff$6216 to $_DFFE_PP_ for $techmap\u_core.$0\decoded_rd[4:0] [1] -> \u_core.decoded_rd [1].
  converting $_DFF_P_ cell $auto$simplemap.cc:420:simplemap_dff$6217 to $_DFFE_PP_ for $techmap\u_core.$0\decoded_rd[4:0] [2] -> \u_core.decoded_rd [2].
  converting $_DFF_P_ cell $auto$simplemap.cc:420:simplemap_dff$6218 to $_DFFE_PP_ for $techmap\u_core.$0\decoded_rd[4:0] [3] -> \u_core.decoded_rd [3].
  converting $_DFF_P_ cell $auto$simplemap.cc:420:simplemap_dff$6219 to $_DFFE_PP_ for $techmap\u_core.$0\decoded_rd[4:0] [4] -> \u_core.decoded_rd [4].
  converting $_DFF_P_ cell $auto$simplemap.cc:420:simplemap_dff$6220 to $_DFFE_PP_ for $techmap\u_core.$0\instr_fence[0:0] -> \u_core.instr_fence.
  converting $_DFF_P_ cell $auto$simplemap.cc:420:simplemap_dff$6221 to $_DFFE_PP_ for $techmap\u_core.$0\instr_ecall_ebreak[0:0] -> \u_core.instr_ecall_ebreak.
  converting $_DFF_P_ cell $auto$simplemap.cc:420:simplemap_dff$6222 to $_DFFE_PP_ for $techmap\u_core.$0\instr_rdinstrh[0:0] -> \u_core.instr_rdinstrh.
  converting $_DFF_P_ cell $auto$simplemap.cc:420:simplemap_dff$6223 to $_DFFE_PP_ for $techmap\u_core.$0\instr_rdinstr[0:0] -> \u_core.instr_rdinstr.
  converting $_DFF_P_ cell $auto$simplemap.cc:420:simplemap_dff$6224 to $_DFFE_PP_ for $techmap\u_core.$0\instr_rdcycleh[0:0] -> \u_core.instr_rdcycleh.
  converting $_DFF_P_ cell $auto$simplemap.cc:420:simplemap_dff$6225 to $_DFFE_PP_ for $techmap\u_core.$0\instr_rdcycle[0:0] -> \u_core.instr_rdcycle.
  converting $_DFF_P_ cell $auto$simplemap.cc:420:simplemap_dff$6226 to $_DFFE_PP_ for $techmap\u_core.$0\instr_and[0:0] -> \u_core.instr_and.
  converting $_DFF_P_ cell $auto$simplemap.cc:420:simplemap_dff$6227 to $_DFFE_PP_ for $techmap\u_core.$0\instr_or[0:0] -> \u_core.instr_or.
  converting $_DFF_P_ cell $auto$simplemap.cc:420:simplemap_dff$6228 to $_DFFE_PP_ for $techmap\u_core.$0\instr_sra[0:0] -> \u_core.instr_sra.
  converting $_DFF_P_ cell $auto$simplemap.cc:420:simplemap_dff$6229 to $_DFFE_PP_ for $techmap\u_core.$0\instr_srl[0:0] -> \u_core.instr_srl.
  converting $_DFF_P_ cell $auto$simplemap.cc:420:simplemap_dff$6230 to $_DFFE_PP_ for $techmap\u_core.$0\instr_xor[0:0] -> \u_core.instr_xor.
  converting $_DFF_P_ cell $auto$simplemap.cc:420:simplemap_dff$6231 to $_DFFE_PP_ for $techmap\u_core.$0\instr_sltu[0:0] -> \u_core.instr_sltu.
  converting $_DFF_P_ cell $auto$simplemap.cc:420:simplemap_dff$6232 to $_DFFE_PP_ for $techmap\u_core.$0\instr_slt[0:0] -> \u_core.instr_slt.
  converting $_DFF_P_ cell $auto$simplemap.cc:420:simplemap_dff$6233 to $_DFFE_PP_ for $techmap\u_core.$0\instr_sll[0:0] -> \u_core.instr_sll.
  converting $_DFF_P_ cell $auto$simplemap.cc:420:simplemap_dff$6234 to $_DFFE_PP_ for $techmap\u_core.$0\instr_sub[0:0] -> \u_core.instr_sub.
  converting $_DFF_P_ cell $auto$simplemap.cc:420:simplemap_dff$6235 to $_DFFE_PP_ for $techmap\u_core.$0\instr_add[0:0] -> \u_core.instr_add.
  converting $_DFF_P_ cell $auto$simplemap.cc:420:simplemap_dff$6236 to $_DFFE_PP_ for $techmap\u_core.$0\instr_srai[0:0] -> \u_core.instr_srai.
  converting $_DFF_P_ cell $auto$simplemap.cc:420:simplemap_dff$6237 to $_DFFE_PP_ for $techmap\u_core.$0\instr_srli[0:0] -> \u_core.instr_srli.
  converting $_DFF_P_ cell $auto$simplemap.cc:420:simplemap_dff$6238 to $_DFFE_PP_ for $techmap\u_core.$0\instr_slli[0:0] -> \u_core.instr_slli.
  converting $_DFF_P_ cell $auto$simplemap.cc:420:simplemap_dff$6239 to $_DFFE_PP_ for $techmap\u_core.$0\instr_andi[0:0] -> \u_core.instr_andi.
  converting $_DFF_P_ cell $auto$simplemap.cc:420:simplemap_dff$6240 to $_DFFE_PP_ for $techmap\u_core.$0\instr_ori[0:0] -> \u_core.instr_ori.
  converting $_DFF_P_ cell $auto$simplemap.cc:420:simplemap_dff$6241 to $_DFFE_PP_ for $techmap\u_core.$0\instr_xori[0:0] -> \u_core.instr_xori.
  converting $_DFF_P_ cell $auto$simplemap.cc:420:simplemap_dff$6242 to $_DFFE_PP_ for $techmap\u_core.$0\instr_sltiu[0:0] -> \u_core.instr_sltiu.
  converting $_DFF_P_ cell $auto$simplemap.cc:420:simplemap_dff$6243 to $_DFFE_PP_ for $techmap\u_core.$0\instr_slti[0:0] -> \u_core.instr_slti.
  converting $_DFF_P_ cell $auto$simplemap.cc:420:simplemap_dff$6244 to $_DFFE_PP_ for $techmap\u_core.$0\instr_addi[0:0] -> \u_core.instr_addi.
  converting $_DFF_P_ cell $auto$simplemap.cc:420:simplemap_dff$6245 to $_DFFE_PP_ for $techmap\u_core.$0\instr_sw[0:0] -> \u_core.instr_sw.
  converting $_DFF_P_ cell $auto$simplemap.cc:420:simplemap_dff$6246 to $_DFFE_PP_ for $techmap\u_core.$0\instr_sh[0:0] -> \u_core.instr_sh.
  converting $_DFF_P_ cell $auto$simplemap.cc:420:simplemap_dff$6247 to $_DFFE_PP_ for $techmap\u_core.$0\instr_sb[0:0] -> \u_core.instr_sb.
  converting $_DFF_P_ cell $auto$simplemap.cc:420:simplemap_dff$6248 to $_DFFE_PP_ for $techmap\u_core.$0\instr_lhu[0:0] -> \u_core.instr_lhu.
  converting $_DFF_P_ cell $auto$simplemap.cc:420:simplemap_dff$6249 to $_DFFE_PP_ for $techmap\u_core.$0\instr_lbu[0:0] -> \u_core.instr_lbu.
  converting $_DFF_P_ cell $auto$simplemap.cc:420:simplemap_dff$6250 to $_DFFE_PP_ for $techmap\u_core.$0\instr_lw[0:0] -> \u_core.instr_lw.
  converting $_DFF_P_ cell $auto$simplemap.cc:420:simplemap_dff$6251 to $_DFFE_PP_ for $techmap\u_core.$0\instr_lh[0:0] -> \u_core.instr_lh.
  converting $_DFF_P_ cell $auto$simplemap.cc:420:simplemap_dff$6252 to $_DFFE_PP_ for $techmap\u_core.$0\instr_lb[0:0] -> \u_core.instr_lb.
  converting $_DFF_P_ cell $auto$simplemap.cc:420:simplemap_dff$6253 to $_DFFE_PP_ for $techmap\u_core.$0\instr_bgeu[0:0] -> \u_core.instr_bgeu.
  converting $_DFF_P_ cell $auto$simplemap.cc:420:simplemap_dff$6254 to $_DFFE_PP_ for $techmap\u_core.$0\instr_bltu[0:0] -> \u_core.instr_bltu.
  converting $_DFF_P_ cell $auto$simplemap.cc:420:simplemap_dff$6255 to $_DFFE_PP_ for $techmap\u_core.$0\instr_bge[0:0] -> \u_core.instr_bge.
  converting $_DFF_P_ cell $auto$simplemap.cc:420:simplemap_dff$6256 to $_DFFE_PP_ for $techmap\u_core.$0\instr_blt[0:0] -> \u_core.instr_blt.
  converting $_DFF_P_ cell $auto$simplemap.cc:420:simplemap_dff$6257 to $_DFFE_PP_ for $techmap\u_core.$0\instr_bne[0:0] -> \u_core.instr_bne.
  converting $_DFF_P_ cell $auto$simplemap.cc:420:simplemap_dff$6258 to $_DFFE_PP_ for $techmap\u_core.$0\instr_beq[0:0] -> \u_core.instr_beq.
  converting $_DFF_P_ cell $auto$simplemap.cc:420:simplemap_dff$6259 to $_DFFE_PP_ for $techmap\u_core.$0\instr_jalr[0:0] -> \u_core.instr_jalr.
  converting $_DFF_P_ cell $auto$simplemap.cc:420:simplemap_dff$6260 to $_DFFE_PP_ for $techmap\u_core.$0\instr_jal[0:0] -> \u_core.instr_jal.
  converting $_DFF_P_ cell $auto$simplemap.cc:420:simplemap_dff$6261 to $_DFFE_PP_ for $techmap\u_core.$0\instr_auipc[0:0] -> \u_core.instr_auipc.
  converting $_DFF_P_ cell $auto$simplemap.cc:420:simplemap_dff$6262 to $_DFFE_PP_ for $techmap\u_core.$0\instr_lui[0:0] -> \u_core.instr_lui.
  converting $_DFF_P_ cell $auto$simplemap.cc:420:simplemap_dff$6263 to $_DFFE_PP_ for $techmap\u_core.$0\pcpi_insn[31:0] [0] -> \u_core.pcpi_insn [0].
  converting $_DFF_P_ cell $auto$simplemap.cc:420:simplemap_dff$6264 to $_DFFE_PP_ for $techmap\u_core.$0\pcpi_insn[31:0] [1] -> \u_core.pcpi_insn [1].
  converting $_DFF_P_ cell $auto$simplemap.cc:420:simplemap_dff$6265 to $_DFFE_PP_ for $techmap\u_core.$0\pcpi_insn[31:0] [2] -> \u_core.pcpi_insn [2].
  converting $_DFF_P_ cell $auto$simplemap.cc:420:simplemap_dff$6266 to $_DFFE_PP_ for $techmap\u_core.$0\pcpi_insn[31:0] [3] -> \u_core.pcpi_insn [3].
  converting $_DFF_P_ cell $auto$simplemap.cc:420:simplemap_dff$6267 to $_DFFE_PP_ for $techmap\u_core.$0\pcpi_insn[31:0] [4] -> \u_core.pcpi_insn [4].
  converting $_DFF_P_ cell $auto$simplemap.cc:420:simplemap_dff$6268 to $_DFFE_PP_ for $techmap\u_core.$0\pcpi_insn[31:0] [5] -> \u_core.pcpi_insn [5].
  converting $_DFF_P_ cell $auto$simplemap.cc:420:simplemap_dff$6269 to $_DFFE_PP_ for $techmap\u_core.$0\pcpi_insn[31:0] [6] -> \u_core.pcpi_insn [6].
  converting $_DFF_P_ cell $auto$simplemap.cc:420:simplemap_dff$6275 to $_DFFE_PP_ for $techmap\u_core.$0\pcpi_insn[31:0] [12] -> \u_core.pcpi_insn [12].
  converting $_DFF_P_ cell $auto$simplemap.cc:420:simplemap_dff$6276 to $_DFFE_PP_ for $techmap\u_core.$0\pcpi_insn[31:0] [13] -> \u_core.pcpi_insn [13].
  converting $_DFF_P_ cell $auto$simplemap.cc:420:simplemap_dff$6277 to $_DFFE_PP_ for $techmap\u_core.$0\pcpi_insn[31:0] [14] -> \u_core.pcpi_insn [14].
  converting $_DFF_P_ cell $auto$simplemap.cc:420:simplemap_dff$6288 to $_DFFE_PP_ for $techmap\u_core.$0\pcpi_insn[31:0] [25] -> \u_core.pcpi_insn [25].
  converting $_DFF_P_ cell $auto$simplemap.cc:420:simplemap_dff$6289 to $_DFFE_PP_ for $techmap\u_core.$0\pcpi_insn[31:0] [26] -> \u_core.pcpi_insn [26].
  converting $_DFF_P_ cell $auto$simplemap.cc:420:simplemap_dff$6290 to $_DFFE_PP_ for $techmap\u_core.$0\pcpi_insn[31:0] [27] -> \u_core.pcpi_insn [27].
  converting $_DFF_P_ cell $auto$simplemap.cc:420:simplemap_dff$6291 to $_DFFE_PP_ for $techmap\u_core.$0\pcpi_insn[31:0] [28] -> \u_core.pcpi_insn [28].
  converting $_DFF_P_ cell $auto$simplemap.cc:420:simplemap_dff$6292 to $_DFFE_PP_ for $techmap\u_core.$0\pcpi_insn[31:0] [29] -> \u_core.pcpi_insn [29].
  converting $_DFF_P_ cell $auto$simplemap.cc:420:simplemap_dff$6293 to $_DFFE_PP_ for $techmap\u_core.$0\pcpi_insn[31:0] [30] -> \u_core.pcpi_insn [30].
  converting $_DFF_P_ cell $auto$simplemap.cc:420:simplemap_dff$6294 to $_DFFE_PP_ for $techmap\u_core.$0\pcpi_insn[31:0] [31] -> \u_core.pcpi_insn [31].
  converting $_DFF_P_ cell $auto$simplemap.cc:420:simplemap_dff$6328 to $_DFFE_PP_ for $techmap\u_core.$0\pcpi_timeout_counter[3:0] [0] -> \u_core.pcpi_timeout_counter [0].
  converting $_DFF_P_ cell $auto$simplemap.cc:420:simplemap_dff$6329 to $_DFFE_PP_ for $techmap\u_core.$0\pcpi_timeout_counter[3:0] [1] -> \u_core.pcpi_timeout_counter [1].
  converting $_DFF_P_ cell $auto$simplemap.cc:420:simplemap_dff$6330 to $_DFFE_PP_ for $techmap\u_core.$0\pcpi_timeout_counter[3:0] [2] -> \u_core.pcpi_timeout_counter [2].
  converting $_DFF_P_ cell $auto$simplemap.cc:420:simplemap_dff$6331 to $_DFFE_PP_ for $techmap\u_core.$0\pcpi_timeout_counter[3:0] [3] -> \u_core.pcpi_timeout_counter [3].
  converting $_DFF_P_ cell $auto$simplemap.cc:420:simplemap_dff$6332 to $_DFFE_PP_ for $techmap\u_core.$0\latched_rd[4:0] [0] -> \u_core.latched_rd [0].
  converting $_DFF_P_ cell $auto$simplemap.cc:420:simplemap_dff$6333 to $_DFFE_PP_ for $techmap\u_core.$0\latched_rd[4:0] [1] -> \u_core.latched_rd [1].
  converting $_DFF_P_ cell $auto$simplemap.cc:420:simplemap_dff$6334 to $_DFFE_PP_ for $techmap\u_core.$0\latched_rd[4:0] [2] -> \u_core.latched_rd [2].
  converting $_DFF_P_ cell $auto$simplemap.cc:420:simplemap_dff$6335 to $_DFFE_PP_ for $techmap\u_core.$0\latched_rd[4:0] [3] -> \u_core.latched_rd [3].
  converting $_DFF_P_ cell $auto$simplemap.cc:420:simplemap_dff$6336 to $_DFFE_PP_ for $techmap\u_core.$0\latched_rd[4:0] [4] -> \u_core.latched_rd [4].
  converting $_DFF_P_ cell $auto$simplemap.cc:420:simplemap_dff$6337 to $_DFFE_PP_ for $techmap\u_core.$0\latched_compr[0:0] -> \u_core.latched_compr.
  converting $_DFF_P_ cell $auto$simplemap.cc:420:simplemap_dff$6338 to $_DFFE_PP_ for $techmap\u_core.$0\latched_branch[0:0] -> \u_core.latched_branch.
  converting $_DFF_P_ cell $auto$simplemap.cc:420:simplemap_dff$6339 to $_DFFE_PP_ for $techmap\u_core.$0\latched_stalu[0:0] -> \u_core.latched_stalu.
  converting $_DFF_P_ cell $auto$simplemap.cc:420:simplemap_dff$6340 to $_DFFE_PP_ for $techmap\u_core.$0\latched_store[0:0] -> \u_core.latched_store.
  converting $_DFF_P_ cell $auto$simplemap.cc:420:simplemap_dff$6343 to $_DFFE_PP_ for $techmap\u_core.$0\mem_do_wdata[0:0] -> \u_core.mem_do_wdata.
  converting $_DFF_P_ cell $auto$simplemap.cc:420:simplemap_dff$6344 to $_DFFE_PP_ for $techmap\u_core.$0\mem_do_rdata[0:0] -> \u_core.mem_do_rdata.
  converting $_DFF_P_ cell $auto$simplemap.cc:420:simplemap_dff$6345 to $_DFFE_PP_ for $techmap\u_core.$0\mem_do_rinst[0:0] -> \u_core.mem_do_rinst.
  converting $_DFF_P_ cell $auto$simplemap.cc:420:simplemap_dff$6346 to $_DFFE_PP_ for $techmap\u_core.$0\mem_do_prefetch[0:0] -> \u_core.mem_do_prefetch.
  converting $_DFF_P_ cell $auto$simplemap.cc:420:simplemap_dff$6347 to $_DFFE_PP_ for $techmap\u_core.$0\mem_wordsize[1:0] [0] -> \u_core.mem_wordsize [0].
  converting $_DFF_P_ cell $auto$simplemap.cc:420:simplemap_dff$6348 to $_DFFE_PP_ for $techmap\u_core.$0\mem_wordsize[1:0] [1] -> \u_core.mem_wordsize [1].
  converting $_DFF_P_ cell $auto$simplemap.cc:420:simplemap_dff$6391 to $_DFFE_PP_ for $techmap\u_core.$0\reg_op2[31:0] [0] -> \u_core.reg_op2 [0].
  converting $_DFF_P_ cell $auto$simplemap.cc:420:simplemap_dff$6392 to $_DFFE_PP_ for $techmap\u_core.$0\reg_op2[31:0] [1] -> \u_core.reg_op2 [1].
  converting $_DFF_P_ cell $auto$simplemap.cc:420:simplemap_dff$6393 to $_DFFE_PP_ for $techmap\u_core.$0\reg_op2[31:0] [2] -> \u_core.reg_op2 [2].
  converting $_DFF_P_ cell $auto$simplemap.cc:420:simplemap_dff$6394 to $_DFFE_PP_ for $techmap\u_core.$0\reg_op2[31:0] [3] -> \u_core.reg_op2 [3].
  converting $_DFF_P_ cell $auto$simplemap.cc:420:simplemap_dff$6395 to $_DFFE_PP_ for $techmap\u_core.$0\reg_op2[31:0] [4] -> \u_core.reg_op2 [4].
  converting $_DFF_P_ cell $auto$simplemap.cc:420:simplemap_dff$6396 to $_DFFE_PP_ for $techmap\u_core.$0\reg_op2[31:0] [5] -> \u_core.reg_op2 [5].
  converting $_DFF_P_ cell $auto$simplemap.cc:420:simplemap_dff$6397 to $_DFFE_PP_ for $techmap\u_core.$0\reg_op2[31:0] [6] -> \u_core.reg_op2 [6].
  converting $_DFF_P_ cell $auto$simplemap.cc:420:simplemap_dff$6398 to $_DFFE_PP_ for $techmap\u_core.$0\reg_op2[31:0] [7] -> \u_core.reg_op2 [7].
  converting $_DFF_P_ cell $auto$simplemap.cc:420:simplemap_dff$6399 to $_DFFE_PP_ for $techmap\u_core.$0\reg_op2[31:0] [8] -> \u_core.reg_op2 [8].
  converting $_DFF_P_ cell $auto$simplemap.cc:420:simplemap_dff$6400 to $_DFFE_PP_ for $techmap\u_core.$0\reg_op2[31:0] [9] -> \u_core.reg_op2 [9].
  converting $_DFF_P_ cell $auto$simplemap.cc:420:simplemap_dff$6401 to $_DFFE_PP_ for $techmap\u_core.$0\reg_op2[31:0] [10] -> \u_core.reg_op2 [10].
  converting $_DFF_P_ cell $auto$simplemap.cc:420:simplemap_dff$6402 to $_DFFE_PP_ for $techmap\u_core.$0\reg_op2[31:0] [11] -> \u_core.reg_op2 [11].
  converting $_DFF_P_ cell $auto$simplemap.cc:420:simplemap_dff$6403 to $_DFFE_PP_ for $techmap\u_core.$0\reg_op2[31:0] [12] -> \u_core.reg_op2 [12].
  converting $_DFF_P_ cell $auto$simplemap.cc:420:simplemap_dff$6404 to $_DFFE_PP_ for $techmap\u_core.$0\reg_op2[31:0] [13] -> \u_core.reg_op2 [13].
  converting $_DFF_P_ cell $auto$simplemap.cc:420:simplemap_dff$6405 to $_DFFE_PP_ for $techmap\u_core.$0\reg_op2[31:0] [14] -> \u_core.reg_op2 [14].
  converting $_DFF_P_ cell $auto$simplemap.cc:420:simplemap_dff$6406 to $_DFFE_PP_ for $techmap\u_core.$0\reg_op2[31:0] [15] -> \u_core.reg_op2 [15].
  converting $_DFF_P_ cell $auto$simplemap.cc:420:simplemap_dff$6407 to $_DFFE_PP_ for $techmap\u_core.$0\reg_op2[31:0] [16] -> \u_core.reg_op2 [16].
  converting $_DFF_P_ cell $auto$simplemap.cc:420:simplemap_dff$6408 to $_DFFE_PP_ for $techmap\u_core.$0\reg_op2[31:0] [17] -> \u_core.reg_op2 [17].
  converting $_DFF_P_ cell $auto$simplemap.cc:420:simplemap_dff$6409 to $_DFFE_PP_ for $techmap\u_core.$0\reg_op2[31:0] [18] -> \u_core.reg_op2 [18].
  converting $_DFF_P_ cell $auto$simplemap.cc:420:simplemap_dff$6410 to $_DFFE_PP_ for $techmap\u_core.$0\reg_op2[31:0] [19] -> \u_core.reg_op2 [19].
  converting $_DFF_P_ cell $auto$simplemap.cc:420:simplemap_dff$6411 to $_DFFE_PP_ for $techmap\u_core.$0\reg_op2[31:0] [20] -> \u_core.reg_op2 [20].
  converting $_DFF_P_ cell $auto$simplemap.cc:420:simplemap_dff$6412 to $_DFFE_PP_ for $techmap\u_core.$0\reg_op2[31:0] [21] -> \u_core.reg_op2 [21].
  converting $_DFF_P_ cell $auto$simplemap.cc:420:simplemap_dff$6413 to $_DFFE_PP_ for $techmap\u_core.$0\reg_op2[31:0] [22] -> \u_core.reg_op2 [22].
  converting $_DFF_P_ cell $auto$simplemap.cc:420:simplemap_dff$6414 to $_DFFE_PP_ for $techmap\u_core.$0\reg_op2[31:0] [23] -> \u_core.reg_op2 [23].
  converting $_DFF_P_ cell $auto$simplemap.cc:420:simplemap_dff$6415 to $_DFFE_PP_ for $techmap\u_core.$0\reg_op2[31:0] [24] -> \u_core.reg_op2 [24].
  converting $_DFF_P_ cell $auto$simplemap.cc:420:simplemap_dff$6416 to $_DFFE_PP_ for $techmap\u_core.$0\reg_op2[31:0] [25] -> \u_core.reg_op2 [25].
  converting $_DFF_P_ cell $auto$simplemap.cc:420:simplemap_dff$6417 to $_DFFE_PP_ for $techmap\u_core.$0\reg_op2[31:0] [26] -> \u_core.reg_op2 [26].
  converting $_DFF_P_ cell $auto$simplemap.cc:420:simplemap_dff$6418 to $_DFFE_PP_ for $techmap\u_core.$0\reg_op2[31:0] [27] -> \u_core.reg_op2 [27].
  converting $_DFF_P_ cell $auto$simplemap.cc:420:simplemap_dff$6419 to $_DFFE_PP_ for $techmap\u_core.$0\reg_op2[31:0] [28] -> \u_core.reg_op2 [28].
  converting $_DFF_P_ cell $auto$simplemap.cc:420:simplemap_dff$6420 to $_DFFE_PP_ for $techmap\u_core.$0\reg_op2[31:0] [29] -> \u_core.reg_op2 [29].
  converting $_DFF_P_ cell $auto$simplemap.cc:420:simplemap_dff$6421 to $_DFFE_PP_ for $techmap\u_core.$0\reg_op2[31:0] [30] -> \u_core.reg_op2 [30].
  converting $_DFF_P_ cell $auto$simplemap.cc:420:simplemap_dff$6422 to $_DFFE_PP_ for $techmap\u_core.$0\reg_op2[31:0] [31] -> \u_core.reg_op2 [31].
  converting $_DFF_P_ cell $auto$simplemap.cc:420:simplemap_dff$6423 to $_DFFE_PP_ for $techmap\u_core.$0\reg_op1[31:0] [0] -> \u_core.reg_op1 [0].
  converting $_DFF_P_ cell $auto$simplemap.cc:420:simplemap_dff$6424 to $_DFFE_PP_ for $techmap\u_core.$0\reg_op1[31:0] [1] -> \u_core.reg_op1 [1].
  converting $_DFF_P_ cell $auto$simplemap.cc:420:simplemap_dff$6425 to $_DFFE_PP_ for $techmap\u_core.$0\reg_op1[31:0] [2] -> \u_core.reg_op1 [2].
  converting $_DFF_P_ cell $auto$simplemap.cc:420:simplemap_dff$6426 to $_DFFE_PP_ for $techmap\u_core.$0\reg_op1[31:0] [3] -> \u_core.reg_op1 [3].
  converting $_DFF_P_ cell $auto$simplemap.cc:420:simplemap_dff$6427 to $_DFFE_PP_ for $techmap\u_core.$0\reg_op1[31:0] [4] -> \u_core.reg_op1 [4].
  converting $_DFF_P_ cell $auto$simplemap.cc:420:simplemap_dff$6428 to $_DFFE_PP_ for $techmap\u_core.$0\reg_op1[31:0] [5] -> \u_core.reg_op1 [5].
  converting $_DFF_P_ cell $auto$simplemap.cc:420:simplemap_dff$6429 to $_DFFE_PP_ for $techmap\u_core.$0\reg_op1[31:0] [6] -> \u_core.reg_op1 [6].
  converting $_DFF_P_ cell $auto$simplemap.cc:420:simplemap_dff$6430 to $_DFFE_PP_ for $techmap\u_core.$0\reg_op1[31:0] [7] -> \u_core.reg_op1 [7].
  converting $_DFF_P_ cell $auto$simplemap.cc:420:simplemap_dff$6431 to $_DFFE_PP_ for $techmap\u_core.$0\reg_op1[31:0] [8] -> \u_core.reg_op1 [8].
  converting $_DFF_P_ cell $auto$simplemap.cc:420:simplemap_dff$6432 to $_DFFE_PP_ for $techmap\u_core.$0\reg_op1[31:0] [9] -> \u_core.reg_op1 [9].
  converting $_DFF_P_ cell $auto$simplemap.cc:420:simplemap_dff$6433 to $_DFFE_PP_ for $techmap\u_core.$0\reg_op1[31:0] [10] -> \u_core.reg_op1 [10].
  converting $_DFF_P_ cell $auto$simplemap.cc:420:simplemap_dff$6434 to $_DFFE_PP_ for $techmap\u_core.$0\reg_op1[31:0] [11] -> \u_core.reg_op1 [11].
  converting $_DFF_P_ cell $auto$simplemap.cc:420:simplemap_dff$6435 to $_DFFE_PP_ for $techmap\u_core.$0\reg_op1[31:0] [12] -> \u_core.reg_op1 [12].
  converting $_DFF_P_ cell $auto$simplemap.cc:420:simplemap_dff$6436 to $_DFFE_PP_ for $techmap\u_core.$0\reg_op1[31:0] [13] -> \u_core.reg_op1 [13].
  converting $_DFF_P_ cell $auto$simplemap.cc:420:simplemap_dff$6437 to $_DFFE_PP_ for $techmap\u_core.$0\reg_op1[31:0] [14] -> \u_core.reg_op1 [14].
  converting $_DFF_P_ cell $auto$simplemap.cc:420:simplemap_dff$6438 to $_DFFE_PP_ for $techmap\u_core.$0\reg_op1[31:0] [15] -> \u_core.reg_op1 [15].
  converting $_DFF_P_ cell $auto$simplemap.cc:420:simplemap_dff$6439 to $_DFFE_PP_ for $techmap\u_core.$0\reg_op1[31:0] [16] -> \u_core.reg_op1 [16].
  converting $_DFF_P_ cell $auto$simplemap.cc:420:simplemap_dff$6440 to $_DFFE_PP_ for $techmap\u_core.$0\reg_op1[31:0] [17] -> \u_core.reg_op1 [17].
  converting $_DFF_P_ cell $auto$simplemap.cc:420:simplemap_dff$6441 to $_DFFE_PP_ for $techmap\u_core.$0\reg_op1[31:0] [18] -> \u_core.reg_op1 [18].
  converting $_DFF_P_ cell $auto$simplemap.cc:420:simplemap_dff$6442 to $_DFFE_PP_ for $techmap\u_core.$0\reg_op1[31:0] [19] -> \u_core.reg_op1 [19].
  converting $_DFF_P_ cell $auto$simplemap.cc:420:simplemap_dff$6443 to $_DFFE_PP_ for $techmap\u_core.$0\reg_op1[31:0] [20] -> \u_core.reg_op1 [20].
  converting $_DFF_P_ cell $auto$simplemap.cc:420:simplemap_dff$6444 to $_DFFE_PP_ for $techmap\u_core.$0\reg_op1[31:0] [21] -> \u_core.reg_op1 [21].
  converting $_DFF_P_ cell $auto$simplemap.cc:420:simplemap_dff$6445 to $_DFFE_PP_ for $techmap\u_core.$0\reg_op1[31:0] [22] -> \u_core.reg_op1 [22].
  converting $_DFF_P_ cell $auto$simplemap.cc:420:simplemap_dff$6446 to $_DFFE_PP_ for $techmap\u_core.$0\reg_op1[31:0] [23] -> \u_core.reg_op1 [23].
  converting $_DFF_P_ cell $auto$simplemap.cc:420:simplemap_dff$6447 to $_DFFE_PP_ for $techmap\u_core.$0\reg_op1[31:0] [24] -> \u_core.reg_op1 [24].
  converting $_DFF_P_ cell $auto$simplemap.cc:420:simplemap_dff$6448 to $_DFFE_PP_ for $techmap\u_core.$0\reg_op1[31:0] [25] -> \u_core.reg_op1 [25].
  converting $_DFF_P_ cell $auto$simplemap.cc:420:simplemap_dff$6449 to $_DFFE_PP_ for $techmap\u_core.$0\reg_op1[31:0] [26] -> \u_core.reg_op1 [26].
  converting $_DFF_P_ cell $auto$simplemap.cc:420:simplemap_dff$6450 to $_DFFE_PP_ for $techmap\u_core.$0\reg_op1[31:0] [27] -> \u_core.reg_op1 [27].
  converting $_DFF_P_ cell $auto$simplemap.cc:420:simplemap_dff$6451 to $_DFFE_PP_ for $techmap\u_core.$0\reg_op1[31:0] [28] -> \u_core.reg_op1 [28].
  converting $_DFF_P_ cell $auto$simplemap.cc:420:simplemap_dff$6452 to $_DFFE_PP_ for $techmap\u_core.$0\reg_op1[31:0] [29] -> \u_core.reg_op1 [29].
  converting $_DFF_P_ cell $auto$simplemap.cc:420:simplemap_dff$6453 to $_DFFE_PP_ for $techmap\u_core.$0\reg_op1[31:0] [30] -> \u_core.reg_op1 [30].
  converting $_DFF_P_ cell $auto$simplemap.cc:420:simplemap_dff$6454 to $_DFFE_PP_ for $techmap\u_core.$0\reg_op1[31:0] [31] -> \u_core.reg_op1 [31].
  converting $_DFF_P_ cell $auto$simplemap.cc:420:simplemap_dff$6455 to $_DFFE_PP_ for $techmap\u_core.$0\reg_next_pc[31:0] [0] -> \u_core.reg_next_pc [0].
  converting $_DFF_P_ cell $auto$simplemap.cc:420:simplemap_dff$6456 to $_DFFE_PP_ for $techmap\u_core.$0\reg_next_pc[31:0] [1] -> \u_core.reg_next_pc [1].
  converting $_DFF_P_ cell $auto$simplemap.cc:420:simplemap_dff$6457 to $_DFFE_PP_ for $techmap\u_core.$0\reg_next_pc[31:0] [2] -> \u_core.reg_next_pc [2].
  converting $_DFF_P_ cell $auto$simplemap.cc:420:simplemap_dff$6458 to $_DFFE_PP_ for $techmap\u_core.$0\reg_next_pc[31:0] [3] -> \u_core.reg_next_pc [3].
  converting $_DFF_P_ cell $auto$simplemap.cc:420:simplemap_dff$6459 to $_DFFE_PP_ for $techmap\u_core.$0\reg_next_pc[31:0] [4] -> \u_core.reg_next_pc [4].
  converting $_DFF_P_ cell $auto$simplemap.cc:420:simplemap_dff$6460 to $_DFFE_PP_ for $techmap\u_core.$0\reg_next_pc[31:0] [5] -> \u_core.reg_next_pc [5].
  converting $_DFF_P_ cell $auto$simplemap.cc:420:simplemap_dff$6461 to $_DFFE_PP_ for $techmap\u_core.$0\reg_next_pc[31:0] [6] -> \u_core.reg_next_pc [6].
  converting $_DFF_P_ cell $auto$simplemap.cc:420:simplemap_dff$6462 to $_DFFE_PP_ for $techmap\u_core.$0\reg_next_pc[31:0] [7] -> \u_core.reg_next_pc [7].
  converting $_DFF_P_ cell $auto$simplemap.cc:420:simplemap_dff$6463 to $_DFFE_PP_ for $techmap\u_core.$0\reg_next_pc[31:0] [8] -> \u_core.reg_next_pc [8].
  converting $_DFF_P_ cell $auto$simplemap.cc:420:simplemap_dff$6464 to $_DFFE_PP_ for $techmap\u_core.$0\reg_next_pc[31:0] [9] -> \u_core.reg_next_pc [9].
  converting $_DFF_P_ cell $auto$simplemap.cc:420:simplemap_dff$6465 to $_DFFE_PP_ for $techmap\u_core.$0\reg_next_pc[31:0] [10] -> \u_core.reg_next_pc [10].
  converting $_DFF_P_ cell $auto$simplemap.cc:420:simplemap_dff$6466 to $_DFFE_PP_ for $techmap\u_core.$0\reg_next_pc[31:0] [11] -> \u_core.reg_next_pc [11].
  converting $_DFF_P_ cell $auto$simplemap.cc:420:simplemap_dff$6467 to $_DFFE_PP_ for $techmap\u_core.$0\reg_next_pc[31:0] [12] -> \u_core.reg_next_pc [12].
  converting $_DFF_P_ cell $auto$simplemap.cc:420:simplemap_dff$6468 to $_DFFE_PP_ for $techmap\u_core.$0\reg_next_pc[31:0] [13] -> \u_core.reg_next_pc [13].
  converting $_DFF_P_ cell $auto$simplemap.cc:420:simplemap_dff$6469 to $_DFFE_PP_ for $techmap\u_core.$0\reg_next_pc[31:0] [14] -> \u_core.reg_next_pc [14].
  converting $_DFF_P_ cell $auto$simplemap.cc:420:simplemap_dff$6470 to $_DFFE_PP_ for $techmap\u_core.$0\reg_next_pc[31:0] [15] -> \u_core.reg_next_pc [15].
  converting $_DFF_P_ cell $auto$simplemap.cc:420:simplemap_dff$6471 to $_DFFE_PP_ for $techmap\u_core.$0\reg_next_pc[31:0] [16] -> \u_core.reg_next_pc [16].
  converting $_DFF_P_ cell $auto$simplemap.cc:420:simplemap_dff$6472 to $_DFFE_PP_ for $techmap\u_core.$0\reg_next_pc[31:0] [17] -> \u_core.reg_next_pc [17].
  converting $_DFF_P_ cell $auto$simplemap.cc:420:simplemap_dff$6473 to $_DFFE_PP_ for $techmap\u_core.$0\reg_next_pc[31:0] [18] -> \u_core.reg_next_pc [18].
  converting $_DFF_P_ cell $auto$simplemap.cc:420:simplemap_dff$6474 to $_DFFE_PP_ for $techmap\u_core.$0\reg_next_pc[31:0] [19] -> \u_core.reg_next_pc [19].
  converting $_DFF_P_ cell $auto$simplemap.cc:420:simplemap_dff$6475 to $_DFFE_PP_ for $techmap\u_core.$0\reg_next_pc[31:0] [20] -> \u_core.reg_next_pc [20].
  converting $_DFF_P_ cell $auto$simplemap.cc:420:simplemap_dff$6476 to $_DFFE_PP_ for $techmap\u_core.$0\reg_next_pc[31:0] [21] -> \u_core.reg_next_pc [21].
  converting $_DFF_P_ cell $auto$simplemap.cc:420:simplemap_dff$6477 to $_DFFE_PP_ for $techmap\u_core.$0\reg_next_pc[31:0] [22] -> \u_core.reg_next_pc [22].
  converting $_DFF_P_ cell $auto$simplemap.cc:420:simplemap_dff$6478 to $_DFFE_PP_ for $techmap\u_core.$0\reg_next_pc[31:0] [23] -> \u_core.reg_next_pc [23].
  converting $_DFF_P_ cell $auto$simplemap.cc:420:simplemap_dff$6479 to $_DFFE_PP_ for $techmap\u_core.$0\reg_next_pc[31:0] [24] -> \u_core.reg_next_pc [24].
  converting $_DFF_P_ cell $auto$simplemap.cc:420:simplemap_dff$6480 to $_DFFE_PP_ for $techmap\u_core.$0\reg_next_pc[31:0] [25] -> \u_core.reg_next_pc [25].
  converting $_DFF_P_ cell $auto$simplemap.cc:420:simplemap_dff$6481 to $_DFFE_PP_ for $techmap\u_core.$0\reg_next_pc[31:0] [26] -> \u_core.reg_next_pc [26].
  converting $_DFF_P_ cell $auto$simplemap.cc:420:simplemap_dff$6482 to $_DFFE_PP_ for $techmap\u_core.$0\reg_next_pc[31:0] [27] -> \u_core.reg_next_pc [27].
  converting $_DFF_P_ cell $auto$simplemap.cc:420:simplemap_dff$6483 to $_DFFE_PP_ for $techmap\u_core.$0\reg_next_pc[31:0] [28] -> \u_core.reg_next_pc [28].
  converting $_DFF_P_ cell $auto$simplemap.cc:420:simplemap_dff$6484 to $_DFFE_PP_ for $techmap\u_core.$0\reg_next_pc[31:0] [29] -> \u_core.reg_next_pc [29].
  converting $_DFF_P_ cell $auto$simplemap.cc:420:simplemap_dff$6485 to $_DFFE_PP_ for $techmap\u_core.$0\reg_next_pc[31:0] [30] -> \u_core.reg_next_pc [30].
  converting $_DFF_P_ cell $auto$simplemap.cc:420:simplemap_dff$6486 to $_DFFE_PP_ for $techmap\u_core.$0\reg_next_pc[31:0] [31] -> \u_core.reg_next_pc [31].
  converting $_DFF_P_ cell $auto$simplemap.cc:420:simplemap_dff$6487 to $_DFFE_PP_ for $techmap\u_core.$0\reg_pc[31:0] [0] -> \u_core.reg_pc [0].
  converting $_DFF_P_ cell $auto$simplemap.cc:420:simplemap_dff$6488 to $_DFFE_PP_ for $techmap\u_core.$0\reg_pc[31:0] [1] -> \u_core.reg_pc [1].
  converting $_DFF_P_ cell $auto$simplemap.cc:420:simplemap_dff$6489 to $_DFFE_PP_ for $techmap\u_core.$0\reg_pc[31:0] [2] -> \u_core.reg_pc [2].
  converting $_DFF_P_ cell $auto$simplemap.cc:420:simplemap_dff$6490 to $_DFFE_PP_ for $techmap\u_core.$0\reg_pc[31:0] [3] -> \u_core.reg_pc [3].
  converting $_DFF_P_ cell $auto$simplemap.cc:420:simplemap_dff$6491 to $_DFFE_PP_ for $techmap\u_core.$0\reg_pc[31:0] [4] -> \u_core.reg_pc [4].
  converting $_DFF_P_ cell $auto$simplemap.cc:420:simplemap_dff$6492 to $_DFFE_PP_ for $techmap\u_core.$0\reg_pc[31:0] [5] -> \u_core.reg_pc [5].
  converting $_DFF_P_ cell $auto$simplemap.cc:420:simplemap_dff$6493 to $_DFFE_PP_ for $techmap\u_core.$0\reg_pc[31:0] [6] -> \u_core.reg_pc [6].
  converting $_DFF_P_ cell $auto$simplemap.cc:420:simplemap_dff$6494 to $_DFFE_PP_ for $techmap\u_core.$0\reg_pc[31:0] [7] -> \u_core.reg_pc [7].
  converting $_DFF_P_ cell $auto$simplemap.cc:420:simplemap_dff$6495 to $_DFFE_PP_ for $techmap\u_core.$0\reg_pc[31:0] [8] -> \u_core.reg_pc [8].
  converting $_DFF_P_ cell $auto$simplemap.cc:420:simplemap_dff$6496 to $_DFFE_PP_ for $techmap\u_core.$0\reg_pc[31:0] [9] -> \u_core.reg_pc [9].
  converting $_DFF_P_ cell $auto$simplemap.cc:420:simplemap_dff$6497 to $_DFFE_PP_ for $techmap\u_core.$0\reg_pc[31:0] [10] -> \u_core.reg_pc [10].
  converting $_DFF_P_ cell $auto$simplemap.cc:420:simplemap_dff$6498 to $_DFFE_PP_ for $techmap\u_core.$0\reg_pc[31:0] [11] -> \u_core.reg_pc [11].
  converting $_DFF_P_ cell $auto$simplemap.cc:420:simplemap_dff$6499 to $_DFFE_PP_ for $techmap\u_core.$0\reg_pc[31:0] [12] -> \u_core.reg_pc [12].
  converting $_DFF_P_ cell $auto$simplemap.cc:420:simplemap_dff$6500 to $_DFFE_PP_ for $techmap\u_core.$0\reg_pc[31:0] [13] -> \u_core.reg_pc [13].
  converting $_DFF_P_ cell $auto$simplemap.cc:420:simplemap_dff$6501 to $_DFFE_PP_ for $techmap\u_core.$0\reg_pc[31:0] [14] -> \u_core.reg_pc [14].
  converting $_DFF_P_ cell $auto$simplemap.cc:420:simplemap_dff$6502 to $_DFFE_PP_ for $techmap\u_core.$0\reg_pc[31:0] [15] -> \u_core.reg_pc [15].
  converting $_DFF_P_ cell $auto$simplemap.cc:420:simplemap_dff$6503 to $_DFFE_PP_ for $techmap\u_core.$0\reg_pc[31:0] [16] -> \u_core.reg_pc [16].
  converting $_DFF_P_ cell $auto$simplemap.cc:420:simplemap_dff$6504 to $_DFFE_PP_ for $techmap\u_core.$0\reg_pc[31:0] [17] -> \u_core.reg_pc [17].
  converting $_DFF_P_ cell $auto$simplemap.cc:420:simplemap_dff$6505 to $_DFFE_PP_ for $techmap\u_core.$0\reg_pc[31:0] [18] -> \u_core.reg_pc [18].
  converting $_DFF_P_ cell $auto$simplemap.cc:420:simplemap_dff$6506 to $_DFFE_PP_ for $techmap\u_core.$0\reg_pc[31:0] [19] -> \u_core.reg_pc [19].
  converting $_DFF_P_ cell $auto$simplemap.cc:420:simplemap_dff$6507 to $_DFFE_PP_ for $techmap\u_core.$0\reg_pc[31:0] [20] -> \u_core.reg_pc [20].
  converting $_DFF_P_ cell $auto$simplemap.cc:420:simplemap_dff$6508 to $_DFFE_PP_ for $techmap\u_core.$0\reg_pc[31:0] [21] -> \u_core.reg_pc [21].
  converting $_DFF_P_ cell $auto$simplemap.cc:420:simplemap_dff$6509 to $_DFFE_PP_ for $techmap\u_core.$0\reg_pc[31:0] [22] -> \u_core.reg_pc [22].
  converting $_DFF_P_ cell $auto$simplemap.cc:420:simplemap_dff$6510 to $_DFFE_PP_ for $techmap\u_core.$0\reg_pc[31:0] [23] -> \u_core.reg_pc [23].
  converting $_DFF_P_ cell $auto$simplemap.cc:420:simplemap_dff$6511 to $_DFFE_PP_ for $techmap\u_core.$0\reg_pc[31:0] [24] -> \u_core.reg_pc [24].
  converting $_DFF_P_ cell $auto$simplemap.cc:420:simplemap_dff$6512 to $_DFFE_PP_ for $techmap\u_core.$0\reg_pc[31:0] [25] -> \u_core.reg_pc [25].
  converting $_DFF_P_ cell $auto$simplemap.cc:420:simplemap_dff$6513 to $_DFFE_PP_ for $techmap\u_core.$0\reg_pc[31:0] [26] -> \u_core.reg_pc [26].
  converting $_DFF_P_ cell $auto$simplemap.cc:420:simplemap_dff$6514 to $_DFFE_PP_ for $techmap\u_core.$0\reg_pc[31:0] [27] -> \u_core.reg_pc [27].
  converting $_DFF_P_ cell $auto$simplemap.cc:420:simplemap_dff$6515 to $_DFFE_PP_ for $techmap\u_core.$0\reg_pc[31:0] [28] -> \u_core.reg_pc [28].
  converting $_DFF_P_ cell $auto$simplemap.cc:420:simplemap_dff$6516 to $_DFFE_PP_ for $techmap\u_core.$0\reg_pc[31:0] [29] -> \u_core.reg_pc [29].
  converting $_DFF_P_ cell $auto$simplemap.cc:420:simplemap_dff$6517 to $_DFFE_PP_ for $techmap\u_core.$0\reg_pc[31:0] [30] -> \u_core.reg_pc [30].
  converting $_DFF_P_ cell $auto$simplemap.cc:420:simplemap_dff$6518 to $_DFFE_PP_ for $techmap\u_core.$0\reg_pc[31:0] [31] -> \u_core.reg_pc [31].
  converting $_DFF_P_ cell $auto$simplemap.cc:420:simplemap_dff$6519 to $_DFFE_PP_ for $techmap\u_core.$0\count_instr[63:0] [0] -> \u_core.count_instr [0].
  converting $_DFF_P_ cell $auto$simplemap.cc:420:simplemap_dff$6520 to $_DFFE_PP_ for $techmap\u_core.$0\count_instr[63:0] [1] -> \u_core.count_instr [1].
  converting $_DFF_P_ cell $auto$simplemap.cc:420:simplemap_dff$6521 to $_DFFE_PP_ for $techmap\u_core.$0\count_instr[63:0] [2] -> \u_core.count_instr [2].
  converting $_DFF_P_ cell $auto$simplemap.cc:420:simplemap_dff$6522 to $_DFFE_PP_ for $techmap\u_core.$0\count_instr[63:0] [3] -> \u_core.count_instr [3].
  converting $_DFF_P_ cell $auto$simplemap.cc:420:simplemap_dff$6523 to $_DFFE_PP_ for $techmap\u_core.$0\count_instr[63:0] [4] -> \u_core.count_instr [4].
  converting $_DFF_P_ cell $auto$simplemap.cc:420:simplemap_dff$6524 to $_DFFE_PP_ for $techmap\u_core.$0\count_instr[63:0] [5] -> \u_core.count_instr [5].
  converting $_DFF_P_ cell $auto$simplemap.cc:420:simplemap_dff$6525 to $_DFFE_PP_ for $techmap\u_core.$0\count_instr[63:0] [6] -> \u_core.count_instr [6].
  converting $_DFF_P_ cell $auto$simplemap.cc:420:simplemap_dff$6526 to $_DFFE_PP_ for $techmap\u_core.$0\count_instr[63:0] [7] -> \u_core.count_instr [7].
  converting $_DFF_P_ cell $auto$simplemap.cc:420:simplemap_dff$6527 to $_DFFE_PP_ for $techmap\u_core.$0\count_instr[63:0] [8] -> \u_core.count_instr [8].
  converting $_DFF_P_ cell $auto$simplemap.cc:420:simplemap_dff$6528 to $_DFFE_PP_ for $techmap\u_core.$0\count_instr[63:0] [9] -> \u_core.count_instr [9].
  converting $_DFF_P_ cell $auto$simplemap.cc:420:simplemap_dff$6529 to $_DFFE_PP_ for $techmap\u_core.$0\count_instr[63:0] [10] -> \u_core.count_instr [10].
  converting $_DFF_P_ cell $auto$simplemap.cc:420:simplemap_dff$6530 to $_DFFE_PP_ for $techmap\u_core.$0\count_instr[63:0] [11] -> \u_core.count_instr [11].
  converting $_DFF_P_ cell $auto$simplemap.cc:420:simplemap_dff$6531 to $_DFFE_PP_ for $techmap\u_core.$0\count_instr[63:0] [12] -> \u_core.count_instr [12].
  converting $_DFF_P_ cell $auto$simplemap.cc:420:simplemap_dff$6532 to $_DFFE_PP_ for $techmap\u_core.$0\count_instr[63:0] [13] -> \u_core.count_instr [13].
  converting $_DFF_P_ cell $auto$simplemap.cc:420:simplemap_dff$6533 to $_DFFE_PP_ for $techmap\u_core.$0\count_instr[63:0] [14] -> \u_core.count_instr [14].
  converting $_DFF_P_ cell $auto$simplemap.cc:420:simplemap_dff$6534 to $_DFFE_PP_ for $techmap\u_core.$0\count_instr[63:0] [15] -> \u_core.count_instr [15].
  converting $_DFF_P_ cell $auto$simplemap.cc:420:simplemap_dff$6535 to $_DFFE_PP_ for $techmap\u_core.$0\count_instr[63:0] [16] -> \u_core.count_instr [16].
  converting $_DFF_P_ cell $auto$simplemap.cc:420:simplemap_dff$6536 to $_DFFE_PP_ for $techmap\u_core.$0\count_instr[63:0] [17] -> \u_core.count_instr [17].
  converting $_DFF_P_ cell $auto$simplemap.cc:420:simplemap_dff$6537 to $_DFFE_PP_ for $techmap\u_core.$0\count_instr[63:0] [18] -> \u_core.count_instr [18].
  converting $_DFF_P_ cell $auto$simplemap.cc:420:simplemap_dff$6538 to $_DFFE_PP_ for $techmap\u_core.$0\count_instr[63:0] [19] -> \u_core.count_instr [19].
  converting $_DFF_P_ cell $auto$simplemap.cc:420:simplemap_dff$6539 to $_DFFE_PP_ for $techmap\u_core.$0\count_instr[63:0] [20] -> \u_core.count_instr [20].
  converting $_DFF_P_ cell $auto$simplemap.cc:420:simplemap_dff$6540 to $_DFFE_PP_ for $techmap\u_core.$0\count_instr[63:0] [21] -> \u_core.count_instr [21].
  converting $_DFF_P_ cell $auto$simplemap.cc:420:simplemap_dff$6541 to $_DFFE_PP_ for $techmap\u_core.$0\count_instr[63:0] [22] -> \u_core.count_instr [22].
  converting $_DFF_P_ cell $auto$simplemap.cc:420:simplemap_dff$6542 to $_DFFE_PP_ for $techmap\u_core.$0\count_instr[63:0] [23] -> \u_core.count_instr [23].
  converting $_DFF_P_ cell $auto$simplemap.cc:420:simplemap_dff$6543 to $_DFFE_PP_ for $techmap\u_core.$0\count_instr[63:0] [24] -> \u_core.count_instr [24].
  converting $_DFF_P_ cell $auto$simplemap.cc:420:simplemap_dff$6544 to $_DFFE_PP_ for $techmap\u_core.$0\count_instr[63:0] [25] -> \u_core.count_instr [25].
  converting $_DFF_P_ cell $auto$simplemap.cc:420:simplemap_dff$6545 to $_DFFE_PP_ for $techmap\u_core.$0\count_instr[63:0] [26] -> \u_core.count_instr [26].
  converting $_DFF_P_ cell $auto$simplemap.cc:420:simplemap_dff$6546 to $_DFFE_PP_ for $techmap\u_core.$0\count_instr[63:0] [27] -> \u_core.count_instr [27].
  converting $_DFF_P_ cell $auto$simplemap.cc:420:simplemap_dff$6547 to $_DFFE_PP_ for $techmap\u_core.$0\count_instr[63:0] [28] -> \u_core.count_instr [28].
  converting $_DFF_P_ cell $auto$simplemap.cc:420:simplemap_dff$6548 to $_DFFE_PP_ for $techmap\u_core.$0\count_instr[63:0] [29] -> \u_core.count_instr [29].
  converting $_DFF_P_ cell $auto$simplemap.cc:420:simplemap_dff$6549 to $_DFFE_PP_ for $techmap\u_core.$0\count_instr[63:0] [30] -> \u_core.count_instr [30].
  converting $_DFF_P_ cell $auto$simplemap.cc:420:simplemap_dff$6550 to $_DFFE_PP_ for $techmap\u_core.$0\count_instr[63:0] [31] -> \u_core.count_instr [31].
  converting $_DFF_P_ cell $auto$simplemap.cc:420:simplemap_dff$6551 to $_DFFE_PP_ for $techmap\u_core.$0\count_instr[63:0] [32] -> \u_core.count_instr [32].
  converting $_DFF_P_ cell $auto$simplemap.cc:420:simplemap_dff$6552 to $_DFFE_PP_ for $techmap\u_core.$0\count_instr[63:0] [33] -> \u_core.count_instr [33].
  converting $_DFF_P_ cell $auto$simplemap.cc:420:simplemap_dff$6553 to $_DFFE_PP_ for $techmap\u_core.$0\count_instr[63:0] [34] -> \u_core.count_instr [34].
  converting $_DFF_P_ cell $auto$simplemap.cc:420:simplemap_dff$6554 to $_DFFE_PP_ for $techmap\u_core.$0\count_instr[63:0] [35] -> \u_core.count_instr [35].
  converting $_DFF_P_ cell $auto$simplemap.cc:420:simplemap_dff$6555 to $_DFFE_PP_ for $techmap\u_core.$0\count_instr[63:0] [36] -> \u_core.count_instr [36].
  converting $_DFF_P_ cell $auto$simplemap.cc:420:simplemap_dff$6556 to $_DFFE_PP_ for $techmap\u_core.$0\count_instr[63:0] [37] -> \u_core.count_instr [37].
  converting $_DFF_P_ cell $auto$simplemap.cc:420:simplemap_dff$6557 to $_DFFE_PP_ for $techmap\u_core.$0\count_instr[63:0] [38] -> \u_core.count_instr [38].
  converting $_DFF_P_ cell $auto$simplemap.cc:420:simplemap_dff$6558 to $_DFFE_PP_ for $techmap\u_core.$0\count_instr[63:0] [39] -> \u_core.count_instr [39].
  converting $_DFF_P_ cell $auto$simplemap.cc:420:simplemap_dff$6559 to $_DFFE_PP_ for $techmap\u_core.$0\count_instr[63:0] [40] -> \u_core.count_instr [40].
  converting $_DFF_P_ cell $auto$simplemap.cc:420:simplemap_dff$6560 to $_DFFE_PP_ for $techmap\u_core.$0\count_instr[63:0] [41] -> \u_core.count_instr [41].
  converting $_DFF_P_ cell $auto$simplemap.cc:420:simplemap_dff$6561 to $_DFFE_PP_ for $techmap\u_core.$0\count_instr[63:0] [42] -> \u_core.count_instr [42].
  converting $_DFF_P_ cell $auto$simplemap.cc:420:simplemap_dff$6562 to $_DFFE_PP_ for $techmap\u_core.$0\count_instr[63:0] [43] -> \u_core.count_instr [43].
  converting $_DFF_P_ cell $auto$simplemap.cc:420:simplemap_dff$6563 to $_DFFE_PP_ for $techmap\u_core.$0\count_instr[63:0] [44] -> \u_core.count_instr [44].
  converting $_DFF_P_ cell $auto$simplemap.cc:420:simplemap_dff$6564 to $_DFFE_PP_ for $techmap\u_core.$0\count_instr[63:0] [45] -> \u_core.count_instr [45].
  converting $_DFF_P_ cell $auto$simplemap.cc:420:simplemap_dff$6565 to $_DFFE_PP_ for $techmap\u_core.$0\count_instr[63:0] [46] -> \u_core.count_instr [46].
  converting $_DFF_P_ cell $auto$simplemap.cc:420:simplemap_dff$6566 to $_DFFE_PP_ for $techmap\u_core.$0\count_instr[63:0] [47] -> \u_core.count_instr [47].
  converting $_DFF_P_ cell $auto$simplemap.cc:420:simplemap_dff$6567 to $_DFFE_PP_ for $techmap\u_core.$0\count_instr[63:0] [48] -> \u_core.count_instr [48].
  converting $_DFF_P_ cell $auto$simplemap.cc:420:simplemap_dff$6568 to $_DFFE_PP_ for $techmap\u_core.$0\count_instr[63:0] [49] -> \u_core.count_instr [49].
  converting $_DFF_P_ cell $auto$simplemap.cc:420:simplemap_dff$6569 to $_DFFE_PP_ for $techmap\u_core.$0\count_instr[63:0] [50] -> \u_core.count_instr [50].
  converting $_DFF_P_ cell $auto$simplemap.cc:420:simplemap_dff$6570 to $_DFFE_PP_ for $techmap\u_core.$0\count_instr[63:0] [51] -> \u_core.count_instr [51].
  converting $_DFF_P_ cell $auto$simplemap.cc:420:simplemap_dff$6571 to $_DFFE_PP_ for $techmap\u_core.$0\count_instr[63:0] [52] -> \u_core.count_instr [52].
  converting $_DFF_P_ cell $auto$simplemap.cc:420:simplemap_dff$6572 to $_DFFE_PP_ for $techmap\u_core.$0\count_instr[63:0] [53] -> \u_core.count_instr [53].
  converting $_DFF_P_ cell $auto$simplemap.cc:420:simplemap_dff$6573 to $_DFFE_PP_ for $techmap\u_core.$0\count_instr[63:0] [54] -> \u_core.count_instr [54].
  converting $_DFF_P_ cell $auto$simplemap.cc:420:simplemap_dff$6574 to $_DFFE_PP_ for $techmap\u_core.$0\count_instr[63:0] [55] -> \u_core.count_instr [55].
  converting $_DFF_P_ cell $auto$simplemap.cc:420:simplemap_dff$6575 to $_DFFE_PP_ for $techmap\u_core.$0\count_instr[63:0] [56] -> \u_core.count_instr [56].
  converting $_DFF_P_ cell $auto$simplemap.cc:420:simplemap_dff$6576 to $_DFFE_PP_ for $techmap\u_core.$0\count_instr[63:0] [57] -> \u_core.count_instr [57].
  converting $_DFF_P_ cell $auto$simplemap.cc:420:simplemap_dff$6577 to $_DFFE_PP_ for $techmap\u_core.$0\count_instr[63:0] [58] -> \u_core.count_instr [58].
  converting $_DFF_P_ cell $auto$simplemap.cc:420:simplemap_dff$6578 to $_DFFE_PP_ for $techmap\u_core.$0\count_instr[63:0] [59] -> \u_core.count_instr [59].
  converting $_DFF_P_ cell $auto$simplemap.cc:420:simplemap_dff$6579 to $_DFFE_PP_ for $techmap\u_core.$0\count_instr[63:0] [60] -> \u_core.count_instr [60].
  converting $_DFF_P_ cell $auto$simplemap.cc:420:simplemap_dff$6580 to $_DFFE_PP_ for $techmap\u_core.$0\count_instr[63:0] [61] -> \u_core.count_instr [61].
  converting $_DFF_P_ cell $auto$simplemap.cc:420:simplemap_dff$6581 to $_DFFE_PP_ for $techmap\u_core.$0\count_instr[63:0] [62] -> \u_core.count_instr [62].
  converting $_DFF_P_ cell $auto$simplemap.cc:420:simplemap_dff$6582 to $_DFFE_PP_ for $techmap\u_core.$0\count_instr[63:0] [63] -> \u_core.count_instr [63].
  converting $_DFF_P_ cell $auto$simplemap.cc:420:simplemap_dff$6584 to $_DFFE_PP_ for $techmap\u_core.$0\count_cycle[63:0] [1] -> \u_core.count_cycle [1].
  converting $_DFF_P_ cell $auto$simplemap.cc:420:simplemap_dff$6647 to $_DFFE_PP_ for $techmap\u_core.$0\pcpi_valid[0:0] -> \u_core.pcpi_valid.

4.35. Executing TECHMAP pass (map to technology primitives).

4.35.1. Executing Verilog-2005 frontend: /usr/bin/../share/yosys/ice40/cells_map.v
Parsing Verilog input from `/usr/bin/../share/yosys/ice40/cells_map.v' to AST representation.
Generating RTLIL representation for module `\$_DFF_N_'.
Generating RTLIL representation for module `\$_DFF_P_'.
Generating RTLIL representation for module `\$_DFFE_NN_'.
Generating RTLIL representation for module `\$_DFFE_PN_'.
Generating RTLIL representation for module `\$_DFFE_NP_'.
Generating RTLIL representation for module `\$_DFFE_PP_'.
Generating RTLIL representation for module `\$_DFF_NN0_'.
Generating RTLIL representation for module `\$_DFF_NN1_'.
Generating RTLIL representation for module `\$_DFF_PN0_'.
Generating RTLIL representation for module `\$_DFF_PN1_'.
Generating RTLIL representation for module `\$_DFF_NP0_'.
Generating RTLIL representation for module `\$_DFF_NP1_'.
Generating RTLIL representation for module `\$_DFF_PP0_'.
Generating RTLIL representation for module `\$_DFF_PP1_'.
Generating RTLIL representation for module `\$__DFFE_NN0'.
Generating RTLIL representation for module `\$__DFFE_NN1'.
Generating RTLIL representation for module `\$__DFFE_PN0'.
Generating RTLIL representation for module `\$__DFFE_PN1'.
Generating RTLIL representation for module `\$__DFFE_NP0'.
Generating RTLIL representation for module `\$__DFFE_NP1'.
Generating RTLIL representation for module `\$__DFFE_PP0'.
Generating RTLIL representation for module `\$__DFFE_PP1'.
Successfully finished Verilog frontend.

4.35.2. Continuing TECHMAP pass.
Using template \$_DFF_P_ for cells of type $_DFF_P_.
Using template \$_DFFE_PP_ for cells of type $_DFFE_PP_.
No more expansions possible.
<suppressed ~894 debug messages>

4.36. Executing OPT_EXPR pass (perform const folding).
Optimizing module picorv32_baseline_a_wrapper.
<suppressed ~1672 debug messages>

4.37. Executing SIMPLEMAP pass (map simple cells to gate primitives).

4.38. Executing ICE40_FFINIT pass (implement FF init values).
Handling FF init values in picorv32_baseline_a_wrapper.

4.39. Executing ICE40_FFSSR pass (merge synchronous set/reset into FF cells).
Merging set/reset $_MUX_ cells into SB_FFs in picorv32_baseline_a_wrapper.
  Merging $auto$simplemap.cc:277:simplemap_mux$11245 (A=1'0, B=$auto$simplemap.cc:309:simplemap_lut$5922, S=$techmap\u_core.pcpi_mul.$logic_and$../picorv32.v:2261$731_Y) into $auto$simplemap.cc:420:simplemap_dff$10940 (SB_DFF).
  Merging $auto$simplemap.cc:277:simplemap_mux$11721 (A=$auto$wreduce.cc:455:run$4722 [2], B=1'1, S=\u_core.pcpi_mul.mul_waiting) into $auto$simplemap.cc:420:simplemap_dff$10935 (SB_DFFE).
  Merging $auto$simplemap.cc:277:simplemap_mux$11722 (A=$auto$wreduce.cc:455:run$4722 [3], B=1'1, S=\u_core.pcpi_mul.mul_waiting) into $auto$simplemap.cc:420:simplemap_dff$10936 (SB_DFFE).
  Merging $auto$simplemap.cc:277:simplemap_mux$11723 (A=$auto$wreduce.cc:455:run$4722 [4], B=1'1, S=\u_core.pcpi_mul.mul_waiting) into $auto$simplemap.cc:420:simplemap_dff$10937 (SB_DFFE).
  Merging $auto$simplemap.cc:277:simplemap_mux$11725 (A=$auto$wreduce.cc:455:run$4722 [6], B=1'0, S=\u_core.pcpi_mul.mul_waiting) into $auto$simplemap.cc:420:simplemap_dff$10939 (SB_DFFE).
  Merging $auto$simplemap.cc:277:simplemap_mux$11720 (A=$auto$simplemap.cc:309:simplemap_lut$16013 [2], B=1'1, S=\u_core.pcpi_mul.mul_waiting) into $auto$simplemap.cc:420:simplemap_dff$10934 (SB_DFFE).
  Merging $auto$simplemap.cc:277:simplemap_mux$11243 (A=1'0, B=$auto$simplemap.cc:309:simplemap_lut$5675, S=$techmap\u_core.pcpi_mul.$logic_and$../picorv32.v:2261$731_Y) into $auto$simplemap.cc:420:simplemap_dff$10941 (SB_DFF).
  Merging $auto$simplemap.cc:277:simplemap_mux$11237 (A=1'0, B=$techmap\u_core.pcpi_mul.$procmux$1664_Y, S=$techmap\u_core.pcpi_mul.$logic_and$../picorv32.v:2261$731_Y) into $auto$simplemap.cc:420:simplemap_dff$10942 (SB_DFF).
  Merging $auto$simplemap.cc:277:simplemap_mux$11244 (A=1'0, B=$auto$simplemap.cc:309:simplemap_lut$5734, S=$techmap\u_core.pcpi_mul.$logic_and$../picorv32.v:2261$731_Y) into $auto$simplemap.cc:420:simplemap_dff$10944 (SB_DFF).
  Merging $auto$simplemap.cc:277:simplemap_mux$11728 (A=1'0, B=$techmap\u_core.pcpi_mul.$procmux$1597_Y, S=\resetn) into $auto$simplemap.cc:420:simplemap_dff$10946 (SB_DFF).
  Merging $auto$simplemap.cc:277:simplemap_mux$11719 (A=$auto$wreduce.cc:455:run$4722 [0], B=1'0, S=\u_core.pcpi_mul.mul_waiting) into $auto$simplemap.cc:420:simplemap_dff$10933 (SB_DFFE).
  Merging $auto$simplemap.cc:277:simplemap_mux$11697 (A=\u_core.pcpi_mul.next_rdt [3], B=1'0, S=\u_core.pcpi_mul.mul_waiting) into $auto$simplemap.cc:420:simplemap_dff$10952 (SB_DFFE).
  Merging $auto$simplemap.cc:277:simplemap_mux$11726 (A=1'1, B=$techmap\u_core.pcpi_mul.$procmux$1605_Y, S=\resetn) into $auto$simplemap.cc:420:simplemap_dff$10947 (SB_DFF).
  Merging $auto$simplemap.cc:277:simplemap_mux$11699 (A=\u_core.pcpi_mul.next_rdt [11], B=1'0, S=\u_core.pcpi_mul.mul_waiting) into $auto$simplemap.cc:420:simplemap_dff$10960 (SB_DFFE).
  Merging $auto$simplemap.cc:277:simplemap_mux$11700 (A=\u_core.pcpi_mul.next_rdt [15], B=1'0, S=\u_core.pcpi_mul.mul_waiting) into $auto$simplemap.cc:420:simplemap_dff$10964 (SB_DFFE).
  Merging $auto$simplemap.cc:277:simplemap_mux$11701 (A=\u_core.pcpi_mul.next_rdt [19], B=1'0, S=\u_core.pcpi_mul.mul_waiting) into $auto$simplemap.cc:420:simplemap_dff$10968 (SB_DFFE).
  Merging $auto$simplemap.cc:277:simplemap_mux$11702 (A=\u_core.pcpi_mul.next_rdt [23], B=1'0, S=\u_core.pcpi_mul.mul_waiting) into $auto$simplemap.cc:420:simplemap_dff$10972 (SB_DFFE).
  Merging $auto$simplemap.cc:277:simplemap_mux$11703 (A=\u_core.pcpi_mul.next_rdt [27], B=1'0, S=\u_core.pcpi_mul.mul_waiting) into $auto$simplemap.cc:420:simplemap_dff$10976 (SB_DFFE).
  Merging $auto$simplemap.cc:277:simplemap_mux$11704 (A=\u_core.pcpi_mul.next_rdt [31], B=1'0, S=\u_core.pcpi_mul.mul_waiting) into $auto$simplemap.cc:420:simplemap_dff$10980 (SB_DFFE).
  Merging $auto$simplemap.cc:277:simplemap_mux$11705 (A=\u_core.pcpi_mul.next_rdt [35], B=1'0, S=\u_core.pcpi_mul.mul_waiting) into $auto$simplemap.cc:420:simplemap_dff$10984 (SB_DFFE).
  Merging $auto$simplemap.cc:277:simplemap_mux$11706 (A=\u_core.pcpi_mul.next_rdt [39], B=1'0, S=\u_core.pcpi_mul.mul_waiting) into $auto$simplemap.cc:420:simplemap_dff$10988 (SB_DFFE).
  Merging $auto$simplemap.cc:277:simplemap_mux$11707 (A=\u_core.pcpi_mul.next_rdt [43], B=1'0, S=\u_core.pcpi_mul.mul_waiting) into $auto$simplemap.cc:420:simplemap_dff$10992 (SB_DFFE).
  Merging $auto$simplemap.cc:277:simplemap_mux$11708 (A=\u_core.pcpi_mul.next_rdt [47], B=1'0, S=\u_core.pcpi_mul.mul_waiting) into $auto$simplemap.cc:420:simplemap_dff$10996 (SB_DFFE).
  Merging $auto$simplemap.cc:277:simplemap_mux$11709 (A=\u_core.pcpi_mul.next_rdt [51], B=1'0, S=\u_core.pcpi_mul.mul_waiting) into $auto$simplemap.cc:420:simplemap_dff$11000 (SB_DFFE).
  Merging $auto$simplemap.cc:277:simplemap_mux$11710 (A=\u_core.pcpi_mul.next_rdt [55], B=1'0, S=\u_core.pcpi_mul.mul_waiting) into $auto$simplemap.cc:420:simplemap_dff$11004 (SB_DFFE).
  Merging $auto$simplemap.cc:277:simplemap_mux$11711 (A=\u_core.pcpi_mul.next_rdt [59], B=1'0, S=\u_core.pcpi_mul.mul_waiting) into $auto$simplemap.cc:420:simplemap_dff$11008 (SB_DFFE).
  Merging $auto$simplemap.cc:277:simplemap_mux$11569 (A=\u_core.pcpi_mul.next_rd [0], B=1'0, S=\u_core.pcpi_mul.mul_waiting) into $auto$simplemap.cc:420:simplemap_dff$11012 (SB_DFFE).
  Merging $auto$simplemap.cc:277:simplemap_mux$11570 (A=\u_core.pcpi_mul.next_rd [1], B=1'0, S=\u_core.pcpi_mul.mul_waiting) into $auto$simplemap.cc:420:simplemap_dff$11013 (SB_DFFE).
  Merging $auto$simplemap.cc:277:simplemap_mux$11571 (A=\u_core.pcpi_mul.next_rd [2], B=1'0, S=\u_core.pcpi_mul.mul_waiting) into $auto$simplemap.cc:420:simplemap_dff$11014 (SB_DFFE).
  Merging $auto$simplemap.cc:277:simplemap_mux$11572 (A=\u_core.pcpi_mul.next_rd [3], B=1'0, S=\u_core.pcpi_mul.mul_waiting) into $auto$simplemap.cc:420:simplemap_dff$11015 (SB_DFFE).
  Merging $auto$simplemap.cc:277:simplemap_mux$11573 (A=\u_core.pcpi_mul.next_rd [4], B=1'0, S=\u_core.pcpi_mul.mul_waiting) into $auto$simplemap.cc:420:simplemap_dff$11016 (SB_DFFE).
  Merging $auto$simplemap.cc:277:simplemap_mux$11574 (A=\u_core.pcpi_mul.next_rd [5], B=1'0, S=\u_core.pcpi_mul.mul_waiting) into $auto$simplemap.cc:420:simplemap_dff$11017 (SB_DFFE).
  Merging $auto$simplemap.cc:277:simplemap_mux$11575 (A=\u_core.pcpi_mul.next_rd [6], B=1'0, S=\u_core.pcpi_mul.mul_waiting) into $auto$simplemap.cc:420:simplemap_dff$11018 (SB_DFFE).
  Merging $auto$simplemap.cc:277:simplemap_mux$11576 (A=\u_core.pcpi_mul.next_rd [7], B=1'0, S=\u_core.pcpi_mul.mul_waiting) into $auto$simplemap.cc:420:simplemap_dff$11019 (SB_DFFE).
  Merging $auto$simplemap.cc:277:simplemap_mux$11578 (A=\u_core.pcpi_mul.next_rd [9], B=1'0, S=\u_core.pcpi_mul.mul_waiting) into $auto$simplemap.cc:420:simplemap_dff$11021 (SB_DFFE).
  Merging $auto$simplemap.cc:277:simplemap_mux$11698 (A=\u_core.pcpi_mul.next_rdt [7], B=1'0, S=\u_core.pcpi_mul.mul_waiting) into $auto$simplemap.cc:420:simplemap_dff$10956 (SB_DFFE).
  Merging $auto$simplemap.cc:277:simplemap_mux$11579 (A=\u_core.pcpi_mul.next_rd [10], B=1'0, S=\u_core.pcpi_mul.mul_waiting) into $auto$simplemap.cc:420:simplemap_dff$11022 (SB_DFFE).
  Merging $auto$simplemap.cc:277:simplemap_mux$11580 (A=\u_core.pcpi_mul.next_rd [11], B=1'0, S=\u_core.pcpi_mul.mul_waiting) into $auto$simplemap.cc:420:simplemap_dff$11023 (SB_DFFE).
  Merging $auto$simplemap.cc:277:simplemap_mux$11581 (A=\u_core.pcpi_mul.next_rd [12], B=1'0, S=\u_core.pcpi_mul.mul_waiting) into $auto$simplemap.cc:420:simplemap_dff$11024 (SB_DFFE).
  Merging $auto$simplemap.cc:277:simplemap_mux$11582 (A=\u_core.pcpi_mul.next_rd [13], B=1'0, S=\u_core.pcpi_mul.mul_waiting) into $auto$simplemap.cc:420:simplemap_dff$11025 (SB_DFFE).
  Merging $auto$simplemap.cc:277:simplemap_mux$11583 (A=\u_core.pcpi_mul.next_rd [14], B=1'0, S=\u_core.pcpi_mul.mul_waiting) into $auto$simplemap.cc:420:simplemap_dff$11026 (SB_DFFE).
  Merging $auto$simplemap.cc:277:simplemap_mux$11584 (A=\u_core.pcpi_mul.next_rd [15], B=1'0, S=\u_core.pcpi_mul.mul_waiting) into $auto$simplemap.cc:420:simplemap_dff$11027 (SB_DFFE).
  Merging $auto$simplemap.cc:277:simplemap_mux$11585 (A=\u_core.pcpi_mul.next_rd [16], B=1'0, S=\u_core.pcpi_mul.mul_waiting) into $auto$simplemap.cc:420:simplemap_dff$11028 (SB_DFFE).
  Merging $auto$simplemap.cc:277:simplemap_mux$11586 (A=\u_core.pcpi_mul.next_rd [17], B=1'0, S=\u_core.pcpi_mul.mul_waiting) into $auto$simplemap.cc:420:simplemap_dff$11029 (SB_DFFE).
  Merging $auto$simplemap.cc:277:simplemap_mux$11587 (A=\u_core.pcpi_mul.next_rd [18], B=1'0, S=\u_core.pcpi_mul.mul_waiting) into $auto$simplemap.cc:420:simplemap_dff$11030 (SB_DFFE).
  Merging $auto$simplemap.cc:277:simplemap_mux$11588 (A=\u_core.pcpi_mul.next_rd [19], B=1'0, S=\u_core.pcpi_mul.mul_waiting) into $auto$simplemap.cc:420:simplemap_dff$11031 (SB_DFFE).
  Merging $auto$simplemap.cc:277:simplemap_mux$11589 (A=\u_core.pcpi_mul.next_rd [20], B=1'0, S=\u_core.pcpi_mul.mul_waiting) into $auto$simplemap.cc:420:simplemap_dff$11032 (SB_DFFE).
  Merging $auto$simplemap.cc:277:simplemap_mux$11590 (A=\u_core.pcpi_mul.next_rd [21], B=1'0, S=\u_core.pcpi_mul.mul_waiting) into $auto$simplemap.cc:420:simplemap_dff$11033 (SB_DFFE).
  Merging $auto$simplemap.cc:277:simplemap_mux$11591 (A=\u_core.pcpi_mul.next_rd [22], B=1'0, S=\u_core.pcpi_mul.mul_waiting) into $auto$simplemap.cc:420:simplemap_dff$11034 (SB_DFFE).
  Merging $auto$simplemap.cc:277:simplemap_mux$11592 (A=\u_core.pcpi_mul.next_rd [23], B=1'0, S=\u_core.pcpi_mul.mul_waiting) into $auto$simplemap.cc:420:simplemap_dff$11035 (SB_DFFE).
  Merging $auto$simplemap.cc:277:simplemap_mux$11593 (A=\u_core.pcpi_mul.next_rd [24], B=1'0, S=\u_core.pcpi_mul.mul_waiting) into $auto$simplemap.cc:420:simplemap_dff$11036 (SB_DFFE).
  Merging $auto$simplemap.cc:277:simplemap_mux$11594 (A=\u_core.pcpi_mul.next_rd [25], B=1'0, S=\u_core.pcpi_mul.mul_waiting) into $auto$simplemap.cc:420:simplemap_dff$11037 (SB_DFFE).
  Merging $auto$simplemap.cc:277:simplemap_mux$11595 (A=\u_core.pcpi_mul.next_rd [26], B=1'0, S=\u_core.pcpi_mul.mul_waiting) into $auto$simplemap.cc:420:simplemap_dff$11038 (SB_DFFE).
  Merging $auto$simplemap.cc:277:simplemap_mux$11596 (A=\u_core.pcpi_mul.next_rd [27], B=1'0, S=\u_core.pcpi_mul.mul_waiting) into $auto$simplemap.cc:420:simplemap_dff$11039 (SB_DFFE).
  Merging $auto$simplemap.cc:277:simplemap_mux$11597 (A=\u_core.pcpi_mul.next_rd [28], B=1'0, S=\u_core.pcpi_mul.mul_waiting) into $auto$simplemap.cc:420:simplemap_dff$11040 (SB_DFFE).
  Merging $auto$simplemap.cc:277:simplemap_mux$11598 (A=\u_core.pcpi_mul.next_rd [29], B=1'0, S=\u_core.pcpi_mul.mul_waiting) into $auto$simplemap.cc:420:simplemap_dff$11041 (SB_DFFE).
  Merging $auto$simplemap.cc:277:simplemap_mux$11599 (A=\u_core.pcpi_mul.next_rd [30], B=1'0, S=\u_core.pcpi_mul.mul_waiting) into $auto$simplemap.cc:420:simplemap_dff$11042 (SB_DFFE).
  Merging $auto$simplemap.cc:277:simplemap_mux$11600 (A=\u_core.pcpi_mul.next_rd [31], B=1'0, S=\u_core.pcpi_mul.mul_waiting) into $auto$simplemap.cc:420:simplemap_dff$11043 (SB_DFFE).
  Merging $auto$simplemap.cc:277:simplemap_mux$11601 (A=\u_core.pcpi_mul.next_rd [32], B=1'0, S=\u_core.pcpi_mul.mul_waiting) into $auto$simplemap.cc:420:simplemap_dff$11044 (SB_DFFE).
  Merging $auto$simplemap.cc:277:simplemap_mux$11602 (A=\u_core.pcpi_mul.next_rd [33], B=1'0, S=\u_core.pcpi_mul.mul_waiting) into $auto$simplemap.cc:420:simplemap_dff$11045 (SB_DFFE).
  Merging $auto$simplemap.cc:277:simplemap_mux$11603 (A=\u_core.pcpi_mul.next_rd [34], B=1'0, S=\u_core.pcpi_mul.mul_waiting) into $auto$simplemap.cc:420:simplemap_dff$11046 (SB_DFFE).
  Merging $auto$simplemap.cc:277:simplemap_mux$11604 (A=\u_core.pcpi_mul.next_rd [35], B=1'0, S=\u_core.pcpi_mul.mul_waiting) into $auto$simplemap.cc:420:simplemap_dff$11047 (SB_DFFE).
  Merging $auto$simplemap.cc:277:simplemap_mux$11605 (A=\u_core.pcpi_mul.next_rd [36], B=1'0, S=\u_core.pcpi_mul.mul_waiting) into $auto$simplemap.cc:420:simplemap_dff$11048 (SB_DFFE).
  Merging $auto$simplemap.cc:277:simplemap_mux$11606 (A=\u_core.pcpi_mul.next_rd [37], B=1'0, S=\u_core.pcpi_mul.mul_waiting) into $auto$simplemap.cc:420:simplemap_dff$11049 (SB_DFFE).
  Merging $auto$simplemap.cc:277:simplemap_mux$11607 (A=\u_core.pcpi_mul.next_rd [38], B=1'0, S=\u_core.pcpi_mul.mul_waiting) into $auto$simplemap.cc:420:simplemap_dff$11050 (SB_DFFE).
  Merging $auto$simplemap.cc:277:simplemap_mux$11608 (A=\u_core.pcpi_mul.next_rd [39], B=1'0, S=\u_core.pcpi_mul.mul_waiting) into $auto$simplemap.cc:420:simplemap_dff$11051 (SB_DFFE).
  Merging $auto$simplemap.cc:277:simplemap_mux$11609 (A=\u_core.pcpi_mul.next_rd [40], B=1'0, S=\u_core.pcpi_mul.mul_waiting) into $auto$simplemap.cc:420:simplemap_dff$11052 (SB_DFFE).
  Merging $auto$simplemap.cc:277:simplemap_mux$11610 (A=\u_core.pcpi_mul.next_rd [41], B=1'0, S=\u_core.pcpi_mul.mul_waiting) into $auto$simplemap.cc:420:simplemap_dff$11053 (SB_DFFE).
  Merging $auto$simplemap.cc:277:simplemap_mux$11611 (A=\u_core.pcpi_mul.next_rd [42], B=1'0, S=\u_core.pcpi_mul.mul_waiting) into $auto$simplemap.cc:420:simplemap_dff$11054 (SB_DFFE).
  Merging $auto$simplemap.cc:277:simplemap_mux$11612 (A=\u_core.pcpi_mul.next_rd [43], B=1'0, S=\u_core.pcpi_mul.mul_waiting) into $auto$simplemap.cc:420:simplemap_dff$11055 (SB_DFFE).
  Merging $auto$simplemap.cc:277:simplemap_mux$11613 (A=\u_core.pcpi_mul.next_rd [44], B=1'0, S=\u_core.pcpi_mul.mul_waiting) into $auto$simplemap.cc:420:simplemap_dff$11056 (SB_DFFE).
  Merging $auto$simplemap.cc:277:simplemap_mux$11614 (A=\u_core.pcpi_mul.next_rd [45], B=1'0, S=\u_core.pcpi_mul.mul_waiting) into $auto$simplemap.cc:420:simplemap_dff$11057 (SB_DFFE).
  Merging $auto$simplemap.cc:277:simplemap_mux$11615 (A=\u_core.pcpi_mul.next_rd [46], B=1'0, S=\u_core.pcpi_mul.mul_waiting) into $auto$simplemap.cc:420:simplemap_dff$11058 (SB_DFFE).
  Merging $auto$simplemap.cc:277:simplemap_mux$11616 (A=\u_core.pcpi_mul.next_rd [47], B=1'0, S=\u_core.pcpi_mul.mul_waiting) into $auto$simplemap.cc:420:simplemap_dff$11059 (SB_DFFE).
  Merging $auto$simplemap.cc:277:simplemap_mux$11617 (A=\u_core.pcpi_mul.next_rd [48], B=1'0, S=\u_core.pcpi_mul.mul_waiting) into $auto$simplemap.cc:420:simplemap_dff$11060 (SB_DFFE).
  Merging $auto$simplemap.cc:277:simplemap_mux$11618 (A=\u_core.pcpi_mul.next_rd [49], B=1'0, S=\u_core.pcpi_mul.mul_waiting) into $auto$simplemap.cc:420:simplemap_dff$11061 (SB_DFFE).
  Merging $auto$simplemap.cc:277:simplemap_mux$11619 (A=\u_core.pcpi_mul.next_rd [50], B=1'0, S=\u_core.pcpi_mul.mul_waiting) into $auto$simplemap.cc:420:simplemap_dff$11062 (SB_DFFE).
  Merging $auto$simplemap.cc:277:simplemap_mux$11620 (A=\u_core.pcpi_mul.next_rd [51], B=1'0, S=\u_core.pcpi_mul.mul_waiting) into $auto$simplemap.cc:420:simplemap_dff$11063 (SB_DFFE).
  Merging $auto$simplemap.cc:277:simplemap_mux$11621 (A=\u_core.pcpi_mul.next_rd [52], B=1'0, S=\u_core.pcpi_mul.mul_waiting) into $auto$simplemap.cc:420:simplemap_dff$11064 (SB_DFFE).
  Merging $auto$simplemap.cc:277:simplemap_mux$11622 (A=\u_core.pcpi_mul.next_rd [53], B=1'0, S=\u_core.pcpi_mul.mul_waiting) into $auto$simplemap.cc:420:simplemap_dff$11065 (SB_DFFE).
  Merging $auto$simplemap.cc:277:simplemap_mux$11623 (A=\u_core.pcpi_mul.next_rd [54], B=1'0, S=\u_core.pcpi_mul.mul_waiting) into $auto$simplemap.cc:420:simplemap_dff$11066 (SB_DFFE).
  Merging $auto$simplemap.cc:277:simplemap_mux$11624 (A=\u_core.pcpi_mul.next_rd [55], B=1'0, S=\u_core.pcpi_mul.mul_waiting) into $auto$simplemap.cc:420:simplemap_dff$11067 (SB_DFFE).
  Merging $auto$simplemap.cc:277:simplemap_mux$11625 (A=\u_core.pcpi_mul.next_rd [56], B=1'0, S=\u_core.pcpi_mul.mul_waiting) into $auto$simplemap.cc:420:simplemap_dff$11068 (SB_DFFE).
  Merging $auto$simplemap.cc:277:simplemap_mux$11626 (A=\u_core.pcpi_mul.next_rd [57], B=1'0, S=\u_core.pcpi_mul.mul_waiting) into $auto$simplemap.cc:420:simplemap_dff$11069 (SB_DFFE).
  Merging $auto$simplemap.cc:277:simplemap_mux$11627 (A=\u_core.pcpi_mul.next_rd [58], B=1'0, S=\u_core.pcpi_mul.mul_waiting) into $auto$simplemap.cc:420:simplemap_dff$11070 (SB_DFFE).
  Merging $auto$simplemap.cc:277:simplemap_mux$11628 (A=\u_core.pcpi_mul.next_rd [59], B=1'0, S=\u_core.pcpi_mul.mul_waiting) into $auto$simplemap.cc:420:simplemap_dff$11071 (SB_DFFE).
  Merging $auto$simplemap.cc:277:simplemap_mux$11629 (A=\u_core.pcpi_mul.next_rd [60], B=1'0, S=\u_core.pcpi_mul.mul_waiting) into $auto$simplemap.cc:420:simplemap_dff$11072 (SB_DFFE).
  Merging $auto$simplemap.cc:277:simplemap_mux$11630 (A=\u_core.pcpi_mul.next_rd [61], B=1'0, S=\u_core.pcpi_mul.mul_waiting) into $auto$simplemap.cc:420:simplemap_dff$11073 (SB_DFFE).
  Merging $auto$simplemap.cc:277:simplemap_mux$11631 (A=\u_core.pcpi_mul.next_rd [62], B=1'0, S=\u_core.pcpi_mul.mul_waiting) into $auto$simplemap.cc:420:simplemap_dff$11074 (SB_DFFE).
  Merging $auto$simplemap.cc:277:simplemap_mux$11632 (A=\u_core.pcpi_mul.next_rd [63], B=1'0, S=\u_core.pcpi_mul.mul_waiting) into $auto$simplemap.cc:420:simplemap_dff$11075 (SB_DFFE).
  Merging $auto$simplemap.cc:277:simplemap_mux$11440 (A=1'0, B=\u_core.reg_op2 [0], S=\u_core.pcpi_mul.mul_waiting) into $auto$simplemap.cc:420:simplemap_dff$11076 (SB_DFFE).
  Merging $auto$simplemap.cc:277:simplemap_mux$11577 (A=\u_core.pcpi_mul.next_rd [8], B=1'0, S=\u_core.pcpi_mul.mul_waiting) into $auto$simplemap.cc:420:simplemap_dff$11020 (SB_DFFE).
  Merging $auto$simplemap.cc:277:simplemap_mux$11374 (A=1'0, B=$techmap\u_core.pcpi_mul.$procmux$1639_Y [63], S=\u_core.pcpi_mul.mul_waiting) into $auto$simplemap.cc:420:simplemap_dff$11203 (SB_DFFE).
  Merging $auto$simplemap.cc:277:simplemap_mux$10783 (A=\u_core.mem_rdata_q [0], B=1'0, S=\u_core.mem_valid) into $auto$simplemap.cc:420:simplemap_dff$6025 (SB_DFF).
  Merging $auto$simplemap.cc:277:simplemap_mux$9192 (A=1'0, B=\u_core.cpu_state [0], S=\resetn) into $auto$simplemap.cc:420:simplemap_dff$6648 (SB_DFF).
  Merging $auto$simplemap.cc:277:simplemap_mux$10784 (A=\u_core.mem_rdata_q [1], B=1'0, S=\u_core.mem_valid) into $auto$simplemap.cc:420:simplemap_dff$6026 (SB_DFF).
  Merging $auto$simplemap.cc:277:simplemap_mux$10785 (A=\u_core.mem_rdata_q [2], B=1'0, S=\u_core.mem_valid) into $auto$simplemap.cc:420:simplemap_dff$6027 (SB_DFF).
  Merging $auto$simplemap.cc:277:simplemap_mux$5560 (A=$auto$memory_bram.cc:837:replace_cell$5033 [15], B=1'0, S=$auto$simplemap.cc:256:simplemap_eqne$5415) into $auto$simplemap.cc:420:simplemap_dff$5557 (SB_DFF).
  Merging $auto$simplemap.cc:277:simplemap_mux$10786 (A=\u_core.mem_rdata_q [3], B=1'0, S=\u_core.mem_valid) into $auto$simplemap.cc:420:simplemap_dff$6028 (SB_DFF).
  Merging $auto$simplemap.cc:277:simplemap_mux$10787 (A=\u_core.mem_rdata_q [4], B=1'0, S=\u_core.mem_valid) into $auto$simplemap.cc:420:simplemap_dff$6029 (SB_DFF).
  Merging $auto$simplemap.cc:277:simplemap_mux$10788 (A=\u_core.mem_rdata_q [5], B=1'0, S=\u_core.mem_valid) into $auto$simplemap.cc:420:simplemap_dff$6030 (SB_DFF).
  Merging $auto$simplemap.cc:277:simplemap_mux$10789 (A=\u_core.mem_rdata_q [6], B=1'0, S=\u_core.mem_valid) into $auto$simplemap.cc:420:simplemap_dff$6031 (SB_DFF).
  Merging $auto$simplemap.cc:277:simplemap_mux$10790 (A=\u_core.mem_rdata_q [7], B=1'0, S=\u_core.mem_valid) into $auto$simplemap.cc:420:simplemap_dff$6032 (SB_DFF).
  Merging $auto$simplemap.cc:277:simplemap_mux$10792 (A=\u_core.mem_rdata_q [9], B=1'0, S=\u_core.mem_valid) into $auto$simplemap.cc:420:simplemap_dff$6034 (SB_DFF).
  Merging $auto$simplemap.cc:277:simplemap_mux$5491 (A=$auto$memory_bram.cc:837:replace_cell$5033 [15], B=1'0, S=$auto$simplemap.cc:256:simplemap_eqne$5499) into $auto$simplemap.cc:420:simplemap_dff$5489 (SB_DFF).
  Merging $auto$simplemap.cc:277:simplemap_mux$10793 (A=\u_core.mem_rdata_q [10], B=1'0, S=\u_core.mem_valid) into $auto$simplemap.cc:420:simplemap_dff$6035 (SB_DFF).
  Merging $auto$simplemap.cc:277:simplemap_mux$10794 (A=\u_core.mem_rdata_q [11], B=1'0, S=\u_core.mem_valid) into $auto$simplemap.cc:420:simplemap_dff$6036 (SB_DFF).
  Merging $auto$simplemap.cc:277:simplemap_mux$10795 (A=\u_core.mem_rdata_q [12], B=1'0, S=\u_core.mem_valid) into $auto$simplemap.cc:420:simplemap_dff$6037 (SB_DFF).
  Merging $auto$simplemap.cc:277:simplemap_mux$10796 (A=\u_core.mem_rdata_q [13], B=1'0, S=\u_core.mem_valid) into $auto$simplemap.cc:420:simplemap_dff$6038 (SB_DFF).
  Merging $auto$simplemap.cc:277:simplemap_mux$10797 (A=\u_core.mem_rdata_q [14], B=1'0, S=\u_core.mem_valid) into $auto$simplemap.cc:420:simplemap_dff$6039 (SB_DFF).
  Merging $auto$simplemap.cc:277:simplemap_mux$10798 (A=\u_core.mem_rdata_q [15], B=1'0, S=\u_core.mem_valid) into $auto$simplemap.cc:420:simplemap_dff$6040 (SB_DFF).
  Merging $auto$simplemap.cc:277:simplemap_mux$10799 (A=\u_core.mem_rdata_q [16], B=1'0, S=\u_core.mem_valid) into $auto$simplemap.cc:420:simplemap_dff$6041 (SB_DFF).
  Merging $auto$simplemap.cc:277:simplemap_mux$10800 (A=\u_core.mem_rdata_q [17], B=1'0, S=\u_core.mem_valid) into $auto$simplemap.cc:420:simplemap_dff$6042 (SB_DFF).
  Merging $auto$simplemap.cc:277:simplemap_mux$10801 (A=\u_core.mem_rdata_q [18], B=1'0, S=\u_core.mem_valid) into $auto$simplemap.cc:420:simplemap_dff$6043 (SB_DFF).
  Merging $auto$simplemap.cc:277:simplemap_mux$10802 (A=\u_core.mem_rdata_q [19], B=1'0, S=\u_core.mem_valid) into $auto$simplemap.cc:420:simplemap_dff$6044 (SB_DFF).
  Merging $auto$simplemap.cc:277:simplemap_mux$10803 (A=\u_core.mem_rdata_q [20], B=1'0, S=\u_core.mem_valid) into $auto$simplemap.cc:420:simplemap_dff$6045 (SB_DFF).
  Merging $auto$simplemap.cc:277:simplemap_mux$10804 (A=\u_core.mem_rdata_q [21], B=1'0, S=\u_core.mem_valid) into $auto$simplemap.cc:420:simplemap_dff$6046 (SB_DFF).
  Merging $auto$simplemap.cc:277:simplemap_mux$10805 (A=\u_core.mem_rdata_q [22], B=1'0, S=\u_core.mem_valid) into $auto$simplemap.cc:420:simplemap_dff$6047 (SB_DFF).
  Merging $auto$simplemap.cc:277:simplemap_mux$10806 (A=\u_core.mem_rdata_q [23], B=1'0, S=\u_core.mem_valid) into $auto$simplemap.cc:420:simplemap_dff$6048 (SB_DFF).
  Merging $auto$simplemap.cc:277:simplemap_mux$10807 (A=\u_core.mem_rdata_q [24], B=1'0, S=\u_core.mem_valid) into $auto$simplemap.cc:420:simplemap_dff$6049 (SB_DFF).
  Merging $auto$simplemap.cc:277:simplemap_mux$10808 (A=\u_core.mem_rdata_q [25], B=1'0, S=\u_core.mem_valid) into $auto$simplemap.cc:420:simplemap_dff$6050 (SB_DFF).
  Merging $auto$simplemap.cc:277:simplemap_mux$10809 (A=\u_core.mem_rdata_q [26], B=1'0, S=\u_core.mem_valid) into $auto$simplemap.cc:420:simplemap_dff$6051 (SB_DFF).
  Merging $auto$simplemap.cc:277:simplemap_mux$10810 (A=\u_core.mem_rdata_q [27], B=1'0, S=\u_core.mem_valid) into $auto$simplemap.cc:420:simplemap_dff$6052 (SB_DFF).
  Merging $auto$simplemap.cc:277:simplemap_mux$10811 (A=\u_core.mem_rdata_q [28], B=1'0, S=\u_core.mem_valid) into $auto$simplemap.cc:420:simplemap_dff$6053 (SB_DFF).
  Merging $auto$simplemap.cc:277:simplemap_mux$10812 (A=\u_core.mem_rdata_q [29], B=1'0, S=\u_core.mem_valid) into $auto$simplemap.cc:420:simplemap_dff$6054 (SB_DFF).
  Merging $auto$simplemap.cc:277:simplemap_mux$10813 (A=\u_core.mem_rdata_q [30], B=1'0, S=\u_core.mem_valid) into $auto$simplemap.cc:420:simplemap_dff$6055 (SB_DFF).
  Merging $auto$simplemap.cc:277:simplemap_mux$6793 (A=\u_core.mem_rdata_q [31], B=1'0, S=\u_core.mem_valid) into $auto$simplemap.cc:420:simplemap_dff$6056 (SB_DFF).
  Merging $auto$simplemap.cc:277:simplemap_mux$6950 (A=$techmap$techmap\u_core.$procmux$4168.$reduce_or$/usr/bin/../share/yosys/techmap.v:441$6976_Y, B=1'0, S=$techmap\u_core.$logic_or$../picorv32.v:567$1026_Y) into $auto$simplemap.cc:420:simplemap_dff$6057 (SB_DFFE).
  Merging $auto$simplemap.cc:277:simplemap_mux$6951 (A=$techmap$techmap\u_core.$procmux$4168.$reduce_or$/usr/bin/../share/yosys/techmap.v:441$6977_Y, B=1'0, S=$techmap\u_core.$logic_or$../picorv32.v:567$1026_Y) into $auto$simplemap.cc:420:simplemap_dff$6058 (SB_DFFE).
  Merging $auto$simplemap.cc:277:simplemap_mux$10791 (A=\u_core.mem_rdata_q [8], B=1'0, S=\u_core.mem_valid) into $auto$simplemap.cc:420:simplemap_dff$6033 (SB_DFF).
  Merging $auto$simplemap.cc:277:simplemap_mux$6804 (A=$techmap\u_core.$logic_or$../picorv32.v:381$952_Y, B=1'0, S=\u_core.mem_do_wdata) into $auto$simplemap.cc:420:simplemap_dff$6127 (SB_DFFE).
  Merging $auto$simplemap.cc:277:simplemap_mux$10804 (A=\u_core.mem_rdata_q [21], B=1'0, S=\u_core.mem_valid) into $auto$simplemap.cc:420:simplemap_dff$6142 (SB_DFFE).
  Merging $auto$simplemap.cc:277:simplemap_mux$6794 (A=$techmap$techmap\u_core.$procmux$4226.$and$/usr/bin/../share/yosys/techmap.v:434$6800_Y, B=1'0, S=$techmap\u_core.$logic_or$../picorv32.v:567$1026_Y) into $auto$simplemap.cc:420:simplemap_dff$6128 (SB_DFFE).
  Merging $auto$simplemap.cc:277:simplemap_mux$7191 (A=1'0, B=$techmap\u_core.$procmux$3611_Y, S=\resetn) into $auto$simplemap.cc:420:simplemap_dff$6129 (SB_DFF).
  Merging $auto$simplemap.cc:277:simplemap_mux$7197 (A=1'0, B=$techmap\u_core.$eq$../picorv32.v:875$1077_Y, S=\resetn) into $auto$simplemap.cc:420:simplemap_dff$6132 (SB_DFFE).
  Merging $auto$simplemap.cc:277:simplemap_mux$10805 (A=\u_core.mem_rdata_q [22], B=1'0, S=\u_core.mem_valid) into $auto$simplemap.cc:420:simplemap_dff$6143 (SB_DFFE).
  Merging $auto$simplemap.cc:277:simplemap_mux$10806 (A=\u_core.mem_rdata_q [23], B=1'0, S=\u_core.mem_valid) into $auto$simplemap.cc:420:simplemap_dff$6144 (SB_DFFE).
  Merging $auto$simplemap.cc:277:simplemap_mux$10807 (A=\u_core.mem_rdata_q [24], B=1'0, S=\u_core.mem_valid) into $auto$simplemap.cc:420:simplemap_dff$6145 (SB_DFFE).
  Merging $auto$simplemap.cc:277:simplemap_mux$10808 (A=\u_core.mem_rdata_q [25], B=1'0, S=\u_core.mem_valid) into $auto$simplemap.cc:420:simplemap_dff$6146 (SB_DFFE).
  Merging $auto$simplemap.cc:277:simplemap_mux$10809 (A=\u_core.mem_rdata_q [26], B=1'0, S=\u_core.mem_valid) into $auto$simplemap.cc:420:simplemap_dff$6147 (SB_DFFE).
  Merging $auto$simplemap.cc:277:simplemap_mux$10810 (A=\u_core.mem_rdata_q [27], B=1'0, S=\u_core.mem_valid) into $auto$simplemap.cc:420:simplemap_dff$6148 (SB_DFFE).
  Merging $auto$simplemap.cc:277:simplemap_mux$10811 (A=\u_core.mem_rdata_q [28], B=1'0, S=\u_core.mem_valid) into $auto$simplemap.cc:420:simplemap_dff$6149 (SB_DFFE).
  Merging $auto$simplemap.cc:277:simplemap_mux$10812 (A=\u_core.mem_rdata_q [29], B=1'0, S=\u_core.mem_valid) into $auto$simplemap.cc:420:simplemap_dff$6150 (SB_DFFE).
  Merging $auto$simplemap.cc:277:simplemap_mux$10813 (A=\u_core.mem_rdata_q [30], B=1'0, S=\u_core.mem_valid) into $auto$simplemap.cc:420:simplemap_dff$6151 (SB_DFFE).
  Merging $auto$simplemap.cc:277:simplemap_mux$10803 (A=\u_core.mem_rdata_q [20], B=1'0, S=\u_core.mem_valid) into $auto$simplemap.cc:420:simplemap_dff$6152 (SB_DFFE).
  Merging $auto$simplemap.cc:277:simplemap_mux$10795 (A=\u_core.mem_rdata_q [12], B=1'0, S=\u_core.mem_valid) into $auto$simplemap.cc:420:simplemap_dff$6153 (SB_DFFE).
  Merging $auto$simplemap.cc:277:simplemap_mux$10796 (A=\u_core.mem_rdata_q [13], B=1'0, S=\u_core.mem_valid) into $auto$simplemap.cc:420:simplemap_dff$6154 (SB_DFFE).
  Merging $auto$simplemap.cc:277:simplemap_mux$10797 (A=\u_core.mem_rdata_q [14], B=1'0, S=\u_core.mem_valid) into $auto$simplemap.cc:420:simplemap_dff$6155 (SB_DFFE).
  Merging $auto$simplemap.cc:277:simplemap_mux$10798 (A=\u_core.mem_rdata_q [15], B=1'0, S=\u_core.mem_valid) into $auto$simplemap.cc:420:simplemap_dff$6156 (SB_DFFE).
  Merging $auto$simplemap.cc:277:simplemap_mux$10799 (A=\u_core.mem_rdata_q [16], B=1'0, S=\u_core.mem_valid) into $auto$simplemap.cc:420:simplemap_dff$6157 (SB_DFFE).
  Merging $auto$simplemap.cc:277:simplemap_mux$10800 (A=\u_core.mem_rdata_q [17], B=1'0, S=\u_core.mem_valid) into $auto$simplemap.cc:420:simplemap_dff$6158 (SB_DFFE).
  Merging $auto$simplemap.cc:277:simplemap_mux$10801 (A=\u_core.mem_rdata_q [18], B=1'0, S=\u_core.mem_valid) into $auto$simplemap.cc:420:simplemap_dff$6159 (SB_DFFE).
  Merging $auto$simplemap.cc:277:simplemap_mux$10802 (A=\u_core.mem_rdata_q [19], B=1'0, S=\u_core.mem_valid) into $auto$simplemap.cc:420:simplemap_dff$6160 (SB_DFFE).
  Merging $auto$simplemap.cc:277:simplemap_mux$6793 (A=\u_core.mem_rdata_q [31], B=1'0, S=\u_core.mem_valid) into $auto$simplemap.cc:420:simplemap_dff$6161 (SB_DFFE).
  Merging $auto$simplemap.cc:277:simplemap_mux$6793 (A=\u_core.mem_rdata_q [31], B=1'0, S=\u_core.mem_valid) into $auto$simplemap.cc:420:simplemap_dff$6162 (SB_DFFE).
  Merging $auto$simplemap.cc:277:simplemap_mux$6793 (A=\u_core.mem_rdata_q [31], B=1'0, S=\u_core.mem_valid) into $auto$simplemap.cc:420:simplemap_dff$6163 (SB_DFFE).
  Merging $auto$simplemap.cc:277:simplemap_mux$6793 (A=\u_core.mem_rdata_q [31], B=1'0, S=\u_core.mem_valid) into $auto$simplemap.cc:420:simplemap_dff$6164 (SB_DFFE).
  Merging $auto$simplemap.cc:277:simplemap_mux$6793 (A=\u_core.mem_rdata_q [31], B=1'0, S=\u_core.mem_valid) into $auto$simplemap.cc:420:simplemap_dff$6165 (SB_DFFE).
  Merging $auto$simplemap.cc:277:simplemap_mux$6793 (A=\u_core.mem_rdata_q [31], B=1'0, S=\u_core.mem_valid) into $auto$simplemap.cc:420:simplemap_dff$6166 (SB_DFFE).
  Merging $auto$simplemap.cc:277:simplemap_mux$6793 (A=\u_core.mem_rdata_q [31], B=1'0, S=\u_core.mem_valid) into $auto$simplemap.cc:420:simplemap_dff$6167 (SB_DFFE).
  Merging $auto$simplemap.cc:277:simplemap_mux$6793 (A=\u_core.mem_rdata_q [31], B=1'0, S=\u_core.mem_valid) into $auto$simplemap.cc:420:simplemap_dff$6168 (SB_DFFE).
  Merging $auto$simplemap.cc:277:simplemap_mux$6793 (A=\u_core.mem_rdata_q [31], B=1'0, S=\u_core.mem_valid) into $auto$simplemap.cc:420:simplemap_dff$6169 (SB_DFFE).
  Merging $auto$simplemap.cc:277:simplemap_mux$6793 (A=\u_core.mem_rdata_q [31], B=1'0, S=\u_core.mem_valid) into $auto$simplemap.cc:420:simplemap_dff$6170 (SB_DFFE).
  Merging $auto$simplemap.cc:277:simplemap_mux$6793 (A=\u_core.mem_rdata_q [31], B=1'0, S=\u_core.mem_valid) into $auto$simplemap.cc:420:simplemap_dff$6171 (SB_DFFE).
  Merging $auto$simplemap.cc:277:simplemap_mux$6793 (A=\u_core.mem_rdata_q [31], B=1'0, S=\u_core.mem_valid) into $auto$simplemap.cc:420:simplemap_dff$6172 (SB_DFFE).
  Merging $auto$simplemap.cc:277:simplemap_mux$14937 (A=1'0, B=$techmap$techmap\u_core.$procmux$3616.$reduce_or$/usr/bin/../share/yosys/techmap.v:441$7160_Y, S=$techmap$techmap\u_core.$procmux$3616.$reduce_or$/usr/bin/../share/yosys/techmap.v:445$7152_Y) into $auto$simplemap.cc:420:simplemap_dff$6174 (SB_DFFE).
  Merging $auto$simplemap.cc:277:simplemap_mux$14938 (A=1'0, B=$techmap$techmap\u_core.$procmux$3616.$reduce_or$/usr/bin/../share/yosys/techmap.v:441$7161_Y, S=$techmap$techmap\u_core.$procmux$3616.$reduce_or$/usr/bin/../share/yosys/techmap.v:445$7152_Y) into $auto$simplemap.cc:420:simplemap_dff$6175 (SB_DFFE).
  Merging $auto$simplemap.cc:277:simplemap_mux$14939 (A=1'0, B=$techmap$techmap\u_core.$procmux$3616.$reduce_or$/usr/bin/../share/yosys/techmap.v:441$7162_Y, S=$techmap$techmap\u_core.$procmux$3616.$reduce_or$/usr/bin/../share/yosys/techmap.v:445$7152_Y) into $auto$simplemap.cc:420:simplemap_dff$6176 (SB_DFFE).
  Merging $auto$simplemap.cc:277:simplemap_mux$14940 (A=1'0, B=$techmap$techmap\u_core.$procmux$3616.$reduce_or$/usr/bin/../share/yosys/techmap.v:441$7163_Y, S=$techmap$techmap\u_core.$procmux$3616.$reduce_or$/usr/bin/../share/yosys/techmap.v:445$7152_Y) into $auto$simplemap.cc:420:simplemap_dff$6177 (SB_DFFE).
  Merging $auto$simplemap.cc:277:simplemap_mux$14941 (A=1'0, B=$techmap$techmap\u_core.$procmux$3616.$reduce_or$/usr/bin/../share/yosys/techmap.v:441$7164_Y, S=$techmap$techmap\u_core.$procmux$3616.$reduce_or$/usr/bin/../share/yosys/techmap.v:445$7152_Y) into $auto$simplemap.cc:420:simplemap_dff$6178 (SB_DFFE).
  Merging $auto$simplemap.cc:277:simplemap_mux$14942 (A=1'0, B=$techmap$techmap\u_core.$procmux$3616.$reduce_or$/usr/bin/../share/yosys/techmap.v:441$7165_Y, S=$techmap$techmap\u_core.$procmux$3616.$reduce_or$/usr/bin/../share/yosys/techmap.v:445$7152_Y) into $auto$simplemap.cc:420:simplemap_dff$6179 (SB_DFFE).
  Merging $auto$simplemap.cc:277:simplemap_mux$14943 (A=1'0, B=$techmap$techmap\u_core.$procmux$3616.$reduce_or$/usr/bin/../share/yosys/techmap.v:441$7166_Y, S=$techmap$techmap\u_core.$procmux$3616.$reduce_or$/usr/bin/../share/yosys/techmap.v:445$7152_Y) into $auto$simplemap.cc:420:simplemap_dff$6180 (SB_DFFE).
  Merging $auto$simplemap.cc:277:simplemap_mux$14945 (A=1'0, B=$techmap$techmap\u_core.$procmux$3616.$reduce_or$/usr/bin/../share/yosys/techmap.v:441$7168_Y, S=$techmap$techmap\u_core.$procmux$3616.$reduce_or$/usr/bin/../share/yosys/techmap.v:445$7152_Y) into $auto$simplemap.cc:420:simplemap_dff$6182 (SB_DFFE).
  Merging $auto$simplemap.cc:277:simplemap_mux$14946 (A=1'0, B=$techmap$techmap\u_core.$procmux$3616.$reduce_or$/usr/bin/../share/yosys/techmap.v:441$7169_Y, S=$techmap$techmap\u_core.$procmux$3616.$reduce_or$/usr/bin/../share/yosys/techmap.v:445$7152_Y) into $auto$simplemap.cc:420:simplemap_dff$6183 (SB_DFFE).
  Merging $auto$simplemap.cc:277:simplemap_mux$14947 (A=1'0, B=$techmap$techmap\u_core.$procmux$3616.$reduce_or$/usr/bin/../share/yosys/techmap.v:441$7170_Y, S=$techmap$techmap\u_core.$procmux$3616.$reduce_or$/usr/bin/../share/yosys/techmap.v:445$7152_Y) into $auto$simplemap.cc:420:simplemap_dff$6184 (SB_DFFE).
  Merging $auto$simplemap.cc:277:simplemap_mux$14948 (A=1'0, B=$techmap$techmap\u_core.$procmux$3616.$reduce_or$/usr/bin/../share/yosys/techmap.v:441$7171_Y, S=$techmap$techmap\u_core.$procmux$3616.$reduce_or$/usr/bin/../share/yosys/techmap.v:445$7152_Y) into $auto$simplemap.cc:420:simplemap_dff$6185 (SB_DFFE).
  Merging $auto$simplemap.cc:277:simplemap_mux$14949 (A=1'0, B=$techmap$techmap\u_core.$procmux$3616.$reduce_or$/usr/bin/../share/yosys/techmap.v:441$7172_Y, S=$techmap$techmap\u_core.$procmux$3616.$reduce_or$/usr/bin/../share/yosys/techmap.v:445$7152_Y) into $auto$simplemap.cc:420:simplemap_dff$6186 (SB_DFFE).
  Merging $auto$simplemap.cc:277:simplemap_mux$14950 (A=1'0, B=$techmap$techmap\u_core.$procmux$3616.$reduce_or$/usr/bin/../share/yosys/techmap.v:441$7173_Y, S=$techmap$techmap\u_core.$procmux$3616.$reduce_or$/usr/bin/../share/yosys/techmap.v:445$7152_Y) into $auto$simplemap.cc:420:simplemap_dff$6187 (SB_DFFE).
  Merging $auto$simplemap.cc:277:simplemap_mux$14951 (A=1'0, B=$techmap$techmap\u_core.$procmux$3616.$reduce_or$/usr/bin/../share/yosys/techmap.v:441$7174_Y, S=$techmap$techmap\u_core.$procmux$3616.$reduce_or$/usr/bin/../share/yosys/techmap.v:445$7152_Y) into $auto$simplemap.cc:420:simplemap_dff$6188 (SB_DFFE).
  Merging $auto$simplemap.cc:277:simplemap_mux$14952 (A=1'0, B=$techmap$techmap\u_core.$procmux$3616.$reduce_or$/usr/bin/../share/yosys/techmap.v:441$7175_Y, S=$techmap$techmap\u_core.$procmux$3616.$reduce_or$/usr/bin/../share/yosys/techmap.v:445$7152_Y) into $auto$simplemap.cc:420:simplemap_dff$6189 (SB_DFFE).
  Merging $auto$simplemap.cc:277:simplemap_mux$14953 (A=1'0, B=$techmap$techmap\u_core.$procmux$3616.$reduce_or$/usr/bin/../share/yosys/techmap.v:441$7176_Y, S=$techmap$techmap\u_core.$procmux$3616.$reduce_or$/usr/bin/../share/yosys/techmap.v:445$7152_Y) into $auto$simplemap.cc:420:simplemap_dff$6190 (SB_DFFE).
  Merging $auto$simplemap.cc:277:simplemap_mux$14954 (A=1'0, B=$techmap$techmap\u_core.$procmux$3616.$reduce_or$/usr/bin/../share/yosys/techmap.v:441$7177_Y, S=$techmap$techmap\u_core.$procmux$3616.$reduce_or$/usr/bin/../share/yosys/techmap.v:445$7152_Y) into $auto$simplemap.cc:420:simplemap_dff$6191 (SB_DFFE).
  Merging $auto$simplemap.cc:277:simplemap_mux$14955 (A=1'0, B=$techmap$techmap\u_core.$procmux$3616.$reduce_or$/usr/bin/../share/yosys/techmap.v:441$7178_Y, S=$techmap$techmap\u_core.$procmux$3616.$reduce_or$/usr/bin/../share/yosys/techmap.v:445$7152_Y) into $auto$simplemap.cc:420:simplemap_dff$6192 (SB_DFFE).
  Merging $auto$simplemap.cc:277:simplemap_mux$14956 (A=1'0, B=$techmap$techmap\u_core.$procmux$3616.$reduce_or$/usr/bin/../share/yosys/techmap.v:441$7179_Y, S=$techmap$techmap\u_core.$procmux$3616.$reduce_or$/usr/bin/../share/yosys/techmap.v:445$7152_Y) into $auto$simplemap.cc:420:simplemap_dff$6193 (SB_DFFE).
  Merging $auto$simplemap.cc:277:simplemap_mux$14957 (A=1'0, B=$techmap$techmap\u_core.$procmux$3616.$reduce_or$/usr/bin/../share/yosys/techmap.v:441$7180_Y, S=$techmap$techmap\u_core.$procmux$3616.$reduce_or$/usr/bin/../share/yosys/techmap.v:445$7152_Y) into $auto$simplemap.cc:420:simplemap_dff$6194 (SB_DFFE).
  Merging $auto$simplemap.cc:277:simplemap_mux$14958 (A=1'0, B=$techmap$techmap\u_core.$procmux$3616.$reduce_or$/usr/bin/../share/yosys/techmap.v:441$7181_Y, S=$techmap$techmap\u_core.$procmux$3616.$reduce_or$/usr/bin/../share/yosys/techmap.v:445$7152_Y) into $auto$simplemap.cc:420:simplemap_dff$6195 (SB_DFFE).
  Merging $auto$simplemap.cc:277:simplemap_mux$14959 (A=1'0, B=$techmap$techmap\u_core.$procmux$3616.$reduce_or$/usr/bin/../share/yosys/techmap.v:441$7182_Y, S=$techmap$techmap\u_core.$procmux$3616.$reduce_or$/usr/bin/../share/yosys/techmap.v:445$7152_Y) into $auto$simplemap.cc:420:simplemap_dff$6196 (SB_DFFE).
  Merging $auto$simplemap.cc:277:simplemap_mux$14960 (A=1'0, B=$techmap$techmap\u_core.$procmux$3616.$reduce_or$/usr/bin/../share/yosys/techmap.v:441$7183_Y, S=$techmap$techmap\u_core.$procmux$3616.$reduce_or$/usr/bin/../share/yosys/techmap.v:445$7152_Y) into $auto$simplemap.cc:420:simplemap_dff$6197 (SB_DFFE).
  Merging $auto$simplemap.cc:277:simplemap_mux$14961 (A=1'0, B=$techmap$techmap\u_core.$procmux$3616.$reduce_or$/usr/bin/../share/yosys/techmap.v:441$7184_Y, S=$techmap$techmap\u_core.$procmux$3616.$reduce_or$/usr/bin/../share/yosys/techmap.v:445$7152_Y) into $auto$simplemap.cc:420:simplemap_dff$6198 (SB_DFFE).
  Merging $auto$simplemap.cc:277:simplemap_mux$14962 (A=1'0, B=$techmap$techmap\u_core.$procmux$3616.$reduce_or$/usr/bin/../share/yosys/techmap.v:441$7185_Y, S=$techmap$techmap\u_core.$procmux$3616.$reduce_or$/usr/bin/../share/yosys/techmap.v:445$7152_Y) into $auto$simplemap.cc:420:simplemap_dff$6199 (SB_DFFE).
  Merging $auto$simplemap.cc:277:simplemap_mux$14963 (A=1'0, B=$techmap$techmap\u_core.$procmux$3616.$reduce_or$/usr/bin/../share/yosys/techmap.v:441$7186_Y, S=$techmap$techmap\u_core.$procmux$3616.$reduce_or$/usr/bin/../share/yosys/techmap.v:445$7152_Y) into $auto$simplemap.cc:420:simplemap_dff$6200 (SB_DFFE).
  Merging $auto$simplemap.cc:277:simplemap_mux$14964 (A=1'0, B=$techmap$techmap\u_core.$procmux$3616.$reduce_or$/usr/bin/../share/yosys/techmap.v:441$7187_Y, S=$techmap$techmap\u_core.$procmux$3616.$reduce_or$/usr/bin/../share/yosys/techmap.v:445$7152_Y) into $auto$simplemap.cc:420:simplemap_dff$6201 (SB_DFFE).
  Merging $auto$simplemap.cc:277:simplemap_mux$14965 (A=1'0, B=$techmap$techmap\u_core.$procmux$3616.$reduce_or$/usr/bin/../share/yosys/techmap.v:441$7188_Y, S=$techmap$techmap\u_core.$procmux$3616.$reduce_or$/usr/bin/../share/yosys/techmap.v:445$7152_Y) into $auto$simplemap.cc:420:simplemap_dff$6202 (SB_DFFE).
  Merging $auto$simplemap.cc:277:simplemap_mux$14966 (A=1'0, B=$techmap$techmap\u_core.$procmux$3616.$reduce_or$/usr/bin/../share/yosys/techmap.v:441$7189_Y, S=$techmap$techmap\u_core.$procmux$3616.$reduce_or$/usr/bin/../share/yosys/techmap.v:445$7152_Y) into $auto$simplemap.cc:420:simplemap_dff$6203 (SB_DFFE).
  Merging $auto$simplemap.cc:277:simplemap_mux$14967 (A=1'0, B=$techmap$techmap\u_core.$procmux$3616.$reduce_or$/usr/bin/../share/yosys/techmap.v:441$7190_Y, S=$techmap$techmap\u_core.$procmux$3616.$reduce_or$/usr/bin/../share/yosys/techmap.v:445$7152_Y) into $auto$simplemap.cc:420:simplemap_dff$6204 (SB_DFFE).
  Merging $auto$simplemap.cc:277:simplemap_mux$14944 (A=1'0, B=$techmap$techmap\u_core.$procmux$3616.$reduce_or$/usr/bin/../share/yosys/techmap.v:441$7167_Y, S=$techmap$techmap\u_core.$procmux$3616.$reduce_or$/usr/bin/../share/yosys/techmap.v:445$7152_Y) into $auto$simplemap.cc:420:simplemap_dff$6181 (SB_DFFE).
  Merging $auto$simplemap.cc:277:simplemap_mux$10790 (A=\u_core.mem_rdata_q [7], B=1'0, S=\u_core.mem_valid) into $auto$simplemap.cc:420:simplemap_dff$6215 (SB_DFFE).
  Merging $auto$simplemap.cc:277:simplemap_mux$10791 (A=\u_core.mem_rdata_q [8], B=1'0, S=\u_core.mem_valid) into $auto$simplemap.cc:420:simplemap_dff$6216 (SB_DFFE).
  Merging $auto$simplemap.cc:277:simplemap_mux$10792 (A=\u_core.mem_rdata_q [9], B=1'0, S=\u_core.mem_valid) into $auto$simplemap.cc:420:simplemap_dff$6217 (SB_DFFE).
  Merging $auto$simplemap.cc:277:simplemap_mux$10793 (A=\u_core.mem_rdata_q [10], B=1'0, S=\u_core.mem_valid) into $auto$simplemap.cc:420:simplemap_dff$6218 (SB_DFFE).
  Merging $auto$simplemap.cc:277:simplemap_mux$10794 (A=\u_core.mem_rdata_q [11], B=1'0, S=\u_core.mem_valid) into $auto$simplemap.cc:420:simplemap_dff$6219 (SB_DFFE).
  Merging $auto$simplemap.cc:277:simplemap_mux$7100 (A=1'0, B=$techmap\u_core.$logic_and$../picorv32.v:1089$1264_Y, S=\resetn) into $auto$simplemap.cc:420:simplemap_dff$6220 (SB_DFFE).
  Merging $auto$simplemap.cc:277:simplemap_mux$7083 (A=1'0, B=$techmap\u_core.$logic_and$../picorv32.v:1073$1207_Y, S=\resetn) into $auto$simplemap.cc:420:simplemap_dff$6231 (SB_DFFE).
  Merging $auto$simplemap.cc:277:simplemap_mux$7093 (A=1'0, B=$techmap\u_core.$logic_and$../picorv32.v:1078$1227_Y, S=\resetn) into $auto$simplemap.cc:420:simplemap_dff$6226 (SB_DFFE).
  Merging $auto$simplemap.cc:277:simplemap_mux$7091 (A=1'0, B=$techmap\u_core.$logic_and$../picorv32.v:1077$1223_Y, S=\resetn) into $auto$simplemap.cc:420:simplemap_dff$6227 (SB_DFFE).
  Merging $auto$simplemap.cc:277:simplemap_mux$7089 (A=1'0, B=$techmap\u_core.$logic_and$../picorv32.v:1076$1219_Y, S=\resetn) into $auto$simplemap.cc:420:simplemap_dff$6228 (SB_DFFE).
  Merging $auto$simplemap.cc:277:simplemap_mux$7087 (A=1'0, B=$techmap\u_core.$logic_and$../picorv32.v:1075$1215_Y, S=\resetn) into $auto$simplemap.cc:420:simplemap_dff$6229 (SB_DFFE).
  Merging $auto$simplemap.cc:277:simplemap_mux$7070 (A=1'0, B=$techmap\u_core.$logic_and$../picorv32.v:1063$1175_Y, S=\resetn) into $auto$simplemap.cc:420:simplemap_dff$6239 (SB_DFFE).
  Merging $auto$simplemap.cc:277:simplemap_mux$7081 (A=1'0, B=$techmap\u_core.$logic_and$../picorv32.v:1072$1203_Y, S=\resetn) into $auto$simplemap.cc:420:simplemap_dff$6232 (SB_DFFE).
  Merging $auto$simplemap.cc:277:simplemap_mux$7079 (A=1'0, B=$techmap\u_core.$logic_and$../picorv32.v:1071$1199_Y, S=\resetn) into $auto$simplemap.cc:420:simplemap_dff$6233 (SB_DFFE).
  Merging $auto$simplemap.cc:277:simplemap_mux$7077 (A=1'0, B=$techmap\u_core.$logic_and$../picorv32.v:1070$1195_Y, S=\resetn) into $auto$simplemap.cc:420:simplemap_dff$6234 (SB_DFFE).
  Merging $auto$simplemap.cc:277:simplemap_mux$7075 (A=1'0, B=$techmap\u_core.$logic_and$../picorv32.v:1069$1191_Y, S=\resetn) into $auto$simplemap.cc:420:simplemap_dff$6235 (SB_DFFE).
  Merging $auto$simplemap.cc:277:simplemap_mux$7085 (A=1'0, B=$techmap\u_core.$logic_and$../picorv32.v:1074$1211_Y, S=\resetn) into $auto$simplemap.cc:420:simplemap_dff$6230 (SB_DFFE).
  Merging $auto$simplemap.cc:277:simplemap_mux$7068 (A=1'0, B=$techmap\u_core.$logic_and$../picorv32.v:1062$1173_Y, S=\resetn) into $auto$simplemap.cc:420:simplemap_dff$6240 (SB_DFFE).
  Merging $auto$simplemap.cc:277:simplemap_mux$7066 (A=1'0, B=$techmap\u_core.$logic_and$../picorv32.v:1061$1171_Y, S=\resetn) into $auto$simplemap.cc:420:simplemap_dff$6241 (SB_DFFE).
  Merging $auto$simplemap.cc:277:simplemap_mux$7064 (A=1'0, B=$techmap\u_core.$logic_and$../picorv32.v:1060$1169_Y, S=\resetn) into $auto$simplemap.cc:420:simplemap_dff$6242 (SB_DFFE).
  Merging $auto$simplemap.cc:277:simplemap_mux$7062 (A=1'0, B=$techmap\u_core.$logic_and$../picorv32.v:1059$1167_Y, S=\resetn) into $auto$simplemap.cc:420:simplemap_dff$6243 (SB_DFFE).
  Merging $auto$simplemap.cc:277:simplemap_mux$7060 (A=1'0, B=$techmap\u_core.$logic_and$../picorv32.v:1058$1165_Y, S=\resetn) into $auto$simplemap.cc:420:simplemap_dff$6244 (SB_DFFE).
  Merging $auto$simplemap.cc:277:simplemap_mux$7046 (A=1'0, B=$techmap\u_core.$logic_and$../picorv32.v:1044$1143_Y, S=\resetn) into $auto$simplemap.cc:420:simplemap_dff$6255 (SB_DFFE).
  Merging $auto$simplemap.cc:277:simplemap_mux$7050 (A=1'0, B=$techmap\u_core.$logic_and$../picorv32.v:1046$1147_Y, S=\resetn) into $auto$simplemap.cc:420:simplemap_dff$6253 (SB_DFFE).
  Merging $auto$simplemap.cc:277:simplemap_mux$7044 (A=1'0, B=$techmap\u_core.$logic_and$../picorv32.v:1043$1141_Y, S=\resetn) into $auto$simplemap.cc:420:simplemap_dff$6256 (SB_DFFE).
  Merging $auto$simplemap.cc:277:simplemap_mux$7042 (A=1'0, B=$techmap\u_core.$logic_and$../picorv32.v:1042$1139_Y, S=\resetn) into $auto$simplemap.cc:420:simplemap_dff$6257 (SB_DFFE).
  Merging $auto$simplemap.cc:277:simplemap_mux$7040 (A=1'0, B=$techmap\u_core.$logic_and$../picorv32.v:1041$1137_Y, S=\resetn) into $auto$simplemap.cc:420:simplemap_dff$6258 (SB_DFFE).
  Merging $auto$simplemap.cc:277:simplemap_mux$7048 (A=1'0, B=$techmap\u_core.$logic_and$../picorv32.v:1045$1145_Y, S=\resetn) into $auto$simplemap.cc:420:simplemap_dff$6254 (SB_DFFE).
  Merging $auto$simplemap.cc:277:simplemap_mux$9191 (A=1'0, B=$techmap\u_core.$logic_not$../picorv32.v:1463$1401_Y, S=\resetn) into $auto$simplemap.cc:420:simplemap_dff$6327 (SB_DFF).
  Merging $auto$simplemap.cc:277:simplemap_mux$9184 (A=1'1, B=$auto$simplemap.cc:309:simplemap_lut$15994 [2], S=$techmap\u_core.$logic_and$../picorv32.v:1458$1398_Y) into $auto$simplemap.cc:420:simplemap_dff$6329 (SB_DFFE).
  Merging $auto$simplemap.cc:277:simplemap_mux$9185 (A=1'1, B=$auto$wreduce.cc:455:run$4715 [2], S=$techmap\u_core.$logic_and$../picorv32.v:1458$1398_Y) into $auto$simplemap.cc:420:simplemap_dff$6330 (SB_DFFE).
  Merging $auto$simplemap.cc:277:simplemap_mux$9186 (A=1'1, B=$auto$wreduce.cc:455:run$4715 [3], S=$techmap\u_core.$logic_and$../picorv32.v:1458$1398_Y) into $auto$simplemap.cc:420:simplemap_dff$6331 (SB_DFFE).
  Merging $auto$simplemap.cc:277:simplemap_mux$9183 (A=1'1, B=$auto$wreduce.cc:455:run$4715 [0], S=$techmap\u_core.$logic_and$../picorv32.v:1458$1398_Y) into $auto$simplemap.cc:420:simplemap_dff$6328 (SB_DFFE).
  Merging $auto$simplemap.cc:277:simplemap_mux$9050 (A=$techmap\u_core.$procmux$2943_Y, B=1'1, S=$techmap\u_core.$0\set_mem_do_rinst[0:0]) into $auto$simplemap.cc:420:simplemap_dff$6345 (SB_DFFE).
  Merging $auto$simplemap.cc:277:simplemap_mux$9159 (A=1'0, B=$techmap$techmap\u_core.$procmux$2552.$reduce_or$/usr/bin/../share/yosys/techmap.v:441$6801_Y, S=\resetn) into $auto$simplemap.cc:420:simplemap_dff$6338 (SB_DFFE).
  Merging $auto$simplemap.cc:277:simplemap_mux$9157 (A=1'0, B=$techmap$techmap\u_core.$procmux$2588.$and$/usr/bin/../share/yosys/techmap.v:434$6799_Y, S=\resetn) into $auto$simplemap.cc:420:simplemap_dff$6339 (SB_DFFE).
  Merging $auto$simplemap.cc:277:simplemap_mux$9154 (A=1'0, B=$techmap$techmap\u_core.$procmux$2595.$reduce_or$/usr/bin/../share/yosys/techmap.v:441$9060_Y, S=\resetn) into $auto$simplemap.cc:420:simplemap_dff$6340 (SB_DFFE).
  Merging $auto$simplemap.cc:277:simplemap_mux$9232 (A=1'0, B=$techmap\u_core.$procmux$2215_Y, S=\resetn) into $auto$simplemap.cc:420:simplemap_dff$6341 (SB_DFF).
  Merging $auto$simplemap.cc:277:simplemap_mux$9237 (A=1'0, B=$techmap\u_core.$2\set_mem_do_wdata[0:0], S=\resetn) into $auto$simplemap.cc:420:simplemap_dff$6343 (SB_DFFE).
  Merging $auto$simplemap.cc:277:simplemap_mux$9236 (A=1'0, B=$techmap\u_core.$2\set_mem_do_rdata[0:0], S=\resetn) into $auto$simplemap.cc:420:simplemap_dff$6344 (SB_DFFE).
  Merging $auto$simplemap.cc:277:simplemap_mux$9045 (A=$techmap\u_core.$logic_and$../picorv32.v:1607$1459_Y, B=1'0, S=$techmap\u_core.$logic_or$../picorv32.v:1983$1574_Y) into $auto$simplemap.cc:420:simplemap_dff$6346 (SB_DFFE).
  Merging $auto$simplemap.cc:277:simplemap_mux$8565 (A=1'0, B=$techmap\u_core.$procmux$3161_Y [0], S=\resetn) into $auto$simplemap.cc:420:simplemap_dff$6455 (SB_DFFE).
  Merging $auto$simplemap.cc:277:simplemap_mux$8566 (A=1'0, B=$techmap\u_core.$procmux$3161_Y [1], S=\resetn) into $auto$simplemap.cc:420:simplemap_dff$6456 (SB_DFFE).
  Merging $auto$simplemap.cc:277:simplemap_mux$8567 (A=1'0, B=$techmap\u_core.$procmux$3161_Y [2], S=\resetn) into $auto$simplemap.cc:420:simplemap_dff$6457 (SB_DFFE).
  Merging $auto$simplemap.cc:277:simplemap_mux$8568 (A=1'0, B=$techmap\u_core.$procmux$3161_Y [3], S=\resetn) into $auto$simplemap.cc:420:simplemap_dff$6458 (SB_DFFE).
  Merging $auto$simplemap.cc:277:simplemap_mux$8569 (A=1'0, B=$techmap\u_core.$procmux$3161_Y [4], S=\resetn) into $auto$simplemap.cc:420:simplemap_dff$6459 (SB_DFFE).
  Merging $auto$simplemap.cc:277:simplemap_mux$8570 (A=1'0, B=$techmap\u_core.$procmux$3161_Y [5], S=\resetn) into $auto$simplemap.cc:420:simplemap_dff$6460 (SB_DFFE).
  Merging $auto$simplemap.cc:277:simplemap_mux$8571 (A=1'0, B=$techmap\u_core.$procmux$3161_Y [6], S=\resetn) into $auto$simplemap.cc:420:simplemap_dff$6461 (SB_DFFE).
  Merging $auto$simplemap.cc:277:simplemap_mux$8572 (A=1'0, B=$techmap\u_core.$procmux$3161_Y [7], S=\resetn) into $auto$simplemap.cc:420:simplemap_dff$6462 (SB_DFFE).
  Merging $auto$simplemap.cc:277:simplemap_mux$8574 (A=1'0, B=$techmap\u_core.$procmux$3161_Y [9], S=\resetn) into $auto$simplemap.cc:420:simplemap_dff$6464 (SB_DFFE).
  Merging $auto$simplemap.cc:277:simplemap_mux$8575 (A=1'0, B=$techmap\u_core.$procmux$3161_Y [10], S=\resetn) into $auto$simplemap.cc:420:simplemap_dff$6465 (SB_DFFE).
  Merging $auto$simplemap.cc:277:simplemap_mux$8576 (A=1'0, B=$techmap\u_core.$procmux$3161_Y [11], S=\resetn) into $auto$simplemap.cc:420:simplemap_dff$6466 (SB_DFFE).
  Merging $auto$simplemap.cc:277:simplemap_mux$8577 (A=1'0, B=$techmap\u_core.$procmux$3161_Y [12], S=\resetn) into $auto$simplemap.cc:420:simplemap_dff$6467 (SB_DFFE).
  Merging $auto$simplemap.cc:277:simplemap_mux$8578 (A=1'0, B=$techmap\u_core.$procmux$3161_Y [13], S=\resetn) into $auto$simplemap.cc:420:simplemap_dff$6468 (SB_DFFE).
  Merging $auto$simplemap.cc:277:simplemap_mux$8579 (A=1'0, B=$techmap\u_core.$procmux$3161_Y [14], S=\resetn) into $auto$simplemap.cc:420:simplemap_dff$6469 (SB_DFFE).
  Merging $auto$simplemap.cc:277:simplemap_mux$8580 (A=1'0, B=$techmap\u_core.$procmux$3161_Y [15], S=\resetn) into $auto$simplemap.cc:420:simplemap_dff$6470 (SB_DFFE).
  Merging $auto$simplemap.cc:277:simplemap_mux$8581 (A=1'0, B=$techmap\u_core.$procmux$3161_Y [16], S=\resetn) into $auto$simplemap.cc:420:simplemap_dff$6471 (SB_DFFE).
  Merging $auto$simplemap.cc:277:simplemap_mux$8582 (A=1'0, B=$techmap\u_core.$procmux$3161_Y [17], S=\resetn) into $auto$simplemap.cc:420:simplemap_dff$6472 (SB_DFFE).
  Merging $auto$simplemap.cc:277:simplemap_mux$8583 (A=1'0, B=$techmap\u_core.$procmux$3161_Y [18], S=\resetn) into $auto$simplemap.cc:420:simplemap_dff$6473 (SB_DFFE).
  Merging $auto$simplemap.cc:277:simplemap_mux$8584 (A=1'0, B=$techmap\u_core.$procmux$3161_Y [19], S=\resetn) into $auto$simplemap.cc:420:simplemap_dff$6474 (SB_DFFE).
  Merging $auto$simplemap.cc:277:simplemap_mux$8585 (A=1'0, B=$techmap\u_core.$procmux$3161_Y [20], S=\resetn) into $auto$simplemap.cc:420:simplemap_dff$6475 (SB_DFFE).
  Merging $auto$simplemap.cc:277:simplemap_mux$8586 (A=1'0, B=$techmap\u_core.$procmux$3161_Y [21], S=\resetn) into $auto$simplemap.cc:420:simplemap_dff$6476 (SB_DFFE).
  Merging $auto$simplemap.cc:277:simplemap_mux$8587 (A=1'0, B=$techmap\u_core.$procmux$3161_Y [22], S=\resetn) into $auto$simplemap.cc:420:simplemap_dff$6477 (SB_DFFE).
  Merging $auto$simplemap.cc:277:simplemap_mux$8588 (A=1'0, B=$techmap\u_core.$procmux$3161_Y [23], S=\resetn) into $auto$simplemap.cc:420:simplemap_dff$6478 (SB_DFFE).
  Merging $auto$simplemap.cc:277:simplemap_mux$8589 (A=1'0, B=$techmap\u_core.$procmux$3161_Y [24], S=\resetn) into $auto$simplemap.cc:420:simplemap_dff$6479 (SB_DFFE).
  Merging $auto$simplemap.cc:277:simplemap_mux$8590 (A=1'0, B=$techmap\u_core.$procmux$3161_Y [25], S=\resetn) into $auto$simplemap.cc:420:simplemap_dff$6480 (SB_DFFE).
  Merging $auto$simplemap.cc:277:simplemap_mux$8591 (A=1'0, B=$techmap\u_core.$procmux$3161_Y [26], S=\resetn) into $auto$simplemap.cc:420:simplemap_dff$6481 (SB_DFFE).
  Merging $auto$simplemap.cc:277:simplemap_mux$8592 (A=1'0, B=$techmap\u_core.$procmux$3161_Y [27], S=\resetn) into $auto$simplemap.cc:420:simplemap_dff$6482 (SB_DFFE).
  Merging $auto$simplemap.cc:277:simplemap_mux$8593 (A=1'0, B=$techmap\u_core.$procmux$3161_Y [28], S=\resetn) into $auto$simplemap.cc:420:simplemap_dff$6483 (SB_DFFE).
  Merging $auto$simplemap.cc:277:simplemap_mux$8594 (A=1'0, B=$techmap\u_core.$procmux$3161_Y [29], S=\resetn) into $auto$simplemap.cc:420:simplemap_dff$6484 (SB_DFFE).
  Merging $auto$simplemap.cc:277:simplemap_mux$8595 (A=1'0, B=$techmap\u_core.$procmux$3161_Y [30], S=\resetn) into $auto$simplemap.cc:420:simplemap_dff$6485 (SB_DFFE).
  Merging $auto$simplemap.cc:277:simplemap_mux$8596 (A=1'0, B=$techmap\u_core.$procmux$3161_Y [31], S=\resetn) into $auto$simplemap.cc:420:simplemap_dff$6486 (SB_DFFE).
  Merging $auto$simplemap.cc:277:simplemap_mux$8501 (A=1'0, B=$auto$alumacc.cc:474:replace_alu$4786.BB [0], S=\resetn) into $auto$simplemap.cc:420:simplemap_dff$6487 (SB_DFFE).
  Merging $auto$simplemap.cc:277:simplemap_mux$8502 (A=1'0, B=$auto$alumacc.cc:474:replace_alu$4786.BB [1], S=\resetn) into $auto$simplemap.cc:420:simplemap_dff$6488 (SB_DFFE).
  Merging $auto$simplemap.cc:277:simplemap_mux$8503 (A=1'0, B=$auto$alumacc.cc:474:replace_alu$4786.BB [2], S=\resetn) into $auto$simplemap.cc:420:simplemap_dff$6489 (SB_DFFE).
  Merging $auto$simplemap.cc:277:simplemap_mux$8504 (A=1'0, B=$auto$alumacc.cc:474:replace_alu$4786.BB [3], S=\resetn) into $auto$simplemap.cc:420:simplemap_dff$6490 (SB_DFFE).
  Merging $auto$simplemap.cc:277:simplemap_mux$8505 (A=1'0, B=$auto$alumacc.cc:474:replace_alu$4786.BB [4], S=\resetn) into $auto$simplemap.cc:420:simplemap_dff$6491 (SB_DFFE).
  Merging $auto$simplemap.cc:277:simplemap_mux$8506 (A=1'0, B=$auto$alumacc.cc:474:replace_alu$4786.BB [5], S=\resetn) into $auto$simplemap.cc:420:simplemap_dff$6492 (SB_DFFE).
  Merging $auto$simplemap.cc:277:simplemap_mux$8507 (A=1'0, B=$auto$alumacc.cc:474:replace_alu$4786.BB [6], S=\resetn) into $auto$simplemap.cc:420:simplemap_dff$6493 (SB_DFFE).
  Merging $auto$simplemap.cc:277:simplemap_mux$8508 (A=1'0, B=$auto$alumacc.cc:474:replace_alu$4786.BB [7], S=\resetn) into $auto$simplemap.cc:420:simplemap_dff$6494 (SB_DFFE).
  Merging $auto$simplemap.cc:277:simplemap_mux$8510 (A=1'0, B=$auto$alumacc.cc:474:replace_alu$4786.BB [9], S=\resetn) into $auto$simplemap.cc:420:simplemap_dff$6496 (SB_DFFE).
  Merging $auto$simplemap.cc:277:simplemap_mux$8573 (A=1'0, B=$techmap\u_core.$procmux$3161_Y [8], S=\resetn) into $auto$simplemap.cc:420:simplemap_dff$6463 (SB_DFFE).
  Merging $auto$simplemap.cc:277:simplemap_mux$8511 (A=1'0, B=$auto$alumacc.cc:474:replace_alu$4786.BB [10], S=\resetn) into $auto$simplemap.cc:420:simplemap_dff$6497 (SB_DFFE).
  Merging $auto$simplemap.cc:277:simplemap_mux$8512 (A=1'0, B=$auto$alumacc.cc:474:replace_alu$4786.BB [11], S=\resetn) into $auto$simplemap.cc:420:simplemap_dff$6498 (SB_DFFE).
  Merging $auto$simplemap.cc:277:simplemap_mux$8513 (A=1'0, B=$auto$alumacc.cc:474:replace_alu$4786.BB [12], S=\resetn) into $auto$simplemap.cc:420:simplemap_dff$6499 (SB_DFFE).
  Merging $auto$simplemap.cc:277:simplemap_mux$8514 (A=1'0, B=$auto$alumacc.cc:474:replace_alu$4786.BB [13], S=\resetn) into $auto$simplemap.cc:420:simplemap_dff$6500 (SB_DFFE).
  Merging $auto$simplemap.cc:277:simplemap_mux$8515 (A=1'0, B=$auto$alumacc.cc:474:replace_alu$4786.BB [14], S=\resetn) into $auto$simplemap.cc:420:simplemap_dff$6501 (SB_DFFE).
  Merging $auto$simplemap.cc:277:simplemap_mux$8516 (A=1'0, B=$auto$alumacc.cc:474:replace_alu$4786.BB [15], S=\resetn) into $auto$simplemap.cc:420:simplemap_dff$6502 (SB_DFFE).
  Merging $auto$simplemap.cc:277:simplemap_mux$8517 (A=1'0, B=$auto$alumacc.cc:474:replace_alu$4786.BB [16], S=\resetn) into $auto$simplemap.cc:420:simplemap_dff$6503 (SB_DFFE).
  Merging $auto$simplemap.cc:277:simplemap_mux$8518 (A=1'0, B=$auto$alumacc.cc:474:replace_alu$4786.BB [17], S=\resetn) into $auto$simplemap.cc:420:simplemap_dff$6504 (SB_DFFE).
  Merging $auto$simplemap.cc:277:simplemap_mux$8519 (A=1'0, B=$auto$alumacc.cc:474:replace_alu$4786.BB [18], S=\resetn) into $auto$simplemap.cc:420:simplemap_dff$6505 (SB_DFFE).
  Merging $auto$simplemap.cc:277:simplemap_mux$8520 (A=1'0, B=$auto$alumacc.cc:474:replace_alu$4786.BB [19], S=\resetn) into $auto$simplemap.cc:420:simplemap_dff$6506 (SB_DFFE).
  Merging $auto$simplemap.cc:277:simplemap_mux$8521 (A=1'0, B=$auto$alumacc.cc:474:replace_alu$4786.BB [20], S=\resetn) into $auto$simplemap.cc:420:simplemap_dff$6507 (SB_DFFE).
  Merging $auto$simplemap.cc:277:simplemap_mux$8522 (A=1'0, B=$auto$alumacc.cc:474:replace_alu$4786.BB [21], S=\resetn) into $auto$simplemap.cc:420:simplemap_dff$6508 (SB_DFFE).
  Merging $auto$simplemap.cc:277:simplemap_mux$8523 (A=1'0, B=$auto$alumacc.cc:474:replace_alu$4786.BB [22], S=\resetn) into $auto$simplemap.cc:420:simplemap_dff$6509 (SB_DFFE).
  Merging $auto$simplemap.cc:277:simplemap_mux$8524 (A=1'0, B=$auto$alumacc.cc:474:replace_alu$4786.BB [23], S=\resetn) into $auto$simplemap.cc:420:simplemap_dff$6510 (SB_DFFE).
  Merging $auto$simplemap.cc:277:simplemap_mux$8525 (A=1'0, B=$auto$alumacc.cc:474:replace_alu$4786.BB [24], S=\resetn) into $auto$simplemap.cc:420:simplemap_dff$6511 (SB_DFFE).
  Merging $auto$simplemap.cc:277:simplemap_mux$8526 (A=1'0, B=$auto$alumacc.cc:474:replace_alu$4786.BB [25], S=\resetn) into $auto$simplemap.cc:420:simplemap_dff$6512 (SB_DFFE).
  Merging $auto$simplemap.cc:277:simplemap_mux$8527 (A=1'0, B=$auto$alumacc.cc:474:replace_alu$4786.BB [26], S=\resetn) into $auto$simplemap.cc:420:simplemap_dff$6513 (SB_DFFE).
  Merging $auto$simplemap.cc:277:simplemap_mux$8528 (A=1'0, B=$auto$alumacc.cc:474:replace_alu$4786.BB [27], S=\resetn) into $auto$simplemap.cc:420:simplemap_dff$6514 (SB_DFFE).
  Merging $auto$simplemap.cc:277:simplemap_mux$8529 (A=1'0, B=$auto$alumacc.cc:474:replace_alu$4786.BB [28], S=\resetn) into $auto$simplemap.cc:420:simplemap_dff$6515 (SB_DFFE).
  Merging $auto$simplemap.cc:277:simplemap_mux$8530 (A=1'0, B=$auto$alumacc.cc:474:replace_alu$4786.BB [29], S=\resetn) into $auto$simplemap.cc:420:simplemap_dff$6516 (SB_DFFE).
  Merging $auto$simplemap.cc:277:simplemap_mux$8531 (A=1'0, B=$auto$alumacc.cc:474:replace_alu$4786.BB [30], S=\resetn) into $auto$simplemap.cc:420:simplemap_dff$6517 (SB_DFFE).
  Merging $auto$simplemap.cc:277:simplemap_mux$8532 (A=1'0, B=$auto$alumacc.cc:474:replace_alu$4786.BB [31], S=\resetn) into $auto$simplemap.cc:420:simplemap_dff$6518 (SB_DFFE).
  Merging $auto$simplemap.cc:277:simplemap_mux$8309 (A=1'0, B=$techmap\u_core.$add$../picorv32.v:1598$1455_Y [0], S=\resetn) into $auto$simplemap.cc:420:simplemap_dff$6519 (SB_DFFE).
  Merging $auto$simplemap.cc:277:simplemap_mux$8310 (A=1'0, B=$auto$simplemap.cc:309:simplemap_lut$15980 [1], S=\resetn) into $auto$simplemap.cc:420:simplemap_dff$6520 (SB_DFFE).
  Merging $auto$simplemap.cc:277:simplemap_mux$8311 (A=1'0, B=$techmap\u_core.$add$../picorv32.v:1598$1455_Y [2], S=\resetn) into $auto$simplemap.cc:420:simplemap_dff$6521 (SB_DFFE).
  Merging $auto$simplemap.cc:277:simplemap_mux$8312 (A=1'0, B=$techmap\u_core.$add$../picorv32.v:1598$1455_Y [3], S=\resetn) into $auto$simplemap.cc:420:simplemap_dff$6522 (SB_DFFE).
  Merging $auto$simplemap.cc:277:simplemap_mux$8313 (A=1'0, B=$techmap\u_core.$add$../picorv32.v:1598$1455_Y [4], S=\resetn) into $auto$simplemap.cc:420:simplemap_dff$6523 (SB_DFFE).
  Merging $auto$simplemap.cc:277:simplemap_mux$8314 (A=1'0, B=$techmap\u_core.$add$../picorv32.v:1598$1455_Y [5], S=\resetn) into $auto$simplemap.cc:420:simplemap_dff$6524 (SB_DFFE).
  Merging $auto$simplemap.cc:277:simplemap_mux$8315 (A=1'0, B=$techmap\u_core.$add$../picorv32.v:1598$1455_Y [6], S=\resetn) into $auto$simplemap.cc:420:simplemap_dff$6525 (SB_DFFE).
  Merging $auto$simplemap.cc:277:simplemap_mux$8316 (A=1'0, B=$techmap\u_core.$add$../picorv32.v:1598$1455_Y [7], S=\resetn) into $auto$simplemap.cc:420:simplemap_dff$6526 (SB_DFFE).
  Merging $auto$simplemap.cc:277:simplemap_mux$8318 (A=1'0, B=$techmap\u_core.$add$../picorv32.v:1598$1455_Y [9], S=\resetn) into $auto$simplemap.cc:420:simplemap_dff$6528 (SB_DFFE).
  Merging $auto$simplemap.cc:277:simplemap_mux$8509 (A=1'0, B=$auto$alumacc.cc:474:replace_alu$4786.BB [8], S=\resetn) into $auto$simplemap.cc:420:simplemap_dff$6495 (SB_DFFE).
  Merging $auto$simplemap.cc:277:simplemap_mux$8319 (A=1'0, B=$techmap\u_core.$add$../picorv32.v:1598$1455_Y [10], S=\resetn) into $auto$simplemap.cc:420:simplemap_dff$6529 (SB_DFFE).
  Merging $auto$simplemap.cc:277:simplemap_mux$8320 (A=1'0, B=$techmap\u_core.$add$../picorv32.v:1598$1455_Y [11], S=\resetn) into $auto$simplemap.cc:420:simplemap_dff$6530 (SB_DFFE).
  Merging $auto$simplemap.cc:277:simplemap_mux$8321 (A=1'0, B=$techmap\u_core.$add$../picorv32.v:1598$1455_Y [12], S=\resetn) into $auto$simplemap.cc:420:simplemap_dff$6531 (SB_DFFE).
  Merging $auto$simplemap.cc:277:simplemap_mux$8322 (A=1'0, B=$techmap\u_core.$add$../picorv32.v:1598$1455_Y [13], S=\resetn) into $auto$simplemap.cc:420:simplemap_dff$6532 (SB_DFFE).
  Merging $auto$simplemap.cc:277:simplemap_mux$8323 (A=1'0, B=$techmap\u_core.$add$../picorv32.v:1598$1455_Y [14], S=\resetn) into $auto$simplemap.cc:420:simplemap_dff$6533 (SB_DFFE).
  Merging $auto$simplemap.cc:277:simplemap_mux$8324 (A=1'0, B=$techmap\u_core.$add$../picorv32.v:1598$1455_Y [15], S=\resetn) into $auto$simplemap.cc:420:simplemap_dff$6534 (SB_DFFE).
  Merging $auto$simplemap.cc:277:simplemap_mux$8325 (A=1'0, B=$techmap\u_core.$add$../picorv32.v:1598$1455_Y [16], S=\resetn) into $auto$simplemap.cc:420:simplemap_dff$6535 (SB_DFFE).
  Merging $auto$simplemap.cc:277:simplemap_mux$8326 (A=1'0, B=$techmap\u_core.$add$../picorv32.v:1598$1455_Y [17], S=\resetn) into $auto$simplemap.cc:420:simplemap_dff$6536 (SB_DFFE).
  Merging $auto$simplemap.cc:277:simplemap_mux$8327 (A=1'0, B=$techmap\u_core.$add$../picorv32.v:1598$1455_Y [18], S=\resetn) into $auto$simplemap.cc:420:simplemap_dff$6537 (SB_DFFE).
  Merging $auto$simplemap.cc:277:simplemap_mux$8328 (A=1'0, B=$techmap\u_core.$add$../picorv32.v:1598$1455_Y [19], S=\resetn) into $auto$simplemap.cc:420:simplemap_dff$6538 (SB_DFFE).
  Merging $auto$simplemap.cc:277:simplemap_mux$8329 (A=1'0, B=$techmap\u_core.$add$../picorv32.v:1598$1455_Y [20], S=\resetn) into $auto$simplemap.cc:420:simplemap_dff$6539 (SB_DFFE).
  Merging $auto$simplemap.cc:277:simplemap_mux$8330 (A=1'0, B=$techmap\u_core.$add$../picorv32.v:1598$1455_Y [21], S=\resetn) into $auto$simplemap.cc:420:simplemap_dff$6540 (SB_DFFE).
  Merging $auto$simplemap.cc:277:simplemap_mux$8331 (A=1'0, B=$techmap\u_core.$add$../picorv32.v:1598$1455_Y [22], S=\resetn) into $auto$simplemap.cc:420:simplemap_dff$6541 (SB_DFFE).
  Merging $auto$simplemap.cc:277:simplemap_mux$8332 (A=1'0, B=$techmap\u_core.$add$../picorv32.v:1598$1455_Y [23], S=\resetn) into $auto$simplemap.cc:420:simplemap_dff$6542 (SB_DFFE).
  Merging $auto$simplemap.cc:277:simplemap_mux$8333 (A=1'0, B=$techmap\u_core.$add$../picorv32.v:1598$1455_Y [24], S=\resetn) into $auto$simplemap.cc:420:simplemap_dff$6543 (SB_DFFE).
  Merging $auto$simplemap.cc:277:simplemap_mux$8334 (A=1'0, B=$techmap\u_core.$add$../picorv32.v:1598$1455_Y [25], S=\resetn) into $auto$simplemap.cc:420:simplemap_dff$6544 (SB_DFFE).
  Merging $auto$simplemap.cc:277:simplemap_mux$8335 (A=1'0, B=$techmap\u_core.$add$../picorv32.v:1598$1455_Y [26], S=\resetn) into $auto$simplemap.cc:420:simplemap_dff$6545 (SB_DFFE).
  Merging $auto$simplemap.cc:277:simplemap_mux$8336 (A=1'0, B=$techmap\u_core.$add$../picorv32.v:1598$1455_Y [27], S=\resetn) into $auto$simplemap.cc:420:simplemap_dff$6546 (SB_DFFE).
  Merging $auto$simplemap.cc:277:simplemap_mux$8337 (A=1'0, B=$techmap\u_core.$add$../picorv32.v:1598$1455_Y [28], S=\resetn) into $auto$simplemap.cc:420:simplemap_dff$6547 (SB_DFFE).
  Merging $auto$simplemap.cc:277:simplemap_mux$8338 (A=1'0, B=$techmap\u_core.$add$../picorv32.v:1598$1455_Y [29], S=\resetn) into $auto$simplemap.cc:420:simplemap_dff$6548 (SB_DFFE).
  Merging $auto$simplemap.cc:277:simplemap_mux$8339 (A=1'0, B=$techmap\u_core.$add$../picorv32.v:1598$1455_Y [30], S=\resetn) into $auto$simplemap.cc:420:simplemap_dff$6549 (SB_DFFE).
  Merging $auto$simplemap.cc:277:simplemap_mux$8340 (A=1'0, B=$techmap\u_core.$add$../picorv32.v:1598$1455_Y [31], S=\resetn) into $auto$simplemap.cc:420:simplemap_dff$6550 (SB_DFFE).
  Merging $auto$simplemap.cc:277:simplemap_mux$8341 (A=1'0, B=$techmap\u_core.$add$../picorv32.v:1598$1455_Y [32], S=\resetn) into $auto$simplemap.cc:420:simplemap_dff$6551 (SB_DFFE).
  Merging $auto$simplemap.cc:277:simplemap_mux$8342 (A=1'0, B=$techmap\u_core.$add$../picorv32.v:1598$1455_Y [33], S=\resetn) into $auto$simplemap.cc:420:simplemap_dff$6552 (SB_DFFE).
  Merging $auto$simplemap.cc:277:simplemap_mux$8343 (A=1'0, B=$techmap\u_core.$add$../picorv32.v:1598$1455_Y [34], S=\resetn) into $auto$simplemap.cc:420:simplemap_dff$6553 (SB_DFFE).
  Merging $auto$simplemap.cc:277:simplemap_mux$8344 (A=1'0, B=$techmap\u_core.$add$../picorv32.v:1598$1455_Y [35], S=\resetn) into $auto$simplemap.cc:420:simplemap_dff$6554 (SB_DFFE).
  Merging $auto$simplemap.cc:277:simplemap_mux$8345 (A=1'0, B=$techmap\u_core.$add$../picorv32.v:1598$1455_Y [36], S=\resetn) into $auto$simplemap.cc:420:simplemap_dff$6555 (SB_DFFE).
  Merging $auto$simplemap.cc:277:simplemap_mux$8346 (A=1'0, B=$techmap\u_core.$add$../picorv32.v:1598$1455_Y [37], S=\resetn) into $auto$simplemap.cc:420:simplemap_dff$6556 (SB_DFFE).
  Merging $auto$simplemap.cc:277:simplemap_mux$8347 (A=1'0, B=$techmap\u_core.$add$../picorv32.v:1598$1455_Y [38], S=\resetn) into $auto$simplemap.cc:420:simplemap_dff$6557 (SB_DFFE).
  Merging $auto$simplemap.cc:277:simplemap_mux$8348 (A=1'0, B=$techmap\u_core.$add$../picorv32.v:1598$1455_Y [39], S=\resetn) into $auto$simplemap.cc:420:simplemap_dff$6558 (SB_DFFE).
  Merging $auto$simplemap.cc:277:simplemap_mux$8349 (A=1'0, B=$techmap\u_core.$add$../picorv32.v:1598$1455_Y [40], S=\resetn) into $auto$simplemap.cc:420:simplemap_dff$6559 (SB_DFFE).
  Merging $auto$simplemap.cc:277:simplemap_mux$8350 (A=1'0, B=$techmap\u_core.$add$../picorv32.v:1598$1455_Y [41], S=\resetn) into $auto$simplemap.cc:420:simplemap_dff$6560 (SB_DFFE).
  Merging $auto$simplemap.cc:277:simplemap_mux$8351 (A=1'0, B=$techmap\u_core.$add$../picorv32.v:1598$1455_Y [42], S=\resetn) into $auto$simplemap.cc:420:simplemap_dff$6561 (SB_DFFE).
  Merging $auto$simplemap.cc:277:simplemap_mux$8352 (A=1'0, B=$techmap\u_core.$add$../picorv32.v:1598$1455_Y [43], S=\resetn) into $auto$simplemap.cc:420:simplemap_dff$6562 (SB_DFFE).
  Merging $auto$simplemap.cc:277:simplemap_mux$8353 (A=1'0, B=$techmap\u_core.$add$../picorv32.v:1598$1455_Y [44], S=\resetn) into $auto$simplemap.cc:420:simplemap_dff$6563 (SB_DFFE).
  Merging $auto$simplemap.cc:277:simplemap_mux$8354 (A=1'0, B=$techmap\u_core.$add$../picorv32.v:1598$1455_Y [45], S=\resetn) into $auto$simplemap.cc:420:simplemap_dff$6564 (SB_DFFE).
  Merging $auto$simplemap.cc:277:simplemap_mux$8355 (A=1'0, B=$techmap\u_core.$add$../picorv32.v:1598$1455_Y [46], S=\resetn) into $auto$simplemap.cc:420:simplemap_dff$6565 (SB_DFFE).
  Merging $auto$simplemap.cc:277:simplemap_mux$8356 (A=1'0, B=$techmap\u_core.$add$../picorv32.v:1598$1455_Y [47], S=\resetn) into $auto$simplemap.cc:420:simplemap_dff$6566 (SB_DFFE).
  Merging $auto$simplemap.cc:277:simplemap_mux$8357 (A=1'0, B=$techmap\u_core.$add$../picorv32.v:1598$1455_Y [48], S=\resetn) into $auto$simplemap.cc:420:simplemap_dff$6567 (SB_DFFE).
  Merging $auto$simplemap.cc:277:simplemap_mux$8358 (A=1'0, B=$techmap\u_core.$add$../picorv32.v:1598$1455_Y [49], S=\resetn) into $auto$simplemap.cc:420:simplemap_dff$6568 (SB_DFFE).
  Merging $auto$simplemap.cc:277:simplemap_mux$8359 (A=1'0, B=$techmap\u_core.$add$../picorv32.v:1598$1455_Y [50], S=\resetn) into $auto$simplemap.cc:420:simplemap_dff$6569 (SB_DFFE).
  Merging $auto$simplemap.cc:277:simplemap_mux$8360 (A=1'0, B=$techmap\u_core.$add$../picorv32.v:1598$1455_Y [51], S=\resetn) into $auto$simplemap.cc:420:simplemap_dff$6570 (SB_DFFE).
  Merging $auto$simplemap.cc:277:simplemap_mux$8361 (A=1'0, B=$techmap\u_core.$add$../picorv32.v:1598$1455_Y [52], S=\resetn) into $auto$simplemap.cc:420:simplemap_dff$6571 (SB_DFFE).
  Merging $auto$simplemap.cc:277:simplemap_mux$8362 (A=1'0, B=$techmap\u_core.$add$../picorv32.v:1598$1455_Y [53], S=\resetn) into $auto$simplemap.cc:420:simplemap_dff$6572 (SB_DFFE).
  Merging $auto$simplemap.cc:277:simplemap_mux$8363 (A=1'0, B=$techmap\u_core.$add$../picorv32.v:1598$1455_Y [54], S=\resetn) into $auto$simplemap.cc:420:simplemap_dff$6573 (SB_DFFE).
  Merging $auto$simplemap.cc:277:simplemap_mux$8364 (A=1'0, B=$techmap\u_core.$add$../picorv32.v:1598$1455_Y [55], S=\resetn) into $auto$simplemap.cc:420:simplemap_dff$6574 (SB_DFFE).
  Merging $auto$simplemap.cc:277:simplemap_mux$8365 (A=1'0, B=$techmap\u_core.$add$../picorv32.v:1598$1455_Y [56], S=\resetn) into $auto$simplemap.cc:420:simplemap_dff$6575 (SB_DFFE).
  Merging $auto$simplemap.cc:277:simplemap_mux$8366 (A=1'0, B=$techmap\u_core.$add$../picorv32.v:1598$1455_Y [57], S=\resetn) into $auto$simplemap.cc:420:simplemap_dff$6576 (SB_DFFE).
  Merging $auto$simplemap.cc:277:simplemap_mux$8367 (A=1'0, B=$techmap\u_core.$add$../picorv32.v:1598$1455_Y [58], S=\resetn) into $auto$simplemap.cc:420:simplemap_dff$6577 (SB_DFFE).
  Merging $auto$simplemap.cc:277:simplemap_mux$8368 (A=1'0, B=$techmap\u_core.$add$../picorv32.v:1598$1455_Y [59], S=\resetn) into $auto$simplemap.cc:420:simplemap_dff$6578 (SB_DFFE).
  Merging $auto$simplemap.cc:277:simplemap_mux$8369 (A=1'0, B=$techmap\u_core.$add$../picorv32.v:1598$1455_Y [60], S=\resetn) into $auto$simplemap.cc:420:simplemap_dff$6579 (SB_DFFE).
  Merging $auto$simplemap.cc:277:simplemap_mux$8370 (A=1'0, B=$techmap\u_core.$add$../picorv32.v:1598$1455_Y [61], S=\resetn) into $auto$simplemap.cc:420:simplemap_dff$6580 (SB_DFFE).
  Merging $auto$simplemap.cc:277:simplemap_mux$8371 (A=1'0, B=$techmap\u_core.$add$../picorv32.v:1598$1455_Y [62], S=\resetn) into $auto$simplemap.cc:420:simplemap_dff$6581 (SB_DFFE).
  Merging $auto$simplemap.cc:277:simplemap_mux$8372 (A=1'0, B=$techmap\u_core.$add$../picorv32.v:1598$1455_Y [63], S=\resetn) into $auto$simplemap.cc:420:simplemap_dff$6582 (SB_DFFE).
  Merging $auto$simplemap.cc:277:simplemap_mux$9548 (A=1'0, B=$techmap\u_core.$add$../picorv32.v:1467$1402_Y [0], S=\resetn) into $auto$simplemap.cc:420:simplemap_dff$6583 (SB_DFF).
  Merging $auto$simplemap.cc:277:simplemap_mux$9549 (A=1'0, B=$auto$simplemap.cc:309:simplemap_lut$15942 [1], S=\resetn) into $auto$simplemap.cc:420:simplemap_dff$6584 (SB_DFFE).
  Merging $auto$simplemap.cc:277:simplemap_mux$9550 (A=1'0, B=$techmap\u_core.$add$../picorv32.v:1467$1402_Y [2], S=\resetn) into $auto$simplemap.cc:420:simplemap_dff$6585 (SB_DFF).
  Merging $auto$simplemap.cc:277:simplemap_mux$9551 (A=1'0, B=$techmap\u_core.$add$../picorv32.v:1467$1402_Y [3], S=\resetn) into $auto$simplemap.cc:420:simplemap_dff$6586 (SB_DFF).
  Merging $auto$simplemap.cc:277:simplemap_mux$9552 (A=1'0, B=$techmap\u_core.$add$../picorv32.v:1467$1402_Y [4], S=\resetn) into $auto$simplemap.cc:420:simplemap_dff$6587 (SB_DFF).
  Merging $auto$simplemap.cc:277:simplemap_mux$9553 (A=1'0, B=$techmap\u_core.$add$../picorv32.v:1467$1402_Y [5], S=\resetn) into $auto$simplemap.cc:420:simplemap_dff$6588 (SB_DFF).
  Merging $auto$simplemap.cc:277:simplemap_mux$9554 (A=1'0, B=$techmap\u_core.$add$../picorv32.v:1467$1402_Y [6], S=\resetn) into $auto$simplemap.cc:420:simplemap_dff$6589 (SB_DFF).
  Merging $auto$simplemap.cc:277:simplemap_mux$9555 (A=1'0, B=$techmap\u_core.$add$../picorv32.v:1467$1402_Y [7], S=\resetn) into $auto$simplemap.cc:420:simplemap_dff$6590 (SB_DFF).
  Merging $auto$simplemap.cc:277:simplemap_mux$9557 (A=1'0, B=$techmap\u_core.$add$../picorv32.v:1467$1402_Y [9], S=\resetn) into $auto$simplemap.cc:420:simplemap_dff$6592 (SB_DFF).
  Merging $auto$simplemap.cc:277:simplemap_mux$8317 (A=1'0, B=$techmap\u_core.$add$../picorv32.v:1598$1455_Y [8], S=\resetn) into $auto$simplemap.cc:420:simplemap_dff$6527 (SB_DFFE).
  Merging $auto$simplemap.cc:277:simplemap_mux$9558 (A=1'0, B=$techmap\u_core.$add$../picorv32.v:1467$1402_Y [10], S=\resetn) into $auto$simplemap.cc:420:simplemap_dff$6593 (SB_DFF).
  Merging $auto$simplemap.cc:277:simplemap_mux$9559 (A=1'0, B=$techmap\u_core.$add$../picorv32.v:1467$1402_Y [11], S=\resetn) into $auto$simplemap.cc:420:simplemap_dff$6594 (SB_DFF).
  Merging $auto$simplemap.cc:277:simplemap_mux$9560 (A=1'0, B=$techmap\u_core.$add$../picorv32.v:1467$1402_Y [12], S=\resetn) into $auto$simplemap.cc:420:simplemap_dff$6595 (SB_DFF).
  Merging $auto$simplemap.cc:277:simplemap_mux$9561 (A=1'0, B=$techmap\u_core.$add$../picorv32.v:1467$1402_Y [13], S=\resetn) into $auto$simplemap.cc:420:simplemap_dff$6596 (SB_DFF).
  Merging $auto$simplemap.cc:277:simplemap_mux$9562 (A=1'0, B=$techmap\u_core.$add$../picorv32.v:1467$1402_Y [14], S=\resetn) into $auto$simplemap.cc:420:simplemap_dff$6597 (SB_DFF).
  Merging $auto$simplemap.cc:277:simplemap_mux$9563 (A=1'0, B=$techmap\u_core.$add$../picorv32.v:1467$1402_Y [15], S=\resetn) into $auto$simplemap.cc:420:simplemap_dff$6598 (SB_DFF).
  Merging $auto$simplemap.cc:277:simplemap_mux$9564 (A=1'0, B=$techmap\u_core.$add$../picorv32.v:1467$1402_Y [16], S=\resetn) into $auto$simplemap.cc:420:simplemap_dff$6599 (SB_DFF).
  Merging $auto$simplemap.cc:277:simplemap_mux$9565 (A=1'0, B=$techmap\u_core.$add$../picorv32.v:1467$1402_Y [17], S=\resetn) into $auto$simplemap.cc:420:simplemap_dff$6600 (SB_DFF).
  Merging $auto$simplemap.cc:277:simplemap_mux$9566 (A=1'0, B=$techmap\u_core.$add$../picorv32.v:1467$1402_Y [18], S=\resetn) into $auto$simplemap.cc:420:simplemap_dff$6601 (SB_DFF).
  Merging $auto$simplemap.cc:277:simplemap_mux$9567 (A=1'0, B=$techmap\u_core.$add$../picorv32.v:1467$1402_Y [19], S=\resetn) into $auto$simplemap.cc:420:simplemap_dff$6602 (SB_DFF).
  Merging $auto$simplemap.cc:277:simplemap_mux$9568 (A=1'0, B=$techmap\u_core.$add$../picorv32.v:1467$1402_Y [20], S=\resetn) into $auto$simplemap.cc:420:simplemap_dff$6603 (SB_DFF).
  Merging $auto$simplemap.cc:277:simplemap_mux$9569 (A=1'0, B=$techmap\u_core.$add$../picorv32.v:1467$1402_Y [21], S=\resetn) into $auto$simplemap.cc:420:simplemap_dff$6604 (SB_DFF).
  Merging $auto$simplemap.cc:277:simplemap_mux$9570 (A=1'0, B=$techmap\u_core.$add$../picorv32.v:1467$1402_Y [22], S=\resetn) into $auto$simplemap.cc:420:simplemap_dff$6605 (SB_DFF).
  Merging $auto$simplemap.cc:277:simplemap_mux$9571 (A=1'0, B=$techmap\u_core.$add$../picorv32.v:1467$1402_Y [23], S=\resetn) into $auto$simplemap.cc:420:simplemap_dff$6606 (SB_DFF).
  Merging $auto$simplemap.cc:277:simplemap_mux$9572 (A=1'0, B=$techmap\u_core.$add$../picorv32.v:1467$1402_Y [24], S=\resetn) into $auto$simplemap.cc:420:simplemap_dff$6607 (SB_DFF).
  Merging $auto$simplemap.cc:277:simplemap_mux$9573 (A=1'0, B=$techmap\u_core.$add$../picorv32.v:1467$1402_Y [25], S=\resetn) into $auto$simplemap.cc:420:simplemap_dff$6608 (SB_DFF).
  Merging $auto$simplemap.cc:277:simplemap_mux$9574 (A=1'0, B=$techmap\u_core.$add$../picorv32.v:1467$1402_Y [26], S=\resetn) into $auto$simplemap.cc:420:simplemap_dff$6609 (SB_DFF).
  Merging $auto$simplemap.cc:277:simplemap_mux$9575 (A=1'0, B=$techmap\u_core.$add$../picorv32.v:1467$1402_Y [27], S=\resetn) into $auto$simplemap.cc:420:simplemap_dff$6610 (SB_DFF).
  Merging $auto$simplemap.cc:277:simplemap_mux$9576 (A=1'0, B=$techmap\u_core.$add$../picorv32.v:1467$1402_Y [28], S=\resetn) into $auto$simplemap.cc:420:simplemap_dff$6611 (SB_DFF).
  Merging $auto$simplemap.cc:277:simplemap_mux$9577 (A=1'0, B=$techmap\u_core.$add$../picorv32.v:1467$1402_Y [29], S=\resetn) into $auto$simplemap.cc:420:simplemap_dff$6612 (SB_DFF).
  Merging $auto$simplemap.cc:277:simplemap_mux$9578 (A=1'0, B=$techmap\u_core.$add$../picorv32.v:1467$1402_Y [30], S=\resetn) into $auto$simplemap.cc:420:simplemap_dff$6613 (SB_DFF).
  Merging $auto$simplemap.cc:277:simplemap_mux$9579 (A=1'0, B=$techmap\u_core.$add$../picorv32.v:1467$1402_Y [31], S=\resetn) into $auto$simplemap.cc:420:simplemap_dff$6614 (SB_DFF).
  Merging $auto$simplemap.cc:277:simplemap_mux$9580 (A=1'0, B=$techmap\u_core.$add$../picorv32.v:1467$1402_Y [32], S=\resetn) into $auto$simplemap.cc:420:simplemap_dff$6615 (SB_DFF).
  Merging $auto$simplemap.cc:277:simplemap_mux$9581 (A=1'0, B=$techmap\u_core.$add$../picorv32.v:1467$1402_Y [33], S=\resetn) into $auto$simplemap.cc:420:simplemap_dff$6616 (SB_DFF).
  Merging $auto$simplemap.cc:277:simplemap_mux$9582 (A=1'0, B=$techmap\u_core.$add$../picorv32.v:1467$1402_Y [34], S=\resetn) into $auto$simplemap.cc:420:simplemap_dff$6617 (SB_DFF).
  Merging $auto$simplemap.cc:277:simplemap_mux$9583 (A=1'0, B=$techmap\u_core.$add$../picorv32.v:1467$1402_Y [35], S=\resetn) into $auto$simplemap.cc:420:simplemap_dff$6618 (SB_DFF).
  Merging $auto$simplemap.cc:277:simplemap_mux$9584 (A=1'0, B=$techmap\u_core.$add$../picorv32.v:1467$1402_Y [36], S=\resetn) into $auto$simplemap.cc:420:simplemap_dff$6619 (SB_DFF).
  Merging $auto$simplemap.cc:277:simplemap_mux$9585 (A=1'0, B=$techmap\u_core.$add$../picorv32.v:1467$1402_Y [37], S=\resetn) into $auto$simplemap.cc:420:simplemap_dff$6620 (SB_DFF).
  Merging $auto$simplemap.cc:277:simplemap_mux$9586 (A=1'0, B=$techmap\u_core.$add$../picorv32.v:1467$1402_Y [38], S=\resetn) into $auto$simplemap.cc:420:simplemap_dff$6621 (SB_DFF).
  Merging $auto$simplemap.cc:277:simplemap_mux$9587 (A=1'0, B=$techmap\u_core.$add$../picorv32.v:1467$1402_Y [39], S=\resetn) into $auto$simplemap.cc:420:simplemap_dff$6622 (SB_DFF).
  Merging $auto$simplemap.cc:277:simplemap_mux$9588 (A=1'0, B=$techmap\u_core.$add$../picorv32.v:1467$1402_Y [40], S=\resetn) into $auto$simplemap.cc:420:simplemap_dff$6623 (SB_DFF).
  Merging $auto$simplemap.cc:277:simplemap_mux$9589 (A=1'0, B=$techmap\u_core.$add$../picorv32.v:1467$1402_Y [41], S=\resetn) into $auto$simplemap.cc:420:simplemap_dff$6624 (SB_DFF).
  Merging $auto$simplemap.cc:277:simplemap_mux$9590 (A=1'0, B=$techmap\u_core.$add$../picorv32.v:1467$1402_Y [42], S=\resetn) into $auto$simplemap.cc:420:simplemap_dff$6625 (SB_DFF).
  Merging $auto$simplemap.cc:277:simplemap_mux$9591 (A=1'0, B=$techmap\u_core.$add$../picorv32.v:1467$1402_Y [43], S=\resetn) into $auto$simplemap.cc:420:simplemap_dff$6626 (SB_DFF).
  Merging $auto$simplemap.cc:277:simplemap_mux$9592 (A=1'0, B=$techmap\u_core.$add$../picorv32.v:1467$1402_Y [44], S=\resetn) into $auto$simplemap.cc:420:simplemap_dff$6627 (SB_DFF).
  Merging $auto$simplemap.cc:277:simplemap_mux$9593 (A=1'0, B=$techmap\u_core.$add$../picorv32.v:1467$1402_Y [45], S=\resetn) into $auto$simplemap.cc:420:simplemap_dff$6628 (SB_DFF).
  Merging $auto$simplemap.cc:277:simplemap_mux$9594 (A=1'0, B=$techmap\u_core.$add$../picorv32.v:1467$1402_Y [46], S=\resetn) into $auto$simplemap.cc:420:simplemap_dff$6629 (SB_DFF).
  Merging $auto$simplemap.cc:277:simplemap_mux$9595 (A=1'0, B=$techmap\u_core.$add$../picorv32.v:1467$1402_Y [47], S=\resetn) into $auto$simplemap.cc:420:simplemap_dff$6630 (SB_DFF).
  Merging $auto$simplemap.cc:277:simplemap_mux$9596 (A=1'0, B=$techmap\u_core.$add$../picorv32.v:1467$1402_Y [48], S=\resetn) into $auto$simplemap.cc:420:simplemap_dff$6631 (SB_DFF).
  Merging $auto$simplemap.cc:277:simplemap_mux$9597 (A=1'0, B=$techmap\u_core.$add$../picorv32.v:1467$1402_Y [49], S=\resetn) into $auto$simplemap.cc:420:simplemap_dff$6632 (SB_DFF).
  Merging $auto$simplemap.cc:277:simplemap_mux$9598 (A=1'0, B=$techmap\u_core.$add$../picorv32.v:1467$1402_Y [50], S=\resetn) into $auto$simplemap.cc:420:simplemap_dff$6633 (SB_DFF).
  Merging $auto$simplemap.cc:277:simplemap_mux$9599 (A=1'0, B=$techmap\u_core.$add$../picorv32.v:1467$1402_Y [51], S=\resetn) into $auto$simplemap.cc:420:simplemap_dff$6634 (SB_DFF).
  Merging $auto$simplemap.cc:277:simplemap_mux$9600 (A=1'0, B=$techmap\u_core.$add$../picorv32.v:1467$1402_Y [52], S=\resetn) into $auto$simplemap.cc:420:simplemap_dff$6635 (SB_DFF).
  Merging $auto$simplemap.cc:277:simplemap_mux$9601 (A=1'0, B=$techmap\u_core.$add$../picorv32.v:1467$1402_Y [53], S=\resetn) into $auto$simplemap.cc:420:simplemap_dff$6636 (SB_DFF).
  Merging $auto$simplemap.cc:277:simplemap_mux$9602 (A=1'0, B=$techmap\u_core.$add$../picorv32.v:1467$1402_Y [54], S=\resetn) into $auto$simplemap.cc:420:simplemap_dff$6637 (SB_DFF).
  Merging $auto$simplemap.cc:277:simplemap_mux$9603 (A=1'0, B=$techmap\u_core.$add$../picorv32.v:1467$1402_Y [55], S=\resetn) into $auto$simplemap.cc:420:simplemap_dff$6638 (SB_DFF).
  Merging $auto$simplemap.cc:277:simplemap_mux$9604 (A=1'0, B=$techmap\u_core.$add$../picorv32.v:1467$1402_Y [56], S=\resetn) into $auto$simplemap.cc:420:simplemap_dff$6639 (SB_DFF).
  Merging $auto$simplemap.cc:277:simplemap_mux$9605 (A=1'0, B=$techmap\u_core.$add$../picorv32.v:1467$1402_Y [57], S=\resetn) into $auto$simplemap.cc:420:simplemap_dff$6640 (SB_DFF).
  Merging $auto$simplemap.cc:277:simplemap_mux$9606 (A=1'0, B=$techmap\u_core.$add$../picorv32.v:1467$1402_Y [58], S=\resetn) into $auto$simplemap.cc:420:simplemap_dff$6641 (SB_DFF).
  Merging $auto$simplemap.cc:277:simplemap_mux$9607 (A=1'0, B=$techmap\u_core.$add$../picorv32.v:1467$1402_Y [59], S=\resetn) into $auto$simplemap.cc:420:simplemap_dff$6642 (SB_DFF).
  Merging $auto$simplemap.cc:277:simplemap_mux$9608 (A=1'0, B=$techmap\u_core.$add$../picorv32.v:1467$1402_Y [60], S=\resetn) into $auto$simplemap.cc:420:simplemap_dff$6643 (SB_DFF).
  Merging $auto$simplemap.cc:277:simplemap_mux$9609 (A=1'0, B=$techmap\u_core.$add$../picorv32.v:1467$1402_Y [61], S=\resetn) into $auto$simplemap.cc:420:simplemap_dff$6644 (SB_DFF).
  Merging $auto$simplemap.cc:277:simplemap_mux$9610 (A=1'0, B=$techmap\u_core.$add$../picorv32.v:1467$1402_Y [62], S=\resetn) into $auto$simplemap.cc:420:simplemap_dff$6645 (SB_DFF).
  Merging $auto$simplemap.cc:277:simplemap_mux$9611 (A=1'0, B=$techmap\u_core.$add$../picorv32.v:1467$1402_Y [63], S=\resetn) into $auto$simplemap.cc:420:simplemap_dff$6646 (SB_DFF).
  Merging $auto$simplemap.cc:277:simplemap_mux$8304 (A=1'0, B=$techmap\u_core.$procmux$3263_Y, S=\resetn) into $auto$simplemap.cc:420:simplemap_dff$6647 (SB_DFFE).
  Merging $auto$simplemap.cc:277:simplemap_mux$9556 (A=1'0, B=$techmap\u_core.$add$../picorv32.v:1467$1402_Y [8], S=\resetn) into $auto$simplemap.cc:420:simplemap_dff$6591 (SB_DFF).

4.40. Executing ICE40_OPT pass (performing simple optimizations).

4.40.1. Running ICE40 specific optimizations.

4.40.2. Executing OPT_EXPR pass (perform const folding).
Optimizing module picorv32_baseline_a_wrapper.
<suppressed ~432 debug messages>

4.40.3. Executing OPT_MERGE pass (detect identical cells).
Finding identical cells in module `\picorv32_baseline_a_wrapper'.
<suppressed ~3525 debug messages>
Removed a total of 1175 cells.

4.40.4. Executing OPT_RMDFF pass (remove dff with constant values).

4.40.5. Executing OPT_CLEAN pass (remove unused cells and wires).
Finding unused cells or wires in module \picorv32_baseline_a_wrapper..
Removed 372 unused cells and 6104 unused wires.
<suppressed ~373 debug messages>

4.40.6. Rerunning OPT passes. (Removed registers in this run.)

4.40.7. Running ICE40 specific optimizations.

4.40.8. Executing OPT_EXPR pass (perform const folding).
Optimizing module picorv32_baseline_a_wrapper.
<suppressed ~12 debug messages>

4.40.9. Executing OPT_MERGE pass (detect identical cells).
Finding identical cells in module `\picorv32_baseline_a_wrapper'.
Removed a total of 0 cells.

4.40.10. Executing OPT_RMDFF pass (remove dff with constant values).

4.40.11. Executing OPT_CLEAN pass (remove unused cells and wires).
Finding unused cells or wires in module \picorv32_baseline_a_wrapper..

4.40.12. Rerunning OPT passes. (Removed registers in this run.)

4.40.13. Running ICE40 specific optimizations.

4.40.14. Executing OPT_EXPR pass (perform const folding).
Optimizing module picorv32_baseline_a_wrapper.

4.40.15. Executing OPT_MERGE pass (detect identical cells).
Finding identical cells in module `\picorv32_baseline_a_wrapper'.
Removed a total of 0 cells.

4.40.16. Executing OPT_RMDFF pass (remove dff with constant values).

4.40.17. Executing OPT_CLEAN pass (remove unused cells and wires).
Finding unused cells or wires in module \picorv32_baseline_a_wrapper..

4.40.18. Finished OPT passes. (There is nothing left to do.)

4.41. Executing TECHMAP pass (map to technology primitives).

4.41.1. Executing Verilog-2005 frontend: /usr/bin/../share/yosys/ice40/latches_map.v
Parsing Verilog input from `/usr/bin/../share/yosys/ice40/latches_map.v' to AST representation.
Generating RTLIL representation for module `\$_DLATCH_N_'.
Generating RTLIL representation for module `\$_DLATCH_P_'.
Successfully finished Verilog frontend.

4.41.2. Continuing TECHMAP pass.
No more expansions possible.

4.42. Executing ABC pass (technology mapping using ABC).

4.42.1. Extracting gate netlist of module `\picorv32_baseline_a_wrapper' to `<abc-temp-dir>/input.blif'..
Extracted 3749 gates and 4914 wires to a netlist network with 1163 inputs and 747 outputs.

4.42.1.1. Executing ABC.
Running ABC command: berkeley-abc -s -f <abc-temp-dir>/abc.script 2>&1
ABC: ABC command line: "source <abc-temp-dir>/abc.script".
ABC: 
ABC: + read_blif <abc-temp-dir>/input.blif 
ABC: + read_lut <abc-temp-dir>/lutdefs.txt 
ABC: + strash 
ABC: + ifraig 
ABC: + scorr 
ABC: Warning: The network is combinational (run "fraig" or "fraig_sweep").
ABC: + dc2 
ABC: + dretime 
ABC: + retime 
ABC: + strash 
ABC: + dch -f 
ABC: + if 
ABC: + mfs2 
ABC: + lutpack -S 1 
ABC: + dress 
ABC: Total number of equiv classes                =    1250.
ABC: Participating nodes from both networks       =    2564.
ABC: Participating nodes from the first network   =    1252. (  75.01 % of nodes)
ABC: Participating nodes from the second network  =    1312. (  78.61 % of nodes)
ABC: Node pairs (any polarity)                    =    1252. (  75.01 % of names can be moved)
ABC: Node pairs (same polarity)                   =     881. (  52.79 % of names can be moved)
ABC: Total runtime =     0.07 sec
ABC: + write_blif <abc-temp-dir>/output.blif 

4.42.1.2. Re-integrating ABC results.
ABC RESULTS:              $lut cells:     3336
ABC RESULTS:        internal signals:     3004
ABC RESULTS:           input signals:     1163
ABC RESULTS:          output signals:      747
Removing temp directory.
Removed 0 unused cells and 2360 unused wires.

4.43. Executing TECHMAP pass (map to technology primitives).

4.43.1. Executing Verilog-2005 frontend: /usr/bin/../share/yosys/ice40/cells_map.v
Parsing Verilog input from `/usr/bin/../share/yosys/ice40/cells_map.v' to AST representation.
Generating RTLIL representation for module `\$_DFF_N_'.
Generating RTLIL representation for module `\$_DFF_P_'.
Generating RTLIL representation for module `\$_DFFE_NN_'.
Generating RTLIL representation for module `\$_DFFE_PN_'.
Generating RTLIL representation for module `\$_DFFE_NP_'.
Generating RTLIL representation for module `\$_DFFE_PP_'.
Generating RTLIL representation for module `\$_DFF_NN0_'.
Generating RTLIL representation for module `\$_DFF_NN1_'.
Generating RTLIL representation for module `\$_DFF_PN0_'.
Generating RTLIL representation for module `\$_DFF_PN1_'.
Generating RTLIL representation for module `\$_DFF_NP0_'.
Generating RTLIL representation for module `\$_DFF_NP1_'.
Generating RTLIL representation for module `\$_DFF_PP0_'.
Generating RTLIL representation for module `\$_DFF_PP1_'.
Generating RTLIL representation for module `\$__DFFE_NN0'.
Generating RTLIL representation for module `\$__DFFE_NN1'.
Generating RTLIL representation for module `\$__DFFE_PN0'.
Generating RTLIL representation for module `\$__DFFE_PN1'.
Generating RTLIL representation for module `\$__DFFE_NP0'.
Generating RTLIL representation for module `\$__DFFE_NP1'.
Generating RTLIL representation for module `\$__DFFE_PP0'.
Generating RTLIL representation for module `\$__DFFE_PP1'.
Generating RTLIL representation for module `\$lut'.
Successfully finished Verilog frontend.

4.43.2. Continuing TECHMAP pass.
Using template $paramod\$lut\WIDTH=4\LUT=16'0000011101110111 for cells of type $lut.
Using template $paramod\$lut\WIDTH=3\LUT=8'01110000 for cells of type $lut.
Using template $paramod\$lut\WIDTH=3\LUT=8'00110101 for cells of type $lut.
Using template $paramod\$lut\WIDTH=3\LUT=8'11001010 for cells of type $lut.
Using template $paramod\$lut\WIDTH=3\LUT=8'01010011 for cells of type $lut.
Using template $paramod\$lut\WIDTH=3\LUT=8'11100000 for cells of type $lut.
Using template $paramod\$lut\WIDTH=3\LUT=8'10100011 for cells of type $lut.
Using template $paramod\$lut\WIDTH=3\LUT=8'10101100 for cells of type $lut.
Using template $paramod\$lut\WIDTH=3\LUT=8'01011100 for cells of type $lut.
Using template $paramod\$lut\WIDTH=4\LUT=16'0000000000000001 for cells of type $lut.
Using template $paramod\$lut\WIDTH=2\LUT=4'0001 for cells of type $lut.
Using template $paramod\$lut\WIDTH=4\LUT=16'0011010100000000 for cells of type $lut.
Using template $paramod\$lut\WIDTH=4\LUT=16'1011101111110000 for cells of type $lut.
Using template $paramod\$lut\WIDTH=4\LUT=16'1110111011110000 for cells of type $lut.
Using template $paramod\$lut\WIDTH=3\LUT=8'00001110 for cells of type $lut.
Using template $paramod\$lut\WIDTH=3\LUT=8'00001101 for cells of type $lut.
Using template $paramod\$lut\WIDTH=4\LUT=16'0001000000000000 for cells of type $lut.
Using template $paramod\$lut\WIDTH=4\LUT=16'0100000000000000 for cells of type $lut.
Using template $paramod\$lut\WIDTH=4\LUT=16'1100101000000000 for cells of type $lut.
Using template $paramod\$lut\WIDTH=4\LUT=16'1000110011001111 for cells of type $lut.
Using template $paramod\$lut\WIDTH=3\LUT=8'00010100 for cells of type $lut.
Using template $paramod\$lut\WIDTH=3\LUT=8'00010000 for cells of type $lut.
Using template $paramod\$lut\WIDTH=2\LUT=4'0100 for cells of type $lut.
Using template $paramod\$lut\WIDTH=4\LUT=16'0010111111111111 for cells of type $lut.
Using template $paramod\$lut\WIDTH=3\LUT=8'00000001 for cells of type $lut.
Using template $paramod\$lut\WIDTH=4\LUT=16'0000011100000000 for cells of type $lut.
Using template $paramod\$lut\WIDTH=4\LUT=16'1010110011001111 for cells of type $lut.
Using template $paramod\$lut\WIDTH=4\LUT=16'1111000100000000 for cells of type $lut.
Using template $paramod\$lut\WIDTH=4\LUT=16'0000110100000000 for cells of type $lut.
Using template $paramod\$lut\WIDTH=4\LUT=16'0000101100000000 for cells of type $lut.
Using template $paramod\$lut\WIDTH=3\LUT=8'11111000 for cells of type $lut.
Using template $paramod\$lut\WIDTH=3\LUT=8'01000000 for cells of type $lut.
Using template $paramod\$lut\WIDTH=4\LUT=16'1100100010001111 for cells of type $lut.
Using template $paramod\$lut\WIDTH=4\LUT=16'1110111000001111 for cells of type $lut.
Using template $paramod\$lut\WIDTH=4\LUT=16'0000001100000101 for cells of type $lut.
Using template $paramod\$lut\WIDTH=3\LUT=8'11101111 for cells of type $lut.
Using template $paramod\$lut\WIDTH=4\LUT=16'1110101100000000 for cells of type $lut.
Using template $paramod\$lut\WIDTH=4\LUT=16'1111000001110111 for cells of type $lut.
Using template $paramod\$lut\WIDTH=4\LUT=16'1111100010001000 for cells of type $lut.
Using template $paramod\$lut\WIDTH=4\LUT=16'0100111100000000 for cells of type $lut.
Using template $paramod\$lut\WIDTH=3\LUT=8'10110000 for cells of type $lut.
Using template $paramod\$lut\WIDTH=3\LUT=8'11110100 for cells of type $lut.
Using template $paramod\$lut\WIDTH=4\LUT=16'0001000111110000 for cells of type $lut.
Using template $paramod\$lut\WIDTH=4\LUT=16'0011101000000000 for cells of type $lut.
Using template $paramod\$lut\WIDTH=4\LUT=16'1111001011111111 for cells of type $lut.
Using template $paramod\$lut\WIDTH=3\LUT=8'00111010 for cells of type $lut.
Using template $paramod\$lut\WIDTH=4\LUT=16'0000000100000000 for cells of type $lut.
Using template $paramod\$lut\WIDTH=4\LUT=16'0101001100000000 for cells of type $lut.
Using template $paramod\$lut\WIDTH=3\LUT=8'01001111 for cells of type $lut.
Using template $paramod\$lut\WIDTH=1\LUT=2'01 for cells of type $lut.
Using template $paramod\$lut\WIDTH=4\LUT=16'0001001100111111 for cells of type $lut.
Using template $paramod\$lut\WIDTH=4\LUT=16'0100010011110000 for cells of type $lut.
Using template $paramod\$lut\WIDTH=4\LUT=16'1001000000001001 for cells of type $lut.
Using template $paramod\$lut\WIDTH=4\LUT=16'0110111111111111 for cells of type $lut.
Using template $paramod\$lut\WIDTH=4\LUT=16'0000000000011111 for cells of type $lut.
Using template $paramod\$lut\WIDTH=4\LUT=16'1110100010001000 for cells of type $lut.
Using template $paramod\$lut\WIDTH=4\LUT=16'1000011101111000 for cells of type $lut.
Using template $paramod\$lut\WIDTH=2\LUT=4'1000 for cells of type $lut.
Using template $paramod\$lut\WIDTH=2\LUT=4'0110 for cells of type $lut.
Using template $paramod\$lut\WIDTH=4\LUT=16'0011001100111010 for cells of type $lut.
Using template $paramod\$lut\WIDTH=3\LUT=8'11111110 for cells of type $lut.
Using template $paramod\$lut\WIDTH=3\LUT=8'10111111 for cells of type $lut.
Using template $paramod\$lut\WIDTH=4\LUT=16'1111010000000000 for cells of type $lut.
Using template $paramod\$lut\WIDTH=4\LUT=16'1000000000000000 for cells of type $lut.
Using template $paramod\$lut\WIDTH=4\LUT=16'0111111111111111 for cells of type $lut.
Using template $paramod\$lut\WIDTH=2\LUT=4'1011 for cells of type $lut.
Using template $paramod\$lut\WIDTH=4\LUT=16'1111111111110010 for cells of type $lut.
Using template $paramod\$lut\WIDTH=2\LUT=4'1110 for cells of type $lut.
Using template $paramod\$lut\WIDTH=4\LUT=16'1110111100000000 for cells of type $lut.
Using template $paramod\$lut\WIDTH=4\LUT=16'0000000001111111 for cells of type $lut.
Using template $paramod\$lut\WIDTH=4\LUT=16'0000000001001111 for cells of type $lut.
Using template $paramod\$lut\WIDTH=3\LUT=8'10010110 for cells of type $lut.
Using template $paramod\$lut\WIDTH=4\LUT=16'0000110000001010 for cells of type $lut.
Using template $paramod\$lut\WIDTH=4\LUT=16'1011101100001111 for cells of type $lut.
Using template $paramod\$lut\WIDTH=4\LUT=16'1010110000000000 for cells of type $lut.
Using template $paramod\$lut\WIDTH=4\LUT=16'0111000001110111 for cells of type $lut.
Using template $paramod\$lut\WIDTH=4\LUT=16'1100010100000000 for cells of type $lut.
Using template $paramod\$lut\WIDTH=4\LUT=16'1111000001000100 for cells of type $lut.
Using template $paramod\$lut\WIDTH=4\LUT=16'0000000010111111 for cells of type $lut.
Using template $paramod\$lut\WIDTH=4\LUT=16'1111100011111111 for cells of type $lut.
Using template $paramod\$lut\WIDTH=3\LUT=8'01111111 for cells of type $lut.
Using template $paramod\$lut\WIDTH=3\LUT=8'10000000 for cells of type $lut.
Using template $paramod\$lut\WIDTH=4\LUT=16'1111111000000000 for cells of type $lut.
Using template $paramod\$lut\WIDTH=3\LUT=8'00000111 for cells of type $lut.
Using template $paramod\$lut\WIDTH=4\LUT=16'1111111111111000 for cells of type $lut.
Using template $paramod\$lut\WIDTH=4\LUT=16'1011000010111011 for cells of type $lut.
Using template $paramod\$lut\WIDTH=4\LUT=16'1000100011110000 for cells of type $lut.
Using template $paramod\$lut\WIDTH=4\LUT=16'0000000011110001 for cells of type $lut.
Using template $paramod\$lut\WIDTH=2\LUT=4'0111 for cells of type $lut.
Using template $paramod\$lut\WIDTH=3\LUT=8'11010000 for cells of type $lut.
Using template $paramod\$lut\WIDTH=3\LUT=8'11000101 for cells of type $lut.
Using template $paramod\$lut\WIDTH=4\LUT=16'0000000000001101 for cells of type $lut.
Using template $paramod\$lut\WIDTH=4\LUT=16'0011010111111111 for cells of type $lut.
Using template $paramod\$lut\WIDTH=4\LUT=16'1100111111110101 for cells of type $lut.
Using template $paramod\$lut\WIDTH=3\LUT=8'10001111 for cells of type $lut.
Using template $paramod\$lut\WIDTH=4\LUT=16'1110000000000000 for cells of type $lut.
Using template $paramod\$lut\WIDTH=4\LUT=16'1111111100001011 for cells of type $lut.
Using template $paramod\$lut\WIDTH=4\LUT=16'1000111110001000 for cells of type $lut.
Using template $paramod\$lut\WIDTH=4\LUT=16'0000101000001100 for cells of type $lut.
Using template $paramod\$lut\WIDTH=4\LUT=16'0000101111111111 for cells of type $lut.
Using template $paramod\$lut\WIDTH=4\LUT=16'0000000011110100 for cells of type $lut.
Using template $paramod\$lut\WIDTH=4\LUT=16'1110000011111111 for cells of type $lut.
Using template $paramod\$lut\WIDTH=4\LUT=16'1100101011111111 for cells of type $lut.
Using template $paramod\$lut\WIDTH=4\LUT=16'1111010011111111 for cells of type $lut.
Using template $paramod\$lut\WIDTH=4\LUT=16'0000111110111011 for cells of type $lut.
Using template $paramod\$lut\WIDTH=4\LUT=16'0000111011101110 for cells of type $lut.
Using template $paramod\$lut\WIDTH=4\LUT=16'1011000011111111 for cells of type $lut.
Using template $paramod\$lut\WIDTH=4\LUT=16'1111101011111100 for cells of type $lut.
Using template $paramod\$lut\WIDTH=4\LUT=16'0100000000110111 for cells of type $lut.
Using template $paramod\$lut\WIDTH=4\LUT=16'1010110011001100 for cells of type $lut.
Using template $paramod\$lut\WIDTH=4\LUT=16'0000000011101111 for cells of type $lut.
Using template $paramod\$lut\WIDTH=4\LUT=16'1010001111001100 for cells of type $lut.
Using template $paramod\$lut\WIDTH=4\LUT=16'0101010100111100 for cells of type $lut.
Using template $paramod\$lut\WIDTH=2\LUT=4'1001 for cells of type $lut.
Using template $paramod\$lut\WIDTH=4\LUT=16'0000000011111000 for cells of type $lut.
Using template $paramod\$lut\WIDTH=4\LUT=16'0000111110001000 for cells of type $lut.
Using template $paramod\$lut\WIDTH=4\LUT=16'0000111111101110 for cells of type $lut.
Using template $paramod\$lut\WIDTH=4\LUT=16'0011011101110000 for cells of type $lut.
Using template $paramod\$lut\WIDTH=4\LUT=16'1111111011111111 for cells of type $lut.
Using template $paramod\$lut\WIDTH=4\LUT=16'0000000011101011 for cells of type $lut.
Using template $paramod\$lut\WIDTH=4\LUT=16'1111111110000000 for cells of type $lut.
Using template $paramod\$lut\WIDTH=4\LUT=16'0001111100000000 for cells of type $lut.
Using template $paramod\$lut\WIDTH=4\LUT=16'1111111110110000 for cells of type $lut.
Using template $paramod\$lut\WIDTH=4\LUT=16'1011000000000000 for cells of type $lut.
Using template $paramod\$lut\WIDTH=3\LUT=8'00001011 for cells of type $lut.
Using template $paramod\$lut\WIDTH=4\LUT=16'1111100000000000 for cells of type $lut.
Using template $paramod\$lut\WIDTH=4\LUT=16'0000111000000000 for cells of type $lut.
Using template $paramod\$lut\WIDTH=3\LUT=8'11110001 for cells of type $lut.
No more expansions possible.
<suppressed ~3075 debug messages>
Removed 0 unused cells and 3334 unused wires.

4.44. Executing HIERARCHY pass (managing design hierarchy).

4.44.1. Analyzing design hierarchy..
Top module:  \picorv32_baseline_a_wrapper

4.44.2. Analyzing design hierarchy..
Top module:  \picorv32_baseline_a_wrapper
Removed 0 unused modules.

4.45. Printing statistics.

=== picorv32_baseline_a_wrapper ===

   Number of wires:               2028
   Number of wire bits:           4804
   Number of public wires:         189
   Number of public wire bits:    2331
   Number of memories:               0
   Number of memory bits:            0
   Number of processes:              0
   Number of cells:               3408
     SB_CARRY                      424
     SB_DFF                        119
     SB_DFFE                       345
     SB_DFFESR                     314
     SB_DFFESS                       9
     SB_DFFSR                      106
     SB_DFFSS                        1
     SB_LUT4                      2086
     SB_RAM40_4K                     4

4.46. Executing CHECK pass (checking for obvious problems).
checking module picorv32_baseline_a_wrapper..
found and reported 0 problems.

4.47. Executing BLIF backend.

4.48. Executing JSON backend.
End of script. Logfile hash: b4abd82634
CPU: user 7.16s system 0.05s, MEM: 56.76 MB total, 51.44 MB resident
Yosys 0.9 (git sha1 1979e0b)
Time spent: 22% 25x opt_clean (1 sec), 19% 27x opt_expr (1 sec), ...
