
 /----------------------------------------------------------------------------\
 |                                                                            |
 |  yosys -- Yosys Open SYnthesis Suite                                       |
 |                                                                            |
 |  Copyright (C) 2012 - 2019  Clifford Wolf <clifford@clifford.at>           |
 |                                                                            |
 |  Permission to use, copy, modify, and/or distribute this software for any  |
 |  purpose with or without fee is hereby granted, provided that the above    |
 |  copyright notice and this permission notice appear in all copies.         |
 |                                                                            |
 |  THE SOFTWARE IS PROVIDED "AS IS" AND THE AUTHOR DISCLAIMS ALL WARRANTIES  |
 |  WITH REGARD TO THIS SOFTWARE INCLUDING ALL IMPLIED WARRANTIES OF          |
 |  MERCHANTABILITY AND FITNESS. IN NO EVENT SHALL THE AUTHOR BE LIABLE FOR   |
 |  ANY SPECIAL, DIRECT, INDIRECT, OR CONSEQUENTIAL DAMAGES OR ANY DAMAGES    |
 |  WHATSOEVER RESULTING FROM LOSS OF USE, DATA OR PROFITS, WHETHER IN AN     |
 |  ACTION OF CONTRACT, NEGLIGENCE OR OTHER TORTIOUS ACTION, ARISING OUT OF   |
 |  OR IN CONNECTION WITH THE USE OR PERFORMANCE OF THIS SOFTWARE.            |
 |                                                                            |
 \----------------------------------------------------------------------------/

 Yosys 0.9 (git sha1 1979e0b)


-- Parsing `icebreaker_fit.v' using frontend `verilog' --

1. Executing Verilog-2005 frontend: icebreaker_fit.v
Parsing Verilog input from `icebreaker_fit.v' to AST representation.
Generating RTLIL representation for module `\icebreaker_fit'.
Successfully finished Verilog frontend.

-- Parsing `ice40up5k_spram.v' using frontend `verilog' --

2. Executing Verilog-2005 frontend: ice40up5k_spram.v
Parsing Verilog input from `ice40up5k_spram.v' to AST representation.
Generating RTLIL representation for module `\ice40up5k_spram'.
Successfully finished Verilog frontend.

-- Parsing `spimemio.v' using frontend `verilog' --

3. Executing Verilog-2005 frontend: spimemio.v
Parsing Verilog input from `spimemio.v' to AST representation.
Generating RTLIL representation for module `\spimemio'.
Generating RTLIL representation for module `\spimemio_xfer'.
Successfully finished Verilog frontend.

-- Parsing `simpleuart.v' using frontend `verilog' --

4. Executing Verilog-2005 frontend: simpleuart.v
Parsing Verilog input from `simpleuart.v' to AST representation.
Generating RTLIL representation for module `\simpleuart'.
Successfully finished Verilog frontend.

-- Parsing `picosoc.v' using frontend `verilog' --

5. Executing Verilog-2005 frontend: picosoc.v
Parsing Verilog input from `picosoc.v' to AST representation.
Generating RTLIL representation for module `\picosoc'.
Generating RTLIL representation for module `\picosoc_regs'.
Generating RTLIL representation for module `\picosoc_mem'.
Successfully finished Verilog frontend.

-- Parsing `../picorv32.v' using frontend `verilog' --

6. Executing Verilog-2005 frontend: ../picorv32.v
Parsing Verilog input from `../picorv32.v' to AST representation.
Generating RTLIL representation for module `\picorv32'.
Generating RTLIL representation for module `\picorv32_regs'.
Generating RTLIL representation for module `\picorv32_pcpi_mul'.
Generating RTLIL representation for module `\picorv32_pcpi_fast_mul'.
Generating RTLIL representation for module `\picorv32_pcpi_div'.
Generating RTLIL representation for module `\picorv32_axi'.
Generating RTLIL representation for module `\picorv32_axi_adapter'.
Generating RTLIL representation for module `\picorv32_wb'.
Successfully finished Verilog frontend.

-- Running command `synth_ice40 -dsp -top icebreaker_fit -json icebreaker_fit.json' --

7. Executing SYNTH_ICE40 pass.

7.1. Executing Verilog-2005 frontend: /usr/bin/../share/yosys/ice40/cells_sim.v
Parsing Verilog input from `/usr/bin/../share/yosys/ice40/cells_sim.v' to AST representation.
Generating RTLIL representation for module `\SB_IO'.
Generating RTLIL representation for module `\SB_GB_IO'.
Generating RTLIL representation for module `\SB_GB'.
Generating RTLIL representation for module `\SB_LUT4'.
Generating RTLIL representation for module `\SB_CARRY'.
Generating RTLIL representation for module `\SB_DFF'.
Generating RTLIL representation for module `\SB_DFFE'.
Generating RTLIL representation for module `\SB_DFFSR'.
Generating RTLIL representation for module `\SB_DFFR'.
Generating RTLIL representation for module `\SB_DFFSS'.
Generating RTLIL representation for module `\SB_DFFS'.
Generating RTLIL representation for module `\SB_DFFESR'.
Generating RTLIL representation for module `\SB_DFFER'.
Generating RTLIL representation for module `\SB_DFFESS'.
Generating RTLIL representation for module `\SB_DFFES'.
Generating RTLIL representation for module `\SB_DFFN'.
Generating RTLIL representation for module `\SB_DFFNE'.
Generating RTLIL representation for module `\SB_DFFNSR'.
Generating RTLIL representation for module `\SB_DFFNR'.
Generating RTLIL representation for module `\SB_DFFNSS'.
Generating RTLIL representation for module `\SB_DFFNS'.
Generating RTLIL representation for module `\SB_DFFNESR'.
Generating RTLIL representation for module `\SB_DFFNER'.
Generating RTLIL representation for module `\SB_DFFNESS'.
Generating RTLIL representation for module `\SB_DFFNES'.
Generating RTLIL representation for module `\SB_RAM40_4K'.
Generating RTLIL representation for module `\SB_RAM40_4KNR'.
Generating RTLIL representation for module `\SB_RAM40_4KNW'.
Generating RTLIL representation for module `\SB_RAM40_4KNRNW'.
Generating RTLIL representation for module `\ICESTORM_LC'.
Generating RTLIL representation for module `\SB_PLL40_CORE'.
Generating RTLIL representation for module `\SB_PLL40_PAD'.
Generating RTLIL representation for module `\SB_PLL40_2_PAD'.
Generating RTLIL representation for module `\SB_PLL40_2F_CORE'.
Generating RTLIL representation for module `\SB_PLL40_2F_PAD'.
Generating RTLIL representation for module `\SB_WARMBOOT'.
Generating RTLIL representation for module `\SB_SPRAM256KA'.
Generating RTLIL representation for module `\SB_HFOSC'.
Generating RTLIL representation for module `\SB_LFOSC'.
Generating RTLIL representation for module `\SB_RGBA_DRV'.
Generating RTLIL representation for module `\SB_LED_DRV_CUR'.
Generating RTLIL representation for module `\SB_RGB_DRV'.
Generating RTLIL representation for module `\SB_I2C'.
Generating RTLIL representation for module `\SB_SPI'.
Generating RTLIL representation for module `\SB_LEDDA_IP'.
Generating RTLIL representation for module `\SB_FILTER_50NS'.
Generating RTLIL representation for module `\SB_IO_I3C'.
Generating RTLIL representation for module `\SB_IO_OD'.
Generating RTLIL representation for module `\SB_MAC16'.
Successfully finished Verilog frontend.

7.2. Executing HIERARCHY pass (managing design hierarchy).

7.2.1. Analyzing design hierarchy..
Top module:  \icebreaker_fit
Used module:     \picosoc
Used module:         \ice40up5k_spram
Used module:         \simpleuart
Used module:         \spimemio
Used module:             \spimemio_xfer
Used module:         \picorv32
Used module:             \picosoc_regs

7.2.2. Executing AST frontend in derive mode using pre-parsed AST for module `\picosoc'.
Parameter \BARREL_SHIFTER = 0
Parameter \ENABLE_MUL = 0
Parameter \ENABLE_DIV = 0
Parameter \ENABLE_FAST_MUL = 0
Parameter \ENABLE_COMPRESSED = 1
Parameter \ENABLE_COUNTERS = 0
Parameter \MEM_WORDS = 32768
Generating RTLIL representation for module `$paramod$21c61e80717ca2e66adc5df3965c888362114d98\picosoc'.

7.2.3. Executing AST frontend in derive mode using pre-parsed AST for module `\ice40up5k_spram'.
Parameter \WORDS = 256
Generating RTLIL representation for module `$paramod\ice40up5k_spram\WORDS=256'.

7.2.4. Executing AST frontend in derive mode using pre-parsed AST for module `\picorv32'.
Parameter \ENABLE_COUNTERS = 1'1
Parameter \BARREL_SHIFTER = 1'1
Parameter \COMPRESSED_ISA = 1'1
Parameter \ENABLE_MUL = 1'1
Parameter \ENABLE_FAST_MUL = 1'0
Parameter \ENABLE_DIV = 1'1
Parameter \ENABLE_IRQ = 1
Parameter \ENABLE_IRQ_QREGS = 1'0
Parameter \PROGADDR_RESET = 1048576
Parameter \PROGADDR_IRQ = 0
Parameter \STACKADDR = 1024
Generating RTLIL representation for module `$paramod$ac3521c4456789bf0b10e610b02d4054dc186c46\picorv32'.

7.2.5. Analyzing design hierarchy..
Top module:  \icebreaker_fit
Used module:     $paramod$21c61e80717ca2e66adc5df3965c888362114d98\picosoc
Used module:         \ice40up5k_spram
Used module:         \simpleuart
Used module:         \spimemio
Used module:             \spimemio_xfer
Used module:         \picorv32
Used module:             \picosoc_regs

7.2.6. Executing AST frontend in derive mode using pre-parsed AST for module `\ice40up5k_spram'.
Parameter \WORDS = 32768
Generating RTLIL representation for module `$paramod\ice40up5k_spram\WORDS=32768'.

7.2.7. Executing AST frontend in derive mode using pre-parsed AST for module `\picorv32'.
Parameter \ENABLE_COUNTERS = 1'0
Parameter \BARREL_SHIFTER = 1'0
Parameter \COMPRESSED_ISA = 1'1
Parameter \ENABLE_MUL = 1'0
Parameter \ENABLE_FAST_MUL = 1'0
Parameter \ENABLE_DIV = 1'0
Parameter \ENABLE_IRQ = 1
Parameter \ENABLE_IRQ_QREGS = 1'0
Parameter \PROGADDR_RESET = 1048576
Parameter \PROGADDR_IRQ = 0
Parameter \STACKADDR = 131072
Generating RTLIL representation for module `$paramod$7320b8a83360465d538191f517974ae649b97b3b\picorv32'.

7.2.8. Analyzing design hierarchy..
Top module:  \icebreaker_fit
Used module:     $paramod$21c61e80717ca2e66adc5df3965c888362114d98\picosoc
Used module:         $paramod\ice40up5k_spram\WORDS=32768
Used module:         \simpleuart
Used module:         \spimemio
Used module:             \spimemio_xfer
Used module:         $paramod$7320b8a83360465d538191f517974ae649b97b3b\picorv32
Used module:             \picosoc_regs

7.2.9. Analyzing design hierarchy..
Top module:  \icebreaker_fit
Used module:     $paramod$21c61e80717ca2e66adc5df3965c888362114d98\picosoc
Used module:         $paramod\ice40up5k_spram\WORDS=32768
Used module:         \simpleuart
Used module:         \spimemio
Used module:             \spimemio_xfer
Used module:         $paramod$7320b8a83360465d538191f517974ae649b97b3b\picorv32
Used module:             \picosoc_regs
Removing unused module `$paramod$ac3521c4456789bf0b10e610b02d4054dc186c46\picorv32'.
Removing unused module `$paramod\ice40up5k_spram\WORDS=256'.
Removing unused module `\picorv32_wb'.
Removing unused module `\picorv32_axi_adapter'.
Removing unused module `\picorv32_axi'.
Removing unused module `\picorv32_pcpi_div'.
Removing unused module `\picorv32_pcpi_fast_mul'.
Removing unused module `\picorv32_pcpi_mul'.
Removing unused module `\picorv32_regs'.
Removing unused module `\picorv32'.
Removing unused module `\picosoc_mem'.
Removing unused module `\picosoc'.
Removing unused module `\ice40up5k_spram'.
Removed 13 unused modules.

7.3. Executing PROC pass (convert processes to netlists).

7.3.1. Executing PROC_CLEAN pass (remove empty switches from decision trees).
Found and cleaned up 14 empty switches in `$paramod$7320b8a83360465d538191f517974ae649b97b3b\picorv32.$proc$../picorv32.v:1435$2356'.
Found and cleaned up 1 empty switch in `$paramod$7320b8a83360465d538191f517974ae649b97b3b\picorv32.$proc$../picorv32.v:1420$2342'.
Found and cleaned up 6 empty switches in `$paramod$7320b8a83360465d538191f517974ae649b97b3b\picorv32.$proc$../picorv32.v:561$1982'.
Removing empty process `$paramod$7320b8a83360465d538191f517974ae649b97b3b\picorv32.$proc$../picorv32.v:561$1982'.
Cleaned up 21 empty switches.

7.3.2. Executing PROC_RMDEAD pass (remove dead branches from decision trees).
Marked 37 switch rules as full_case in process $proc$../picorv32.v:1435$2356 in module $paramod$7320b8a83360465d538191f517974ae649b97b3b\picorv32.
Marked 2 switch rules as full_case in process $proc$../picorv32.v:1342$2325 in module $paramod$7320b8a83360465d538191f517974ae649b97b3b\picorv32.
Marked 2 switch rules as full_case in process $proc$../picorv32.v:1328$2320 in module $paramod$7320b8a83360465d538191f517974ae649b97b3b\picorv32.
Marked 8 switch rules as full_case in process $proc$../picorv32.v:1201$2285 in module $paramod$7320b8a83360465d538191f517974ae649b97b3b\picorv32.
Marked 3 switch rules as full_case in process $proc$../picorv32.v:873$2022 in module $paramod$7320b8a83360465d538191f517974ae649b97b3b\picorv32.
Marked 3 switch rules as full_case in process $proc$../picorv32.v:824$2020 in module $paramod$7320b8a83360465d538191f517974ae649b97b3b\picorv32.
Marked 2 switch rules as full_case in process $proc$../picorv32.v:793$2016 in module $paramod$7320b8a83360465d538191f517974ae649b97b3b\picorv32.
Marked 48 switch rules as full_case in process $proc$../picorv32.v:716$2015 in module $paramod$7320b8a83360465d538191f517974ae649b97b3b\picorv32.
Marked 4 switch rules as full_case in process $proc$../picorv32.v:580$1991 in module $paramod$7320b8a83360465d538191f517974ae649b97b3b\picorv32.
Marked 1 switch rules as full_case in process $proc$../picorv32.v:445$1951 in module $paramod$7320b8a83360465d538191f517974ae649b97b3b\picorv32.
Removed 2 dead cases from process $proc$../picorv32.v:416$1948 in module $paramod$7320b8a83360465d538191f517974ae649b97b3b\picorv32.
Marked 2 switch rules as full_case in process $proc$../picorv32.v:416$1948 in module $paramod$7320b8a83360465d538191f517974ae649b97b3b\picorv32.
Marked 1 switch rules as full_case in process $proc$../picorv32.v:405$1943 in module $paramod$7320b8a83360465d538191f517974ae649b97b3b\picorv32.
Marked 1 switch rules as full_case in process $proc$../picorv32.v:340$1869 in module $paramod$7320b8a83360465d538191f517974ae649b97b3b\picorv32.
Marked 3 switch rules as full_case in process $proc$simpleuart.v:109$136 in module simpleuart.
Marked 2 switch rules as full_case in process $proc$simpleuart.v:66$127 in module simpleuart.
Marked 1 switch rules as full_case in process $proc$simpleuart.v:55$125 in module simpleuart.
Marked 2 switch rules as full_case in process $proc$spimemio.v:535$105 in module spimemio_xfer.
Marked 5 switch rules as full_case in process $proc$spimemio.v:447$81 in module spimemio_xfer.
Marked 3 switch rules as full_case in process $proc$spimemio.v:207$51 in module spimemio.
Marked 1 switch rules as full_case in process $proc$spimemio.v:99$29 in module spimemio.
Marked 1 switch rules as full_case in process $proc$icebreaker_fit.v:71$7 in module icebreaker_fit.
Removed a total of 2 dead cases.

7.3.3. Executing PROC_INIT pass (extract init attributes).
Found init rule in `\icebreaker_fit.$proc$icebreaker_fit.v:31$13'.
  Set init value: \reset_cnt = 6'000000

7.3.4. Executing PROC_ARST pass (detect async resets in processes).

7.3.5. Executing PROC_MUX pass (convert decision trees to multiplexers).
Creating decoders for process `$paramod$7320b8a83360465d538191f517974ae649b97b3b\picorv32.$proc$../picorv32.v:1435$2356'.
     1/93: $20\next_irq_pending[2:2]
     2/93: $19\next_irq_pending[2:2]
     3/93: $18\next_irq_pending[2:2]
     4/93: $17\next_irq_pending[2:2]
     5/93: $16\next_irq_pending[2:2]
     6/93: $15\next_irq_pending[2:2]
     7/93: $14\next_irq_pending[2:2]
     8/93: $13\next_irq_pending[0:0]
     9/93: $12\next_irq_pending[0:0]
    10/93: $11\next_irq_pending[31:0] [0]
    11/93: $11\next_irq_pending[31:0] [31:1]
    12/93: $2\next_irq_pending[31:0] [31:2]
    13/93: $3\set_mem_do_rdata[0:0]
    14/93: $2\next_irq_pending[31:0] [1]
    15/93: $3\set_mem_do_wdata[0:0]
    16/93: $2\next_irq_pending[31:0] [0]
    17/93: $4\set_mem_do_rinst[0:0]
    18/93: $3\set_mem_do_rinst[0:0]
    19/93: $4\set_mem_do_wdata[0:0]
    20/93: $9\next_irq_pending[1:1]
    21/93: $8\next_irq_pending[1:1]
    22/93: $7\next_irq_pending[1:1]
    23/93: $4\set_mem_do_rdata[0:0]
    24/93: $5\next_irq_pending[1:1]
    25/93: $4\next_irq_pending[1:1]
    26/93: $10\next_irq_pending[1:1]
    27/93: $5\set_mem_do_rinst[0:0]
    28/93: $6\next_irq_pending[1:1]
    29/93: $3\next_irq_pending[31:0]
    30/93: $3\current_pc[31:0]
    31/93: $2\current_pc[31:0]
    32/93: $2\set_mem_do_wdata[0:0]
    33/93: $2\set_mem_do_rdata[0:0]
    34/93: $2\set_mem_do_rinst[0:0]
    35/93: $1\next_irq_pending[31:0]
    36/93: $1\current_pc[31:0]
    37/93: $1\set_mem_do_wdata[0:0]
    38/93: $1\set_mem_do_rdata[0:0]
    39/93: $1\set_mem_do_rinst[0:0]
    40/93: $0\current_pc[31:0]
    41/93: $0\irq_pending[31:0]
    42/93: $0\next_irq_pending[31:0] [2]
    43/93: { $0\next_irq_pending[31:0] [31:3] $0\next_irq_pending[31:0] [1:0] }
    44/93: $0\set_mem_do_wdata[0:0]
    45/93: $0\set_mem_do_rdata[0:0]
    46/93: $0\set_mem_do_rinst[0:0]
    47/93: $0\trace_valid[0:0]
    48/93: $0\do_waitirq[0:0]
    49/93: $0\decoder_pseudo_trigger_q[0:0]
    50/93: $0\decoder_pseudo_trigger[0:0]
    51/93: $0\decoder_trigger_q[0:0]
    52/93: $0\decoder_trigger[0:0]
    53/93: $0\alu_wait_2[0:0]
    54/93: $0\alu_wait[0:0]
    55/93: $0\alu_out_q[31:0]
    56/93: $0\alu_out_0_q[0:0]
    57/93: $0\reg_out[31:0]
    58/93: $0\reg_sh[4:0]
    59/93: $0\trap[0:0]
    60/93: $0\pcpi_timeout[0:0]
    61/93: $0\latched_rd[4:0]
    62/93: $0\latched_is_lb[0:0]
    63/93: $0\latched_is_lh[0:0]
    64/93: $0\latched_is_lu[0:0]
    65/93: $0\latched_trace[0:0]
    66/93: $0\latched_compr[0:0]
    67/93: $0\latched_branch[0:0]
    68/93: $0\latched_stalu[0:0]
    69/93: $0\latched_store[0:0]
    70/93: $0\irq_state[1:0]
    71/93: $0\cpu_state[7:0]
    72/93: $0\dbg_rs2val_valid[0:0]
    73/93: $0\dbg_rs1val_valid[0:0]
    74/93: $0\dbg_rs2val[31:0]
    75/93: $0\dbg_rs1val[31:0]
    76/93: $0\mem_do_wdata[0:0]
    77/93: $0\mem_do_rdata[0:0]
    78/93: $0\mem_do_rinst[0:0]
    79/93: $0\mem_do_prefetch[0:0]
    80/93: $0\mem_wordsize[1:0]
    81/93: $0\timer[31:0]
    82/93: $0\irq_mask[31:0]
    83/93: $0\irq_active[0:0]
    84/93: $0\irq_delay[0:0]
    85/93: $0\reg_op2[31:0]
    86/93: $0\reg_op1[31:0]
    87/93: $0\reg_next_pc[31:0]
    88/93: $0\reg_pc[31:0]
    89/93: $0\count_instr[63:0]
    90/93: $0\count_cycle[63:0]
    91/93: $0\trace_data[35:0]
    92/93: $0\eoi[31:0]
    93/93: $0\pcpi_valid[0:0]
Creating decoders for process `$paramod$7320b8a83360465d538191f517974ae649b97b3b\picorv32.$proc$../picorv32.v:1420$2342'.
     1/5: $1\cpuregs_rs2[31:0]
     2/5: $1\cpuregs_rs1[31:0]
     3/5: $0\cpuregs_rs2[31:0]
     4/5: $0\cpuregs_rs1[31:0]
     5/5: $0\decoded_rs[4:0]
Creating decoders for process `$paramod$7320b8a83360465d538191f517974ae649b97b3b\picorv32.$proc$../picorv32.v:1342$2325'.
     1/6: $2\cpuregs_write[0:0]
     2/6: $2\cpuregs_wrdata[31:0]
     3/6: $1\cpuregs_wrdata[31:0]
     4/6: $1\cpuregs_write[0:0]
     5/6: $0\cpuregs_wrdata[31:0]
     6/6: $0\cpuregs_write[0:0]
Creating decoders for process `$paramod$7320b8a83360465d538191f517974ae649b97b3b\picorv32.$proc$../picorv32.v:1328$2320'.
     1/3: $2\clear_prefetched_high_word[0:0]
     2/3: $1\clear_prefetched_high_word[0:0]
     3/3: $0\clear_prefetched_high_word[0:0]
Creating decoders for process `$paramod$7320b8a83360465d538191f517974ae649b97b3b\picorv32.$proc$../picorv32.v:1326$2319'.
     1/1: $0\clear_prefetched_high_word_q[0:0]
Creating decoders for process `$paramod$7320b8a83360465d538191f517974ae649b97b3b\picorv32.$proc$../picorv32.v:1282$2297'.
     1/4: $1\alu_out[31:0]
     2/4: $1\alu_out_0[0:0]
     3/4: $0\alu_out[31:0]
     4/4: $0\alu_out_0[0:0]
Creating decoders for process `$paramod$7320b8a83360465d538191f517974ae649b97b3b\picorv32.$proc$../picorv32.v:1201$2285'.
     1/9: $8\dbg_ascii_state[127:0]
     2/9: $7\dbg_ascii_state[127:0]
     3/9: $6\dbg_ascii_state[127:0]
     4/9: $5\dbg_ascii_state[127:0]
     5/9: $4\dbg_ascii_state[127:0]
     6/9: $3\dbg_ascii_state[127:0]
     7/9: $2\dbg_ascii_state[127:0]
     8/9: $1\dbg_ascii_state[127:0]
     9/9: $0\dbg_ascii_state[127:0]
Creating decoders for process `$paramod$7320b8a83360465d538191f517974ae649b97b3b\picorv32.$proc$../picorv32.v:873$2022'.
     1/81: $0\decoded_rs1[4:0] [4]
     2/81: $0\decoded_imm_j[31:0] [10]
     3/81: $0\decoded_imm_j[31:0] [7]
     4/81: $0\decoded_imm_j[31:0] [6]
     5/81: $0\decoded_imm_j[31:0] [3:1]
     6/81: $0\decoded_imm_j[31:0] [5]
     7/81: $0\decoded_imm_j[31:0] [9:8]
     8/81: $0\decoded_imm_j[31:0] [31:20]
     9/81: $0\decoded_imm_j[31:0] [4]
    10/81: $0\decoded_imm_j[31:0] [11]
    11/81: $0\decoded_imm_j[31:0] [0]
    12/81: $0\decoded_rs1[4:0] [3:0]
    13/81: $0\is_lbu_lhu_lw[0:0]
    14/81: $0\is_sltiu_bltu_sltu[0:0]
    15/81: $0\is_slti_blt_slt[0:0]
    16/81: $0\is_lui_auipc_jal_jalr_addi_add_sub[0:0]
    17/81: $0\is_lui_auipc_jal[0:0]
    18/81: $0\is_alu_reg_reg[0:0]
    19/81: $0\is_alu_reg_imm[0:0]
    20/81: $0\is_beq_bne_blt_bge_bltu_bgeu[0:0]
    21/81: $0\is_sll_srl_sra[0:0]
    22/81: $0\is_sb_sh_sw[0:0]
    23/81: $0\is_jalr_addi_slti_sltiu_xori_ori_andi[0:0]
    24/81: $0\is_slli_srli_srai[0:0]
    25/81: $0\is_lb_lh_lw_lbu_lhu[0:0]
    26/81: $0\compressed_instr[0:0]
    27/81: $0\is_compare[0:0]
    28/81: $0\decoded_imm[31:0]
    29/81: $0\decoded_rs2[4:0]
    30/81: $0\decoded_imm_j[31:0] [19:12]
    31/81: $0\decoded_rd[4:0]
    32/81: $0\instr_timer[0:0]
    33/81: $0\instr_waitirq[0:0]
    34/81: $0\instr_maskirq[0:0]
    35/81: $0\instr_retirq[0:0]
    36/81: $0\instr_setq[0:0]
    37/81: $0\instr_getq[0:0]
    38/81: $0\instr_fence[0:0]
    39/81: $0\instr_ecall_ebreak[0:0]
    40/81: $0\instr_rdinstrh[0:0]
    41/81: $0\instr_rdinstr[0:0]
    42/81: $0\instr_rdcycleh[0:0]
    43/81: $0\instr_rdcycle[0:0]
    44/81: $0\instr_and[0:0]
    45/81: $0\instr_or[0:0]
    46/81: $0\instr_sra[0:0]
    47/81: $0\instr_srl[0:0]
    48/81: $0\instr_xor[0:0]
    49/81: $0\instr_sltu[0:0]
    50/81: $0\instr_slt[0:0]
    51/81: $0\instr_sll[0:0]
    52/81: $0\instr_sub[0:0]
    53/81: $0\instr_add[0:0]
    54/81: $0\instr_srai[0:0]
    55/81: $0\instr_srli[0:0]
    56/81: $0\instr_slli[0:0]
    57/81: $0\instr_andi[0:0]
    58/81: $0\instr_ori[0:0]
    59/81: $0\instr_xori[0:0]
    60/81: $0\instr_sltiu[0:0]
    61/81: $0\instr_slti[0:0]
    62/81: $0\instr_addi[0:0]
    63/81: $0\instr_sw[0:0]
    64/81: $0\instr_sh[0:0]
    65/81: $0\instr_sb[0:0]
    66/81: $0\instr_lhu[0:0]
    67/81: $0\instr_lbu[0:0]
    68/81: $0\instr_lw[0:0]
    69/81: $0\instr_lh[0:0]
    70/81: $0\instr_lb[0:0]
    71/81: $0\instr_bgeu[0:0]
    72/81: $0\instr_bltu[0:0]
    73/81: $0\instr_bge[0:0]
    74/81: $0\instr_blt[0:0]
    75/81: $0\instr_bne[0:0]
    76/81: $0\instr_beq[0:0]
    77/81: $0\instr_jalr[0:0]
    78/81: $0\instr_jal[0:0]
    79/81: $0\instr_auipc[0:0]
    80/81: $0\instr_lui[0:0]
    81/81: $0\pcpi_insn[31:0]
Creating decoders for process `$paramod$7320b8a83360465d538191f517974ae649b97b3b\picorv32.$proc$../picorv32.v:824$2020'.
     1/19: $3\dbg_insn_opcode[31:0]
     2/19: $2\dbg_insn_rd[4:0]
     3/19: $2\dbg_insn_rs2[4:0]
     4/19: $2\dbg_insn_rs1[4:0]
     5/19: $2\dbg_insn_opcode[31:0]
     6/19: $2\dbg_insn_imm[31:0]
     7/19: $2\dbg_ascii_instr[63:0]
     8/19: $1\dbg_insn_rd[4:0]
     9/19: $1\dbg_insn_rs2[4:0]
    10/19: $1\dbg_insn_rs1[4:0]
    11/19: $1\dbg_insn_imm[31:0]
    12/19: $1\dbg_ascii_instr[63:0]
    13/19: $1\dbg_insn_opcode[31:0]
    14/19: $0\dbg_insn_rd[4:0]
    15/19: $0\dbg_insn_rs2[4:0]
    16/19: $0\dbg_insn_rs1[4:0]
    17/19: $0\dbg_insn_imm[31:0]
    18/19: $0\dbg_ascii_instr[63:0]
    19/19: $0\dbg_insn_opcode[31:0]
Creating decoders for process `$paramod$7320b8a83360465d538191f517974ae649b97b3b\picorv32.$proc$../picorv32.v:793$2016'.
     1/15: $0\dbg_next[0:0]
     2/15: $0\q_insn_rd[4:0]
     3/15: $0\q_insn_rs2[4:0]
     4/15: $0\q_insn_rs1[4:0]
     5/15: $0\q_insn_opcode[31:0]
     6/15: $0\q_insn_imm[31:0]
     7/15: $0\q_ascii_instr[63:0]
     8/15: $0\cached_insn_rd[4:0]
     9/15: $0\cached_insn_rs2[4:0]
    10/15: $0\cached_insn_rs1[4:0]
    11/15: $0\cached_insn_opcode[31:0]
    12/15: $0\cached_insn_imm[31:0]
    13/15: $0\cached_ascii_instr[63:0]
    14/15: $0\dbg_valid_insn[0:0]
    15/15: $0\dbg_insn_addr[31:0]
Creating decoders for process `$paramod$7320b8a83360465d538191f517974ae649b97b3b\picorv32.$proc$../picorv32.v:716$2015'.
     1/49: $48\new_ascii_instr[63:0]
     2/49: $47\new_ascii_instr[63:0]
     3/49: $46\new_ascii_instr[63:0]
     4/49: $45\new_ascii_instr[63:0]
     5/49: $44\new_ascii_instr[63:0]
     6/49: $43\new_ascii_instr[63:0]
     7/49: $42\new_ascii_instr[63:0]
     8/49: $41\new_ascii_instr[63:0]
     9/49: $40\new_ascii_instr[63:0]
    10/49: $39\new_ascii_instr[63:0]
    11/49: $38\new_ascii_instr[63:0]
    12/49: $37\new_ascii_instr[63:0]
    13/49: $36\new_ascii_instr[63:0]
    14/49: $35\new_ascii_instr[63:0]
    15/49: $34\new_ascii_instr[63:0]
    16/49: $33\new_ascii_instr[63:0]
    17/49: $32\new_ascii_instr[63:0]
    18/49: $31\new_ascii_instr[63:0]
    19/49: $30\new_ascii_instr[63:0]
    20/49: $29\new_ascii_instr[63:0]
    21/49: $28\new_ascii_instr[63:0]
    22/49: $27\new_ascii_instr[63:0]
    23/49: $26\new_ascii_instr[63:0]
    24/49: $25\new_ascii_instr[63:0]
    25/49: $24\new_ascii_instr[63:0]
    26/49: $23\new_ascii_instr[63:0]
    27/49: $22\new_ascii_instr[63:0]
    28/49: $21\new_ascii_instr[63:0]
    29/49: $20\new_ascii_instr[63:0]
    30/49: $19\new_ascii_instr[63:0]
    31/49: $18\new_ascii_instr[63:0]
    32/49: $17\new_ascii_instr[63:0]
    33/49: $16\new_ascii_instr[63:0]
    34/49: $15\new_ascii_instr[63:0]
    35/49: $14\new_ascii_instr[63:0]
    36/49: $13\new_ascii_instr[63:0]
    37/49: $12\new_ascii_instr[63:0]
    38/49: $11\new_ascii_instr[63:0]
    39/49: $10\new_ascii_instr[63:0]
    40/49: $9\new_ascii_instr[63:0]
    41/49: $8\new_ascii_instr[63:0]
    42/49: $7\new_ascii_instr[63:0]
    43/49: $6\new_ascii_instr[63:0]
    44/49: $5\new_ascii_instr[63:0]
    45/49: $4\new_ascii_instr[63:0]
    46/49: $3\new_ascii_instr[63:0]
    47/49: $2\new_ascii_instr[63:0]
    48/49: $1\new_ascii_instr[63:0]
    49/49: $0\new_ascii_instr[63:0]
Creating decoders for process `$paramod$7320b8a83360465d538191f517974ae649b97b3b\picorv32.$proc$../picorv32.v:580$1991'.
     1/9: $0\mem_16bit_buffer[15:0]
     2/9: $0\prefetched_high_word[0:0]
     3/9: $0\mem_la_secondword[0:0]
     4/9: $0\mem_state[1:0]
     5/9: $0\mem_wstrb[3:0]
     6/9: $0\mem_wdata[31:0]
     7/9: $0\mem_addr[31:0]
     8/9: $0\mem_instr[0:0]
     9/9: $0\mem_valid[0:0]
Creating decoders for process `$paramod$7320b8a83360465d538191f517974ae649b97b3b\picorv32.$proc$../picorv32.v:1272$2531'.
     1/6: $0\alu_shr[31:0]
     2/6: $0\alu_shl[31:0]
     3/6: $0\alu_ltu[0:0]
     4/6: $0\alu_lts[0:0]
     5/6: $0\alu_eq[0:0]
     6/6: $0\alu_add_sub[31:0]
Creating decoders for process `$paramod$7320b8a83360465d538191f517974ae649b97b3b\picorv32.$proc$../picorv32.v:445$1951'.
     1/9: $0\mem_rdata_q[31:0] [31]
     2/9: $0\mem_rdata_q[31:0] [7]
     3/9: $0\mem_rdata_q[31:0] [24:20]
     4/9: $0\mem_rdata_q[31:0] [19:15]
     5/9: $0\mem_rdata_q[31:0] [6:0]
     6/9: $0\mem_rdata_q[31:0] [14:12]
     7/9: $0\mem_rdata_q[31:0] [11:8]
     8/9: $0\mem_rdata_q[31:0] [30:25]
     9/9: $0\next_insn_opcode[31:0]
Creating decoders for process `$paramod$7320b8a83360465d538191f517974ae649b97b3b\picorv32.$proc$../picorv32.v:416$1948'.
     1/8: $3\mem_rdata_word[31:0]
     2/8: $2\mem_rdata_word[31:0]
     3/8: $1\mem_rdata_word[31:0]
     4/8: $1\mem_la_wstrb[3:0]
     5/8: $1\mem_la_wdata[31:0]
     6/8: $0\mem_rdata_word[31:0]
     7/8: $0\mem_la_wdata[31:0]
     8/8: $0\mem_la_wstrb[3:0]
Creating decoders for process `$paramod$7320b8a83360465d538191f517974ae649b97b3b\picorv32.$proc$../picorv32.v:405$1943'.
     1/2: $0\last_mem_valid[0:0]
     2/2: $0\mem_la_firstword_reg[0:0]
Creating decoders for process `$paramod$7320b8a83360465d538191f517974ae649b97b3b\picorv32.$proc$../picorv32.v:340$1869'.
     1/6: $1\pcpi_int_rd[31:0]
     2/6: $1\pcpi_int_wr[0:0]
     3/6: $0\pcpi_int_rd[31:0]
     4/6: $0\pcpi_int_wr[0:0]
     5/6: $0\pcpi_int_ready[0:0]
     6/6: $0\pcpi_int_wait[0:0]
Creating decoders for process `$paramod$21c61e80717ca2e66adc5df3965c888362114d98\picosoc.$proc$picosoc.v:208$1134'.
     1/1: $0\ram_ready[0:0]
Creating decoders for process `$paramod$21c61e80717ca2e66adc5df3965c888362114d98\picosoc.$proc$picosoc.v:89$1101'.
     1/6: $0\irq[31:0] [7]
     2/6: $0\irq[31:0] [6]
     3/6: $0\irq[31:0] [5]
     4/6: $0\irq[31:0] [4]
     5/6: $0\irq[31:0] [3]
     6/6: { $0\irq[31:0] [31:8] $0\irq[31:0] [2:0] }
Creating decoders for process `\picosoc_regs.$proc$picosoc.v:236$191'.
     1/3: $0$memwr$\regs$picosoc.v:237$190_EN[31:0]$194
     2/3: $0$memwr$\regs$picosoc.v:237$190_DATA[31:0]$193
     3/3: $0$memwr$\regs$picosoc.v:237$190_ADDR[4:0]$192
Creating decoders for process `\simpleuart.$proc$simpleuart.v:109$136'.
     1/4: $0\send_divcnt[31:0]
     2/4: $0\send_dummy[0:0]
     3/4: $0\send_bitcnt[3:0]
     4/4: $0\send_pattern[9:0]
Creating decoders for process `\simpleuart.$proc$simpleuart.v:66$127'.
     1/5: $0\recv_buf_valid[0:0]
     2/5: $0\recv_buf_data[7:0]
     3/5: $0\recv_pattern[7:0]
     4/5: $0\recv_divcnt[31:0]
     5/5: $0\recv_state[3:0]
Creating decoders for process `\simpleuart.$proc$simpleuart.v:55$125'.
     1/4: $0\cfg_divider[31:0] [31:24]
     2/4: $0\cfg_divider[31:0] [23:16]
     3/4: $0\cfg_divider[31:0] [15:8]
     4/4: $0\cfg_divider[31:0] [7:0]
Creating decoders for process `\spimemio_xfer.$proc$spimemio.v:535$105'.
     1/14: $0\last_fetch[0:0]
     2/14: $0\fetch[0:0]
     3/14: $0\dummy_count[3:0]
     4/14: $0\count[3:0]
     5/14: $0\ibuffer[7:0]
     6/14: $0\obuffer[7:0]
     7/14: $0\xfer_tag[3:0]
     8/14: $0\xfer_rd[0:0]
     9/14: $0\xfer_cont[0:0]
    10/14: $0\xfer_qspi[0:0]
    11/14: $0\xfer_ddr[0:0]
    12/14: $0\xfer_dspi[0:0]
    13/14: $0\flash_clk[0:0]
    14/14: $0\flash_csb[0:0]
Creating decoders for process `\spimemio_xfer.$proc$spimemio.v:447$81'.
     1/45: $5\next_count[3:0]
     2/45: $5\next_obuffer[7:0]
     3/45: $5\next_ibuffer[7:0]
     4/45: $4\next_count[3:0]
     5/45: $4\next_obuffer[7:0]
     6/45: $4\next_ibuffer[7:0]
     7/45: $3\next_count[3:0]
     8/45: $3\next_obuffer[7:0]
     9/45: $3\next_ibuffer[7:0]
    10/45: $2\next_fetch[0:0]
    11/45: $2\next_count[3:0]
    12/45: $2\next_ibuffer[7:0]
    13/45: $2\next_obuffer[7:0]
    14/45: $2\flash_io0_do[0:0]
    15/45: $2\flash_io0_oe[0:0]
    16/45: $2\flash_io3_do[0:0]
    17/45: $2\flash_io3_oe[0:0]
    18/45: $2\flash_io2_do[0:0]
    19/45: $2\flash_io2_oe[0:0]
    20/45: $2\flash_io1_do[0:0]
    21/45: $2\flash_io1_oe[0:0]
    22/45: $1\next_fetch[0:0]
    23/45: $1\next_count[3:0]
    24/45: $1\next_ibuffer[7:0]
    25/45: $1\next_obuffer[7:0]
    26/45: $1\flash_io3_do[0:0]
    27/45: $1\flash_io3_oe[0:0]
    28/45: $1\flash_io2_do[0:0]
    29/45: $1\flash_io2_oe[0:0]
    30/45: $1\flash_io1_do[0:0]
    31/45: $1\flash_io1_oe[0:0]
    32/45: $1\flash_io0_do[0:0]
    33/45: $1\flash_io0_oe[0:0]
    34/45: $0\next_fetch[0:0]
    35/45: $0\next_count[3:0]
    36/45: $0\next_ibuffer[7:0]
    37/45: $0\next_obuffer[7:0]
    38/45: $0\flash_io3_do[0:0]
    39/45: $0\flash_io3_oe[0:0]
    40/45: $0\flash_io2_do[0:0]
    41/45: $0\flash_io2_oe[0:0]
    42/45: $0\flash_io1_do[0:0]
    43/45: $0\flash_io1_oe[0:0]
    44/45: $0\flash_io0_do[0:0]
    45/45: $0\flash_io0_oe[0:0]
Creating decoders for process `\spimemio_xfer.$proc$spimemio.v:436$72'.
     1/2: $0\xfer_tag_q[3:0]
     2/2: $0\xfer_ddr_q[0:0]
Creating decoders for process `\spimemio.$proc$spimemio.v:207$51'.
     1/17: $0\buffer[23:0] [23:16]
     2/17: $0\buffer[23:0] [15:8]
     3/17: $0\buffer[23:0] [7:0]
     4/17: $0\xfer_resetn[0:0]
     5/17: $0\state[3:0]
     6/17: $0\rd_inc[0:0]
     7/17: $0\rd_wait[0:0]
     8/17: $0\rd_valid[0:0]
     9/17: $0\rd_addr[23:0]
    10/17: $0\din_valid[0:0]
    11/17: $0\din_rd[0:0]
    12/17: $0\din_ddr[0:0]
    13/17: $0\din_qspi[0:0]
    14/17: $0\din_cont[0:0]
    15/17: $0\din_tag[3:0]
    16/17: $0\din_data[7:0]
    17/17: $0\rdata[31:0]
Creating decoders for process `\spimemio.$proc$spimemio.v:151$33'.
     1/4: $0\xfer_io3_90[0:0]
     2/4: $0\xfer_io2_90[0:0]
     3/4: $0\xfer_io1_90[0:0]
     4/4: $0\xfer_io0_90[0:0]
Creating decoders for process `\spimemio.$proc$spimemio.v:99$29'.
     1/10: $0\softreset[0:0]
     2/10: $0\config_do[3:0]
     3/10: $0\config_clk[0:0]
     4/10: $0\config_csb[0:0]
     5/10: $0\config_oe[3:0]
     6/10: $0\config_dummy[3:0]
     7/10: $0\config_cont[0:0]
     8/10: $0\config_qspi[0:0]
     9/10: $0\config_ddr[0:0]
    10/10: $0\config_en[0:0]
Creating decoders for process `\icebreaker_fit.$proc$icebreaker_fit.v:31$13'.
     1/1: $1\reset_cnt[5:0]
Creating decoders for process `\icebreaker_fit.$proc$icebreaker_fit.v:71$7'.
     1/6: $0\gpio[31:0] [31:24]
     2/6: $0\gpio[31:0] [23:16]
     3/6: $0\gpio[31:0] [15:8]
     4/6: $0\gpio[31:0] [7:0]
     5/6: $0\iomem_rdata[31:0]
     6/6: $0\iomem_ready[0:0]
Creating decoders for process `\icebreaker_fit.$proc$icebreaker_fit.v:34$2'.
     1/1: $0\reset_cnt[5:0]

7.3.6. Executing PROC_DLATCH pass (convert process syncs to latches).
No latch inferred for signal `$paramod$7320b8a83360465d538191f517974ae649b97b3b\picorv32.\cpuregs_rs1' from process `$paramod$7320b8a83360465d538191f517974ae649b97b3b\picorv32.$proc$../picorv32.v:1420$2342'.
No latch inferred for signal `$paramod$7320b8a83360465d538191f517974ae649b97b3b\picorv32.\cpuregs_rs2' from process `$paramod$7320b8a83360465d538191f517974ae649b97b3b\picorv32.$proc$../picorv32.v:1420$2342'.
No latch inferred for signal `$paramod$7320b8a83360465d538191f517974ae649b97b3b\picorv32.\decoded_rs' from process `$paramod$7320b8a83360465d538191f517974ae649b97b3b\picorv32.$proc$../picorv32.v:1420$2342'.
No latch inferred for signal `$paramod$7320b8a83360465d538191f517974ae649b97b3b\picorv32.\cpuregs_write' from process `$paramod$7320b8a83360465d538191f517974ae649b97b3b\picorv32.$proc$../picorv32.v:1342$2325'.
No latch inferred for signal `$paramod$7320b8a83360465d538191f517974ae649b97b3b\picorv32.\cpuregs_wrdata' from process `$paramod$7320b8a83360465d538191f517974ae649b97b3b\picorv32.$proc$../picorv32.v:1342$2325'.
No latch inferred for signal `$paramod$7320b8a83360465d538191f517974ae649b97b3b\picorv32.\clear_prefetched_high_word' from process `$paramod$7320b8a83360465d538191f517974ae649b97b3b\picorv32.$proc$../picorv32.v:1328$2320'.
No latch inferred for signal `$paramod$7320b8a83360465d538191f517974ae649b97b3b\picorv32.\alu_out' from process `$paramod$7320b8a83360465d538191f517974ae649b97b3b\picorv32.$proc$../picorv32.v:1282$2297'.
No latch inferred for signal `$paramod$7320b8a83360465d538191f517974ae649b97b3b\picorv32.\alu_out_0' from process `$paramod$7320b8a83360465d538191f517974ae649b97b3b\picorv32.$proc$../picorv32.v:1282$2297'.
No latch inferred for signal `$paramod$7320b8a83360465d538191f517974ae649b97b3b\picorv32.\dbg_ascii_state' from process `$paramod$7320b8a83360465d538191f517974ae649b97b3b\picorv32.$proc$../picorv32.v:1201$2285'.
No latch inferred for signal `$paramod$7320b8a83360465d538191f517974ae649b97b3b\picorv32.\dbg_insn_opcode' from process `$paramod$7320b8a83360465d538191f517974ae649b97b3b\picorv32.$proc$../picorv32.v:824$2020'.
No latch inferred for signal `$paramod$7320b8a83360465d538191f517974ae649b97b3b\picorv32.\dbg_ascii_instr' from process `$paramod$7320b8a83360465d538191f517974ae649b97b3b\picorv32.$proc$../picorv32.v:824$2020'.
No latch inferred for signal `$paramod$7320b8a83360465d538191f517974ae649b97b3b\picorv32.\dbg_insn_imm' from process `$paramod$7320b8a83360465d538191f517974ae649b97b3b\picorv32.$proc$../picorv32.v:824$2020'.
No latch inferred for signal `$paramod$7320b8a83360465d538191f517974ae649b97b3b\picorv32.\dbg_insn_rs1' from process `$paramod$7320b8a83360465d538191f517974ae649b97b3b\picorv32.$proc$../picorv32.v:824$2020'.
No latch inferred for signal `$paramod$7320b8a83360465d538191f517974ae649b97b3b\picorv32.\dbg_insn_rs2' from process `$paramod$7320b8a83360465d538191f517974ae649b97b3b\picorv32.$proc$../picorv32.v:824$2020'.
No latch inferred for signal `$paramod$7320b8a83360465d538191f517974ae649b97b3b\picorv32.\dbg_insn_rd' from process `$paramod$7320b8a83360465d538191f517974ae649b97b3b\picorv32.$proc$../picorv32.v:824$2020'.
No latch inferred for signal `$paramod$7320b8a83360465d538191f517974ae649b97b3b\picorv32.\new_ascii_instr' from process `$paramod$7320b8a83360465d538191f517974ae649b97b3b\picorv32.$proc$../picorv32.v:716$2015'.
No latch inferred for signal `$paramod$7320b8a83360465d538191f517974ae649b97b3b\picorv32.\alu_add_sub' from process `$paramod$7320b8a83360465d538191f517974ae649b97b3b\picorv32.$proc$../picorv32.v:1272$2531'.
No latch inferred for signal `$paramod$7320b8a83360465d538191f517974ae649b97b3b\picorv32.\alu_shl' from process `$paramod$7320b8a83360465d538191f517974ae649b97b3b\picorv32.$proc$../picorv32.v:1272$2531'.
No latch inferred for signal `$paramod$7320b8a83360465d538191f517974ae649b97b3b\picorv32.\alu_shr' from process `$paramod$7320b8a83360465d538191f517974ae649b97b3b\picorv32.$proc$../picorv32.v:1272$2531'.
No latch inferred for signal `$paramod$7320b8a83360465d538191f517974ae649b97b3b\picorv32.\alu_eq' from process `$paramod$7320b8a83360465d538191f517974ae649b97b3b\picorv32.$proc$../picorv32.v:1272$2531'.
No latch inferred for signal `$paramod$7320b8a83360465d538191f517974ae649b97b3b\picorv32.\alu_ltu' from process `$paramod$7320b8a83360465d538191f517974ae649b97b3b\picorv32.$proc$../picorv32.v:1272$2531'.
No latch inferred for signal `$paramod$7320b8a83360465d538191f517974ae649b97b3b\picorv32.\alu_lts' from process `$paramod$7320b8a83360465d538191f517974ae649b97b3b\picorv32.$proc$../picorv32.v:1272$2531'.
No latch inferred for signal `$paramod$7320b8a83360465d538191f517974ae649b97b3b\picorv32.\mem_la_wstrb' from process `$paramod$7320b8a83360465d538191f517974ae649b97b3b\picorv32.$proc$../picorv32.v:416$1948'.
No latch inferred for signal `$paramod$7320b8a83360465d538191f517974ae649b97b3b\picorv32.\mem_la_wdata' from process `$paramod$7320b8a83360465d538191f517974ae649b97b3b\picorv32.$proc$../picorv32.v:416$1948'.
No latch inferred for signal `$paramod$7320b8a83360465d538191f517974ae649b97b3b\picorv32.\mem_rdata_word' from process `$paramod$7320b8a83360465d538191f517974ae649b97b3b\picorv32.$proc$../picorv32.v:416$1948'.
No latch inferred for signal `$paramod$7320b8a83360465d538191f517974ae649b97b3b\picorv32.\pcpi_int_wr' from process `$paramod$7320b8a83360465d538191f517974ae649b97b3b\picorv32.$proc$../picorv32.v:340$1869'.
No latch inferred for signal `$paramod$7320b8a83360465d538191f517974ae649b97b3b\picorv32.\pcpi_int_rd' from process `$paramod$7320b8a83360465d538191f517974ae649b97b3b\picorv32.$proc$../picorv32.v:340$1869'.
No latch inferred for signal `$paramod$7320b8a83360465d538191f517974ae649b97b3b\picorv32.\pcpi_int_wait' from process `$paramod$7320b8a83360465d538191f517974ae649b97b3b\picorv32.$proc$../picorv32.v:340$1869'.
No latch inferred for signal `$paramod$7320b8a83360465d538191f517974ae649b97b3b\picorv32.\pcpi_int_ready' from process `$paramod$7320b8a83360465d538191f517974ae649b97b3b\picorv32.$proc$../picorv32.v:340$1869'.
No latch inferred for signal `$paramod$21c61e80717ca2e66adc5df3965c888362114d98\picosoc.\irq' from process `$paramod$21c61e80717ca2e66adc5df3965c888362114d98\picosoc.$proc$picosoc.v:89$1101'.
No latch inferred for signal `\spimemio_xfer.\flash_io0_oe' from process `\spimemio_xfer.$proc$spimemio.v:447$81'.
No latch inferred for signal `\spimemio_xfer.\flash_io0_do' from process `\spimemio_xfer.$proc$spimemio.v:447$81'.
No latch inferred for signal `\spimemio_xfer.\flash_io1_oe' from process `\spimemio_xfer.$proc$spimemio.v:447$81'.
No latch inferred for signal `\spimemio_xfer.\flash_io1_do' from process `\spimemio_xfer.$proc$spimemio.v:447$81'.
No latch inferred for signal `\spimemio_xfer.\flash_io2_oe' from process `\spimemio_xfer.$proc$spimemio.v:447$81'.
No latch inferred for signal `\spimemio_xfer.\flash_io2_do' from process `\spimemio_xfer.$proc$spimemio.v:447$81'.
No latch inferred for signal `\spimemio_xfer.\flash_io3_oe' from process `\spimemio_xfer.$proc$spimemio.v:447$81'.
No latch inferred for signal `\spimemio_xfer.\flash_io3_do' from process `\spimemio_xfer.$proc$spimemio.v:447$81'.
No latch inferred for signal `\spimemio_xfer.\next_obuffer' from process `\spimemio_xfer.$proc$spimemio.v:447$81'.
No latch inferred for signal `\spimemio_xfer.\next_ibuffer' from process `\spimemio_xfer.$proc$spimemio.v:447$81'.
No latch inferred for signal `\spimemio_xfer.\next_count' from process `\spimemio_xfer.$proc$spimemio.v:447$81'.
No latch inferred for signal `\spimemio_xfer.\next_fetch' from process `\spimemio_xfer.$proc$spimemio.v:447$81'.

7.3.7. Executing PROC_DFF pass (convert process syncs to FFs).
Creating register for signal `$paramod$7320b8a83360465d538191f517974ae649b97b3b\picorv32.\pcpi_valid' using process `$paramod$7320b8a83360465d538191f517974ae649b97b3b\picorv32.$proc$../picorv32.v:1435$2356'.
  created $dff cell `$procdff$6070' with positive edge clock.
Creating register for signal `$paramod$7320b8a83360465d538191f517974ae649b97b3b\picorv32.\trap' using process `$paramod$7320b8a83360465d538191f517974ae649b97b3b\picorv32.$proc$../picorv32.v:1435$2356'.
  created $dff cell `$procdff$6071' with positive edge clock.
Creating register for signal `$paramod$7320b8a83360465d538191f517974ae649b97b3b\picorv32.\eoi' using process `$paramod$7320b8a83360465d538191f517974ae649b97b3b\picorv32.$proc$../picorv32.v:1435$2356'.
  created $dff cell `$procdff$6072' with positive edge clock.
Creating register for signal `$paramod$7320b8a83360465d538191f517974ae649b97b3b\picorv32.\trace_valid' using process `$paramod$7320b8a83360465d538191f517974ae649b97b3b\picorv32.$proc$../picorv32.v:1435$2356'.
  created $dff cell `$procdff$6073' with positive edge clock.
Creating register for signal `$paramod$7320b8a83360465d538191f517974ae649b97b3b\picorv32.\trace_data' using process `$paramod$7320b8a83360465d538191f517974ae649b97b3b\picorv32.$proc$../picorv32.v:1435$2356'.
  created $dff cell `$procdff$6074' with positive edge clock.
Creating register for signal `$paramod$7320b8a83360465d538191f517974ae649b97b3b\picorv32.\count_cycle' using process `$paramod$7320b8a83360465d538191f517974ae649b97b3b\picorv32.$proc$../picorv32.v:1435$2356'.
  created $dff cell `$procdff$6075' with positive edge clock.
Creating register for signal `$paramod$7320b8a83360465d538191f517974ae649b97b3b\picorv32.\count_instr' using process `$paramod$7320b8a83360465d538191f517974ae649b97b3b\picorv32.$proc$../picorv32.v:1435$2356'.
  created $dff cell `$procdff$6076' with positive edge clock.
Creating register for signal `$paramod$7320b8a83360465d538191f517974ae649b97b3b\picorv32.\reg_pc' using process `$paramod$7320b8a83360465d538191f517974ae649b97b3b\picorv32.$proc$../picorv32.v:1435$2356'.
  created $dff cell `$procdff$6077' with positive edge clock.
Creating register for signal `$paramod$7320b8a83360465d538191f517974ae649b97b3b\picorv32.\reg_next_pc' using process `$paramod$7320b8a83360465d538191f517974ae649b97b3b\picorv32.$proc$../picorv32.v:1435$2356'.
  created $dff cell `$procdff$6078' with positive edge clock.
Creating register for signal `$paramod$7320b8a83360465d538191f517974ae649b97b3b\picorv32.\reg_op1' using process `$paramod$7320b8a83360465d538191f517974ae649b97b3b\picorv32.$proc$../picorv32.v:1435$2356'.
  created $dff cell `$procdff$6079' with positive edge clock.
Creating register for signal `$paramod$7320b8a83360465d538191f517974ae649b97b3b\picorv32.\reg_op2' using process `$paramod$7320b8a83360465d538191f517974ae649b97b3b\picorv32.$proc$../picorv32.v:1435$2356'.
  created $dff cell `$procdff$6080' with positive edge clock.
Creating register for signal `$paramod$7320b8a83360465d538191f517974ae649b97b3b\picorv32.\reg_out' using process `$paramod$7320b8a83360465d538191f517974ae649b97b3b\picorv32.$proc$../picorv32.v:1435$2356'.
  created $dff cell `$procdff$6081' with positive edge clock.
Creating register for signal `$paramod$7320b8a83360465d538191f517974ae649b97b3b\picorv32.\reg_sh' using process `$paramod$7320b8a83360465d538191f517974ae649b97b3b\picorv32.$proc$../picorv32.v:1435$2356'.
  created $dff cell `$procdff$6082' with positive edge clock.
Creating register for signal `$paramod$7320b8a83360465d538191f517974ae649b97b3b\picorv32.\irq_delay' using process `$paramod$7320b8a83360465d538191f517974ae649b97b3b\picorv32.$proc$../picorv32.v:1435$2356'.
  created $dff cell `$procdff$6083' with positive edge clock.
Creating register for signal `$paramod$7320b8a83360465d538191f517974ae649b97b3b\picorv32.\irq_active' using process `$paramod$7320b8a83360465d538191f517974ae649b97b3b\picorv32.$proc$../picorv32.v:1435$2356'.
  created $dff cell `$procdff$6084' with positive edge clock.
Creating register for signal `$paramod$7320b8a83360465d538191f517974ae649b97b3b\picorv32.\irq_mask' using process `$paramod$7320b8a83360465d538191f517974ae649b97b3b\picorv32.$proc$../picorv32.v:1435$2356'.
  created $dff cell `$procdff$6085' with positive edge clock.
Creating register for signal `$paramod$7320b8a83360465d538191f517974ae649b97b3b\picorv32.\irq_pending' using process `$paramod$7320b8a83360465d538191f517974ae649b97b3b\picorv32.$proc$../picorv32.v:1435$2356'.
  created $dff cell `$procdff$6086' with positive edge clock.
Creating register for signal `$paramod$7320b8a83360465d538191f517974ae649b97b3b\picorv32.\timer' using process `$paramod$7320b8a83360465d538191f517974ae649b97b3b\picorv32.$proc$../picorv32.v:1435$2356'.
  created $dff cell `$procdff$6087' with positive edge clock.
Creating register for signal `$paramod$7320b8a83360465d538191f517974ae649b97b3b\picorv32.\mem_wordsize' using process `$paramod$7320b8a83360465d538191f517974ae649b97b3b\picorv32.$proc$../picorv32.v:1435$2356'.
  created $dff cell `$procdff$6088' with positive edge clock.
Creating register for signal `$paramod$7320b8a83360465d538191f517974ae649b97b3b\picorv32.\mem_do_prefetch' using process `$paramod$7320b8a83360465d538191f517974ae649b97b3b\picorv32.$proc$../picorv32.v:1435$2356'.
  created $dff cell `$procdff$6089' with positive edge clock.
Creating register for signal `$paramod$7320b8a83360465d538191f517974ae649b97b3b\picorv32.\mem_do_rinst' using process `$paramod$7320b8a83360465d538191f517974ae649b97b3b\picorv32.$proc$../picorv32.v:1435$2356'.
  created $dff cell `$procdff$6090' with positive edge clock.
Creating register for signal `$paramod$7320b8a83360465d538191f517974ae649b97b3b\picorv32.\mem_do_rdata' using process `$paramod$7320b8a83360465d538191f517974ae649b97b3b\picorv32.$proc$../picorv32.v:1435$2356'.
  created $dff cell `$procdff$6091' with positive edge clock.
Creating register for signal `$paramod$7320b8a83360465d538191f517974ae649b97b3b\picorv32.\mem_do_wdata' using process `$paramod$7320b8a83360465d538191f517974ae649b97b3b\picorv32.$proc$../picorv32.v:1435$2356'.
  created $dff cell `$procdff$6092' with positive edge clock.
Creating register for signal `$paramod$7320b8a83360465d538191f517974ae649b97b3b\picorv32.\decoder_trigger' using process `$paramod$7320b8a83360465d538191f517974ae649b97b3b\picorv32.$proc$../picorv32.v:1435$2356'.
  created $dff cell `$procdff$6093' with positive edge clock.
Creating register for signal `$paramod$7320b8a83360465d538191f517974ae649b97b3b\picorv32.\decoder_trigger_q' using process `$paramod$7320b8a83360465d538191f517974ae649b97b3b\picorv32.$proc$../picorv32.v:1435$2356'.
  created $dff cell `$procdff$6094' with positive edge clock.
Creating register for signal `$paramod$7320b8a83360465d538191f517974ae649b97b3b\picorv32.\decoder_pseudo_trigger' using process `$paramod$7320b8a83360465d538191f517974ae649b97b3b\picorv32.$proc$../picorv32.v:1435$2356'.
  created $dff cell `$procdff$6095' with positive edge clock.
Creating register for signal `$paramod$7320b8a83360465d538191f517974ae649b97b3b\picorv32.\decoder_pseudo_trigger_q' using process `$paramod$7320b8a83360465d538191f517974ae649b97b3b\picorv32.$proc$../picorv32.v:1435$2356'.
  created $dff cell `$procdff$6096' with positive edge clock.
Creating register for signal `$paramod$7320b8a83360465d538191f517974ae649b97b3b\picorv32.\dbg_rs1val' using process `$paramod$7320b8a83360465d538191f517974ae649b97b3b\picorv32.$proc$../picorv32.v:1435$2356'.
  created $dff cell `$procdff$6097' with positive edge clock.
Creating register for signal `$paramod$7320b8a83360465d538191f517974ae649b97b3b\picorv32.\dbg_rs2val' using process `$paramod$7320b8a83360465d538191f517974ae649b97b3b\picorv32.$proc$../picorv32.v:1435$2356'.
  created $dff cell `$procdff$6098' with positive edge clock.
Creating register for signal `$paramod$7320b8a83360465d538191f517974ae649b97b3b\picorv32.\dbg_rs1val_valid' using process `$paramod$7320b8a83360465d538191f517974ae649b97b3b\picorv32.$proc$../picorv32.v:1435$2356'.
  created $dff cell `$procdff$6099' with positive edge clock.
Creating register for signal `$paramod$7320b8a83360465d538191f517974ae649b97b3b\picorv32.\dbg_rs2val_valid' using process `$paramod$7320b8a83360465d538191f517974ae649b97b3b\picorv32.$proc$../picorv32.v:1435$2356'.
  created $dff cell `$procdff$6100' with positive edge clock.
Creating register for signal `$paramod$7320b8a83360465d538191f517974ae649b97b3b\picorv32.\cpu_state' using process `$paramod$7320b8a83360465d538191f517974ae649b97b3b\picorv32.$proc$../picorv32.v:1435$2356'.
  created $dff cell `$procdff$6101' with positive edge clock.
Creating register for signal `$paramod$7320b8a83360465d538191f517974ae649b97b3b\picorv32.\irq_state' using process `$paramod$7320b8a83360465d538191f517974ae649b97b3b\picorv32.$proc$../picorv32.v:1435$2356'.
  created $dff cell `$procdff$6102' with positive edge clock.
Creating register for signal `$paramod$7320b8a83360465d538191f517974ae649b97b3b\picorv32.\set_mem_do_rinst' using process `$paramod$7320b8a83360465d538191f517974ae649b97b3b\picorv32.$proc$../picorv32.v:1435$2356'.
  created $dff cell `$procdff$6103' with positive edge clock.
Creating register for signal `$paramod$7320b8a83360465d538191f517974ae649b97b3b\picorv32.\set_mem_do_rdata' using process `$paramod$7320b8a83360465d538191f517974ae649b97b3b\picorv32.$proc$../picorv32.v:1435$2356'.
  created $dff cell `$procdff$6104' with positive edge clock.
Creating register for signal `$paramod$7320b8a83360465d538191f517974ae649b97b3b\picorv32.\set_mem_do_wdata' using process `$paramod$7320b8a83360465d538191f517974ae649b97b3b\picorv32.$proc$../picorv32.v:1435$2356'.
  created $dff cell `$procdff$6105' with positive edge clock.
Creating register for signal `$paramod$7320b8a83360465d538191f517974ae649b97b3b\picorv32.\latched_store' using process `$paramod$7320b8a83360465d538191f517974ae649b97b3b\picorv32.$proc$../picorv32.v:1435$2356'.
  created $dff cell `$procdff$6106' with positive edge clock.
Creating register for signal `$paramod$7320b8a83360465d538191f517974ae649b97b3b\picorv32.\latched_stalu' using process `$paramod$7320b8a83360465d538191f517974ae649b97b3b\picorv32.$proc$../picorv32.v:1435$2356'.
  created $dff cell `$procdff$6107' with positive edge clock.
Creating register for signal `$paramod$7320b8a83360465d538191f517974ae649b97b3b\picorv32.\latched_branch' using process `$paramod$7320b8a83360465d538191f517974ae649b97b3b\picorv32.$proc$../picorv32.v:1435$2356'.
  created $dff cell `$procdff$6108' with positive edge clock.
Creating register for signal `$paramod$7320b8a83360465d538191f517974ae649b97b3b\picorv32.\latched_compr' using process `$paramod$7320b8a83360465d538191f517974ae649b97b3b\picorv32.$proc$../picorv32.v:1435$2356'.
  created $dff cell `$procdff$6109' with positive edge clock.
Creating register for signal `$paramod$7320b8a83360465d538191f517974ae649b97b3b\picorv32.\latched_trace' using process `$paramod$7320b8a83360465d538191f517974ae649b97b3b\picorv32.$proc$../picorv32.v:1435$2356'.
  created $dff cell `$procdff$6110' with positive edge clock.
Creating register for signal `$paramod$7320b8a83360465d538191f517974ae649b97b3b\picorv32.\latched_is_lu' using process `$paramod$7320b8a83360465d538191f517974ae649b97b3b\picorv32.$proc$../picorv32.v:1435$2356'.
  created $dff cell `$procdff$6111' with positive edge clock.
Creating register for signal `$paramod$7320b8a83360465d538191f517974ae649b97b3b\picorv32.\latched_is_lh' using process `$paramod$7320b8a83360465d538191f517974ae649b97b3b\picorv32.$proc$../picorv32.v:1435$2356'.
  created $dff cell `$procdff$6112' with positive edge clock.
Creating register for signal `$paramod$7320b8a83360465d538191f517974ae649b97b3b\picorv32.\latched_is_lb' using process `$paramod$7320b8a83360465d538191f517974ae649b97b3b\picorv32.$proc$../picorv32.v:1435$2356'.
  created $dff cell `$procdff$6113' with positive edge clock.
Creating register for signal `$paramod$7320b8a83360465d538191f517974ae649b97b3b\picorv32.\latched_rd' using process `$paramod$7320b8a83360465d538191f517974ae649b97b3b\picorv32.$proc$../picorv32.v:1435$2356'.
  created $dff cell `$procdff$6114' with positive edge clock.
Creating register for signal `$paramod$7320b8a83360465d538191f517974ae649b97b3b\picorv32.\current_pc' using process `$paramod$7320b8a83360465d538191f517974ae649b97b3b\picorv32.$proc$../picorv32.v:1435$2356'.
  created $dff cell `$procdff$6115' with positive edge clock.
Creating register for signal `$paramod$7320b8a83360465d538191f517974ae649b97b3b\picorv32.\pcpi_timeout' using process `$paramod$7320b8a83360465d538191f517974ae649b97b3b\picorv32.$proc$../picorv32.v:1435$2356'.
  created $dff cell `$procdff$6116' with positive edge clock.
Creating register for signal `$paramod$7320b8a83360465d538191f517974ae649b97b3b\picorv32.\next_irq_pending' using process `$paramod$7320b8a83360465d538191f517974ae649b97b3b\picorv32.$proc$../picorv32.v:1435$2356'.
  created $dff cell `$procdff$6117' with positive edge clock.
Creating register for signal `$paramod$7320b8a83360465d538191f517974ae649b97b3b\picorv32.\do_waitirq' using process `$paramod$7320b8a83360465d538191f517974ae649b97b3b\picorv32.$proc$../picorv32.v:1435$2356'.
  created $dff cell `$procdff$6118' with positive edge clock.
Creating register for signal `$paramod$7320b8a83360465d538191f517974ae649b97b3b\picorv32.\alu_out_q' using process `$paramod$7320b8a83360465d538191f517974ae649b97b3b\picorv32.$proc$../picorv32.v:1435$2356'.
  created $dff cell `$procdff$6119' with positive edge clock.
Creating register for signal `$paramod$7320b8a83360465d538191f517974ae649b97b3b\picorv32.\alu_out_0_q' using process `$paramod$7320b8a83360465d538191f517974ae649b97b3b\picorv32.$proc$../picorv32.v:1435$2356'.
  created $dff cell `$procdff$6120' with positive edge clock.
Creating register for signal `$paramod$7320b8a83360465d538191f517974ae649b97b3b\picorv32.\alu_wait' using process `$paramod$7320b8a83360465d538191f517974ae649b97b3b\picorv32.$proc$../picorv32.v:1435$2356'.
  created $dff cell `$procdff$6121' with positive edge clock.
Creating register for signal `$paramod$7320b8a83360465d538191f517974ae649b97b3b\picorv32.\alu_wait_2' using process `$paramod$7320b8a83360465d538191f517974ae649b97b3b\picorv32.$proc$../picorv32.v:1435$2356'.
  created $dff cell `$procdff$6122' with positive edge clock.
Creating register for signal `$paramod$7320b8a83360465d538191f517974ae649b97b3b\picorv32.\clear_prefetched_high_word_q' using process `$paramod$7320b8a83360465d538191f517974ae649b97b3b\picorv32.$proc$../picorv32.v:1326$2319'.
  created $dff cell `$procdff$6123' with positive edge clock.
Creating register for signal `$paramod$7320b8a83360465d538191f517974ae649b97b3b\picorv32.\pcpi_insn' using process `$paramod$7320b8a83360465d538191f517974ae649b97b3b\picorv32.$proc$../picorv32.v:873$2022'.
  created $dff cell `$procdff$6124' with positive edge clock.
Creating register for signal `$paramod$7320b8a83360465d538191f517974ae649b97b3b\picorv32.\instr_lui' using process `$paramod$7320b8a83360465d538191f517974ae649b97b3b\picorv32.$proc$../picorv32.v:873$2022'.
  created $dff cell `$procdff$6125' with positive edge clock.
Creating register for signal `$paramod$7320b8a83360465d538191f517974ae649b97b3b\picorv32.\instr_auipc' using process `$paramod$7320b8a83360465d538191f517974ae649b97b3b\picorv32.$proc$../picorv32.v:873$2022'.
  created $dff cell `$procdff$6126' with positive edge clock.
Creating register for signal `$paramod$7320b8a83360465d538191f517974ae649b97b3b\picorv32.\instr_jal' using process `$paramod$7320b8a83360465d538191f517974ae649b97b3b\picorv32.$proc$../picorv32.v:873$2022'.
  created $dff cell `$procdff$6127' with positive edge clock.
Creating register for signal `$paramod$7320b8a83360465d538191f517974ae649b97b3b\picorv32.\instr_jalr' using process `$paramod$7320b8a83360465d538191f517974ae649b97b3b\picorv32.$proc$../picorv32.v:873$2022'.
  created $dff cell `$procdff$6128' with positive edge clock.
Creating register for signal `$paramod$7320b8a83360465d538191f517974ae649b97b3b\picorv32.\instr_beq' using process `$paramod$7320b8a83360465d538191f517974ae649b97b3b\picorv32.$proc$../picorv32.v:873$2022'.
  created $dff cell `$procdff$6129' with positive edge clock.
Creating register for signal `$paramod$7320b8a83360465d538191f517974ae649b97b3b\picorv32.\instr_bne' using process `$paramod$7320b8a83360465d538191f517974ae649b97b3b\picorv32.$proc$../picorv32.v:873$2022'.
  created $dff cell `$procdff$6130' with positive edge clock.
Creating register for signal `$paramod$7320b8a83360465d538191f517974ae649b97b3b\picorv32.\instr_blt' using process `$paramod$7320b8a83360465d538191f517974ae649b97b3b\picorv32.$proc$../picorv32.v:873$2022'.
  created $dff cell `$procdff$6131' with positive edge clock.
Creating register for signal `$paramod$7320b8a83360465d538191f517974ae649b97b3b\picorv32.\instr_bge' using process `$paramod$7320b8a83360465d538191f517974ae649b97b3b\picorv32.$proc$../picorv32.v:873$2022'.
  created $dff cell `$procdff$6132' with positive edge clock.
Creating register for signal `$paramod$7320b8a83360465d538191f517974ae649b97b3b\picorv32.\instr_bltu' using process `$paramod$7320b8a83360465d538191f517974ae649b97b3b\picorv32.$proc$../picorv32.v:873$2022'.
  created $dff cell `$procdff$6133' with positive edge clock.
Creating register for signal `$paramod$7320b8a83360465d538191f517974ae649b97b3b\picorv32.\instr_bgeu' using process `$paramod$7320b8a83360465d538191f517974ae649b97b3b\picorv32.$proc$../picorv32.v:873$2022'.
  created $dff cell `$procdff$6134' with positive edge clock.
Creating register for signal `$paramod$7320b8a83360465d538191f517974ae649b97b3b\picorv32.\instr_lb' using process `$paramod$7320b8a83360465d538191f517974ae649b97b3b\picorv32.$proc$../picorv32.v:873$2022'.
  created $dff cell `$procdff$6135' with positive edge clock.
Creating register for signal `$paramod$7320b8a83360465d538191f517974ae649b97b3b\picorv32.\instr_lh' using process `$paramod$7320b8a83360465d538191f517974ae649b97b3b\picorv32.$proc$../picorv32.v:873$2022'.
  created $dff cell `$procdff$6136' with positive edge clock.
Creating register for signal `$paramod$7320b8a83360465d538191f517974ae649b97b3b\picorv32.\instr_lw' using process `$paramod$7320b8a83360465d538191f517974ae649b97b3b\picorv32.$proc$../picorv32.v:873$2022'.
  created $dff cell `$procdff$6137' with positive edge clock.
Creating register for signal `$paramod$7320b8a83360465d538191f517974ae649b97b3b\picorv32.\instr_lbu' using process `$paramod$7320b8a83360465d538191f517974ae649b97b3b\picorv32.$proc$../picorv32.v:873$2022'.
  created $dff cell `$procdff$6138' with positive edge clock.
Creating register for signal `$paramod$7320b8a83360465d538191f517974ae649b97b3b\picorv32.\instr_lhu' using process `$paramod$7320b8a83360465d538191f517974ae649b97b3b\picorv32.$proc$../picorv32.v:873$2022'.
  created $dff cell `$procdff$6139' with positive edge clock.
Creating register for signal `$paramod$7320b8a83360465d538191f517974ae649b97b3b\picorv32.\instr_sb' using process `$paramod$7320b8a83360465d538191f517974ae649b97b3b\picorv32.$proc$../picorv32.v:873$2022'.
  created $dff cell `$procdff$6140' with positive edge clock.
Creating register for signal `$paramod$7320b8a83360465d538191f517974ae649b97b3b\picorv32.\instr_sh' using process `$paramod$7320b8a83360465d538191f517974ae649b97b3b\picorv32.$proc$../picorv32.v:873$2022'.
  created $dff cell `$procdff$6141' with positive edge clock.
Creating register for signal `$paramod$7320b8a83360465d538191f517974ae649b97b3b\picorv32.\instr_sw' using process `$paramod$7320b8a83360465d538191f517974ae649b97b3b\picorv32.$proc$../picorv32.v:873$2022'.
  created $dff cell `$procdff$6142' with positive edge clock.
Creating register for signal `$paramod$7320b8a83360465d538191f517974ae649b97b3b\picorv32.\instr_addi' using process `$paramod$7320b8a83360465d538191f517974ae649b97b3b\picorv32.$proc$../picorv32.v:873$2022'.
  created $dff cell `$procdff$6143' with positive edge clock.
Creating register for signal `$paramod$7320b8a83360465d538191f517974ae649b97b3b\picorv32.\instr_slti' using process `$paramod$7320b8a83360465d538191f517974ae649b97b3b\picorv32.$proc$../picorv32.v:873$2022'.
  created $dff cell `$procdff$6144' with positive edge clock.
Creating register for signal `$paramod$7320b8a83360465d538191f517974ae649b97b3b\picorv32.\instr_sltiu' using process `$paramod$7320b8a83360465d538191f517974ae649b97b3b\picorv32.$proc$../picorv32.v:873$2022'.
  created $dff cell `$procdff$6145' with positive edge clock.
Creating register for signal `$paramod$7320b8a83360465d538191f517974ae649b97b3b\picorv32.\instr_xori' using process `$paramod$7320b8a83360465d538191f517974ae649b97b3b\picorv32.$proc$../picorv32.v:873$2022'.
  created $dff cell `$procdff$6146' with positive edge clock.
Creating register for signal `$paramod$7320b8a83360465d538191f517974ae649b97b3b\picorv32.\instr_ori' using process `$paramod$7320b8a83360465d538191f517974ae649b97b3b\picorv32.$proc$../picorv32.v:873$2022'.
  created $dff cell `$procdff$6147' with positive edge clock.
Creating register for signal `$paramod$7320b8a83360465d538191f517974ae649b97b3b\picorv32.\instr_andi' using process `$paramod$7320b8a83360465d538191f517974ae649b97b3b\picorv32.$proc$../picorv32.v:873$2022'.
  created $dff cell `$procdff$6148' with positive edge clock.
Creating register for signal `$paramod$7320b8a83360465d538191f517974ae649b97b3b\picorv32.\instr_slli' using process `$paramod$7320b8a83360465d538191f517974ae649b97b3b\picorv32.$proc$../picorv32.v:873$2022'.
  created $dff cell `$procdff$6149' with positive edge clock.
Creating register for signal `$paramod$7320b8a83360465d538191f517974ae649b97b3b\picorv32.\instr_srli' using process `$paramod$7320b8a83360465d538191f517974ae649b97b3b\picorv32.$proc$../picorv32.v:873$2022'.
  created $dff cell `$procdff$6150' with positive edge clock.
Creating register for signal `$paramod$7320b8a83360465d538191f517974ae649b97b3b\picorv32.\instr_srai' using process `$paramod$7320b8a83360465d538191f517974ae649b97b3b\picorv32.$proc$../picorv32.v:873$2022'.
  created $dff cell `$procdff$6151' with positive edge clock.
Creating register for signal `$paramod$7320b8a83360465d538191f517974ae649b97b3b\picorv32.\instr_add' using process `$paramod$7320b8a83360465d538191f517974ae649b97b3b\picorv32.$proc$../picorv32.v:873$2022'.
  created $dff cell `$procdff$6152' with positive edge clock.
Creating register for signal `$paramod$7320b8a83360465d538191f517974ae649b97b3b\picorv32.\instr_sub' using process `$paramod$7320b8a83360465d538191f517974ae649b97b3b\picorv32.$proc$../picorv32.v:873$2022'.
  created $dff cell `$procdff$6153' with positive edge clock.
Creating register for signal `$paramod$7320b8a83360465d538191f517974ae649b97b3b\picorv32.\instr_sll' using process `$paramod$7320b8a83360465d538191f517974ae649b97b3b\picorv32.$proc$../picorv32.v:873$2022'.
  created $dff cell `$procdff$6154' with positive edge clock.
Creating register for signal `$paramod$7320b8a83360465d538191f517974ae649b97b3b\picorv32.\instr_slt' using process `$paramod$7320b8a83360465d538191f517974ae649b97b3b\picorv32.$proc$../picorv32.v:873$2022'.
  created $dff cell `$procdff$6155' with positive edge clock.
Creating register for signal `$paramod$7320b8a83360465d538191f517974ae649b97b3b\picorv32.\instr_sltu' using process `$paramod$7320b8a83360465d538191f517974ae649b97b3b\picorv32.$proc$../picorv32.v:873$2022'.
  created $dff cell `$procdff$6156' with positive edge clock.
Creating register for signal `$paramod$7320b8a83360465d538191f517974ae649b97b3b\picorv32.\instr_xor' using process `$paramod$7320b8a83360465d538191f517974ae649b97b3b\picorv32.$proc$../picorv32.v:873$2022'.
  created $dff cell `$procdff$6157' with positive edge clock.
Creating register for signal `$paramod$7320b8a83360465d538191f517974ae649b97b3b\picorv32.\instr_srl' using process `$paramod$7320b8a83360465d538191f517974ae649b97b3b\picorv32.$proc$../picorv32.v:873$2022'.
  created $dff cell `$procdff$6158' with positive edge clock.
Creating register for signal `$paramod$7320b8a83360465d538191f517974ae649b97b3b\picorv32.\instr_sra' using process `$paramod$7320b8a83360465d538191f517974ae649b97b3b\picorv32.$proc$../picorv32.v:873$2022'.
  created $dff cell `$procdff$6159' with positive edge clock.
Creating register for signal `$paramod$7320b8a83360465d538191f517974ae649b97b3b\picorv32.\instr_or' using process `$paramod$7320b8a83360465d538191f517974ae649b97b3b\picorv32.$proc$../picorv32.v:873$2022'.
  created $dff cell `$procdff$6160' with positive edge clock.
Creating register for signal `$paramod$7320b8a83360465d538191f517974ae649b97b3b\picorv32.\instr_and' using process `$paramod$7320b8a83360465d538191f517974ae649b97b3b\picorv32.$proc$../picorv32.v:873$2022'.
  created $dff cell `$procdff$6161' with positive edge clock.
Creating register for signal `$paramod$7320b8a83360465d538191f517974ae649b97b3b\picorv32.\instr_rdcycle' using process `$paramod$7320b8a83360465d538191f517974ae649b97b3b\picorv32.$proc$../picorv32.v:873$2022'.
  created $dff cell `$procdff$6162' with positive edge clock.
Creating register for signal `$paramod$7320b8a83360465d538191f517974ae649b97b3b\picorv32.\instr_rdcycleh' using process `$paramod$7320b8a83360465d538191f517974ae649b97b3b\picorv32.$proc$../picorv32.v:873$2022'.
  created $dff cell `$procdff$6163' with positive edge clock.
Creating register for signal `$paramod$7320b8a83360465d538191f517974ae649b97b3b\picorv32.\instr_rdinstr' using process `$paramod$7320b8a83360465d538191f517974ae649b97b3b\picorv32.$proc$../picorv32.v:873$2022'.
  created $dff cell `$procdff$6164' with positive edge clock.
Creating register for signal `$paramod$7320b8a83360465d538191f517974ae649b97b3b\picorv32.\instr_rdinstrh' using process `$paramod$7320b8a83360465d538191f517974ae649b97b3b\picorv32.$proc$../picorv32.v:873$2022'.
  created $dff cell `$procdff$6165' with positive edge clock.
Creating register for signal `$paramod$7320b8a83360465d538191f517974ae649b97b3b\picorv32.\instr_ecall_ebreak' using process `$paramod$7320b8a83360465d538191f517974ae649b97b3b\picorv32.$proc$../picorv32.v:873$2022'.
  created $dff cell `$procdff$6166' with positive edge clock.
Creating register for signal `$paramod$7320b8a83360465d538191f517974ae649b97b3b\picorv32.\instr_fence' using process `$paramod$7320b8a83360465d538191f517974ae649b97b3b\picorv32.$proc$../picorv32.v:873$2022'.
  created $dff cell `$procdff$6167' with positive edge clock.
Creating register for signal `$paramod$7320b8a83360465d538191f517974ae649b97b3b\picorv32.\instr_getq' using process `$paramod$7320b8a83360465d538191f517974ae649b97b3b\picorv32.$proc$../picorv32.v:873$2022'.
  created $dff cell `$procdff$6168' with positive edge clock.
Creating register for signal `$paramod$7320b8a83360465d538191f517974ae649b97b3b\picorv32.\instr_setq' using process `$paramod$7320b8a83360465d538191f517974ae649b97b3b\picorv32.$proc$../picorv32.v:873$2022'.
  created $dff cell `$procdff$6169' with positive edge clock.
Creating register for signal `$paramod$7320b8a83360465d538191f517974ae649b97b3b\picorv32.\instr_retirq' using process `$paramod$7320b8a83360465d538191f517974ae649b97b3b\picorv32.$proc$../picorv32.v:873$2022'.
  created $dff cell `$procdff$6170' with positive edge clock.
Creating register for signal `$paramod$7320b8a83360465d538191f517974ae649b97b3b\picorv32.\instr_maskirq' using process `$paramod$7320b8a83360465d538191f517974ae649b97b3b\picorv32.$proc$../picorv32.v:873$2022'.
  created $dff cell `$procdff$6171' with positive edge clock.
Creating register for signal `$paramod$7320b8a83360465d538191f517974ae649b97b3b\picorv32.\instr_waitirq' using process `$paramod$7320b8a83360465d538191f517974ae649b97b3b\picorv32.$proc$../picorv32.v:873$2022'.
  created $dff cell `$procdff$6172' with positive edge clock.
Creating register for signal `$paramod$7320b8a83360465d538191f517974ae649b97b3b\picorv32.\instr_timer' using process `$paramod$7320b8a83360465d538191f517974ae649b97b3b\picorv32.$proc$../picorv32.v:873$2022'.
  created $dff cell `$procdff$6173' with positive edge clock.
Creating register for signal `$paramod$7320b8a83360465d538191f517974ae649b97b3b\picorv32.\decoded_rd' using process `$paramod$7320b8a83360465d538191f517974ae649b97b3b\picorv32.$proc$../picorv32.v:873$2022'.
  created $dff cell `$procdff$6174' with positive edge clock.
Creating register for signal `$paramod$7320b8a83360465d538191f517974ae649b97b3b\picorv32.\decoded_rs1' using process `$paramod$7320b8a83360465d538191f517974ae649b97b3b\picorv32.$proc$../picorv32.v:873$2022'.
  created $dff cell `$procdff$6175' with positive edge clock.
Creating register for signal `$paramod$7320b8a83360465d538191f517974ae649b97b3b\picorv32.\decoded_rs2' using process `$paramod$7320b8a83360465d538191f517974ae649b97b3b\picorv32.$proc$../picorv32.v:873$2022'.
  created $dff cell `$procdff$6176' with positive edge clock.
Creating register for signal `$paramod$7320b8a83360465d538191f517974ae649b97b3b\picorv32.\decoded_imm' using process `$paramod$7320b8a83360465d538191f517974ae649b97b3b\picorv32.$proc$../picorv32.v:873$2022'.
  created $dff cell `$procdff$6177' with positive edge clock.
Creating register for signal `$paramod$7320b8a83360465d538191f517974ae649b97b3b\picorv32.\decoded_imm_j' using process `$paramod$7320b8a83360465d538191f517974ae649b97b3b\picorv32.$proc$../picorv32.v:873$2022'.
  created $dff cell `$procdff$6178' with positive edge clock.
Creating register for signal `$paramod$7320b8a83360465d538191f517974ae649b97b3b\picorv32.\compressed_instr' using process `$paramod$7320b8a83360465d538191f517974ae649b97b3b\picorv32.$proc$../picorv32.v:873$2022'.
  created $dff cell `$procdff$6179' with positive edge clock.
Creating register for signal `$paramod$7320b8a83360465d538191f517974ae649b97b3b\picorv32.\is_lui_auipc_jal' using process `$paramod$7320b8a83360465d538191f517974ae649b97b3b\picorv32.$proc$../picorv32.v:873$2022'.
  created $dff cell `$procdff$6180' with positive edge clock.
Creating register for signal `$paramod$7320b8a83360465d538191f517974ae649b97b3b\picorv32.\is_lb_lh_lw_lbu_lhu' using process `$paramod$7320b8a83360465d538191f517974ae649b97b3b\picorv32.$proc$../picorv32.v:873$2022'.
  created $dff cell `$procdff$6181' with positive edge clock.
Creating register for signal `$paramod$7320b8a83360465d538191f517974ae649b97b3b\picorv32.\is_slli_srli_srai' using process `$paramod$7320b8a83360465d538191f517974ae649b97b3b\picorv32.$proc$../picorv32.v:873$2022'.
  created $dff cell `$procdff$6182' with positive edge clock.
Creating register for signal `$paramod$7320b8a83360465d538191f517974ae649b97b3b\picorv32.\is_jalr_addi_slti_sltiu_xori_ori_andi' using process `$paramod$7320b8a83360465d538191f517974ae649b97b3b\picorv32.$proc$../picorv32.v:873$2022'.
  created $dff cell `$procdff$6183' with positive edge clock.
Creating register for signal `$paramod$7320b8a83360465d538191f517974ae649b97b3b\picorv32.\is_sb_sh_sw' using process `$paramod$7320b8a83360465d538191f517974ae649b97b3b\picorv32.$proc$../picorv32.v:873$2022'.
  created $dff cell `$procdff$6184' with positive edge clock.
Creating register for signal `$paramod$7320b8a83360465d538191f517974ae649b97b3b\picorv32.\is_sll_srl_sra' using process `$paramod$7320b8a83360465d538191f517974ae649b97b3b\picorv32.$proc$../picorv32.v:873$2022'.
  created $dff cell `$procdff$6185' with positive edge clock.
Creating register for signal `$paramod$7320b8a83360465d538191f517974ae649b97b3b\picorv32.\is_lui_auipc_jal_jalr_addi_add_sub' using process `$paramod$7320b8a83360465d538191f517974ae649b97b3b\picorv32.$proc$../picorv32.v:873$2022'.
  created $dff cell `$procdff$6186' with positive edge clock.
Creating register for signal `$paramod$7320b8a83360465d538191f517974ae649b97b3b\picorv32.\is_slti_blt_slt' using process `$paramod$7320b8a83360465d538191f517974ae649b97b3b\picorv32.$proc$../picorv32.v:873$2022'.
  created $dff cell `$procdff$6187' with positive edge clock.
Creating register for signal `$paramod$7320b8a83360465d538191f517974ae649b97b3b\picorv32.\is_sltiu_bltu_sltu' using process `$paramod$7320b8a83360465d538191f517974ae649b97b3b\picorv32.$proc$../picorv32.v:873$2022'.
  created $dff cell `$procdff$6188' with positive edge clock.
Creating register for signal `$paramod$7320b8a83360465d538191f517974ae649b97b3b\picorv32.\is_beq_bne_blt_bge_bltu_bgeu' using process `$paramod$7320b8a83360465d538191f517974ae649b97b3b\picorv32.$proc$../picorv32.v:873$2022'.
  created $dff cell `$procdff$6189' with positive edge clock.
Creating register for signal `$paramod$7320b8a83360465d538191f517974ae649b97b3b\picorv32.\is_lbu_lhu_lw' using process `$paramod$7320b8a83360465d538191f517974ae649b97b3b\picorv32.$proc$../picorv32.v:873$2022'.
  created $dff cell `$procdff$6190' with positive edge clock.
Creating register for signal `$paramod$7320b8a83360465d538191f517974ae649b97b3b\picorv32.\is_alu_reg_imm' using process `$paramod$7320b8a83360465d538191f517974ae649b97b3b\picorv32.$proc$../picorv32.v:873$2022'.
  created $dff cell `$procdff$6191' with positive edge clock.
Creating register for signal `$paramod$7320b8a83360465d538191f517974ae649b97b3b\picorv32.\is_alu_reg_reg' using process `$paramod$7320b8a83360465d538191f517974ae649b97b3b\picorv32.$proc$../picorv32.v:873$2022'.
  created $dff cell `$procdff$6192' with positive edge clock.
Creating register for signal `$paramod$7320b8a83360465d538191f517974ae649b97b3b\picorv32.\is_compare' using process `$paramod$7320b8a83360465d538191f517974ae649b97b3b\picorv32.$proc$../picorv32.v:873$2022'.
  created $dff cell `$procdff$6193' with positive edge clock.
Creating register for signal `$paramod$7320b8a83360465d538191f517974ae649b97b3b\picorv32.\dbg_insn_addr' using process `$paramod$7320b8a83360465d538191f517974ae649b97b3b\picorv32.$proc$../picorv32.v:793$2016'.
  created $dff cell `$procdff$6194' with positive edge clock.
Creating register for signal `$paramod$7320b8a83360465d538191f517974ae649b97b3b\picorv32.\q_ascii_instr' using process `$paramod$7320b8a83360465d538191f517974ae649b97b3b\picorv32.$proc$../picorv32.v:793$2016'.
  created $dff cell `$procdff$6195' with positive edge clock.
Creating register for signal `$paramod$7320b8a83360465d538191f517974ae649b97b3b\picorv32.\q_insn_imm' using process `$paramod$7320b8a83360465d538191f517974ae649b97b3b\picorv32.$proc$../picorv32.v:793$2016'.
  created $dff cell `$procdff$6196' with positive edge clock.
Creating register for signal `$paramod$7320b8a83360465d538191f517974ae649b97b3b\picorv32.\q_insn_opcode' using process `$paramod$7320b8a83360465d538191f517974ae649b97b3b\picorv32.$proc$../picorv32.v:793$2016'.
  created $dff cell `$procdff$6197' with positive edge clock.
Creating register for signal `$paramod$7320b8a83360465d538191f517974ae649b97b3b\picorv32.\q_insn_rs1' using process `$paramod$7320b8a83360465d538191f517974ae649b97b3b\picorv32.$proc$../picorv32.v:793$2016'.
  created $dff cell `$procdff$6198' with positive edge clock.
Creating register for signal `$paramod$7320b8a83360465d538191f517974ae649b97b3b\picorv32.\q_insn_rs2' using process `$paramod$7320b8a83360465d538191f517974ae649b97b3b\picorv32.$proc$../picorv32.v:793$2016'.
  created $dff cell `$procdff$6199' with positive edge clock.
Creating register for signal `$paramod$7320b8a83360465d538191f517974ae649b97b3b\picorv32.\q_insn_rd' using process `$paramod$7320b8a83360465d538191f517974ae649b97b3b\picorv32.$proc$../picorv32.v:793$2016'.
  created $dff cell `$procdff$6200' with positive edge clock.
Creating register for signal `$paramod$7320b8a83360465d538191f517974ae649b97b3b\picorv32.\dbg_next' using process `$paramod$7320b8a83360465d538191f517974ae649b97b3b\picorv32.$proc$../picorv32.v:793$2016'.
  created $dff cell `$procdff$6201' with positive edge clock.
Creating register for signal `$paramod$7320b8a83360465d538191f517974ae649b97b3b\picorv32.\dbg_valid_insn' using process `$paramod$7320b8a83360465d538191f517974ae649b97b3b\picorv32.$proc$../picorv32.v:793$2016'.
  created $dff cell `$procdff$6202' with positive edge clock.
Creating register for signal `$paramod$7320b8a83360465d538191f517974ae649b97b3b\picorv32.\cached_ascii_instr' using process `$paramod$7320b8a83360465d538191f517974ae649b97b3b\picorv32.$proc$../picorv32.v:793$2016'.
  created $dff cell `$procdff$6203' with positive edge clock.
Creating register for signal `$paramod$7320b8a83360465d538191f517974ae649b97b3b\picorv32.\cached_insn_imm' using process `$paramod$7320b8a83360465d538191f517974ae649b97b3b\picorv32.$proc$../picorv32.v:793$2016'.
  created $dff cell `$procdff$6204' with positive edge clock.
Creating register for signal `$paramod$7320b8a83360465d538191f517974ae649b97b3b\picorv32.\cached_insn_opcode' using process `$paramod$7320b8a83360465d538191f517974ae649b97b3b\picorv32.$proc$../picorv32.v:793$2016'.
  created $dff cell `$procdff$6205' with positive edge clock.
Creating register for signal `$paramod$7320b8a83360465d538191f517974ae649b97b3b\picorv32.\cached_insn_rs1' using process `$paramod$7320b8a83360465d538191f517974ae649b97b3b\picorv32.$proc$../picorv32.v:793$2016'.
  created $dff cell `$procdff$6206' with positive edge clock.
Creating register for signal `$paramod$7320b8a83360465d538191f517974ae649b97b3b\picorv32.\cached_insn_rs2' using process `$paramod$7320b8a83360465d538191f517974ae649b97b3b\picorv32.$proc$../picorv32.v:793$2016'.
  created $dff cell `$procdff$6207' with positive edge clock.
Creating register for signal `$paramod$7320b8a83360465d538191f517974ae649b97b3b\picorv32.\cached_insn_rd' using process `$paramod$7320b8a83360465d538191f517974ae649b97b3b\picorv32.$proc$../picorv32.v:793$2016'.
  created $dff cell `$procdff$6208' with positive edge clock.
Creating register for signal `$paramod$7320b8a83360465d538191f517974ae649b97b3b\picorv32.\mem_valid' using process `$paramod$7320b8a83360465d538191f517974ae649b97b3b\picorv32.$proc$../picorv32.v:580$1991'.
  created $dff cell `$procdff$6209' with positive edge clock.
Creating register for signal `$paramod$7320b8a83360465d538191f517974ae649b97b3b\picorv32.\mem_instr' using process `$paramod$7320b8a83360465d538191f517974ae649b97b3b\picorv32.$proc$../picorv32.v:580$1991'.
  created $dff cell `$procdff$6210' with positive edge clock.
Creating register for signal `$paramod$7320b8a83360465d538191f517974ae649b97b3b\picorv32.\mem_addr' using process `$paramod$7320b8a83360465d538191f517974ae649b97b3b\picorv32.$proc$../picorv32.v:580$1991'.
  created $dff cell `$procdff$6211' with positive edge clock.
Creating register for signal `$paramod$7320b8a83360465d538191f517974ae649b97b3b\picorv32.\mem_wdata' using process `$paramod$7320b8a83360465d538191f517974ae649b97b3b\picorv32.$proc$../picorv32.v:580$1991'.
  created $dff cell `$procdff$6212' with positive edge clock.
Creating register for signal `$paramod$7320b8a83360465d538191f517974ae649b97b3b\picorv32.\mem_wstrb' using process `$paramod$7320b8a83360465d538191f517974ae649b97b3b\picorv32.$proc$../picorv32.v:580$1991'.
  created $dff cell `$procdff$6213' with positive edge clock.
Creating register for signal `$paramod$7320b8a83360465d538191f517974ae649b97b3b\picorv32.\mem_state' using process `$paramod$7320b8a83360465d538191f517974ae649b97b3b\picorv32.$proc$../picorv32.v:580$1991'.
  created $dff cell `$procdff$6214' with positive edge clock.
Creating register for signal `$paramod$7320b8a83360465d538191f517974ae649b97b3b\picorv32.\mem_la_secondword' using process `$paramod$7320b8a83360465d538191f517974ae649b97b3b\picorv32.$proc$../picorv32.v:580$1991'.
  created $dff cell `$procdff$6215' with positive edge clock.
Creating register for signal `$paramod$7320b8a83360465d538191f517974ae649b97b3b\picorv32.\prefetched_high_word' using process `$paramod$7320b8a83360465d538191f517974ae649b97b3b\picorv32.$proc$../picorv32.v:580$1991'.
  created $dff cell `$procdff$6216' with positive edge clock.
Creating register for signal `$paramod$7320b8a83360465d538191f517974ae649b97b3b\picorv32.\mem_16bit_buffer' using process `$paramod$7320b8a83360465d538191f517974ae649b97b3b\picorv32.$proc$../picorv32.v:580$1991'.
  created $dff cell `$procdff$6217' with positive edge clock.
Creating register for signal `$paramod$7320b8a83360465d538191f517974ae649b97b3b\picorv32.\next_insn_opcode' using process `$paramod$7320b8a83360465d538191f517974ae649b97b3b\picorv32.$proc$../picorv32.v:445$1951'.
  created $dff cell `$procdff$6218' with positive edge clock.
Creating register for signal `$paramod$7320b8a83360465d538191f517974ae649b97b3b\picorv32.\mem_rdata_q' using process `$paramod$7320b8a83360465d538191f517974ae649b97b3b\picorv32.$proc$../picorv32.v:445$1951'.
  created $dff cell `$procdff$6219' with positive edge clock.
Creating register for signal `$paramod$7320b8a83360465d538191f517974ae649b97b3b\picorv32.\mem_la_firstword_reg' using process `$paramod$7320b8a83360465d538191f517974ae649b97b3b\picorv32.$proc$../picorv32.v:405$1943'.
  created $dff cell `$procdff$6220' with positive edge clock.
Creating register for signal `$paramod$7320b8a83360465d538191f517974ae649b97b3b\picorv32.\last_mem_valid' using process `$paramod$7320b8a83360465d538191f517974ae649b97b3b\picorv32.$proc$../picorv32.v:405$1943'.
  created $dff cell `$procdff$6221' with positive edge clock.
Creating register for signal `$paramod$21c61e80717ca2e66adc5df3965c888362114d98\picosoc.\ram_ready' using process `$paramod$21c61e80717ca2e66adc5df3965c888362114d98\picosoc.$proc$picosoc.v:208$1134'.
  created $dff cell `$procdff$6222' with positive edge clock.
Creating register for signal `\picosoc_regs.$memwr$\regs$picosoc.v:237$190_ADDR' using process `\picosoc_regs.$proc$picosoc.v:236$191'.
  created $dff cell `$procdff$6223' with positive edge clock.
Creating register for signal `\picosoc_regs.$memwr$\regs$picosoc.v:237$190_DATA' using process `\picosoc_regs.$proc$picosoc.v:236$191'.
  created $dff cell `$procdff$6224' with positive edge clock.
Creating register for signal `\picosoc_regs.$memwr$\regs$picosoc.v:237$190_EN' using process `\picosoc_regs.$proc$picosoc.v:236$191'.
  created $dff cell `$procdff$6225' with positive edge clock.
Creating register for signal `\simpleuart.\send_pattern' using process `\simpleuart.$proc$simpleuart.v:109$136'.
  created $dff cell `$procdff$6226' with positive edge clock.
Creating register for signal `\simpleuart.\send_bitcnt' using process `\simpleuart.$proc$simpleuart.v:109$136'.
  created $dff cell `$procdff$6227' with positive edge clock.
Creating register for signal `\simpleuart.\send_divcnt' using process `\simpleuart.$proc$simpleuart.v:109$136'.
  created $dff cell `$procdff$6228' with positive edge clock.
Creating register for signal `\simpleuart.\send_dummy' using process `\simpleuart.$proc$simpleuart.v:109$136'.
  created $dff cell `$procdff$6229' with positive edge clock.
Creating register for signal `\simpleuart.\recv_state' using process `\simpleuart.$proc$simpleuart.v:66$127'.
  created $dff cell `$procdff$6230' with positive edge clock.
Creating register for signal `\simpleuart.\recv_divcnt' using process `\simpleuart.$proc$simpleuart.v:66$127'.
  created $dff cell `$procdff$6231' with positive edge clock.
Creating register for signal `\simpleuart.\recv_pattern' using process `\simpleuart.$proc$simpleuart.v:66$127'.
  created $dff cell `$procdff$6232' with positive edge clock.
Creating register for signal `\simpleuart.\recv_buf_data' using process `\simpleuart.$proc$simpleuart.v:66$127'.
  created $dff cell `$procdff$6233' with positive edge clock.
Creating register for signal `\simpleuart.\recv_buf_valid' using process `\simpleuart.$proc$simpleuart.v:66$127'.
  created $dff cell `$procdff$6234' with positive edge clock.
Creating register for signal `\simpleuart.\cfg_divider' using process `\simpleuart.$proc$simpleuart.v:55$125'.
  created $dff cell `$procdff$6235' with positive edge clock.
Creating register for signal `\spimemio_xfer.\flash_csb' using process `\spimemio_xfer.$proc$spimemio.v:535$105'.
  created $dff cell `$procdff$6236' with positive edge clock.
Creating register for signal `\spimemio_xfer.\flash_clk' using process `\spimemio_xfer.$proc$spimemio.v:535$105'.
  created $dff cell `$procdff$6237' with positive edge clock.
Creating register for signal `\spimemio_xfer.\xfer_dspi' using process `\spimemio_xfer.$proc$spimemio.v:535$105'.
  created $dff cell `$procdff$6238' with positive edge clock.
Creating register for signal `\spimemio_xfer.\xfer_ddr' using process `\spimemio_xfer.$proc$spimemio.v:535$105'.
  created $dff cell `$procdff$6239' with positive edge clock.
Creating register for signal `\spimemio_xfer.\xfer_qspi' using process `\spimemio_xfer.$proc$spimemio.v:535$105'.
  created $dff cell `$procdff$6240' with positive edge clock.
Creating register for signal `\spimemio_xfer.\xfer_cont' using process `\spimemio_xfer.$proc$spimemio.v:535$105'.
  created $dff cell `$procdff$6241' with positive edge clock.
Creating register for signal `\spimemio_xfer.\xfer_rd' using process `\spimemio_xfer.$proc$spimemio.v:535$105'.
  created $dff cell `$procdff$6242' with positive edge clock.
Creating register for signal `\spimemio_xfer.\xfer_tag' using process `\spimemio_xfer.$proc$spimemio.v:535$105'.
  created $dff cell `$procdff$6243' with positive edge clock.
Creating register for signal `\spimemio_xfer.\obuffer' using process `\spimemio_xfer.$proc$spimemio.v:535$105'.
  created $dff cell `$procdff$6244' with positive edge clock.
Creating register for signal `\spimemio_xfer.\ibuffer' using process `\spimemio_xfer.$proc$spimemio.v:535$105'.
  created $dff cell `$procdff$6245' with positive edge clock.
Creating register for signal `\spimemio_xfer.\count' using process `\spimemio_xfer.$proc$spimemio.v:535$105'.
  created $dff cell `$procdff$6246' with positive edge clock.
Creating register for signal `\spimemio_xfer.\dummy_count' using process `\spimemio_xfer.$proc$spimemio.v:535$105'.
  created $dff cell `$procdff$6247' with positive edge clock.
Creating register for signal `\spimemio_xfer.\fetch' using process `\spimemio_xfer.$proc$spimemio.v:535$105'.
  created $dff cell `$procdff$6248' with positive edge clock.
Creating register for signal `\spimemio_xfer.\last_fetch' using process `\spimemio_xfer.$proc$spimemio.v:535$105'.
  created $dff cell `$procdff$6249' with positive edge clock.
Creating register for signal `\spimemio_xfer.\xfer_ddr_q' using process `\spimemio_xfer.$proc$spimemio.v:436$72'.
  created $dff cell `$procdff$6250' with positive edge clock.
Creating register for signal `\spimemio_xfer.\xfer_tag_q' using process `\spimemio_xfer.$proc$spimemio.v:436$72'.
  created $dff cell `$procdff$6251' with positive edge clock.
Creating register for signal `\spimemio.\rdata' using process `\spimemio.$proc$spimemio.v:207$51'.
  created $dff cell `$procdff$6252' with positive edge clock.
Creating register for signal `\spimemio.\din_data' using process `\spimemio.$proc$spimemio.v:207$51'.
  created $dff cell `$procdff$6253' with positive edge clock.
Creating register for signal `\spimemio.\xfer_resetn' using process `\spimemio.$proc$spimemio.v:207$51'.
  created $dff cell `$procdff$6254' with positive edge clock.
Creating register for signal `\spimemio.\din_valid' using process `\spimemio.$proc$spimemio.v:207$51'.
  created $dff cell `$procdff$6255' with positive edge clock.
Creating register for signal `\spimemio.\din_tag' using process `\spimemio.$proc$spimemio.v:207$51'.
  created $dff cell `$procdff$6256' with positive edge clock.
Creating register for signal `\spimemio.\din_cont' using process `\spimemio.$proc$spimemio.v:207$51'.
  created $dff cell `$procdff$6257' with positive edge clock.
Creating register for signal `\spimemio.\din_qspi' using process `\spimemio.$proc$spimemio.v:207$51'.
  created $dff cell `$procdff$6258' with positive edge clock.
Creating register for signal `\spimemio.\din_ddr' using process `\spimemio.$proc$spimemio.v:207$51'.
  created $dff cell `$procdff$6259' with positive edge clock.
Creating register for signal `\spimemio.\din_rd' using process `\spimemio.$proc$spimemio.v:207$51'.
  created $dff cell `$procdff$6260' with positive edge clock.
Creating register for signal `\spimemio.\buffer' using process `\spimemio.$proc$spimemio.v:207$51'.
  created $dff cell `$procdff$6261' with positive edge clock.
Creating register for signal `\spimemio.\rd_addr' using process `\spimemio.$proc$spimemio.v:207$51'.
  created $dff cell `$procdff$6262' with positive edge clock.
Creating register for signal `\spimemio.\rd_valid' using process `\spimemio.$proc$spimemio.v:207$51'.
  created $dff cell `$procdff$6263' with positive edge clock.
Creating register for signal `\spimemio.\rd_wait' using process `\spimemio.$proc$spimemio.v:207$51'.
  created $dff cell `$procdff$6264' with positive edge clock.
Creating register for signal `\spimemio.\rd_inc' using process `\spimemio.$proc$spimemio.v:207$51'.
  created $dff cell `$procdff$6265' with positive edge clock.
Creating register for signal `\spimemio.\state' using process `\spimemio.$proc$spimemio.v:207$51'.
  created $dff cell `$procdff$6266' with positive edge clock.
Creating register for signal `\spimemio.\xfer_io0_90' using process `\spimemio.$proc$spimemio.v:151$33'.
  created $dff cell `$procdff$6267' with negative edge clock.
Creating register for signal `\spimemio.\xfer_io1_90' using process `\spimemio.$proc$spimemio.v:151$33'.
  created $dff cell `$procdff$6268' with negative edge clock.
Creating register for signal `\spimemio.\xfer_io2_90' using process `\spimemio.$proc$spimemio.v:151$33'.
  created $dff cell `$procdff$6269' with negative edge clock.
Creating register for signal `\spimemio.\xfer_io3_90' using process `\spimemio.$proc$spimemio.v:151$33'.
  created $dff cell `$procdff$6270' with negative edge clock.
Creating register for signal `\spimemio.\softreset' using process `\spimemio.$proc$spimemio.v:99$29'.
  created $dff cell `$procdff$6271' with positive edge clock.
Creating register for signal `\spimemio.\config_en' using process `\spimemio.$proc$spimemio.v:99$29'.
  created $dff cell `$procdff$6272' with positive edge clock.
Creating register for signal `\spimemio.\config_ddr' using process `\spimemio.$proc$spimemio.v:99$29'.
  created $dff cell `$procdff$6273' with positive edge clock.
Creating register for signal `\spimemio.\config_qspi' using process `\spimemio.$proc$spimemio.v:99$29'.
  created $dff cell `$procdff$6274' with positive edge clock.
Creating register for signal `\spimemio.\config_cont' using process `\spimemio.$proc$spimemio.v:99$29'.
  created $dff cell `$procdff$6275' with positive edge clock.
Creating register for signal `\spimemio.\config_dummy' using process `\spimemio.$proc$spimemio.v:99$29'.
  created $dff cell `$procdff$6276' with positive edge clock.
Creating register for signal `\spimemio.\config_oe' using process `\spimemio.$proc$spimemio.v:99$29'.
  created $dff cell `$procdff$6277' with positive edge clock.
Creating register for signal `\spimemio.\config_csb' using process `\spimemio.$proc$spimemio.v:99$29'.
  created $dff cell `$procdff$6278' with positive edge clock.
Creating register for signal `\spimemio.\config_clk' using process `\spimemio.$proc$spimemio.v:99$29'.
  created $dff cell `$procdff$6279' with positive edge clock.
Creating register for signal `\spimemio.\config_do' using process `\spimemio.$proc$spimemio.v:99$29'.
  created $dff cell `$procdff$6280' with positive edge clock.
Creating register for signal `\icebreaker_fit.\iomem_ready' using process `\icebreaker_fit.$proc$icebreaker_fit.v:71$7'.
  created $dff cell `$procdff$6281' with positive edge clock.
Creating register for signal `\icebreaker_fit.\iomem_rdata' using process `\icebreaker_fit.$proc$icebreaker_fit.v:71$7'.
  created $dff cell `$procdff$6282' with positive edge clock.
Creating register for signal `\icebreaker_fit.\gpio' using process `\icebreaker_fit.$proc$icebreaker_fit.v:71$7'.
  created $dff cell `$procdff$6283' with positive edge clock.
Creating register for signal `\icebreaker_fit.\reset_cnt' using process `\icebreaker_fit.$proc$icebreaker_fit.v:34$2'.
  created $dff cell `$procdff$6284' with positive edge clock.

7.3.8. Executing PROC_CLEAN pass (remove empty switches from decision trees).
Found and cleaned up 56 empty switches in `$paramod$7320b8a83360465d538191f517974ae649b97b3b\picorv32.$proc$../picorv32.v:1435$2356'.
Removing empty process `$paramod$7320b8a83360465d538191f517974ae649b97b3b\picorv32.$proc$../picorv32.v:1435$2356'.
Removing empty process `$paramod$7320b8a83360465d538191f517974ae649b97b3b\picorv32.$proc$../picorv32.v:1420$2342'.
Found and cleaned up 2 empty switches in `$paramod$7320b8a83360465d538191f517974ae649b97b3b\picorv32.$proc$../picorv32.v:1342$2325'.
Removing empty process `$paramod$7320b8a83360465d538191f517974ae649b97b3b\picorv32.$proc$../picorv32.v:1342$2325'.
Found and cleaned up 2 empty switches in `$paramod$7320b8a83360465d538191f517974ae649b97b3b\picorv32.$proc$../picorv32.v:1328$2320'.
Removing empty process `$paramod$7320b8a83360465d538191f517974ae649b97b3b\picorv32.$proc$../picorv32.v:1328$2320'.
Removing empty process `$paramod$7320b8a83360465d538191f517974ae649b97b3b\picorv32.$proc$../picorv32.v:1326$2319'.
Found and cleaned up 2 empty switches in `$paramod$7320b8a83360465d538191f517974ae649b97b3b\picorv32.$proc$../picorv32.v:1282$2297'.
Removing empty process `$paramod$7320b8a83360465d538191f517974ae649b97b3b\picorv32.$proc$../picorv32.v:1282$2297'.
Found and cleaned up 8 empty switches in `$paramod$7320b8a83360465d538191f517974ae649b97b3b\picorv32.$proc$../picorv32.v:1201$2285'.
Removing empty process `$paramod$7320b8a83360465d538191f517974ae649b97b3b\picorv32.$proc$../picorv32.v:1201$2285'.
Found and cleaned up 22 empty switches in `$paramod$7320b8a83360465d538191f517974ae649b97b3b\picorv32.$proc$../picorv32.v:873$2022'.
Removing empty process `$paramod$7320b8a83360465d538191f517974ae649b97b3b\picorv32.$proc$../picorv32.v:873$2022'.
Found and cleaned up 3 empty switches in `$paramod$7320b8a83360465d538191f517974ae649b97b3b\picorv32.$proc$../picorv32.v:824$2020'.
Removing empty process `$paramod$7320b8a83360465d538191f517974ae649b97b3b\picorv32.$proc$../picorv32.v:824$2020'.
Found and cleaned up 5 empty switches in `$paramod$7320b8a83360465d538191f517974ae649b97b3b\picorv32.$proc$../picorv32.v:793$2016'.
Removing empty process `$paramod$7320b8a83360465d538191f517974ae649b97b3b\picorv32.$proc$../picorv32.v:793$2016'.
Found and cleaned up 48 empty switches in `$paramod$7320b8a83360465d538191f517974ae649b97b3b\picorv32.$proc$../picorv32.v:716$2015'.
Removing empty process `$paramod$7320b8a83360465d538191f517974ae649b97b3b\picorv32.$proc$../picorv32.v:716$2015'.
Found and cleaned up 16 empty switches in `$paramod$7320b8a83360465d538191f517974ae649b97b3b\picorv32.$proc$../picorv32.v:580$1991'.
Removing empty process `$paramod$7320b8a83360465d538191f517974ae649b97b3b\picorv32.$proc$../picorv32.v:580$1991'.
Removing empty process `$paramod$7320b8a83360465d538191f517974ae649b97b3b\picorv32.$proc$../picorv32.v:1272$2531'.
Found and cleaned up 19 empty switches in `$paramod$7320b8a83360465d538191f517974ae649b97b3b\picorv32.$proc$../picorv32.v:445$1951'.
Removing empty process `$paramod$7320b8a83360465d538191f517974ae649b97b3b\picorv32.$proc$../picorv32.v:445$1951'.
Found and cleaned up 3 empty switches in `$paramod$7320b8a83360465d538191f517974ae649b97b3b\picorv32.$proc$../picorv32.v:416$1948'.
Removing empty process `$paramod$7320b8a83360465d538191f517974ae649b97b3b\picorv32.$proc$../picorv32.v:416$1948'.
Found and cleaned up 2 empty switches in `$paramod$7320b8a83360465d538191f517974ae649b97b3b\picorv32.$proc$../picorv32.v:405$1943'.
Removing empty process `$paramod$7320b8a83360465d538191f517974ae649b97b3b\picorv32.$proc$../picorv32.v:405$1943'.
Found and cleaned up 1 empty switch in `$paramod$7320b8a83360465d538191f517974ae649b97b3b\picorv32.$proc$../picorv32.v:340$1869'.
Removing empty process `$paramod$7320b8a83360465d538191f517974ae649b97b3b\picorv32.$proc$../picorv32.v:340$1869'.
Removing empty process `$paramod$21c61e80717ca2e66adc5df3965c888362114d98\picosoc.$proc$picosoc.v:208$1134'.
Removing empty process `$paramod$21c61e80717ca2e66adc5df3965c888362114d98\picosoc.$proc$picosoc.v:89$1101'.
Found and cleaned up 1 empty switch in `\picosoc_regs.$proc$picosoc.v:236$191'.
Removing empty process `picosoc_regs.$proc$picosoc.v:236$191'.
Found and cleaned up 5 empty switches in `\simpleuart.$proc$simpleuart.v:109$136'.
Removing empty process `simpleuart.$proc$simpleuart.v:109$136'.
Found and cleaned up 7 empty switches in `\simpleuart.$proc$simpleuart.v:66$127'.
Removing empty process `simpleuart.$proc$simpleuart.v:66$127'.
Found and cleaned up 5 empty switches in `\simpleuart.$proc$simpleuart.v:55$125'.
Removing empty process `simpleuart.$proc$simpleuart.v:55$125'.
Found and cleaned up 4 empty switches in `\spimemio_xfer.$proc$spimemio.v:535$105'.
Removing empty process `spimemio_xfer.$proc$spimemio.v:535$105'.
Found and cleaned up 5 empty switches in `\spimemio_xfer.$proc$spimemio.v:447$81'.
Removing empty process `spimemio_xfer.$proc$spimemio.v:447$81'.
Removing empty process `spimemio_xfer.$proc$spimemio.v:436$72'.
Found and cleaned up 25 empty switches in `\spimemio.$proc$spimemio.v:207$51'.
Removing empty process `spimemio.$proc$spimemio.v:207$51'.
Removing empty process `spimemio.$proc$spimemio.v:151$33'.
Found and cleaned up 5 empty switches in `\spimemio.$proc$spimemio.v:99$29'.
Removing empty process `spimemio.$proc$spimemio.v:99$29'.
Removing empty process `icebreaker_fit.$proc$icebreaker_fit.v:31$13'.
Found and cleaned up 6 empty switches in `\icebreaker_fit.$proc$icebreaker_fit.v:71$7'.
Removing empty process `icebreaker_fit.$proc$icebreaker_fit.v:71$7'.
Removing empty process `icebreaker_fit.$proc$icebreaker_fit.v:34$2'.
Cleaned up 252 empty switches.

7.4. Executing FLATTEN pass (flatten design).
Using template $paramod$21c61e80717ca2e66adc5df3965c888362114d98\picosoc for cells of type $paramod$21c61e80717ca2e66adc5df3965c888362114d98\picosoc.
Using template $paramod$7320b8a83360465d538191f517974ae649b97b3b\picorv32 for cells of type $paramod$7320b8a83360465d538191f517974ae649b97b3b\picorv32.
Using template $paramod\ice40up5k_spram\WORDS=32768 for cells of type $paramod\ice40up5k_spram\WORDS=32768.
Using template simpleuart for cells of type simpleuart.
Using template spimemio for cells of type spimemio.
Using template picosoc_regs for cells of type picosoc_regs.
Using template spimemio_xfer for cells of type spimemio_xfer.
<suppressed ~7 debug messages>
No more expansions possible.
Deleting now unused module $paramod$7320b8a83360465d538191f517974ae649b97b3b\picorv32.
Deleting now unused module $paramod\ice40up5k_spram\WORDS=32768.
Deleting now unused module $paramod$21c61e80717ca2e66adc5df3965c888362114d98\picosoc.
Deleting now unused module picosoc_regs.
Deleting now unused module simpleuart.
Deleting now unused module spimemio_xfer.
Deleting now unused module spimemio.

7.5. Executing TRIBUF pass.

7.6. Executing DEMINOUT pass (demote inout ports to input or output).

7.7. Executing OPT_EXPR pass (perform const folding).
Optimizing module icebreaker_fit.
<suppressed ~736 debug messages>

7.8. Executing OPT_CLEAN pass (remove unused cells and wires).
Finding unused cells or wires in module \icebreaker_fit..
Removed 309 unused cells and 2071 unused wires.
<suppressed ~378 debug messages>

7.9. Executing CHECK pass (checking for obvious problems).
checking module icebreaker_fit..
found and reported 0 problems.

7.10. Executing OPT pass (performing simple optimizations).

7.10.1. Executing OPT_EXPR pass (perform const folding).
Optimizing module icebreaker_fit.

7.10.2. Executing OPT_MERGE pass (detect identical cells).
Finding identical cells in module `\icebreaker_fit'.
<suppressed ~1617 debug messages>
Removed a total of 539 cells.

7.10.3. Executing OPT_MUXTREE pass (detect dead branches in mux trees).
Running muxtree optimizer on module \icebreaker_fit..
  Creating internal representation of mux trees.
  Evaluating internal representation of mux trees.
  Analyzing evaluation results.
    dead port 2/2 on $mux $techmap\soc.cpu.$procmux$2547.
    dead port 2/2 on $mux $techmap\soc.cpu.$procmux$2557.
    dead port 2/2 on $mux $techmap\soc.cpu.$procmux$2559.
    dead port 2/2 on $mux $techmap\soc.cpu.$procmux$2565.
    dead port 2/2 on $mux $techmap\soc.cpu.$procmux$2572.
    dead port 2/2 on $mux $techmap\soc.cpu.$procmux$2574.
    dead port 2/2 on $mux $techmap\soc.cpu.$procmux$2580.
    dead port 2/2 on $mux $techmap\soc.cpu.$procmux$2589.
    dead port 2/2 on $mux $techmap\soc.cpu.$procmux$2609.
    dead port 2/2 on $mux $techmap\soc.cpu.$procmux$2615.
    dead port 2/2 on $mux $techmap\soc.cpu.$procmux$2618.
    dead port 2/2 on $mux $techmap\soc.cpu.$procmux$2631.
    dead port 2/2 on $mux $techmap\soc.cpu.$procmux$2638.
    dead port 2/2 on $mux $techmap\soc.cpu.$procmux$2641.
    dead port 2/2 on $mux $techmap\soc.cpu.$procmux$2654.
    dead port 2/2 on $mux $techmap\soc.cpu.$procmux$2666.
    dead port 2/2 on $mux $techmap\soc.cpu.$procmux$2669.
    dead port 2/2 on $mux $techmap\soc.cpu.$procmux$2678.
    dead port 2/2 on $mux $techmap\soc.cpu.$procmux$2681.
    dead port 2/2 on $mux $techmap\soc.cpu.$procmux$2689.
    dead port 2/2 on $mux $techmap\soc.cpu.$procmux$2691.
    dead port 2/2 on $mux $techmap\soc.cpu.$procmux$2694.
    dead port 2/2 on $mux $techmap\soc.cpu.$procmux$2745.
    dead port 2/2 on $mux $techmap\soc.cpu.$procmux$2748.
    dead port 2/2 on $mux $techmap\soc.cpu.$procmux$2755.
    dead port 2/2 on $mux $techmap\soc.cpu.$procmux$2757.
    dead port 2/2 on $mux $techmap\soc.cpu.$procmux$2760.
    dead port 2/2 on $mux $techmap\soc.cpu.$procmux$2779.
    dead port 2/2 on $mux $techmap\soc.cpu.$procmux$2781.
    dead port 2/2 on $mux $techmap\soc.cpu.$procmux$2784.
    dead port 2/2 on $mux $techmap\soc.cpu.$procmux$2805.
    dead port 2/2 on $mux $techmap\soc.cpu.$procmux$2808.
    dead port 2/2 on $mux $techmap\soc.cpu.$procmux$2842.
    dead port 2/2 on $mux $techmap\soc.cpu.$procmux$2847.
    dead port 2/2 on $mux $techmap\soc.cpu.$procmux$2850.
    dead port 2/2 on $mux $techmap\soc.cpu.$procmux$2872.
    dead port 2/2 on $mux $techmap\soc.cpu.$procmux$2874.
    dead port 2/2 on $mux $techmap\soc.cpu.$procmux$2877.
    dead port 2/2 on $mux $techmap\soc.cpu.$procmux$2889.
    dead port 2/2 on $mux $techmap\soc.cpu.$procmux$2892.
    dead port 2/2 on $mux $techmap\soc.cpu.$procmux$2935.
    dead port 2/2 on $mux $techmap\soc.cpu.$procmux$2948.
    dead port 2/2 on $mux $techmap\soc.cpu.$procmux$2961.
    dead port 4/7 on $pmux $techmap\soc.cpu.$procmux$3168.
    dead port 5/7 on $pmux $techmap\soc.cpu.$procmux$3168.
    dead port 6/7 on $pmux $techmap\soc.cpu.$procmux$3168.
    dead port 1/5 on $pmux $techmap\soc.cpu.$procmux$3174.
    dead port 2/5 on $pmux $techmap\soc.cpu.$procmux$3174.
    dead port 3/5 on $pmux $techmap\soc.cpu.$procmux$3174.
    dead port 4/5 on $pmux $techmap\soc.cpu.$procmux$3174.
    dead port 5/5 on $pmux $techmap\soc.cpu.$procmux$3174.
    dead port 7/12 on $pmux $techmap\soc.cpu.$procmux$3207.
    dead port 8/12 on $pmux $techmap\soc.cpu.$procmux$3207.
    dead port 10/12 on $pmux $techmap\soc.cpu.$procmux$3207.
    dead port 4/7 on $pmux $techmap\soc.cpu.$procmux$3412.
    dead port 5/7 on $pmux $techmap\soc.cpu.$procmux$3412.
    dead port 6/7 on $pmux $techmap\soc.cpu.$procmux$3412.
    dead port 3/4 on $pmux $techmap\soc.cpu.$procmux$3476.
    dead port 1/2 on $mux $techmap\soc.cpu.$procmux$3481.
    dead port 2/2 on $mux $techmap\soc.cpu.$procmux$3481.
    dead port 1/2 on $mux $techmap\soc.cpu.$procmux$3483.
    dead port 2/2 on $mux $techmap\soc.cpu.$procmux$3483.
    dead port 7/12 on $pmux $techmap\soc.cpu.$procmux$3495.
    dead port 8/12 on $pmux $techmap\soc.cpu.$procmux$3495.
    dead port 10/12 on $pmux $techmap\soc.cpu.$procmux$3495.
    dead port 3/4 on $pmux $techmap\soc.cpu.$procmux$3677.
    dead port 7/12 on $pmux $techmap\soc.cpu.$procmux$3693.
    dead port 8/12 on $pmux $techmap\soc.cpu.$procmux$3693.
    dead port 10/12 on $pmux $techmap\soc.cpu.$procmux$3693.
    dead port 7/12 on $pmux $techmap\soc.cpu.$procmux$3874.
    dead port 8/12 on $pmux $techmap\soc.cpu.$procmux$3874.
    dead port 10/12 on $pmux $techmap\soc.cpu.$procmux$3874.
    dead port 4/9 on $pmux $techmap\soc.cpu.$procmux$3925.
    dead port 5/9 on $pmux $techmap\soc.cpu.$procmux$3925.
    dead port 7/9 on $pmux $techmap\soc.cpu.$procmux$3925.
    dead port 2/2 on $mux $techmap\soc.cpu.$procmux$4047.
    dead port 2/2 on $mux $techmap\soc.cpu.$procmux$4056.
    dead port 1/8 on $pmux $techmap\soc.cpu.$procmux$4071.
    dead port 2/8 on $pmux $techmap\soc.cpu.$procmux$4071.
    dead port 2/2 on $mux $techmap\soc.cpu.$procmux$5209.
    dead port 2/2 on $mux $techmap\soc.cpu.$procmux$5216.
    dead port 2/2 on $mux $techmap\soc.spimemio.xfer.$procmux$5478.
    dead port 1/4 on $pmux $techmap\soc.spimemio.xfer.$procmux$5480.
    dead port 2/4 on $pmux $techmap\soc.spimemio.xfer.$procmux$5480.
    dead port 3/4 on $pmux $techmap\soc.spimemio.xfer.$procmux$5480.
    dead port 2/2 on $mux $techmap\soc.spimemio.xfer.$procmux$5484.
    dead port 2/2 on $mux $techmap\soc.spimemio.xfer.$procmux$5491.
    dead port 1/4 on $pmux $techmap\soc.spimemio.xfer.$procmux$5493.
    dead port 2/4 on $pmux $techmap\soc.spimemio.xfer.$procmux$5493.
    dead port 3/4 on $pmux $techmap\soc.spimemio.xfer.$procmux$5493.
    dead port 2/2 on $mux $techmap\soc.spimemio.xfer.$procmux$5497.
    dead port 2/2 on $mux $techmap\soc.spimemio.xfer.$procmux$5517.
    dead port 2/2 on $mux $techmap\soc.spimemio.xfer.$procmux$5519.
    dead port 2/2 on $mux $techmap\soc.spimemio.xfer.$procmux$5528.
    dead port 2/2 on $mux $techmap\soc.spimemio.xfer.$procmux$5530.
    dead port 2/2 on $mux $techmap\soc.spimemio.xfer.$procmux$5552.
    dead port 2/2 on $mux $techmap\soc.spimemio.xfer.$procmux$5554.
    dead port 2/2 on $mux $techmap\soc.spimemio.xfer.$procmux$5564.
    dead port 2/2 on $mux $techmap\soc.spimemio.xfer.$procmux$5566.
    dead port 2/2 on $mux $techmap\soc.spimemio.xfer.$procmux$5576.
    dead port 2/2 on $mux $techmap\soc.spimemio.xfer.$procmux$5586.
    dead port 2/2 on $mux $techmap\soc.spimemio.xfer.$procmux$5596.
    dead port 2/2 on $mux $techmap\soc.spimemio.xfer.$procmux$5606.
    dead port 2/2 on $mux $techmap\soc.spimemio.xfer.$procmux$5616.
    dead port 2/2 on $mux $techmap\soc.spimemio.xfer.$procmux$5626.
    dead port 2/2 on $mux $techmap\soc.spimemio.xfer.$procmux$5634.
    dead port 2/2 on $mux $techmap\soc.spimemio.xfer.$procmux$5642.
    dead port 2/2 on $mux $techmap\soc.spimemio.xfer.$procmux$5650.
    dead port 2/2 on $mux $techmap\soc.spimemio.xfer.$procmux$5658.
    dead port 2/2 on $mux $techmap\soc.spimemio.xfer.$procmux$5668.
    dead port 2/2 on $mux $techmap\soc.spimemio.xfer.$procmux$5678.
Removed 111 multiplexer ports.
<suppressed ~254 debug messages>

7.10.4. Executing OPT_REDUCE pass (consolidate $*mux and $reduce_* inputs).
  Optimizing cells in module \icebreaker_fit.
    New input vector for $reduce_or cell $techmap\soc.spimemio.xfer.$reduce_or$spimemio.v:491$90: { \soc.spimemio.xfer.count [0] \soc.spimemio.xfer.count [1] \soc.spimemio.xfer.count [2] \soc.spimemio.xfer.count [3] }
    New input vector for $reduce_or cell $techmap\soc.spimemio.xfer.$reduce_or$spimemio.v:471$83: { \soc.spimemio.xfer.count [0] \soc.spimemio.xfer.count [1] \soc.spimemio.xfer.count [2] \soc.spimemio.xfer.count [3] }
    New input vector for $reduce_or cell $techmap\soc.cpu.$reduce_or$../picorv32.v:921$2060: { \soc.cpu.mem_rdata_latched [5] \soc.cpu.mem_rdata_latched [6] \soc.cpu.mem_rdata_latched [7] \soc.cpu.mem_rdata_latched [8] \soc.cpu.mem_rdata_latched [9] \soc.cpu.mem_rdata_latched [10] \soc.cpu.mem_rdata_latched [11] \soc.cpu.mem_rdata_latched [12] }
    New input vector for $reduce_or cell $techmap\soc.cpu.$reduce_or$../picorv32.v:879$2028: { \soc.cpu.is_beq_bne_blt_bge_bltu_bgeu \soc.cpu.instr_sltu \soc.cpu.instr_slt \soc.cpu.instr_sltiu \soc.cpu.instr_slti }
    New input vector for $reduce_or cell $techmap\soc.cpu.$reduce_or$../picorv32.v:878$2027: { \soc.cpu.instr_lhu \soc.cpu.instr_lbu \soc.cpu.instr_lw }
    New input vector for $reduce_or cell $techmap\soc.cpu.$reduce_or$../picorv32.v:877$2026: { \soc.cpu.instr_sltu \soc.cpu.instr_sltiu \soc.cpu.instr_bltu }
    New input vector for $reduce_or cell $techmap\soc.cpu.$reduce_or$../picorv32.v:876$2025: { \soc.cpu.instr_slt \soc.cpu.instr_slti \soc.cpu.instr_blt }
    New input vector for $reduce_or cell $techmap\soc.cpu.$reduce_or$../picorv32.v:875$2024: { \soc.cpu.instr_sub \soc.cpu.instr_add \soc.cpu.instr_addi \soc.cpu.instr_jalr \soc.cpu.instr_jal \soc.cpu.instr_auipc \soc.cpu.instr_lui }
    New input vector for $reduce_or cell $techmap\soc.cpu.$reduce_or$../picorv32.v:874$2023: { \soc.cpu.instr_jal \soc.cpu.instr_auipc \soc.cpu.instr_lui }
    New input vector for $reduce_or cell $techmap\soc.cpu.$reduce_or$../picorv32.v:391$1898: { \soc.cpu.mem_state [0] \soc.cpu.mem_state [1] }
    New input vector for $reduce_or cell $techmap\soc.cpu.$reduce_or$../picorv32.v:1571$2392: { $techmap\soc.cpu.$and$../picorv32.v:1362$2336_Y [0] $techmap\soc.cpu.$and$../picorv32.v:1362$2336_Y [1] $techmap\soc.cpu.$and$../picorv32.v:1362$2336_Y [2] $techmap\soc.cpu.$and$../picorv32.v:1362$2336_Y [3] $techmap\soc.cpu.$and$../picorv32.v:1362$2336_Y [4] $techmap\soc.cpu.$and$../picorv32.v:1362$2336_Y [5] $techmap\soc.cpu.$and$../picorv32.v:1362$2336_Y [6] $techmap\soc.cpu.$and$../picorv32.v:1362$2336_Y [7] $techmap\soc.cpu.$and$../picorv32.v:1362$2336_Y [8] $techmap\soc.cpu.$and$../picorv32.v:1362$2336_Y [9] $techmap\soc.cpu.$and$../picorv32.v:1362$2336_Y [10] $techmap\soc.cpu.$and$../picorv32.v:1362$2336_Y [11] $techmap\soc.cpu.$and$../picorv32.v:1362$2336_Y [12] $techmap\soc.cpu.$and$../picorv32.v:1362$2336_Y [13] $techmap\soc.cpu.$and$../picorv32.v:1362$2336_Y [14] $techmap\soc.cpu.$and$../picorv32.v:1362$2336_Y [15] $techmap\soc.cpu.$and$../picorv32.v:1362$2336_Y [16] $techmap\soc.cpu.$and$../picorv32.v:1362$2336_Y [17] $techmap\soc.cpu.$and$../picorv32.v:1362$2336_Y [18] $techmap\soc.cpu.$and$../picorv32.v:1362$2336_Y [19] $techmap\soc.cpu.$and$../picorv32.v:1362$2336_Y [20] $techmap\soc.cpu.$and$../picorv32.v:1362$2336_Y [21] $techmap\soc.cpu.$and$../picorv32.v:1362$2336_Y [22] $techmap\soc.cpu.$and$../picorv32.v:1362$2336_Y [23] $techmap\soc.cpu.$and$../picorv32.v:1362$2336_Y [24] $techmap\soc.cpu.$and$../picorv32.v:1362$2336_Y [25] $techmap\soc.cpu.$and$../picorv32.v:1362$2336_Y [26] $techmap\soc.cpu.$and$../picorv32.v:1362$2336_Y [27] $techmap\soc.cpu.$and$../picorv32.v:1362$2336_Y [28] $techmap\soc.cpu.$and$../picorv32.v:1362$2336_Y [29] $techmap\soc.cpu.$and$../picorv32.v:1362$2336_Y [30] $techmap\soc.cpu.$and$../picorv32.v:1362$2336_Y [31] }
    New input vector for $reduce_or cell $techmap\soc.cpu.$reduce_or$../picorv32.v:1140$2283: { \soc.cpu.is_alu_reg_imm \soc.cpu.is_lb_lh_lw_lbu_lhu \soc.cpu.instr_jalr }
    New input vector for $reduce_or cell $techmap\soc.cpu.$reduce_or$../picorv32.v:1138$2281: { \soc.cpu.instr_auipc \soc.cpu.instr_lui }
    New input vector for $reduce_or cell $techmap\soc.cpu.$reduce_or$../picorv32.v:1123$2267: { $techmap\soc.cpu.$eq$../picorv32.v:1074$2134_Y $techmap\soc.cpu.$eq$../picorv32.v:1064$2118_Y $techmap\soc.cpu.$eq$../picorv32.v:1060$2112_Y $techmap\soc.cpu.$eq$../picorv32.v:1059$2110_Y $techmap\soc.cpu.$eq$../picorv32.v:1057$2106_Y $techmap\soc.cpu.$eq$../picorv32.v:1055$2102_Y }
    New input vector for $reduce_and cell $reduce_and$icebreaker_fit.v:32$1: { \reset_cnt [0] \reset_cnt [1] \reset_cnt [2] \reset_cnt [3] \reset_cnt [4] \reset_cnt [5] }
    New input vector for $reduce_and cell $techmap\soc.cpu.$reduce_and$../picorv32.v:625$2007: { \soc.cpu.mem_rdata [0] \soc.cpu.mem_rdata [1] }
    New input vector for $reduce_and cell $techmap\soc.cpu.$reduce_and$../picorv32.v:392$1908: { \soc.cpu.mem_rdata_latched [0] \soc.cpu.mem_rdata_latched [1] }
    New input vector for $reduce_and cell $techmap\soc.cpu.$reduce_and$../picorv32.v:391$1903: { \soc.cpu.mem_state [0] \soc.cpu.mem_state [1] }
    New ctrl vector for $pmux cell $techmap\soc.cpu.$procmux$2925: { $techmap\soc.cpu.$procmux$2601_CMP $auto$opt_reduce.cc:132:opt_mux$6286 }
    New ctrl vector for $pmux cell $techmap\soc.cpu.$procmux$2938: { $auto$opt_reduce.cc:132:opt_mux$6288 $techmap\soc.cpu.$procmux$2600_CMP }
    New ctrl vector for $pmux cell $techmap\soc.cpu.$procmux$2951: { $techmap\soc.cpu.$procmux$2603_CMP $auto$opt_reduce.cc:132:opt_mux$6290 }
    New ctrl vector for $pmux cell $techmap\soc.cpu.$procmux$3148: { $techmap\soc.cpu.$eq$../picorv32.v:1346$2326_Y $techmap\soc.cpu.$procmux$2605_CMP $techmap\soc.cpu.$procmux$2603_CMP $techmap\soc.cpu.$procmux$2602_CMP $techmap\soc.cpu.$procmux$2600_CMP }
    New ctrl vector for $pmux cell $techmap\soc.cpu.$procmux$3207: { \soc.cpu.is_slli_srli_srai $auto$opt_reduce.cc:132:opt_mux$6292 }
    New ctrl vector for $pmux cell $techmap\soc.cpu.$procmux$3249: { $techmap\soc.cpu.$eq$../picorv32.v:1346$2326_Y $techmap\soc.cpu.$procmux$2603_CMP }
    New ctrl vector for $pmux cell $techmap\soc.cpu.$procmux$3389: { $techmap\soc.cpu.$eq$../picorv32.v:1346$2326_Y $techmap\soc.cpu.$procmux$2605_CMP $techmap\soc.cpu.$procmux$2603_CMP $auto$opt_reduce.cc:132:opt_mux$6294 }
    New ctrl vector for $pmux cell $techmap\soc.cpu.$procmux$3412: $auto$opt_reduce.cc:132:opt_mux$6296
    New ctrl vector for $pmux cell $techmap\soc.cpu.$procmux$2599: { $techmap\soc.cpu.$eq$../picorv32.v:1346$2326_Y $auto$opt_reduce.cc:132:opt_mux$6298 }
    New ctrl vector for $pmux cell $techmap\soc.cpu.$procmux$3495: { \soc.cpu.instr_trap $auto$opt_reduce.cc:132:opt_mux$6302 $techmap\soc.cpu.$logic_and$../picorv32.v:1729$2432_Y \soc.cpu.is_slli_srli_srai $auto$opt_reduce.cc:132:opt_mux$6300 }
    New ctrl vector for $pmux cell $techmap\soc.cpu.$procmux$3667: { $techmap\soc.cpu.$eq$../picorv32.v:1346$2326_Y $techmap\soc.cpu.$procmux$2605_CMP $techmap\soc.cpu.$procmux$2604_CMP $techmap\soc.cpu.$procmux$2602_CMP }
    New ctrl vector for $pmux cell $techmap\soc.cpu.$procmux$3693: { $techmap\soc.cpu.$logic_and$../picorv32.v:1729$2432_Y $auto$opt_reduce.cc:132:opt_mux$6306 $auto$opt_reduce.cc:132:opt_mux$6304 }
    New ctrl vector for $pmux cell $techmap\soc.cpu.$procmux$3874: { $auto$opt_reduce.cc:132:opt_mux$6310 $auto$opt_reduce.cc:132:opt_mux$6308 }
    New ctrl vector for $pmux cell $techmap\soc.cpu.$procmux$3925: { \soc.cpu.is_lui_auipc_jal $auto$opt_reduce.cc:132:opt_mux$6312 }
    New ctrl vector for $pmux cell $techmap\soc.cpu.$procmux$4042: $auto$opt_reduce.cc:132:opt_mux$6314
    New ctrl vector for $pmux cell $techmap\soc.cpu.$procmux$4132: { $techmap\soc.cpu.$procmux$4129_CMP $techmap\soc.cpu.$procmux$4147_CMP $techmap\soc.cpu.$procmux$4125_CMP $auto$opt_reduce.cc:132:opt_mux$6316 }
    New ctrl vector for $pmux cell $techmap\soc.cpu.$procmux$4150: $auto$opt_reduce.cc:132:opt_mux$6318
    New ctrl vector for $pmux cell $techmap\soc.cpu.$procmux$4218: { $techmap\soc.cpu.$procmux$4129_CMP $techmap\soc.cpu.$procmux$4147_CMP $techmap\soc.cpu.$procmux$4125_CMP $auto$opt_reduce.cc:132:opt_mux$6320 }
    New ctrl vector for $pmux cell $techmap\soc.cpu.$procmux$4236: { $techmap\soc.cpu.$procmux$4129_CMP $auto$opt_reduce.cc:132:opt_mux$6322 }
    New ctrl vector for $pmux cell $techmap\soc.cpu.$procmux$4284: { $auto$opt_reduce.cc:132:opt_mux$6324 $techmap\soc.cpu.$procmux$4147_CMP $techmap\soc.cpu.$procmux$4125_CMP }
    New ctrl vector for $pmux cell $techmap\soc.cpu.$procmux$4305: $auto$opt_reduce.cc:132:opt_mux$6326
    New ctrl vector for $pmux cell $techmap\soc.cpu.$procmux$4426: { $techmap\soc.cpu.$procmux$4434_CMP $auto$opt_reduce.cc:132:opt_mux$6328 $techmap\soc.cpu.$procmux$4147_CMP $techmap\soc.cpu.$procmux$4125_CMP }
    New ctrl vector for $pmux cell $techmap\soc.cpu.$procmux$4438: $auto$opt_reduce.cc:132:opt_mux$6330
    New ctrl vector for $pmux cell $techmap\soc.cpu.$procmux$4598: $auto$opt_reduce.cc:132:opt_mux$6332
    New ctrl vector for $pmux cell $techmap\soc.cpu.$procmux$4988: { $techmap\soc.cpu.$procmux$4125_CMP $auto$opt_reduce.cc:132:opt_mux$6334 }
    New ctrl vector for $pmux cell $techmap\soc.cpu.$procmux$5003: { $techmap\soc.cpu.$procmux$4125_CMP $auto$opt_reduce.cc:132:opt_mux$6336 }
    New ctrl vector for $pmux cell $techmap\soc.cpu.$procmux$5021: $auto$opt_reduce.cc:132:opt_mux$6338
    New ctrl vector for $pmux cell $techmap\soc.cpu.$procmux$5034: $auto$opt_reduce.cc:132:opt_mux$6340
    New ctrl vector for $pmux cell $techmap\soc.cpu.$procmux$5059: { $auto$opt_reduce.cc:132:opt_mux$6342 $techmap\soc.cpu.$procmux$4147_CMP $techmap\soc.cpu.$procmux$4125_CMP }
    New ctrl vector for $pmux cell $techmap\soc.cpu.$procmux$5094: { $techmap\soc.cpu.$procmux$4129_CMP $techmap\soc.cpu.$procmux$4125_CMP $auto$opt_reduce.cc:132:opt_mux$6344 }
    New ctrl vector for $pmux cell $techmap\soc.cpu.$procmux$5109: { $techmap\soc.cpu.$procmux$4147_CMP $techmap\soc.cpu.$procmux$4125_CMP $auto$opt_reduce.cc:132:opt_mux$6346 $techmap\soc.cpu.$procmux$4133_CMP }
    New ctrl vector for $pmux cell $techmap\soc.cpu.$procmux$5136: { $techmap\soc.cpu.$procmux$4129_CMP $auto$opt_reduce.cc:132:opt_mux$6348 }
    New ctrl vector for $pmux cell $techmap\soc.cpu.$procmux$5149: $auto$opt_reduce.cc:132:opt_mux$6350
    New ctrl vector for $pmux cell $techmap\soc.cpu.$procmux$5175: { $auto$opt_reduce.cc:132:opt_mux$6354 $techmap\soc.cpu.$procmux$4147_CMP $techmap\soc.cpu.$procmux$4125_CMP $auto$opt_reduce.cc:132:opt_mux$6352 }
    New ctrl vector for $pmux cell $techmap\soc.cpu.$procmux$5194: { $techmap\soc.cpu.$procmux$4129_CMP $auto$opt_reduce.cc:132:opt_mux$6356 }
    Consolidated identical input bits for $mux cell $techmap\soc.cpu.cpuregs.$procmux$5250:
      Old ports: A=0, B=32'11111111111111111111111111111111, Y=$techmap\soc.cpu.cpuregs.$0$memwr$\regs$picosoc.v:237$190_EN[31:0]$194
      New ports: A=1'0, B=1'1, Y=$techmap\soc.cpu.cpuregs.$0$memwr$\regs$picosoc.v:237$190_EN[31:0]$194 [0]
      New connections: $techmap\soc.cpu.cpuregs.$0$memwr$\regs$picosoc.v:237$190_EN[31:0]$194 [31:1] = { $techmap\soc.cpu.cpuregs.$0$memwr$\regs$picosoc.v:237$190_EN[31:0]$194 [0] $techmap\soc.cpu.cpuregs.$0$memwr$\regs$picosoc.v:237$190_EN[31:0]$194 [0] $techmap\soc.cpu.cpuregs.$0$memwr$\regs$picosoc.v:237$190_EN[31:0]$194 [0] $techmap\soc.cpu.cpuregs.$0$memwr$\regs$picosoc.v:237$190_EN[31:0]$194 [0] $techmap\soc.cpu.cpuregs.$0$memwr$\regs$picosoc.v:237$190_EN[31:0]$194 [0] $techmap\soc.cpu.cpuregs.$0$memwr$\regs$picosoc.v:237$190_EN[31:0]$194 [0] $techmap\soc.cpu.cpuregs.$0$memwr$\regs$picosoc.v:237$190_EN[31:0]$194 [0] $techmap\soc.cpu.cpuregs.$0$memwr$\regs$picosoc.v:237$190_EN[31:0]$194 [0] $techmap\soc.cpu.cpuregs.$0$memwr$\regs$picosoc.v:237$190_EN[31:0]$194 [0] $techmap\soc.cpu.cpuregs.$0$memwr$\regs$picosoc.v:237$190_EN[31:0]$194 [0] $techmap\soc.cpu.cpuregs.$0$memwr$\regs$picosoc.v:237$190_EN[31:0]$194 [0] $techmap\soc.cpu.cpuregs.$0$memwr$\regs$picosoc.v:237$190_EN[31:0]$194 [0] $techmap\soc.cpu.cpuregs.$0$memwr$\regs$picosoc.v:237$190_EN[31:0]$194 [0] $techmap\soc.cpu.cpuregs.$0$memwr$\regs$picosoc.v:237$190_EN[31:0]$194 [0] $techmap\soc.cpu.cpuregs.$0$memwr$\regs$picosoc.v:237$190_EN[31:0]$194 [0] $techmap\soc.cpu.cpuregs.$0$memwr$\regs$picosoc.v:237$190_EN[31:0]$194 [0] $techmap\soc.cpu.cpuregs.$0$memwr$\regs$picosoc.v:237$190_EN[31:0]$194 [0] $techmap\soc.cpu.cpuregs.$0$memwr$\regs$picosoc.v:237$190_EN[31:0]$194 [0] $techmap\soc.cpu.cpuregs.$0$memwr$\regs$picosoc.v:237$190_EN[31:0]$194 [0] $techmap\soc.cpu.cpuregs.$0$memwr$\regs$picosoc.v:237$190_EN[31:0]$194 [0] $techmap\soc.cpu.cpuregs.$0$memwr$\regs$picosoc.v:237$190_EN[31:0]$194 [0] $techmap\soc.cpu.cpuregs.$0$memwr$\regs$picosoc.v:237$190_EN[31:0]$194 [0] $techmap\soc.cpu.cpuregs.$0$memwr$\regs$picosoc.v:237$190_EN[31:0]$194 [0] $techmap\soc.cpu.cpuregs.$0$memwr$\regs$picosoc.v:237$190_EN[31:0]$194 [0] $techmap\soc.cpu.cpuregs.$0$memwr$\regs$picosoc.v:237$190_EN[31:0]$194 [0] $techmap\soc.cpu.cpuregs.$0$memwr$\regs$picosoc.v:237$190_EN[31:0]$194 [0] $techmap\soc.cpu.cpuregs.$0$memwr$\regs$picosoc.v:237$190_EN[31:0]$194 [0] $techmap\soc.cpu.cpuregs.$0$memwr$\regs$picosoc.v:237$190_EN[31:0]$194 [0] $techmap\soc.cpu.cpuregs.$0$memwr$\regs$picosoc.v:237$190_EN[31:0]$194 [0] $techmap\soc.cpu.cpuregs.$0$memwr$\regs$picosoc.v:237$190_EN[31:0]$194 [0] $techmap\soc.cpu.cpuregs.$0$memwr$\regs$picosoc.v:237$190_EN[31:0]$194 [0] }
    New ctrl vector for $pmux cell $techmap\soc.simpleuart.$procmux$5318: $auto$opt_reduce.cc:132:opt_mux$6358
    New ctrl vector for $pmux cell $techmap\soc.spimemio.$procmux$5937: { $techmap\soc.spimemio.$procmux$5780_CMP $auto$opt_reduce.cc:132:opt_mux$6360 $techmap\soc.spimemio.$procmux$5766_CMP $techmap\soc.spimemio.$procmux$5763_CMP $techmap\soc.spimemio.$procmux$5760_CMP $techmap\soc.spimemio.$procmux$5757_CMP }
    New ctrl vector for $pmux cell $techmap\soc.spimemio.xfer.$procmux$5467: $auto$opt_reduce.cc:132:opt_mux$6362
    New ctrl vector for $pmux cell $techmap\soc.cpu.$procmux$2621: { $techmap\soc.cpu.$eq$../picorv32.v:1346$2326_Y $techmap\soc.cpu.$procmux$2605_CMP $auto$opt_reduce.cc:132:opt_mux$6364 }
    New ctrl vector for $pmux cell $techmap\soc.spimemio.xfer.$procmux$5612: { $techmap\soc.spimemio.xfer.$procmux$5470_CMP $auto$opt_reduce.cc:132:opt_mux$6366 }
    New ctrl vector for $pmux cell $techmap\soc.spimemio.xfer.$procmux$5622: { $techmap\soc.spimemio.xfer.$procmux$5470_CMP $auto$opt_reduce.cc:132:opt_mux$6368 }
    New ctrl vector for $pmux cell $techmap\soc.spimemio.xfer.$procmux$5631: $auto$opt_reduce.cc:132:opt_mux$6370
    New ctrl vector for $pmux cell $techmap\soc.spimemio.xfer.$procmux$5639: $auto$opt_reduce.cc:132:opt_mux$6372
    New ctrl vector for $pmux cell $techmap\soc.spimemio.xfer.$procmux$5647: $auto$opt_reduce.cc:132:opt_mux$6374
    New ctrl vector for $pmux cell $techmap\soc.spimemio.xfer.$procmux$5655: $auto$opt_reduce.cc:132:opt_mux$6376
    New ctrl vector for $pmux cell $techmap\soc.cpu.$procmux$2644: { $techmap\soc.cpu.$eq$../picorv32.v:1346$2326_Y $auto$opt_reduce.cc:132:opt_mux$6378 }
    New ctrl vector for $pmux cell $techmap\soc.spimemio.xfer.$procmux$5664: { $techmap\soc.spimemio.xfer.$procmux$5470_CMP $auto$opt_reduce.cc:132:opt_mux$6380 }
    New ctrl vector for $pmux cell $techmap\soc.spimemio.xfer.$procmux$5674: { $techmap\soc.spimemio.xfer.$procmux$5470_CMP $auto$opt_reduce.cc:132:opt_mux$6382 }
    New input vector for $reduce_or cell $auto$opt_reduce.cc:126:opt_mux$6285: { $techmap\soc.cpu.$procmux$2607_CMP $techmap\soc.cpu.$procmux$2605_CMP $techmap\soc.cpu.$procmux$2604_CMP $techmap\soc.cpu.$procmux$2603_CMP $techmap\soc.cpu.$procmux$2602_CMP $techmap\soc.cpu.$procmux$2600_CMP $techmap\soc.cpu.$eq$../picorv32.v:1346$2326_Y }
    New input vector for $reduce_or cell $auto$opt_reduce.cc:126:opt_mux$6287: { $techmap\soc.cpu.$procmux$2607_CMP $techmap\soc.cpu.$procmux$2605_CMP $techmap\soc.cpu.$procmux$2604_CMP $techmap\soc.cpu.$procmux$2603_CMP $techmap\soc.cpu.$procmux$2602_CMP $techmap\soc.cpu.$procmux$2601_CMP $techmap\soc.cpu.$eq$../picorv32.v:1346$2326_Y }
    New input vector for $reduce_or cell $auto$opt_reduce.cc:126:opt_mux$6289: { $techmap\soc.cpu.$procmux$2607_CMP $techmap\soc.cpu.$procmux$2605_CMP $techmap\soc.cpu.$procmux$2604_CMP $techmap\soc.cpu.$procmux$2602_CMP $techmap\soc.cpu.$procmux$2601_CMP $techmap\soc.cpu.$procmux$2600_CMP $techmap\soc.cpu.$eq$../picorv32.v:1346$2326_Y }
    New input vector for $reduce_or cell $auto$opt_reduce.cc:126:opt_mux$6291: { $techmap\soc.cpu.$logic_and$../picorv32.v:1729$2432_Y \soc.cpu.is_jalr_addi_slti_sltiu_xori_ori_andi \soc.cpu.is_lui_auipc_jal \soc.cpu.instr_trap \soc.cpu.instr_timer \soc.cpu.instr_maskirq \soc.cpu.instr_retirq }
    New input vector for $reduce_or cell $auto$opt_reduce.cc:126:opt_mux$6295: { \soc.cpu.instr_timer \soc.cpu.instr_maskirq \soc.cpu.instr_retirq }
    New input vector for $reduce_or cell $auto$opt_reduce.cc:126:opt_mux$6299: { \soc.cpu.is_jalr_addi_slti_sltiu_xori_ori_andi \soc.cpu.is_lui_auipc_jal }
    New input vector for $reduce_or cell $auto$opt_reduce.cc:126:opt_mux$6301: { \soc.cpu.instr_timer \soc.cpu.instr_maskirq \soc.cpu.instr_retirq }
    New input vector for $reduce_or cell $auto$opt_reduce.cc:126:opt_mux$6303: { \soc.cpu.is_jalr_addi_slti_sltiu_xori_ori_andi \soc.cpu.is_lui_auipc_jal }
    New input vector for $reduce_or cell $auto$opt_reduce.cc:126:opt_mux$6305: { \soc.cpu.is_slli_srli_srai \soc.cpu.instr_trap \soc.cpu.instr_timer \soc.cpu.instr_maskirq \soc.cpu.instr_retirq }
    New input vector for $reduce_or cell $auto$opt_reduce.cc:126:opt_mux$6307: { \soc.cpu.is_jalr_addi_slti_sltiu_xori_ori_andi \soc.cpu.is_lui_auipc_jal }
    New input vector for $reduce_or cell $auto$opt_reduce.cc:126:opt_mux$6309: { $techmap\soc.cpu.$logic_and$../picorv32.v:1729$2432_Y \soc.cpu.is_slli_srli_srai \soc.cpu.instr_trap \soc.cpu.instr_timer \soc.cpu.instr_maskirq \soc.cpu.instr_retirq }
    New input vector for $reduce_or cell $auto$opt_reduce.cc:126:opt_mux$6311: { \soc.cpu.instr_trap \soc.cpu.instr_timer \soc.cpu.instr_maskirq \soc.cpu.instr_retirq }
    New input vector for $reduce_or cell $auto$opt_reduce.cc:126:opt_mux$6313: { $techmap\soc.cpu.$logic_and$../picorv32.v:1353$2330_Y \soc.cpu.latched_branch \soc.cpu.irq_state [0] \soc.cpu.irq_state [1] }
    New input vector for $reduce_or cell $auto$opt_reduce.cc:126:opt_mux$6323: { $techmap\soc.cpu.$procmux$4152_CMP $techmap\soc.cpu.$procmux$4129_CMP }
    New input vector for $reduce_or cell $auto$opt_reduce.cc:126:opt_mux$6327: { $techmap\soc.cpu.$procmux$4152_CMP $techmap\soc.cpu.$procmux$4129_CMP }
    New input vector for $reduce_or cell $auto$opt_reduce.cc:126:opt_mux$6329: { $techmap\soc.cpu.$procmux$4152_CMP $techmap\soc.cpu.$procmux$4129_CMP }
    New input vector for $reduce_or cell $auto$opt_reduce.cc:126:opt_mux$6331: { $techmap\soc.cpu.$procmux$4599_CMP $techmap\soc.cpu.$procmux$4434_CMP }
    New input vector for $reduce_or cell $auto$opt_reduce.cc:126:opt_mux$6333: { $techmap\soc.cpu.$procmux$4152_CMP $techmap\soc.cpu.$procmux$4134_CMP $techmap\soc.cpu.$procmux$4129_CMP }
    New input vector for $reduce_or cell $auto$opt_reduce.cc:126:opt_mux$6335: { $techmap\soc.cpu.$procmux$4152_CMP $techmap\soc.cpu.$procmux$4147_CMP $techmap\soc.cpu.$procmux$4134_CMP $techmap\soc.cpu.$procmux$4133_CMP $techmap\soc.cpu.$procmux$4129_CMP }
    New input vector for $reduce_or cell $auto$opt_reduce.cc:126:opt_mux$6337: { $techmap\soc.cpu.$procmux$4152_CMP $techmap\soc.cpu.$procmux$4134_CMP $techmap\soc.cpu.$procmux$4129_CMP }
    New input vector for $reduce_or cell $auto$opt_reduce.cc:126:opt_mux$6341: { $techmap\soc.cpu.$procmux$4152_CMP $techmap\soc.cpu.$procmux$4129_CMP }
    New input vector for $reduce_or cell $auto$opt_reduce.cc:126:opt_mux$6345: { $techmap\soc.cpu.$procmux$4152_CMP $techmap\soc.cpu.$procmux$4134_CMP $techmap\soc.cpu.$procmux$4129_CMP }
    New input vector for $reduce_or cell $auto$opt_reduce.cc:126:opt_mux$6353: { $techmap\soc.cpu.$procmux$4152_CMP $techmap\soc.cpu.$procmux$4129_CMP }
  Optimizing cells in module \icebreaker_fit.
Performed a total of 90 changes.

7.10.5. Executing OPT_MERGE pass (detect identical cells).
Finding identical cells in module `\icebreaker_fit'.
<suppressed ~177 debug messages>
Removed a total of 59 cells.

7.10.6. Executing OPT_RMDFF pass (remove dff with constant values).
Removing $techmap\soc.cpu.$procdff$6165 ($dff) from module icebreaker_fit.
Removing $techmap\soc.cpu.$procdff$6168 ($dff) from module icebreaker_fit.
Removing $techmap\soc.cpu.$procdff$6169 ($dff) from module icebreaker_fit.
Removing $techmap\soc.cpu.$procdff$6163 ($dff) from module icebreaker_fit.
Removing $techmap\soc.cpu.$procdff$6164 ($dff) from module icebreaker_fit.
Removing $techmap\soc.cpu.$procdff$6075 ($dff) from module icebreaker_fit.
Removing $techmap\soc.cpu.$procdff$6116 ($dff) from module icebreaker_fit.
Removing $techmap\soc.cpu.$procdff$6162 ($dff) from module icebreaker_fit.
Replaced 8 DFF cells.

7.10.7. Executing OPT_CLEAN pass (remove unused cells and wires).
Finding unused cells or wires in module \icebreaker_fit..
Removed 20 unused cells and 692 unused wires.
<suppressed ~24 debug messages>

7.10.8. Executing OPT_EXPR pass (perform const folding).
Optimizing module icebreaker_fit.

7.10.9. Rerunning OPT passes. (Maybe there is more to do..)

7.10.10. Executing OPT_MUXTREE pass (detect dead branches in mux trees).
Running muxtree optimizer on module \icebreaker_fit..
  Creating internal representation of mux trees.
  Evaluating internal representation of mux trees.
  Analyzing evaluation results.
Removed 0 multiplexer ports.
<suppressed ~253 debug messages>

7.10.11. Executing OPT_REDUCE pass (consolidate $*mux and $reduce_* inputs).
  Optimizing cells in module \icebreaker_fit.
    New ctrl vector for $pmux cell $techmap\soc.cpu.$procmux$3019: $auto$opt_reduce.cc:132:opt_mux$6384
    New ctrl vector for $pmux cell $techmap\soc.cpu.$procmux$3036: { $techmap\soc.cpu.$procmux$2603_CMP $auto$opt_reduce.cc:132:opt_mux$6386 }
    New ctrl vector for $pmux cell $techmap\soc.cpu.$procmux$3454: { $techmap\soc.cpu.$eq$../picorv32.v:1346$2326_Y $techmap\soc.cpu.$procmux$2605_CMP $techmap\soc.cpu.$procmux$2604_CMP $techmap\soc.cpu.$procmux$2603_CMP $techmap\soc.cpu.$procmux$2602_CMP $auto$opt_reduce.cc:132:opt_mux$6388 }
    New ctrl vector for $pmux cell $techmap\soc.cpu.$procmux$4320: $auto$opt_reduce.cc:132:opt_mux$6390
    New ctrl vector for $pmux cell $techmap\soc.cpu.$procmux$5032: { $techmap\soc.cpu.$procmux$4149_CMP $auto$opt_reduce.cc:132:opt_mux$6392 }
    New ctrl vector for $pmux cell $techmap\soc.spimemio.$procmux$5742: $auto$opt_reduce.cc:132:opt_mux$6394
    New ctrl vector for $pmux cell $techmap\soc.spimemio.$procmux$5844: { $techmap\soc.spimemio.$procmux$5780_CMP $auto$opt_reduce.cc:132:opt_mux$6396 $techmap\soc.spimemio.$procmux$5757_CMP }
  Optimizing cells in module \icebreaker_fit.
Performed a total of 7 changes.

7.10.12. Executing OPT_MERGE pass (detect identical cells).
Finding identical cells in module `\icebreaker_fit'.
<suppressed ~9 debug messages>
Removed a total of 3 cells.

7.10.13. Executing OPT_RMDFF pass (remove dff with constant values).

7.10.14. Executing OPT_CLEAN pass (remove unused cells and wires).
Finding unused cells or wires in module \icebreaker_fit..
Removed 0 unused cells and 3 unused wires.
<suppressed ~1 debug messages>

7.10.15. Executing OPT_EXPR pass (perform const folding).
Optimizing module icebreaker_fit.

7.10.16. Rerunning OPT passes. (Maybe there is more to do..)

7.10.17. Executing OPT_MUXTREE pass (detect dead branches in mux trees).
Running muxtree optimizer on module \icebreaker_fit..
  Creating internal representation of mux trees.
  Evaluating internal representation of mux trees.
  Analyzing evaluation results.
Removed 0 multiplexer ports.
<suppressed ~253 debug messages>

7.10.18. Executing OPT_REDUCE pass (consolidate $*mux and $reduce_* inputs).
  Optimizing cells in module \icebreaker_fit.
Performed a total of 0 changes.

7.10.19. Executing OPT_MERGE pass (detect identical cells).
Finding identical cells in module `\icebreaker_fit'.
Removed a total of 0 cells.

7.10.20. Executing OPT_RMDFF pass (remove dff with constant values).

7.10.21. Executing OPT_CLEAN pass (remove unused cells and wires).
Finding unused cells or wires in module \icebreaker_fit..

7.10.22. Executing OPT_EXPR pass (perform const folding).
Optimizing module icebreaker_fit.

7.10.23. Finished OPT passes. (There is nothing left to do.)

7.11. Executing WREDUCE pass (reducing word size of cells).
Removed top 5 bits (of 6) from port B of cell icebreaker_fit.$add$icebreaker_fit.v:35$4 ($add).
Removed top 6 bits (of 8) from port B of cell icebreaker_fit.$eq$icebreaker_fit.v:76$11 ($eq).
Removed top 14 bits (of 32) from port B of cell icebreaker_fit.$techmap\soc.$lt$picosoc.v:209$1137 ($lt).
Removed top 6 bits (of 32) from port B of cell icebreaker_fit.$techmap\soc.$lt$picosoc.v:162$1127 ($lt).
Removed top 14 bits (of 32) from port B of cell icebreaker_fit.$techmap\soc.$ge$picosoc.v:162$1125 ($ge).
Removed top 6 bits (of 32) from port B of cell icebreaker_fit.$techmap\soc.$eq$picosoc.v:123$1108 ($eq).
Removed top 6 bits (of 32) from port B of cell icebreaker_fit.$techmap\soc.$eq$picosoc.v:120$1106 ($eq).
Removed top 6 bits (of 32) from port B of cell icebreaker_fit.$techmap\soc.$eq$picosoc.v:117$1104 ($eq).
Removed top 7 bits (of 8) from port B of cell icebreaker_fit.$techmap\soc.$gt$picosoc.v:112$1102 ($gt).
Removed top 16 bits (of 32) from mux cell icebreaker_fit.$techmap\soc.cpu.$procmux$5213 ($pmux).
Removed top 1 bits (of 2) from port B of cell icebreaker_fit.$techmap\soc.cpu.$procmux$5207_CMP0 ($eq).
Removed top 24 bits (of 32) from mux cell icebreaker_fit.$techmap\soc.cpu.$procmux$5204 ($pmux).
Removed top 2 bits (of 6) from mux cell icebreaker_fit.$techmap\soc.cpu.$procmux$5188 ($mux).
Removed top 1 bits (of 2) from port B of cell icebreaker_fit.$techmap\soc.cpu.$procmux$4873_CMP0 ($eq).
Removed top 2 bits (of 3) from port B of cell icebreaker_fit.$techmap\soc.cpu.$procmux$4434_CMP0 ($eq).
Removed top 2 bits (of 4) from mux cell icebreaker_fit.$techmap\soc.cpu.$procmux$4210 ($mux).
Removed top 1 bits (of 3) from port B of cell icebreaker_fit.$techmap\soc.cpu.$procmux$4152_CMP0 ($eq).
Removed top 1 bits (of 2) from port B of cell icebreaker_fit.$techmap\soc.cpu.$procmux$4149_CMP0 ($eq).
Removed top 1 bits (of 3) from port B of cell icebreaker_fit.$techmap\soc.cpu.$procmux$4147_CMP0 ($eq).
Removed cell icebreaker_fit.$techmap\soc.cpu.$procmux$4059 ($mux).
Removed top 4 bits (of 8) from mux cell icebreaker_fit.$techmap\soc.cpu.$procmux$3476 ($pmux).
Removed cell icebreaker_fit.$techmap\soc.cpu.$procmux$3221 ($mux).
Removed cell icebreaker_fit.$techmap\soc.cpu.$procmux$3201 ($mux).
Removed cell icebreaker_fit.$techmap\soc.cpu.$procmux$3188 ($mux).
Removed cell icebreaker_fit.$techmap\soc.cpu.$procmux$3185 ($mux).
Removed cell icebreaker_fit.$techmap\soc.cpu.$procmux$3183 ($mux).
Removed cell icebreaker_fit.$techmap\soc.cpu.$procmux$3151 ($mux).
Removed cell icebreaker_fit.$techmap\soc.cpu.$procmux$3146 ($mux).
Removed cell icebreaker_fit.$techmap\soc.cpu.$procmux$3144 ($mux).
Removed cell icebreaker_fit.$techmap\soc.cpu.$procmux$2909 ($mux).
Removed cell icebreaker_fit.$techmap\soc.cpu.$procmux$2906 ($mux).
Removed top 2 bits (of 8) from port B of cell icebreaker_fit.$techmap\soc.cpu.$procmux$2605_CMP0 ($eq).
Removed top 3 bits (of 8) from port B of cell icebreaker_fit.$techmap\soc.cpu.$procmux$2604_CMP0 ($eq).
Removed top 4 bits (of 8) from port B of cell icebreaker_fit.$techmap\soc.cpu.$procmux$2603_CMP0 ($eq).
Removed top 5 bits (of 8) from port B of cell icebreaker_fit.$techmap\soc.cpu.$procmux$2602_CMP0 ($eq).
Removed top 6 bits (of 8) from port B of cell icebreaker_fit.$techmap\soc.cpu.$procmux$2601_CMP0 ($eq).
Removed top 7 bits (of 8) from port B of cell icebreaker_fit.$techmap\soc.cpu.$procmux$2600_CMP0 ($eq).
Removed top 1 bits (of 2) from port B of cell icebreaker_fit.$techmap\soc.cpu.$eq$../picorv32.v:1963$2508 ($eq).
Removed top 31 bits (of 32) from port B of cell icebreaker_fit.$techmap\soc.cpu.$sub$../picorv32.v:1883$2479 ($sub).
Removed top 27 bits (of 32) from port Y of cell icebreaker_fit.$techmap\soc.cpu.$sub$../picorv32.v:1883$2479 ($sub).
Removed top 29 bits (of 32) from port B of cell icebreaker_fit.$techmap\soc.cpu.$sub$../picorv32.v:1875$2472 ($sub).
Removed top 27 bits (of 32) from port Y of cell icebreaker_fit.$techmap\soc.cpu.$sub$../picorv32.v:1875$2472 ($sub).
Removed top 29 bits (of 32) from port B of cell icebreaker_fit.$techmap\soc.cpu.$ge$../picorv32.v:1868$2464 ($ge).
Removed top 29 bits (of 32) from mux cell icebreaker_fit.$techmap\soc.cpu.$ternary$../picorv32.v:1585$2405 ($mux).
Removed top 29 bits (of 32) from mux cell icebreaker_fit.$techmap\soc.cpu.$ternary$../picorv32.v:1579$2400 ($mux).
Removed top 1 bits (of 2) from port B of cell icebreaker_fit.$techmap\soc.cpu.$eq$../picorv32.v:1574$2397 ($eq).
Removed top 31 bits (of 32) from port B of cell icebreaker_fit.$techmap\soc.cpu.$sub$../picorv32.v:1476$2360 ($sub).
Removed top 29 bits (of 32) from mux cell icebreaker_fit.$techmap\soc.cpu.$ternary$../picorv32.v:1350$2327 ($mux).
Removed top 1 bits (of 8) from port B of cell icebreaker_fit.$techmap\soc.cpu.$eq$../picorv32.v:1346$2326 ($eq).
Removed top 4 bits (of 7) from port B of cell icebreaker_fit.$techmap\soc.cpu.$eq$../picorv32.v:1108$2246 ($eq).
Removed top 5 bits (of 7) from port B of cell icebreaker_fit.$techmap\soc.cpu.$eq$../picorv32.v:1107$2242 ($eq).
Removed top 3 bits (of 7) from port B of cell icebreaker_fit.$techmap\soc.cpu.$eq$../picorv32.v:1107$2241 ($eq).
Removed top 3 bits (of 7) from port B of cell icebreaker_fit.$techmap\soc.cpu.$eq$../picorv32.v:1103$2228 ($eq).
Removed top 1 bits (of 7) from port B of cell icebreaker_fit.$techmap\soc.cpu.$eq$../picorv32.v:1081$2152 ($eq).
Removed top 1 bits (of 3) from port B of cell icebreaker_fit.$techmap\soc.cpu.$eq$../picorv32.v:1074$2134 ($eq).
Removed top 1 bits (of 3) from port B of cell icebreaker_fit.$techmap\soc.cpu.$eq$../picorv32.v:1064$2118 ($eq).
Removed top 2 bits (of 3) from port B of cell icebreaker_fit.$techmap\soc.cpu.$eq$../picorv32.v:1056$2104 ($eq).
Removed top 28 bits (of 32) from port A of cell icebreaker_fit.$techmap\soc.cpu.$add$../picorv32.v:927$2062 ($add).
Removed top 27 bits (of 32) from port Y of cell icebreaker_fit.$techmap\soc.cpu.$add$../picorv32.v:927$2062 ($add).
Removed top 28 bits (of 32) from port A of cell icebreaker_fit.$techmap\soc.cpu.$add$../picorv32.v:923$2061 ($add).
Removed top 27 bits (of 32) from port Y of cell icebreaker_fit.$techmap\soc.cpu.$add$../picorv32.v:923$2061 ($add).
Removed top 1 bits (of 7) from port B of cell icebreaker_fit.$techmap\soc.cpu.$eq$../picorv32.v:893$2048 ($eq).
Removed top 2 bits (of 7) from port B of cell icebreaker_fit.$techmap\soc.cpu.$eq$../picorv32.v:892$2047 ($eq).
Removed top 1 bits (of 7) from port B of cell icebreaker_fit.$techmap\soc.cpu.$eq$../picorv32.v:891$2046 ($eq).
Removed top 5 bits (of 7) from port B of cell icebreaker_fit.$techmap\soc.cpu.$eq$../picorv32.v:890$2045 ($eq).
Removed top 4 bits (of 7) from port B of cell icebreaker_fit.$techmap\soc.cpu.$eq$../picorv32.v:887$2041 ($eq).
Removed top 5 bits (of 7) from port B of cell icebreaker_fit.$techmap\soc.cpu.$eq$../picorv32.v:886$2037 ($eq).
Removed top 3 bits (of 7) from port B of cell icebreaker_fit.$techmap\soc.cpu.$eq$../picorv32.v:886$2036 ($eq).
Removed top 2 bits (of 7) from port B of cell icebreaker_fit.$techmap\soc.cpu.$eq$../picorv32.v:883$2031 ($eq).
Removed top 1 bits (of 7) from port B of cell icebreaker_fit.$techmap\soc.cpu.$eq$../picorv32.v:882$2030 ($eq).
Removed top 30 bits (of 32) from mux cell icebreaker_fit.$techmap\soc.cpu.$ternary$../picorv32.v:632$2011 ($mux).
Removed top 1 bits (of 7) from mux cell icebreaker_fit.$techmap\soc.cpu.$ternary$../picorv32.v:506$1967 ($mux).
Removed top 1 bits (of 2) from port B of cell icebreaker_fit.$techmap\soc.cpu.$eq$../picorv32.v:503$1963 ($eq).
Removed top 1 bits (of 3) from port B of cell icebreaker_fit.$techmap\soc.cpu.$eq$../picorv32.v:501$1961 ($eq).
Removed top 1 bits (of 2) from port B of cell icebreaker_fit.$techmap\soc.cpu.$eq$../picorv32.v:493$1959 ($eq).
Removed top 3 bits (of 5) from port B of cell icebreaker_fit.$techmap\soc.cpu.$eq$../picorv32.v:480$1957 ($eq).
Removed top 3 bits (of 4) from port A of cell icebreaker_fit.$techmap\soc.cpu.$shl$../picorv32.v:434$1950 ($shl).
Removed top 16 bits (of 32) from mux cell icebreaker_fit.$techmap\soc.cpu.$ternary$../picorv32.v:403$1942 ($mux).
Removed top 16 bits (of 32) from mux cell icebreaker_fit.$techmap\soc.cpu.$ternary$../picorv32.v:403$1940 ($mux).
Removed top 3 bits (of 4) from port B of cell icebreaker_fit.$techmap\soc.simpleuart.$procmux$5320_CMP0 ($eq).
Removed top 31 bits (of 32) from port B of cell icebreaker_fit.$techmap\soc.simpleuart.$sub$simpleuart.v:132$146 ($sub).
Removed top 28 bits (of 32) from port Y of cell icebreaker_fit.$techmap\soc.simpleuart.$sub$simpleuart.v:132$146 ($sub).
Removed top 31 bits (of 32) from port B of cell icebreaker_fit.$techmap\soc.simpleuart.$add$simpleuart.v:112$138 ($add).
Removed top 31 bits (of 32) from port B of cell icebreaker_fit.$techmap\soc.simpleuart.$add$simpleuart.v:99$135 ($add).
Removed top 28 bits (of 32) from port Y of cell icebreaker_fit.$techmap\soc.simpleuart.$add$simpleuart.v:99$135 ($add).
Removed top 31 bits (of 32) from port B of cell icebreaker_fit.$techmap\soc.simpleuart.$add$simpleuart.v:74$129 ($add).
Removed cell icebreaker_fit.$techmap\soc.cpu.cpuregs.$procmux$5252 ($mux).
Removed top 1 bits (of 2) from port B of cell icebreaker_fit.$techmap\soc.spimemio.$procmux$5971_CMP0 ($eq).
Removed top 3 bits (of 4) from mux cell icebreaker_fit.$techmap\soc.spimemio.$procmux$5797 ($mux).
Removed top 2 bits (of 4) from port B of cell icebreaker_fit.$techmap\soc.spimemio.$procmux$5789_CMP0 ($eq).
Removed top 1 bits (of 4) from port B of cell icebreaker_fit.$techmap\soc.spimemio.$procmux$5783_CMP0 ($eq).
Removed top 1 bits (of 4) from port B of cell icebreaker_fit.$techmap\soc.spimemio.$procmux$5780_CMP0 ($eq).
Removed top 1 bits (of 4) from port B of cell icebreaker_fit.$techmap\soc.spimemio.$procmux$5775_CMP0 ($eq).
Removed top 1 bits (of 4) from port B of cell icebreaker_fit.$techmap\soc.spimemio.$procmux$5772_CMP0 ($eq).
Removed top 3 bits (of 4) from port B of cell icebreaker_fit.$techmap\soc.spimemio.$procmux$5746_CMP0 ($eq).
Removed top 2 bits (of 4) from port B of cell icebreaker_fit.$techmap\soc.spimemio.$procmux$5743_CMP0 ($eq).
Removed top 1 bits (of 8) from mux cell icebreaker_fit.$techmap\soc.spimemio.$ternary$spimemio.v:316$69 ($mux).
Removed top 31 bits (of 32) from mux cell icebreaker_fit.$techmap\soc.spimemio.$ternary$spimemio.v:310$68 ($mux).
Removed top 8 bits (of 32) from mux cell icebreaker_fit.$techmap\soc.spimemio.$ternary$spimemio.v:226$64 ($mux).
Removed top 29 bits (of 32) from port B of cell icebreaker_fit.$techmap\soc.spimemio.$add$spimemio.v:226$62 ($add).
Removed top 7 bits (of 32) from port Y of cell icebreaker_fit.$techmap\soc.spimemio.$add$spimemio.v:226$62 ($add).
Removed top 1 bits (of 4) from port B of cell icebreaker_fit.$techmap\soc.spimemio.$eq$spimemio.v:224$60 ($eq).
Removed top 2 bits (of 4) from port B of cell icebreaker_fit.$techmap\soc.spimemio.$eq$spimemio.v:223$58 ($eq).
Removed top 2 bits (of 4) from port B of cell icebreaker_fit.$techmap\soc.spimemio.$eq$spimemio.v:222$56 ($eq).
Removed top 3 bits (of 4) from port B of cell icebreaker_fit.$techmap\soc.spimemio.$eq$spimemio.v:221$54 ($eq).
Removed top 7 bits (of 32) from port B of cell icebreaker_fit.$techmap\soc.spimemio.$ne$spimemio.v:72$26 ($ne).
Removed top 31 bits (of 32) from FF cell icebreaker_fit.$techmap\soc.cpu.cpuregs.$procdff$6225 ($dff).
Removed cell icebreaker_fit.$techmap\soc.cpu.cpuregs.$procmux$5254 ($mux).
Removed cell icebreaker_fit.$techmap\soc.spimemio.xfer.$procmux$5542 ($mux).
Removed cell icebreaker_fit.$techmap\soc.spimemio.xfer.$procmux$5540 ($mux).
Removed cell icebreaker_fit.$techmap\soc.spimemio.xfer.$procmux$5508 ($mux).
Removed cell icebreaker_fit.$techmap\soc.spimemio.xfer.$procmux$5506 ($mux).
Removed cell icebreaker_fit.$techmap\soc.spimemio.xfer.$procmux$5471 ($mux).
Removed top 1 bits (of 2) from port B of cell icebreaker_fit.$techmap\soc.spimemio.xfer.$procmux$5469_CMP0 ($eq).
Removed cell icebreaker_fit.$techmap\soc.spimemio.xfer.$procmux$5467 ($mux).
Removed cell icebreaker_fit.$techmap\soc.spimemio.xfer.$procmux$5465 ($mux).
Removed top 28 bits (of 32) from mux cell icebreaker_fit.$techmap\soc.spimemio.xfer.$ternary$spimemio.v:567$120 ($mux).
Removed top 31 bits (of 32) from mux cell icebreaker_fit.$techmap\soc.spimemio.xfer.$ternary$spimemio.v:551$108 ($mux).
Removed top 2 bits (of 4) from port B of cell icebreaker_fit.$techmap\soc.spimemio.xfer.$sub$spimemio.v:524$103 ($sub).
Removed top 1 bits (of 4) from port B of cell icebreaker_fit.$techmap\soc.spimemio.xfer.$sub$spimemio.v:491$91 ($sub).
Removed top 3 bits (of 4) from port B of cell icebreaker_fit.$techmap\soc.spimemio.xfer.$sub$spimemio.v:471$84 ($sub).
Removed top 5 bits (of 6) from wire icebreaker_fit.$logic_not$icebreaker_fit.v:35$3_Y.
Removed top 16 bits (of 32) from wire icebreaker_fit.$techmap\soc.cpu.$2\mem_rdata_word[31:0].
Removed top 24 bits (of 32) from wire icebreaker_fit.$techmap\soc.cpu.$3\mem_rdata_word[31:0].
Removed top 27 bits (of 32) from wire icebreaker_fit.$techmap\soc.cpu.$add$../picorv32.v:923$2061_Y.
Removed top 27 bits (of 32) from wire icebreaker_fit.$techmap\soc.cpu.$add$../picorv32.v:927$2062_Y.
Removed top 4 bits (of 8) from wire icebreaker_fit.$techmap\soc.cpu.$procmux$3476_Y.
Removed top 2 bits (of 4) from wire icebreaker_fit.$techmap\soc.cpu.$procmux$4210_Y.
Removed top 27 bits (of 32) from wire icebreaker_fit.$techmap\soc.cpu.$sub$../picorv32.v:1875$2472_Y.
Removed top 27 bits (of 32) from wire icebreaker_fit.$techmap\soc.cpu.$sub$../picorv32.v:1883$2479_Y.
Removed top 29 bits (of 32) from wire icebreaker_fit.$techmap\soc.cpu.$ternary$../picorv32.v:1350$2327_Y.
Removed top 29 bits (of 32) from wire icebreaker_fit.$techmap\soc.cpu.$ternary$../picorv32.v:1579$2400_Y.
Removed top 29 bits (of 32) from wire icebreaker_fit.$techmap\soc.cpu.$ternary$../picorv32.v:1585$2405_Y.
Removed top 1 bits (of 7) from wire icebreaker_fit.$techmap\soc.cpu.$ternary$../picorv32.v:506$1967_Y.
Removed top 30 bits (of 32) from wire icebreaker_fit.$techmap\soc.cpu.$ternary$../picorv32.v:632$2011_Y.
Removed top 28 bits (of 32) from wire icebreaker_fit.$techmap\soc.simpleuart.$add$simpleuart.v:99$135_Y.
Removed top 28 bits (of 32) from wire icebreaker_fit.$techmap\soc.simpleuart.$sub$simpleuart.v:132$146_Y.
Removed top 7 bits (of 32) from wire icebreaker_fit.$techmap\soc.spimemio.$add$spimemio.v:226$62_Y.
Removed top 3 bits (of 4) from wire icebreaker_fit.$techmap\soc.spimemio.$procmux$5797_Y.
Removed top 12 bits (of 32) from wire icebreaker_fit.$techmap\soc.spimemio.$ternary$spimemio.v:226$64_Y.
Removed top 31 bits (of 32) from wire icebreaker_fit.$techmap\soc.spimemio.$ternary$spimemio.v:310$68_Y.
Removed top 1 bits (of 8) from wire icebreaker_fit.$techmap\soc.spimemio.$ternary$spimemio.v:316$69_Y.
Removed top 3 bits (of 4) from wire icebreaker_fit.$techmap\soc.spimemio.xfer.$reduce_or$spimemio.v:471$83_Y.
Removed top 31 bits (of 32) from wire icebreaker_fit.$techmap\soc.spimemio.xfer.$ternary$spimemio.v:551$108_Y.
Removed top 28 bits (of 32) from wire icebreaker_fit.$techmap\soc.spimemio.xfer.$ternary$spimemio.v:567$120_Y.

7.12. Executing PEEPOPT pass (run peephole optimizers).

7.13. Executing OPT_CLEAN pass (remove unused cells and wires).
Finding unused cells or wires in module \icebreaker_fit..
Removed 1 unused cells and 45 unused wires.
<suppressed ~2 debug messages>

7.14. Executing SHARE pass (SAT-based resource sharing).
Found 2 cells in module icebreaker_fit that may be considered for resource sharing.
  Analyzing resource sharing options for $techmap\soc.cpu.cpuregs.$memrd$\regs$picosoc.v:240$196 ($memrd):
    Found 4 activation_patterns using ctrl signal { $auto$opt_reduce.cc:132:opt_mux$6310 $auto$opt_reduce.cc:132:opt_mux$6300 $auto$opt_reduce.cc:132:opt_mux$6292 \soc.cpu.is_slli_srli_srai $techmap\soc.cpu.$reduce_bool$../picorv32.v:1424$2345_Y $techmap\soc.cpu.$procmux$2604_CMP $techmap\soc.cpu.$procmux$2605_CMP \resetn }.
    Found 1 candidates: $techmap\soc.cpu.cpuregs.$memrd$\regs$picosoc.v:239$195
    Analyzing resource sharing with $techmap\soc.cpu.cpuregs.$memrd$\regs$picosoc.v:239$195 ($memrd):
      Found 4 activation_patterns using ctrl signal { $auto$opt_reduce.cc:132:opt_mux$6312 \soc.cpu.instr_retirq \soc.cpu.instr_maskirq \soc.cpu.instr_timer \soc.cpu.is_lui_auipc_jal $techmap\soc.cpu.$reduce_bool$../picorv32.v:1423$2343_Y $techmap\soc.cpu.$procmux$2605_CMP \resetn }.
      Activation pattern for cell $techmap\soc.cpu.cpuregs.$memrd$\regs$picosoc.v:240$196: { $auto$opt_reduce.cc:132:opt_mux$6310 $auto$opt_reduce.cc:132:opt_mux$6300 $techmap\soc.cpu.$reduce_bool$../picorv32.v:1424$2345_Y $techmap\soc.cpu.$procmux$2605_CMP \resetn } = 5'00111
      Activation pattern for cell $techmap\soc.cpu.cpuregs.$memrd$\regs$picosoc.v:240$196: { $techmap\soc.cpu.$reduce_bool$../picorv32.v:1424$2345_Y $techmap\soc.cpu.$procmux$2604_CMP \resetn } = 3'111
      Activation pattern for cell $techmap\soc.cpu.cpuregs.$memrd$\regs$picosoc.v:240$196: { $auto$opt_reduce.cc:132:opt_mux$6292 \soc.cpu.is_slli_srli_srai $techmap\soc.cpu.$reduce_bool$../picorv32.v:1424$2345_Y $techmap\soc.cpu.$procmux$2605_CMP } = 4'0011
      Activation pattern for cell $techmap\soc.cpu.cpuregs.$memrd$\regs$picosoc.v:240$196: { $techmap\soc.cpu.$reduce_bool$../picorv32.v:1424$2345_Y $techmap\soc.cpu.$procmux$2604_CMP } = 2'11
      Activation pattern for cell $techmap\soc.cpu.cpuregs.$memrd$\regs$picosoc.v:239$195: { \soc.cpu.instr_retirq $techmap\soc.cpu.$reduce_bool$../picorv32.v:1423$2343_Y $techmap\soc.cpu.$procmux$2605_CMP \resetn } = 4'1111
      Activation pattern for cell $techmap\soc.cpu.cpuregs.$memrd$\regs$picosoc.v:239$195: { $auto$opt_reduce.cc:132:opt_mux$6312 \soc.cpu.is_lui_auipc_jal $techmap\soc.cpu.$reduce_bool$../picorv32.v:1423$2343_Y $techmap\soc.cpu.$procmux$2605_CMP \resetn } = 5'00111
      Activation pattern for cell $techmap\soc.cpu.cpuregs.$memrd$\regs$picosoc.v:239$195: { \soc.cpu.instr_maskirq $techmap\soc.cpu.$reduce_bool$../picorv32.v:1423$2343_Y $techmap\soc.cpu.$procmux$2605_CMP \resetn } = 4'1111
      Activation pattern for cell $techmap\soc.cpu.cpuregs.$memrd$\regs$picosoc.v:239$195: { \soc.cpu.instr_timer $techmap\soc.cpu.$reduce_bool$../picorv32.v:1423$2343_Y $techmap\soc.cpu.$procmux$2605_CMP \resetn } = 4'1111
      Adding exclusive control bits: \soc.cpu.instr_timer vs. \soc.cpu.instr_maskirq
      Adding exclusive control bits: \soc.cpu.instr_timer vs. \soc.cpu.instr_retirq
      Adding exclusive control bits: \soc.cpu.instr_maskirq vs. \soc.cpu.instr_retirq
      Adding exclusive control bits: $techmap\soc.cpu.$procmux$2605_CMP vs. $techmap\soc.cpu.$procmux$2604_CMP
      Adding exclusive control bits: \soc.cpu.is_slli_srli_srai vs. $auto$opt_reduce.cc:132:opt_mux$6292
      Adding exclusive control bits: $techmap\soc.cpu.$procmux$2605_CMP vs. $techmap\soc.cpu.$procmux$2604_CMP
      Adding exclusive control bits: \soc.cpu.is_slli_srli_srai vs. $auto$opt_reduce.cc:132:opt_mux$6300
      Adding exclusive control bits: \soc.cpu.is_slli_srli_srai vs. \soc.cpu.instr_trap
      Adding exclusive control bits: $techmap\soc.cpu.$logic_and$../picorv32.v:1729$2432_Y vs. $auto$opt_reduce.cc:132:opt_mux$6300
      Adding exclusive control bits: $techmap\soc.cpu.$logic_and$../picorv32.v:1729$2432_Y vs. \soc.cpu.is_slli_srli_srai
      Adding exclusive control bits: $techmap\soc.cpu.$logic_and$../picorv32.v:1729$2432_Y vs. \soc.cpu.instr_trap
      Adding exclusive control bits: \soc.cpu.instr_trap vs. $auto$opt_reduce.cc:132:opt_mux$6300
      Adding exclusive control bits: $techmap\soc.cpu.$procmux$2605_CMP vs. $techmap\soc.cpu.$procmux$2604_CMP
      Adding exclusive control bits: $techmap\soc.cpu.$logic_and$../picorv32.v:1729$2432_Y vs. $auto$opt_reduce.cc:132:opt_mux$6300
      Adding exclusive control bits: \soc.cpu.instr_sw vs. \soc.cpu.instr_sh
      Adding exclusive control bits: \soc.cpu.instr_sw vs. \soc.cpu.instr_sb
      Adding exclusive control bits: \soc.cpu.instr_sh vs. \soc.cpu.instr_sb
      Adding exclusive control bits: $techmap\soc.cpu.$procmux$2605_CMP vs. $techmap\soc.cpu.$procmux$2604_CMP
      Adding exclusive control bits: $auto$opt_reduce.cc:132:opt_mux$6300 vs. $auto$opt_reduce.cc:132:opt_mux$6310
      Adding exclusive control bits: \soc.cpu.is_lui_auipc_jal vs. $auto$opt_reduce.cc:132:opt_mux$6312
      Adding exclusive control bits: \soc.cpu.instr_bgeu vs. \soc.cpu.instr_bge
      Adding exclusive control bits: \soc.cpu.instr_bgeu vs. \soc.cpu.instr_bne
      Adding exclusive control bits: \soc.cpu.instr_bgeu vs. \soc.cpu.instr_beq
      Adding exclusive control bits: \soc.cpu.instr_bge vs. \soc.cpu.instr_bne
      Adding exclusive control bits: \soc.cpu.instr_bge vs. \soc.cpu.instr_beq
      Adding exclusive control bits: \soc.cpu.instr_bne vs. \soc.cpu.instr_beq
      Size of SAT problem: 12 cells, 226 variables, 568 clauses
      According to the SAT solver this pair of cells can not be shared.
      Model from SAT solver: { $auto$opt_reduce.cc:132:opt_mux$6310 $auto$opt_reduce.cc:132:opt_mux$6300 $auto$opt_reduce.cc:132:opt_mux$6292 $auto$opt_reduce.cc:132:opt_mux$6312 \soc.cpu.instr_retirq \soc.cpu.instr_maskirq \soc.cpu.instr_timer \soc.cpu.is_lui_auipc_jal \soc.cpu.is_slli_srli_srai $techmap\soc.cpu.$reduce_bool$../picorv32.v:1423$2343_Y $techmap\soc.cpu.$reduce_bool$../picorv32.v:1424$2345_Y $techmap\soc.cpu.$procmux$2604_CMP $techmap\soc.cpu.$procmux$2605_CMP \resetn } = 14'00000000011011
  Analyzing resource sharing options for $techmap\soc.cpu.cpuregs.$memrd$\regs$picosoc.v:239$195 ($memrd):
    Found 4 activation_patterns using ctrl signal { $auto$opt_reduce.cc:132:opt_mux$6312 \soc.cpu.instr_retirq \soc.cpu.instr_maskirq \soc.cpu.instr_timer \soc.cpu.is_lui_auipc_jal $techmap\soc.cpu.$reduce_bool$../picorv32.v:1423$2343_Y $techmap\soc.cpu.$procmux$2605_CMP \resetn }.
    No candidates found.

7.15. Executing TECHMAP pass (map to technology primitives).

7.15.1. Executing Verilog-2005 frontend: /usr/bin/../share/yosys/cmp2lut.v
Parsing Verilog input from `/usr/bin/../share/yosys/cmp2lut.v' to AST representation.
Generating RTLIL representation for module `\_90_lut_cmp_'.
Successfully finished Verilog frontend.

7.15.2. Continuing TECHMAP pass.
Using template $paramod$99e5b0ecd4c7f9fb6cd3a733593eba894c42613f\_90_lut_cmp_ for cells of type $eq.
Using template $paramod$6816abac91a51b405c3de5bceb2855c03dd44485\_90_lut_cmp_ for cells of type $eq.
Using template $paramod$0760830c1e6c196382cd2cb153e9fff2d84c061d\_90_lut_cmp_ for cells of type $eq.
Using template $paramod$5652dda64580ddd7861fd245e644fd33eae2e158\_90_lut_cmp_ for cells of type $eq.
Using template $paramod$d87a48a4cd82717ae6bd57e6fe5ce90d87c44016\_90_lut_cmp_ for cells of type $eq.
Using template $paramod$4cde4291caf5aa85a196975f3624151774a86d78\_90_lut_cmp_ for cells of type $eq.
Using template $paramod$169bae89c32dcc6f3626d16cf9f47ceb469145db\_90_lut_cmp_ for cells of type $eq.
Using template $paramod$5b7c8f37cb386acdf3ce7e528c09e6d15eb51b72\_90_lut_cmp_ for cells of type $eq.
Using template $paramod$77ad031fce233083715243f95e3cd2547d931e42\_90_lut_cmp_ for cells of type $eq.
Using template $paramod$d31416a5863a8a220e16d7940a75ab70541ab32a\_90_lut_cmp_ for cells of type $eq.
Using template $paramod$a6ffc318e97e2d88e3aa2c740afebfc2ba48d1b1\_90_lut_cmp_ for cells of type $ne.
Using template $paramod$947b4e84b41c8268c0b3f732cf601a46e109cf2f\_90_lut_cmp_ for cells of type $eq.
Using template $paramod$dc6060208f0369ff43b26b7eee8e43bf61e4b025\_90_lut_cmp_ for cells of type $eq.
Using template $paramod$d0a69964f9ce54b3124cbdb498a7c3bb278370d8\_90_lut_cmp_ for cells of type $eq.
Using template $paramod$b2c078492117e804fad9a0ec69f4ef95c8e4fc36\_90_lut_cmp_ for cells of type $eq.
Using template $paramod$8c0aa91d4db8741c9947d7a0de6c875d8dfddc39\_90_lut_cmp_ for cells of type $eq.
Using template $paramod$efc71e781fe178e08e0b73b60d007d65bb528021\_90_lut_cmp_ for cells of type $eq.
Using template $paramod$64fdb727b8fb55a4fe9731fe5b6468d06ea5e6e3\_90_lut_cmp_ for cells of type $eq.
Using template $paramod$df71d3c5c306636e78c1ede81ccfd95a4d222f85\_90_lut_cmp_ for cells of type $eq.
Using template $paramod$ed69233d74549f287b72a59633b9a76ab6bcc119\_90_lut_cmp_ for cells of type $eq.
Using template $paramod$5c2d7617d568809e504489b04c3cf382857f302a\_90_lut_cmp_ for cells of type $eq.
Using template $paramod$f697708cd68b7ab769087d4d36092ed6d4550934\_90_lut_cmp_ for cells of type $eq.
Using template $paramod$71de91d27376199a7ef88a0ac0b14252f100e8e2\_90_lut_cmp_ for cells of type $eq.
No more expansions possible.
<suppressed ~1156 debug messages>

7.16. Executing OPT_EXPR pass (perform const folding).
Optimizing module icebreaker_fit.

7.17. Executing OPT_CLEAN pass (remove unused cells and wires).
Finding unused cells or wires in module \icebreaker_fit..
Removed 0 unused cells and 165 unused wires.
<suppressed ~1 debug messages>

7.18. Executing ICE40_DSP pass (map multipliers).

7.19. Executing ALUMACC pass (create $alu and $macc cells).
Extracting $alu and $macc cells in module icebreaker_fit:
  creating $macc model for $add$icebreaker_fit.v:35$4 ($add).
  creating $macc model for $techmap\soc.cpu.$add$../picorv32.v:1273$2533 ($add).
  creating $macc model for $techmap\soc.cpu.$add$../picorv32.v:1350$2328 ($add).
  creating $macc model for $techmap\soc.cpu.$add$../picorv32.v:1585$2406 ($add).
  creating $macc model for $techmap\soc.cpu.$add$../picorv32.v:1602$2409 ($add).
  creating $macc model for $techmap\soc.cpu.$add$../picorv32.v:1839$2455 ($add).
  creating $macc model for $techmap\soc.cpu.$add$../picorv32.v:1902$2483 ($add).
  creating $macc model for $techmap\soc.cpu.$add$../picorv32.v:397$1933 ($add).
  creating $macc model for $techmap\soc.cpu.$add$../picorv32.v:923$2061 ($add).
  creating $macc model for $techmap\soc.cpu.$add$../picorv32.v:927$2062 ($add).
  creating $macc model for $techmap\soc.cpu.$sub$../picorv32.v:1273$2532 ($sub).
  creating $macc model for $techmap\soc.cpu.$sub$../picorv32.v:1476$2360 ($sub).
  creating $macc model for $techmap\soc.cpu.$sub$../picorv32.v:1875$2472 ($sub).
  creating $macc model for $techmap\soc.cpu.$sub$../picorv32.v:1883$2479 ($sub).
  creating $macc model for $techmap\soc.simpleuart.$add$simpleuart.v:112$138 ($add).
  creating $macc model for $techmap\soc.simpleuart.$add$simpleuart.v:74$129 ($add).
  creating $macc model for $techmap\soc.simpleuart.$add$simpleuart.v:99$135 ($add).
  creating $macc model for $techmap\soc.simpleuart.$sub$simpleuart.v:132$146 ($sub).
  creating $macc model for $techmap\soc.spimemio.$add$spimemio.v:226$62 ($add).
  creating $macc model for $techmap\soc.spimemio.xfer.$sub$spimemio.v:471$84 ($sub).
  creating $macc model for $techmap\soc.spimemio.xfer.$sub$spimemio.v:491$91 ($sub).
  creating $macc model for $techmap\soc.spimemio.xfer.$sub$spimemio.v:524$103 ($sub).
  creating $macc model for $techmap\soc.spimemio.xfer.$sub$spimemio.v:554$113 ($sub).
  creating $alu model for $macc $techmap\soc.spimemio.xfer.$sub$spimemio.v:554$113.
  creating $alu model for $macc $techmap\soc.spimemio.xfer.$sub$spimemio.v:524$103.
  creating $alu model for $macc $techmap\soc.spimemio.xfer.$sub$spimemio.v:491$91.
  creating $alu model for $macc $techmap\soc.spimemio.xfer.$sub$spimemio.v:471$84.
  creating $alu model for $macc $techmap\soc.spimemio.$add$spimemio.v:226$62.
  creating $alu model for $macc $techmap\soc.simpleuart.$sub$simpleuart.v:132$146.
  creating $alu model for $macc $techmap\soc.simpleuart.$add$simpleuart.v:99$135.
  creating $alu model for $macc $techmap\soc.simpleuart.$add$simpleuart.v:74$129.
  creating $alu model for $macc $techmap\soc.simpleuart.$add$simpleuart.v:112$138.
  creating $alu model for $macc $techmap\soc.cpu.$sub$../picorv32.v:1883$2479.
  creating $alu model for $macc $techmap\soc.cpu.$sub$../picorv32.v:1875$2472.
  creating $alu model for $macc $techmap\soc.cpu.$sub$../picorv32.v:1476$2360.
  creating $alu model for $macc $techmap\soc.cpu.$sub$../picorv32.v:1273$2532.
  creating $alu model for $macc $techmap\soc.cpu.$add$../picorv32.v:927$2062.
  creating $alu model for $macc $techmap\soc.cpu.$add$../picorv32.v:923$2061.
  creating $alu model for $macc $techmap\soc.cpu.$add$../picorv32.v:397$1933.
  creating $alu model for $macc $techmap\soc.cpu.$add$../picorv32.v:1902$2483.
  creating $alu model for $macc $techmap\soc.cpu.$add$../picorv32.v:1839$2455.
  creating $alu model for $macc $techmap\soc.cpu.$add$../picorv32.v:1602$2409.
  creating $alu model for $macc $techmap\soc.cpu.$add$../picorv32.v:1585$2406.
  creating $alu model for $macc $techmap\soc.cpu.$add$../picorv32.v:1350$2328.
  creating $alu model for $macc $techmap\soc.cpu.$add$../picorv32.v:1273$2533.
  creating $alu model for $macc $add$icebreaker_fit.v:35$4.
  creating $alu model for $techmap\soc.$ge$picosoc.v:162$1125 ($ge): new $alu
  creating $alu model for $techmap\soc.$gt$picosoc.v:112$1102 ($gt): new $alu
  creating $alu model for $techmap\soc.$lt$picosoc.v:162$1127 ($lt): new $alu
  creating $alu model for $techmap\soc.$lt$picosoc.v:209$1137 ($lt): merged with $techmap\soc.$ge$picosoc.v:162$1125.
  creating $alu model for $techmap\soc.cpu.$ge$../picorv32.v:1868$2464 ($ge): new $alu
  creating $alu model for $techmap\soc.cpu.$lt$../picorv32.v:1275$2537 ($lt): new $alu
  creating $alu model for $techmap\soc.cpu.$lt$../picorv32.v:1276$2538 ($lt): merged with $techmap\soc.cpu.$sub$../picorv32.v:1273$2532.
  creating $alu model for $techmap\soc.simpleuart.$gt$simpleuart.v:130$144 ($gt): new $alu
  creating $alu model for $techmap\soc.simpleuart.$gt$simpleuart.v:84$132 ($gt): new $alu
  creating $alu model for $techmap\soc.simpleuart.$gt$simpleuart.v:90$133 ($gt): new $alu
  creating $alu model for $techmap\soc.$eq$picosoc.v:117$1104 ($eq): merged with $techmap\soc.$lt$picosoc.v:162$1127.
  creating $alu model for $techmap\soc.cpu.$eq$../picorv32.v:1274$2536 ($eq): merged with $techmap\soc.cpu.$sub$../picorv32.v:1273$2532.
  creating $alu cell for $techmap\soc.simpleuart.$gt$simpleuart.v:90$133: $auto$alumacc.cc:474:replace_alu$6507
  creating $alu cell for $techmap\soc.simpleuart.$gt$simpleuart.v:84$132: $auto$alumacc.cc:474:replace_alu$6512
  creating $alu cell for $techmap\soc.simpleuart.$gt$simpleuart.v:130$144: $auto$alumacc.cc:474:replace_alu$6517
  creating $alu cell for $techmap\soc.cpu.$ge$../picorv32.v:1868$2464: $auto$alumacc.cc:474:replace_alu$6528
  creating $alu cell for $techmap\soc.$lt$picosoc.v:162$1127, $techmap\soc.$eq$picosoc.v:117$1104: $auto$alumacc.cc:474:replace_alu$6537
  creating $alu cell for $techmap\soc.$gt$picosoc.v:112$1102: $auto$alumacc.cc:474:replace_alu$6548
  creating $alu cell for $techmap\soc.$ge$picosoc.v:162$1125, $techmap\soc.$lt$picosoc.v:209$1137: $auto$alumacc.cc:474:replace_alu$6553
  creating $alu cell for $add$icebreaker_fit.v:35$4: $auto$alumacc.cc:474:replace_alu$6566
  creating $alu cell for $techmap\soc.cpu.$add$../picorv32.v:1350$2328: $auto$alumacc.cc:474:replace_alu$6569
  creating $alu cell for $techmap\soc.cpu.$add$../picorv32.v:1585$2406: $auto$alumacc.cc:474:replace_alu$6572
  creating $alu cell for $techmap\soc.cpu.$add$../picorv32.v:1602$2409: $auto$alumacc.cc:474:replace_alu$6575
  creating $alu cell for $techmap\soc.cpu.$add$../picorv32.v:1839$2455: $auto$alumacc.cc:474:replace_alu$6578
  creating $alu cell for $techmap\soc.cpu.$add$../picorv32.v:1902$2483: $auto$alumacc.cc:474:replace_alu$6581
  creating $alu cell for $techmap\soc.cpu.$add$../picorv32.v:397$1933: $auto$alumacc.cc:474:replace_alu$6584
  creating $alu cell for $techmap\soc.cpu.$add$../picorv32.v:923$2061: $auto$alumacc.cc:474:replace_alu$6587
  creating $alu cell for $techmap\soc.cpu.$add$../picorv32.v:927$2062: $auto$alumacc.cc:474:replace_alu$6590
  creating $alu cell for $techmap\soc.cpu.$lt$../picorv32.v:1275$2537: $auto$alumacc.cc:474:replace_alu$6593
  creating $alu cell for $techmap\soc.cpu.$add$../picorv32.v:1273$2533: $auto$alumacc.cc:474:replace_alu$6600
  creating $alu cell for $techmap\soc.cpu.$sub$../picorv32.v:1273$2532, $techmap\soc.cpu.$lt$../picorv32.v:1276$2538, $techmap\soc.cpu.$eq$../picorv32.v:1274$2536: $auto$alumacc.cc:474:replace_alu$6603
  creating $alu cell for $techmap\soc.cpu.$sub$../picorv32.v:1476$2360: $auto$alumacc.cc:474:replace_alu$6610
  creating $alu cell for $techmap\soc.cpu.$sub$../picorv32.v:1875$2472: $auto$alumacc.cc:474:replace_alu$6613
  creating $alu cell for $techmap\soc.cpu.$sub$../picorv32.v:1883$2479: $auto$alumacc.cc:474:replace_alu$6616
  creating $alu cell for $techmap\soc.simpleuart.$add$simpleuart.v:112$138: $auto$alumacc.cc:474:replace_alu$6619
  creating $alu cell for $techmap\soc.simpleuart.$add$simpleuart.v:74$129: $auto$alumacc.cc:474:replace_alu$6622
  creating $alu cell for $techmap\soc.simpleuart.$add$simpleuart.v:99$135: $auto$alumacc.cc:474:replace_alu$6625
  creating $alu cell for $techmap\soc.simpleuart.$sub$simpleuart.v:132$146: $auto$alumacc.cc:474:replace_alu$6628
  creating $alu cell for $techmap\soc.spimemio.$add$spimemio.v:226$62: $auto$alumacc.cc:474:replace_alu$6631
  creating $alu cell for $techmap\soc.spimemio.xfer.$sub$spimemio.v:471$84: $auto$alumacc.cc:474:replace_alu$6634
  creating $alu cell for $techmap\soc.spimemio.xfer.$sub$spimemio.v:491$91: $auto$alumacc.cc:474:replace_alu$6637
  creating $alu cell for $techmap\soc.spimemio.xfer.$sub$spimemio.v:524$103: $auto$alumacc.cc:474:replace_alu$6640
  creating $alu cell for $techmap\soc.spimemio.xfer.$sub$spimemio.v:554$113: $auto$alumacc.cc:474:replace_alu$6643
  created 31 $alu and 0 $macc cells.

7.20. Executing OPT pass (performing simple optimizations).

7.20.1. Executing OPT_EXPR pass (perform const folding).
Optimizing module icebreaker_fit.
<suppressed ~9 debug messages>

7.20.2. Executing OPT_MERGE pass (detect identical cells).
Finding identical cells in module `\icebreaker_fit'.
<suppressed ~6 debug messages>
Removed a total of 2 cells.

7.20.3. Executing OPT_MUXTREE pass (detect dead branches in mux trees).
Running muxtree optimizer on module \icebreaker_fit..
  Creating internal representation of mux trees.
  Evaluating internal representation of mux trees.
  Analyzing evaluation results.
Removed 0 multiplexer ports.
<suppressed ~252 debug messages>

7.20.4. Executing OPT_REDUCE pass (consolidate $*mux and $reduce_* inputs).
  Optimizing cells in module \icebreaker_fit.
    New input vector for $reduce_or cell $auto$alumacc.cc:509:replace_alu$6560: { $auto$rtlil.cc:1832:Not$6557 $auto$rtlil.cc:1835:ReduceAnd$6559 }
    New input vector for $reduce_or cell $auto$alumacc.cc:509:replace_alu$6535: { $auto$rtlil.cc:1832:Not$6532 $auto$rtlil.cc:1835:ReduceAnd$6534 }
    New input vector for $reduce_and cell $auto$alumacc.cc:64:get_eq$6608: { $auto$alumacc.cc:490:replace_alu$6604 [0] $auto$alumacc.cc:490:replace_alu$6604 [1] $auto$alumacc.cc:490:replace_alu$6604 [2] $auto$alumacc.cc:490:replace_alu$6604 [3] $auto$alumacc.cc:490:replace_alu$6604 [4] $auto$alumacc.cc:490:replace_alu$6604 [5] $auto$alumacc.cc:490:replace_alu$6604 [6] $auto$alumacc.cc:490:replace_alu$6604 [7] $auto$alumacc.cc:490:replace_alu$6604 [8] $auto$alumacc.cc:490:replace_alu$6604 [9] $auto$alumacc.cc:490:replace_alu$6604 [10] $auto$alumacc.cc:490:replace_alu$6604 [11] $auto$alumacc.cc:490:replace_alu$6604 [12] $auto$alumacc.cc:490:replace_alu$6604 [13] $auto$alumacc.cc:490:replace_alu$6604 [14] $auto$alumacc.cc:490:replace_alu$6604 [15] $auto$alumacc.cc:490:replace_alu$6604 [16] $auto$alumacc.cc:490:replace_alu$6604 [17] $auto$alumacc.cc:490:replace_alu$6604 [18] $auto$alumacc.cc:490:replace_alu$6604 [19] $auto$alumacc.cc:490:replace_alu$6604 [20] $auto$alumacc.cc:490:replace_alu$6604 [21] $auto$alumacc.cc:490:replace_alu$6604 [22] $auto$alumacc.cc:490:replace_alu$6604 [23] $auto$alumacc.cc:490:replace_alu$6604 [24] $auto$alumacc.cc:490:replace_alu$6604 [25] $auto$alumacc.cc:490:replace_alu$6604 [26] $auto$alumacc.cc:490:replace_alu$6604 [27] $auto$alumacc.cc:490:replace_alu$6604 [28] $auto$alumacc.cc:490:replace_alu$6604 [29] $auto$alumacc.cc:490:replace_alu$6604 [30] $auto$alumacc.cc:490:replace_alu$6604 [31] }
    New input vector for $reduce_and cell $auto$alumacc.cc:64:get_eq$6520: { $auto$alumacc.cc:490:replace_alu$6518 [0] $auto$alumacc.cc:490:replace_alu$6518 [1] $auto$alumacc.cc:490:replace_alu$6518 [2] $auto$alumacc.cc:490:replace_alu$6518 [3] $auto$alumacc.cc:490:replace_alu$6518 [4] $auto$alumacc.cc:490:replace_alu$6518 [5] $auto$alumacc.cc:490:replace_alu$6518 [6] $auto$alumacc.cc:490:replace_alu$6518 [7] $auto$alumacc.cc:490:replace_alu$6518 [8] $auto$alumacc.cc:490:replace_alu$6518 [9] $auto$alumacc.cc:490:replace_alu$6518 [10] $auto$alumacc.cc:490:replace_alu$6518 [11] $auto$alumacc.cc:490:replace_alu$6518 [12] $auto$alumacc.cc:490:replace_alu$6518 [13] $auto$alumacc.cc:490:replace_alu$6518 [14] $auto$alumacc.cc:490:replace_alu$6518 [15] $auto$alumacc.cc:490:replace_alu$6518 [16] $auto$alumacc.cc:490:replace_alu$6518 [17] $auto$alumacc.cc:490:replace_alu$6518 [18] $auto$alumacc.cc:490:replace_alu$6518 [19] $auto$alumacc.cc:490:replace_alu$6518 [20] $auto$alumacc.cc:490:replace_alu$6518 [21] $auto$alumacc.cc:490:replace_alu$6518 [22] $auto$alumacc.cc:490:replace_alu$6518 [23] $auto$alumacc.cc:490:replace_alu$6518 [24] $auto$alumacc.cc:490:replace_alu$6518 [25] $auto$alumacc.cc:490:replace_alu$6518 [26] $auto$alumacc.cc:490:replace_alu$6518 [27] $auto$alumacc.cc:490:replace_alu$6518 [28] $auto$alumacc.cc:490:replace_alu$6518 [29] $auto$alumacc.cc:490:replace_alu$6518 [30] $auto$alumacc.cc:490:replace_alu$6518 [31] }
    New input vector for $reduce_and cell $auto$alumacc.cc:64:get_eq$6533: { $auto$alumacc.cc:490:replace_alu$6529 [0] $auto$alumacc.cc:490:replace_alu$6529 [1] $auto$alumacc.cc:490:replace_alu$6529 [2] $auto$alumacc.cc:490:replace_alu$6529 [3] $auto$alumacc.cc:490:replace_alu$6529 [4] }
    New input vector for $reduce_and cell $auto$alumacc.cc:64:get_eq$6540: { $auto$alumacc.cc:490:replace_alu$6538 [0] $auto$alumacc.cc:490:replace_alu$6538 [1] $auto$alumacc.cc:490:replace_alu$6538 [2] $auto$alumacc.cc:490:replace_alu$6538 [3] $auto$alumacc.cc:490:replace_alu$6538 [4] $auto$alumacc.cc:490:replace_alu$6538 [5] $auto$alumacc.cc:490:replace_alu$6538 [6] $auto$alumacc.cc:490:replace_alu$6538 [7] $auto$alumacc.cc:490:replace_alu$6538 [8] $auto$alumacc.cc:490:replace_alu$6538 [9] $auto$alumacc.cc:490:replace_alu$6538 [10] $auto$alumacc.cc:490:replace_alu$6538 [11] $auto$alumacc.cc:490:replace_alu$6538 [12] $auto$alumacc.cc:490:replace_alu$6538 [13] $auto$alumacc.cc:490:replace_alu$6538 [14] $auto$alumacc.cc:490:replace_alu$6538 [15] $auto$alumacc.cc:490:replace_alu$6538 [16] $auto$alumacc.cc:490:replace_alu$6538 [17] $auto$alumacc.cc:490:replace_alu$6538 [18] $auto$alumacc.cc:490:replace_alu$6538 [19] $auto$alumacc.cc:490:replace_alu$6538 [20] $auto$alumacc.cc:490:replace_alu$6538 [21] $auto$alumacc.cc:490:replace_alu$6538 [22] $auto$alumacc.cc:490:replace_alu$6538 [23] $auto$alumacc.cc:490:replace_alu$6538 [24] $auto$alumacc.cc:490:replace_alu$6538 [25] $auto$alumacc.cc:490:replace_alu$6538 [26] $auto$alumacc.cc:490:replace_alu$6538 [27] $auto$alumacc.cc:490:replace_alu$6538 [28] $auto$alumacc.cc:490:replace_alu$6538 [29] $auto$alumacc.cc:490:replace_alu$6538 [30] $auto$alumacc.cc:490:replace_alu$6538 [31] }
    New input vector for $reduce_and cell $auto$alumacc.cc:64:get_eq$6558: { $auto$alumacc.cc:490:replace_alu$6554 [0] $auto$alumacc.cc:490:replace_alu$6554 [1] $auto$alumacc.cc:490:replace_alu$6554 [2] $auto$alumacc.cc:490:replace_alu$6554 [3] $auto$alumacc.cc:490:replace_alu$6554 [4] $auto$alumacc.cc:490:replace_alu$6554 [5] $auto$alumacc.cc:490:replace_alu$6554 [6] $auto$alumacc.cc:490:replace_alu$6554 [7] $auto$alumacc.cc:490:replace_alu$6554 [8] $auto$alumacc.cc:490:replace_alu$6554 [9] $auto$alumacc.cc:490:replace_alu$6554 [10] $auto$alumacc.cc:490:replace_alu$6554 [11] $auto$alumacc.cc:490:replace_alu$6554 [12] $auto$alumacc.cc:490:replace_alu$6554 [13] $auto$alumacc.cc:490:replace_alu$6554 [14] $auto$alumacc.cc:490:replace_alu$6554 [15] $auto$alumacc.cc:490:replace_alu$6554 [16] $auto$alumacc.cc:490:replace_alu$6554 [17] $auto$alumacc.cc:490:replace_alu$6554 [18] $auto$alumacc.cc:490:replace_alu$6554 [19] $auto$alumacc.cc:490:replace_alu$6554 [20] $auto$alumacc.cc:490:replace_alu$6554 [21] $auto$alumacc.cc:490:replace_alu$6554 [22] $auto$alumacc.cc:490:replace_alu$6554 [23] $auto$alumacc.cc:490:replace_alu$6554 [24] $auto$alumacc.cc:490:replace_alu$6554 [25] $auto$alumacc.cc:490:replace_alu$6554 [26] $auto$alumacc.cc:490:replace_alu$6554 [27] $auto$alumacc.cc:490:replace_alu$6554 [28] $auto$alumacc.cc:490:replace_alu$6554 [29] $auto$alumacc.cc:490:replace_alu$6554 [30] $auto$alumacc.cc:490:replace_alu$6554 [31] }
  Optimizing cells in module \icebreaker_fit.
Performed a total of 7 changes.

7.20.5. Executing OPT_MERGE pass (detect identical cells).
Finding identical cells in module `\icebreaker_fit'.
Removed a total of 0 cells.

7.20.6. Executing OPT_RMDFF pass (remove dff with constant values).

7.20.7. Executing OPT_CLEAN pass (remove unused cells and wires).
Finding unused cells or wires in module \icebreaker_fit..
Removed 2 unused cells and 17 unused wires.
<suppressed ~3 debug messages>

7.20.8. Executing OPT_EXPR pass (perform const folding).
Optimizing module icebreaker_fit.

7.20.9. Rerunning OPT passes. (Maybe there is more to do..)

7.20.10. Executing OPT_MUXTREE pass (detect dead branches in mux trees).
Running muxtree optimizer on module \icebreaker_fit..
  Creating internal representation of mux trees.
  Evaluating internal representation of mux trees.
  Analyzing evaluation results.
Removed 0 multiplexer ports.
<suppressed ~252 debug messages>

7.20.11. Executing OPT_REDUCE pass (consolidate $*mux and $reduce_* inputs).
  Optimizing cells in module \icebreaker_fit.
Performed a total of 0 changes.

7.20.12. Executing OPT_MERGE pass (detect identical cells).
Finding identical cells in module `\icebreaker_fit'.
Removed a total of 0 cells.

7.20.13. Executing OPT_RMDFF pass (remove dff with constant values).

7.20.14. Executing OPT_CLEAN pass (remove unused cells and wires).
Finding unused cells or wires in module \icebreaker_fit..

7.20.15. Executing OPT_EXPR pass (perform const folding).
Optimizing module icebreaker_fit.

7.20.16. Finished OPT passes. (There is nothing left to do.)

7.21. Executing FSM pass (extract and optimize FSM).

7.21.1. Executing FSM_DETECT pass (finding FSMs in design).
Found FSM state register icebreaker_fit.soc.cpu.cpu_state.
Not marking icebreaker_fit.soc.cpu.irq_state as FSM state register:
    Users of register don't seem to benefit from recoding.
Not marking icebreaker_fit.soc.cpu.mem_state as FSM state register:
    Users of register don't seem to benefit from recoding.
Not marking icebreaker_fit.soc.cpu.mem_wordsize as FSM state register:
    Users of register don't seem to benefit from recoding.
Not marking icebreaker_fit.soc.spimemio.din_tag as FSM state register:
    Users of register don't seem to benefit from recoding.
Not marking icebreaker_fit.soc.spimemio.state as FSM state register:
    Users of register don't seem to benefit from recoding.

7.21.2. Executing FSM_EXTRACT pass (extracting FSM from design).
Extracting FSM `\soc.cpu.cpu_state' from module `\icebreaker_fit'.
  found $dff cell for state register: $techmap\soc.cpu.$procdff$6101
  root of input selection tree: $techmap\soc.cpu.$0\cpu_state[7:0]
  found ctrl input: $techmap\soc.cpu.$logic_and$../picorv32.v:1971$2519_Y
  found ctrl input: $techmap\soc.cpu.$logic_and$../picorv32.v:1955$2500_Y
  found ctrl input: \resetn
  found state code: 8'01000000
  found ctrl input: $auto$opt_reduce.cc:132:opt_mux$6384
  found ctrl input: $techmap\soc.cpu.$procmux$2602_CMP
  found ctrl input: $techmap\soc.cpu.$procmux$2603_CMP
  found ctrl input: $techmap\soc.cpu.$procmux$2604_CMP
  found ctrl input: $techmap\soc.cpu.$procmux$2605_CMP
  found ctrl input: $techmap\soc.cpu.$eq$../picorv32.v:1346$2326_Y
  found ctrl input: $techmap\soc.cpu.$logic_or$../picorv32.v:1890$2481_Y
  found ctrl input: $techmap\soc.cpu.$logic_and$../picorv32.v:1905$2485_Y
  found ctrl input: $techmap\soc.cpu.$eq$../picorv32.v:1864$2463_Y
  found ctrl input: \soc.cpu.is_beq_bne_blt_bge_bltu_bgeu
  found ctrl input: \soc.cpu.mem_done
  found ctrl input: \soc.cpu.is_sll_srl_sra
  found ctrl input: \soc.cpu.is_sb_sh_sw
  found state code: 8'00001000
  found state code: 8'00000100
  found state code: 8'00000010
  found ctrl input: $auto$opt_reduce.cc:132:opt_mux$6300
  found ctrl input: \soc.cpu.is_slli_srli_srai
  found ctrl input: $techmap\soc.cpu.$logic_and$../picorv32.v:1729$2432_Y
  found ctrl input: $auto$opt_reduce.cc:132:opt_mux$6296
  found ctrl input: \soc.cpu.instr_trap
  found state code: 8'00000001
  found ctrl input: $techmap\soc.cpu.$logic_and$../picorv32.v:1652$2417_Y
  found state code: 8'10000000
  found ctrl input: $techmap\soc.cpu.$logic_and$../picorv32.v:1571$2395_Y
  found ctrl input: $techmap\soc.cpu.$logic_and$../picorv32.v:1581$2403_Y
  found ctrl input: \soc.cpu.decoder_trigger
  found ctrl input: \soc.cpu.instr_jal
  found state code: 8'00100000
  found ctrl input: $techmap\soc.cpu.$logic_and$../picorv32.v:1963$2510_Y
  found ctrl input: $techmap\soc.cpu.$logic_and$../picorv32.v:1956$2503_Y
  found ctrl input: $techmap\soc.cpu.$logic_and$../picorv32.v:1958$2507_Y
  found ctrl output: $techmap\soc.cpu.$procmux$2607_CMP
  found ctrl output: $techmap\soc.cpu.$procmux$2605_CMP
  found ctrl output: $techmap\soc.cpu.$procmux$2604_CMP
  found ctrl output: $techmap\soc.cpu.$procmux$2603_CMP
  found ctrl output: $techmap\soc.cpu.$procmux$2602_CMP
  found ctrl output: $techmap\soc.cpu.$procmux$2601_CMP
  found ctrl output: $techmap\soc.cpu.$procmux$2600_CMP
  found ctrl output: $techmap\soc.cpu.$eq$../picorv32.v:1346$2326_Y
  ctrl inputs: { $auto$opt_reduce.cc:132:opt_mux$6300 $auto$opt_reduce.cc:132:opt_mux$6296 $auto$opt_reduce.cc:132:opt_mux$6384 \soc.cpu.mem_done \soc.cpu.instr_jal \soc.cpu.instr_trap \soc.cpu.decoder_trigger \soc.cpu.is_slli_srli_srai \soc.cpu.is_sb_sh_sw \soc.cpu.is_sll_srl_sra \soc.cpu.is_beq_bne_blt_bge_bltu_bgeu $techmap\soc.cpu.$logic_and$../picorv32.v:1571$2395_Y $techmap\soc.cpu.$logic_and$../picorv32.v:1581$2403_Y $techmap\soc.cpu.$logic_and$../picorv32.v:1652$2417_Y $techmap\soc.cpu.$logic_and$../picorv32.v:1729$2432_Y $techmap\soc.cpu.$eq$../picorv32.v:1864$2463_Y $techmap\soc.cpu.$logic_or$../picorv32.v:1890$2481_Y $techmap\soc.cpu.$logic_and$../picorv32.v:1905$2485_Y $techmap\soc.cpu.$logic_and$../picorv32.v:1955$2500_Y $techmap\soc.cpu.$logic_and$../picorv32.v:1956$2503_Y $techmap\soc.cpu.$logic_and$../picorv32.v:1958$2507_Y $techmap\soc.cpu.$logic_and$../picorv32.v:1963$2510_Y $techmap\soc.cpu.$logic_and$../picorv32.v:1971$2519_Y \resetn }
  ctrl outputs: { $techmap\soc.cpu.$eq$../picorv32.v:1346$2326_Y $techmap\soc.cpu.$0\cpu_state[7:0] $techmap\soc.cpu.$procmux$2600_CMP $techmap\soc.cpu.$procmux$2601_CMP $techmap\soc.cpu.$procmux$2602_CMP $techmap\soc.cpu.$procmux$2603_CMP $techmap\soc.cpu.$procmux$2604_CMP $techmap\soc.cpu.$procmux$2605_CMP $techmap\soc.cpu.$procmux$2607_CMP }
  transition: 8'10000000 24'------------------0---00 -> 8'01000000 16'0010000000000001
  transition: 8'10000000 24'------------------0---01 -> 8'10000000 16'0100000000000001
  transition: 8'10000000 24'------------------10-000 -> 8'01000000 16'0010000000000001
  transition: 8'10000000 24'------------------10-001 -> 8'10000000 16'0100000000000001
  transition: 8'10000000 24'------------------11000- -> 8'10000000 16'0100000000000001
  transition: 8'10000000 24'------------------111000 -> 8'01000000 16'0010000000000001
  transition: 8'10000000 24'------------------111001 -> 8'10000000 16'0100000000000001
  transition: 8'10000000 24'------------------1-010- -> 8'10000000 16'0100000000000001
  transition: 8'10000000 24'------------------101100 -> 8'01000000 16'0010000000000001
  transition: 8'10000000 24'------------------101101 -> 8'10000000 16'0100000000000001
  transition: 8'10000000 24'------------------111100 -> 8'01000000 16'0010000000000001
  transition: 8'10000000 24'------------------111101 -> 8'10000000 16'0100000000000001
  transition: 8'10000000 24'--------------------0-1- -> 8'10000000 16'0100000000000001
  transition: 8'10000000 24'------------------0-1-10 -> 8'01000000 16'0010000000000001
  transition: 8'10000000 24'------------------0-1-11 -> 8'10000000 16'0100000000000001
  transition: 8'10000000 24'------------------101010 -> 8'01000000 16'0010000000000001
  transition: 8'10000000 24'------------------101011 -> 8'10000000 16'0100000000000001
  transition: 8'10000000 24'------------------111010 -> 8'01000000 16'0010000000000001
  transition: 8'10000000 24'------------------111011 -> 8'10000000 16'0100000000000001
  transition: 8'10000000 24'------------------101110 -> 8'01000000 16'0010000000000001
  transition: 8'10000000 24'------------------101111 -> 8'10000000 16'0100000000000001
  transition: 8'10000000 24'------------------111110 -> 8'01000000 16'0010000000000001
  transition: 8'10000000 24'------------------111111 -> 8'10000000 16'0100000000000001
  transition: 8'01000000 24'------------------0---00 -> 8'01000000 16'1010000000000000
  transition: 8'01000000 24'------0----00-----0---01 -> 8'01000000 16'1010000000000000
  transition: 8'01000000 24'----0-1----00-----0---01 -> 8'00100000 16'1001000000000000
  transition: 8'01000000 24'----1-1----00-----0---01 -> 8'01000000 16'1010000000000000
  transition: 8'01000000 24'-----------01-----0---01 -> 8'01000000 16'1010000000000000
  transition: 8'01000000 24'-----------1------0---01 -> 8'01000000 16'1010000000000000
  transition: 8'01000000 24'------------------10-000 -> 8'01000000 16'1010000000000000
  transition: 8'01000000 24'------0----00-----10-001 -> 8'01000000 16'1010000000000000
  transition: 8'01000000 24'----0-1----00-----10-001 -> 8'00100000 16'1001000000000000
  transition: 8'01000000 24'----1-1----00-----10-001 -> 8'01000000 16'1010000000000000
  transition: 8'01000000 24'-----------01-----10-001 -> 8'01000000 16'1010000000000000
  transition: 8'01000000 24'-----------1------10-001 -> 8'01000000 16'1010000000000000
  transition: 8'01000000 24'------------------11000- -> 8'10000000 16'1100000000000000
  transition: 8'01000000 24'------------------111000 -> 8'01000000 16'1010000000000000
  transition: 8'01000000 24'------0----00-----111001 -> 8'01000000 16'1010000000000000
  transition: 8'01000000 24'----0-1----00-----111001 -> 8'00100000 16'1001000000000000
  transition: 8'01000000 24'----1-1----00-----111001 -> 8'01000000 16'1010000000000000
  transition: 8'01000000 24'-----------01-----111001 -> 8'01000000 16'1010000000000000
  transition: 8'01000000 24'-----------1------111001 -> 8'01000000 16'1010000000000000
  transition: 8'01000000 24'------------------1-010- -> 8'10000000 16'1100000000000000
  transition: 8'01000000 24'------------------101100 -> 8'01000000 16'1010000000000000
  transition: 8'01000000 24'------0----00-----101101 -> 8'01000000 16'1010000000000000
  transition: 8'01000000 24'----0-1----00-----101101 -> 8'00100000 16'1001000000000000
  transition: 8'01000000 24'----1-1----00-----101101 -> 8'01000000 16'1010000000000000
  transition: 8'01000000 24'-----------01-----101101 -> 8'01000000 16'1010000000000000
  transition: 8'01000000 24'-----------1------101101 -> 8'01000000 16'1010000000000000
  transition: 8'01000000 24'------------------111100 -> 8'01000000 16'1010000000000000
  transition: 8'01000000 24'------0----00-----111101 -> 8'01000000 16'1010000000000000
  transition: 8'01000000 24'----0-1----00-----111101 -> 8'00100000 16'1001000000000000
  transition: 8'01000000 24'----1-1----00-----111101 -> 8'01000000 16'1010000000000000
  transition: 8'01000000 24'-----------01-----111101 -> 8'01000000 16'1010000000000000
  transition: 8'01000000 24'-----------1------111101 -> 8'01000000 16'1010000000000000
  transition: 8'01000000 24'--------------------0-1- -> 8'10000000 16'1100000000000000
  transition: 8'01000000 24'------------------0-1-10 -> 8'01000000 16'1010000000000000
  transition: 8'01000000 24'------0----00-----0-1-11 -> 8'01000000 16'1010000000000000
  transition: 8'01000000 24'----0-1----00-----0-1-11 -> 8'00100000 16'1001000000000000
  transition: 8'01000000 24'----1-1----00-----0-1-11 -> 8'01000000 16'1010000000000000
  transition: 8'01000000 24'-----------01-----0-1-11 -> 8'01000000 16'1010000000000000
  transition: 8'01000000 24'-----------1------0-1-11 -> 8'01000000 16'1010000000000000
  transition: 8'01000000 24'------------------101010 -> 8'01000000 16'1010000000000000
  transition: 8'01000000 24'------0----00-----101011 -> 8'01000000 16'1010000000000000
  transition: 8'01000000 24'----0-1----00-----101011 -> 8'00100000 16'1001000000000000
  transition: 8'01000000 24'----1-1----00-----101011 -> 8'01000000 16'1010000000000000
  transition: 8'01000000 24'-----------01-----101011 -> 8'01000000 16'1010000000000000
  transition: 8'01000000 24'-----------1------101011 -> 8'01000000 16'1010000000000000
  transition: 8'01000000 24'------------------111010 -> 8'01000000 16'1010000000000000
  transition: 8'01000000 24'------0----00-----111011 -> 8'01000000 16'1010000000000000
  transition: 8'01000000 24'----0-1----00-----111011 -> 8'00100000 16'1001000000000000
  transition: 8'01000000 24'----1-1----00-----111011 -> 8'01000000 16'1010000000000000
  transition: 8'01000000 24'-----------01-----111011 -> 8'01000000 16'1010000000000000
  transition: 8'01000000 24'-----------1------111011 -> 8'01000000 16'1010000000000000
  transition: 8'01000000 24'------------------101110 -> 8'01000000 16'1010000000000000
  transition: 8'01000000 24'------0----00-----101111 -> 8'01000000 16'1010000000000000
  transition: 8'01000000 24'----0-1----00-----101111 -> 8'00100000 16'1001000000000000
  transition: 8'01000000 24'----1-1----00-----101111 -> 8'01000000 16'1010000000000000
  transition: 8'01000000 24'-----------01-----101111 -> 8'01000000 16'1010000000000000
  transition: 8'01000000 24'-----------1------101111 -> 8'01000000 16'1010000000000000
  transition: 8'01000000 24'------------------111110 -> 8'01000000 16'1010000000000000
  transition: 8'01000000 24'------0----00-----111111 -> 8'01000000 16'1010000000000000
  transition: 8'01000000 24'----0-1----00-----111111 -> 8'00100000 16'1001000000000000
  transition: 8'01000000 24'----1-1----00-----111111 -> 8'01000000 16'1010000000000000
  transition: 8'01000000 24'-----------01-----111111 -> 8'01000000 16'1010000000000000
  transition: 8'01000000 24'-----------1------111111 -> 8'01000000 16'1010000000000000
  transition: 8'00100000 24'------------------0---00 -> 8'01000000 16'0010000000000010
  transition: 8'00100000 24'00---0-000----0---0---01 -> 8'00001000 16'0000010000000010
  transition: 8'00100000 24'00---0-01-----0---0---01 -> 8'00000010 16'0000000100000010
  transition: 8'00100000 24'00---0-0-1----0---0---01 -> 8'00000100 16'0000001000000010
  transition: 8'00100000 24'-----1-------0----0---01 -> 8'10000000 16'0100000000000010
  transition: 8'00100000 24'-----1-------1----0---01 -> 8'01000000 16'0010000000000010
  transition: 8'00100000 24'-1----------------0---01 -> 8'01000000 16'0010000000000010
  transition: 8'00100000 24'--------------1---0---01 -> 8'00000001 16'0000000010000010
  transition: 8'00100000 24'-------1----------0---01 -> 8'00000100 16'0000001000000010
  transition: 8'00100000 24'1-----------------0---01 -> 8'00001000 16'0000010000000010
  transition: 8'00100000 24'------------------10-000 -> 8'01000000 16'0010000000000010
  transition: 8'00100000 24'00---0-000----0---10-001 -> 8'00001000 16'0000010000000010
  transition: 8'00100000 24'00---0-01-----0---10-001 -> 8'00000010 16'0000000100000010
  transition: 8'00100000 24'00---0-0-1----0---10-001 -> 8'00000100 16'0000001000000010
  transition: 8'00100000 24'-----1-------0----10-001 -> 8'10000000 16'0100000000000010
  transition: 8'00100000 24'-----1-------1----10-001 -> 8'01000000 16'0010000000000010
  transition: 8'00100000 24'-1----------------10-001 -> 8'01000000 16'0010000000000010
  transition: 8'00100000 24'--------------1---10-001 -> 8'00000001 16'0000000010000010
  transition: 8'00100000 24'-------1----------10-001 -> 8'00000100 16'0000001000000010
  transition: 8'00100000 24'1-----------------10-001 -> 8'00001000 16'0000010000000010
  transition: 8'00100000 24'------------------11000- -> 8'10000000 16'0100000000000010
  transition: 8'00100000 24'------------------111000 -> 8'01000000 16'0010000000000010
  transition: 8'00100000 24'00---0-000----0---111001 -> 8'00001000 16'0000010000000010
  transition: 8'00100000 24'00---0-01-----0---111001 -> 8'00000010 16'0000000100000010
  transition: 8'00100000 24'00---0-0-1----0---111001 -> 8'00000100 16'0000001000000010
  transition: 8'00100000 24'-----1-------0----111001 -> 8'10000000 16'0100000000000010
  transition: 8'00100000 24'-----1-------1----111001 -> 8'01000000 16'0010000000000010
  transition: 8'00100000 24'-1----------------111001 -> 8'01000000 16'0010000000000010
  transition: 8'00100000 24'--------------1---111001 -> 8'00000001 16'0000000010000010
  transition: 8'00100000 24'-------1----------111001 -> 8'00000100 16'0000001000000010
  transition: 8'00100000 24'1-----------------111001 -> 8'00001000 16'0000010000000010
  transition: 8'00100000 24'------------------1-010- -> 8'10000000 16'0100000000000010
  transition: 8'00100000 24'------------------101100 -> 8'01000000 16'0010000000000010
  transition: 8'00100000 24'00---0-000----0---101101 -> 8'00001000 16'0000010000000010
  transition: 8'00100000 24'00---0-01-----0---101101 -> 8'00000010 16'0000000100000010
  transition: 8'00100000 24'00---0-0-1----0---101101 -> 8'00000100 16'0000001000000010
  transition: 8'00100000 24'-----1-------0----101101 -> 8'10000000 16'0100000000000010
  transition: 8'00100000 24'-----1-------1----101101 -> 8'01000000 16'0010000000000010
  transition: 8'00100000 24'-1----------------101101 -> 8'01000000 16'0010000000000010
  transition: 8'00100000 24'--------------1---101101 -> 8'00000001 16'0000000010000010
  transition: 8'00100000 24'-------1----------101101 -> 8'00000100 16'0000001000000010
  transition: 8'00100000 24'1-----------------101101 -> 8'00001000 16'0000010000000010
  transition: 8'00100000 24'------------------111100 -> 8'01000000 16'0010000000000010
  transition: 8'00100000 24'00---0-000----0---111101 -> 8'00001000 16'0000010000000010
  transition: 8'00100000 24'00---0-01-----0---111101 -> 8'00000010 16'0000000100000010
  transition: 8'00100000 24'00---0-0-1----0---111101 -> 8'00000100 16'0000001000000010
  transition: 8'00100000 24'-----1-------0----111101 -> 8'10000000 16'0100000000000010
  transition: 8'00100000 24'-----1-------1----111101 -> 8'01000000 16'0010000000000010
  transition: 8'00100000 24'-1----------------111101 -> 8'01000000 16'0010000000000010
  transition: 8'00100000 24'--------------1---111101 -> 8'00000001 16'0000000010000010
  transition: 8'00100000 24'-------1----------111101 -> 8'00000100 16'0000001000000010
  transition: 8'00100000 24'1-----------------111101 -> 8'00001000 16'0000010000000010
  transition: 8'00100000 24'--------------------0-1- -> 8'10000000 16'0100000000000010
  transition: 8'00100000 24'------------------0-1-10 -> 8'01000000 16'0010000000000010
  transition: 8'00100000 24'00---0-000----0---0-1-11 -> 8'00001000 16'0000010000000010
  transition: 8'00100000 24'00---0-01-----0---0-1-11 -> 8'00000010 16'0000000100000010
  transition: 8'00100000 24'00---0-0-1----0---0-1-11 -> 8'00000100 16'0000001000000010
  transition: 8'00100000 24'-----1-------0----0-1-11 -> 8'10000000 16'0100000000000010
  transition: 8'00100000 24'-----1-------1----0-1-11 -> 8'01000000 16'0010000000000010
  transition: 8'00100000 24'-1----------------0-1-11 -> 8'01000000 16'0010000000000010
  transition: 8'00100000 24'--------------1---0-1-11 -> 8'00000001 16'0000000010000010
  transition: 8'00100000 24'-------1----------0-1-11 -> 8'00000100 16'0000001000000010
  transition: 8'00100000 24'1-----------------0-1-11 -> 8'00001000 16'0000010000000010
  transition: 8'00100000 24'------------------101010 -> 8'01000000 16'0010000000000010
  transition: 8'00100000 24'00---0-000----0---101011 -> 8'00001000 16'0000010000000010
  transition: 8'00100000 24'00---0-01-----0---101011 -> 8'00000010 16'0000000100000010
  transition: 8'00100000 24'00---0-0-1----0---101011 -> 8'00000100 16'0000001000000010
  transition: 8'00100000 24'-----1-------0----101011 -> 8'10000000 16'0100000000000010
  transition: 8'00100000 24'-----1-------1----101011 -> 8'01000000 16'0010000000000010
  transition: 8'00100000 24'-1----------------101011 -> 8'01000000 16'0010000000000010
  transition: 8'00100000 24'--------------1---101011 -> 8'00000001 16'0000000010000010
  transition: 8'00100000 24'-------1----------101011 -> 8'00000100 16'0000001000000010
  transition: 8'00100000 24'1-----------------101011 -> 8'00001000 16'0000010000000010
  transition: 8'00100000 24'------------------111010 -> 8'01000000 16'0010000000000010
  transition: 8'00100000 24'00---0-000----0---111011 -> 8'00001000 16'0000010000000010
  transition: 8'00100000 24'00---0-01-----0---111011 -> 8'00000010 16'0000000100000010
  transition: 8'00100000 24'00---0-0-1----0---111011 -> 8'00000100 16'0000001000000010
  transition: 8'00100000 24'-----1-------0----111011 -> 8'10000000 16'0100000000000010
  transition: 8'00100000 24'-----1-------1----111011 -> 8'01000000 16'0010000000000010
  transition: 8'00100000 24'-1----------------111011 -> 8'01000000 16'0010000000000010
  transition: 8'00100000 24'--------------1---111011 -> 8'00000001 16'0000000010000010
  transition: 8'00100000 24'-------1----------111011 -> 8'00000100 16'0000001000000010
  transition: 8'00100000 24'1-----------------111011 -> 8'00001000 16'0000010000000010
  transition: 8'00100000 24'------------------101110 -> 8'01000000 16'0010000000000010
  transition: 8'00100000 24'00---0-000----0---101111 -> 8'00001000 16'0000010000000010
  transition: 8'00100000 24'00---0-01-----0---101111 -> 8'00000010 16'0000000100000010
  transition: 8'00100000 24'00---0-0-1----0---101111 -> 8'00000100 16'0000001000000010
  transition: 8'00100000 24'-----1-------0----101111 -> 8'10000000 16'0100000000000010
  transition: 8'00100000 24'-----1-------1----101111 -> 8'01000000 16'0010000000000010
  transition: 8'00100000 24'-1----------------101111 -> 8'01000000 16'0010000000000010
  transition: 8'00100000 24'--------------1---101111 -> 8'00000001 16'0000000010000010
  transition: 8'00100000 24'-------1----------101111 -> 8'00000100 16'0000001000000010
  transition: 8'00100000 24'1-----------------101111 -> 8'00001000 16'0000010000000010
  transition: 8'00100000 24'------------------111110 -> 8'01000000 16'0010000000000010
  transition: 8'00100000 24'00---0-000----0---111111 -> 8'00001000 16'0000010000000010
  transition: 8'00100000 24'00---0-01-----0---111111 -> 8'00000010 16'0000000100000010
  transition: 8'00100000 24'00---0-0-1----0---111111 -> 8'00000100 16'0000001000000010
  transition: 8'00100000 24'-----1-------0----111111 -> 8'10000000 16'0100000000000010
  transition: 8'00100000 24'-----1-------1----111111 -> 8'01000000 16'0010000000000010
  transition: 8'00100000 24'-1----------------111111 -> 8'01000000 16'0010000000000010
  transition: 8'00100000 24'--------------1---111111 -> 8'00000001 16'0000000010000010
  transition: 8'00100000 24'-------1----------111111 -> 8'00000100 16'0000001000000010
  transition: 8'00100000 24'1-----------------111111 -> 8'00001000 16'0000010000000010
  transition: 8'00001000 24'------------------0---00 -> 8'01000000 16'0010000000001000
  transition: 8'00001000 24'----------0-------0---01 -> 8'01000000 16'0010000000001000
  transition: 8'00001000 24'---0------1-------0---01 -> 8'00001000 16'0000010000001000
  transition: 8'00001000 24'---1------1-------0---01 -> 8'01000000 16'0010000000001000
  transition: 8'00001000 24'------------------10-000 -> 8'01000000 16'0010000000001000
  transition: 8'00001000 24'----------0-------10-001 -> 8'01000000 16'0010000000001000
  transition: 8'00001000 24'---0------1-------10-001 -> 8'00001000 16'0000010000001000
  transition: 8'00001000 24'---1------1-------10-001 -> 8'01000000 16'0010000000001000
  transition: 8'00001000 24'------------------11000- -> 8'10000000 16'0100000000001000
  transition: 8'00001000 24'------------------111000 -> 8'01000000 16'0010000000001000
  transition: 8'00001000 24'----------0-------111001 -> 8'01000000 16'0010000000001000
  transition: 8'00001000 24'---0------1-------111001 -> 8'00001000 16'0000010000001000
  transition: 8'00001000 24'---1------1-------111001 -> 8'01000000 16'0010000000001000
  transition: 8'00001000 24'------------------1-010- -> 8'10000000 16'0100000000001000
  transition: 8'00001000 24'------------------101100 -> 8'01000000 16'0010000000001000
  transition: 8'00001000 24'----------0-------101101 -> 8'01000000 16'0010000000001000
  transition: 8'00001000 24'---0------1-------101101 -> 8'00001000 16'0000010000001000
  transition: 8'00001000 24'---1------1-------101101 -> 8'01000000 16'0010000000001000
  transition: 8'00001000 24'------------------111100 -> 8'01000000 16'0010000000001000
  transition: 8'00001000 24'----------0-------111101 -> 8'01000000 16'0010000000001000
  transition: 8'00001000 24'---0------1-------111101 -> 8'00001000 16'0000010000001000
  transition: 8'00001000 24'---1------1-------111101 -> 8'01000000 16'0010000000001000
  transition: 8'00001000 24'--------------------0-1- -> 8'10000000 16'0100000000001000
  transition: 8'00001000 24'------------------0-1-10 -> 8'01000000 16'0010000000001000
  transition: 8'00001000 24'----------0-------0-1-11 -> 8'01000000 16'0010000000001000
  transition: 8'00001000 24'---0------1-------0-1-11 -> 8'00001000 16'0000010000001000
  transition: 8'00001000 24'---1------1-------0-1-11 -> 8'01000000 16'0010000000001000
  transition: 8'00001000 24'------------------101010 -> 8'01000000 16'0010000000001000
  transition: 8'00001000 24'----------0-------101011 -> 8'01000000 16'0010000000001000
  transition: 8'00001000 24'---0------1-------101011 -> 8'00001000 16'0000010000001000
  transition: 8'00001000 24'---1------1-------101011 -> 8'01000000 16'0010000000001000
  transition: 8'00001000 24'------------------111010 -> 8'01000000 16'0010000000001000
  transition: 8'00001000 24'----------0-------111011 -> 8'01000000 16'0010000000001000
  transition: 8'00001000 24'---0------1-------111011 -> 8'00001000 16'0000010000001000
  transition: 8'00001000 24'---1------1-------111011 -> 8'01000000 16'0010000000001000
  transition: 8'00001000 24'------------------101110 -> 8'01000000 16'0010000000001000
  transition: 8'00001000 24'----------0-------101111 -> 8'01000000 16'0010000000001000
  transition: 8'00001000 24'---0------1-------101111 -> 8'00001000 16'0000010000001000
  transition: 8'00001000 24'---1------1-------101111 -> 8'01000000 16'0010000000001000
  transition: 8'00001000 24'------------------111110 -> 8'01000000 16'0010000000001000
  transition: 8'00001000 24'----------0-------111111 -> 8'01000000 16'0010000000001000
  transition: 8'00001000 24'---0------1-------111111 -> 8'00001000 16'0000010000001000
  transition: 8'00001000 24'---1------1-------111111 -> 8'01000000 16'0010000000001000
  transition: 8'00000100 24'------------------0---00 -> 8'01000000 16'0010000000010000
  transition: 8'00000100 24'---------------0--0---01 -> 8'00000100 16'0000001000010000
  transition: 8'00000100 24'---------------1--0---01 -> 8'01000000 16'0010000000010000
  transition: 8'00000100 24'------------------10-000 -> 8'01000000 16'0010000000010000
  transition: 8'00000100 24'---------------0--10-001 -> 8'00000100 16'0000001000010000
  transition: 8'00000100 24'---------------1--10-001 -> 8'01000000 16'0010000000010000
  transition: 8'00000100 24'------------------11000- -> 8'10000000 16'0100000000010000
  transition: 8'00000100 24'------------------111000 -> 8'01000000 16'0010000000010000
  transition: 8'00000100 24'---------------0--111001 -> 8'00000100 16'0000001000010000
  transition: 8'00000100 24'---------------1--111001 -> 8'01000000 16'0010000000010000
  transition: 8'00000100 24'------------------1-010- -> 8'10000000 16'0100000000010000
  transition: 8'00000100 24'------------------101100 -> 8'01000000 16'0010000000010000
  transition: 8'00000100 24'---------------0--101101 -> 8'00000100 16'0000001000010000
  transition: 8'00000100 24'---------------1--101101 -> 8'01000000 16'0010000000010000
  transition: 8'00000100 24'------------------111100 -> 8'01000000 16'0010000000010000
  transition: 8'00000100 24'---------------0--111101 -> 8'00000100 16'0000001000010000
  transition: 8'00000100 24'---------------1--111101 -> 8'01000000 16'0010000000010000
  transition: 8'00000100 24'--------------------0-1- -> 8'10000000 16'0100000000010000
  transition: 8'00000100 24'------------------0-1-10 -> 8'01000000 16'0010000000010000
  transition: 8'00000100 24'---------------0--0-1-11 -> 8'00000100 16'0000001000010000
  transition: 8'00000100 24'---------------1--0-1-11 -> 8'01000000 16'0010000000010000
  transition: 8'00000100 24'------------------101010 -> 8'01000000 16'0010000000010000
  transition: 8'00000100 24'---------------0--101011 -> 8'00000100 16'0000001000010000
  transition: 8'00000100 24'---------------1--101011 -> 8'01000000 16'0010000000010000
  transition: 8'00000100 24'------------------111010 -> 8'01000000 16'0010000000010000
  transition: 8'00000100 24'---------------0--111011 -> 8'00000100 16'0000001000010000
  transition: 8'00000100 24'---------------1--111011 -> 8'01000000 16'0010000000010000
  transition: 8'00000100 24'------------------101110 -> 8'01000000 16'0010000000010000
  transition: 8'00000100 24'---------------0--101111 -> 8'00000100 16'0000001000010000
  transition: 8'00000100 24'---------------1--101111 -> 8'01000000 16'0010000000010000
  transition: 8'00000100 24'------------------111110 -> 8'01000000 16'0010000000010000
  transition: 8'00000100 24'---------------0--111111 -> 8'00000100 16'0000001000010000
  transition: 8'00000100 24'---------------1--111111 -> 8'01000000 16'0010000000010000
  transition: 8'00000010 24'------------------0---00 -> 8'01000000 16'0010000000100000
  transition: 8'00000010 24'----------------0-0---01 -> 8'00000010 16'0000000100100000
  transition: 8'00000010 24'----------------100---01 -> 8'00000010 16'0000000100100000
  transition: 8'00000010 24'----------------110---01 -> 8'01000000 16'0010000000100000
  transition: 8'00000010 24'------------------10-000 -> 8'01000000 16'0010000000100000
  transition: 8'00000010 24'----------------0-10-001 -> 8'00000010 16'0000000100100000
  transition: 8'00000010 24'----------------1010-001 -> 8'00000010 16'0000000100100000
  transition: 8'00000010 24'----------------1110-001 -> 8'01000000 16'0010000000100000
  transition: 8'00000010 24'------------------11000- -> 8'10000000 16'0100000000100000
  transition: 8'00000010 24'------------------111000 -> 8'01000000 16'0010000000100000
  transition: 8'00000010 24'----------------0-111001 -> 8'00000010 16'0000000100100000
  transition: 8'00000010 24'----------------10111001 -> 8'00000010 16'0000000100100000
  transition: 8'00000010 24'----------------11111001 -> 8'01000000 16'0010000000100000
  transition: 8'00000010 24'------------------1-010- -> 8'10000000 16'0100000000100000
  transition: 8'00000010 24'------------------101100 -> 8'01000000 16'0010000000100000
  transition: 8'00000010 24'----------------0-101101 -> 8'00000010 16'0000000100100000
  transition: 8'00000010 24'----------------10101101 -> 8'00000010 16'0000000100100000
  transition: 8'00000010 24'----------------11101101 -> 8'01000000 16'0010000000100000
  transition: 8'00000010 24'------------------111100 -> 8'01000000 16'0010000000100000
  transition: 8'00000010 24'----------------0-111101 -> 8'00000010 16'0000000100100000
  transition: 8'00000010 24'----------------10111101 -> 8'00000010 16'0000000100100000
  transition: 8'00000010 24'----------------11111101 -> 8'01000000 16'0010000000100000
  transition: 8'00000010 24'--------------------0-1- -> 8'10000000 16'0100000000100000
  transition: 8'00000010 24'------------------0-1-10 -> 8'01000000 16'0010000000100000
  transition: 8'00000010 24'----------------0-0-1-11 -> 8'00000010 16'0000000100100000
  transition: 8'00000010 24'----------------100-1-11 -> 8'00000010 16'0000000100100000
  transition: 8'00000010 24'----------------110-1-11 -> 8'01000000 16'0010000000100000
  transition: 8'00000010 24'------------------101010 -> 8'01000000 16'0010000000100000
  transition: 8'00000010 24'----------------0-101011 -> 8'00000010 16'0000000100100000
  transition: 8'00000010 24'----------------10101011 -> 8'00000010 16'0000000100100000
  transition: 8'00000010 24'----------------11101011 -> 8'01000000 16'0010000000100000
  transition: 8'00000010 24'------------------111010 -> 8'01000000 16'0010000000100000
  transition: 8'00000010 24'----------------0-111011 -> 8'00000010 16'0000000100100000
  transition: 8'00000010 24'----------------10111011 -> 8'00000010 16'0000000100100000
  transition: 8'00000010 24'----------------11111011 -> 8'01000000 16'0010000000100000
  transition: 8'00000010 24'------------------101110 -> 8'01000000 16'0010000000100000
  transition: 8'00000010 24'----------------0-101111 -> 8'00000010 16'0000000100100000
  transition: 8'00000010 24'----------------10101111 -> 8'00000010 16'0000000100100000
  transition: 8'00000010 24'----------------11101111 -> 8'01000000 16'0010000000100000
  transition: 8'00000010 24'------------------111110 -> 8'01000000 16'0010000000100000
  transition: 8'00000010 24'----------------0-111111 -> 8'00000010 16'0000000100100000
  transition: 8'00000010 24'----------------10111111 -> 8'00000010 16'0000000100100000
  transition: 8'00000010 24'----------------11111111 -> 8'01000000 16'0010000000100000
  transition: 8'00000001 24'------------------0---00 -> 8'01000000 16'0010000001000000
  transition: 8'00000001 24'----------------0-0---01 -> 8'00000001 16'0000000011000000
  transition: 8'00000001 24'----------------100---01 -> 8'00000001 16'0000000011000000
  transition: 8'00000001 24'----------------110---01 -> 8'01000000 16'0010000001000000
  transition: 8'00000001 24'------------------10-000 -> 8'01000000 16'0010000001000000
  transition: 8'00000001 24'----------------0-10-001 -> 8'00000001 16'0000000011000000
  transition: 8'00000001 24'----------------1010-001 -> 8'00000001 16'0000000011000000
  transition: 8'00000001 24'----------------1110-001 -> 8'01000000 16'0010000001000000
  transition: 8'00000001 24'------------------11000- -> 8'10000000 16'0100000001000000
  transition: 8'00000001 24'------------------111000 -> 8'01000000 16'0010000001000000
  transition: 8'00000001 24'----------------0-111001 -> 8'00000001 16'0000000011000000
  transition: 8'00000001 24'----------------10111001 -> 8'00000001 16'0000000011000000
  transition: 8'00000001 24'----------------11111001 -> 8'01000000 16'0010000001000000
  transition: 8'00000001 24'------------------1-010- -> 8'10000000 16'0100000001000000
  transition: 8'00000001 24'------------------101100 -> 8'01000000 16'0010000001000000
  transition: 8'00000001 24'----------------0-101101 -> 8'00000001 16'0000000011000000
  transition: 8'00000001 24'----------------10101101 -> 8'00000001 16'0000000011000000
  transition: 8'00000001 24'----------------11101101 -> 8'01000000 16'0010000001000000
  transition: 8'00000001 24'------------------111100 -> 8'01000000 16'0010000001000000
  transition: 8'00000001 24'----------------0-111101 -> 8'00000001 16'0000000011000000
  transition: 8'00000001 24'----------------10111101 -> 8'00000001 16'0000000011000000
  transition: 8'00000001 24'----------------11111101 -> 8'01000000 16'0010000001000000
  transition: 8'00000001 24'--------------------0-1- -> 8'10000000 16'0100000001000000
  transition: 8'00000001 24'------------------0-1-10 -> 8'01000000 16'0010000001000000
  transition: 8'00000001 24'----------------0-0-1-11 -> 8'00000001 16'0000000011000000
  transition: 8'00000001 24'----------------100-1-11 -> 8'00000001 16'0000000011000000
  transition: 8'00000001 24'----------------110-1-11 -> 8'01000000 16'0010000001000000
  transition: 8'00000001 24'------------------101010 -> 8'01000000 16'0010000001000000
  transition: 8'00000001 24'----------------0-101011 -> 8'00000001 16'0000000011000000
  transition: 8'00000001 24'----------------10101011 -> 8'00000001 16'0000000011000000
  transition: 8'00000001 24'----------------11101011 -> 8'01000000 16'0010000001000000
  transition: 8'00000001 24'------------------111010 -> 8'01000000 16'0010000001000000
  transition: 8'00000001 24'----------------0-111011 -> 8'00000001 16'0000000011000000
  transition: 8'00000001 24'----------------10111011 -> 8'00000001 16'0000000011000000
  transition: 8'00000001 24'----------------11111011 -> 8'01000000 16'0010000001000000
  transition: 8'00000001 24'------------------101110 -> 8'01000000 16'0010000001000000
  transition: 8'00000001 24'----------------0-101111 -> 8'00000001 16'0000000011000000
  transition: 8'00000001 24'----------------10101111 -> 8'00000001 16'0000000011000000
  transition: 8'00000001 24'----------------11101111 -> 8'01000000 16'0010000001000000
  transition: 8'00000001 24'------------------111110 -> 8'01000000 16'0010000001000000
  transition: 8'00000001 24'----------------0-111111 -> 8'00000001 16'0000000011000000
  transition: 8'00000001 24'----------------10111111 -> 8'00000001 16'0000000011000000
  transition: 8'00000001 24'----------------11111111 -> 8'01000000 16'0010000001000000

7.21.3. Executing FSM_OPT pass (simple optimizations of FSMs).
Optimizing FSM `$fsm$\soc.cpu.cpu_state$6646' from module `\icebreaker_fit'.
  Merging pattern 24'------------------111001 and 24'------------------111011 from group (0 0 16'0100000000000001).
  Merging pattern 24'------------------101101 and 24'------------------101111 from group (0 0 16'0100000000000001).
  Merging pattern 24'------------------111101 and 24'------------------111111 from group (0 0 16'0100000000000001).
  Merging pattern 24'------------------111011 and 24'------------------111001 from group (0 0 16'0100000000000001).
  Merging pattern 24'------------------101111 and 24'------------------101101 from group (0 0 16'0100000000000001).
  Merging pattern 24'------------------111111 and 24'------------------111101 from group (0 0 16'0100000000000001).
  Merging pattern 24'------------------1110-1 and 24'------------------1111-1 from group (0 0 16'0100000000000001).
  Merging pattern 24'------------------1111-1 and 24'------------------1110-1 from group (0 0 16'0100000000000001).
  Merging pattern 24'------------------111000 and 24'------------------111010 from group (0 1 16'0010000000000001).
  Merging pattern 24'------------------101100 and 24'------------------101110 from group (0 1 16'0010000000000001).
  Merging pattern 24'------------------111100 and 24'------------------111110 from group (0 1 16'0010000000000001).
  Merging pattern 24'------------------111010 and 24'------------------111000 from group (0 1 16'0010000000000001).
  Merging pattern 24'------------------101110 and 24'------------------101100 from group (0 1 16'0010000000000001).
  Merging pattern 24'------------------111110 and 24'------------------111100 from group (0 1 16'0010000000000001).
  Merging pattern 24'------------------1110-0 and 24'------------------1111-0 from group (0 1 16'0010000000000001).
  Merging pattern 24'------------------1111-0 and 24'------------------1110-0 from group (0 1 16'0010000000000001).
  Merging pattern 24'------------------111000 and 24'------------------111010 from group (1 1 16'1010000000000000).
  Merging pattern 24'------------------101100 and 24'------------------101110 from group (1 1 16'1010000000000000).
  Merging pattern 24'------------------111100 and 24'------------------111110 from group (1 1 16'1010000000000000).
  Merging pattern 24'------------------111010 and 24'------------------111000 from group (1 1 16'1010000000000000).
  Merging pattern 24'------------------101110 and 24'------------------101100 from group (1 1 16'1010000000000000).
  Merging pattern 24'------------------111110 and 24'------------------111100 from group (1 1 16'1010000000000000).
  Merging pattern 24'------0----00-----111001 and 24'------0----00-----111011 from group (1 1 16'1010000000000000).
  Merging pattern 24'----1-1----00-----111001 and 24'----1-1----00-----111011 from group (1 1 16'1010000000000000).
  Merging pattern 24'-----------01-----111001 and 24'-----------01-----111011 from group (1 1 16'1010000000000000).
  Merging pattern 24'-----------1------111001 and 24'-----------1------111011 from group (1 1 16'1010000000000000).
  Merging pattern 24'------0----00-----101101 and 24'------0----00-----101111 from group (1 1 16'1010000000000000).
  Merging pattern 24'----1-1----00-----101101 and 24'----1-1----00-----101111 from group (1 1 16'1010000000000000).
  Merging pattern 24'-----------01-----101101 and 24'-----------01-----101111 from group (1 1 16'1010000000000000).
  Merging pattern 24'-----------1------101101 and 24'-----------1------101111 from group (1 1 16'1010000000000000).
  Merging pattern 24'------0----00-----111101 and 24'------0----00-----111111 from group (1 1 16'1010000000000000).
  Merging pattern 24'----1-1----00-----111101 and 24'----1-1----00-----111111 from group (1 1 16'1010000000000000).
  Merging pattern 24'-----------01-----111101 and 24'-----------01-----111111 from group (1 1 16'1010000000000000).
  Merging pattern 24'-----------1------111101 and 24'-----------1------111111 from group (1 1 16'1010000000000000).
  Merging pattern 24'------0----00-----111011 and 24'------0----00-----111001 from group (1 1 16'1010000000000000).
  Merging pattern 24'----1-1----00-----111011 and 24'----1-1----00-----111001 from group (1 1 16'1010000000000000).
  Merging pattern 24'-----------01-----111011 and 24'-----------01-----111001 from group (1 1 16'1010000000000000).
  Merging pattern 24'-----------1------111011 and 24'-----------1------111001 from group (1 1 16'1010000000000000).
  Merging pattern 24'------0----00-----101111 and 24'------0----00-----101101 from group (1 1 16'1010000000000000).
  Merging pattern 24'----1-1----00-----101111 and 24'----1-1----00-----101101 from group (1 1 16'1010000000000000).
  Merging pattern 24'-----------01-----101111 and 24'-----------01-----101101 from group (1 1 16'1010000000000000).
  Merging pattern 24'-----------1------101111 and 24'-----------1------101101 from group (1 1 16'1010000000000000).
  Merging pattern 24'------0----00-----111111 and 24'------0----00-----111101 from group (1 1 16'1010000000000000).
  Merging pattern 24'----1-1----00-----111111 and 24'----1-1----00-----111101 from group (1 1 16'1010000000000000).
  Merging pattern 24'-----------01-----111111 and 24'-----------01-----111101 from group (1 1 16'1010000000000000).
  Merging pattern 24'-----------1------111111 and 24'-----------1------111101 from group (1 1 16'1010000000000000).
  Merging pattern 24'------------------1110-0 and 24'------------------1111-0 from group (1 1 16'1010000000000000).
  Merging pattern 24'------------------1111-0 and 24'------------------1110-0 from group (1 1 16'1010000000000000).
  Merging pattern 24'------0----00-----1110-1 and 24'------0----00-----1111-1 from group (1 1 16'1010000000000000).
  Merging pattern 24'----1-1----00-----1110-1 and 24'----1-1----00-----1111-1 from group (1 1 16'1010000000000000).
  Merging pattern 24'-----------01-----1110-1 and 24'-----------01-----1111-1 from group (1 1 16'1010000000000000).
  Merging pattern 24'-----------1------1110-1 and 24'-----------1------1111-1 from group (1 1 16'1010000000000000).
  Merging pattern 24'------0----00-----1111-1 and 24'------0----00-----1110-1 from group (1 1 16'1010000000000000).
  Merging pattern 24'----1-1----00-----1111-1 and 24'----1-1----00-----1110-1 from group (1 1 16'1010000000000000).
  Merging pattern 24'-----------01-----1111-1 and 24'-----------01-----1110-1 from group (1 1 16'1010000000000000).
  Merging pattern 24'-----------1------1111-1 and 24'-----------1------1110-1 from group (1 1 16'1010000000000000).
  Merging pattern 24'----0-1----00-----111001 and 24'----0-1----00-----111011 from group (1 2 16'1001000000000000).
  Merging pattern 24'----0-1----00-----101101 and 24'----0-1----00-----101111 from group (1 2 16'1001000000000000).
  Merging pattern 24'----0-1----00-----111101 and 24'----0-1----00-----111111 from group (1 2 16'1001000000000000).
  Merging pattern 24'----0-1----00-----111011 and 24'----0-1----00-----111001 from group (1 2 16'1001000000000000).
  Merging pattern 24'----0-1----00-----101111 and 24'----0-1----00-----101101 from group (1 2 16'1001000000000000).
  Merging pattern 24'----0-1----00-----111111 and 24'----0-1----00-----111101 from group (1 2 16'1001000000000000).
  Merging pattern 24'----0-1----00-----1110-1 and 24'----0-1----00-----1111-1 from group (1 2 16'1001000000000000).
  Merging pattern 24'----0-1----00-----1111-1 and 24'----0-1----00-----1110-1 from group (1 2 16'1001000000000000).
  Merging pattern 24'-----1-------0----111001 and 24'-----1-------0----111011 from group (2 0 16'0100000000000010).
  Merging pattern 24'-----1-------0----101101 and 24'-----1-------0----101111 from group (2 0 16'0100000000000010).
  Merging pattern 24'-----1-------0----111101 and 24'-----1-------0----111111 from group (2 0 16'0100000000000010).
  Merging pattern 24'-----1-------0----111011 and 24'-----1-------0----111001 from group (2 0 16'0100000000000010).
  Merging pattern 24'-----1-------0----101111 and 24'-----1-------0----101101 from group (2 0 16'0100000000000010).
  Merging pattern 24'-----1-------0----111111 and 24'-----1-------0----111101 from group (2 0 16'0100000000000010).
  Merging pattern 24'-----1-------0----1110-1 and 24'-----1-------0----1111-1 from group (2 0 16'0100000000000010).
  Merging pattern 24'-----1-------0----1111-1 and 24'-----1-------0----1110-1 from group (2 0 16'0100000000000010).
  Merging pattern 24'------------------111000 and 24'------------------111010 from group (2 1 16'0010000000000010).
  Merging pattern 24'------------------101100 and 24'------------------101110 from group (2 1 16'0010000000000010).
  Merging pattern 24'------------------111100 and 24'------------------111110 from group (2 1 16'0010000000000010).
  Merging pattern 24'------------------111010 and 24'------------------111000 from group (2 1 16'0010000000000010).
  Merging pattern 24'------------------101110 and 24'------------------101100 from group (2 1 16'0010000000000010).
  Merging pattern 24'------------------111110 and 24'------------------111100 from group (2 1 16'0010000000000010).
  Merging pattern 24'-----1-------1----111001 and 24'-----1-------1----111011 from group (2 1 16'0010000000000010).
  Merging pattern 24'-1----------------111001 and 24'-1----------------111011 from group (2 1 16'0010000000000010).
  Merging pattern 24'-----1-------1----101101 and 24'-----1-------1----101111 from group (2 1 16'0010000000000010).
  Merging pattern 24'-1----------------101101 and 24'-1----------------101111 from group (2 1 16'0010000000000010).
  Merging pattern 24'-----1-------1----111101 and 24'-----1-------1----111111 from group (2 1 16'0010000000000010).
  Merging pattern 24'-1----------------111101 and 24'-1----------------111111 from group (2 1 16'0010000000000010).
  Merging pattern 24'-----1-------1----111011 and 24'-----1-------1----111001 from group (2 1 16'0010000000000010).
  Merging pattern 24'-1----------------111011 and 24'-1----------------111001 from group (2 1 16'0010000000000010).
  Merging pattern 24'-----1-------1----101111 and 24'-----1-------1----101101 from group (2 1 16'0010000000000010).
  Merging pattern 24'-1----------------101111 and 24'-1----------------101101 from group (2 1 16'0010000000000010).
  Merging pattern 24'-----1-------1----111111 and 24'-----1-------1----111101 from group (2 1 16'0010000000000010).
  Merging pattern 24'-1----------------111111 and 24'-1----------------111101 from group (2 1 16'0010000000000010).
  Merging pattern 24'------------------1110-0 and 24'------------------1111-0 from group (2 1 16'0010000000000010).
  Merging pattern 24'------------------1111-0 and 24'------------------1110-0 from group (2 1 16'0010000000000010).
  Merging pattern 24'-----1-------1----1110-1 and 24'-----1-------1----1111-1 from group (2 1 16'0010000000000010).
  Merging pattern 24'-1----------------1110-1 and 24'-1----------------1111-1 from group (2 1 16'0010000000000010).
  Merging pattern 24'-----1-------1----1111-1 and 24'-----1-------1----1110-1 from group (2 1 16'0010000000000010).
  Merging pattern 24'-1----------------1111-1 and 24'-1----------------1110-1 from group (2 1 16'0010000000000010).
  Merging pattern 24'00---0-000----0---111001 and 24'00---0-000----0---111011 from group (2 3 16'0000010000000010).
  Merging pattern 24'1-----------------111001 and 24'1-----------------111011 from group (2 3 16'0000010000000010).
  Merging pattern 24'00---0-000----0---101101 and 24'00---0-000----0---101111 from group (2 3 16'0000010000000010).
  Merging pattern 24'1-----------------101101 and 24'1-----------------101111 from group (2 3 16'0000010000000010).
  Merging pattern 24'00---0-000----0---111101 and 24'00---0-000----0---111111 from group (2 3 16'0000010000000010).
  Merging pattern 24'1-----------------111101 and 24'1-----------------111111 from group (2 3 16'0000010000000010).
  Merging pattern 24'00---0-000----0---111011 and 24'00---0-000----0---111001 from group (2 3 16'0000010000000010).
  Merging pattern 24'1-----------------111011 and 24'1-----------------111001 from group (2 3 16'0000010000000010).
  Merging pattern 24'00---0-000----0---101111 and 24'00---0-000----0---101101 from group (2 3 16'0000010000000010).
  Merging pattern 24'1-----------------101111 and 24'1-----------------101101 from group (2 3 16'0000010000000010).
  Merging pattern 24'00---0-000----0---111111 and 24'00---0-000----0---111101 from group (2 3 16'0000010000000010).
  Merging pattern 24'1-----------------111111 and 24'1-----------------111101 from group (2 3 16'0000010000000010).
  Merging pattern 24'00---0-000----0---1110-1 and 24'00---0-000----0---1111-1 from group (2 3 16'0000010000000010).
  Merging pattern 24'1-----------------1110-1 and 24'1-----------------1111-1 from group (2 3 16'0000010000000010).
  Merging pattern 24'00---0-000----0---1111-1 and 24'00---0-000----0---1110-1 from group (2 3 16'0000010000000010).
  Merging pattern 24'1-----------------1111-1 and 24'1-----------------1110-1 from group (2 3 16'0000010000000010).
  Merging pattern 24'00---0-0-1----0---111001 and 24'00---0-0-1----0---111011 from group (2 4 16'0000001000000010).
  Merging pattern 24'-------1----------111001 and 24'-------1----------111011 from group (2 4 16'0000001000000010).
  Merging pattern 24'00---0-0-1----0---101101 and 24'00---0-0-1----0---101111 from group (2 4 16'0000001000000010).
  Merging pattern 24'-------1----------101101 and 24'-------1----------101111 from group (2 4 16'0000001000000010).
  Merging pattern 24'00---0-0-1----0---111101 and 24'00---0-0-1----0---111111 from group (2 4 16'0000001000000010).
  Merging pattern 24'-------1----------111101 and 24'-------1----------111111 from group (2 4 16'0000001000000010).
  Merging pattern 24'00---0-0-1----0---111011 and 24'00---0-0-1----0---111001 from group (2 4 16'0000001000000010).
  Merging pattern 24'-------1----------111011 and 24'-------1----------111001 from group (2 4 16'0000001000000010).
  Merging pattern 24'00---0-0-1----0---101111 and 24'00---0-0-1----0---101101 from group (2 4 16'0000001000000010).
  Merging pattern 24'-------1----------101111 and 24'-------1----------101101 from group (2 4 16'0000001000000010).
  Merging pattern 24'00---0-0-1----0---111111 and 24'00---0-0-1----0---111101 from group (2 4 16'0000001000000010).
  Merging pattern 24'-------1----------111111 and 24'-------1----------111101 from group (2 4 16'0000001000000010).
  Merging pattern 24'00---0-0-1----0---1110-1 and 24'00---0-0-1----0---1111-1 from group (2 4 16'0000001000000010).
  Merging pattern 24'-------1----------1110-1 and 24'-------1----------1111-1 from group (2 4 16'0000001000000010).
  Merging pattern 24'00---0-0-1----0---1111-1 and 24'00---0-0-1----0---1110-1 from group (2 4 16'0000001000000010).
  Merging pattern 24'-------1----------1111-1 and 24'-------1----------1110-1 from group (2 4 16'0000001000000010).
  Merging pattern 24'00---0-01-----0---111001 and 24'00---0-01-----0---111011 from group (2 5 16'0000000100000010).
  Merging pattern 24'00---0-01-----0---101101 and 24'00---0-01-----0---101111 from group (2 5 16'0000000100000010).
  Merging pattern 24'00---0-01-----0---111101 and 24'00---0-01-----0---111111 from group (2 5 16'0000000100000010).
  Merging pattern 24'00---0-01-----0---111011 and 24'00---0-01-----0---111001 from group (2 5 16'0000000100000010).
  Merging pattern 24'00---0-01-----0---101111 and 24'00---0-01-----0---101101 from group (2 5 16'0000000100000010).
  Merging pattern 24'00---0-01-----0---111111 and 24'00---0-01-----0---111101 from group (2 5 16'0000000100000010).
  Merging pattern 24'00---0-01-----0---1110-1 and 24'00---0-01-----0---1111-1 from group (2 5 16'0000000100000010).
  Merging pattern 24'00---0-01-----0---1111-1 and 24'00---0-01-----0---1110-1 from group (2 5 16'0000000100000010).
  Merging pattern 24'--------------1---111001 and 24'--------------1---111011 from group (2 6 16'0000000010000010).
  Merging pattern 24'--------------1---101101 and 24'--------------1---101111 from group (2 6 16'0000000010000010).
  Merging pattern 24'--------------1---111101 and 24'--------------1---111111 from group (2 6 16'0000000010000010).
  Merging pattern 24'--------------1---111011 and 24'--------------1---111001 from group (2 6 16'0000000010000010).
  Merging pattern 24'--------------1---101111 and 24'--------------1---101101 from group (2 6 16'0000000010000010).
  Merging pattern 24'--------------1---111111 and 24'--------------1---111101 from group (2 6 16'0000000010000010).
  Merging pattern 24'--------------1---1110-1 and 24'--------------1---1111-1 from group (2 6 16'0000000010000010).
  Merging pattern 24'--------------1---1111-1 and 24'--------------1---1110-1 from group (2 6 16'0000000010000010).
  Merging pattern 24'------------------111000 and 24'------------------111010 from group (3 1 16'0010000000001000).
  Merging pattern 24'------------------101100 and 24'------------------101110 from group (3 1 16'0010000000001000).
  Merging pattern 24'------------------111100 and 24'------------------111110 from group (3 1 16'0010000000001000).
  Merging pattern 24'------------------111010 and 24'------------------111000 from group (3 1 16'0010000000001000).
  Merging pattern 24'------------------101110 and 24'------------------101100 from group (3 1 16'0010000000001000).
  Merging pattern 24'------------------111110 and 24'------------------111100 from group (3 1 16'0010000000001000).
  Merging pattern 24'----------0-------111001 and 24'----------0-------111011 from group (3 1 16'0010000000001000).
  Merging pattern 24'---1------1-------111001 and 24'---1------1-------111011 from group (3 1 16'0010000000001000).
  Merging pattern 24'----------0-------101101 and 24'----------0-------101111 from group (3 1 16'0010000000001000).
  Merging pattern 24'---1------1-------101101 and 24'---1------1-------101111 from group (3 1 16'0010000000001000).
  Merging pattern 24'----------0-------111101 and 24'----------0-------111111 from group (3 1 16'0010000000001000).
  Merging pattern 24'---1------1-------111101 and 24'---1------1-------111111 from group (3 1 16'0010000000001000).
  Merging pattern 24'----------0-------111011 and 24'----------0-------111001 from group (3 1 16'0010000000001000).
  Merging pattern 24'---1------1-------111011 and 24'---1------1-------111001 from group (3 1 16'0010000000001000).
  Merging pattern 24'----------0-------101111 and 24'----------0-------101101 from group (3 1 16'0010000000001000).
  Merging pattern 24'---1------1-------101111 and 24'---1------1-------101101 from group (3 1 16'0010000000001000).
  Merging pattern 24'----------0-------111111 and 24'----------0-------111101 from group (3 1 16'0010000000001000).
  Merging pattern 24'---1------1-------111111 and 24'---1------1-------111101 from group (3 1 16'0010000000001000).
  Merging pattern 24'------------------1110-0 and 24'------------------1111-0 from group (3 1 16'0010000000001000).
  Merging pattern 24'------------------1111-0 and 24'------------------1110-0 from group (3 1 16'0010000000001000).
  Merging pattern 24'----------0-------1110-1 and 24'----------0-------1111-1 from group (3 1 16'0010000000001000).
  Merging pattern 24'---1------1-------1110-1 and 24'---1------1-------1111-1 from group (3 1 16'0010000000001000).
  Merging pattern 24'----------0-------1111-1 and 24'----------0-------1110-1 from group (3 1 16'0010000000001000).
  Merging pattern 24'---1------1-------1111-1 and 24'---1------1-------1110-1 from group (3 1 16'0010000000001000).
  Merging pattern 24'---0------1-------111001 and 24'---0------1-------111011 from group (3 3 16'0000010000001000).
  Merging pattern 24'---0------1-------101101 and 24'---0------1-------101111 from group (3 3 16'0000010000001000).
  Merging pattern 24'---0------1-------111101 and 24'---0------1-------111111 from group (3 3 16'0000010000001000).
  Merging pattern 24'---0------1-------111011 and 24'---0------1-------111001 from group (3 3 16'0000010000001000).
  Merging pattern 24'---0------1-------101111 and 24'---0------1-------101101 from group (3 3 16'0000010000001000).
  Merging pattern 24'---0------1-------111111 and 24'---0------1-------111101 from group (3 3 16'0000010000001000).
  Merging pattern 24'---0------1-------1110-1 and 24'---0------1-------1111-1 from group (3 3 16'0000010000001000).
  Merging pattern 24'---0------1-------1111-1 and 24'---0------1-------1110-1 from group (3 3 16'0000010000001000).
  Merging pattern 24'------------------111000 and 24'------------------111010 from group (4 1 16'0010000000010000).
  Merging pattern 24'------------------101100 and 24'------------------101110 from group (4 1 16'0010000000010000).
  Merging pattern 24'------------------111100 and 24'------------------111110 from group (4 1 16'0010000000010000).
  Merging pattern 24'------------------111010 and 24'------------------111000 from group (4 1 16'0010000000010000).
  Merging pattern 24'------------------101110 and 24'------------------101100 from group (4 1 16'0010000000010000).
  Merging pattern 24'------------------111110 and 24'------------------111100 from group (4 1 16'0010000000010000).
  Merging pattern 24'---------------1--111001 and 24'---------------1--111011 from group (4 1 16'0010000000010000).
  Merging pattern 24'---------------1--101101 and 24'---------------1--101111 from group (4 1 16'0010000000010000).
  Merging pattern 24'---------------1--111101 and 24'---------------1--111111 from group (4 1 16'0010000000010000).
  Merging pattern 24'---------------1--111011 and 24'---------------1--111001 from group (4 1 16'0010000000010000).
  Merging pattern 24'---------------1--101111 and 24'---------------1--101101 from group (4 1 16'0010000000010000).
  Merging pattern 24'---------------1--111111 and 24'---------------1--111101 from group (4 1 16'0010000000010000).
  Merging pattern 24'------------------1110-0 and 24'------------------1111-0 from group (4 1 16'0010000000010000).
  Merging pattern 24'------------------1111-0 and 24'------------------1110-0 from group (4 1 16'0010000000010000).
  Merging pattern 24'---------------1--1110-1 and 24'---------------1--1111-1 from group (4 1 16'0010000000010000).
  Merging pattern 24'---------------1--1111-1 and 24'---------------1--1110-1 from group (4 1 16'0010000000010000).
  Merging pattern 24'---------------0--111001 and 24'---------------0--111011 from group (4 4 16'0000001000010000).
  Merging pattern 24'---------------0--101101 and 24'---------------0--101111 from group (4 4 16'0000001000010000).
  Merging pattern 24'---------------0--111101 and 24'---------------0--111111 from group (4 4 16'0000001000010000).
  Merging pattern 24'---------------0--111011 and 24'---------------0--111001 from group (4 4 16'0000001000010000).
  Merging pattern 24'---------------0--101111 and 24'---------------0--101101 from group (4 4 16'0000001000010000).
  Merging pattern 24'---------------0--111111 and 24'---------------0--111101 from group (4 4 16'0000001000010000).
  Merging pattern 24'---------------0--1110-1 and 24'---------------0--1111-1 from group (4 4 16'0000001000010000).
  Merging pattern 24'---------------0--1111-1 and 24'---------------0--1110-1 from group (4 4 16'0000001000010000).
  Merging pattern 24'------------------111000 and 24'------------------111010 from group (5 1 16'0010000000100000).
  Merging pattern 24'------------------101100 and 24'------------------101110 from group (5 1 16'0010000000100000).
  Merging pattern 24'------------------111100 and 24'------------------111110 from group (5 1 16'0010000000100000).
  Merging pattern 24'------------------111010 and 24'------------------111000 from group (5 1 16'0010000000100000).
  Merging pattern 24'------------------101110 and 24'------------------101100 from group (5 1 16'0010000000100000).
  Merging pattern 24'------------------111110 and 24'------------------111100 from group (5 1 16'0010000000100000).
  Merging pattern 24'----------------11111001 and 24'----------------11111011 from group (5 1 16'0010000000100000).
  Merging pattern 24'----------------11101101 and 24'----------------11101111 from group (5 1 16'0010000000100000).
  Merging pattern 24'----------------11111101 and 24'----------------11111111 from group (5 1 16'0010000000100000).
  Merging pattern 24'----------------11111011 and 24'----------------11111001 from group (5 1 16'0010000000100000).
  Merging pattern 24'----------------11101111 and 24'----------------11101101 from group (5 1 16'0010000000100000).
  Merging pattern 24'----------------11111111 and 24'----------------11111101 from group (5 1 16'0010000000100000).
  Merging pattern 24'------------------1110-0 and 24'------------------1111-0 from group (5 1 16'0010000000100000).
  Merging pattern 24'------------------1111-0 and 24'------------------1110-0 from group (5 1 16'0010000000100000).
  Merging pattern 24'----------------111110-1 and 24'----------------111111-1 from group (5 1 16'0010000000100000).
  Merging pattern 24'----------------111111-1 and 24'----------------111110-1 from group (5 1 16'0010000000100000).
  Merging pattern 24'----------------10111001 and 24'----------------10111011 from group (5 5 16'0000000100100000).
  Merging pattern 24'----------------0-111001 and 24'----------------0-111011 from group (5 5 16'0000000100100000).
  Merging pattern 24'----------------10101101 and 24'----------------10101111 from group (5 5 16'0000000100100000).
  Merging pattern 24'----------------0-101101 and 24'----------------0-101111 from group (5 5 16'0000000100100000).
  Merging pattern 24'----------------10111101 and 24'----------------10111111 from group (5 5 16'0000000100100000).
  Merging pattern 24'----------------0-111101 and 24'----------------0-111111 from group (5 5 16'0000000100100000).
  Merging pattern 24'----------------10111011 and 24'----------------10111001 from group (5 5 16'0000000100100000).
  Merging pattern 24'----------------0-111011 and 24'----------------0-111001 from group (5 5 16'0000000100100000).
  Merging pattern 24'----------------10101111 and 24'----------------10101101 from group (5 5 16'0000000100100000).
  Merging pattern 24'----------------0-101111 and 24'----------------0-101101 from group (5 5 16'0000000100100000).
  Merging pattern 24'----------------10111111 and 24'----------------10111101 from group (5 5 16'0000000100100000).
  Merging pattern 24'----------------0-111111 and 24'----------------0-111101 from group (5 5 16'0000000100100000).
  Merging pattern 24'----------------101110-1 and 24'----------------101111-1 from group (5 5 16'0000000100100000).
  Merging pattern 24'----------------0-1110-1 and 24'----------------0-1111-1 from group (5 5 16'0000000100100000).
  Merging pattern 24'----------------101111-1 and 24'----------------101110-1 from group (5 5 16'0000000100100000).
  Merging pattern 24'----------------0-1111-1 and 24'----------------0-1110-1 from group (5 5 16'0000000100100000).
  Merging pattern 24'------------------111000 and 24'------------------111010 from group (6 1 16'0010000001000000).
  Merging pattern 24'------------------101100 and 24'------------------101110 from group (6 1 16'0010000001000000).
  Merging pattern 24'------------------111100 and 24'------------------111110 from group (6 1 16'0010000001000000).
  Merging pattern 24'------------------111010 and 24'------------------111000 from group (6 1 16'0010000001000000).
  Merging pattern 24'------------------101110 and 24'------------------101100 from group (6 1 16'0010000001000000).
  Merging pattern 24'------------------111110 and 24'------------------111100 from group (6 1 16'0010000001000000).
  Merging pattern 24'----------------11111001 and 24'----------------11111011 from group (6 1 16'0010000001000000).
  Merging pattern 24'----------------11101101 and 24'----------------11101111 from group (6 1 16'0010000001000000).
  Merging pattern 24'----------------11111101 and 24'----------------11111111 from group (6 1 16'0010000001000000).
  Merging pattern 24'----------------11111011 and 24'----------------11111001 from group (6 1 16'0010000001000000).
  Merging pattern 24'----------------11101111 and 24'----------------11101101 from group (6 1 16'0010000001000000).
  Merging pattern 24'----------------11111111 and 24'----------------11111101 from group (6 1 16'0010000001000000).
  Merging pattern 24'------------------1110-0 and 24'------------------1111-0 from group (6 1 16'0010000001000000).
  Merging pattern 24'------------------1111-0 and 24'------------------1110-0 from group (6 1 16'0010000001000000).
  Merging pattern 24'----------------111110-1 and 24'----------------111111-1 from group (6 1 16'0010000001000000).
  Merging pattern 24'----------------111111-1 and 24'----------------111110-1 from group (6 1 16'0010000001000000).
  Merging pattern 24'----------------10111001 and 24'----------------10111011 from group (6 6 16'0000000011000000).
  Merging pattern 24'----------------0-111001 and 24'----------------0-111011 from group (6 6 16'0000000011000000).
  Merging pattern 24'----------------10101101 and 24'----------------10101111 from group (6 6 16'0000000011000000).
  Merging pattern 24'----------------0-101101 and 24'----------------0-101111 from group (6 6 16'0000000011000000).
  Merging pattern 24'----------------10111101 and 24'----------------10111111 from group (6 6 16'0000000011000000).
  Merging pattern 24'----------------0-111101 and 24'----------------0-111111 from group (6 6 16'0000000011000000).
  Merging pattern 24'----------------10111011 and 24'----------------10111001 from group (6 6 16'0000000011000000).
  Merging pattern 24'----------------0-111011 and 24'----------------0-111001 from group (6 6 16'0000000011000000).
  Merging pattern 24'----------------10101111 and 24'----------------10101101 from group (6 6 16'0000000011000000).
  Merging pattern 24'----------------0-101111 and 24'----------------0-101101 from group (6 6 16'0000000011000000).
  Merging pattern 24'----------------10111111 and 24'----------------10111101 from group (6 6 16'0000000011000000).
  Merging pattern 24'----------------0-111111 and 24'----------------0-111101 from group (6 6 16'0000000011000000).
  Merging pattern 24'----------------101110-1 and 24'----------------101111-1 from group (6 6 16'0000000011000000).
  Merging pattern 24'----------------0-1110-1 and 24'----------------0-1111-1 from group (6 6 16'0000000011000000).
  Merging pattern 24'----------------101111-1 and 24'----------------101110-1 from group (6 6 16'0000000011000000).
  Merging pattern 24'----------------0-1111-1 and 24'----------------0-1110-1 from group (6 6 16'0000000011000000).
  Removing unused input signal $auto$opt_reduce.cc:132:opt_mux$6384.

7.21.4. Executing OPT_CLEAN pass (remove unused cells and wires).
Finding unused cells or wires in module \icebreaker_fit..
Removed 30 unused cells and 30 unused wires.
<suppressed ~31 debug messages>

7.21.5. Executing FSM_OPT pass (simple optimizations of FSMs).
Optimizing FSM `$fsm$\soc.cpu.cpu_state$6646' from module `\icebreaker_fit'.
  Removing unused output signal $techmap\soc.cpu.$0\cpu_state[7:0] [0].
  Removing unused output signal $techmap\soc.cpu.$0\cpu_state[7:0] [1].
  Removing unused output signal $techmap\soc.cpu.$0\cpu_state[7:0] [2].
  Removing unused output signal $techmap\soc.cpu.$0\cpu_state[7:0] [3].
  Removing unused output signal $techmap\soc.cpu.$0\cpu_state[7:0] [4].
  Removing unused output signal $techmap\soc.cpu.$0\cpu_state[7:0] [5].
  Removing unused output signal $techmap\soc.cpu.$0\cpu_state[7:0] [6].
  Removing unused output signal $techmap\soc.cpu.$0\cpu_state[7:0] [7].

7.21.6. Executing FSM_RECODE pass (re-assigning FSM state encoding).
Recoding FSM `$fsm$\soc.cpu.cpu_state$6646' from module `\icebreaker_fit' using `auto' encoding:
  mapping auto encoding to `one-hot` for this FSM.
  10000000 -> ------1
  01000000 -> -----1-
  00100000 -> ----1--
  00001000 -> ---1---
  00000100 -> --1----
  00000010 -> -1-----
  00000001 -> 1------

7.21.7. Executing FSM_INFO pass (dumping all available information on FSM cells).

FSM `$fsm$\soc.cpu.cpu_state$6646' from module `\icebreaker_fit':
-------------------------------------

  Information on FSM $fsm$\soc.cpu.cpu_state$6646 (\soc.cpu.cpu_state):

  Number of input signals:   23
  Number of output signals:   8
  Number of state bits:       7

  Input signals:
    0: \resetn
    1: $techmap\soc.cpu.$logic_and$../picorv32.v:1971$2519_Y
    2: $techmap\soc.cpu.$logic_and$../picorv32.v:1963$2510_Y
    3: $techmap\soc.cpu.$logic_and$../picorv32.v:1958$2507_Y
    4: $techmap\soc.cpu.$logic_and$../picorv32.v:1956$2503_Y
    5: $techmap\soc.cpu.$logic_and$../picorv32.v:1955$2500_Y
    6: $techmap\soc.cpu.$logic_and$../picorv32.v:1905$2485_Y
    7: $techmap\soc.cpu.$logic_or$../picorv32.v:1890$2481_Y
    8: $techmap\soc.cpu.$eq$../picorv32.v:1864$2463_Y
    9: $techmap\soc.cpu.$logic_and$../picorv32.v:1729$2432_Y
   10: $techmap\soc.cpu.$logic_and$../picorv32.v:1652$2417_Y
   11: $techmap\soc.cpu.$logic_and$../picorv32.v:1581$2403_Y
   12: $techmap\soc.cpu.$logic_and$../picorv32.v:1571$2395_Y
   13: \soc.cpu.is_beq_bne_blt_bge_bltu_bgeu
   14: \soc.cpu.is_sll_srl_sra
   15: \soc.cpu.is_sb_sh_sw
   16: \soc.cpu.is_slli_srli_srai
   17: \soc.cpu.decoder_trigger
   18: \soc.cpu.instr_trap
   19: \soc.cpu.instr_jal
   20: \soc.cpu.mem_done
   21: $auto$opt_reduce.cc:132:opt_mux$6296
   22: $auto$opt_reduce.cc:132:opt_mux$6300

  Output signals:
    0: $techmap\soc.cpu.$procmux$2607_CMP
    1: $techmap\soc.cpu.$procmux$2605_CMP
    2: $techmap\soc.cpu.$procmux$2604_CMP
    3: $techmap\soc.cpu.$procmux$2603_CMP
    4: $techmap\soc.cpu.$procmux$2602_CMP
    5: $techmap\soc.cpu.$procmux$2601_CMP
    6: $techmap\soc.cpu.$procmux$2600_CMP
    7: $techmap\soc.cpu.$eq$../picorv32.v:1346$2326_Y

  State encoding:
    0:  7'------1
    1:  7'-----1-
    2:  7'----1--
    3:  7'---1---
    4:  7'--1----
    5:  7'-1-----
    6:  7'1------

  Transition Table (state_in, ctrl_in, state_out, ctrl_out):
      0:     0 23'-----------------10-001   ->     0 8'00000001
      1:     0 23'-----------------0---01   ->     0 8'00000001
      2:     0 23'-----------------101011   ->     0 8'00000001
      3:     0 23'-----------------0-1-11   ->     0 8'00000001
      4:     0 23'-----------------1011-1   ->     0 8'00000001
      5:     0 23'-----------------111--1   ->     0 8'00000001
      6:     0 23'-----------------11000-   ->     0 8'00000001
      7:     0 23'-----------------1-010-   ->     0 8'00000001
      8:     0 23'-------------------0-1-   ->     0 8'00000001
      9:     0 23'-----------------10-000   ->     1 8'00000001
     10:     0 23'-----------------0---00   ->     1 8'00000001
     11:     0 23'-----------------101010   ->     1 8'00000001
     12:     0 23'-----------------0-1-10   ->     1 8'00000001
     13:     0 23'-----------------1011-0   ->     1 8'00000001
     14:     0 23'-----------------111--0   ->     1 8'00000001
     15:     1 23'-----------------11000-   ->     0 8'10000000
     16:     1 23'-----------------1-010-   ->     0 8'10000000
     17:     1 23'-------------------0-1-   ->     0 8'10000000
     18:     1 23'-----------------10-000   ->     1 8'10000000
     19:     1 23'-----------------0---00   ->     1 8'10000000
     20:     1 23'-----------------101010   ->     1 8'10000000
     21:     1 23'-----------------0-1-10   ->     1 8'10000000
     22:     1 23'-----------------1011-0   ->     1 8'10000000
     23:     1 23'-----------------111--0   ->     1 8'10000000
     24:     1 23'-----0----00-----10-001   ->     1 8'10000000
     25:     1 23'---1-1----00-----10-001   ->     1 8'10000000
     26:     1 23'----------01-----10-001   ->     1 8'10000000
     27:     1 23'----------1------10-001   ->     1 8'10000000
     28:     1 23'-----0----00-----0---01   ->     1 8'10000000
     29:     1 23'---1-1----00-----0---01   ->     1 8'10000000
     30:     1 23'----------01-----0---01   ->     1 8'10000000
     31:     1 23'----------1------0---01   ->     1 8'10000000
     32:     1 23'-----0----00-----101011   ->     1 8'10000000
     33:     1 23'---1-1----00-----101011   ->     1 8'10000000
     34:     1 23'----------01-----101011   ->     1 8'10000000
     35:     1 23'----------1------101011   ->     1 8'10000000
     36:     1 23'-----0----00-----0-1-11   ->     1 8'10000000
     37:     1 23'---1-1----00-----0-1-11   ->     1 8'10000000
     38:     1 23'----------01-----0-1-11   ->     1 8'10000000
     39:     1 23'----------1------0-1-11   ->     1 8'10000000
     40:     1 23'-----0----00-----1011-1   ->     1 8'10000000
     41:     1 23'---1-1----00-----1011-1   ->     1 8'10000000
     42:     1 23'----------01-----1011-1   ->     1 8'10000000
     43:     1 23'----------1------1011-1   ->     1 8'10000000
     44:     1 23'-----0----00-----111--1   ->     1 8'10000000
     45:     1 23'---1-1----00-----111--1   ->     1 8'10000000
     46:     1 23'----------01-----111--1   ->     1 8'10000000
     47:     1 23'----------1------111--1   ->     1 8'10000000
     48:     1 23'---0-1----00-----10-001   ->     2 8'10000000
     49:     1 23'---0-1----00-----0---01   ->     2 8'10000000
     50:     1 23'---0-1----00-----101011   ->     2 8'10000000
     51:     1 23'---0-1----00-----0-1-11   ->     2 8'10000000
     52:     1 23'---0-1----00-----1011-1   ->     2 8'10000000
     53:     1 23'---0-1----00-----111--1   ->     2 8'10000000
     54:     2 23'----1-------0----10-001   ->     0 8'00000010
     55:     2 23'----1-------0----0---01   ->     0 8'00000010
     56:     2 23'----1-------0----101011   ->     0 8'00000010
     57:     2 23'----1-------0----0-1-11   ->     0 8'00000010
     58:     2 23'----1-------0----1011-1   ->     0 8'00000010
     59:     2 23'----1-------0----111--1   ->     0 8'00000010
     60:     2 23'-----------------11000-   ->     0 8'00000010
     61:     2 23'-----------------1-010-   ->     0 8'00000010
     62:     2 23'-------------------0-1-   ->     0 8'00000010
     63:     2 23'-----------------10-000   ->     1 8'00000010
     64:     2 23'-----------------0---00   ->     1 8'00000010
     65:     2 23'-----------------101010   ->     1 8'00000010
     66:     2 23'-----------------0-1-10   ->     1 8'00000010
     67:     2 23'-----------------1011-0   ->     1 8'00000010
     68:     2 23'-----------------111--0   ->     1 8'00000010
     69:     2 23'----1-------1----10-001   ->     1 8'00000010
     70:     2 23'-1---------------10-001   ->     1 8'00000010
     71:     2 23'----1-------1----0---01   ->     1 8'00000010
     72:     2 23'-1---------------0---01   ->     1 8'00000010
     73:     2 23'----1-------1----101011   ->     1 8'00000010
     74:     2 23'-1---------------101011   ->     1 8'00000010
     75:     2 23'----1-------1----0-1-11   ->     1 8'00000010
     76:     2 23'-1---------------0-1-11   ->     1 8'00000010
     77:     2 23'----1-------1----1011-1   ->     1 8'00000010
     78:     2 23'-1---------------1011-1   ->     1 8'00000010
     79:     2 23'----1-------1----111--1   ->     1 8'00000010
     80:     2 23'-1---------------111--1   ->     1 8'00000010
     81:     2 23'00--0-000----0---10-001   ->     3 8'00000010
     82:     2 23'1----------------10-001   ->     3 8'00000010
     83:     2 23'00--0-000----0---0---01   ->     3 8'00000010
     84:     2 23'1----------------0---01   ->     3 8'00000010
     85:     2 23'00--0-000----0---101011   ->     3 8'00000010
     86:     2 23'1----------------101011   ->     3 8'00000010
     87:     2 23'00--0-000----0---0-1-11   ->     3 8'00000010
     88:     2 23'1----------------0-1-11   ->     3 8'00000010
     89:     2 23'00--0-000----0---1011-1   ->     3 8'00000010
     90:     2 23'1----------------1011-1   ->     3 8'00000010
     91:     2 23'00--0-000----0---111--1   ->     3 8'00000010
     92:     2 23'1----------------111--1   ->     3 8'00000010
     93:     2 23'00--0-0-1----0---10-001   ->     4 8'00000010
     94:     2 23'------1----------10-001   ->     4 8'00000010
     95:     2 23'00--0-0-1----0---0---01   ->     4 8'00000010
     96:     2 23'------1----------0---01   ->     4 8'00000010
     97:     2 23'00--0-0-1----0---101011   ->     4 8'00000010
     98:     2 23'------1----------101011   ->     4 8'00000010
     99:     2 23'00--0-0-1----0---0-1-11   ->     4 8'00000010
    100:     2 23'------1----------0-1-11   ->     4 8'00000010
    101:     2 23'00--0-0-1----0---1011-1   ->     4 8'00000010
    102:     2 23'------1----------1011-1   ->     4 8'00000010
    103:     2 23'00--0-0-1----0---111--1   ->     4 8'00000010
    104:     2 23'------1----------111--1   ->     4 8'00000010
    105:     2 23'00--0-01-----0---10-001   ->     5 8'00000010
    106:     2 23'00--0-01-----0---0---01   ->     5 8'00000010
    107:     2 23'00--0-01-----0---101011   ->     5 8'00000010
    108:     2 23'00--0-01-----0---0-1-11   ->     5 8'00000010
    109:     2 23'00--0-01-----0---1011-1   ->     5 8'00000010
    110:     2 23'00--0-01-----0---111--1   ->     5 8'00000010
    111:     2 23'-------------1---10-001   ->     6 8'00000010
    112:     2 23'-------------1---0---01   ->     6 8'00000010
    113:     2 23'-------------1---101011   ->     6 8'00000010
    114:     2 23'-------------1---0-1-11   ->     6 8'00000010
    115:     2 23'-------------1---1011-1   ->     6 8'00000010
    116:     2 23'-------------1---111--1   ->     6 8'00000010
    117:     3 23'-----------------11000-   ->     0 8'00001000
    118:     3 23'-----------------1-010-   ->     0 8'00001000
    119:     3 23'-------------------0-1-   ->     0 8'00001000
    120:     3 23'-----------------10-000   ->     1 8'00001000
    121:     3 23'-----------------0---00   ->     1 8'00001000
    122:     3 23'-----------------101010   ->     1 8'00001000
    123:     3 23'-----------------0-1-10   ->     1 8'00001000
    124:     3 23'-----------------1011-0   ->     1 8'00001000
    125:     3 23'-----------------111--0   ->     1 8'00001000
    126:     3 23'---------0-------10-001   ->     1 8'00001000
    127:     3 23'--1------1-------10-001   ->     1 8'00001000
    128:     3 23'---------0-------0---01   ->     1 8'00001000
    129:     3 23'--1------1-------0---01   ->     1 8'00001000
    130:     3 23'---------0-------101011   ->     1 8'00001000
    131:     3 23'--1------1-------101011   ->     1 8'00001000
    132:     3 23'---------0-------0-1-11   ->     1 8'00001000
    133:     3 23'--1------1-------0-1-11   ->     1 8'00001000
    134:     3 23'---------0-------1011-1   ->     1 8'00001000
    135:     3 23'--1------1-------1011-1   ->     1 8'00001000
    136:     3 23'---------0-------111--1   ->     1 8'00001000
    137:     3 23'--1------1-------111--1   ->     1 8'00001000
    138:     3 23'--0------1-------10-001   ->     3 8'00001000
    139:     3 23'--0------1-------0---01   ->     3 8'00001000
    140:     3 23'--0------1-------101011   ->     3 8'00001000
    141:     3 23'--0------1-------0-1-11   ->     3 8'00001000
    142:     3 23'--0------1-------1011-1   ->     3 8'00001000
    143:     3 23'--0------1-------111--1   ->     3 8'00001000
    144:     4 23'-----------------11000-   ->     0 8'00010000
    145:     4 23'-----------------1-010-   ->     0 8'00010000
    146:     4 23'-------------------0-1-   ->     0 8'00010000
    147:     4 23'-----------------10-000   ->     1 8'00010000
    148:     4 23'-----------------0---00   ->     1 8'00010000
    149:     4 23'-----------------101010   ->     1 8'00010000
    150:     4 23'-----------------0-1-10   ->     1 8'00010000
    151:     4 23'-----------------1011-0   ->     1 8'00010000
    152:     4 23'-----------------111--0   ->     1 8'00010000
    153:     4 23'--------------1--10-001   ->     1 8'00010000
    154:     4 23'--------------1--0---01   ->     1 8'00010000
    155:     4 23'--------------1--101011   ->     1 8'00010000
    156:     4 23'--------------1--0-1-11   ->     1 8'00010000
    157:     4 23'--------------1--1011-1   ->     1 8'00010000
    158:     4 23'--------------1--111--1   ->     1 8'00010000
    159:     4 23'--------------0--10-001   ->     4 8'00010000
    160:     4 23'--------------0--0---01   ->     4 8'00010000
    161:     4 23'--------------0--101011   ->     4 8'00010000
    162:     4 23'--------------0--0-1-11   ->     4 8'00010000
    163:     4 23'--------------0--1011-1   ->     4 8'00010000
    164:     4 23'--------------0--111--1   ->     4 8'00010000
    165:     5 23'-----------------11000-   ->     0 8'00100000
    166:     5 23'-----------------1-010-   ->     0 8'00100000
    167:     5 23'-------------------0-1-   ->     0 8'00100000
    168:     5 23'-----------------10-000   ->     1 8'00100000
    169:     5 23'-----------------0---00   ->     1 8'00100000
    170:     5 23'-----------------101010   ->     1 8'00100000
    171:     5 23'-----------------0-1-10   ->     1 8'00100000
    172:     5 23'-----------------1011-0   ->     1 8'00100000
    173:     5 23'-----------------111--0   ->     1 8'00100000
    174:     5 23'---------------1110-001   ->     1 8'00100000
    175:     5 23'---------------110---01   ->     1 8'00100000
    176:     5 23'---------------11101011   ->     1 8'00100000
    177:     5 23'---------------110-1-11   ->     1 8'00100000
    178:     5 23'---------------111011-1   ->     1 8'00100000
    179:     5 23'---------------11111--1   ->     1 8'00100000
    180:     5 23'---------------1010-001   ->     5 8'00100000
    181:     5 23'---------------0-10-001   ->     5 8'00100000
    182:     5 23'---------------100---01   ->     5 8'00100000
    183:     5 23'---------------0-0---01   ->     5 8'00100000
    184:     5 23'---------------10101011   ->     5 8'00100000
    185:     5 23'---------------0-101011   ->     5 8'00100000
    186:     5 23'---------------100-1-11   ->     5 8'00100000
    187:     5 23'---------------0-0-1-11   ->     5 8'00100000
    188:     5 23'---------------101011-1   ->     5 8'00100000
    189:     5 23'---------------0-1011-1   ->     5 8'00100000
    190:     5 23'---------------10111--1   ->     5 8'00100000
    191:     5 23'---------------0-111--1   ->     5 8'00100000
    192:     6 23'-----------------11000-   ->     0 8'01000000
    193:     6 23'-----------------1-010-   ->     0 8'01000000
    194:     6 23'-------------------0-1-   ->     0 8'01000000
    195:     6 23'-----------------10-000   ->     1 8'01000000
    196:     6 23'-----------------0---00   ->     1 8'01000000
    197:     6 23'-----------------101010   ->     1 8'01000000
    198:     6 23'-----------------0-1-10   ->     1 8'01000000
    199:     6 23'-----------------1011-0   ->     1 8'01000000
    200:     6 23'-----------------111--0   ->     1 8'01000000
    201:     6 23'---------------1110-001   ->     1 8'01000000
    202:     6 23'---------------110---01   ->     1 8'01000000
    203:     6 23'---------------11101011   ->     1 8'01000000
    204:     6 23'---------------110-1-11   ->     1 8'01000000
    205:     6 23'---------------111011-1   ->     1 8'01000000
    206:     6 23'---------------11111--1   ->     1 8'01000000
    207:     6 23'---------------1010-001   ->     6 8'01000000
    208:     6 23'---------------0-10-001   ->     6 8'01000000
    209:     6 23'---------------100---01   ->     6 8'01000000
    210:     6 23'---------------0-0---01   ->     6 8'01000000
    211:     6 23'---------------10101011   ->     6 8'01000000
    212:     6 23'---------------0-101011   ->     6 8'01000000
    213:     6 23'---------------100-1-11   ->     6 8'01000000
    214:     6 23'---------------0-0-1-11   ->     6 8'01000000
    215:     6 23'---------------101011-1   ->     6 8'01000000
    216:     6 23'---------------0-1011-1   ->     6 8'01000000
    217:     6 23'---------------10111--1   ->     6 8'01000000
    218:     6 23'---------------0-111--1   ->     6 8'01000000

-------------------------------------

7.21.8. Executing FSM_MAP pass (mapping FSMs to basic logic).
Mapping FSM `$fsm$\soc.cpu.cpu_state$6646' from module `\icebreaker_fit'.

7.22. Executing OPT pass (performing simple optimizations).

7.22.1. Executing OPT_EXPR pass (perform const folding).
Optimizing module icebreaker_fit.
<suppressed ~1 debug messages>

7.22.2. Executing OPT_MERGE pass (detect identical cells).
Finding identical cells in module `\icebreaker_fit'.
<suppressed ~51 debug messages>
Removed a total of 17 cells.

7.22.3. Executing OPT_RMDFF pass (remove dff with constant values).

7.22.4. Executing OPT_CLEAN pass (remove unused cells and wires).
Finding unused cells or wires in module \icebreaker_fit..
Removed 0 unused cells and 28 unused wires.
<suppressed ~1 debug messages>

7.22.5. Finished fast OPT passes.

7.23. Executing MEMORY pass.

7.23.1. Executing MEMORY_DFF pass (merging $dff cells to $memrd and $memwr).
Checking cell `$techmap\soc.cpu.cpuregs.$memwr$\regs$picosoc.v:237$197' in module `\icebreaker_fit': merged $dff to cell.
Checking cell `$techmap\soc.cpu.cpuregs.$memrd$\regs$picosoc.v:239$195' in module `\icebreaker_fit': merged address $dff to cell.
Checking cell `$techmap\soc.cpu.cpuregs.$memrd$\regs$picosoc.v:240$196' in module `\icebreaker_fit': merged address $dff to cell.

7.23.2. Executing OPT_CLEAN pass (remove unused cells and wires).
Finding unused cells or wires in module \icebreaker_fit..
Removed 3 unused cells and 3 unused wires.
<suppressed ~4 debug messages>

7.23.3. Executing MEMORY_SHARE pass (consolidating $memrd/$memwr cells).

7.23.4. Executing OPT_CLEAN pass (remove unused cells and wires).
Finding unused cells or wires in module \icebreaker_fit..

7.23.5. Executing MEMORY_COLLECT pass (generating $mem cells).
Collecting $memrd, $memwr and $meminit for memory `\soc.cpu.cpuregs.regs' in module `\icebreaker_fit':
  $techmap\soc.cpu.cpuregs.$memwr$\regs$picosoc.v:237$197 ($memwr)
  $techmap\soc.cpu.cpuregs.$memrd$\regs$picosoc.v:240$196 ($memrd)
  $techmap\soc.cpu.cpuregs.$memrd$\regs$picosoc.v:239$195 ($memrd)

7.24. Executing OPT_CLEAN pass (remove unused cells and wires).
Finding unused cells or wires in module \icebreaker_fit..

7.25. Executing MEMORY_BRAM pass (mapping $mem cells to block memories).
Processing icebreaker_fit.soc.cpu.cpuregs.regs:
  Properties: ports=3 bits=1024 rports=2 wports=1 dbits=32 abits=5 words=32
  Checking rule #1 for bram type $__ICE40_RAM4K_M0 (variant 1):
    Bram geometry: abits=8 dbits=16 wports=0 rports=0
    Estimated number of duplicates for more read ports: dups=1
    Metrics for $__ICE40_RAM4K_M0: awaste=224 dwaste=0 bwaste=3584 waste=3584 efficiency=12
    Rule #1 for bram type $__ICE40_RAM4K_M0 (variant 1) accepted.
    Mapping to bram type $__ICE40_RAM4K_M0 (variant 1):
      Write port #0 is in clock domain \clk.
        Mapped to bram port B1.
      Read port #0 is in clock domain \clk.
        Mapped to bram port A1.1.
      Read port #1 is in clock domain \clk.
        Failed to map read port #1.
      Growing more read ports by duplicating bram cells.
      Read port #0 is in clock domain \clk.
        Mapped to bram port A1.1.
      Read port #1 is in clock domain \clk.
        Mapped to bram port A1.2.
      Updated properties: dups=2 waste=7168 efficiency=6
      Storing for later selection.
  Checking rule #2 for bram type $__ICE40_RAM4K_M123 (variant 1):
    Bram geometry: abits=9 dbits=8 wports=0 rports=0
    Estimated number of duplicates for more read ports: dups=1
    Metrics for $__ICE40_RAM4K_M123: awaste=480 dwaste=0 bwaste=3840 waste=3840 efficiency=6
    Rule #2 for bram type $__ICE40_RAM4K_M123 (variant 1) accepted.
    Mapping to bram type $__ICE40_RAM4K_M123 (variant 1):
      Write port #0 is in clock domain \clk.
        Mapped to bram port B1.
      Read port #0 is in clock domain \clk.
        Mapped to bram port A1.1.
      Read port #1 is in clock domain \clk.
        Failed to map read port #1.
      Growing more read ports by duplicating bram cells.
      Read port #0 is in clock domain \clk.
        Mapped to bram port A1.1.
      Read port #1 is in clock domain \clk.
        Mapped to bram port A1.2.
      Updated properties: dups=2 waste=7680 efficiency=3
      Storing for later selection.
  Checking rule #2 for bram type $__ICE40_RAM4K_M123 (variant 2):
    Bram geometry: abits=10 dbits=4 wports=0 rports=0
    Estimated number of duplicates for more read ports: dups=1
    Metrics for $__ICE40_RAM4K_M123: awaste=992 dwaste=0 bwaste=3968 waste=3968 efficiency=3
    Rule #2 for bram type $__ICE40_RAM4K_M123 (variant 2) accepted.
    Mapping to bram type $__ICE40_RAM4K_M123 (variant 2):
      Write port #0 is in clock domain \clk.
        Mapped to bram port B1.
      Read port #0 is in clock domain \clk.
        Mapped to bram port A1.1.
      Read port #1 is in clock domain \clk.
        Failed to map read port #1.
      Growing more read ports by duplicating bram cells.
      Read port #0 is in clock domain \clk.
        Mapped to bram port A1.1.
      Read port #1 is in clock domain \clk.
        Mapped to bram port A1.2.
      Updated properties: dups=2 waste=7936 efficiency=1
    Rule for bram type $__ICE40_RAM4K_M123 rejected: requirement 'min efficiency 2' not met.
    Mapping to bram type $__ICE40_RAM4K_M123 failed.
  Checking rule #2 for bram type $__ICE40_RAM4K_M123 (variant 3):
    Bram geometry: abits=11 dbits=2 wports=0 rports=0
    Estimated number of duplicates for more read ports: dups=1
    Metrics for $__ICE40_RAM4K_M123: awaste=2016 dwaste=0 bwaste=4032 waste=4032 efficiency=1
    Rule #2 for bram type $__ICE40_RAM4K_M123 (variant 3) rejected: requirement 'min efficiency 2' not met.
  Selecting best of 2 rules:
    Efficiency for rule 2.1: efficiency=3, cells=8, acells=1
    Efficiency for rule 1.1: efficiency=6, cells=4, acells=1
    Selected rule 1.1 with efficiency 6.
    Mapping to bram type $__ICE40_RAM4K_M0 (variant 1):
      Write port #0 is in clock domain \clk.
        Mapped to bram port B1.
      Read port #0 is in clock domain \clk.
        Mapped to bram port A1.1.
      Read port #1 is in clock domain \clk.
        Failed to map read port #1.
      Growing more read ports by duplicating bram cells.
      Read port #0 is in clock domain \clk.
        Mapped to bram port A1.1.
      Read port #1 is in clock domain \clk.
        Mapped to bram port A1.2.
      Creating $__ICE40_RAM4K_M0 cell at grid position <0 0 0>: soc.cpu.cpuregs.regs.0.0.0
        Adding extra logic for transparent port A1.1.
      Creating $__ICE40_RAM4K_M0 cell at grid position <0 0 1>: soc.cpu.cpuregs.regs.0.0.1
        Adding extra logic for transparent port A1.2.
      Creating $__ICE40_RAM4K_M0 cell at grid position <1 0 0>: soc.cpu.cpuregs.regs.1.0.0
        Adding extra logic for transparent port A1.1.
      Creating $__ICE40_RAM4K_M0 cell at grid position <1 0 1>: soc.cpu.cpuregs.regs.1.0.1
        Adding extra logic for transparent port A1.2.

7.26. Executing TECHMAP pass (map to technology primitives).

7.26.1. Executing Verilog-2005 frontend: /usr/bin/../share/yosys/ice40/brams_map.v
Parsing Verilog input from `/usr/bin/../share/yosys/ice40/brams_map.v' to AST representation.
Generating RTLIL representation for module `\$__ICE40_RAM4K'.
Generating RTLIL representation for module `\$__ICE40_RAM4K_M0'.
Generating RTLIL representation for module `\$__ICE40_RAM4K_M123'.
Successfully finished Verilog frontend.

7.26.2. Continuing TECHMAP pass.
Using template $paramod\$__ICE40_RAM4K_M0\CLKPOL2=1\CLKPOL3=1 for cells of type $__ICE40_RAM4K_M0.
Using template $paramod$4200c10d2e07b3359d49ca78f8f6d43ec6f7e316\$__ICE40_RAM4K for cells of type $__ICE40_RAM4K.
No more expansions possible.
<suppressed ~48 debug messages>

7.27. Executing ICE40_BRAMINIT pass.

7.28. Executing OPT pass (performing simple optimizations).

7.28.1. Executing OPT_EXPR pass (perform const folding).
Optimizing module icebreaker_fit.
<suppressed ~87 debug messages>

7.28.2. Executing OPT_MERGE pass (detect identical cells).
Finding identical cells in module `\icebreaker_fit'.
<suppressed ~30 debug messages>
Removed a total of 10 cells.

7.28.3. Executing OPT_RMDFF pass (remove dff with constant values).

7.28.4. Executing OPT_CLEAN pass (remove unused cells and wires).
Finding unused cells or wires in module \icebreaker_fit..
Removed 19 unused cells and 213 unused wires.
<suppressed ~23 debug messages>

7.28.5. Finished fast OPT passes.

7.29. Executing MEMORY_MAP pass (converting $mem cells to logic and flip-flops).

7.30. Executing OPT pass (performing simple optimizations).

7.30.1. Executing OPT_EXPR pass (perform const folding).
Optimizing module icebreaker_fit.

7.30.2. Executing OPT_MERGE pass (detect identical cells).
Finding identical cells in module `\icebreaker_fit'.
Removed a total of 0 cells.

7.30.3. Executing OPT_MUXTREE pass (detect dead branches in mux trees).
Running muxtree optimizer on module \icebreaker_fit..
  Creating internal representation of mux trees.
  Evaluating internal representation of mux trees.
  Analyzing evaluation results.
    dead port 2/3 on $pmux $techmap\soc.cpu.$procmux$3203.
    dead port 2/5 on $pmux $techmap\soc.cpu.$procmux$3667.
    dead port 1/3 on $pmux $techmap\soc.cpu.$procmux$3871.
Removed 3 multiplexer ports.
<suppressed ~242 debug messages>

7.30.4. Executing OPT_REDUCE pass (consolidate $*mux and $reduce_* inputs).
  Optimizing cells in module \icebreaker_fit.
    New input vector for $reduce_or cell $auto$opt_reduce.cc:126:opt_mux$6289: { \soc.cpu.cpu_state [0] \soc.cpu.cpu_state [1] \soc.cpu.cpu_state [2] \soc.cpu.cpu_state [4] \soc.cpu.cpu_state [5] \soc.cpu.cpu_state [6] }
    New input vector for $reduce_or cell $auto$opt_reduce.cc:126:opt_mux$6285: { \soc.cpu.cpu_state [0] \soc.cpu.cpu_state [1] \soc.cpu.cpu_state [2] \soc.cpu.cpu_state [3] \soc.cpu.cpu_state [4] \soc.cpu.cpu_state [6] }
    New input vector for $reduce_or cell $auto$fsm_map.cc:144:implement_pattern_cache$7296: { $auto$fsm_map.cc:118:implement_pattern_cache$7242 $auto$fsm_map.cc:118:implement_pattern_cache$7238 $auto$fsm_map.cc:118:implement_pattern_cache$7234 $auto$fsm_map.cc:118:implement_pattern_cache$7230 $auto$fsm_map.cc:118:implement_pattern_cache$7226 $auto$fsm_map.cc:118:implement_pattern_cache$7294 $auto$fsm_map.cc:118:implement_pattern_cache$7290 $auto$fsm_map.cc:118:implement_pattern_cache$7286 $auto$fsm_map.cc:118:implement_pattern_cache$7282 $auto$fsm_map.cc:118:implement_pattern_cache$7278 $auto$fsm_map.cc:118:implement_pattern_cache$7274 $auto$fsm_map.cc:118:implement_pattern_cache$7270 $auto$fsm_map.cc:118:implement_pattern_cache$7266 $auto$fsm_map.cc:118:implement_pattern_cache$7262 $auto$fsm_map.cc:118:implement_pattern_cache$7258 $auto$fsm_map.cc:118:implement_pattern_cache$7254 $auto$fsm_map.cc:118:implement_pattern_cache$7250 $auto$fsm_map.cc:118:implement_pattern_cache$7246 }
    New input vector for $reduce_or cell $auto$fsm_map.cc:144:implement_pattern_cache$7223: { $auto$fsm_map.cc:118:implement_pattern_cache$7169 $auto$fsm_map.cc:118:implement_pattern_cache$7165 $auto$fsm_map.cc:118:implement_pattern_cache$7161 $auto$fsm_map.cc:118:implement_pattern_cache$7157 $auto$fsm_map.cc:118:implement_pattern_cache$7153 $auto$fsm_map.cc:118:implement_pattern_cache$7177 $auto$fsm_map.cc:118:implement_pattern_cache$7173 $auto$fsm_map.cc:118:implement_pattern_cache$7181 $auto$fsm_map.cc:118:implement_pattern_cache$7193 $auto$fsm_map.cc:118:implement_pattern_cache$7189 $auto$fsm_map.cc:118:implement_pattern_cache$7185 $auto$fsm_map.cc:118:implement_pattern_cache$7221 $auto$fsm_map.cc:118:implement_pattern_cache$7217 $auto$fsm_map.cc:118:implement_pattern_cache$7213 $auto$fsm_map.cc:118:implement_pattern_cache$7209 $auto$fsm_map.cc:118:implement_pattern_cache$7205 $auto$fsm_map.cc:118:implement_pattern_cache$7201 $auto$fsm_map.cc:118:implement_pattern_cache$7197 }
    New input vector for $reduce_or cell $auto$fsm_map.cc:144:implement_pattern_cache$6979: { $auto$fsm_map.cc:74:implement_pattern_cache$6723 $auto$fsm_map.cc:74:implement_pattern_cache$6725 $auto$fsm_map.cc:118:implement_pattern_cache$6839 $auto$fsm_map.cc:118:implement_pattern_cache$6977 $auto$fsm_map.cc:118:implement_pattern_cache$6973 $auto$fsm_map.cc:118:implement_pattern_cache$6969 $auto$fsm_map.cc:118:implement_pattern_cache$6965 $auto$fsm_map.cc:118:implement_pattern_cache$6961 $auto$fsm_map.cc:118:implement_pattern_cache$6957 $auto$fsm_map.cc:118:implement_pattern_cache$6953 $auto$fsm_map.cc:118:implement_pattern_cache$6949 $auto$fsm_map.cc:118:implement_pattern_cache$6945 $auto$fsm_map.cc:118:implement_pattern_cache$6941 $auto$fsm_map.cc:118:implement_pattern_cache$6935 $auto$fsm_map.cc:118:implement_pattern_cache$6931 $auto$fsm_map.cc:118:implement_pattern_cache$6927 $auto$fsm_map.cc:118:implement_pattern_cache$6923 $auto$fsm_map.cc:118:implement_pattern_cache$6919 $auto$fsm_map.cc:118:implement_pattern_cache$6915 $auto$fsm_map.cc:118:implement_pattern_cache$6911 $auto$fsm_map.cc:118:implement_pattern_cache$6907 $auto$fsm_map.cc:118:implement_pattern_cache$6903 $auto$fsm_map.cc:118:implement_pattern_cache$6899 $auto$fsm_map.cc:118:implement_pattern_cache$6893 $auto$fsm_map.cc:118:implement_pattern_cache$6889 $auto$fsm_map.cc:118:implement_pattern_cache$6885 $auto$fsm_map.cc:118:implement_pattern_cache$6881 $auto$fsm_map.cc:118:implement_pattern_cache$6877 $auto$fsm_map.cc:118:implement_pattern_cache$6873 $auto$fsm_map.cc:118:implement_pattern_cache$6869 $auto$fsm_map.cc:118:implement_pattern_cache$6865 $auto$fsm_map.cc:118:implement_pattern_cache$6861 $auto$fsm_map.cc:118:implement_pattern_cache$6857 $auto$fsm_map.cc:118:implement_pattern_cache$6851 $auto$fsm_map.cc:118:implement_pattern_cache$6847 $auto$fsm_map.cc:118:implement_pattern_cache$6827 $auto$fsm_map.cc:118:implement_pattern_cache$6843 $auto$fsm_map.cc:118:implement_pattern_cache$6831 $auto$fsm_map.cc:118:implement_pattern_cache$6835 $auto$fsm_map.cc:118:implement_pattern_cache$6809 $auto$fsm_map.cc:118:implement_pattern_cache$6781 $auto$fsm_map.cc:118:implement_pattern_cache$6819 $auto$fsm_map.cc:118:implement_pattern_cache$6823 $auto$fsm_map.cc:118:implement_pattern_cache$6763 $auto$fsm_map.cc:118:implement_pattern_cache$6767 $auto$fsm_map.cc:74:implement_pattern_cache$6715 $auto$fsm_map.cc:118:implement_pattern_cache$6797 $auto$fsm_map.cc:118:implement_pattern_cache$6793 $auto$fsm_map.cc:118:implement_pattern_cache$6751 $auto$fsm_map.cc:118:implement_pattern_cache$6759 $auto$fsm_map.cc:118:implement_pattern_cache$6755 $auto$fsm_map.cc:74:implement_pattern_cache$6719 $auto$fsm_map.cc:118:implement_pattern_cache$6747 $auto$fsm_map.cc:118:implement_pattern_cache$6735 $auto$fsm_map.cc:74:implement_pattern_cache$6721 $auto$fsm_map.cc:118:implement_pattern_cache$6743 $auto$fsm_map.cc:118:implement_pattern_cache$6815 $auto$fsm_map.cc:118:implement_pattern_cache$6789 $auto$fsm_map.cc:118:implement_pattern_cache$6739 $auto$fsm_map.cc:118:implement_pattern_cache$6805 $auto$fsm_map.cc:118:implement_pattern_cache$6773 $auto$fsm_map.cc:118:implement_pattern_cache$6731 $auto$fsm_map.cc:74:implement_pattern_cache$6717 $auto$fsm_map.cc:118:implement_pattern_cache$6785 $auto$fsm_map.cc:118:implement_pattern_cache$6777 $auto$fsm_map.cc:118:implement_pattern_cache$6801 }
    New input vector for $reduce_or cell $auto$fsm_map.cc:144:implement_pattern_cache$6714: { $auto$fsm_map.cc:118:implement_pattern_cache$6682 $auto$fsm_map.cc:118:implement_pattern_cache$6678 $auto$fsm_map.cc:118:implement_pattern_cache$6674 $auto$fsm_map.cc:118:implement_pattern_cache$6670 $auto$fsm_map.cc:74:implement_pattern_cache$6712 $auto$fsm_map.cc:74:implement_pattern_cache$6710 $auto$fsm_map.cc:74:implement_pattern_cache$6708 $auto$fsm_map.cc:118:implement_pattern_cache$6706 $auto$fsm_map.cc:118:implement_pattern_cache$6702 $auto$fsm_map.cc:118:implement_pattern_cache$6698 $auto$fsm_map.cc:118:implement_pattern_cache$6694 $auto$fsm_map.cc:118:implement_pattern_cache$6690 $auto$fsm_map.cc:118:implement_pattern_cache$6666 $auto$fsm_map.cc:118:implement_pattern_cache$6686 $auto$fsm_map.cc:118:implement_pattern_cache$6662 }
    New input vector for $reduce_or cell $auto$fsm_map.cc:105:implement_pattern_cache$6940: { \soc.cpu.cpu_state [5] \soc.cpu.cpu_state [6] }
    Consolidated identical input bits for $mux cell $auto$memory_bram.cc:938:replace_cell$7345:
      Old ports: A=16'0000000000000000, B={ \soc.cpu.cpuregs.wen \soc.cpu.cpuregs.wen \soc.cpu.cpuregs.wen \soc.cpu.cpuregs.wen \soc.cpu.cpuregs.wen \soc.cpu.cpuregs.wen \soc.cpu.cpuregs.wen \soc.cpu.cpuregs.wen \soc.cpu.cpuregs.wen \soc.cpu.cpuregs.wen \soc.cpu.cpuregs.wen \soc.cpu.cpuregs.wen \soc.cpu.cpuregs.wen \soc.cpu.cpuregs.wen \soc.cpu.cpuregs.wen \soc.cpu.cpuregs.wen }, Y=$auto$rtlil.cc:1906:Mux$7346
      New ports: A=1'0, B=\soc.cpu.cpuregs.wen, Y=$auto$rtlil.cc:1906:Mux$7346 [0]
      New connections: $auto$rtlil.cc:1906:Mux$7346 [15:1] = { $auto$rtlil.cc:1906:Mux$7346 [0] $auto$rtlil.cc:1906:Mux$7346 [0] $auto$rtlil.cc:1906:Mux$7346 [0] $auto$rtlil.cc:1906:Mux$7346 [0] $auto$rtlil.cc:1906:Mux$7346 [0] $auto$rtlil.cc:1906:Mux$7346 [0] $auto$rtlil.cc:1906:Mux$7346 [0] $auto$rtlil.cc:1906:Mux$7346 [0] $auto$rtlil.cc:1906:Mux$7346 [0] $auto$rtlil.cc:1906:Mux$7346 [0] $auto$rtlil.cc:1906:Mux$7346 [0] $auto$rtlil.cc:1906:Mux$7346 [0] $auto$rtlil.cc:1906:Mux$7346 [0] $auto$rtlil.cc:1906:Mux$7346 [0] $auto$rtlil.cc:1906:Mux$7346 [0] }
    Consolidated identical input bits for $mux cell $auto$memory_bram.cc:938:replace_cell$7389:
      Old ports: A=16'0000000000000000, B={ \soc.cpu.cpuregs.wen \soc.cpu.cpuregs.wen \soc.cpu.cpuregs.wen \soc.cpu.cpuregs.wen \soc.cpu.cpuregs.wen \soc.cpu.cpuregs.wen \soc.cpu.cpuregs.wen \soc.cpu.cpuregs.wen \soc.cpu.cpuregs.wen \soc.cpu.cpuregs.wen \soc.cpu.cpuregs.wen \soc.cpu.cpuregs.wen \soc.cpu.cpuregs.wen \soc.cpu.cpuregs.wen \soc.cpu.cpuregs.wen \soc.cpu.cpuregs.wen }, Y=$auto$rtlil.cc:1906:Mux$7307
      New ports: A=1'0, B=\soc.cpu.cpuregs.wen, Y=$auto$rtlil.cc:1906:Mux$7307 [0]
      New connections: $auto$rtlil.cc:1906:Mux$7307 [15:1] = { $auto$rtlil.cc:1906:Mux$7307 [0] $auto$rtlil.cc:1906:Mux$7307 [0] $auto$rtlil.cc:1906:Mux$7307 [0] $auto$rtlil.cc:1906:Mux$7307 [0] $auto$rtlil.cc:1906:Mux$7307 [0] $auto$rtlil.cc:1906:Mux$7307 [0] $auto$rtlil.cc:1906:Mux$7307 [0] $auto$rtlil.cc:1906:Mux$7307 [0] $auto$rtlil.cc:1906:Mux$7307 [0] $auto$rtlil.cc:1906:Mux$7307 [0] $auto$rtlil.cc:1906:Mux$7307 [0] $auto$rtlil.cc:1906:Mux$7307 [0] $auto$rtlil.cc:1906:Mux$7307 [0] $auto$rtlil.cc:1906:Mux$7307 [0] $auto$rtlil.cc:1906:Mux$7307 [0] }
    Consolidated identical input bits for $pmux cell $techmap\soc.cpu.$procmux$3140:
      Old ports: A=\soc.cpu.mem_rdata_word, B={ \soc.cpu.mem_rdata_word [15] \soc.cpu.mem_rdata_word [15] \soc.cpu.mem_rdata_word [15] \soc.cpu.mem_rdata_word [15] \soc.cpu.mem_rdata_word [15] \soc.cpu.mem_rdata_word [15] \soc.cpu.mem_rdata_word [15] \soc.cpu.mem_rdata_word [15] \soc.cpu.mem_rdata_word [15] \soc.cpu.mem_rdata_word [15] \soc.cpu.mem_rdata_word [15] \soc.cpu.mem_rdata_word [15] \soc.cpu.mem_rdata_word [15] \soc.cpu.mem_rdata_word [15] \soc.cpu.mem_rdata_word [15] \soc.cpu.mem_rdata_word [15] \soc.cpu.mem_rdata_word [15:0] \soc.cpu.mem_rdata_word [7] \soc.cpu.mem_rdata_word [7] \soc.cpu.mem_rdata_word [7] \soc.cpu.mem_rdata_word [7] \soc.cpu.mem_rdata_word [7] \soc.cpu.mem_rdata_word [7] \soc.cpu.mem_rdata_word [7] \soc.cpu.mem_rdata_word [7] \soc.cpu.mem_rdata_word [7] \soc.cpu.mem_rdata_word [7] \soc.cpu.mem_rdata_word [7] \soc.cpu.mem_rdata_word [7] \soc.cpu.mem_rdata_word [7] \soc.cpu.mem_rdata_word [7] \soc.cpu.mem_rdata_word [7] \soc.cpu.mem_rdata_word [7] \soc.cpu.mem_rdata_word [7] \soc.cpu.mem_rdata_word [7] \soc.cpu.mem_rdata_word [7] \soc.cpu.mem_rdata_word [7] \soc.cpu.mem_rdata_word [7] \soc.cpu.mem_rdata_word [7] \soc.cpu.mem_rdata_word [7] \soc.cpu.mem_rdata_word [7] \soc.cpu.mem_rdata_word [7:0] }, Y=$techmap\soc.cpu.$procmux$3140_Y
      New ports: A=\soc.cpu.mem_rdata_word [31:8], B={ \soc.cpu.mem_rdata_word [15] \soc.cpu.mem_rdata_word [15] \soc.cpu.mem_rdata_word [15] \soc.cpu.mem_rdata_word [15] \soc.cpu.mem_rdata_word [15] \soc.cpu.mem_rdata_word [15] \soc.cpu.mem_rdata_word [15] \soc.cpu.mem_rdata_word [15] \soc.cpu.mem_rdata_word [15] \soc.cpu.mem_rdata_word [15] \soc.cpu.mem_rdata_word [15] \soc.cpu.mem_rdata_word [15] \soc.cpu.mem_rdata_word [15] \soc.cpu.mem_rdata_word [15] \soc.cpu.mem_rdata_word [15] \soc.cpu.mem_rdata_word [15] \soc.cpu.mem_rdata_word [15:7] \soc.cpu.mem_rdata_word [7] \soc.cpu.mem_rdata_word [7] \soc.cpu.mem_rdata_word [7] \soc.cpu.mem_rdata_word [7] \soc.cpu.mem_rdata_word [7] \soc.cpu.mem_rdata_word [7] \soc.cpu.mem_rdata_word [7] \soc.cpu.mem_rdata_word [7] \soc.cpu.mem_rdata_word [7] \soc.cpu.mem_rdata_word [7] \soc.cpu.mem_rdata_word [7] \soc.cpu.mem_rdata_word [7] \soc.cpu.mem_rdata_word [7] \soc.cpu.mem_rdata_word [7] \soc.cpu.mem_rdata_word [7] \soc.cpu.mem_rdata_word [7] \soc.cpu.mem_rdata_word [7] \soc.cpu.mem_rdata_word [7] \soc.cpu.mem_rdata_word [7] \soc.cpu.mem_rdata_word [7] \soc.cpu.mem_rdata_word [7] \soc.cpu.mem_rdata_word [7] \soc.cpu.mem_rdata_word [7] }, Y=$techmap\soc.cpu.$procmux$3140_Y [31:8]
      New connections: $techmap\soc.cpu.$procmux$3140_Y [7:0] = \soc.cpu.mem_rdata_word [7:0]
    Consolidated identical input bits for $mux cell $techmap\soc.cpu.$procmux$4182:
      Old ports: A={ \soc.cpu.mem_rdata_latched [31] \soc.cpu.mem_rdata_latched [31] \soc.cpu.mem_rdata_latched [31] \soc.cpu.mem_rdata_latched [31] \soc.cpu.mem_rdata_latched [31] \soc.cpu.mem_rdata_latched [31] \soc.cpu.mem_rdata_latched [31] \soc.cpu.mem_rdata_latched [31] \soc.cpu.mem_rdata_latched [31] \soc.cpu.mem_rdata_latched [31] \soc.cpu.mem_rdata_latched [31] \soc.cpu.mem_rdata_latched [31] }, B={ \soc.cpu.mem_rdata_latched [12] \soc.cpu.mem_rdata_latched [12] \soc.cpu.mem_rdata_latched [12] \soc.cpu.mem_rdata_latched [12] \soc.cpu.mem_rdata_latched [12] \soc.cpu.mem_rdata_latched [12] \soc.cpu.mem_rdata_latched [12] \soc.cpu.mem_rdata_latched [12] \soc.cpu.mem_rdata_latched [12] \soc.cpu.mem_rdata_latched [12] \soc.cpu.mem_rdata_latched [12] \soc.cpu.mem_rdata_latched [12] }, Y=$techmap\soc.cpu.$procmux$4182_Y
      New ports: A=\soc.cpu.mem_rdata_latched [31], B=\soc.cpu.mem_rdata_latched [12], Y=$techmap\soc.cpu.$procmux$4182_Y [0]
      New connections: $techmap\soc.cpu.$procmux$4182_Y [11:1] = { $techmap\soc.cpu.$procmux$4182_Y [0] $techmap\soc.cpu.$procmux$4182_Y [0] $techmap\soc.cpu.$procmux$4182_Y [0] $techmap\soc.cpu.$procmux$4182_Y [0] $techmap\soc.cpu.$procmux$4182_Y [0] $techmap\soc.cpu.$procmux$4182_Y [0] $techmap\soc.cpu.$procmux$4182_Y [0] $techmap\soc.cpu.$procmux$4182_Y [0] $techmap\soc.cpu.$procmux$4182_Y [0] $techmap\soc.cpu.$procmux$4182_Y [0] $techmap\soc.cpu.$procmux$4182_Y [0] }
    Consolidated identical input bits for $mux cell $techmap\soc.cpu.$procmux$4210:
      Old ports: A=2'00, B=2'10, Y=$auto$wreduce.cc:455:run$6403 [1:0]
      New ports: A=1'0, B=1'1, Y=$auto$wreduce.cc:455:run$6403 [1]
      New connections: $auto$wreduce.cc:455:run$6403 [0] = 1'0
    Consolidated identical input bits for $mux cell $techmap\soc.cpu.$procmux$4395:
      Old ports: A=\soc.cpu.mem_rdata_latched [19:12], B={ \soc.cpu.mem_rdata_latched [12] \soc.cpu.mem_rdata_latched [12] \soc.cpu.mem_rdata_latched [12] \soc.cpu.mem_rdata_latched [12] \soc.cpu.mem_rdata_latched [12] \soc.cpu.mem_rdata_latched [12] \soc.cpu.mem_rdata_latched [12] \soc.cpu.mem_rdata_latched [12] }, Y=$techmap\soc.cpu.$procmux$4395_Y
      New ports: A=\soc.cpu.mem_rdata_latched [19:13], B={ \soc.cpu.mem_rdata_latched [12] \soc.cpu.mem_rdata_latched [12] \soc.cpu.mem_rdata_latched [12] \soc.cpu.mem_rdata_latched [12] \soc.cpu.mem_rdata_latched [12] \soc.cpu.mem_rdata_latched [12] \soc.cpu.mem_rdata_latched [12] }, Y=$techmap\soc.cpu.$procmux$4395_Y [7:1]
      New connections: $techmap\soc.cpu.$procmux$4395_Y [0] = \soc.cpu.mem_rdata_latched [12]
    Consolidated identical input bits for $mux cell $techmap\soc.cpu.$procmux$5062:
      Old ports: A={ \soc.cpu.mem_rdata_latched [12] \soc.cpu.mem_rdata_latched [12] \soc.cpu.mem_rdata_latched [12] \soc.cpu.mem_rdata_latched [12] \soc.cpu.mem_rdata_latched [12] }, B={ \soc.cpu.mem_rdata_latched [6] 4'0000 }, Y=$techmap\soc.cpu.$procmux$5062_Y
      New ports: A={ \soc.cpu.mem_rdata_latched [12] \soc.cpu.mem_rdata_latched [12] }, B={ \soc.cpu.mem_rdata_latched [6] 1'0 }, Y={ $techmap\soc.cpu.$procmux$5062_Y [4] $techmap\soc.cpu.$procmux$5062_Y [0] }
      New connections: $techmap\soc.cpu.$procmux$5062_Y [3:1] = { $techmap\soc.cpu.$procmux$5062_Y [0] $techmap\soc.cpu.$procmux$5062_Y [0] $techmap\soc.cpu.$procmux$5062_Y [0] }
    Consolidated identical input bits for $pmux cell $techmap\soc.cpu.$procmux$5229:
      Old ports: A=\soc.cpu.reg_op2, B={ \soc.cpu.reg_op2 [15:0] \soc.cpu.reg_op2 [15:0] \soc.cpu.reg_op2 [7:0] \soc.cpu.reg_op2 [7:0] \soc.cpu.reg_op2 [7:0] \soc.cpu.reg_op2 [7:0] }, Y=\soc.cpu.mem_la_wdata
      New ports: A=\soc.cpu.reg_op2 [31:8], B={ \soc.cpu.reg_op2 [15:0] \soc.cpu.reg_op2 [15:0] \soc.cpu.reg_op2 [7:0] \soc.cpu.reg_op2 [7:0] }, Y=\soc.cpu.mem_la_wdata [31:8]
      New connections: \soc.cpu.mem_la_wdata [7:0] = \soc.cpu.reg_op2 [7:0]
    Consolidated identical input bits for $mux cell $techmap\soc.cpu.$ternary$../picorv32.v:1350$2327:
      Old ports: A=3'100, B=3'010, Y=$auto$wreduce.cc:455:run$6406 [2:0]
      New ports: A=2'10, B=2'01, Y=$auto$wreduce.cc:455:run$6406 [2:1]
      New connections: $auto$wreduce.cc:455:run$6406 [0] = 1'0
    Consolidated identical input bits for $mux cell $techmap\soc.cpu.$ternary$../picorv32.v:1574$2398:
      Old ports: A=2'00, B=2'10, Y=$techmap\soc.cpu.$ternary$../picorv32.v:1574$2398_Y
      New ports: A=1'0, B=1'1, Y=$techmap\soc.cpu.$ternary$../picorv32.v:1574$2398_Y [1]
      New connections: $techmap\soc.cpu.$ternary$../picorv32.v:1574$2398_Y [0] = 1'0
    Consolidated identical input bits for $mux cell $techmap\soc.cpu.$ternary$../picorv32.v:1579$2400:
      Old ports: A=3'011, B=3'100, Y=$auto$wreduce.cc:455:run$6407 [2:0]
      New ports: A=2'01, B=2'10, Y={ $auto$wreduce.cc:455:run$6407 [2] $auto$wreduce.cc:455:run$6407 [0] }
      New connections: $auto$wreduce.cc:455:run$6407 [1] = $auto$wreduce.cc:455:run$6407 [0]
    Consolidated identical input bits for $mux cell $techmap\soc.cpu.$ternary$../picorv32.v:1585$2405:
      Old ports: A=3'100, B=3'010, Y=$auto$wreduce.cc:455:run$6408 [2:0]
      New ports: A=2'10, B=2'01, Y=$auto$wreduce.cc:455:run$6408 [2:1]
      New connections: $auto$wreduce.cc:455:run$6408 [0] = 1'0
    Consolidated identical input bits for $mux cell $techmap\soc.cpu.$ternary$../picorv32.v:397$1934:
      Old ports: A={ \soc.cpu.reg_op1 [31:2] 2'00 }, B={ $techmap\soc.cpu.$add$../picorv32.v:397$1933_Y 2'00 }, Y=\soc.cpu.mem_la_addr
      New ports: A=\soc.cpu.reg_op1 [31:2], B=$techmap\soc.cpu.$add$../picorv32.v:397$1933_Y, Y=\soc.cpu.mem_la_addr [31:2]
      New connections: \soc.cpu.mem_la_addr [1:0] = 2'00
    Consolidated identical input bits for $mux cell $techmap\soc.cpu.$ternary$../picorv32.v:426$1949:
      Old ports: A=4'0011, B=4'1100, Y=$techmap\soc.cpu.$ternary$../picorv32.v:426$1949_Y
      New ports: A=2'01, B=2'10, Y={ $techmap\soc.cpu.$ternary$../picorv32.v:426$1949_Y [2] $techmap\soc.cpu.$ternary$../picorv32.v:426$1949_Y [0] }
      New connections: { $techmap\soc.cpu.$ternary$../picorv32.v:426$1949_Y [3] $techmap\soc.cpu.$ternary$../picorv32.v:426$1949_Y [1] } = { $techmap\soc.cpu.$ternary$../picorv32.v:426$1949_Y [2] $techmap\soc.cpu.$ternary$../picorv32.v:426$1949_Y [0] }
    Consolidated identical input bits for $mux cell $techmap\soc.cpu.$ternary$../picorv32.v:506$1967:
      Old ports: A=6'000000, B=6'100000, Y=$auto$wreduce.cc:455:run$6409 [5:0]
      New ports: A=1'0, B=1'1, Y=$auto$wreduce.cc:455:run$6409 [5]
      New connections: $auto$wreduce.cc:455:run$6409 [4:0] = 5'00000
    Consolidated identical input bits for $mux cell $techmap\soc.cpu.$ternary$../picorv32.v:632$2011:
      Old ports: A=2'11, B=2'00, Y=$auto$wreduce.cc:455:run$6410 [1:0]
      New ports: A=1'1, B=1'0, Y=$auto$wreduce.cc:455:run$6410 [0]
      New connections: $auto$wreduce.cc:455:run$6410 [1] = $auto$wreduce.cc:455:run$6410 [0]
    Consolidated identical input bits for $mux cell $techmap\soc.simpleuart.$ternary$simpleuart.v:53$124:
      Old ports: A=32'11111111111111111111111111111111, B={ 24'000000000000000000000000 \soc.simpleuart.recv_buf_data }, Y=\soc.simpleuart_reg_dat_do
      New ports: A=9'111111111, B={ 1'0 \soc.simpleuart.recv_buf_data }, Y=\soc.simpleuart_reg_dat_do [8:0]
      New connections: \soc.simpleuart_reg_dat_do [31:9] = { \soc.simpleuart_reg_dat_do [8] \soc.simpleuart_reg_dat_do [8] \soc.simpleuart_reg_dat_do [8] \soc.simpleuart_reg_dat_do [8] \soc.simpleuart_reg_dat_do [8] \soc.simpleuart_reg_dat_do [8] \soc.simpleuart_reg_dat_do [8] \soc.simpleuart_reg_dat_do [8] \soc.simpleuart_reg_dat_do [8] \soc.simpleuart_reg_dat_do [8] \soc.simpleuart_reg_dat_do [8] \soc.simpleuart_reg_dat_do [8] \soc.simpleuart_reg_dat_do [8] \soc.simpleuart_reg_dat_do [8] \soc.simpleuart_reg_dat_do [8] \soc.simpleuart_reg_dat_do [8] \soc.simpleuart_reg_dat_do [8] \soc.simpleuart_reg_dat_do [8] \soc.simpleuart_reg_dat_do [8] \soc.simpleuart_reg_dat_do [8] \soc.simpleuart_reg_dat_do [8] \soc.simpleuart_reg_dat_do [8] \soc.simpleuart_reg_dat_do [8] }
    Consolidated identical input bits for $pmux cell $techmap\soc.spimemio.$procmux$5968:
      Old ports: A=8'11101101, B=24'111010111011101100000011, Y=$techmap\soc.spimemio.$procmux$5968_Y
      New ports: A=5'10110, B=15'101010110100001, Y={ $techmap\soc.spimemio.$procmux$5968_Y [6] $techmap\soc.spimemio.$procmux$5968_Y [4:1] }
      New connections: { $techmap\soc.spimemio.$procmux$5968_Y [7] $techmap\soc.spimemio.$procmux$5968_Y [5] $techmap\soc.spimemio.$procmux$5968_Y [0] } = { $techmap\soc.spimemio.$procmux$5968_Y [3] $techmap\soc.spimemio.$procmux$5968_Y [3] 1'1 }
    Consolidated identical input bits for $mux cell $techmap\soc.spimemio.$ternary$spimemio.v:316$69:
      Old ports: A=7'1111111, B=7'0100101, Y=$auto$wreduce.cc:455:run$6417 [6:0]
      New ports: A=1'1, B=1'0, Y=$auto$wreduce.cc:455:run$6417 [1]
      New connections: { $auto$wreduce.cc:455:run$6417 [6:2] $auto$wreduce.cc:455:run$6417 [0] } = { $auto$wreduce.cc:455:run$6417 [1] 1'1 $auto$wreduce.cc:455:run$6417 [1] $auto$wreduce.cc:455:run$6417 [1] 2'11 }
  Optimizing cells in module \icebreaker_fit.
    Consolidated identical input bits for $mux cell $techmap\soc.$ternary$picosoc.v:132$1119:
      Old ports: A=0, B=\soc.simpleuart_reg_dat_do, Y=$techmap\soc.$ternary$picosoc.v:132$1119_Y
      New ports: A=9'000000000, B=\soc.simpleuart_reg_dat_do [8:0], Y=$techmap\soc.$ternary$picosoc.v:132$1119_Y [8:0]
      New connections: $techmap\soc.$ternary$picosoc.v:132$1119_Y [31:9] = { $techmap\soc.$ternary$picosoc.v:132$1119_Y [8] $techmap\soc.$ternary$picosoc.v:132$1119_Y [8] $techmap\soc.$ternary$picosoc.v:132$1119_Y [8] $techmap\soc.$ternary$picosoc.v:132$1119_Y [8] $techmap\soc.$ternary$picosoc.v:132$1119_Y [8] $techmap\soc.$ternary$picosoc.v:132$1119_Y [8] $techmap\soc.$ternary$picosoc.v:132$1119_Y [8] $techmap\soc.$ternary$picosoc.v:132$1119_Y [8] $techmap\soc.$ternary$picosoc.v:132$1119_Y [8] $techmap\soc.$ternary$picosoc.v:132$1119_Y [8] $techmap\soc.$ternary$picosoc.v:132$1119_Y [8] $techmap\soc.$ternary$picosoc.v:132$1119_Y [8] $techmap\soc.$ternary$picosoc.v:132$1119_Y [8] $techmap\soc.$ternary$picosoc.v:132$1119_Y [8] $techmap\soc.$ternary$picosoc.v:132$1119_Y [8] $techmap\soc.$ternary$picosoc.v:132$1119_Y [8] $techmap\soc.$ternary$picosoc.v:132$1119_Y [8] $techmap\soc.$ternary$picosoc.v:132$1119_Y [8] $techmap\soc.$ternary$picosoc.v:132$1119_Y [8] $techmap\soc.$ternary$picosoc.v:132$1119_Y [8] $techmap\soc.$ternary$picosoc.v:132$1119_Y [8] $techmap\soc.$ternary$picosoc.v:132$1119_Y [8] $techmap\soc.$ternary$picosoc.v:132$1119_Y [8] }
    Consolidated identical input bits for $mux cell $techmap\soc.spimemio.$procmux$5958:
      Old ports: A={ 1'1 $auto$wreduce.cc:455:run$6417 [6:0] }, B={ 4'0000 \soc.spimemio.config_dummy }, Y=$techmap\soc.spimemio.$procmux$5958_Y
      New ports: A={ 1'1 $auto$wreduce.cc:455:run$6417 [1] $auto$wreduce.cc:455:run$6417 [1] 1'1 $auto$wreduce.cc:455:run$6417 [1] 1'1 }, B={ 2'00 \soc.spimemio.config_dummy }, Y=$techmap\soc.spimemio.$procmux$5958_Y [5:0]
      New connections: $techmap\soc.spimemio.$procmux$5958_Y [7:6] = $techmap\soc.spimemio.$procmux$5958_Y [5:4]
  Optimizing cells in module \icebreaker_fit.
Performed a total of 28 changes.

7.30.5. Executing OPT_MERGE pass (detect identical cells).
Finding identical cells in module `\icebreaker_fit'.
Removed a total of 0 cells.

7.30.6. Executing OPT_RMDFF pass (remove dff with constant values).

7.30.7. Executing OPT_CLEAN pass (remove unused cells and wires).
Finding unused cells or wires in module \icebreaker_fit..

7.30.8. Executing OPT_EXPR pass (perform const folding).
Optimizing module icebreaker_fit.

7.30.9. Rerunning OPT passes. (Maybe there is more to do..)

7.30.10. Executing OPT_MUXTREE pass (detect dead branches in mux trees).
Running muxtree optimizer on module \icebreaker_fit..
  Creating internal representation of mux trees.
  Evaluating internal representation of mux trees.
  Analyzing evaluation results.
Removed 0 multiplexer ports.
<suppressed ~242 debug messages>

7.30.11. Executing OPT_REDUCE pass (consolidate $*mux and $reduce_* inputs).
  Optimizing cells in module \icebreaker_fit.
Performed a total of 0 changes.

7.30.12. Executing OPT_MERGE pass (detect identical cells).
Finding identical cells in module `\icebreaker_fit'.
Removed a total of 0 cells.

7.30.13. Executing OPT_RMDFF pass (remove dff with constant values).

7.30.14. Executing OPT_CLEAN pass (remove unused cells and wires).
Finding unused cells or wires in module \icebreaker_fit..

7.30.15. Executing OPT_EXPR pass (perform const folding).
Optimizing module icebreaker_fit.

7.30.16. Finished OPT passes. (There is nothing left to do.)

7.31. Executing TECHMAP pass (map to technology primitives).

7.31.1. Executing Verilog-2005 frontend: /usr/bin/../share/yosys/techmap.v
Parsing Verilog input from `/usr/bin/../share/yosys/techmap.v' to AST representation.
Generating RTLIL representation for module `\_90_simplemap_bool_ops'.
Generating RTLIL representation for module `\_90_simplemap_reduce_ops'.
Generating RTLIL representation for module `\_90_simplemap_logic_ops'.
Generating RTLIL representation for module `\_90_simplemap_compare_ops'.
Generating RTLIL representation for module `\_90_simplemap_various'.
Generating RTLIL representation for module `\_90_simplemap_registers'.
Generating RTLIL representation for module `\_90_shift_ops_shr_shl_sshl_sshr'.
Generating RTLIL representation for module `\_90_shift_shiftx'.
Generating RTLIL representation for module `\_90_fa'.
Generating RTLIL representation for module `\_90_lcu'.
Generating RTLIL representation for module `\_90_alu'.
Generating RTLIL representation for module `\_90_macc'.
Generating RTLIL representation for module `\_90_alumacc'.
Generating RTLIL representation for module `\$__div_mod_u'.
Generating RTLIL representation for module `\$__div_mod'.
Generating RTLIL representation for module `\_90_div'.
Generating RTLIL representation for module `\_90_mod'.
Generating RTLIL representation for module `\_90_pow'.
Generating RTLIL representation for module `\_90_pmux'.
Generating RTLIL representation for module `\_90_lut'.
Successfully finished Verilog frontend.

7.31.2. Executing Verilog-2005 frontend: /usr/bin/../share/yosys/ice40/arith_map.v
Parsing Verilog input from `/usr/bin/../share/yosys/ice40/arith_map.v' to AST representation.
Generating RTLIL representation for module `\_80_ice40_alu'.
Successfully finished Verilog frontend.

7.31.3. Continuing TECHMAP pass.
Using extmapper simplemap for cells of type $reduce_and.
Using extmapper simplemap for cells of type $logic_not.
Using extmapper simplemap for cells of type $eq.
Using extmapper simplemap for cells of type $and.
Using extmapper simplemap for cells of type $logic_and.
Using extmapper simplemap for cells of type $lut.
Using template $paramod\_80_ice40_alu\A_SIGNED=0\B_SIGNED=0\A_WIDTH=1\B_WIDTH=32\Y_WIDTH=32 for cells of type $alu.
Using extmapper simplemap for cells of type $dff.
Using extmapper simplemap for cells of type $mux.
Using extmapper simplemap for cells of type $logic_or.
Using extmapper simplemap for cells of type $reduce_or.
Using template $paramod\_80_ice40_alu\A_SIGNED=0\B_SIGNED=0\A_WIDTH=32\B_WIDTH=32\Y_WIDTH=32 for cells of type $alu.
Using extmapper simplemap for cells of type $not.
Using template $paramod\_80_ice40_alu\A_SIGNED=0\B_SIGNED=0\A_WIDTH=1\B_WIDTH=8\Y_WIDTH=8 for cells of type $alu.
Using template $paramod\_90_pmux\WIDTH=32\S_WIDTH=2 for cells of type $pmux.
Using template $paramod\_80_ice40_alu\A_SIGNED=0\B_SIGNED=0\A_WIDTH=26\B_WIDTH=32\Y_WIDTH=32 for cells of type $alu.
Using extmapper simplemap for cells of type $or.
Using template $paramod\_80_ice40_alu\A_SIGNED=0\B_SIGNED=0\A_WIDTH=3\B_WIDTH=4\Y_WIDTH=5 for cells of type $alu.
Using template $paramod\_80_ice40_alu\A_SIGNED=1\B_SIGNED=1\A_WIDTH=32\B_WIDTH=32\Y_WIDTH=32 for cells of type $alu.
Using extmapper simplemap for cells of type $xor.
Using template $paramod\_80_ice40_alu\A_SIGNED=0\B_SIGNED=0\A_WIDTH=32\B_WIDTH=1\Y_WIDTH=32 for cells of type $alu.
Using template $paramod\_80_ice40_alu\A_SIGNED=0\B_SIGNED=0\A_WIDTH=5\B_WIDTH=3\Y_WIDTH=5 for cells of type $alu.
Using template $paramod\_80_ice40_alu\A_SIGNED=0\B_SIGNED=0\A_WIDTH=5\B_WIDTH=1\Y_WIDTH=5 for cells of type $alu.
Using template $paramod\_80_ice40_alu\A_SIGNED=0\B_SIGNED=0\A_WIDTH=3\B_WIDTH=5\Y_WIDTH=5 for cells of type $alu.
Using template $paramod\_80_ice40_alu\A_SIGNED=0\B_SIGNED=0\A_WIDTH=1\B_WIDTH=6\Y_WIDTH=6 for cells of type $alu.
Using template $paramod\_90_pmux\WIDTH=24\S_WIDTH=2 for cells of type $pmux.
Using template $paramod$constmap:66d421c313e4e958be776b99540ac2de3b59fdbc$paramod$9b74a473ccd678a23e1df4cc12019cbbece20051\_90_shift_ops_shr_shl_sshl_sshr for cells of type $shl.
Using template $paramod\_90_pmux\WIDTH=4\S_WIDTH=2 for cells of type $pmux.
Using template $paramod\_90_pmux\WIDTH=8\S_WIDTH=3 for cells of type $pmux.
Using template $paramod\_90_pmux\WIDTH=6\S_WIDTH=2 for cells of type $pmux.
Using template $paramod\_90_pmux\WIDTH=6\S_WIDTH=4 for cells of type $pmux.
Using template $paramod\_90_pmux\WIDTH=6\S_WIDTH=3 for cells of type $pmux.
Using template $paramod\_90_pmux\WIDTH=4\S_WIDTH=3 for cells of type $pmux.
Using template $paramod\_90_pmux\WIDTH=3\S_WIDTH=2 for cells of type $pmux.
Using template $paramod\_90_pmux\WIDTH=3\S_WIDTH=4 for cells of type $pmux.
Using template $paramod\_90_pmux\WIDTH=3\S_WIDTH=3 for cells of type $pmux.
Using template $paramod\_90_pmux\WIDTH=5\S_WIDTH=2 for cells of type $pmux.
Using template $paramod\_90_pmux\WIDTH=5\S_WIDTH=3 for cells of type $pmux.
Using template $paramod\_90_pmux\WIDTH=1\S_WIDTH=2 for cells of type $pmux.
Using template $paramod\_90_pmux\WIDTH=1\S_WIDTH=3 for cells of type $pmux.
Using template $paramod\_90_pmux\WIDTH=2\S_WIDTH=4 for cells of type $pmux.
Using template $paramod\_80_ice40_alu\A_SIGNED=0\B_SIGNED=0\A_WIDTH=4\B_WIDTH=1\Y_WIDTH=4 for cells of type $alu.
Using template $paramod\_80_ice40_alu\A_SIGNED=0\B_SIGNED=0\A_WIDTH=4\B_WIDTH=2\Y_WIDTH=4 for cells of type $alu.
Using template $paramod\_80_ice40_alu\A_SIGNED=0\B_SIGNED=0\A_WIDTH=4\B_WIDTH=3\Y_WIDTH=4 for cells of type $alu.
Using template $paramod\_90_pmux\WIDTH=5\S_WIDTH=4 for cells of type $pmux.
Using template $paramod\_90_pmux\WIDTH=32\S_WIDTH=5 for cells of type $pmux.
Using template $paramod\_90_pmux\WIDTH=4\S_WIDTH=4 for cells of type $pmux.
Using template $paramod\_80_ice40_alu\A_SIGNED=0\B_SIGNED=0\A_WIDTH=3\B_WIDTH=24\Y_WIDTH=25 for cells of type $alu.
Using template $paramod\_80_ice40_alu\A_SIGNED=0\B_SIGNED=0\A_WIDTH=1\B_WIDTH=4\Y_WIDTH=4 for cells of type $alu.
Using template $paramod\_90_pmux\WIDTH=1\S_WIDTH=4 for cells of type $pmux.
Using template $paramod\_90_pmux\WIDTH=1\S_WIDTH=5 for cells of type $pmux.
Using template $paramod\_90_pmux\WIDTH=32\S_WIDTH=4 for cells of type $pmux.
Using template $paramod\_90_pmux\WIDTH=32\S_WIDTH=3 for cells of type $pmux.
Using template $paramod\_90_pmux\WIDTH=2\S_WIDTH=2 for cells of type $pmux.
Using template $paramod\_90_pmux\WIDTH=2\S_WIDTH=3 for cells of type $pmux.
Using extmapper simplemap for cells of type $reduce_bool.
Using template $paramod\_80_ice40_alu\A_SIGNED=0\B_SIGNED=0\A_WIDTH=1\B_WIDTH=30\Y_WIDTH=30 for cells of type $alu.
Using template $paramod\_80_ice40_alu\A_SIGNED=0\B_SIGNED=0\A_WIDTH=18\B_WIDTH=32\Y_WIDTH=32 for cells of type $alu.
Using template $paramod\_90_pmux\WIDTH=8\S_WIDTH=8 for cells of type $pmux.
Using template $paramod\_90_pmux\WIDTH=4\S_WIDTH=6 for cells of type $pmux.
Using template $paramod\_90_pmux\WIDTH=4\S_WIDTH=13 for cells of type $pmux.
Using extmapper simplemap for cells of type $ne.
Using extmapper simplemap for cells of type $pos.
No more expansions possible.
<suppressed ~3546 debug messages>

7.32. Executing ICE40_OPT pass (performing simple optimizations).

7.32.1. Running ICE40 specific optimizations.

7.32.2. Executing OPT_EXPR pass (perform const folding).
Optimizing module icebreaker_fit.
<suppressed ~2596 debug messages>

7.32.3. Executing OPT_MERGE pass (detect identical cells).
Finding identical cells in module `\icebreaker_fit'.
<suppressed ~5973 debug messages>
Removed a total of 1991 cells.

7.32.4. Executing OPT_RMDFF pass (remove dff with constant values).

7.32.5. Executing OPT_CLEAN pass (remove unused cells and wires).
Finding unused cells or wires in module \icebreaker_fit..
Removed 643 unused cells and 3378 unused wires.
<suppressed ~644 debug messages>

7.32.6. Rerunning OPT passes. (Removed registers in this run.)

7.32.7. Running ICE40 specific optimizations.
Optimized away SB_CARRY cell icebreaker_fit.$auto$alumacc.cc:474:replace_alu$6512.slice[0].carry: CO=1'1
Optimized away SB_CARRY cell icebreaker_fit.$auto$alumacc.cc:474:replace_alu$6528.slice[0].carry: CO=$auto$alumacc.cc:474:replace_alu$6528.BB [0]
Optimized away SB_CARRY cell icebreaker_fit.$auto$alumacc.cc:474:replace_alu$6537.slice[0].carry: CO=$auto$alumacc.cc:474:replace_alu$6537.BB [0]
Optimized away SB_CARRY cell icebreaker_fit.$auto$alumacc.cc:474:replace_alu$6548.slice[0].carry: CO=1'1
Optimized away SB_CARRY cell icebreaker_fit.$auto$alumacc.cc:474:replace_alu$6553.slice[0].carry: CO=$auto$alumacc.cc:474:replace_alu$6537.BB [0]
Optimized away SB_CARRY cell icebreaker_fit.$auto$alumacc.cc:474:replace_alu$6569.slice[0].carry: CO=1'0
Optimized away SB_CARRY cell icebreaker_fit.$auto$alumacc.cc:474:replace_alu$6572.slice[0].carry: CO=1'0
Optimized away SB_CARRY cell icebreaker_fit.$auto$alumacc.cc:474:replace_alu$6587.slice[0].carry: CO=1'0
Optimized away SB_CARRY cell icebreaker_fit.$auto$alumacc.cc:474:replace_alu$6587.slice[3].carry: CO=$auto$alumacc.cc:474:replace_alu$6587.C [3]
Optimized away SB_CARRY cell icebreaker_fit.$auto$alumacc.cc:474:replace_alu$6590.slice[0].carry: CO=1'0
Optimized away SB_CARRY cell icebreaker_fit.$auto$alumacc.cc:474:replace_alu$6590.slice[3].carry: CO=$auto$alumacc.cc:474:replace_alu$6590.C [3]
Optimized away SB_CARRY cell icebreaker_fit.$auto$alumacc.cc:474:replace_alu$6610.slice[0].carry: CO=\soc.cpu.timer [0]
Optimized away SB_CARRY cell icebreaker_fit.$auto$alumacc.cc:474:replace_alu$6613.slice[0].carry: CO=1'1
Optimized away SB_CARRY cell icebreaker_fit.$auto$alumacc.cc:474:replace_alu$6616.slice[0].carry: CO=\soc.cpu.reg_sh [0]
Optimized away SB_CARRY cell icebreaker_fit.$auto$alumacc.cc:474:replace_alu$6619.slice[0].carry: CO=\soc.simpleuart.send_divcnt [0]
Optimized away SB_CARRY cell icebreaker_fit.$auto$alumacc.cc:474:replace_alu$6622.slice[0].carry: CO=\soc.simpleuart.recv_divcnt [0]
Optimized away SB_CARRY cell icebreaker_fit.$auto$alumacc.cc:474:replace_alu$6625.slice[0].carry: CO=\soc.simpleuart.recv_state [0]
Optimized away SB_CARRY cell icebreaker_fit.$auto$alumacc.cc:474:replace_alu$6628.slice[0].carry: CO=\soc.simpleuart.send_bitcnt [0]
Optimized away SB_CARRY cell icebreaker_fit.$auto$alumacc.cc:474:replace_alu$6631.slice[0].carry: CO=1'0
Optimized away SB_CARRY cell icebreaker_fit.$auto$alumacc.cc:474:replace_alu$6637.slice[0].carry: CO=1'1
Optimized away SB_CARRY cell icebreaker_fit.$auto$alumacc.cc:474:replace_alu$6640.slice[0].carry: CO=1'1
Mapping SB_LUT4 cell icebreaker_fit.$auto$alumacc.cc:474:replace_alu$6569.slice[1].adder back to logic.
Mapping SB_LUT4 cell icebreaker_fit.$auto$alumacc.cc:474:replace_alu$6572.slice[1].adder back to logic.
Mapping SB_LUT4 cell icebreaker_fit.$auto$alumacc.cc:474:replace_alu$6587.slice[1].adder back to logic.
Mapping SB_LUT4 cell icebreaker_fit.$auto$alumacc.cc:474:replace_alu$6587.slice[4].adder back to logic.
Mapping SB_LUT4 cell icebreaker_fit.$auto$alumacc.cc:474:replace_alu$6590.slice[1].adder back to logic.
Mapping SB_LUT4 cell icebreaker_fit.$auto$alumacc.cc:474:replace_alu$6590.slice[4].adder back to logic.
Mapping SB_LUT4 cell icebreaker_fit.$auto$alumacc.cc:474:replace_alu$6610.slice[1].adder back to logic.
Mapping SB_LUT4 cell icebreaker_fit.$auto$alumacc.cc:474:replace_alu$6613.slice[1].adder back to logic.
Mapping SB_LUT4 cell icebreaker_fit.$auto$alumacc.cc:474:replace_alu$6616.slice[1].adder back to logic.
Mapping SB_LUT4 cell icebreaker_fit.$auto$alumacc.cc:474:replace_alu$6619.slice[1].adder back to logic.
Mapping SB_LUT4 cell icebreaker_fit.$auto$alumacc.cc:474:replace_alu$6622.slice[1].adder back to logic.
Mapping SB_LUT4 cell icebreaker_fit.$auto$alumacc.cc:474:replace_alu$6625.slice[1].adder back to logic.
Mapping SB_LUT4 cell icebreaker_fit.$auto$alumacc.cc:474:replace_alu$6628.slice[1].adder back to logic.
Mapping SB_LUT4 cell icebreaker_fit.$auto$alumacc.cc:474:replace_alu$6631.slice[1].adder back to logic.
Mapping SB_LUT4 cell icebreaker_fit.$auto$alumacc.cc:474:replace_alu$6637.slice[1].adder back to logic.
Mapping SB_LUT4 cell icebreaker_fit.$auto$alumacc.cc:474:replace_alu$6640.slice[1].adder back to logic.

7.32.8. Executing OPT_EXPR pass (perform const folding).
Optimizing module icebreaker_fit.
<suppressed ~208 debug messages>

7.32.9. Executing OPT_MERGE pass (detect identical cells).
Finding identical cells in module `\icebreaker_fit'.
<suppressed ~45 debug messages>
Removed a total of 15 cells.

7.32.10. Executing OPT_RMDFF pass (remove dff with constant values).

7.32.11. Executing OPT_CLEAN pass (remove unused cells and wires).
Finding unused cells or wires in module \icebreaker_fit..
Removed 6 unused cells and 48 unused wires.
<suppressed ~7 debug messages>

7.32.12. Rerunning OPT passes. (Removed registers in this run.)

7.32.13. Running ICE40 specific optimizations.
Optimized away SB_CARRY cell icebreaker_fit.$auto$alumacc.cc:474:replace_alu$6548.slice[1].carry: CO=$auto$alumacc.cc:474:replace_alu$6537.BB [25]
Optimized away SB_CARRY cell icebreaker_fit.$auto$alumacc.cc:474:replace_alu$6587.slice[1].carry: CO=1'0
Optimized away SB_CARRY cell icebreaker_fit.$auto$alumacc.cc:474:replace_alu$6590.slice[1].carry: CO=1'0
Optimized away SB_CARRY cell icebreaker_fit.$auto$alumacc.cc:474:replace_alu$6613.slice[1].carry: CO=1'1
Optimized away SB_CARRY cell icebreaker_fit.$auto$alumacc.cc:474:replace_alu$6631.slice[1].carry: CO=1'0
Optimized away SB_CARRY cell icebreaker_fit.$auto$alumacc.cc:474:replace_alu$6637.slice[1].carry: CO=1'1
Mapping SB_LUT4 cell icebreaker_fit.$auto$alumacc.cc:474:replace_alu$6587.slice[2].adder back to logic.
Mapping SB_LUT4 cell icebreaker_fit.$auto$alumacc.cc:474:replace_alu$6590.slice[2].adder back to logic.
Mapping SB_LUT4 cell icebreaker_fit.$auto$alumacc.cc:474:replace_alu$6613.slice[2].adder back to logic.
Mapping SB_LUT4 cell icebreaker_fit.$auto$alumacc.cc:474:replace_alu$6631.slice[2].adder back to logic.
Mapping SB_LUT4 cell icebreaker_fit.$auto$alumacc.cc:474:replace_alu$6637.slice[2].adder back to logic.

7.32.14. Executing OPT_EXPR pass (perform const folding).
Optimizing module icebreaker_fit.
<suppressed ~66 debug messages>

7.32.15. Executing OPT_MERGE pass (detect identical cells).
Finding identical cells in module `\icebreaker_fit'.
<suppressed ~15 debug messages>
Removed a total of 5 cells.

7.32.16. Executing OPT_RMDFF pass (remove dff with constant values).

7.32.17. Executing OPT_CLEAN pass (remove unused cells and wires).
Finding unused cells or wires in module \icebreaker_fit..
Removed 3 unused cells and 17 unused wires.
<suppressed ~4 debug messages>

7.32.18. Rerunning OPT passes. (Removed registers in this run.)

7.32.19. Running ICE40 specific optimizations.
Optimized away SB_CARRY cell icebreaker_fit.$auto$alumacc.cc:474:replace_alu$6587.slice[2].carry: CO=1'0
Optimized away SB_CARRY cell icebreaker_fit.$auto$alumacc.cc:474:replace_alu$6590.slice[2].carry: CO=1'0
Optimized away SB_CARRY cell icebreaker_fit.$auto$alumacc.cc:474:replace_alu$6613.slice[2].carry: CO=\soc.cpu.reg_sh [2]
Optimized away SB_CARRY cell icebreaker_fit.$auto$alumacc.cc:474:replace_alu$6631.slice[2].carry: CO=\soc.spimemio.rd_addr [2]
Mapping SB_LUT4 cell icebreaker_fit.$auto$alumacc.cc:474:replace_alu$6587.slice[3].adder back to logic.
Mapping SB_LUT4 cell icebreaker_fit.$auto$alumacc.cc:474:replace_alu$6590.slice[3].adder back to logic.
Mapping SB_LUT4 cell icebreaker_fit.$auto$alumacc.cc:474:replace_alu$6613.slice[3].adder back to logic.
Mapping SB_LUT4 cell icebreaker_fit.$auto$alumacc.cc:474:replace_alu$6631.slice[3].adder back to logic.

7.32.20. Executing OPT_EXPR pass (perform const folding).
Optimizing module icebreaker_fit.
<suppressed ~77 debug messages>

7.32.21. Executing OPT_MERGE pass (detect identical cells).
Finding identical cells in module `\icebreaker_fit'.
<suppressed ~6 debug messages>
Removed a total of 2 cells.

7.32.22. Executing OPT_RMDFF pass (remove dff with constant values).

7.32.23. Executing OPT_CLEAN pass (remove unused cells and wires).
Finding unused cells or wires in module \icebreaker_fit..
Removed 0 unused cells and 26 unused wires.
<suppressed ~1 debug messages>

7.32.24. Rerunning OPT passes. (Removed registers in this run.)

7.32.25. Running ICE40 specific optimizations.

7.32.26. Executing OPT_EXPR pass (perform const folding).
Optimizing module icebreaker_fit.

7.32.27. Executing OPT_MERGE pass (detect identical cells).
Finding identical cells in module `\icebreaker_fit'.
Removed a total of 0 cells.

7.32.28. Executing OPT_RMDFF pass (remove dff with constant values).

7.32.29. Executing OPT_CLEAN pass (remove unused cells and wires).
Finding unused cells or wires in module \icebreaker_fit..

7.32.30. Finished OPT passes. (There is nothing left to do.)

7.33. Executing DFFSR2DFF pass (mapping DFFSR cells to simpler FFs).

7.34. Executing DFF2DFFE pass (transform $dff to $dffe where applicable).
Selected cell types for direct conversion:
  $_DFF_PP1_ -> $__DFFE_PP1
  $_DFF_PP0_ -> $__DFFE_PP0
  $_DFF_PN1_ -> $__DFFE_PN1
  $_DFF_PN0_ -> $__DFFE_PN0
  $_DFF_NP1_ -> $__DFFE_NP1
  $_DFF_NP0_ -> $__DFFE_NP0
  $_DFF_NN1_ -> $__DFFE_NN1
  $_DFF_NN0_ -> $__DFFE_NN0
  $_DFF_N_ -> $_DFFE_NP_
  $_DFF_P_ -> $_DFFE_PP_
Transforming FF to FF+Enable cells in module icebreaker_fit:
  converting $_DFF_P_ cell $auto$simplemap.cc:420:simplemap_dff$11125 to $_DFFE_PP_ for $techmap\soc.cpu.$0\mem_la_secondword[0:0] -> \soc.cpu.mem_la_secondword.
  converting $_DFF_P_ cell $auto$simplemap.cc:420:simplemap_dff$11127 to $_DFFE_PP_ for $techmap\soc.simpleuart.$0\recv_buf_data[7:0] [0] -> \soc.simpleuart.recv_buf_data [0].
  converting $_DFF_P_ cell $auto$simplemap.cc:420:simplemap_dff$11128 to $_DFFE_PP_ for $techmap\soc.simpleuart.$0\recv_buf_data[7:0] [1] -> \soc.simpleuart.recv_buf_data [1].
  converting $_DFF_P_ cell $auto$simplemap.cc:420:simplemap_dff$11129 to $_DFFE_PP_ for $techmap\soc.simpleuart.$0\recv_buf_data[7:0] [2] -> \soc.simpleuart.recv_buf_data [2].
  converting $_DFF_P_ cell $auto$simplemap.cc:420:simplemap_dff$11130 to $_DFFE_PP_ for $techmap\soc.simpleuart.$0\recv_buf_data[7:0] [3] -> \soc.simpleuart.recv_buf_data [3].
  converting $_DFF_P_ cell $auto$simplemap.cc:420:simplemap_dff$11131 to $_DFFE_PP_ for $techmap\soc.simpleuart.$0\recv_buf_data[7:0] [4] -> \soc.simpleuart.recv_buf_data [4].
  converting $_DFF_P_ cell $auto$simplemap.cc:420:simplemap_dff$11132 to $_DFFE_PP_ for $techmap\soc.simpleuart.$0\recv_buf_data[7:0] [5] -> \soc.simpleuart.recv_buf_data [5].
  converting $_DFF_P_ cell $auto$simplemap.cc:420:simplemap_dff$11133 to $_DFFE_PP_ for $techmap\soc.simpleuart.$0\recv_buf_data[7:0] [6] -> \soc.simpleuart.recv_buf_data [6].
  converting $_DFF_P_ cell $auto$simplemap.cc:420:simplemap_dff$11134 to $_DFFE_PP_ for $techmap\soc.simpleuart.$0\recv_buf_data[7:0] [7] -> \soc.simpleuart.recv_buf_data [7].
  converting $_DFF_P_ cell $auto$simplemap.cc:420:simplemap_dff$11139 to $_DFFE_PP_ for $techmap\soc.cpu.$0\mem_rdata_q[31:0] [0] -> \soc.cpu.mem_rdata_q [0].
  converting $_DFF_P_ cell $auto$simplemap.cc:420:simplemap_dff$11140 to $_DFFE_PP_ for $techmap\soc.cpu.$0\mem_rdata_q[31:0] [1] -> \soc.cpu.mem_rdata_q [1].
  converting $_DFF_P_ cell $auto$simplemap.cc:420:simplemap_dff$11141 to $_DFFE_PP_ for $techmap\soc.cpu.$0\mem_rdata_q[31:0] [2] -> \soc.cpu.mem_rdata_q [2].
  converting $_DFF_P_ cell $auto$simplemap.cc:420:simplemap_dff$11142 to $_DFFE_PP_ for $techmap\soc.cpu.$0\mem_rdata_q[31:0] [3] -> \soc.cpu.mem_rdata_q [3].
  converting $_DFF_P_ cell $auto$simplemap.cc:420:simplemap_dff$11143 to $_DFFE_PP_ for $techmap\soc.cpu.$0\mem_rdata_q[31:0] [4] -> \soc.cpu.mem_rdata_q [4].
  converting $_DFF_P_ cell $auto$simplemap.cc:420:simplemap_dff$11144 to $_DFFE_PP_ for $techmap\soc.cpu.$0\mem_rdata_q[31:0] [5] -> \soc.cpu.mem_rdata_q [5].
  converting $_DFF_P_ cell $auto$simplemap.cc:420:simplemap_dff$11145 to $_DFFE_PP_ for $techmap\soc.cpu.$0\mem_rdata_q[31:0] [6] -> \soc.cpu.mem_rdata_q [6].
  converting $_DFF_P_ cell $auto$simplemap.cc:420:simplemap_dff$11171 to $_DFFE_PP_ for $techmap\soc.cpu.$0\mem_16bit_buffer[15:0] [0] -> \soc.cpu.mem_16bit_buffer [0].
  converting $_DFF_P_ cell $auto$simplemap.cc:420:simplemap_dff$11172 to $_DFFE_PP_ for $techmap\soc.cpu.$0\mem_16bit_buffer[15:0] [1] -> \soc.cpu.mem_16bit_buffer [1].
  converting $_DFF_P_ cell $auto$simplemap.cc:420:simplemap_dff$11173 to $_DFFE_PP_ for $techmap\soc.cpu.$0\mem_16bit_buffer[15:0] [2] -> \soc.cpu.mem_16bit_buffer [2].
  converting $_DFF_P_ cell $auto$simplemap.cc:420:simplemap_dff$11174 to $_DFFE_PP_ for $techmap\soc.cpu.$0\mem_16bit_buffer[15:0] [3] -> \soc.cpu.mem_16bit_buffer [3].
  converting $_DFF_P_ cell $auto$simplemap.cc:420:simplemap_dff$11175 to $_DFFE_PP_ for $techmap\soc.cpu.$0\mem_16bit_buffer[15:0] [4] -> \soc.cpu.mem_16bit_buffer [4].
  converting $_DFF_P_ cell $auto$simplemap.cc:420:simplemap_dff$11176 to $_DFFE_PP_ for $techmap\soc.cpu.$0\mem_16bit_buffer[15:0] [5] -> \soc.cpu.mem_16bit_buffer [5].
  converting $_DFF_P_ cell $auto$simplemap.cc:420:simplemap_dff$11177 to $_DFFE_PP_ for $techmap\soc.cpu.$0\mem_16bit_buffer[15:0] [6] -> \soc.cpu.mem_16bit_buffer [6].
  converting $_DFF_P_ cell $auto$simplemap.cc:420:simplemap_dff$11178 to $_DFFE_PP_ for $techmap\soc.cpu.$0\mem_16bit_buffer[15:0] [7] -> \soc.cpu.mem_16bit_buffer [7].
  converting $_DFF_P_ cell $auto$simplemap.cc:420:simplemap_dff$11179 to $_DFFE_PP_ for $techmap\soc.cpu.$0\mem_16bit_buffer[15:0] [8] -> \soc.cpu.mem_16bit_buffer [8].
  converting $_DFF_P_ cell $auto$simplemap.cc:420:simplemap_dff$11180 to $_DFFE_PP_ for $techmap\soc.cpu.$0\mem_16bit_buffer[15:0] [9] -> \soc.cpu.mem_16bit_buffer [9].
  converting $_DFF_P_ cell $auto$simplemap.cc:420:simplemap_dff$11181 to $_DFFE_PP_ for $techmap\soc.cpu.$0\mem_16bit_buffer[15:0] [10] -> \soc.cpu.mem_16bit_buffer [10].
  converting $_DFF_P_ cell $auto$simplemap.cc:420:simplemap_dff$11182 to $_DFFE_PP_ for $techmap\soc.cpu.$0\mem_16bit_buffer[15:0] [11] -> \soc.cpu.mem_16bit_buffer [11].
  converting $_DFF_P_ cell $auto$simplemap.cc:420:simplemap_dff$11183 to $_DFFE_PP_ for $techmap\soc.cpu.$0\mem_16bit_buffer[15:0] [12] -> \soc.cpu.mem_16bit_buffer [12].
  converting $_DFF_P_ cell $auto$simplemap.cc:420:simplemap_dff$11184 to $_DFFE_PP_ for $techmap\soc.cpu.$0\mem_16bit_buffer[15:0] [13] -> \soc.cpu.mem_16bit_buffer [13].
  converting $_DFF_P_ cell $auto$simplemap.cc:420:simplemap_dff$11185 to $_DFFE_PP_ for $techmap\soc.cpu.$0\mem_16bit_buffer[15:0] [14] -> \soc.cpu.mem_16bit_buffer [14].
  converting $_DFF_P_ cell $auto$simplemap.cc:420:simplemap_dff$11186 to $_DFFE_PP_ for $techmap\soc.cpu.$0\mem_16bit_buffer[15:0] [15] -> \soc.cpu.mem_16bit_buffer [15].
  converting $_DFF_P_ cell $auto$simplemap.cc:420:simplemap_dff$11187 to $_DFFE_PP_ for $techmap\soc.cpu.$0\prefetched_high_word[0:0] -> \soc.cpu.prefetched_high_word.
  converting $_DFF_P_ cell $auto$simplemap.cc:420:simplemap_dff$11188 to $_DFFE_PP_ for $techmap\soc.cpu.$0\mem_state[1:0] [0] -> \soc.cpu.mem_state [0].
  converting $_DFF_P_ cell $auto$simplemap.cc:420:simplemap_dff$11189 to $_DFFE_PP_ for $techmap\soc.cpu.$0\mem_state[1:0] [1] -> \soc.cpu.mem_state [1].
  converting $_DFF_P_ cell $auto$simplemap.cc:420:simplemap_dff$11190 to $_DFFE_PP_ for $techmap\soc.cpu.$0\mem_wstrb[3:0] [0] -> \soc.cpu.mem_wstrb [0].
  converting $_DFF_P_ cell $auto$simplemap.cc:420:simplemap_dff$11191 to $_DFFE_PP_ for $techmap\soc.cpu.$0\mem_wstrb[3:0] [1] -> \soc.cpu.mem_wstrb [1].
  converting $_DFF_P_ cell $auto$simplemap.cc:420:simplemap_dff$11192 to $_DFFE_PP_ for $techmap\soc.cpu.$0\mem_wstrb[3:0] [2] -> \soc.cpu.mem_wstrb [2].
  converting $_DFF_P_ cell $auto$simplemap.cc:420:simplemap_dff$11193 to $_DFFE_PP_ for $techmap\soc.cpu.$0\mem_wstrb[3:0] [3] -> \soc.cpu.mem_wstrb [3].
  converting $_DFF_P_ cell $auto$simplemap.cc:420:simplemap_dff$11194 to $_DFFE_PP_ for $techmap\soc.cpu.$0\mem_wdata[31:0] [0] -> \soc.cpu.mem_wdata [0].
  converting $_DFF_P_ cell $auto$simplemap.cc:420:simplemap_dff$11195 to $_DFFE_PP_ for $techmap\soc.cpu.$0\mem_wdata[31:0] [1] -> \soc.cpu.mem_wdata [1].
  converting $_DFF_P_ cell $auto$simplemap.cc:420:simplemap_dff$11196 to $_DFFE_PP_ for $techmap\soc.cpu.$0\mem_wdata[31:0] [2] -> \soc.cpu.mem_wdata [2].
  converting $_DFF_P_ cell $auto$simplemap.cc:420:simplemap_dff$11197 to $_DFFE_PP_ for $techmap\soc.cpu.$0\mem_wdata[31:0] [3] -> \soc.cpu.mem_wdata [3].
  converting $_DFF_P_ cell $auto$simplemap.cc:420:simplemap_dff$11198 to $_DFFE_PP_ for $techmap\soc.cpu.$0\mem_wdata[31:0] [4] -> \soc.cpu.mem_wdata [4].
  converting $_DFF_P_ cell $auto$simplemap.cc:420:simplemap_dff$11199 to $_DFFE_PP_ for $techmap\soc.cpu.$0\mem_wdata[31:0] [5] -> \soc.cpu.mem_wdata [5].
  converting $_DFF_P_ cell $auto$simplemap.cc:420:simplemap_dff$11200 to $_DFFE_PP_ for $techmap\soc.cpu.$0\mem_wdata[31:0] [6] -> \soc.cpu.mem_wdata [6].
  converting $_DFF_P_ cell $auto$simplemap.cc:420:simplemap_dff$11201 to $_DFFE_PP_ for $techmap\soc.cpu.$0\mem_wdata[31:0] [7] -> \soc.cpu.mem_wdata [7].
  converting $_DFF_P_ cell $auto$simplemap.cc:420:simplemap_dff$11202 to $_DFFE_PP_ for $techmap\soc.cpu.$0\mem_wdata[31:0] [8] -> \soc.cpu.mem_wdata [8].
  converting $_DFF_P_ cell $auto$simplemap.cc:420:simplemap_dff$11203 to $_DFFE_PP_ for $techmap\soc.cpu.$0\mem_wdata[31:0] [9] -> \soc.cpu.mem_wdata [9].
  converting $_DFF_P_ cell $auto$simplemap.cc:420:simplemap_dff$11204 to $_DFFE_PP_ for $techmap\soc.cpu.$0\mem_wdata[31:0] [10] -> \soc.cpu.mem_wdata [10].
  converting $_DFF_P_ cell $auto$simplemap.cc:420:simplemap_dff$11205 to $_DFFE_PP_ for $techmap\soc.cpu.$0\mem_wdata[31:0] [11] -> \soc.cpu.mem_wdata [11].
  converting $_DFF_P_ cell $auto$simplemap.cc:420:simplemap_dff$11206 to $_DFFE_PP_ for $techmap\soc.cpu.$0\mem_wdata[31:0] [12] -> \soc.cpu.mem_wdata [12].
  converting $_DFF_P_ cell $auto$simplemap.cc:420:simplemap_dff$11207 to $_DFFE_PP_ for $techmap\soc.cpu.$0\mem_wdata[31:0] [13] -> \soc.cpu.mem_wdata [13].
  converting $_DFF_P_ cell $auto$simplemap.cc:420:simplemap_dff$11208 to $_DFFE_PP_ for $techmap\soc.cpu.$0\mem_wdata[31:0] [14] -> \soc.cpu.mem_wdata [14].
  converting $_DFF_P_ cell $auto$simplemap.cc:420:simplemap_dff$11209 to $_DFFE_PP_ for $techmap\soc.cpu.$0\mem_wdata[31:0] [15] -> \soc.cpu.mem_wdata [15].
  converting $_DFF_P_ cell $auto$simplemap.cc:420:simplemap_dff$11210 to $_DFFE_PP_ for $techmap\soc.cpu.$0\mem_wdata[31:0] [16] -> \soc.cpu.mem_wdata [16].
  converting $_DFF_P_ cell $auto$simplemap.cc:420:simplemap_dff$11211 to $_DFFE_PP_ for $techmap\soc.cpu.$0\mem_wdata[31:0] [17] -> \soc.cpu.mem_wdata [17].
  converting $_DFF_P_ cell $auto$simplemap.cc:420:simplemap_dff$11212 to $_DFFE_PP_ for $techmap\soc.cpu.$0\mem_wdata[31:0] [18] -> \soc.cpu.mem_wdata [18].
  converting $_DFF_P_ cell $auto$simplemap.cc:420:simplemap_dff$11213 to $_DFFE_PP_ for $techmap\soc.cpu.$0\mem_wdata[31:0] [19] -> \soc.cpu.mem_wdata [19].
  converting $_DFF_P_ cell $auto$simplemap.cc:420:simplemap_dff$11214 to $_DFFE_PP_ for $techmap\soc.cpu.$0\mem_wdata[31:0] [20] -> \soc.cpu.mem_wdata [20].
  converting $_DFF_P_ cell $auto$simplemap.cc:420:simplemap_dff$11215 to $_DFFE_PP_ for $techmap\soc.cpu.$0\mem_wdata[31:0] [21] -> \soc.cpu.mem_wdata [21].
  converting $_DFF_P_ cell $auto$simplemap.cc:420:simplemap_dff$11216 to $_DFFE_PP_ for $techmap\soc.cpu.$0\mem_wdata[31:0] [22] -> \soc.cpu.mem_wdata [22].
  converting $_DFF_P_ cell $auto$simplemap.cc:420:simplemap_dff$11217 to $_DFFE_PP_ for $techmap\soc.cpu.$0\mem_wdata[31:0] [23] -> \soc.cpu.mem_wdata [23].
  converting $_DFF_P_ cell $auto$simplemap.cc:420:simplemap_dff$11218 to $_DFFE_PP_ for $techmap\soc.cpu.$0\mem_wdata[31:0] [24] -> \soc.cpu.mem_wdata [24].
  converting $_DFF_P_ cell $auto$simplemap.cc:420:simplemap_dff$11219 to $_DFFE_PP_ for $techmap\soc.cpu.$0\mem_wdata[31:0] [25] -> \soc.cpu.mem_wdata [25].
  converting $_DFF_P_ cell $auto$simplemap.cc:420:simplemap_dff$11220 to $_DFFE_PP_ for $techmap\soc.cpu.$0\mem_wdata[31:0] [26] -> \soc.cpu.mem_wdata [26].
  converting $_DFF_P_ cell $auto$simplemap.cc:420:simplemap_dff$11221 to $_DFFE_PP_ for $techmap\soc.cpu.$0\mem_wdata[31:0] [27] -> \soc.cpu.mem_wdata [27].
  converting $_DFF_P_ cell $auto$simplemap.cc:420:simplemap_dff$11222 to $_DFFE_PP_ for $techmap\soc.cpu.$0\mem_wdata[31:0] [28] -> \soc.cpu.mem_wdata [28].
  converting $_DFF_P_ cell $auto$simplemap.cc:420:simplemap_dff$11223 to $_DFFE_PP_ for $techmap\soc.cpu.$0\mem_wdata[31:0] [29] -> \soc.cpu.mem_wdata [29].
  converting $_DFF_P_ cell $auto$simplemap.cc:420:simplemap_dff$11224 to $_DFFE_PP_ for $techmap\soc.cpu.$0\mem_wdata[31:0] [30] -> \soc.cpu.mem_wdata [30].
  converting $_DFF_P_ cell $auto$simplemap.cc:420:simplemap_dff$11225 to $_DFFE_PP_ for $techmap\soc.cpu.$0\mem_wdata[31:0] [31] -> \soc.cpu.mem_wdata [31].
  converting $_DFF_P_ cell $auto$simplemap.cc:420:simplemap_dff$11226 to $_DFFE_PP_ for $techmap\soc.cpu.$0\mem_addr[31:0] [0] -> \soc.cpu.mem_addr [0].
  converting $_DFF_P_ cell $auto$simplemap.cc:420:simplemap_dff$11227 to $_DFFE_PP_ for $techmap\soc.cpu.$0\mem_addr[31:0] [1] -> \soc.cpu.mem_addr [1].
  converting $_DFF_P_ cell $auto$simplemap.cc:420:simplemap_dff$11228 to $_DFFE_PP_ for $techmap\soc.cpu.$0\mem_addr[31:0] [2] -> \soc.cpu.mem_addr [2].
  converting $_DFF_P_ cell $auto$simplemap.cc:420:simplemap_dff$11229 to $_DFFE_PP_ for $techmap\soc.cpu.$0\mem_addr[31:0] [3] -> \soc.cpu.mem_addr [3].
  converting $_DFF_P_ cell $auto$simplemap.cc:420:simplemap_dff$11230 to $_DFFE_PP_ for $techmap\soc.cpu.$0\mem_addr[31:0] [4] -> \soc.cpu.mem_addr [4].
  converting $_DFF_P_ cell $auto$simplemap.cc:420:simplemap_dff$11231 to $_DFFE_PP_ for $techmap\soc.cpu.$0\mem_addr[31:0] [5] -> \soc.cpu.mem_addr [5].
  converting $_DFF_P_ cell $auto$simplemap.cc:420:simplemap_dff$11232 to $_DFFE_PP_ for $techmap\soc.cpu.$0\mem_addr[31:0] [6] -> \soc.cpu.mem_addr [6].
  converting $_DFF_P_ cell $auto$simplemap.cc:420:simplemap_dff$11233 to $_DFFE_PP_ for $techmap\soc.cpu.$0\mem_addr[31:0] [7] -> \soc.cpu.mem_addr [7].
  converting $_DFF_P_ cell $auto$simplemap.cc:420:simplemap_dff$11234 to $_DFFE_PP_ for $techmap\soc.cpu.$0\mem_addr[31:0] [8] -> \soc.cpu.mem_addr [8].
  converting $_DFF_P_ cell $auto$simplemap.cc:420:simplemap_dff$11235 to $_DFFE_PP_ for $techmap\soc.cpu.$0\mem_addr[31:0] [9] -> \soc.cpu.mem_addr [9].
  converting $_DFF_P_ cell $auto$simplemap.cc:420:simplemap_dff$11236 to $_DFFE_PP_ for $techmap\soc.cpu.$0\mem_addr[31:0] [10] -> \soc.cpu.mem_addr [10].
  converting $_DFF_P_ cell $auto$simplemap.cc:420:simplemap_dff$11237 to $_DFFE_PP_ for $techmap\soc.cpu.$0\mem_addr[31:0] [11] -> \soc.cpu.mem_addr [11].
  converting $_DFF_P_ cell $auto$simplemap.cc:420:simplemap_dff$11238 to $_DFFE_PP_ for $techmap\soc.cpu.$0\mem_addr[31:0] [12] -> \soc.cpu.mem_addr [12].
  converting $_DFF_P_ cell $auto$simplemap.cc:420:simplemap_dff$11239 to $_DFFE_PP_ for $techmap\soc.cpu.$0\mem_addr[31:0] [13] -> \soc.cpu.mem_addr [13].
  converting $_DFF_P_ cell $auto$simplemap.cc:420:simplemap_dff$11240 to $_DFFE_PP_ for $techmap\soc.cpu.$0\mem_addr[31:0] [14] -> \soc.cpu.mem_addr [14].
  converting $_DFF_P_ cell $auto$simplemap.cc:420:simplemap_dff$11241 to $_DFFE_PP_ for $techmap\soc.cpu.$0\mem_addr[31:0] [15] -> \soc.cpu.mem_addr [15].
  converting $_DFF_P_ cell $auto$simplemap.cc:420:simplemap_dff$11242 to $_DFFE_PP_ for $techmap\soc.cpu.$0\mem_addr[31:0] [16] -> \soc.cpu.mem_addr [16].
  converting $_DFF_P_ cell $auto$simplemap.cc:420:simplemap_dff$11243 to $_DFFE_PP_ for $techmap\soc.cpu.$0\mem_addr[31:0] [17] -> \soc.cpu.mem_addr [17].
  converting $_DFF_P_ cell $auto$simplemap.cc:420:simplemap_dff$11244 to $_DFFE_PP_ for $techmap\soc.cpu.$0\mem_addr[31:0] [18] -> \soc.cpu.mem_addr [18].
  converting $_DFF_P_ cell $auto$simplemap.cc:420:simplemap_dff$11245 to $_DFFE_PP_ for $techmap\soc.cpu.$0\mem_addr[31:0] [19] -> \soc.cpu.mem_addr [19].
  converting $_DFF_P_ cell $auto$simplemap.cc:420:simplemap_dff$11246 to $_DFFE_PP_ for $techmap\soc.cpu.$0\mem_addr[31:0] [20] -> \soc.cpu.mem_addr [20].
  converting $_DFF_P_ cell $auto$simplemap.cc:420:simplemap_dff$11247 to $_DFFE_PP_ for $techmap\soc.cpu.$0\mem_addr[31:0] [21] -> \soc.cpu.mem_addr [21].
  converting $_DFF_P_ cell $auto$simplemap.cc:420:simplemap_dff$11248 to $_DFFE_PP_ for $techmap\soc.cpu.$0\mem_addr[31:0] [22] -> \soc.cpu.mem_addr [22].
  converting $_DFF_P_ cell $auto$simplemap.cc:420:simplemap_dff$11249 to $_DFFE_PP_ for $techmap\soc.cpu.$0\mem_addr[31:0] [23] -> \soc.cpu.mem_addr [23].
  converting $_DFF_P_ cell $auto$simplemap.cc:420:simplemap_dff$11250 to $_DFFE_PP_ for $techmap\soc.cpu.$0\mem_addr[31:0] [24] -> \soc.cpu.mem_addr [24].
  converting $_DFF_P_ cell $auto$simplemap.cc:420:simplemap_dff$11251 to $_DFFE_PP_ for $techmap\soc.cpu.$0\mem_addr[31:0] [25] -> \soc.cpu.mem_addr [25].
  converting $_DFF_P_ cell $auto$simplemap.cc:420:simplemap_dff$11252 to $_DFFE_PP_ for $techmap\soc.cpu.$0\mem_addr[31:0] [26] -> \soc.cpu.mem_addr [26].
  converting $_DFF_P_ cell $auto$simplemap.cc:420:simplemap_dff$11253 to $_DFFE_PP_ for $techmap\soc.cpu.$0\mem_addr[31:0] [27] -> \soc.cpu.mem_addr [27].
  converting $_DFF_P_ cell $auto$simplemap.cc:420:simplemap_dff$11254 to $_DFFE_PP_ for $techmap\soc.cpu.$0\mem_addr[31:0] [28] -> \soc.cpu.mem_addr [28].
  converting $_DFF_P_ cell $auto$simplemap.cc:420:simplemap_dff$11255 to $_DFFE_PP_ for $techmap\soc.cpu.$0\mem_addr[31:0] [29] -> \soc.cpu.mem_addr [29].
  converting $_DFF_P_ cell $auto$simplemap.cc:420:simplemap_dff$11256 to $_DFFE_PP_ for $techmap\soc.cpu.$0\mem_addr[31:0] [30] -> \soc.cpu.mem_addr [30].
  converting $_DFF_P_ cell $auto$simplemap.cc:420:simplemap_dff$11257 to $_DFFE_PP_ for $techmap\soc.cpu.$0\mem_addr[31:0] [31] -> \soc.cpu.mem_addr [31].
  converting $_DFF_P_ cell $auto$simplemap.cc:420:simplemap_dff$11258 to $_DFFE_PP_ for $techmap\soc.cpu.$0\mem_valid[0:0] -> \soc.cpu.mem_valid.
  converting $_DFF_P_ cell $auto$simplemap.cc:420:simplemap_dff$11260 to $_DFFE_PP_ for $techmap\soc.cpu.$0\is_alu_reg_reg[0:0] -> \soc.cpu.is_alu_reg_reg.
  converting $_DFF_P_ cell $auto$simplemap.cc:420:simplemap_dff$11261 to $_DFFE_PP_ for $techmap\soc.cpu.$0\is_alu_reg_imm[0:0] -> \soc.cpu.is_alu_reg_imm.
  converting $_DFF_P_ cell $auto$simplemap.cc:420:simplemap_dff$11262 to $_DFFE_PP_ for $techmap\soc.cpu.$0\is_beq_bne_blt_bge_bltu_bgeu[0:0] -> \soc.cpu.is_beq_bne_blt_bge_bltu_bgeu.
  converting $_DFF_P_ cell $auto$simplemap.cc:420:simplemap_dff$11265 to $_DFFE_PP_ for $techmap\soc.cpu.$0\is_sll_srl_sra[0:0] -> \soc.cpu.is_sll_srl_sra.
  converting $_DFF_P_ cell $auto$simplemap.cc:420:simplemap_dff$11266 to $_DFFE_PP_ for $techmap\soc.cpu.$0\is_sb_sh_sw[0:0] -> \soc.cpu.is_sb_sh_sw.
  converting $_DFF_P_ cell $auto$simplemap.cc:420:simplemap_dff$11267 to $_DFFE_PP_ for $techmap\soc.cpu.$0\is_jalr_addi_slti_sltiu_xori_ori_andi[0:0] -> \soc.cpu.is_jalr_addi_slti_sltiu_xori_ori_andi.
  converting $_DFF_P_ cell $auto$simplemap.cc:420:simplemap_dff$11268 to $_DFFE_PP_ for $techmap\soc.cpu.$0\is_slli_srli_srai[0:0] -> \soc.cpu.is_slli_srli_srai.
  converting $_DFF_P_ cell $auto$simplemap.cc:420:simplemap_dff$11269 to $_DFFE_PP_ for $techmap\soc.cpu.$0\is_lb_lh_lw_lbu_lhu[0:0] -> \soc.cpu.is_lb_lh_lw_lbu_lhu.
  converting $_DFF_P_ cell $auto$simplemap.cc:420:simplemap_dff$11271 to $_DFFE_PP_ for $techmap\soc.cpu.$0\compressed_instr[0:0] -> \soc.cpu.compressed_instr.
  converting $_DFF_P_ cell $auto$simplemap.cc:420:simplemap_dff$11272 to $_DFFE_PP_ for $techmap\soc.cpu.$0\decoded_imm_j[31:0] [0] -> \soc.cpu.decoded_imm_j [0].
  converting $_DFF_P_ cell $auto$simplemap.cc:420:simplemap_dff$11273 to $_DFFE_PP_ for $techmap\soc.cpu.$0\decoded_imm_j[31:0] [1] -> \soc.cpu.decoded_imm_j [1].
  converting $_DFF_P_ cell $auto$simplemap.cc:420:simplemap_dff$11274 to $_DFFE_PP_ for $techmap\soc.cpu.$0\decoded_imm_j[31:0] [2] -> \soc.cpu.decoded_imm_j [2].
  converting $_DFF_P_ cell $auto$simplemap.cc:420:simplemap_dff$11275 to $_DFFE_PP_ for $techmap\soc.cpu.$0\decoded_imm_j[31:0] [3] -> \soc.cpu.decoded_imm_j [3].
  converting $_DFF_P_ cell $auto$simplemap.cc:420:simplemap_dff$11276 to $_DFFE_PP_ for $techmap\soc.cpu.$0\decoded_imm_j[31:0] [4] -> \soc.cpu.decoded_imm_j [4].
  converting $_DFF_P_ cell $auto$simplemap.cc:420:simplemap_dff$11277 to $_DFFE_PP_ for $techmap\soc.cpu.$0\decoded_imm_j[31:0] [5] -> \soc.cpu.decoded_imm_j [5].
  converting $_DFF_P_ cell $auto$simplemap.cc:420:simplemap_dff$11278 to $_DFFE_PP_ for $techmap\soc.cpu.$0\decoded_imm_j[31:0] [6] -> \soc.cpu.decoded_imm_j [6].
  converting $_DFF_P_ cell $auto$simplemap.cc:420:simplemap_dff$11279 to $_DFFE_PP_ for $techmap\soc.cpu.$0\decoded_imm_j[31:0] [7] -> \soc.cpu.decoded_imm_j [7].
  converting $_DFF_P_ cell $auto$simplemap.cc:420:simplemap_dff$11280 to $_DFFE_PP_ for $techmap\soc.cpu.$0\decoded_imm_j[31:0] [8] -> \soc.cpu.decoded_imm_j [8].
  converting $_DFF_P_ cell $auto$simplemap.cc:420:simplemap_dff$11281 to $_DFFE_PP_ for $techmap\soc.cpu.$0\decoded_imm_j[31:0] [9] -> \soc.cpu.decoded_imm_j [9].
  converting $_DFF_P_ cell $auto$simplemap.cc:420:simplemap_dff$11282 to $_DFFE_PP_ for $techmap\soc.cpu.$0\decoded_imm_j[31:0] [10] -> \soc.cpu.decoded_imm_j [10].
  converting $_DFF_P_ cell $auto$simplemap.cc:420:simplemap_dff$11283 to $_DFFE_PP_ for $techmap\soc.cpu.$0\decoded_imm_j[31:0] [11] -> \soc.cpu.decoded_imm_j [11].
  converting $_DFF_P_ cell $auto$simplemap.cc:420:simplemap_dff$11284 to $_DFFE_PP_ for $techmap\soc.cpu.$0\decoded_imm_j[31:0] [12] -> \soc.cpu.decoded_imm_j [12].
  converting $_DFF_P_ cell $auto$simplemap.cc:420:simplemap_dff$11285 to $_DFFE_PP_ for $techmap\soc.cpu.$0\decoded_imm_j[31:0] [13] -> \soc.cpu.decoded_imm_j [13].
  converting $_DFF_P_ cell $auto$simplemap.cc:420:simplemap_dff$11286 to $_DFFE_PP_ for $techmap\soc.cpu.$0\decoded_imm_j[31:0] [14] -> \soc.cpu.decoded_imm_j [14].
  converting $_DFF_P_ cell $auto$simplemap.cc:420:simplemap_dff$11287 to $_DFFE_PP_ for $techmap\soc.cpu.$0\decoded_imm_j[31:0] [15] -> \soc.cpu.decoded_imm_j [15].
  converting $_DFF_P_ cell $auto$simplemap.cc:420:simplemap_dff$11288 to $_DFFE_PP_ for $techmap\soc.cpu.$0\decoded_imm_j[31:0] [16] -> \soc.cpu.decoded_imm_j [16].
  converting $_DFF_P_ cell $auto$simplemap.cc:420:simplemap_dff$11289 to $_DFFE_PP_ for $techmap\soc.cpu.$0\decoded_imm_j[31:0] [17] -> \soc.cpu.decoded_imm_j [17].
  converting $_DFF_P_ cell $auto$simplemap.cc:420:simplemap_dff$11290 to $_DFFE_PP_ for $techmap\soc.cpu.$0\decoded_imm_j[31:0] [18] -> \soc.cpu.decoded_imm_j [18].
  converting $_DFF_P_ cell $auto$simplemap.cc:420:simplemap_dff$11291 to $_DFFE_PP_ for $techmap\soc.cpu.$0\decoded_imm_j[31:0] [19] -> \soc.cpu.decoded_imm_j [19].
  converting $_DFF_P_ cell $auto$simplemap.cc:420:simplemap_dff$11292 to $_DFFE_PP_ for $techmap\soc.cpu.$0\decoded_imm_j[31:0] [20] -> \soc.cpu.decoded_imm_j [20].
  converting $_DFF_P_ cell $auto$simplemap.cc:420:simplemap_dff$11293 to $_DFFE_PP_ for $techmap\soc.cpu.$0\decoded_imm_j[31:0] [21] -> \soc.cpu.decoded_imm_j [21].
  converting $_DFF_P_ cell $auto$simplemap.cc:420:simplemap_dff$11294 to $_DFFE_PP_ for $techmap\soc.cpu.$0\decoded_imm_j[31:0] [22] -> \soc.cpu.decoded_imm_j [22].
  converting $_DFF_P_ cell $auto$simplemap.cc:420:simplemap_dff$11295 to $_DFFE_PP_ for $techmap\soc.cpu.$0\decoded_imm_j[31:0] [23] -> \soc.cpu.decoded_imm_j [23].
  converting $_DFF_P_ cell $auto$simplemap.cc:420:simplemap_dff$11296 to $_DFFE_PP_ for $techmap\soc.cpu.$0\decoded_imm_j[31:0] [24] -> \soc.cpu.decoded_imm_j [24].
  converting $_DFF_P_ cell $auto$simplemap.cc:420:simplemap_dff$11297 to $_DFFE_PP_ for $techmap\soc.cpu.$0\decoded_imm_j[31:0] [25] -> \soc.cpu.decoded_imm_j [25].
  converting $_DFF_P_ cell $auto$simplemap.cc:420:simplemap_dff$11298 to $_DFFE_PP_ for $techmap\soc.cpu.$0\decoded_imm_j[31:0] [26] -> \soc.cpu.decoded_imm_j [26].
  converting $_DFF_P_ cell $auto$simplemap.cc:420:simplemap_dff$11299 to $_DFFE_PP_ for $techmap\soc.cpu.$0\decoded_imm_j[31:0] [27] -> \soc.cpu.decoded_imm_j [27].
  converting $_DFF_P_ cell $auto$simplemap.cc:420:simplemap_dff$11300 to $_DFFE_PP_ for $techmap\soc.cpu.$0\decoded_imm_j[31:0] [28] -> \soc.cpu.decoded_imm_j [28].
  converting $_DFF_P_ cell $auto$simplemap.cc:420:simplemap_dff$11301 to $_DFFE_PP_ for $techmap\soc.cpu.$0\decoded_imm_j[31:0] [29] -> \soc.cpu.decoded_imm_j [29].
  converting $_DFF_P_ cell $auto$simplemap.cc:420:simplemap_dff$11302 to $_DFFE_PP_ for $techmap\soc.cpu.$0\decoded_imm_j[31:0] [30] -> \soc.cpu.decoded_imm_j [30].
  converting $_DFF_P_ cell $auto$simplemap.cc:420:simplemap_dff$11303 to $_DFFE_PP_ for $techmap\soc.cpu.$0\decoded_imm_j[31:0] [31] -> \soc.cpu.decoded_imm_j [31].
  converting $_DFF_P_ cell $auto$simplemap.cc:420:simplemap_dff$11304 to $_DFFE_PP_ for $techmap\soc.cpu.$0\decoded_imm[31:0] [0] -> \soc.cpu.decoded_imm [0].
  converting $_DFF_P_ cell $auto$simplemap.cc:420:simplemap_dff$11305 to $_DFFE_PP_ for $techmap\soc.cpu.$0\decoded_imm[31:0] [1] -> \soc.cpu.decoded_imm [1].
  converting $_DFF_P_ cell $auto$simplemap.cc:420:simplemap_dff$11306 to $_DFFE_PP_ for $techmap\soc.cpu.$0\decoded_imm[31:0] [2] -> \soc.cpu.decoded_imm [2].
  converting $_DFF_P_ cell $auto$simplemap.cc:420:simplemap_dff$11307 to $_DFFE_PP_ for $techmap\soc.cpu.$0\decoded_imm[31:0] [3] -> \soc.cpu.decoded_imm [3].
  converting $_DFF_P_ cell $auto$simplemap.cc:420:simplemap_dff$11308 to $_DFFE_PP_ for $techmap\soc.cpu.$0\decoded_imm[31:0] [4] -> \soc.cpu.decoded_imm [4].
  converting $_DFF_P_ cell $auto$simplemap.cc:420:simplemap_dff$11309 to $_DFFE_PP_ for $techmap\soc.cpu.$0\decoded_imm[31:0] [5] -> \soc.cpu.decoded_imm [5].
  converting $_DFF_P_ cell $auto$simplemap.cc:420:simplemap_dff$11310 to $_DFFE_PP_ for $techmap\soc.cpu.$0\decoded_imm[31:0] [6] -> \soc.cpu.decoded_imm [6].
  converting $_DFF_P_ cell $auto$simplemap.cc:420:simplemap_dff$11311 to $_DFFE_PP_ for $techmap\soc.cpu.$0\decoded_imm[31:0] [7] -> \soc.cpu.decoded_imm [7].
  converting $_DFF_P_ cell $auto$simplemap.cc:420:simplemap_dff$11312 to $_DFFE_PP_ for $techmap\soc.cpu.$0\decoded_imm[31:0] [8] -> \soc.cpu.decoded_imm [8].
  converting $_DFF_P_ cell $auto$simplemap.cc:420:simplemap_dff$11313 to $_DFFE_PP_ for $techmap\soc.cpu.$0\decoded_imm[31:0] [9] -> \soc.cpu.decoded_imm [9].
  converting $_DFF_P_ cell $auto$simplemap.cc:420:simplemap_dff$11314 to $_DFFE_PP_ for $techmap\soc.cpu.$0\decoded_imm[31:0] [10] -> \soc.cpu.decoded_imm [10].
  converting $_DFF_P_ cell $auto$simplemap.cc:420:simplemap_dff$11315 to $_DFFE_PP_ for $techmap\soc.cpu.$0\decoded_imm[31:0] [11] -> \soc.cpu.decoded_imm [11].
  converting $_DFF_P_ cell $auto$simplemap.cc:420:simplemap_dff$11316 to $_DFFE_PP_ for $techmap\soc.cpu.$0\decoded_imm[31:0] [12] -> \soc.cpu.decoded_imm [12].
  converting $_DFF_P_ cell $auto$simplemap.cc:420:simplemap_dff$11317 to $_DFFE_PP_ for $techmap\soc.cpu.$0\decoded_imm[31:0] [13] -> \soc.cpu.decoded_imm [13].
  converting $_DFF_P_ cell $auto$simplemap.cc:420:simplemap_dff$11318 to $_DFFE_PP_ for $techmap\soc.cpu.$0\decoded_imm[31:0] [14] -> \soc.cpu.decoded_imm [14].
  converting $_DFF_P_ cell $auto$simplemap.cc:420:simplemap_dff$11319 to $_DFFE_PP_ for $techmap\soc.cpu.$0\decoded_imm[31:0] [15] -> \soc.cpu.decoded_imm [15].
  converting $_DFF_P_ cell $auto$simplemap.cc:420:simplemap_dff$11320 to $_DFFE_PP_ for $techmap\soc.cpu.$0\decoded_imm[31:0] [16] -> \soc.cpu.decoded_imm [16].
  converting $_DFF_P_ cell $auto$simplemap.cc:420:simplemap_dff$11321 to $_DFFE_PP_ for $techmap\soc.cpu.$0\decoded_imm[31:0] [17] -> \soc.cpu.decoded_imm [17].
  converting $_DFF_P_ cell $auto$simplemap.cc:420:simplemap_dff$11322 to $_DFFE_PP_ for $techmap\soc.cpu.$0\decoded_imm[31:0] [18] -> \soc.cpu.decoded_imm [18].
  converting $_DFF_P_ cell $auto$simplemap.cc:420:simplemap_dff$11323 to $_DFFE_PP_ for $techmap\soc.cpu.$0\decoded_imm[31:0] [19] -> \soc.cpu.decoded_imm [19].
  converting $_DFF_P_ cell $auto$simplemap.cc:420:simplemap_dff$11324 to $_DFFE_PP_ for $techmap\soc.cpu.$0\decoded_imm[31:0] [20] -> \soc.cpu.decoded_imm [20].
  converting $_DFF_P_ cell $auto$simplemap.cc:420:simplemap_dff$11325 to $_DFFE_PP_ for $techmap\soc.cpu.$0\decoded_imm[31:0] [21] -> \soc.cpu.decoded_imm [21].
  converting $_DFF_P_ cell $auto$simplemap.cc:420:simplemap_dff$11326 to $_DFFE_PP_ for $techmap\soc.cpu.$0\decoded_imm[31:0] [22] -> \soc.cpu.decoded_imm [22].
  converting $_DFF_P_ cell $auto$simplemap.cc:420:simplemap_dff$11327 to $_DFFE_PP_ for $techmap\soc.cpu.$0\decoded_imm[31:0] [23] -> \soc.cpu.decoded_imm [23].
  converting $_DFF_P_ cell $auto$simplemap.cc:420:simplemap_dff$11328 to $_DFFE_PP_ for $techmap\soc.cpu.$0\decoded_imm[31:0] [24] -> \soc.cpu.decoded_imm [24].
  converting $_DFF_P_ cell $auto$simplemap.cc:420:simplemap_dff$11329 to $_DFFE_PP_ for $techmap\soc.cpu.$0\decoded_imm[31:0] [25] -> \soc.cpu.decoded_imm [25].
  converting $_DFF_P_ cell $auto$simplemap.cc:420:simplemap_dff$11330 to $_DFFE_PP_ for $techmap\soc.cpu.$0\decoded_imm[31:0] [26] -> \soc.cpu.decoded_imm [26].
  converting $_DFF_P_ cell $auto$simplemap.cc:420:simplemap_dff$11331 to $_DFFE_PP_ for $techmap\soc.cpu.$0\decoded_imm[31:0] [27] -> \soc.cpu.decoded_imm [27].
  converting $_DFF_P_ cell $auto$simplemap.cc:420:simplemap_dff$11332 to $_DFFE_PP_ for $techmap\soc.cpu.$0\decoded_imm[31:0] [28] -> \soc.cpu.decoded_imm [28].
  converting $_DFF_P_ cell $auto$simplemap.cc:420:simplemap_dff$11333 to $_DFFE_PP_ for $techmap\soc.cpu.$0\decoded_imm[31:0] [29] -> \soc.cpu.decoded_imm [29].
  converting $_DFF_P_ cell $auto$simplemap.cc:420:simplemap_dff$11334 to $_DFFE_PP_ for $techmap\soc.cpu.$0\decoded_imm[31:0] [30] -> \soc.cpu.decoded_imm [30].
  converting $_DFF_P_ cell $auto$simplemap.cc:420:simplemap_dff$11335 to $_DFFE_PP_ for $techmap\soc.cpu.$0\decoded_imm[31:0] [31] -> \soc.cpu.decoded_imm [31].
  converting $_DFF_P_ cell $auto$simplemap.cc:420:simplemap_dff$11346 to $_DFFE_PP_ for $techmap\soc.cpu.$0\decoded_rd[4:0] [0] -> \soc.cpu.decoded_rd [0].
  converting $_DFF_P_ cell $auto$simplemap.cc:420:simplemap_dff$11347 to $_DFFE_PP_ for $techmap\soc.cpu.$0\decoded_rd[4:0] [1] -> \soc.cpu.decoded_rd [1].
  converting $_DFF_P_ cell $auto$simplemap.cc:420:simplemap_dff$11348 to $_DFFE_PP_ for $techmap\soc.cpu.$0\decoded_rd[4:0] [2] -> \soc.cpu.decoded_rd [2].
  converting $_DFF_P_ cell $auto$simplemap.cc:420:simplemap_dff$11349 to $_DFFE_PP_ for $techmap\soc.cpu.$0\decoded_rd[4:0] [3] -> \soc.cpu.decoded_rd [3].
  converting $_DFF_P_ cell $auto$simplemap.cc:420:simplemap_dff$11350 to $_DFFE_PP_ for $techmap\soc.cpu.$0\decoded_rd[4:0] [4] -> \soc.cpu.decoded_rd [4].
  converting $_DFF_P_ cell $auto$simplemap.cc:420:simplemap_dff$11351 to $_DFFE_PP_ for $techmap\soc.cpu.$0\instr_timer[0:0] -> \soc.cpu.instr_timer.
  converting $_DFF_P_ cell $auto$simplemap.cc:420:simplemap_dff$11352 to $_DFFE_PP_ for $techmap\soc.cpu.$0\instr_waitirq[0:0] -> \soc.cpu.instr_waitirq.
  converting $_DFF_P_ cell $auto$simplemap.cc:420:simplemap_dff$11353 to $_DFFE_PP_ for $techmap\soc.cpu.$0\instr_maskirq[0:0] -> \soc.cpu.instr_maskirq.
  converting $_DFF_P_ cell $auto$simplemap.cc:420:simplemap_dff$11354 to $_DFFE_PP_ for $techmap\soc.cpu.$0\instr_retirq[0:0] -> \soc.cpu.instr_retirq.
  converting $_DFF_P_ cell $auto$simplemap.cc:420:simplemap_dff$11355 to $_DFFE_PP_ for $techmap\soc.cpu.$0\instr_fence[0:0] -> \soc.cpu.instr_fence.
  converting $_DFF_P_ cell $auto$simplemap.cc:420:simplemap_dff$11357 to $_DFFE_PP_ for $techmap\soc.cpu.$0\instr_and[0:0] -> \soc.cpu.instr_and.
  converting $_DFF_P_ cell $auto$simplemap.cc:420:simplemap_dff$11358 to $_DFFE_PP_ for $techmap\soc.cpu.$0\instr_or[0:0] -> \soc.cpu.instr_or.
  converting $_DFF_P_ cell $auto$simplemap.cc:420:simplemap_dff$11359 to $_DFFE_PP_ for $techmap\soc.cpu.$0\instr_sra[0:0] -> \soc.cpu.instr_sra.
  converting $_DFF_P_ cell $auto$simplemap.cc:420:simplemap_dff$11360 to $_DFFE_PP_ for $techmap\soc.cpu.$0\instr_srl[0:0] -> \soc.cpu.instr_srl.
  converting $_DFF_P_ cell $auto$simplemap.cc:420:simplemap_dff$11361 to $_DFFE_PP_ for $techmap\soc.cpu.$0\instr_xor[0:0] -> \soc.cpu.instr_xor.
  converting $_DFF_P_ cell $auto$simplemap.cc:420:simplemap_dff$11362 to $_DFFE_PP_ for $techmap\soc.cpu.$0\instr_sltu[0:0] -> \soc.cpu.instr_sltu.
  converting $_DFF_P_ cell $auto$simplemap.cc:420:simplemap_dff$11363 to $_DFFE_PP_ for $techmap\soc.cpu.$0\instr_slt[0:0] -> \soc.cpu.instr_slt.
  converting $_DFF_P_ cell $auto$simplemap.cc:420:simplemap_dff$11364 to $_DFFE_PP_ for $techmap\soc.cpu.$0\instr_sll[0:0] -> \soc.cpu.instr_sll.
  converting $_DFF_P_ cell $auto$simplemap.cc:420:simplemap_dff$11365 to $_DFFE_PP_ for $techmap\soc.cpu.$0\instr_sub[0:0] -> \soc.cpu.instr_sub.
  converting $_DFF_P_ cell $auto$simplemap.cc:420:simplemap_dff$11366 to $_DFFE_PP_ for $techmap\soc.cpu.$0\instr_add[0:0] -> \soc.cpu.instr_add.
  converting $_DFF_P_ cell $auto$simplemap.cc:420:simplemap_dff$11367 to $_DFFE_PP_ for $techmap\soc.cpu.$0\instr_srai[0:0] -> \soc.cpu.instr_srai.
  converting $_DFF_P_ cell $auto$simplemap.cc:420:simplemap_dff$11368 to $_DFFE_PP_ for $techmap\soc.cpu.$0\instr_srli[0:0] -> \soc.cpu.instr_srli.
  converting $_DFF_P_ cell $auto$simplemap.cc:420:simplemap_dff$11369 to $_DFFE_PP_ for $techmap\soc.cpu.$0\instr_slli[0:0] -> \soc.cpu.instr_slli.
  converting $_DFF_P_ cell $auto$simplemap.cc:420:simplemap_dff$11370 to $_DFFE_PP_ for $techmap\soc.cpu.$0\instr_andi[0:0] -> \soc.cpu.instr_andi.
  converting $_DFF_P_ cell $auto$simplemap.cc:420:simplemap_dff$11371 to $_DFFE_PP_ for $techmap\soc.cpu.$0\instr_ori[0:0] -> \soc.cpu.instr_ori.
  converting $_DFF_P_ cell $auto$simplemap.cc:420:simplemap_dff$11372 to $_DFFE_PP_ for $techmap\soc.cpu.$0\instr_xori[0:0] -> \soc.cpu.instr_xori.
  converting $_DFF_P_ cell $auto$simplemap.cc:420:simplemap_dff$11373 to $_DFFE_PP_ for $techmap\soc.cpu.$0\instr_sltiu[0:0] -> \soc.cpu.instr_sltiu.
  converting $_DFF_P_ cell $auto$simplemap.cc:420:simplemap_dff$11374 to $_DFFE_PP_ for $techmap\soc.cpu.$0\instr_slti[0:0] -> \soc.cpu.instr_slti.
  converting $_DFF_P_ cell $auto$simplemap.cc:420:simplemap_dff$11375 to $_DFFE_PP_ for $techmap\soc.cpu.$0\instr_addi[0:0] -> \soc.cpu.instr_addi.
  converting $_DFF_P_ cell $auto$simplemap.cc:420:simplemap_dff$11376 to $_DFFE_PP_ for $techmap\soc.cpu.$0\instr_sw[0:0] -> \soc.cpu.instr_sw.
  converting $_DFF_P_ cell $auto$simplemap.cc:420:simplemap_dff$11377 to $_DFFE_PP_ for $techmap\soc.cpu.$0\instr_sh[0:0] -> \soc.cpu.instr_sh.
  converting $_DFF_P_ cell $auto$simplemap.cc:420:simplemap_dff$11378 to $_DFFE_PP_ for $techmap\soc.cpu.$0\instr_sb[0:0] -> \soc.cpu.instr_sb.
  converting $_DFF_P_ cell $auto$simplemap.cc:420:simplemap_dff$11379 to $_DFFE_PP_ for $techmap\soc.cpu.$0\instr_lhu[0:0] -> \soc.cpu.instr_lhu.
  converting $_DFF_P_ cell $auto$simplemap.cc:420:simplemap_dff$11380 to $_DFFE_PP_ for $techmap\soc.cpu.$0\instr_lbu[0:0] -> \soc.cpu.instr_lbu.
  converting $_DFF_P_ cell $auto$simplemap.cc:420:simplemap_dff$11381 to $_DFFE_PP_ for $techmap\soc.cpu.$0\instr_lw[0:0] -> \soc.cpu.instr_lw.
  converting $_DFF_P_ cell $auto$simplemap.cc:420:simplemap_dff$11382 to $_DFFE_PP_ for $techmap\soc.cpu.$0\instr_lh[0:0] -> \soc.cpu.instr_lh.
  converting $_DFF_P_ cell $auto$simplemap.cc:420:simplemap_dff$11383 to $_DFFE_PP_ for $techmap\soc.cpu.$0\instr_lb[0:0] -> \soc.cpu.instr_lb.
  converting $_DFF_P_ cell $auto$simplemap.cc:420:simplemap_dff$11384 to $_DFFE_PP_ for $techmap\soc.cpu.$0\instr_bgeu[0:0] -> \soc.cpu.instr_bgeu.
  converting $_DFF_P_ cell $auto$simplemap.cc:420:simplemap_dff$11385 to $_DFFE_PP_ for $techmap\soc.cpu.$0\instr_bltu[0:0] -> \soc.cpu.instr_bltu.
  converting $_DFF_P_ cell $auto$simplemap.cc:420:simplemap_dff$11386 to $_DFFE_PP_ for $techmap\soc.cpu.$0\instr_bge[0:0] -> \soc.cpu.instr_bge.
  converting $_DFF_P_ cell $auto$simplemap.cc:420:simplemap_dff$11387 to $_DFFE_PP_ for $techmap\soc.cpu.$0\instr_blt[0:0] -> \soc.cpu.instr_blt.
  converting $_DFF_P_ cell $auto$simplemap.cc:420:simplemap_dff$11388 to $_DFFE_PP_ for $techmap\soc.cpu.$0\instr_bne[0:0] -> \soc.cpu.instr_bne.
  converting $_DFF_P_ cell $auto$simplemap.cc:420:simplemap_dff$11389 to $_DFFE_PP_ for $techmap\soc.cpu.$0\instr_beq[0:0] -> \soc.cpu.instr_beq.
  converting $_DFF_P_ cell $auto$simplemap.cc:420:simplemap_dff$11390 to $_DFFE_PP_ for $techmap\soc.cpu.$0\instr_jalr[0:0] -> \soc.cpu.instr_jalr.
  converting $_DFF_P_ cell $auto$simplemap.cc:420:simplemap_dff$11391 to $_DFFE_PP_ for $techmap\soc.cpu.$0\instr_jal[0:0] -> \soc.cpu.instr_jal.
  converting $_DFF_P_ cell $auto$simplemap.cc:420:simplemap_dff$11392 to $_DFFE_PP_ for $techmap\soc.cpu.$0\instr_auipc[0:0] -> \soc.cpu.instr_auipc.
  converting $_DFF_P_ cell $auto$simplemap.cc:420:simplemap_dff$11393 to $_DFFE_PP_ for $techmap\soc.cpu.$0\instr_lui[0:0] -> \soc.cpu.instr_lui.
  converting $_DFF_P_ cell $auto$simplemap.cc:420:simplemap_dff$11428 to $_DFFE_PP_ for $techmap\soc.cpu.$0\latched_rd[4:0] [0] -> \soc.cpu.latched_rd [0].
  converting $_DFF_P_ cell $auto$simplemap.cc:420:simplemap_dff$11429 to $_DFFE_PP_ for $techmap\soc.cpu.$0\latched_rd[4:0] [1] -> \soc.cpu.latched_rd [1].
  converting $_DFF_P_ cell $auto$simplemap.cc:420:simplemap_dff$11430 to $_DFFE_PP_ for $techmap\soc.cpu.$0\latched_rd[4:0] [2] -> \soc.cpu.latched_rd [2].
  converting $_DFF_P_ cell $auto$simplemap.cc:420:simplemap_dff$11431 to $_DFFE_PP_ for $techmap\soc.cpu.$0\latched_rd[4:0] [3] -> \soc.cpu.latched_rd [3].
  converting $_DFF_P_ cell $auto$simplemap.cc:420:simplemap_dff$11432 to $_DFFE_PP_ for $techmap\soc.cpu.$0\latched_rd[4:0] [4] -> \soc.cpu.latched_rd [4].
  converting $_DFF_P_ cell $auto$simplemap.cc:420:simplemap_dff$11433 to $_DFFE_PP_ for $techmap\soc.cpu.$0\latched_is_lb[0:0] -> \soc.cpu.latched_is_lb.
  converting $_DFF_P_ cell $auto$simplemap.cc:420:simplemap_dff$11434 to $_DFFE_PP_ for $techmap\soc.cpu.$0\latched_is_lh[0:0] -> \soc.cpu.latched_is_lh.
  converting $_DFF_P_ cell $auto$simplemap.cc:420:simplemap_dff$11435 to $_DFFE_PP_ for $techmap\soc.cpu.$0\latched_compr[0:0] -> \soc.cpu.latched_compr.
  converting $_DFF_P_ cell $auto$simplemap.cc:420:simplemap_dff$11436 to $_DFFE_PP_ for $techmap\soc.cpu.$0\latched_branch[0:0] -> \soc.cpu.latched_branch.
  converting $_DFF_P_ cell $auto$simplemap.cc:420:simplemap_dff$11437 to $_DFFE_PP_ for $techmap\soc.cpu.$0\latched_stalu[0:0] -> \soc.cpu.latched_stalu.
  converting $_DFF_P_ cell $auto$simplemap.cc:420:simplemap_dff$11438 to $_DFFE_PP_ for $techmap\soc.cpu.$0\latched_store[0:0] -> \soc.cpu.latched_store.
  converting $_DFF_P_ cell $auto$simplemap.cc:420:simplemap_dff$11439 to $_DFFE_PP_ for $techmap\soc.cpu.$0\irq_state[1:0] [0] -> \soc.cpu.irq_state [0].
  converting $_DFF_P_ cell $auto$simplemap.cc:420:simplemap_dff$11440 to $_DFFE_PP_ for $techmap\soc.cpu.$0\irq_state[1:0] [1] -> \soc.cpu.irq_state [1].
  converting $_DFF_P_ cell $auto$simplemap.cc:420:simplemap_dff$11443 to $_DFFE_PP_ for $techmap\soc.cpu.$0\mem_do_wdata[0:0] -> \soc.cpu.mem_do_wdata.
  converting $_DFF_P_ cell $auto$simplemap.cc:420:simplemap_dff$11444 to $_DFFE_PP_ for $techmap\soc.cpu.$0\mem_do_rdata[0:0] -> \soc.cpu.mem_do_rdata.
  converting $_DFF_P_ cell $auto$simplemap.cc:420:simplemap_dff$11445 to $_DFFE_PP_ for $techmap\soc.cpu.$0\mem_do_rinst[0:0] -> \soc.cpu.mem_do_rinst.
  converting $_DFF_P_ cell $auto$simplemap.cc:420:simplemap_dff$11446 to $_DFFE_PP_ for $techmap\soc.cpu.$0\mem_do_prefetch[0:0] -> \soc.cpu.mem_do_prefetch.
  converting $_DFF_P_ cell $auto$simplemap.cc:420:simplemap_dff$11447 to $_DFFE_PP_ for $techmap\soc.cpu.$0\mem_wordsize[1:0] [0] -> \soc.cpu.mem_wordsize [0].
  converting $_DFF_P_ cell $auto$simplemap.cc:420:simplemap_dff$11448 to $_DFFE_PP_ for $techmap\soc.cpu.$0\mem_wordsize[1:0] [1] -> \soc.cpu.mem_wordsize [1].
  converting $_DFF_P_ cell $auto$simplemap.cc:420:simplemap_dff$11482 to $_DFFE_PP_ for $techmap\soc.cpu.$0\irq_pending[31:0] [1] -> \soc.cpu.irq_pending [1].
  converting $_DFF_P_ cell $auto$simplemap.cc:420:simplemap_dff$11484 to $_DFFE_PP_ for $techmap\soc.cpu.$0\irq_pending[31:0] [3] -> \soc.cpu.irq_pending [3].
  converting $_DFF_P_ cell $auto$simplemap.cc:420:simplemap_dff$11485 to $_DFFE_PP_ for $techmap\soc.cpu.$0\irq_pending[31:0] [4] -> \soc.cpu.irq_pending [4].
  converting $_DFF_P_ cell $auto$simplemap.cc:420:simplemap_dff$11486 to $_DFFE_PP_ for $techmap\soc.cpu.$0\irq_pending[31:0] [5] -> \soc.cpu.irq_pending [5].
  converting $_DFF_P_ cell $auto$simplemap.cc:420:simplemap_dff$11487 to $_DFFE_PP_ for $techmap\soc.cpu.$0\irq_pending[31:0] [6] -> \soc.cpu.irq_pending [6].
  converting $_DFF_P_ cell $auto$simplemap.cc:420:simplemap_dff$11488 to $_DFFE_PP_ for $techmap\soc.cpu.$0\irq_pending[31:0] [7] -> \soc.cpu.irq_pending [7].
  converting $_DFF_P_ cell $auto$simplemap.cc:420:simplemap_dff$11489 to $_DFFE_PP_ for $techmap\soc.cpu.$0\irq_pending[31:0] [8] -> \soc.cpu.irq_pending [8].
  converting $_DFF_P_ cell $auto$simplemap.cc:420:simplemap_dff$11490 to $_DFFE_PP_ for $techmap\soc.cpu.$0\irq_pending[31:0] [9] -> \soc.cpu.irq_pending [9].
  converting $_DFF_P_ cell $auto$simplemap.cc:420:simplemap_dff$11491 to $_DFFE_PP_ for $techmap\soc.cpu.$0\irq_pending[31:0] [10] -> \soc.cpu.irq_pending [10].
  converting $_DFF_P_ cell $auto$simplemap.cc:420:simplemap_dff$11492 to $_DFFE_PP_ for $techmap\soc.cpu.$0\irq_pending[31:0] [11] -> \soc.cpu.irq_pending [11].
  converting $_DFF_P_ cell $auto$simplemap.cc:420:simplemap_dff$11493 to $_DFFE_PP_ for $techmap\soc.cpu.$0\irq_pending[31:0] [12] -> \soc.cpu.irq_pending [12].
  converting $_DFF_P_ cell $auto$simplemap.cc:420:simplemap_dff$11494 to $_DFFE_PP_ for $techmap\soc.cpu.$0\irq_pending[31:0] [13] -> \soc.cpu.irq_pending [13].
  converting $_DFF_P_ cell $auto$simplemap.cc:420:simplemap_dff$11495 to $_DFFE_PP_ for $techmap\soc.cpu.$0\irq_pending[31:0] [14] -> \soc.cpu.irq_pending [14].
  converting $_DFF_P_ cell $auto$simplemap.cc:420:simplemap_dff$11496 to $_DFFE_PP_ for $techmap\soc.cpu.$0\irq_pending[31:0] [15] -> \soc.cpu.irq_pending [15].
  converting $_DFF_P_ cell $auto$simplemap.cc:420:simplemap_dff$11497 to $_DFFE_PP_ for $techmap\soc.cpu.$0\irq_pending[31:0] [16] -> \soc.cpu.irq_pending [16].
  converting $_DFF_P_ cell $auto$simplemap.cc:420:simplemap_dff$11498 to $_DFFE_PP_ for $techmap\soc.cpu.$0\irq_pending[31:0] [17] -> \soc.cpu.irq_pending [17].
  converting $_DFF_P_ cell $auto$simplemap.cc:420:simplemap_dff$11499 to $_DFFE_PP_ for $techmap\soc.cpu.$0\irq_pending[31:0] [18] -> \soc.cpu.irq_pending [18].
  converting $_DFF_P_ cell $auto$simplemap.cc:420:simplemap_dff$11500 to $_DFFE_PP_ for $techmap\soc.cpu.$0\irq_pending[31:0] [19] -> \soc.cpu.irq_pending [19].
  converting $_DFF_P_ cell $auto$simplemap.cc:420:simplemap_dff$11501 to $_DFFE_PP_ for $techmap\soc.cpu.$0\irq_pending[31:0] [20] -> \soc.cpu.irq_pending [20].
  converting $_DFF_P_ cell $auto$simplemap.cc:420:simplemap_dff$11502 to $_DFFE_PP_ for $techmap\soc.cpu.$0\irq_pending[31:0] [21] -> \soc.cpu.irq_pending [21].
  converting $_DFF_P_ cell $auto$simplemap.cc:420:simplemap_dff$11503 to $_DFFE_PP_ for $techmap\soc.cpu.$0\irq_pending[31:0] [22] -> \soc.cpu.irq_pending [22].
  converting $_DFF_P_ cell $auto$simplemap.cc:420:simplemap_dff$11504 to $_DFFE_PP_ for $techmap\soc.cpu.$0\irq_pending[31:0] [23] -> \soc.cpu.irq_pending [23].
  converting $_DFF_P_ cell $auto$simplemap.cc:420:simplemap_dff$11505 to $_DFFE_PP_ for $techmap\soc.cpu.$0\irq_pending[31:0] [24] -> \soc.cpu.irq_pending [24].
  converting $_DFF_P_ cell $auto$simplemap.cc:420:simplemap_dff$11506 to $_DFFE_PP_ for $techmap\soc.cpu.$0\irq_pending[31:0] [25] -> \soc.cpu.irq_pending [25].
  converting $_DFF_P_ cell $auto$simplemap.cc:420:simplemap_dff$11507 to $_DFFE_PP_ for $techmap\soc.cpu.$0\irq_pending[31:0] [26] -> \soc.cpu.irq_pending [26].
  converting $_DFF_P_ cell $auto$simplemap.cc:420:simplemap_dff$11508 to $_DFFE_PP_ for $techmap\soc.cpu.$0\irq_pending[31:0] [27] -> \soc.cpu.irq_pending [27].
  converting $_DFF_P_ cell $auto$simplemap.cc:420:simplemap_dff$11509 to $_DFFE_PP_ for $techmap\soc.cpu.$0\irq_pending[31:0] [28] -> \soc.cpu.irq_pending [28].
  converting $_DFF_P_ cell $auto$simplemap.cc:420:simplemap_dff$11510 to $_DFFE_PP_ for $techmap\soc.cpu.$0\irq_pending[31:0] [29] -> \soc.cpu.irq_pending [29].
  converting $_DFF_P_ cell $auto$simplemap.cc:420:simplemap_dff$11511 to $_DFFE_PP_ for $techmap\soc.cpu.$0\irq_pending[31:0] [30] -> \soc.cpu.irq_pending [30].
  converting $_DFF_P_ cell $auto$simplemap.cc:420:simplemap_dff$11512 to $_DFFE_PP_ for $techmap\soc.cpu.$0\irq_pending[31:0] [31] -> \soc.cpu.irq_pending [31].
  converting $_DFF_P_ cell $auto$simplemap.cc:420:simplemap_dff$11513 to $_DFFE_PP_ for $techmap\soc.cpu.$0\irq_mask[31:0] [0] -> \soc.cpu.irq_mask [0].
  converting $_DFF_P_ cell $auto$simplemap.cc:420:simplemap_dff$11514 to $_DFFE_PP_ for $techmap\soc.cpu.$0\irq_mask[31:0] [1] -> \soc.cpu.irq_mask [1].
  converting $_DFF_P_ cell $auto$simplemap.cc:420:simplemap_dff$11515 to $_DFFE_PP_ for $techmap\soc.cpu.$0\irq_mask[31:0] [2] -> \soc.cpu.irq_mask [2].
  converting $_DFF_P_ cell $auto$simplemap.cc:420:simplemap_dff$11516 to $_DFFE_PP_ for $techmap\soc.cpu.$0\irq_mask[31:0] [3] -> \soc.cpu.irq_mask [3].
  converting $_DFF_P_ cell $auto$simplemap.cc:420:simplemap_dff$11517 to $_DFFE_PP_ for $techmap\soc.cpu.$0\irq_mask[31:0] [4] -> \soc.cpu.irq_mask [4].
  converting $_DFF_P_ cell $auto$simplemap.cc:420:simplemap_dff$11518 to $_DFFE_PP_ for $techmap\soc.cpu.$0\irq_mask[31:0] [5] -> \soc.cpu.irq_mask [5].
  converting $_DFF_P_ cell $auto$simplemap.cc:420:simplemap_dff$11519 to $_DFFE_PP_ for $techmap\soc.cpu.$0\irq_mask[31:0] [6] -> \soc.cpu.irq_mask [6].
  converting $_DFF_P_ cell $auto$simplemap.cc:420:simplemap_dff$11520 to $_DFFE_PP_ for $techmap\soc.cpu.$0\irq_mask[31:0] [7] -> \soc.cpu.irq_mask [7].
  converting $_DFF_P_ cell $auto$simplemap.cc:420:simplemap_dff$11521 to $_DFFE_PP_ for $techmap\soc.cpu.$0\irq_mask[31:0] [8] -> \soc.cpu.irq_mask [8].
  converting $_DFF_P_ cell $auto$simplemap.cc:420:simplemap_dff$11522 to $_DFFE_PP_ for $techmap\soc.cpu.$0\irq_mask[31:0] [9] -> \soc.cpu.irq_mask [9].
  converting $_DFF_P_ cell $auto$simplemap.cc:420:simplemap_dff$11523 to $_DFFE_PP_ for $techmap\soc.cpu.$0\irq_mask[31:0] [10] -> \soc.cpu.irq_mask [10].
  converting $_DFF_P_ cell $auto$simplemap.cc:420:simplemap_dff$11524 to $_DFFE_PP_ for $techmap\soc.cpu.$0\irq_mask[31:0] [11] -> \soc.cpu.irq_mask [11].
  converting $_DFF_P_ cell $auto$simplemap.cc:420:simplemap_dff$11525 to $_DFFE_PP_ for $techmap\soc.cpu.$0\irq_mask[31:0] [12] -> \soc.cpu.irq_mask [12].
  converting $_DFF_P_ cell $auto$simplemap.cc:420:simplemap_dff$11526 to $_DFFE_PP_ for $techmap\soc.cpu.$0\irq_mask[31:0] [13] -> \soc.cpu.irq_mask [13].
  converting $_DFF_P_ cell $auto$simplemap.cc:420:simplemap_dff$11527 to $_DFFE_PP_ for $techmap\soc.cpu.$0\irq_mask[31:0] [14] -> \soc.cpu.irq_mask [14].
  converting $_DFF_P_ cell $auto$simplemap.cc:420:simplemap_dff$11528 to $_DFFE_PP_ for $techmap\soc.cpu.$0\irq_mask[31:0] [15] -> \soc.cpu.irq_mask [15].
  converting $_DFF_P_ cell $auto$simplemap.cc:420:simplemap_dff$11529 to $_DFFE_PP_ for $techmap\soc.cpu.$0\irq_mask[31:0] [16] -> \soc.cpu.irq_mask [16].
  converting $_DFF_P_ cell $auto$simplemap.cc:420:simplemap_dff$11530 to $_DFFE_PP_ for $techmap\soc.cpu.$0\irq_mask[31:0] [17] -> \soc.cpu.irq_mask [17].
  converting $_DFF_P_ cell $auto$simplemap.cc:420:simplemap_dff$11531 to $_DFFE_PP_ for $techmap\soc.cpu.$0\irq_mask[31:0] [18] -> \soc.cpu.irq_mask [18].
  converting $_DFF_P_ cell $auto$simplemap.cc:420:simplemap_dff$11532 to $_DFFE_PP_ for $techmap\soc.cpu.$0\irq_mask[31:0] [19] -> \soc.cpu.irq_mask [19].
  converting $_DFF_P_ cell $auto$simplemap.cc:420:simplemap_dff$11533 to $_DFFE_PP_ for $techmap\soc.cpu.$0\irq_mask[31:0] [20] -> \soc.cpu.irq_mask [20].
  converting $_DFF_P_ cell $auto$simplemap.cc:420:simplemap_dff$11534 to $_DFFE_PP_ for $techmap\soc.cpu.$0\irq_mask[31:0] [21] -> \soc.cpu.irq_mask [21].
  converting $_DFF_P_ cell $auto$simplemap.cc:420:simplemap_dff$11535 to $_DFFE_PP_ for $techmap\soc.cpu.$0\irq_mask[31:0] [22] -> \soc.cpu.irq_mask [22].
  converting $_DFF_P_ cell $auto$simplemap.cc:420:simplemap_dff$11536 to $_DFFE_PP_ for $techmap\soc.cpu.$0\irq_mask[31:0] [23] -> \soc.cpu.irq_mask [23].
  converting $_DFF_P_ cell $auto$simplemap.cc:420:simplemap_dff$11537 to $_DFFE_PP_ for $techmap\soc.cpu.$0\irq_mask[31:0] [24] -> \soc.cpu.irq_mask [24].
  converting $_DFF_P_ cell $auto$simplemap.cc:420:simplemap_dff$11538 to $_DFFE_PP_ for $techmap\soc.cpu.$0\irq_mask[31:0] [25] -> \soc.cpu.irq_mask [25].
  converting $_DFF_P_ cell $auto$simplemap.cc:420:simplemap_dff$11539 to $_DFFE_PP_ for $techmap\soc.cpu.$0\irq_mask[31:0] [26] -> \soc.cpu.irq_mask [26].
  converting $_DFF_P_ cell $auto$simplemap.cc:420:simplemap_dff$11540 to $_DFFE_PP_ for $techmap\soc.cpu.$0\irq_mask[31:0] [27] -> \soc.cpu.irq_mask [27].
  converting $_DFF_P_ cell $auto$simplemap.cc:420:simplemap_dff$11541 to $_DFFE_PP_ for $techmap\soc.cpu.$0\irq_mask[31:0] [28] -> \soc.cpu.irq_mask [28].
  converting $_DFF_P_ cell $auto$simplemap.cc:420:simplemap_dff$11542 to $_DFFE_PP_ for $techmap\soc.cpu.$0\irq_mask[31:0] [29] -> \soc.cpu.irq_mask [29].
  converting $_DFF_P_ cell $auto$simplemap.cc:420:simplemap_dff$11543 to $_DFFE_PP_ for $techmap\soc.cpu.$0\irq_mask[31:0] [30] -> \soc.cpu.irq_mask [30].
  converting $_DFF_P_ cell $auto$simplemap.cc:420:simplemap_dff$11544 to $_DFFE_PP_ for $techmap\soc.cpu.$0\irq_mask[31:0] [31] -> \soc.cpu.irq_mask [31].
  converting $_DFF_P_ cell $auto$simplemap.cc:420:simplemap_dff$11545 to $_DFFE_PP_ for $techmap\soc.cpu.$0\irq_active[0:0] -> \soc.cpu.irq_active.
  converting $_DFF_P_ cell $auto$simplemap.cc:420:simplemap_dff$11546 to $_DFFE_PP_ for $techmap\soc.cpu.$0\irq_delay[0:0] -> \soc.cpu.irq_delay.
  converting $_DFF_P_ cell $auto$simplemap.cc:420:simplemap_dff$11548 to $_DFFE_PP_ for $techmap\soc.cpu.$0\reg_sh[4:0] [1] -> \soc.cpu.reg_sh [1].
  converting $_DFF_P_ cell $auto$simplemap.cc:420:simplemap_dff$11550 to $_DFFE_PP_ for $techmap\soc.cpu.$0\reg_sh[4:0] [3] -> \soc.cpu.reg_sh [3].
  converting $_DFF_P_ cell $auto$simplemap.cc:420:simplemap_dff$11584 to $_DFFE_PP_ for $techmap\soc.cpu.$0\reg_op2[31:0] [0] -> \soc.cpu.reg_op2 [0].
  converting $_DFF_P_ cell $auto$simplemap.cc:420:simplemap_dff$11585 to $_DFFE_PP_ for $techmap\soc.cpu.$0\reg_op2[31:0] [1] -> \soc.cpu.reg_op2 [1].
  converting $_DFF_P_ cell $auto$simplemap.cc:420:simplemap_dff$11586 to $_DFFE_PP_ for $techmap\soc.cpu.$0\reg_op2[31:0] [2] -> \soc.cpu.reg_op2 [2].
  converting $_DFF_P_ cell $auto$simplemap.cc:420:simplemap_dff$11587 to $_DFFE_PP_ for $techmap\soc.cpu.$0\reg_op2[31:0] [3] -> \soc.cpu.reg_op2 [3].
  converting $_DFF_P_ cell $auto$simplemap.cc:420:simplemap_dff$11588 to $_DFFE_PP_ for $techmap\soc.cpu.$0\reg_op2[31:0] [4] -> \soc.cpu.reg_op2 [4].
  converting $_DFF_P_ cell $auto$simplemap.cc:420:simplemap_dff$11589 to $_DFFE_PP_ for $techmap\soc.cpu.$0\reg_op2[31:0] [5] -> \soc.cpu.reg_op2 [5].
  converting $_DFF_P_ cell $auto$simplemap.cc:420:simplemap_dff$11590 to $_DFFE_PP_ for $techmap\soc.cpu.$0\reg_op2[31:0] [6] -> \soc.cpu.reg_op2 [6].
  converting $_DFF_P_ cell $auto$simplemap.cc:420:simplemap_dff$11591 to $_DFFE_PP_ for $techmap\soc.cpu.$0\reg_op2[31:0] [7] -> \soc.cpu.reg_op2 [7].
  converting $_DFF_P_ cell $auto$simplemap.cc:420:simplemap_dff$11592 to $_DFFE_PP_ for $techmap\soc.cpu.$0\reg_op2[31:0] [8] -> \soc.cpu.reg_op2 [8].
  converting $_DFF_P_ cell $auto$simplemap.cc:420:simplemap_dff$11593 to $_DFFE_PP_ for $techmap\soc.cpu.$0\reg_op2[31:0] [9] -> \soc.cpu.reg_op2 [9].
  converting $_DFF_P_ cell $auto$simplemap.cc:420:simplemap_dff$11594 to $_DFFE_PP_ for $techmap\soc.cpu.$0\reg_op2[31:0] [10] -> \soc.cpu.reg_op2 [10].
  converting $_DFF_P_ cell $auto$simplemap.cc:420:simplemap_dff$11595 to $_DFFE_PP_ for $techmap\soc.cpu.$0\reg_op2[31:0] [11] -> \soc.cpu.reg_op2 [11].
  converting $_DFF_P_ cell $auto$simplemap.cc:420:simplemap_dff$11596 to $_DFFE_PP_ for $techmap\soc.cpu.$0\reg_op2[31:0] [12] -> \soc.cpu.reg_op2 [12].
  converting $_DFF_P_ cell $auto$simplemap.cc:420:simplemap_dff$11597 to $_DFFE_PP_ for $techmap\soc.cpu.$0\reg_op2[31:0] [13] -> \soc.cpu.reg_op2 [13].
  converting $_DFF_P_ cell $auto$simplemap.cc:420:simplemap_dff$11598 to $_DFFE_PP_ for $techmap\soc.cpu.$0\reg_op2[31:0] [14] -> \soc.cpu.reg_op2 [14].
  converting $_DFF_P_ cell $auto$simplemap.cc:420:simplemap_dff$11599 to $_DFFE_PP_ for $techmap\soc.cpu.$0\reg_op2[31:0] [15] -> \soc.cpu.reg_op2 [15].
  converting $_DFF_P_ cell $auto$simplemap.cc:420:simplemap_dff$11600 to $_DFFE_PP_ for $techmap\soc.cpu.$0\reg_op2[31:0] [16] -> \soc.cpu.reg_op2 [16].
  converting $_DFF_P_ cell $auto$simplemap.cc:420:simplemap_dff$11601 to $_DFFE_PP_ for $techmap\soc.cpu.$0\reg_op2[31:0] [17] -> \soc.cpu.reg_op2 [17].
  converting $_DFF_P_ cell $auto$simplemap.cc:420:simplemap_dff$11602 to $_DFFE_PP_ for $techmap\soc.cpu.$0\reg_op2[31:0] [18] -> \soc.cpu.reg_op2 [18].
  converting $_DFF_P_ cell $auto$simplemap.cc:420:simplemap_dff$11603 to $_DFFE_PP_ for $techmap\soc.cpu.$0\reg_op2[31:0] [19] -> \soc.cpu.reg_op2 [19].
  converting $_DFF_P_ cell $auto$simplemap.cc:420:simplemap_dff$11604 to $_DFFE_PP_ for $techmap\soc.cpu.$0\reg_op2[31:0] [20] -> \soc.cpu.reg_op2 [20].
  converting $_DFF_P_ cell $auto$simplemap.cc:420:simplemap_dff$11605 to $_DFFE_PP_ for $techmap\soc.cpu.$0\reg_op2[31:0] [21] -> \soc.cpu.reg_op2 [21].
  converting $_DFF_P_ cell $auto$simplemap.cc:420:simplemap_dff$11606 to $_DFFE_PP_ for $techmap\soc.cpu.$0\reg_op2[31:0] [22] -> \soc.cpu.reg_op2 [22].
  converting $_DFF_P_ cell $auto$simplemap.cc:420:simplemap_dff$11607 to $_DFFE_PP_ for $techmap\soc.cpu.$0\reg_op2[31:0] [23] -> \soc.cpu.reg_op2 [23].
  converting $_DFF_P_ cell $auto$simplemap.cc:420:simplemap_dff$11608 to $_DFFE_PP_ for $techmap\soc.cpu.$0\reg_op2[31:0] [24] -> \soc.cpu.reg_op2 [24].
  converting $_DFF_P_ cell $auto$simplemap.cc:420:simplemap_dff$11609 to $_DFFE_PP_ for $techmap\soc.cpu.$0\reg_op2[31:0] [25] -> \soc.cpu.reg_op2 [25].
  converting $_DFF_P_ cell $auto$simplemap.cc:420:simplemap_dff$11610 to $_DFFE_PP_ for $techmap\soc.cpu.$0\reg_op2[31:0] [26] -> \soc.cpu.reg_op2 [26].
  converting $_DFF_P_ cell $auto$simplemap.cc:420:simplemap_dff$11611 to $_DFFE_PP_ for $techmap\soc.cpu.$0\reg_op2[31:0] [27] -> \soc.cpu.reg_op2 [27].
  converting $_DFF_P_ cell $auto$simplemap.cc:420:simplemap_dff$11612 to $_DFFE_PP_ for $techmap\soc.cpu.$0\reg_op2[31:0] [28] -> \soc.cpu.reg_op2 [28].
  converting $_DFF_P_ cell $auto$simplemap.cc:420:simplemap_dff$11613 to $_DFFE_PP_ for $techmap\soc.cpu.$0\reg_op2[31:0] [29] -> \soc.cpu.reg_op2 [29].
  converting $_DFF_P_ cell $auto$simplemap.cc:420:simplemap_dff$11614 to $_DFFE_PP_ for $techmap\soc.cpu.$0\reg_op2[31:0] [30] -> \soc.cpu.reg_op2 [30].
  converting $_DFF_P_ cell $auto$simplemap.cc:420:simplemap_dff$11615 to $_DFFE_PP_ for $techmap\soc.cpu.$0\reg_op2[31:0] [31] -> \soc.cpu.reg_op2 [31].
  converting $_DFF_P_ cell $auto$simplemap.cc:420:simplemap_dff$11616 to $_DFFE_PP_ for $techmap\soc.cpu.$0\reg_op1[31:0] [0] -> \soc.cpu.reg_op1 [0].
  converting $_DFF_P_ cell $auto$simplemap.cc:420:simplemap_dff$11617 to $_DFFE_PP_ for $techmap\soc.cpu.$0\reg_op1[31:0] [1] -> \soc.cpu.reg_op1 [1].
  converting $_DFF_P_ cell $auto$simplemap.cc:420:simplemap_dff$11618 to $_DFFE_PP_ for $techmap\soc.cpu.$0\reg_op1[31:0] [2] -> \soc.cpu.reg_op1 [2].
  converting $_DFF_P_ cell $auto$simplemap.cc:420:simplemap_dff$11619 to $_DFFE_PP_ for $techmap\soc.cpu.$0\reg_op1[31:0] [3] -> \soc.cpu.reg_op1 [3].
  converting $_DFF_P_ cell $auto$simplemap.cc:420:simplemap_dff$11620 to $_DFFE_PP_ for $techmap\soc.cpu.$0\reg_op1[31:0] [4] -> \soc.cpu.reg_op1 [4].
  converting $_DFF_P_ cell $auto$simplemap.cc:420:simplemap_dff$11621 to $_DFFE_PP_ for $techmap\soc.cpu.$0\reg_op1[31:0] [5] -> \soc.cpu.reg_op1 [5].
  converting $_DFF_P_ cell $auto$simplemap.cc:420:simplemap_dff$11622 to $_DFFE_PP_ for $techmap\soc.cpu.$0\reg_op1[31:0] [6] -> \soc.cpu.reg_op1 [6].
  converting $_DFF_P_ cell $auto$simplemap.cc:420:simplemap_dff$11623 to $_DFFE_PP_ for $techmap\soc.cpu.$0\reg_op1[31:0] [7] -> \soc.cpu.reg_op1 [7].
  converting $_DFF_P_ cell $auto$simplemap.cc:420:simplemap_dff$11624 to $_DFFE_PP_ for $techmap\soc.cpu.$0\reg_op1[31:0] [8] -> \soc.cpu.reg_op1 [8].
  converting $_DFF_P_ cell $auto$simplemap.cc:420:simplemap_dff$11625 to $_DFFE_PP_ for $techmap\soc.cpu.$0\reg_op1[31:0] [9] -> \soc.cpu.reg_op1 [9].
  converting $_DFF_P_ cell $auto$simplemap.cc:420:simplemap_dff$11626 to $_DFFE_PP_ for $techmap\soc.cpu.$0\reg_op1[31:0] [10] -> \soc.cpu.reg_op1 [10].
  converting $_DFF_P_ cell $auto$simplemap.cc:420:simplemap_dff$11627 to $_DFFE_PP_ for $techmap\soc.cpu.$0\reg_op1[31:0] [11] -> \soc.cpu.reg_op1 [11].
  converting $_DFF_P_ cell $auto$simplemap.cc:420:simplemap_dff$11628 to $_DFFE_PP_ for $techmap\soc.cpu.$0\reg_op1[31:0] [12] -> \soc.cpu.reg_op1 [12].
  converting $_DFF_P_ cell $auto$simplemap.cc:420:simplemap_dff$11629 to $_DFFE_PP_ for $techmap\soc.cpu.$0\reg_op1[31:0] [13] -> \soc.cpu.reg_op1 [13].
  converting $_DFF_P_ cell $auto$simplemap.cc:420:simplemap_dff$11630 to $_DFFE_PP_ for $techmap\soc.cpu.$0\reg_op1[31:0] [14] -> \soc.cpu.reg_op1 [14].
  converting $_DFF_P_ cell $auto$simplemap.cc:420:simplemap_dff$11631 to $_DFFE_PP_ for $techmap\soc.cpu.$0\reg_op1[31:0] [15] -> \soc.cpu.reg_op1 [15].
  converting $_DFF_P_ cell $auto$simplemap.cc:420:simplemap_dff$11632 to $_DFFE_PP_ for $techmap\soc.cpu.$0\reg_op1[31:0] [16] -> \soc.cpu.reg_op1 [16].
  converting $_DFF_P_ cell $auto$simplemap.cc:420:simplemap_dff$11633 to $_DFFE_PP_ for $techmap\soc.cpu.$0\reg_op1[31:0] [17] -> \soc.cpu.reg_op1 [17].
  converting $_DFF_P_ cell $auto$simplemap.cc:420:simplemap_dff$11634 to $_DFFE_PP_ for $techmap\soc.cpu.$0\reg_op1[31:0] [18] -> \soc.cpu.reg_op1 [18].
  converting $_DFF_P_ cell $auto$simplemap.cc:420:simplemap_dff$11635 to $_DFFE_PP_ for $techmap\soc.cpu.$0\reg_op1[31:0] [19] -> \soc.cpu.reg_op1 [19].
  converting $_DFF_P_ cell $auto$simplemap.cc:420:simplemap_dff$11636 to $_DFFE_PP_ for $techmap\soc.cpu.$0\reg_op1[31:0] [20] -> \soc.cpu.reg_op1 [20].
  converting $_DFF_P_ cell $auto$simplemap.cc:420:simplemap_dff$11637 to $_DFFE_PP_ for $techmap\soc.cpu.$0\reg_op1[31:0] [21] -> \soc.cpu.reg_op1 [21].
  converting $_DFF_P_ cell $auto$simplemap.cc:420:simplemap_dff$11638 to $_DFFE_PP_ for $techmap\soc.cpu.$0\reg_op1[31:0] [22] -> \soc.cpu.reg_op1 [22].
  converting $_DFF_P_ cell $auto$simplemap.cc:420:simplemap_dff$11639 to $_DFFE_PP_ for $techmap\soc.cpu.$0\reg_op1[31:0] [23] -> \soc.cpu.reg_op1 [23].
  converting $_DFF_P_ cell $auto$simplemap.cc:420:simplemap_dff$11640 to $_DFFE_PP_ for $techmap\soc.cpu.$0\reg_op1[31:0] [24] -> \soc.cpu.reg_op1 [24].
  converting $_DFF_P_ cell $auto$simplemap.cc:420:simplemap_dff$11641 to $_DFFE_PP_ for $techmap\soc.cpu.$0\reg_op1[31:0] [25] -> \soc.cpu.reg_op1 [25].
  converting $_DFF_P_ cell $auto$simplemap.cc:420:simplemap_dff$11642 to $_DFFE_PP_ for $techmap\soc.cpu.$0\reg_op1[31:0] [26] -> \soc.cpu.reg_op1 [26].
  converting $_DFF_P_ cell $auto$simplemap.cc:420:simplemap_dff$11643 to $_DFFE_PP_ for $techmap\soc.cpu.$0\reg_op1[31:0] [27] -> \soc.cpu.reg_op1 [27].
  converting $_DFF_P_ cell $auto$simplemap.cc:420:simplemap_dff$11644 to $_DFFE_PP_ for $techmap\soc.cpu.$0\reg_op1[31:0] [28] -> \soc.cpu.reg_op1 [28].
  converting $_DFF_P_ cell $auto$simplemap.cc:420:simplemap_dff$11645 to $_DFFE_PP_ for $techmap\soc.cpu.$0\reg_op1[31:0] [29] -> \soc.cpu.reg_op1 [29].
  converting $_DFF_P_ cell $auto$simplemap.cc:420:simplemap_dff$11646 to $_DFFE_PP_ for $techmap\soc.cpu.$0\reg_op1[31:0] [30] -> \soc.cpu.reg_op1 [30].
  converting $_DFF_P_ cell $auto$simplemap.cc:420:simplemap_dff$11647 to $_DFFE_PP_ for $techmap\soc.cpu.$0\reg_op1[31:0] [31] -> \soc.cpu.reg_op1 [31].
  converting $_DFF_P_ cell $auto$simplemap.cc:420:simplemap_dff$11648 to $_DFFE_PP_ for $techmap\soc.cpu.$0\reg_next_pc[31:0] [0] -> \soc.cpu.reg_next_pc [0].
  converting $_DFF_P_ cell $auto$simplemap.cc:420:simplemap_dff$11649 to $_DFFE_PP_ for $techmap\soc.cpu.$0\reg_next_pc[31:0] [1] -> \soc.cpu.reg_next_pc [1].
  converting $_DFF_P_ cell $auto$simplemap.cc:420:simplemap_dff$11650 to $_DFFE_PP_ for $techmap\soc.cpu.$0\reg_next_pc[31:0] [2] -> \soc.cpu.reg_next_pc [2].
  converting $_DFF_P_ cell $auto$simplemap.cc:420:simplemap_dff$11651 to $_DFFE_PP_ for $techmap\soc.cpu.$0\reg_next_pc[31:0] [3] -> \soc.cpu.reg_next_pc [3].
  converting $_DFF_P_ cell $auto$simplemap.cc:420:simplemap_dff$11652 to $_DFFE_PP_ for $techmap\soc.cpu.$0\reg_next_pc[31:0] [4] -> \soc.cpu.reg_next_pc [4].
  converting $_DFF_P_ cell $auto$simplemap.cc:420:simplemap_dff$11653 to $_DFFE_PP_ for $techmap\soc.cpu.$0\reg_next_pc[31:0] [5] -> \soc.cpu.reg_next_pc [5].
  converting $_DFF_P_ cell $auto$simplemap.cc:420:simplemap_dff$11654 to $_DFFE_PP_ for $techmap\soc.cpu.$0\reg_next_pc[31:0] [6] -> \soc.cpu.reg_next_pc [6].
  converting $_DFF_P_ cell $auto$simplemap.cc:420:simplemap_dff$11655 to $_DFFE_PP_ for $techmap\soc.cpu.$0\reg_next_pc[31:0] [7] -> \soc.cpu.reg_next_pc [7].
  converting $_DFF_P_ cell $auto$simplemap.cc:420:simplemap_dff$11656 to $_DFFE_PP_ for $techmap\soc.cpu.$0\reg_next_pc[31:0] [8] -> \soc.cpu.reg_next_pc [8].
  converting $_DFF_P_ cell $auto$simplemap.cc:420:simplemap_dff$11657 to $_DFFE_PP_ for $techmap\soc.cpu.$0\reg_next_pc[31:0] [9] -> \soc.cpu.reg_next_pc [9].
  converting $_DFF_P_ cell $auto$simplemap.cc:420:simplemap_dff$11658 to $_DFFE_PP_ for $techmap\soc.cpu.$0\reg_next_pc[31:0] [10] -> \soc.cpu.reg_next_pc [10].
  converting $_DFF_P_ cell $auto$simplemap.cc:420:simplemap_dff$11659 to $_DFFE_PP_ for $techmap\soc.cpu.$0\reg_next_pc[31:0] [11] -> \soc.cpu.reg_next_pc [11].
  converting $_DFF_P_ cell $auto$simplemap.cc:420:simplemap_dff$11660 to $_DFFE_PP_ for $techmap\soc.cpu.$0\reg_next_pc[31:0] [12] -> \soc.cpu.reg_next_pc [12].
  converting $_DFF_P_ cell $auto$simplemap.cc:420:simplemap_dff$11661 to $_DFFE_PP_ for $techmap\soc.cpu.$0\reg_next_pc[31:0] [13] -> \soc.cpu.reg_next_pc [13].
  converting $_DFF_P_ cell $auto$simplemap.cc:420:simplemap_dff$11662 to $_DFFE_PP_ for $techmap\soc.cpu.$0\reg_next_pc[31:0] [14] -> \soc.cpu.reg_next_pc [14].
  converting $_DFF_P_ cell $auto$simplemap.cc:420:simplemap_dff$11663 to $_DFFE_PP_ for $techmap\soc.cpu.$0\reg_next_pc[31:0] [15] -> \soc.cpu.reg_next_pc [15].
  converting $_DFF_P_ cell $auto$simplemap.cc:420:simplemap_dff$11664 to $_DFFE_PP_ for $techmap\soc.cpu.$0\reg_next_pc[31:0] [16] -> \soc.cpu.reg_next_pc [16].
  converting $_DFF_P_ cell $auto$simplemap.cc:420:simplemap_dff$11665 to $_DFFE_PP_ for $techmap\soc.cpu.$0\reg_next_pc[31:0] [17] -> \soc.cpu.reg_next_pc [17].
  converting $_DFF_P_ cell $auto$simplemap.cc:420:simplemap_dff$11666 to $_DFFE_PP_ for $techmap\soc.cpu.$0\reg_next_pc[31:0] [18] -> \soc.cpu.reg_next_pc [18].
  converting $_DFF_P_ cell $auto$simplemap.cc:420:simplemap_dff$11667 to $_DFFE_PP_ for $techmap\soc.cpu.$0\reg_next_pc[31:0] [19] -> \soc.cpu.reg_next_pc [19].
  converting $_DFF_P_ cell $auto$simplemap.cc:420:simplemap_dff$11668 to $_DFFE_PP_ for $techmap\soc.cpu.$0\reg_next_pc[31:0] [20] -> \soc.cpu.reg_next_pc [20].
  converting $_DFF_P_ cell $auto$simplemap.cc:420:simplemap_dff$11669 to $_DFFE_PP_ for $techmap\soc.cpu.$0\reg_next_pc[31:0] [21] -> \soc.cpu.reg_next_pc [21].
  converting $_DFF_P_ cell $auto$simplemap.cc:420:simplemap_dff$11670 to $_DFFE_PP_ for $techmap\soc.cpu.$0\reg_next_pc[31:0] [22] -> \soc.cpu.reg_next_pc [22].
  converting $_DFF_P_ cell $auto$simplemap.cc:420:simplemap_dff$11671 to $_DFFE_PP_ for $techmap\soc.cpu.$0\reg_next_pc[31:0] [23] -> \soc.cpu.reg_next_pc [23].
  converting $_DFF_P_ cell $auto$simplemap.cc:420:simplemap_dff$11672 to $_DFFE_PP_ for $techmap\soc.cpu.$0\reg_next_pc[31:0] [24] -> \soc.cpu.reg_next_pc [24].
  converting $_DFF_P_ cell $auto$simplemap.cc:420:simplemap_dff$11673 to $_DFFE_PP_ for $techmap\soc.cpu.$0\reg_next_pc[31:0] [25] -> \soc.cpu.reg_next_pc [25].
  converting $_DFF_P_ cell $auto$simplemap.cc:420:simplemap_dff$11674 to $_DFFE_PP_ for $techmap\soc.cpu.$0\reg_next_pc[31:0] [26] -> \soc.cpu.reg_next_pc [26].
  converting $_DFF_P_ cell $auto$simplemap.cc:420:simplemap_dff$11675 to $_DFFE_PP_ for $techmap\soc.cpu.$0\reg_next_pc[31:0] [27] -> \soc.cpu.reg_next_pc [27].
  converting $_DFF_P_ cell $auto$simplemap.cc:420:simplemap_dff$11676 to $_DFFE_PP_ for $techmap\soc.cpu.$0\reg_next_pc[31:0] [28] -> \soc.cpu.reg_next_pc [28].
  converting $_DFF_P_ cell $auto$simplemap.cc:420:simplemap_dff$11677 to $_DFFE_PP_ for $techmap\soc.cpu.$0\reg_next_pc[31:0] [29] -> \soc.cpu.reg_next_pc [29].
  converting $_DFF_P_ cell $auto$simplemap.cc:420:simplemap_dff$11678 to $_DFFE_PP_ for $techmap\soc.cpu.$0\reg_next_pc[31:0] [30] -> \soc.cpu.reg_next_pc [30].
  converting $_DFF_P_ cell $auto$simplemap.cc:420:simplemap_dff$11679 to $_DFFE_PP_ for $techmap\soc.cpu.$0\reg_next_pc[31:0] [31] -> \soc.cpu.reg_next_pc [31].
  converting $_DFF_P_ cell $auto$simplemap.cc:420:simplemap_dff$11680 to $_DFFE_PP_ for $techmap\soc.cpu.$0\reg_pc[31:0] [0] -> \soc.cpu.reg_pc [0].
  converting $_DFF_P_ cell $auto$simplemap.cc:420:simplemap_dff$11681 to $_DFFE_PP_ for $techmap\soc.cpu.$0\reg_pc[31:0] [1] -> \soc.cpu.reg_pc [1].
  converting $_DFF_P_ cell $auto$simplemap.cc:420:simplemap_dff$11682 to $_DFFE_PP_ for $techmap\soc.cpu.$0\reg_pc[31:0] [2] -> \soc.cpu.reg_pc [2].
  converting $_DFF_P_ cell $auto$simplemap.cc:420:simplemap_dff$11683 to $_DFFE_PP_ for $techmap\soc.cpu.$0\reg_pc[31:0] [3] -> \soc.cpu.reg_pc [3].
  converting $_DFF_P_ cell $auto$simplemap.cc:420:simplemap_dff$11684 to $_DFFE_PP_ for $techmap\soc.cpu.$0\reg_pc[31:0] [4] -> \soc.cpu.reg_pc [4].
  converting $_DFF_P_ cell $auto$simplemap.cc:420:simplemap_dff$11685 to $_DFFE_PP_ for $techmap\soc.cpu.$0\reg_pc[31:0] [5] -> \soc.cpu.reg_pc [5].
  converting $_DFF_P_ cell $auto$simplemap.cc:420:simplemap_dff$11686 to $_DFFE_PP_ for $techmap\soc.cpu.$0\reg_pc[31:0] [6] -> \soc.cpu.reg_pc [6].
  converting $_DFF_P_ cell $auto$simplemap.cc:420:simplemap_dff$11687 to $_DFFE_PP_ for $techmap\soc.cpu.$0\reg_pc[31:0] [7] -> \soc.cpu.reg_pc [7].
  converting $_DFF_P_ cell $auto$simplemap.cc:420:simplemap_dff$11688 to $_DFFE_PP_ for $techmap\soc.cpu.$0\reg_pc[31:0] [8] -> \soc.cpu.reg_pc [8].
  converting $_DFF_P_ cell $auto$simplemap.cc:420:simplemap_dff$11689 to $_DFFE_PP_ for $techmap\soc.cpu.$0\reg_pc[31:0] [9] -> \soc.cpu.reg_pc [9].
  converting $_DFF_P_ cell $auto$simplemap.cc:420:simplemap_dff$11690 to $_DFFE_PP_ for $techmap\soc.cpu.$0\reg_pc[31:0] [10] -> \soc.cpu.reg_pc [10].
  converting $_DFF_P_ cell $auto$simplemap.cc:420:simplemap_dff$11691 to $_DFFE_PP_ for $techmap\soc.cpu.$0\reg_pc[31:0] [11] -> \soc.cpu.reg_pc [11].
  converting $_DFF_P_ cell $auto$simplemap.cc:420:simplemap_dff$11692 to $_DFFE_PP_ for $techmap\soc.cpu.$0\reg_pc[31:0] [12] -> \soc.cpu.reg_pc [12].
  converting $_DFF_P_ cell $auto$simplemap.cc:420:simplemap_dff$11693 to $_DFFE_PP_ for $techmap\soc.cpu.$0\reg_pc[31:0] [13] -> \soc.cpu.reg_pc [13].
  converting $_DFF_P_ cell $auto$simplemap.cc:420:simplemap_dff$11694 to $_DFFE_PP_ for $techmap\soc.cpu.$0\reg_pc[31:0] [14] -> \soc.cpu.reg_pc [14].
  converting $_DFF_P_ cell $auto$simplemap.cc:420:simplemap_dff$11695 to $_DFFE_PP_ for $techmap\soc.cpu.$0\reg_pc[31:0] [15] -> \soc.cpu.reg_pc [15].
  converting $_DFF_P_ cell $auto$simplemap.cc:420:simplemap_dff$11696 to $_DFFE_PP_ for $techmap\soc.cpu.$0\reg_pc[31:0] [16] -> \soc.cpu.reg_pc [16].
  converting $_DFF_P_ cell $auto$simplemap.cc:420:simplemap_dff$11697 to $_DFFE_PP_ for $techmap\soc.cpu.$0\reg_pc[31:0] [17] -> \soc.cpu.reg_pc [17].
  converting $_DFF_P_ cell $auto$simplemap.cc:420:simplemap_dff$11698 to $_DFFE_PP_ for $techmap\soc.cpu.$0\reg_pc[31:0] [18] -> \soc.cpu.reg_pc [18].
  converting $_DFF_P_ cell $auto$simplemap.cc:420:simplemap_dff$11699 to $_DFFE_PP_ for $techmap\soc.cpu.$0\reg_pc[31:0] [19] -> \soc.cpu.reg_pc [19].
  converting $_DFF_P_ cell $auto$simplemap.cc:420:simplemap_dff$11700 to $_DFFE_PP_ for $techmap\soc.cpu.$0\reg_pc[31:0] [20] -> \soc.cpu.reg_pc [20].
  converting $_DFF_P_ cell $auto$simplemap.cc:420:simplemap_dff$11701 to $_DFFE_PP_ for $techmap\soc.cpu.$0\reg_pc[31:0] [21] -> \soc.cpu.reg_pc [21].
  converting $_DFF_P_ cell $auto$simplemap.cc:420:simplemap_dff$11702 to $_DFFE_PP_ for $techmap\soc.cpu.$0\reg_pc[31:0] [22] -> \soc.cpu.reg_pc [22].
  converting $_DFF_P_ cell $auto$simplemap.cc:420:simplemap_dff$11703 to $_DFFE_PP_ for $techmap\soc.cpu.$0\reg_pc[31:0] [23] -> \soc.cpu.reg_pc [23].
  converting $_DFF_P_ cell $auto$simplemap.cc:420:simplemap_dff$11704 to $_DFFE_PP_ for $techmap\soc.cpu.$0\reg_pc[31:0] [24] -> \soc.cpu.reg_pc [24].
  converting $_DFF_P_ cell $auto$simplemap.cc:420:simplemap_dff$11705 to $_DFFE_PP_ for $techmap\soc.cpu.$0\reg_pc[31:0] [25] -> \soc.cpu.reg_pc [25].
  converting $_DFF_P_ cell $auto$simplemap.cc:420:simplemap_dff$11706 to $_DFFE_PP_ for $techmap\soc.cpu.$0\reg_pc[31:0] [26] -> \soc.cpu.reg_pc [26].
  converting $_DFF_P_ cell $auto$simplemap.cc:420:simplemap_dff$11707 to $_DFFE_PP_ for $techmap\soc.cpu.$0\reg_pc[31:0] [27] -> \soc.cpu.reg_pc [27].
  converting $_DFF_P_ cell $auto$simplemap.cc:420:simplemap_dff$11708 to $_DFFE_PP_ for $techmap\soc.cpu.$0\reg_pc[31:0] [28] -> \soc.cpu.reg_pc [28].
  converting $_DFF_P_ cell $auto$simplemap.cc:420:simplemap_dff$11709 to $_DFFE_PP_ for $techmap\soc.cpu.$0\reg_pc[31:0] [29] -> \soc.cpu.reg_pc [29].
  converting $_DFF_P_ cell $auto$simplemap.cc:420:simplemap_dff$11710 to $_DFFE_PP_ for $techmap\soc.cpu.$0\reg_pc[31:0] [30] -> \soc.cpu.reg_pc [30].
  converting $_DFF_P_ cell $auto$simplemap.cc:420:simplemap_dff$11711 to $_DFFE_PP_ for $techmap\soc.cpu.$0\reg_pc[31:0] [31] -> \soc.cpu.reg_pc [31].
  converting $_DFF_P_ cell $auto$simplemap.cc:420:simplemap_dff$16274 to $_DFFE_PP_ for $techmap\soc.simpleuart.$0\cfg_divider[31:0] [0] -> \soc.simpleuart.cfg_divider [0].
  converting $_DFF_P_ cell $auto$simplemap.cc:420:simplemap_dff$16275 to $_DFFE_PP_ for $techmap\soc.simpleuart.$0\cfg_divider[31:0] [1] -> \soc.simpleuart.cfg_divider [1].
  converting $_DFF_P_ cell $auto$simplemap.cc:420:simplemap_dff$16276 to $_DFFE_PP_ for $techmap\soc.simpleuart.$0\cfg_divider[31:0] [2] -> \soc.simpleuart.cfg_divider [2].
  converting $_DFF_P_ cell $auto$simplemap.cc:420:simplemap_dff$16277 to $_DFFE_PP_ for $techmap\soc.simpleuart.$0\cfg_divider[31:0] [3] -> \soc.simpleuart.cfg_divider [3].
  converting $_DFF_P_ cell $auto$simplemap.cc:420:simplemap_dff$16278 to $_DFFE_PP_ for $techmap\soc.simpleuart.$0\cfg_divider[31:0] [4] -> \soc.simpleuart.cfg_divider [4].
  converting $_DFF_P_ cell $auto$simplemap.cc:420:simplemap_dff$16279 to $_DFFE_PP_ for $techmap\soc.simpleuart.$0\cfg_divider[31:0] [5] -> \soc.simpleuart.cfg_divider [5].
  converting $_DFF_P_ cell $auto$simplemap.cc:420:simplemap_dff$16280 to $_DFFE_PP_ for $techmap\soc.simpleuart.$0\cfg_divider[31:0] [6] -> \soc.simpleuart.cfg_divider [6].
  converting $_DFF_P_ cell $auto$simplemap.cc:420:simplemap_dff$16281 to $_DFFE_PP_ for $techmap\soc.simpleuart.$0\cfg_divider[31:0] [7] -> \soc.simpleuart.cfg_divider [7].
  converting $_DFF_P_ cell $auto$simplemap.cc:420:simplemap_dff$16282 to $_DFFE_PP_ for $techmap\soc.simpleuart.$0\cfg_divider[31:0] [8] -> \soc.simpleuart.cfg_divider [8].
  converting $_DFF_P_ cell $auto$simplemap.cc:420:simplemap_dff$16283 to $_DFFE_PP_ for $techmap\soc.simpleuart.$0\cfg_divider[31:0] [9] -> \soc.simpleuart.cfg_divider [9].
  converting $_DFF_P_ cell $auto$simplemap.cc:420:simplemap_dff$16284 to $_DFFE_PP_ for $techmap\soc.simpleuart.$0\cfg_divider[31:0] [10] -> \soc.simpleuart.cfg_divider [10].
  converting $_DFF_P_ cell $auto$simplemap.cc:420:simplemap_dff$16285 to $_DFFE_PP_ for $techmap\soc.simpleuart.$0\cfg_divider[31:0] [11] -> \soc.simpleuart.cfg_divider [11].
  converting $_DFF_P_ cell $auto$simplemap.cc:420:simplemap_dff$16286 to $_DFFE_PP_ for $techmap\soc.simpleuart.$0\cfg_divider[31:0] [12] -> \soc.simpleuart.cfg_divider [12].
  converting $_DFF_P_ cell $auto$simplemap.cc:420:simplemap_dff$16287 to $_DFFE_PP_ for $techmap\soc.simpleuart.$0\cfg_divider[31:0] [13] -> \soc.simpleuart.cfg_divider [13].
  converting $_DFF_P_ cell $auto$simplemap.cc:420:simplemap_dff$16288 to $_DFFE_PP_ for $techmap\soc.simpleuart.$0\cfg_divider[31:0] [14] -> \soc.simpleuart.cfg_divider [14].
  converting $_DFF_P_ cell $auto$simplemap.cc:420:simplemap_dff$16289 to $_DFFE_PP_ for $techmap\soc.simpleuart.$0\cfg_divider[31:0] [15] -> \soc.simpleuart.cfg_divider [15].
  converting $_DFF_P_ cell $auto$simplemap.cc:420:simplemap_dff$16290 to $_DFFE_PP_ for $techmap\soc.simpleuart.$0\cfg_divider[31:0] [16] -> \soc.simpleuart.cfg_divider [16].
  converting $_DFF_P_ cell $auto$simplemap.cc:420:simplemap_dff$16291 to $_DFFE_PP_ for $techmap\soc.simpleuart.$0\cfg_divider[31:0] [17] -> \soc.simpleuart.cfg_divider [17].
  converting $_DFF_P_ cell $auto$simplemap.cc:420:simplemap_dff$16292 to $_DFFE_PP_ for $techmap\soc.simpleuart.$0\cfg_divider[31:0] [18] -> \soc.simpleuart.cfg_divider [18].
  converting $_DFF_P_ cell $auto$simplemap.cc:420:simplemap_dff$16293 to $_DFFE_PP_ for $techmap\soc.simpleuart.$0\cfg_divider[31:0] [19] -> \soc.simpleuart.cfg_divider [19].
  converting $_DFF_P_ cell $auto$simplemap.cc:420:simplemap_dff$16294 to $_DFFE_PP_ for $techmap\soc.simpleuart.$0\cfg_divider[31:0] [20] -> \soc.simpleuart.cfg_divider [20].
  converting $_DFF_P_ cell $auto$simplemap.cc:420:simplemap_dff$16295 to $_DFFE_PP_ for $techmap\soc.simpleuart.$0\cfg_divider[31:0] [21] -> \soc.simpleuart.cfg_divider [21].
  converting $_DFF_P_ cell $auto$simplemap.cc:420:simplemap_dff$16296 to $_DFFE_PP_ for $techmap\soc.simpleuart.$0\cfg_divider[31:0] [22] -> \soc.simpleuart.cfg_divider [22].
  converting $_DFF_P_ cell $auto$simplemap.cc:420:simplemap_dff$16297 to $_DFFE_PP_ for $techmap\soc.simpleuart.$0\cfg_divider[31:0] [23] -> \soc.simpleuart.cfg_divider [23].
  converting $_DFF_P_ cell $auto$simplemap.cc:420:simplemap_dff$16298 to $_DFFE_PP_ for $techmap\soc.simpleuart.$0\cfg_divider[31:0] [24] -> \soc.simpleuart.cfg_divider [24].
  converting $_DFF_P_ cell $auto$simplemap.cc:420:simplemap_dff$16299 to $_DFFE_PP_ for $techmap\soc.simpleuart.$0\cfg_divider[31:0] [25] -> \soc.simpleuart.cfg_divider [25].
  converting $_DFF_P_ cell $auto$simplemap.cc:420:simplemap_dff$16300 to $_DFFE_PP_ for $techmap\soc.simpleuart.$0\cfg_divider[31:0] [26] -> \soc.simpleuart.cfg_divider [26].
  converting $_DFF_P_ cell $auto$simplemap.cc:420:simplemap_dff$16301 to $_DFFE_PP_ for $techmap\soc.simpleuart.$0\cfg_divider[31:0] [27] -> \soc.simpleuart.cfg_divider [27].
  converting $_DFF_P_ cell $auto$simplemap.cc:420:simplemap_dff$16302 to $_DFFE_PP_ for $techmap\soc.simpleuart.$0\cfg_divider[31:0] [28] -> \soc.simpleuart.cfg_divider [28].
  converting $_DFF_P_ cell $auto$simplemap.cc:420:simplemap_dff$16303 to $_DFFE_PP_ for $techmap\soc.simpleuart.$0\cfg_divider[31:0] [29] -> \soc.simpleuart.cfg_divider [29].
  converting $_DFF_P_ cell $auto$simplemap.cc:420:simplemap_dff$16304 to $_DFFE_PP_ for $techmap\soc.simpleuart.$0\cfg_divider[31:0] [30] -> \soc.simpleuart.cfg_divider [30].
  converting $_DFF_P_ cell $auto$simplemap.cc:420:simplemap_dff$16305 to $_DFFE_PP_ for $techmap\soc.simpleuart.$0\cfg_divider[31:0] [31] -> \soc.simpleuart.cfg_divider [31].
  converting $_DFF_P_ cell $auto$simplemap.cc:420:simplemap_dff$16307 to $_DFFE_PP_ for $techmap\soc.simpleuart.$0\recv_pattern[7:0] [0] -> \soc.simpleuart.recv_pattern [0].
  converting $_DFF_P_ cell $auto$simplemap.cc:420:simplemap_dff$16308 to $_DFFE_PP_ for $techmap\soc.simpleuart.$0\recv_pattern[7:0] [1] -> \soc.simpleuart.recv_pattern [1].
  converting $_DFF_P_ cell $auto$simplemap.cc:420:simplemap_dff$16309 to $_DFFE_PP_ for $techmap\soc.simpleuart.$0\recv_pattern[7:0] [2] -> \soc.simpleuart.recv_pattern [2].
  converting $_DFF_P_ cell $auto$simplemap.cc:420:simplemap_dff$16310 to $_DFFE_PP_ for $techmap\soc.simpleuart.$0\recv_pattern[7:0] [3] -> \soc.simpleuart.recv_pattern [3].
  converting $_DFF_P_ cell $auto$simplemap.cc:420:simplemap_dff$16311 to $_DFFE_PP_ for $techmap\soc.simpleuart.$0\recv_pattern[7:0] [4] -> \soc.simpleuart.recv_pattern [4].
  converting $_DFF_P_ cell $auto$simplemap.cc:420:simplemap_dff$16312 to $_DFFE_PP_ for $techmap\soc.simpleuart.$0\recv_pattern[7:0] [5] -> \soc.simpleuart.recv_pattern [5].
  converting $_DFF_P_ cell $auto$simplemap.cc:420:simplemap_dff$16313 to $_DFFE_PP_ for $techmap\soc.simpleuart.$0\recv_pattern[7:0] [6] -> \soc.simpleuart.recv_pattern [6].
  converting $_DFF_P_ cell $auto$simplemap.cc:420:simplemap_dff$16314 to $_DFFE_PP_ for $techmap\soc.simpleuart.$0\recv_pattern[7:0] [7] -> \soc.simpleuart.recv_pattern [7].
  converting $_DFF_P_ cell $auto$simplemap.cc:420:simplemap_dff$16347 to $_DFFE_PP_ for $techmap\soc.simpleuart.$0\recv_state[3:0] [0] -> \soc.simpleuart.recv_state [0].
  converting $_DFF_P_ cell $auto$simplemap.cc:420:simplemap_dff$16348 to $_DFFE_PP_ for $techmap\soc.simpleuart.$0\recv_state[3:0] [1] -> \soc.simpleuart.recv_state [1].
  converting $_DFF_P_ cell $auto$simplemap.cc:420:simplemap_dff$16349 to $_DFFE_PP_ for $techmap\soc.simpleuart.$0\recv_state[3:0] [2] -> \soc.simpleuart.recv_state [2].
  converting $_DFF_P_ cell $auto$simplemap.cc:420:simplemap_dff$16350 to $_DFFE_PP_ for $techmap\soc.simpleuart.$0\recv_state[3:0] [3] -> \soc.simpleuart.recv_state [3].
  converting $_DFF_P_ cell $auto$simplemap.cc:420:simplemap_dff$16351 to $_DFFE_PP_ for $techmap\soc.simpleuart.$0\send_dummy[0:0] -> \soc.simpleuart.send_dummy.
  converting $_DFF_P_ cell $auto$simplemap.cc:420:simplemap_dff$16353 to $_DFFE_PP_ for $techmap\soc.simpleuart.$0\send_divcnt[31:0] [1] -> \soc.simpleuart.send_divcnt [1].
  converting $_DFF_P_ cell $auto$simplemap.cc:420:simplemap_dff$16384 to $_DFFE_PP_ for $techmap\soc.simpleuart.$0\send_bitcnt[3:0] [0] -> \soc.simpleuart.send_bitcnt [0].
  converting $_DFF_P_ cell $auto$simplemap.cc:420:simplemap_dff$16385 to $_DFFE_PP_ for $techmap\soc.simpleuart.$0\send_bitcnt[3:0] [1] -> \soc.simpleuart.send_bitcnt [1].
  converting $_DFF_P_ cell $auto$simplemap.cc:420:simplemap_dff$16386 to $_DFFE_PP_ for $techmap\soc.simpleuart.$0\send_bitcnt[3:0] [2] -> \soc.simpleuart.send_bitcnt [2].
  converting $_DFF_P_ cell $auto$simplemap.cc:420:simplemap_dff$16387 to $_DFFE_PP_ for $techmap\soc.simpleuart.$0\send_bitcnt[3:0] [3] -> \soc.simpleuart.send_bitcnt [3].
  converting $_DFF_P_ cell $auto$simplemap.cc:420:simplemap_dff$16388 to $_DFFE_PP_ for $techmap\soc.simpleuart.$0\send_pattern[9:0] [0] -> \soc.simpleuart.send_pattern [0].
  converting $_DFF_P_ cell $auto$simplemap.cc:420:simplemap_dff$16389 to $_DFFE_PP_ for $techmap\soc.simpleuart.$0\send_pattern[9:0] [1] -> \soc.simpleuart.send_pattern [1].
  converting $_DFF_P_ cell $auto$simplemap.cc:420:simplemap_dff$16390 to $_DFFE_PP_ for $techmap\soc.simpleuart.$0\send_pattern[9:0] [2] -> \soc.simpleuart.send_pattern [2].
  converting $_DFF_P_ cell $auto$simplemap.cc:420:simplemap_dff$16391 to $_DFFE_PP_ for $techmap\soc.simpleuart.$0\send_pattern[9:0] [3] -> \soc.simpleuart.send_pattern [3].
  converting $_DFF_P_ cell $auto$simplemap.cc:420:simplemap_dff$16392 to $_DFFE_PP_ for $techmap\soc.simpleuart.$0\send_pattern[9:0] [4] -> \soc.simpleuart.send_pattern [4].
  converting $_DFF_P_ cell $auto$simplemap.cc:420:simplemap_dff$16393 to $_DFFE_PP_ for $techmap\soc.simpleuart.$0\send_pattern[9:0] [5] -> \soc.simpleuart.send_pattern [5].
  converting $_DFF_P_ cell $auto$simplemap.cc:420:simplemap_dff$16394 to $_DFFE_PP_ for $techmap\soc.simpleuart.$0\send_pattern[9:0] [6] -> \soc.simpleuart.send_pattern [6].
  converting $_DFF_P_ cell $auto$simplemap.cc:420:simplemap_dff$16395 to $_DFFE_PP_ for $techmap\soc.simpleuart.$0\send_pattern[9:0] [7] -> \soc.simpleuart.send_pattern [7].
  converting $_DFF_P_ cell $auto$simplemap.cc:420:simplemap_dff$16396 to $_DFFE_PP_ for $techmap\soc.simpleuart.$0\send_pattern[9:0] [8] -> \soc.simpleuart.send_pattern [8].
  converting $_DFF_P_ cell $auto$simplemap.cc:420:simplemap_dff$16397 to $_DFFE_PP_ for $techmap\soc.simpleuart.$0\send_pattern[9:0] [9] -> \soc.simpleuart.send_pattern [9].
  converting $_DFF_P_ cell $auto$simplemap.cc:420:simplemap_dff$17162 to $_DFFE_PP_ for $techmap\soc.spimemio.$0\config_en[0:0] -> \soc.spimemio.config_en.
  converting $_DFF_P_ cell $auto$simplemap.cc:420:simplemap_dff$17187 to $_DFFE_PP_ for $techmap\soc.spimemio.$0\config_do[3:0] [0] -> \soc.spimemio.config_do [0].
  converting $_DFF_P_ cell $auto$simplemap.cc:420:simplemap_dff$17188 to $_DFFE_PP_ for $techmap\soc.spimemio.$0\config_do[3:0] [1] -> \soc.spimemio.config_do [1].
  converting $_DFF_P_ cell $auto$simplemap.cc:420:simplemap_dff$17189 to $_DFFE_PP_ for $techmap\soc.spimemio.$0\config_do[3:0] [2] -> \soc.spimemio.config_do [2].
  converting $_DFF_P_ cell $auto$simplemap.cc:420:simplemap_dff$17190 to $_DFFE_PP_ for $techmap\soc.spimemio.$0\config_do[3:0] [3] -> \soc.spimemio.config_do [3].
  converting $_DFF_P_ cell $auto$simplemap.cc:420:simplemap_dff$17191 to $_DFFE_PP_ for $techmap\soc.spimemio.$0\config_clk[0:0] -> \soc.spimemio.config_clk.
  converting $_DFF_P_ cell $auto$simplemap.cc:420:simplemap_dff$17192 to $_DFFE_PP_ for $techmap\soc.spimemio.$0\config_csb[0:0] -> \soc.spimemio.config_csb.
  converting $_DFF_P_ cell $auto$simplemap.cc:420:simplemap_dff$17193 to $_DFFE_PP_ for $techmap\soc.spimemio.$0\config_oe[3:0] [0] -> \soc.spimemio.config_oe [0].
  converting $_DFF_P_ cell $auto$simplemap.cc:420:simplemap_dff$17194 to $_DFFE_PP_ for $techmap\soc.spimemio.$0\config_oe[3:0] [1] -> \soc.spimemio.config_oe [1].
  converting $_DFF_P_ cell $auto$simplemap.cc:420:simplemap_dff$17195 to $_DFFE_PP_ for $techmap\soc.spimemio.$0\config_oe[3:0] [2] -> \soc.spimemio.config_oe [2].
  converting $_DFF_P_ cell $auto$simplemap.cc:420:simplemap_dff$17196 to $_DFFE_PP_ for $techmap\soc.spimemio.$0\config_oe[3:0] [3] -> \soc.spimemio.config_oe [3].
  converting $_DFF_P_ cell $auto$simplemap.cc:420:simplemap_dff$17197 to $_DFFE_PP_ for $techmap\soc.spimemio.$0\config_dummy[3:0] [0] -> \soc.spimemio.config_dummy [0].
  converting $_DFF_P_ cell $auto$simplemap.cc:420:simplemap_dff$17198 to $_DFFE_PP_ for $techmap\soc.spimemio.$0\config_dummy[3:0] [1] -> \soc.spimemio.config_dummy [1].
  converting $_DFF_P_ cell $auto$simplemap.cc:420:simplemap_dff$17199 to $_DFFE_PP_ for $techmap\soc.spimemio.$0\config_dummy[3:0] [2] -> \soc.spimemio.config_dummy [2].
  converting $_DFF_P_ cell $auto$simplemap.cc:420:simplemap_dff$17200 to $_DFFE_PP_ for $techmap\soc.spimemio.$0\config_dummy[3:0] [3] -> \soc.spimemio.config_dummy [3].
  converting $_DFF_P_ cell $auto$simplemap.cc:420:simplemap_dff$17201 to $_DFFE_PP_ for $techmap\soc.spimemio.$0\config_cont[0:0] -> \soc.spimemio.config_cont.
  converting $_DFF_P_ cell $auto$simplemap.cc:420:simplemap_dff$17202 to $_DFFE_PP_ for $techmap\soc.spimemio.$0\config_qspi[0:0] -> \soc.spimemio.config_qspi.
  converting $_DFF_P_ cell $auto$simplemap.cc:420:simplemap_dff$17203 to $_DFFE_PP_ for $techmap\soc.spimemio.$0\config_ddr[0:0] -> \soc.spimemio.config_ddr.
  converting $_DFF_P_ cell $auto$simplemap.cc:420:simplemap_dff$17209 to $_DFFE_PP_ for $techmap\soc.spimemio.$0\state[3:0] [0] -> \soc.spimemio.state [0].
  converting $_DFF_P_ cell $auto$simplemap.cc:420:simplemap_dff$17210 to $_DFFE_PP_ for $techmap\soc.spimemio.$0\state[3:0] [1] -> \soc.spimemio.state [1].
  converting $_DFF_P_ cell $auto$simplemap.cc:420:simplemap_dff$17211 to $_DFFE_PP_ for $techmap\soc.spimemio.$0\state[3:0] [2] -> \soc.spimemio.state [2].
  converting $_DFF_P_ cell $auto$simplemap.cc:420:simplemap_dff$17212 to $_DFFE_PP_ for $techmap\soc.spimemio.$0\state[3:0] [3] -> \soc.spimemio.state [3].
  converting $_DFF_P_ cell $auto$simplemap.cc:420:simplemap_dff$17213 to $_DFFE_PP_ for $techmap\soc.spimemio.$0\rd_inc[0:0] -> \soc.spimemio.rd_inc.
  converting $_DFF_P_ cell $auto$simplemap.cc:420:simplemap_dff$17214 to $_DFFE_PP_ for $techmap\soc.spimemio.$0\rd_wait[0:0] -> \soc.spimemio.rd_wait.
  converting $_DFF_P_ cell $auto$simplemap.cc:420:simplemap_dff$17215 to $_DFFE_PP_ for $techmap\soc.spimemio.$0\rd_valid[0:0] -> \soc.spimemio.rd_valid.
  converting $_DFF_P_ cell $auto$simplemap.cc:420:simplemap_dff$17216 to $_DFFE_PP_ for $techmap\soc.spimemio.$0\rd_addr[23:0] [0] -> \soc.spimemio.rd_addr [0].
  converting $_DFF_P_ cell $auto$simplemap.cc:420:simplemap_dff$17217 to $_DFFE_PP_ for $techmap\soc.spimemio.$0\rd_addr[23:0] [1] -> \soc.spimemio.rd_addr [1].
  converting $_DFF_P_ cell $auto$simplemap.cc:420:simplemap_dff$17218 to $_DFFE_PP_ for $techmap\soc.spimemio.$0\rd_addr[23:0] [2] -> \soc.spimemio.rd_addr [2].
  converting $_DFF_P_ cell $auto$simplemap.cc:420:simplemap_dff$17219 to $_DFFE_PP_ for $techmap\soc.spimemio.$0\rd_addr[23:0] [3] -> \soc.spimemio.rd_addr [3].
  converting $_DFF_P_ cell $auto$simplemap.cc:420:simplemap_dff$17220 to $_DFFE_PP_ for $techmap\soc.spimemio.$0\rd_addr[23:0] [4] -> \soc.spimemio.rd_addr [4].
  converting $_DFF_P_ cell $auto$simplemap.cc:420:simplemap_dff$17221 to $_DFFE_PP_ for $techmap\soc.spimemio.$0\rd_addr[23:0] [5] -> \soc.spimemio.rd_addr [5].
  converting $_DFF_P_ cell $auto$simplemap.cc:420:simplemap_dff$17222 to $_DFFE_PP_ for $techmap\soc.spimemio.$0\rd_addr[23:0] [6] -> \soc.spimemio.rd_addr [6].
  converting $_DFF_P_ cell $auto$simplemap.cc:420:simplemap_dff$17223 to $_DFFE_PP_ for $techmap\soc.spimemio.$0\rd_addr[23:0] [7] -> \soc.spimemio.rd_addr [7].
  converting $_DFF_P_ cell $auto$simplemap.cc:420:simplemap_dff$17224 to $_DFFE_PP_ for $techmap\soc.spimemio.$0\rd_addr[23:0] [8] -> \soc.spimemio.rd_addr [8].
  converting $_DFF_P_ cell $auto$simplemap.cc:420:simplemap_dff$17225 to $_DFFE_PP_ for $techmap\soc.spimemio.$0\rd_addr[23:0] [9] -> \soc.spimemio.rd_addr [9].
  converting $_DFF_P_ cell $auto$simplemap.cc:420:simplemap_dff$17226 to $_DFFE_PP_ for $techmap\soc.spimemio.$0\rd_addr[23:0] [10] -> \soc.spimemio.rd_addr [10].
  converting $_DFF_P_ cell $auto$simplemap.cc:420:simplemap_dff$17227 to $_DFFE_PP_ for $techmap\soc.spimemio.$0\rd_addr[23:0] [11] -> \soc.spimemio.rd_addr [11].
  converting $_DFF_P_ cell $auto$simplemap.cc:420:simplemap_dff$17228 to $_DFFE_PP_ for $techmap\soc.spimemio.$0\rd_addr[23:0] [12] -> \soc.spimemio.rd_addr [12].
  converting $_DFF_P_ cell $auto$simplemap.cc:420:simplemap_dff$17229 to $_DFFE_PP_ for $techmap\soc.spimemio.$0\rd_addr[23:0] [13] -> \soc.spimemio.rd_addr [13].
  converting $_DFF_P_ cell $auto$simplemap.cc:420:simplemap_dff$17230 to $_DFFE_PP_ for $techmap\soc.spimemio.$0\rd_addr[23:0] [14] -> \soc.spimemio.rd_addr [14].
  converting $_DFF_P_ cell $auto$simplemap.cc:420:simplemap_dff$17231 to $_DFFE_PP_ for $techmap\soc.spimemio.$0\rd_addr[23:0] [15] -> \soc.spimemio.rd_addr [15].
  converting $_DFF_P_ cell $auto$simplemap.cc:420:simplemap_dff$17232 to $_DFFE_PP_ for $techmap\soc.spimemio.$0\rd_addr[23:0] [16] -> \soc.spimemio.rd_addr [16].
  converting $_DFF_P_ cell $auto$simplemap.cc:420:simplemap_dff$17233 to $_DFFE_PP_ for $techmap\soc.spimemio.$0\rd_addr[23:0] [17] -> \soc.spimemio.rd_addr [17].
  converting $_DFF_P_ cell $auto$simplemap.cc:420:simplemap_dff$17234 to $_DFFE_PP_ for $techmap\soc.spimemio.$0\rd_addr[23:0] [18] -> \soc.spimemio.rd_addr [18].
  converting $_DFF_P_ cell $auto$simplemap.cc:420:simplemap_dff$17235 to $_DFFE_PP_ for $techmap\soc.spimemio.$0\rd_addr[23:0] [19] -> \soc.spimemio.rd_addr [19].
  converting $_DFF_P_ cell $auto$simplemap.cc:420:simplemap_dff$17236 to $_DFFE_PP_ for $techmap\soc.spimemio.$0\rd_addr[23:0] [20] -> \soc.spimemio.rd_addr [20].
  converting $_DFF_P_ cell $auto$simplemap.cc:420:simplemap_dff$17237 to $_DFFE_PP_ for $techmap\soc.spimemio.$0\rd_addr[23:0] [21] -> \soc.spimemio.rd_addr [21].
  converting $_DFF_P_ cell $auto$simplemap.cc:420:simplemap_dff$17238 to $_DFFE_PP_ for $techmap\soc.spimemio.$0\rd_addr[23:0] [22] -> \soc.spimemio.rd_addr [22].
  converting $_DFF_P_ cell $auto$simplemap.cc:420:simplemap_dff$17239 to $_DFFE_PP_ for $techmap\soc.spimemio.$0\rd_addr[23:0] [23] -> \soc.spimemio.rd_addr [23].
  converting $_DFF_P_ cell $auto$simplemap.cc:420:simplemap_dff$17240 to $_DFFE_PP_ for $techmap\soc.spimemio.$0\buffer[23:0] [0] -> \soc.spimemio.buffer [0].
  converting $_DFF_P_ cell $auto$simplemap.cc:420:simplemap_dff$17241 to $_DFFE_PP_ for $techmap\soc.spimemio.$0\buffer[23:0] [1] -> \soc.spimemio.buffer [1].
  converting $_DFF_P_ cell $auto$simplemap.cc:420:simplemap_dff$17242 to $_DFFE_PP_ for $techmap\soc.spimemio.$0\buffer[23:0] [2] -> \soc.spimemio.buffer [2].
  converting $_DFF_P_ cell $auto$simplemap.cc:420:simplemap_dff$17243 to $_DFFE_PP_ for $techmap\soc.spimemio.$0\buffer[23:0] [3] -> \soc.spimemio.buffer [3].
  converting $_DFF_P_ cell $auto$simplemap.cc:420:simplemap_dff$17244 to $_DFFE_PP_ for $techmap\soc.spimemio.$0\buffer[23:0] [4] -> \soc.spimemio.buffer [4].
  converting $_DFF_P_ cell $auto$simplemap.cc:420:simplemap_dff$17245 to $_DFFE_PP_ for $techmap\soc.spimemio.$0\buffer[23:0] [5] -> \soc.spimemio.buffer [5].
  converting $_DFF_P_ cell $auto$simplemap.cc:420:simplemap_dff$17246 to $_DFFE_PP_ for $techmap\soc.spimemio.$0\buffer[23:0] [6] -> \soc.spimemio.buffer [6].
  converting $_DFF_P_ cell $auto$simplemap.cc:420:simplemap_dff$17247 to $_DFFE_PP_ for $techmap\soc.spimemio.$0\buffer[23:0] [7] -> \soc.spimemio.buffer [7].
  converting $_DFF_P_ cell $auto$simplemap.cc:420:simplemap_dff$17248 to $_DFFE_PP_ for $techmap\soc.spimemio.$0\buffer[23:0] [8] -> \soc.spimemio.buffer [8].
  converting $_DFF_P_ cell $auto$simplemap.cc:420:simplemap_dff$17249 to $_DFFE_PP_ for $techmap\soc.spimemio.$0\buffer[23:0] [9] -> \soc.spimemio.buffer [9].
  converting $_DFF_P_ cell $auto$simplemap.cc:420:simplemap_dff$17250 to $_DFFE_PP_ for $techmap\soc.spimemio.$0\buffer[23:0] [10] -> \soc.spimemio.buffer [10].
  converting $_DFF_P_ cell $auto$simplemap.cc:420:simplemap_dff$17251 to $_DFFE_PP_ for $techmap\soc.spimemio.$0\buffer[23:0] [11] -> \soc.spimemio.buffer [11].
  converting $_DFF_P_ cell $auto$simplemap.cc:420:simplemap_dff$17252 to $_DFFE_PP_ for $techmap\soc.spimemio.$0\buffer[23:0] [12] -> \soc.spimemio.buffer [12].
  converting $_DFF_P_ cell $auto$simplemap.cc:420:simplemap_dff$17253 to $_DFFE_PP_ for $techmap\soc.spimemio.$0\buffer[23:0] [13] -> \soc.spimemio.buffer [13].
  converting $_DFF_P_ cell $auto$simplemap.cc:420:simplemap_dff$17254 to $_DFFE_PP_ for $techmap\soc.spimemio.$0\buffer[23:0] [14] -> \soc.spimemio.buffer [14].
  converting $_DFF_P_ cell $auto$simplemap.cc:420:simplemap_dff$17255 to $_DFFE_PP_ for $techmap\soc.spimemio.$0\buffer[23:0] [15] -> \soc.spimemio.buffer [15].
  converting $_DFF_P_ cell $auto$simplemap.cc:420:simplemap_dff$17256 to $_DFFE_PP_ for $techmap\soc.spimemio.$0\buffer[23:0] [16] -> \soc.spimemio.buffer [16].
  converting $_DFF_P_ cell $auto$simplemap.cc:420:simplemap_dff$17257 to $_DFFE_PP_ for $techmap\soc.spimemio.$0\buffer[23:0] [17] -> \soc.spimemio.buffer [17].
  converting $_DFF_P_ cell $auto$simplemap.cc:420:simplemap_dff$17258 to $_DFFE_PP_ for $techmap\soc.spimemio.$0\buffer[23:0] [18] -> \soc.spimemio.buffer [18].
  converting $_DFF_P_ cell $auto$simplemap.cc:420:simplemap_dff$17259 to $_DFFE_PP_ for $techmap\soc.spimemio.$0\buffer[23:0] [19] -> \soc.spimemio.buffer [19].
  converting $_DFF_P_ cell $auto$simplemap.cc:420:simplemap_dff$17260 to $_DFFE_PP_ for $techmap\soc.spimemio.$0\buffer[23:0] [20] -> \soc.spimemio.buffer [20].
  converting $_DFF_P_ cell $auto$simplemap.cc:420:simplemap_dff$17261 to $_DFFE_PP_ for $techmap\soc.spimemio.$0\buffer[23:0] [21] -> \soc.spimemio.buffer [21].
  converting $_DFF_P_ cell $auto$simplemap.cc:420:simplemap_dff$17262 to $_DFFE_PP_ for $techmap\soc.spimemio.$0\buffer[23:0] [22] -> \soc.spimemio.buffer [22].
  converting $_DFF_P_ cell $auto$simplemap.cc:420:simplemap_dff$17263 to $_DFFE_PP_ for $techmap\soc.spimemio.$0\buffer[23:0] [23] -> \soc.spimemio.buffer [23].
  converting $_DFF_P_ cell $auto$simplemap.cc:420:simplemap_dff$17264 to $_DFFE_PP_ for $techmap\soc.spimemio.$0\din_rd[0:0] -> \soc.spimemio.din_rd.
  converting $_DFF_P_ cell $auto$simplemap.cc:420:simplemap_dff$17267 to $_DFFE_PP_ for $techmap\soc.spimemio.$0\din_tag[3:0] [0] -> \soc.spimemio.din_tag [0].
  converting $_DFF_P_ cell $auto$simplemap.cc:420:simplemap_dff$17268 to $_DFFE_PP_ for $techmap\soc.spimemio.$0\din_tag[3:0] [1] -> \soc.spimemio.din_tag [1].
  converting $_DFF_P_ cell $auto$simplemap.cc:420:simplemap_dff$17269 to $_DFFE_PP_ for $techmap\soc.spimemio.$0\din_tag[3:0] [2] -> \soc.spimemio.din_tag [2].
  converting $_DFF_P_ cell $auto$simplemap.cc:420:simplemap_dff$17270 to $_DFFE_PP_ for $techmap\soc.spimemio.$0\din_tag[3:0] [3] -> \soc.spimemio.din_tag [3].
  converting $_DFF_P_ cell $auto$simplemap.cc:420:simplemap_dff$17273 to $_DFFE_PP_ for $techmap\soc.spimemio.$0\din_data[7:0] [0] -> \soc.spimemio.din_data [0].
  converting $_DFF_P_ cell $auto$simplemap.cc:420:simplemap_dff$17274 to $_DFFE_PP_ for $techmap\soc.spimemio.$0\din_data[7:0] [1] -> \soc.spimemio.din_data [1].
  converting $_DFF_P_ cell $auto$simplemap.cc:420:simplemap_dff$17275 to $_DFFE_PP_ for $techmap\soc.spimemio.$0\din_data[7:0] [2] -> \soc.spimemio.din_data [2].
  converting $_DFF_P_ cell $auto$simplemap.cc:420:simplemap_dff$17276 to $_DFFE_PP_ for $techmap\soc.spimemio.$0\din_data[7:0] [3] -> \soc.spimemio.din_data [3].
  converting $_DFF_P_ cell $auto$simplemap.cc:420:simplemap_dff$17277 to $_DFFE_PP_ for $techmap\soc.spimemio.$0\din_data[7:0] [4] -> \soc.spimemio.din_data [4].
  converting $_DFF_P_ cell $auto$simplemap.cc:420:simplemap_dff$17278 to $_DFFE_PP_ for $techmap\soc.spimemio.$0\din_data[7:0] [5] -> \soc.spimemio.din_data [5].
  converting $_DFF_P_ cell $auto$simplemap.cc:420:simplemap_dff$17279 to $_DFFE_PP_ for $techmap\soc.spimemio.$0\din_data[7:0] [6] -> \soc.spimemio.din_data [6].
  converting $_DFF_P_ cell $auto$simplemap.cc:420:simplemap_dff$17280 to $_DFFE_PP_ for $techmap\soc.spimemio.$0\din_data[7:0] [7] -> \soc.spimemio.din_data [7].
  converting $_DFF_P_ cell $auto$simplemap.cc:420:simplemap_dff$17281 to $_DFFE_PP_ for $techmap\soc.spimemio.$0\rdata[31:0] [0] -> \soc.spimemio.rdata [0].
  converting $_DFF_P_ cell $auto$simplemap.cc:420:simplemap_dff$17282 to $_DFFE_PP_ for $techmap\soc.spimemio.$0\rdata[31:0] [1] -> \soc.spimemio.rdata [1].
  converting $_DFF_P_ cell $auto$simplemap.cc:420:simplemap_dff$17283 to $_DFFE_PP_ for $techmap\soc.spimemio.$0\rdata[31:0] [2] -> \soc.spimemio.rdata [2].
  converting $_DFF_P_ cell $auto$simplemap.cc:420:simplemap_dff$17284 to $_DFFE_PP_ for $techmap\soc.spimemio.$0\rdata[31:0] [3] -> \soc.spimemio.rdata [3].
  converting $_DFF_P_ cell $auto$simplemap.cc:420:simplemap_dff$17285 to $_DFFE_PP_ for $techmap\soc.spimemio.$0\rdata[31:0] [4] -> \soc.spimemio.rdata [4].
  converting $_DFF_P_ cell $auto$simplemap.cc:420:simplemap_dff$17286 to $_DFFE_PP_ for $techmap\soc.spimemio.$0\rdata[31:0] [5] -> \soc.spimemio.rdata [5].
  converting $_DFF_P_ cell $auto$simplemap.cc:420:simplemap_dff$17287 to $_DFFE_PP_ for $techmap\soc.spimemio.$0\rdata[31:0] [6] -> \soc.spimemio.rdata [6].
  converting $_DFF_P_ cell $auto$simplemap.cc:420:simplemap_dff$17288 to $_DFFE_PP_ for $techmap\soc.spimemio.$0\rdata[31:0] [7] -> \soc.spimemio.rdata [7].
  converting $_DFF_P_ cell $auto$simplemap.cc:420:simplemap_dff$17289 to $_DFFE_PP_ for $techmap\soc.spimemio.$0\rdata[31:0] [8] -> \soc.spimemio.rdata [8].
  converting $_DFF_P_ cell $auto$simplemap.cc:420:simplemap_dff$17290 to $_DFFE_PP_ for $techmap\soc.spimemio.$0\rdata[31:0] [9] -> \soc.spimemio.rdata [9].
  converting $_DFF_P_ cell $auto$simplemap.cc:420:simplemap_dff$17291 to $_DFFE_PP_ for $techmap\soc.spimemio.$0\rdata[31:0] [10] -> \soc.spimemio.rdata [10].
  converting $_DFF_P_ cell $auto$simplemap.cc:420:simplemap_dff$17292 to $_DFFE_PP_ for $techmap\soc.spimemio.$0\rdata[31:0] [11] -> \soc.spimemio.rdata [11].
  converting $_DFF_P_ cell $auto$simplemap.cc:420:simplemap_dff$17293 to $_DFFE_PP_ for $techmap\soc.spimemio.$0\rdata[31:0] [12] -> \soc.spimemio.rdata [12].
  converting $_DFF_P_ cell $auto$simplemap.cc:420:simplemap_dff$17294 to $_DFFE_PP_ for $techmap\soc.spimemio.$0\rdata[31:0] [13] -> \soc.spimemio.rdata [13].
  converting $_DFF_P_ cell $auto$simplemap.cc:420:simplemap_dff$17295 to $_DFFE_PP_ for $techmap\soc.spimemio.$0\rdata[31:0] [14] -> \soc.spimemio.rdata [14].
  converting $_DFF_P_ cell $auto$simplemap.cc:420:simplemap_dff$17296 to $_DFFE_PP_ for $techmap\soc.spimemio.$0\rdata[31:0] [15] -> \soc.spimemio.rdata [15].
  converting $_DFF_P_ cell $auto$simplemap.cc:420:simplemap_dff$17297 to $_DFFE_PP_ for $techmap\soc.spimemio.$0\rdata[31:0] [16] -> \soc.spimemio.rdata [16].
  converting $_DFF_P_ cell $auto$simplemap.cc:420:simplemap_dff$17298 to $_DFFE_PP_ for $techmap\soc.spimemio.$0\rdata[31:0] [17] -> \soc.spimemio.rdata [17].
  converting $_DFF_P_ cell $auto$simplemap.cc:420:simplemap_dff$17299 to $_DFFE_PP_ for $techmap\soc.spimemio.$0\rdata[31:0] [18] -> \soc.spimemio.rdata [18].
  converting $_DFF_P_ cell $auto$simplemap.cc:420:simplemap_dff$17300 to $_DFFE_PP_ for $techmap\soc.spimemio.$0\rdata[31:0] [19] -> \soc.spimemio.rdata [19].
  converting $_DFF_P_ cell $auto$simplemap.cc:420:simplemap_dff$17301 to $_DFFE_PP_ for $techmap\soc.spimemio.$0\rdata[31:0] [20] -> \soc.spimemio.rdata [20].
  converting $_DFF_P_ cell $auto$simplemap.cc:420:simplemap_dff$17302 to $_DFFE_PP_ for $techmap\soc.spimemio.$0\rdata[31:0] [21] -> \soc.spimemio.rdata [21].
  converting $_DFF_P_ cell $auto$simplemap.cc:420:simplemap_dff$17303 to $_DFFE_PP_ for $techmap\soc.spimemio.$0\rdata[31:0] [22] -> \soc.spimemio.rdata [22].
  converting $_DFF_P_ cell $auto$simplemap.cc:420:simplemap_dff$17304 to $_DFFE_PP_ for $techmap\soc.spimemio.$0\rdata[31:0] [23] -> \soc.spimemio.rdata [23].
  converting $_DFF_P_ cell $auto$simplemap.cc:420:simplemap_dff$17305 to $_DFFE_PP_ for $techmap\soc.spimemio.$0\rdata[31:0] [24] -> \soc.spimemio.rdata [24].
  converting $_DFF_P_ cell $auto$simplemap.cc:420:simplemap_dff$17306 to $_DFFE_PP_ for $techmap\soc.spimemio.$0\rdata[31:0] [25] -> \soc.spimemio.rdata [25].
  converting $_DFF_P_ cell $auto$simplemap.cc:420:simplemap_dff$17307 to $_DFFE_PP_ for $techmap\soc.spimemio.$0\rdata[31:0] [26] -> \soc.spimemio.rdata [26].
  converting $_DFF_P_ cell $auto$simplemap.cc:420:simplemap_dff$17308 to $_DFFE_PP_ for $techmap\soc.spimemio.$0\rdata[31:0] [27] -> \soc.spimemio.rdata [27].
  converting $_DFF_P_ cell $auto$simplemap.cc:420:simplemap_dff$17309 to $_DFFE_PP_ for $techmap\soc.spimemio.$0\rdata[31:0] [28] -> \soc.spimemio.rdata [28].
  converting $_DFF_P_ cell $auto$simplemap.cc:420:simplemap_dff$17310 to $_DFFE_PP_ for $techmap\soc.spimemio.$0\rdata[31:0] [29] -> \soc.spimemio.rdata [29].
  converting $_DFF_P_ cell $auto$simplemap.cc:420:simplemap_dff$17311 to $_DFFE_PP_ for $techmap\soc.spimemio.$0\rdata[31:0] [30] -> \soc.spimemio.rdata [30].
  converting $_DFF_P_ cell $auto$simplemap.cc:420:simplemap_dff$17312 to $_DFFE_PP_ for $techmap\soc.spimemio.$0\rdata[31:0] [31] -> \soc.spimemio.rdata [31].
  converting $_DFF_P_ cell $auto$simplemap.cc:420:simplemap_dff$18394 to $_DFFE_PP_ for $techmap\soc.spimemio.xfer.$0\dummy_count[3:0] [0] -> \soc.spimemio.xfer.dummy_count [0].
  converting $_DFF_P_ cell $auto$simplemap.cc:420:simplemap_dff$18395 to $_DFFE_PP_ for $techmap\soc.spimemio.xfer.$0\dummy_count[3:0] [1] -> \soc.spimemio.xfer.dummy_count [1].
  converting $_DFF_P_ cell $auto$simplemap.cc:420:simplemap_dff$18396 to $_DFFE_PP_ for $techmap\soc.spimemio.xfer.$0\dummy_count[3:0] [2] -> \soc.spimemio.xfer.dummy_count [2].
  converting $_DFF_P_ cell $auto$simplemap.cc:420:simplemap_dff$18397 to $_DFFE_PP_ for $techmap\soc.spimemio.xfer.$0\dummy_count[3:0] [3] -> \soc.spimemio.xfer.dummy_count [3].
  converting $_DFF_P_ cell $auto$simplemap.cc:420:simplemap_dff$18398 to $_DFFE_PP_ for $techmap\soc.spimemio.xfer.$0\count[3:0] [0] -> \soc.spimemio.xfer.count [0].
  converting $_DFF_P_ cell $auto$simplemap.cc:420:simplemap_dff$18399 to $_DFFE_PP_ for $techmap\soc.spimemio.xfer.$0\count[3:0] [1] -> \soc.spimemio.xfer.count [1].
  converting $_DFF_P_ cell $auto$simplemap.cc:420:simplemap_dff$18400 to $_DFFE_PP_ for $techmap\soc.spimemio.xfer.$0\count[3:0] [2] -> \soc.spimemio.xfer.count [2].
  converting $_DFF_P_ cell $auto$simplemap.cc:420:simplemap_dff$18401 to $_DFFE_PP_ for $techmap\soc.spimemio.xfer.$0\count[3:0] [3] -> \soc.spimemio.xfer.count [3].
  converting $_DFF_P_ cell $auto$simplemap.cc:420:simplemap_dff$18402 to $_DFFE_PP_ for $techmap\soc.spimemio.xfer.$0\ibuffer[7:0] [0] -> \soc.spimemio.xfer.ibuffer [0].
  converting $_DFF_P_ cell $auto$simplemap.cc:420:simplemap_dff$18403 to $_DFFE_PP_ for $techmap\soc.spimemio.xfer.$0\ibuffer[7:0] [1] -> \soc.spimemio.xfer.ibuffer [1].
  converting $_DFF_P_ cell $auto$simplemap.cc:420:simplemap_dff$18404 to $_DFFE_PP_ for $techmap\soc.spimemio.xfer.$0\ibuffer[7:0] [2] -> \soc.spimemio.xfer.ibuffer [2].
  converting $_DFF_P_ cell $auto$simplemap.cc:420:simplemap_dff$18405 to $_DFFE_PP_ for $techmap\soc.spimemio.xfer.$0\ibuffer[7:0] [3] -> \soc.spimemio.xfer.ibuffer [3].
  converting $_DFF_P_ cell $auto$simplemap.cc:420:simplemap_dff$18406 to $_DFFE_PP_ for $techmap\soc.spimemio.xfer.$0\ibuffer[7:0] [4] -> \soc.spimemio.xfer.ibuffer [4].
  converting $_DFF_P_ cell $auto$simplemap.cc:420:simplemap_dff$18407 to $_DFFE_PP_ for $techmap\soc.spimemio.xfer.$0\ibuffer[7:0] [5] -> \soc.spimemio.xfer.ibuffer [5].
  converting $_DFF_P_ cell $auto$simplemap.cc:420:simplemap_dff$18408 to $_DFFE_PP_ for $techmap\soc.spimemio.xfer.$0\ibuffer[7:0] [6] -> \soc.spimemio.xfer.ibuffer [6].
  converting $_DFF_P_ cell $auto$simplemap.cc:420:simplemap_dff$18409 to $_DFFE_PP_ for $techmap\soc.spimemio.xfer.$0\ibuffer[7:0] [7] -> \soc.spimemio.xfer.ibuffer [7].
  converting $_DFF_P_ cell $auto$simplemap.cc:420:simplemap_dff$18410 to $_DFFE_PP_ for $techmap\soc.spimemio.xfer.$0\obuffer[7:0] [0] -> \soc.spimemio.xfer.obuffer [0].
  converting $_DFF_P_ cell $auto$simplemap.cc:420:simplemap_dff$18411 to $_DFFE_PP_ for $techmap\soc.spimemio.xfer.$0\obuffer[7:0] [1] -> \soc.spimemio.xfer.obuffer [1].
  converting $_DFF_P_ cell $auto$simplemap.cc:420:simplemap_dff$18412 to $_DFFE_PP_ for $techmap\soc.spimemio.xfer.$0\obuffer[7:0] [2] -> \soc.spimemio.xfer.obuffer [2].
  converting $_DFF_P_ cell $auto$simplemap.cc:420:simplemap_dff$18413 to $_DFFE_PP_ for $techmap\soc.spimemio.xfer.$0\obuffer[7:0] [3] -> \soc.spimemio.xfer.obuffer [3].
  converting $_DFF_P_ cell $auto$simplemap.cc:420:simplemap_dff$18414 to $_DFFE_PP_ for $techmap\soc.spimemio.xfer.$0\obuffer[7:0] [4] -> \soc.spimemio.xfer.obuffer [4].
  converting $_DFF_P_ cell $auto$simplemap.cc:420:simplemap_dff$18415 to $_DFFE_PP_ for $techmap\soc.spimemio.xfer.$0\obuffer[7:0] [5] -> \soc.spimemio.xfer.obuffer [5].
  converting $_DFF_P_ cell $auto$simplemap.cc:420:simplemap_dff$18416 to $_DFFE_PP_ for $techmap\soc.spimemio.xfer.$0\obuffer[7:0] [6] -> \soc.spimemio.xfer.obuffer [6].
  converting $_DFF_P_ cell $auto$simplemap.cc:420:simplemap_dff$18417 to $_DFFE_PP_ for $techmap\soc.spimemio.xfer.$0\obuffer[7:0] [7] -> \soc.spimemio.xfer.obuffer [7].
  converting $_DFF_P_ cell $auto$simplemap.cc:420:simplemap_dff$18418 to $_DFFE_PP_ for $techmap\soc.spimemio.xfer.$0\xfer_tag[3:0] [0] -> \soc.spimemio.xfer.xfer_tag [0].
  converting $_DFF_P_ cell $auto$simplemap.cc:420:simplemap_dff$18419 to $_DFFE_PP_ for $techmap\soc.spimemio.xfer.$0\xfer_tag[3:0] [1] -> \soc.spimemio.xfer.xfer_tag [1].
  converting $_DFF_P_ cell $auto$simplemap.cc:420:simplemap_dff$18420 to $_DFFE_PP_ for $techmap\soc.spimemio.xfer.$0\xfer_tag[3:0] [2] -> \soc.spimemio.xfer.xfer_tag [2].
  converting $_DFF_P_ cell $auto$simplemap.cc:420:simplemap_dff$18421 to $_DFFE_PP_ for $techmap\soc.spimemio.xfer.$0\xfer_tag[3:0] [3] -> \soc.spimemio.xfer.xfer_tag [3].
  converting $_DFF_P_ cell $auto$simplemap.cc:420:simplemap_dff$18422 to $_DFFE_PP_ for $techmap\soc.spimemio.xfer.$0\xfer_rd[0:0] -> \soc.spimemio.xfer.xfer_rd.
  converting $_DFF_P_ cell $auto$simplemap.cc:420:simplemap_dff$18423 to $_DFFE_PP_ for $techmap\soc.spimemio.xfer.$0\xfer_qspi[0:0] -> \soc.spimemio.xfer.xfer_qspi.
  converting $_DFF_P_ cell $auto$simplemap.cc:420:simplemap_dff$18424 to $_DFFE_PP_ for $techmap\soc.spimemio.xfer.$0\xfer_ddr[0:0] -> \soc.spimemio.xfer.xfer_ddr.
  converting $_DFF_P_ cell $auto$simplemap.cc:420:simplemap_dff$18425 to $_DFFE_PP_ for $techmap\soc.spimemio.xfer.$0\xfer_dspi[0:0] -> \soc.spimemio.xfer.xfer_dspi.
  converting $_DFF_P_ cell $auto$simplemap.cc:420:simplemap_dff$18426 to $_DFFE_PP_ for $techmap\soc.spimemio.xfer.$0\flash_clk[0:0] -> \soc.spimemio.xfer.flash_clk.
  converting $_DFF_P_ cell $auto$simplemap.cc:420:simplemap_dff$18427 to $_DFFE_PP_ for $techmap\soc.spimemio.xfer.$0\flash_csb[0:0] -> \soc.spimemio.xfer.flash_csb.
  converting $_DFF_P_ cell $auto$simplemap.cc:420:simplemap_dff$7794 to $_DFFE_PP_ for $0\iomem_ready[0:0] -> \iomem_ready.
  converting $_DFF_P_ cell $auto$simplemap.cc:420:simplemap_dff$7795 to $_DFFE_PP_ for $0\iomem_rdata[31:0] [0] -> \iomem_rdata [0].
  converting $_DFF_P_ cell $auto$simplemap.cc:420:simplemap_dff$7796 to $_DFFE_PP_ for $0\iomem_rdata[31:0] [1] -> \iomem_rdata [1].
  converting $_DFF_P_ cell $auto$simplemap.cc:420:simplemap_dff$7797 to $_DFFE_PP_ for $0\iomem_rdata[31:0] [2] -> \iomem_rdata [2].
  converting $_DFF_P_ cell $auto$simplemap.cc:420:simplemap_dff$7798 to $_DFFE_PP_ for $0\iomem_rdata[31:0] [3] -> \iomem_rdata [3].
  converting $_DFF_P_ cell $auto$simplemap.cc:420:simplemap_dff$7799 to $_DFFE_PP_ for $0\iomem_rdata[31:0] [4] -> \iomem_rdata [4].
  converting $_DFF_P_ cell $auto$simplemap.cc:420:simplemap_dff$7800 to $_DFFE_PP_ for $0\iomem_rdata[31:0] [5] -> \iomem_rdata [5].
  converting $_DFF_P_ cell $auto$simplemap.cc:420:simplemap_dff$7801 to $_DFFE_PP_ for $0\iomem_rdata[31:0] [6] -> \iomem_rdata [6].
  converting $_DFF_P_ cell $auto$simplemap.cc:420:simplemap_dff$7802 to $_DFFE_PP_ for $0\iomem_rdata[31:0] [7] -> \iomem_rdata [7].
  converting $_DFF_P_ cell $auto$simplemap.cc:420:simplemap_dff$7803 to $_DFFE_PP_ for $0\iomem_rdata[31:0] [8] -> \iomem_rdata [8].
  converting $_DFF_P_ cell $auto$simplemap.cc:420:simplemap_dff$7804 to $_DFFE_PP_ for $0\iomem_rdata[31:0] [9] -> \iomem_rdata [9].
  converting $_DFF_P_ cell $auto$simplemap.cc:420:simplemap_dff$7805 to $_DFFE_PP_ for $0\iomem_rdata[31:0] [10] -> \iomem_rdata [10].
  converting $_DFF_P_ cell $auto$simplemap.cc:420:simplemap_dff$7806 to $_DFFE_PP_ for $0\iomem_rdata[31:0] [11] -> \iomem_rdata [11].
  converting $_DFF_P_ cell $auto$simplemap.cc:420:simplemap_dff$7807 to $_DFFE_PP_ for $0\iomem_rdata[31:0] [12] -> \iomem_rdata [12].
  converting $_DFF_P_ cell $auto$simplemap.cc:420:simplemap_dff$7808 to $_DFFE_PP_ for $0\iomem_rdata[31:0] [13] -> \iomem_rdata [13].
  converting $_DFF_P_ cell $auto$simplemap.cc:420:simplemap_dff$7809 to $_DFFE_PP_ for $0\iomem_rdata[31:0] [14] -> \iomem_rdata [14].
  converting $_DFF_P_ cell $auto$simplemap.cc:420:simplemap_dff$7810 to $_DFFE_PP_ for $0\iomem_rdata[31:0] [15] -> \iomem_rdata [15].
  converting $_DFF_P_ cell $auto$simplemap.cc:420:simplemap_dff$7811 to $_DFFE_PP_ for $0\iomem_rdata[31:0] [16] -> \iomem_rdata [16].
  converting $_DFF_P_ cell $auto$simplemap.cc:420:simplemap_dff$7812 to $_DFFE_PP_ for $0\iomem_rdata[31:0] [17] -> \iomem_rdata [17].
  converting $_DFF_P_ cell $auto$simplemap.cc:420:simplemap_dff$7813 to $_DFFE_PP_ for $0\iomem_rdata[31:0] [18] -> \iomem_rdata [18].
  converting $_DFF_P_ cell $auto$simplemap.cc:420:simplemap_dff$7814 to $_DFFE_PP_ for $0\iomem_rdata[31:0] [19] -> \iomem_rdata [19].
  converting $_DFF_P_ cell $auto$simplemap.cc:420:simplemap_dff$7815 to $_DFFE_PP_ for $0\iomem_rdata[31:0] [20] -> \iomem_rdata [20].
  converting $_DFF_P_ cell $auto$simplemap.cc:420:simplemap_dff$7816 to $_DFFE_PP_ for $0\iomem_rdata[31:0] [21] -> \iomem_rdata [21].
  converting $_DFF_P_ cell $auto$simplemap.cc:420:simplemap_dff$7817 to $_DFFE_PP_ for $0\iomem_rdata[31:0] [22] -> \iomem_rdata [22].
  converting $_DFF_P_ cell $auto$simplemap.cc:420:simplemap_dff$7818 to $_DFFE_PP_ for $0\iomem_rdata[31:0] [23] -> \iomem_rdata [23].
  converting $_DFF_P_ cell $auto$simplemap.cc:420:simplemap_dff$7819 to $_DFFE_PP_ for $0\iomem_rdata[31:0] [24] -> \iomem_rdata [24].
  converting $_DFF_P_ cell $auto$simplemap.cc:420:simplemap_dff$7820 to $_DFFE_PP_ for $0\iomem_rdata[31:0] [25] -> \iomem_rdata [25].
  converting $_DFF_P_ cell $auto$simplemap.cc:420:simplemap_dff$7821 to $_DFFE_PP_ for $0\iomem_rdata[31:0] [26] -> \iomem_rdata [26].
  converting $_DFF_P_ cell $auto$simplemap.cc:420:simplemap_dff$7822 to $_DFFE_PP_ for $0\iomem_rdata[31:0] [27] -> \iomem_rdata [27].
  converting $_DFF_P_ cell $auto$simplemap.cc:420:simplemap_dff$7823 to $_DFFE_PP_ for $0\iomem_rdata[31:0] [28] -> \iomem_rdata [28].
  converting $_DFF_P_ cell $auto$simplemap.cc:420:simplemap_dff$7824 to $_DFFE_PP_ for $0\iomem_rdata[31:0] [29] -> \iomem_rdata [29].
  converting $_DFF_P_ cell $auto$simplemap.cc:420:simplemap_dff$7825 to $_DFFE_PP_ for $0\iomem_rdata[31:0] [30] -> \iomem_rdata [30].
  converting $_DFF_P_ cell $auto$simplemap.cc:420:simplemap_dff$7826 to $_DFFE_PP_ for $0\iomem_rdata[31:0] [31] -> \iomem_rdata [31].
  converting $_DFF_P_ cell $auto$simplemap.cc:420:simplemap_dff$7827 to $_DFFE_PP_ for $0\gpio[31:0] [0] -> \gpio [0].
  converting $_DFF_P_ cell $auto$simplemap.cc:420:simplemap_dff$7828 to $_DFFE_PP_ for $0\gpio[31:0] [1] -> \gpio [1].
  converting $_DFF_P_ cell $auto$simplemap.cc:420:simplemap_dff$7829 to $_DFFE_PP_ for $0\gpio[31:0] [2] -> \gpio [2].
  converting $_DFF_P_ cell $auto$simplemap.cc:420:simplemap_dff$7830 to $_DFFE_PP_ for $0\gpio[31:0] [3] -> \gpio [3].
  converting $_DFF_P_ cell $auto$simplemap.cc:420:simplemap_dff$7831 to $_DFFE_PP_ for $0\gpio[31:0] [4] -> \gpio [4].
  converting $_DFF_P_ cell $auto$simplemap.cc:420:simplemap_dff$7832 to $_DFFE_PP_ for $0\gpio[31:0] [5] -> \gpio [5].
  converting $_DFF_P_ cell $auto$simplemap.cc:420:simplemap_dff$7833 to $_DFFE_PP_ for $0\gpio[31:0] [6] -> \gpio [6].
  converting $_DFF_P_ cell $auto$simplemap.cc:420:simplemap_dff$7834 to $_DFFE_PP_ for $0\gpio[31:0] [7] -> \gpio [7].
  converting $_DFF_P_ cell $auto$simplemap.cc:420:simplemap_dff$7835 to $_DFFE_PP_ for $0\gpio[31:0] [8] -> \gpio [8].
  converting $_DFF_P_ cell $auto$simplemap.cc:420:simplemap_dff$7836 to $_DFFE_PP_ for $0\gpio[31:0] [9] -> \gpio [9].
  converting $_DFF_P_ cell $auto$simplemap.cc:420:simplemap_dff$7837 to $_DFFE_PP_ for $0\gpio[31:0] [10] -> \gpio [10].
  converting $_DFF_P_ cell $auto$simplemap.cc:420:simplemap_dff$7838 to $_DFFE_PP_ for $0\gpio[31:0] [11] -> \gpio [11].
  converting $_DFF_P_ cell $auto$simplemap.cc:420:simplemap_dff$7839 to $_DFFE_PP_ for $0\gpio[31:0] [12] -> \gpio [12].
  converting $_DFF_P_ cell $auto$simplemap.cc:420:simplemap_dff$7840 to $_DFFE_PP_ for $0\gpio[31:0] [13] -> \gpio [13].
  converting $_DFF_P_ cell $auto$simplemap.cc:420:simplemap_dff$7841 to $_DFFE_PP_ for $0\gpio[31:0] [14] -> \gpio [14].
  converting $_DFF_P_ cell $auto$simplemap.cc:420:simplemap_dff$7842 to $_DFFE_PP_ for $0\gpio[31:0] [15] -> \gpio [15].
  converting $_DFF_P_ cell $auto$simplemap.cc:420:simplemap_dff$7843 to $_DFFE_PP_ for $0\gpio[31:0] [16] -> \gpio [16].
  converting $_DFF_P_ cell $auto$simplemap.cc:420:simplemap_dff$7844 to $_DFFE_PP_ for $0\gpio[31:0] [17] -> \gpio [17].
  converting $_DFF_P_ cell $auto$simplemap.cc:420:simplemap_dff$7845 to $_DFFE_PP_ for $0\gpio[31:0] [18] -> \gpio [18].
  converting $_DFF_P_ cell $auto$simplemap.cc:420:simplemap_dff$7846 to $_DFFE_PP_ for $0\gpio[31:0] [19] -> \gpio [19].
  converting $_DFF_P_ cell $auto$simplemap.cc:420:simplemap_dff$7847 to $_DFFE_PP_ for $0\gpio[31:0] [20] -> \gpio [20].
  converting $_DFF_P_ cell $auto$simplemap.cc:420:simplemap_dff$7848 to $_DFFE_PP_ for $0\gpio[31:0] [21] -> \gpio [21].
  converting $_DFF_P_ cell $auto$simplemap.cc:420:simplemap_dff$7849 to $_DFFE_PP_ for $0\gpio[31:0] [22] -> \gpio [22].
  converting $_DFF_P_ cell $auto$simplemap.cc:420:simplemap_dff$7850 to $_DFFE_PP_ for $0\gpio[31:0] [23] -> \gpio [23].
  converting $_DFF_P_ cell $auto$simplemap.cc:420:simplemap_dff$7851 to $_DFFE_PP_ for $0\gpio[31:0] [24] -> \gpio [24].
  converting $_DFF_P_ cell $auto$simplemap.cc:420:simplemap_dff$7852 to $_DFFE_PP_ for $0\gpio[31:0] [25] -> \gpio [25].
  converting $_DFF_P_ cell $auto$simplemap.cc:420:simplemap_dff$7853 to $_DFFE_PP_ for $0\gpio[31:0] [26] -> \gpio [26].
  converting $_DFF_P_ cell $auto$simplemap.cc:420:simplemap_dff$7854 to $_DFFE_PP_ for $0\gpio[31:0] [27] -> \gpio [27].
  converting $_DFF_P_ cell $auto$simplemap.cc:420:simplemap_dff$7855 to $_DFFE_PP_ for $0\gpio[31:0] [28] -> \gpio [28].
  converting $_DFF_P_ cell $auto$simplemap.cc:420:simplemap_dff$7856 to $_DFFE_PP_ for $0\gpio[31:0] [29] -> \gpio [29].
  converting $_DFF_P_ cell $auto$simplemap.cc:420:simplemap_dff$7857 to $_DFFE_PP_ for $0\gpio[31:0] [30] -> \gpio [30].
  converting $_DFF_P_ cell $auto$simplemap.cc:420:simplemap_dff$7858 to $_DFFE_PP_ for $0\gpio[31:0] [31] -> \gpio [31].

7.35. Executing TECHMAP pass (map to technology primitives).

7.35.1. Executing Verilog-2005 frontend: /usr/bin/../share/yosys/ice40/cells_map.v
Parsing Verilog input from `/usr/bin/../share/yosys/ice40/cells_map.v' to AST representation.
Generating RTLIL representation for module `\$_DFF_N_'.
Generating RTLIL representation for module `\$_DFF_P_'.
Generating RTLIL representation for module `\$_DFFE_NN_'.
Generating RTLIL representation for module `\$_DFFE_PN_'.
Generating RTLIL representation for module `\$_DFFE_NP_'.
Generating RTLIL representation for module `\$_DFFE_PP_'.
Generating RTLIL representation for module `\$_DFF_NN0_'.
Generating RTLIL representation for module `\$_DFF_NN1_'.
Generating RTLIL representation for module `\$_DFF_PN0_'.
Generating RTLIL representation for module `\$_DFF_PN1_'.
Generating RTLIL representation for module `\$_DFF_NP0_'.
Generating RTLIL representation for module `\$_DFF_NP1_'.
Generating RTLIL representation for module `\$_DFF_PP0_'.
Generating RTLIL representation for module `\$_DFF_PP1_'.
Generating RTLIL representation for module `\$__DFFE_NN0'.
Generating RTLIL representation for module `\$__DFFE_NN1'.
Generating RTLIL representation for module `\$__DFFE_PN0'.
Generating RTLIL representation for module `\$__DFFE_PN1'.
Generating RTLIL representation for module `\$__DFFE_NP0'.
Generating RTLIL representation for module `\$__DFFE_NP1'.
Generating RTLIL representation for module `\$__DFFE_PP0'.
Generating RTLIL representation for module `\$__DFFE_PP1'.
Successfully finished Verilog frontend.

7.35.2. Continuing TECHMAP pass.
Using template \$_DFF_P_ for cells of type $_DFF_P_.
Using template \$_DFFE_PP_ for cells of type $_DFFE_PP_.
Using template \$_DFF_N_ for cells of type $_DFF_N_.
No more expansions possible.
<suppressed ~989 debug messages>

7.36. Executing OPT_EXPR pass (perform const folding).
Optimizing module icebreaker_fit.
<suppressed ~2763 debug messages>

7.37. Executing SIMPLEMAP pass (map simple cells to gate primitives).

7.38. Executing ICE40_FFINIT pass (implement FF init values).
Handling FF init values in icebreaker_fit.
FF init value for cell $auto$simplemap.cc:420:simplemap_dff$7862 (SB_DFF): \reset_cnt [3] = 0
FF init value for cell $auto$simplemap.cc:420:simplemap_dff$7864 (SB_DFF): \reset_cnt [5] = 0
FF init value for cell $auto$simplemap.cc:420:simplemap_dff$7859 (SB_DFF): \reset_cnt [0] = 0
FF init value for cell $auto$simplemap.cc:420:simplemap_dff$7860 (SB_DFF): \reset_cnt [1] = 0
FF init value for cell $auto$simplemap.cc:420:simplemap_dff$7861 (SB_DFF): \reset_cnt [2] = 0
FF init value for cell $auto$simplemap.cc:420:simplemap_dff$7863 (SB_DFF): \reset_cnt [4] = 0

7.39. Executing ICE40_FFSSR pass (merge synchronous set/reset into FF cells).
Merging set/reset $_MUX_ cells into SB_FFs in icebreaker_fit.
  Merging $auto$simplemap.cc:277:simplemap_mux$16609 (A=1'0, B=\soc.simpleuart.recv_pattern [1], S=\resetn) into $auto$simplemap.cc:420:simplemap_dff$11128 (SB_DFFE).
  Merging $auto$simplemap.cc:277:simplemap_mux$16614 (A=1'0, B=\soc.simpleuart.recv_pattern [6], S=\resetn) into $auto$simplemap.cc:420:simplemap_dff$11133 (SB_DFFE).
  Merging $auto$simplemap.cc:277:simplemap_mux$16610 (A=1'0, B=\soc.simpleuart.recv_pattern [2], S=\resetn) into $auto$simplemap.cc:420:simplemap_dff$11129 (SB_DFFE).
  Merging $auto$simplemap.cc:277:simplemap_mux$16611 (A=1'0, B=\soc.simpleuart.recv_pattern [3], S=\resetn) into $auto$simplemap.cc:420:simplemap_dff$11130 (SB_DFFE).
  Merging $auto$simplemap.cc:277:simplemap_mux$16612 (A=1'0, B=\soc.simpleuart.recv_pattern [4], S=\resetn) into $auto$simplemap.cc:420:simplemap_dff$11131 (SB_DFFE).
  Merging $auto$simplemap.cc:277:simplemap_mux$16613 (A=1'0, B=\soc.simpleuart.recv_pattern [5], S=\resetn) into $auto$simplemap.cc:420:simplemap_dff$11132 (SB_DFFE).
  Merging $auto$simplemap.cc:277:simplemap_mux$16615 (A=1'0, B=\soc.simpleuart.recv_pattern [7], S=\resetn) into $auto$simplemap.cc:420:simplemap_dff$11134 (SB_DFFE).
  Merging $auto$simplemap.cc:277:simplemap_mux$11715 (A=1'0, B=$techmap\soc.$logic_and$picosoc.v:209$1136_Y, S=\resetn) into $auto$simplemap.cc:420:simplemap_dff$11137 (SB_DFF).
  Merging $auto$simplemap.cc:277:simplemap_mux$11713 (A=1'0, B=$techmap\soc.cpu.$procmux$5236_Y, S=\resetn) into $auto$simplemap.cc:420:simplemap_dff$11138 (SB_DFF).
  Merging $auto$simplemap.cc:277:simplemap_mux$16608 (A=1'0, B=\soc.simpleuart.recv_pattern [0], S=\resetn) into $auto$simplemap.cc:420:simplemap_dff$11127 (SB_DFFE).
  Merging $auto$simplemap.cc:277:simplemap_mux$14213 (A=1'0, B=$techmap\soc.cpu.$and$../picorv32.v:1546$2375_Y [9], S=\resetn) into $auto$simplemap.cc:420:simplemap_dff$11490 (SB_DFFE).
  Merging $auto$simplemap.cc:277:simplemap_mux$12342 (A=$techmap\soc.cpu.$procmux$4892_Y, B=1'0, S=\soc.cpu.clear_prefetched_high_word) into $auto$simplemap.cc:420:simplemap_dff$11187 (SB_DFFE).
  Merging $auto$simplemap.cc:277:simplemap_mux$12301 (A=$techmap$techmap\soc.cpu.$procmux$4910.$reduce_or$/usr/bin/../share/yosys/techmap.v:441$12321_Y, B=1'0, S=$techmap\soc.cpu.$logic_or$../picorv32.v:581$1993_Y) into $auto$simplemap.cc:420:simplemap_dff$11189 (SB_DFFE).
  Merging $auto$simplemap.cc:277:simplemap_mux$12300 (A=$techmap$techmap\soc.cpu.$procmux$4910.$reduce_or$/usr/bin/../share/yosys/techmap.v:441$12320_Y, B=1'0, S=$techmap\soc.cpu.$logic_or$../picorv32.v:581$1993_Y) into $auto$simplemap.cc:420:simplemap_dff$11188 (SB_DFFE).
  Merging $auto$simplemap.cc:277:simplemap_mux$13785 (A=1'0, B=$techmap\soc.cpu.$procmux$3799_Y [29], S=\resetn) into $auto$simplemap.cc:420:simplemap_dff$11478 (SB_DFF).
  Merging $auto$simplemap.cc:277:simplemap_mux$14233 (A=1'0, B=$techmap\soc.cpu.$and$../picorv32.v:1546$2375_Y [29], S=\resetn) into $auto$simplemap.cc:420:simplemap_dff$11510 (SB_DFFE).
  Merging $auto$simplemap.cc:277:simplemap_mux$13681 (A=1'1, B=\soc.cpu.cpuregs_rs1 [21], S=\resetn) into $auto$simplemap.cc:420:simplemap_dff$11534 (SB_DFFE).
  Merging $auto$simplemap.cc:277:simplemap_mux$13039 (A=1'0, B=$auto$alumacc.cc:474:replace_alu$6572.AA [27], S=\resetn) into $auto$simplemap.cc:420:simplemap_dff$11707 (SB_DFFE).
  Merging $auto$simplemap.cc:277:simplemap_mux$14107 (A=1'0, B=\soc.cpu.cpu_state [0], S=\resetn) into $auto$simplemap.cc:420:simplemap_dff$11712 (SB_DFF).
  Merging $auto$simplemap.cc:277:simplemap_mux$12339 (A=\soc.cpu.mem_la_read, B=1'0, S=$techmap\soc.cpu.$logic_or$../picorv32.v:581$1993_Y) into $auto$simplemap.cc:420:simplemap_dff$11125 (SB_DFFE).
  Merging $auto$simplemap.cc:277:simplemap_mux$12150 (A=$techmap$techmap\soc.cpu.$procmux$4968.$reduce_or$/usr/bin/../share/yosys/techmap.v:441$12144_Y, B=1'0, S=$techmap\soc.cpu.$logic_or$../picorv32.v:581$1993_Y) into $auto$simplemap.cc:420:simplemap_dff$11258 (SB_DFFE).
  Merging $auto$simplemap.cc:277:simplemap_mux$12753 (A=1'0, B=$techmap\soc.cpu.$procmux$4353_Y, S=\resetn) into $auto$simplemap.cc:420:simplemap_dff$11259 (SB_DFF).
  Merging $auto$simplemap.cc:277:simplemap_mux$12768 (A=1'0, B=$techmap\soc.cpu.$procmux$4310_Y, S=\resetn) into $auto$simplemap.cc:420:simplemap_dff$11262 (SB_DFFE).
  Merging $auto$simplemap.cc:311:simplemap_lut$10714 (A=1'1, B=$auto$simplemap.cc:309:simplemap_lut$10710 [1], S=\soc.cpu.mem_rdata_latched [1]) into $auto$simplemap.cc:420:simplemap_dff$11271 (SB_DFFE).
  Merging $auto$simplemap.cc:277:simplemap_mux$14222 (A=1'0, B=$techmap\soc.cpu.$and$../picorv32.v:1546$2375_Y [18], S=\resetn) into $auto$simplemap.cc:420:simplemap_dff$11499 (SB_DFFE).
  Merging $auto$simplemap.cc:277:simplemap_mux$14196 (A=1'0, B=$techmap\soc.cpu.$procmux$3008_Y, S=\resetn) into $auto$simplemap.cc:420:simplemap_dff$11427 (SB_DFF).
  Merging $auto$simplemap.cc:277:simplemap_mux$14092 (A=1'1, B=$techmap$techmap\soc.cpu.$procmux$3249.$reduce_or$/usr/bin/../share/yosys/techmap.v:441$12087_Y, S=\resetn) into $auto$simplemap.cc:420:simplemap_dff$11429 (SB_DFFE).
  Merging $auto$simplemap.cc:277:simplemap_mux$14093 (A=1'0, B=$techmap$techmap\soc.cpu.$procmux$3249.$reduce_or$/usr/bin/../share/yosys/techmap.v:441$12088_Y, S=\resetn) into $auto$simplemap.cc:420:simplemap_dff$11430 (SB_DFFE).
  Merging $auto$simplemap.cc:277:simplemap_mux$22334 (A=1'0, B=$techmap$techmap\soc.cpu.$procmux$4358.$reduce_or$/usr/bin/../share/yosys/techmap.v:441$12731_Y, S=$techmap$techmap\soc.cpu.$procmux$4358.$reduce_or$/usr/bin/../share/yosys/techmap.v:445$12714_Y) into $auto$simplemap.cc:420:simplemap_dff$11314 (SB_DFFE).
  Merging $auto$simplemap.cc:277:simplemap_mux$14095 (A=1'0, B=$techmap$techmap\soc.cpu.$procmux$3249.$reduce_or$/usr/bin/../share/yosys/techmap.v:441$12090_Y, S=\resetn) into $auto$simplemap.cc:420:simplemap_dff$11432 (SB_DFFE).
  Merging $auto$simplemap.cc:277:simplemap_mux$14064 (A=1'0, B=$techmap\soc.cpu.$ternary$../picorv32.v:1574$2399_Y [1], S=\resetn) into $auto$simplemap.cc:420:simplemap_dff$11440 (SB_DFFE).
  Merging $auto$simplemap.cc:277:simplemap_mux$13757 (A=1'0, B=$techmap\soc.cpu.$procmux$3799_Y [1], S=\resetn) into $auto$simplemap.cc:420:simplemap_dff$11450 (SB_DFF).
  Merging $auto$simplemap.cc:277:simplemap_mux$13759 (A=1'0, B=$techmap\soc.cpu.$procmux$3799_Y [3], S=\resetn) into $auto$simplemap.cc:420:simplemap_dff$11452 (SB_DFF).
  Merging $auto$simplemap.cc:277:simplemap_mux$13760 (A=1'0, B=$techmap\soc.cpu.$procmux$3799_Y [4], S=\resetn) into $auto$simplemap.cc:420:simplemap_dff$11453 (SB_DFF).
  Merging $auto$simplemap.cc:277:simplemap_mux$13761 (A=1'0, B=$techmap\soc.cpu.$procmux$3799_Y [5], S=\resetn) into $auto$simplemap.cc:420:simplemap_dff$11454 (SB_DFF).
  Merging $auto$simplemap.cc:277:simplemap_mux$13762 (A=1'0, B=$techmap\soc.cpu.$procmux$3799_Y [6], S=\resetn) into $auto$simplemap.cc:420:simplemap_dff$11455 (SB_DFF).
  Merging $auto$simplemap.cc:277:simplemap_mux$13763 (A=1'0, B=$techmap\soc.cpu.$procmux$3799_Y [7], S=\resetn) into $auto$simplemap.cc:420:simplemap_dff$11456 (SB_DFF).
  Merging $auto$simplemap.cc:277:simplemap_mux$13764 (A=1'0, B=$techmap\soc.cpu.$procmux$3799_Y [8], S=\resetn) into $auto$simplemap.cc:420:simplemap_dff$11457 (SB_DFF).
  Merging $auto$simplemap.cc:277:simplemap_mux$13765 (A=1'0, B=$techmap\soc.cpu.$procmux$3799_Y [9], S=\resetn) into $auto$simplemap.cc:420:simplemap_dff$11458 (SB_DFF).
  Merging $auto$simplemap.cc:277:simplemap_mux$13766 (A=1'0, B=$techmap\soc.cpu.$procmux$3799_Y [10], S=\resetn) into $auto$simplemap.cc:420:simplemap_dff$11459 (SB_DFF).
  Merging $auto$simplemap.cc:277:simplemap_mux$13767 (A=1'0, B=$techmap\soc.cpu.$procmux$3799_Y [11], S=\resetn) into $auto$simplemap.cc:420:simplemap_dff$11460 (SB_DFF).
  Merging $auto$simplemap.cc:277:simplemap_mux$13768 (A=1'0, B=$techmap\soc.cpu.$procmux$3799_Y [12], S=\resetn) into $auto$simplemap.cc:420:simplemap_dff$11461 (SB_DFF).
  Merging $auto$simplemap.cc:277:simplemap_mux$13769 (A=1'0, B=$techmap\soc.cpu.$procmux$3799_Y [13], S=\resetn) into $auto$simplemap.cc:420:simplemap_dff$11462 (SB_DFF).
  Merging $auto$simplemap.cc:277:simplemap_mux$13770 (A=1'0, B=$techmap\soc.cpu.$procmux$3799_Y [14], S=\resetn) into $auto$simplemap.cc:420:simplemap_dff$11463 (SB_DFF).
  Merging $auto$simplemap.cc:277:simplemap_mux$22351 (A=1'0, B=$techmap$techmap\soc.cpu.$procmux$4358.$reduce_or$/usr/bin/../share/yosys/techmap.v:441$12748_Y, S=$techmap$techmap\soc.cpu.$procmux$4358.$reduce_or$/usr/bin/../share/yosys/techmap.v:445$12714_Y) into $auto$simplemap.cc:420:simplemap_dff$11331 (SB_DFFE).
  Merging $auto$simplemap.cc:277:simplemap_mux$13773 (A=1'0, B=$techmap\soc.cpu.$procmux$3799_Y [17], S=\resetn) into $auto$simplemap.cc:420:simplemap_dff$11466 (SB_DFF).
  Merging $auto$simplemap.cc:277:simplemap_mux$13772 (A=1'0, B=$techmap\soc.cpu.$procmux$3799_Y [16], S=\resetn) into $auto$simplemap.cc:420:simplemap_dff$11465 (SB_DFF).
  Merging $auto$simplemap.cc:277:simplemap_mux$13775 (A=1'0, B=$techmap\soc.cpu.$procmux$3799_Y [19], S=\resetn) into $auto$simplemap.cc:420:simplemap_dff$11468 (SB_DFF).
  Merging $auto$simplemap.cc:277:simplemap_mux$22332 (A=1'0, B=$techmap$techmap\soc.cpu.$procmux$4358.$reduce_or$/usr/bin/../share/yosys/techmap.v:441$12729_Y, S=$techmap$techmap\soc.cpu.$procmux$4358.$reduce_or$/usr/bin/../share/yosys/techmap.v:445$12714_Y) into $auto$simplemap.cc:420:simplemap_dff$11312 (SB_DFFE).
  Merging $auto$simplemap.cc:277:simplemap_mux$12527 (A=1'0, B=$techmap\soc.cpu.$logic_and$../picorv32.v:1087$2173_Y, S=\resetn) into $auto$simplemap.cc:420:simplemap_dff$11362 (SB_DFFE).
  Merging $auto$simplemap.cc:277:simplemap_mux$12541 (A=1'0, B=$techmap\soc.cpu.$logic_and$../picorv32.v:1103$2230_Y, S=\resetn) into $auto$simplemap.cc:420:simplemap_dff$11355 (SB_DFFE).
  Merging $auto$simplemap.cc:277:simplemap_mux$12537 (A=1'0, B=$techmap\soc.cpu.$logic_and$../picorv32.v:1092$2193_Y, S=\resetn) into $auto$simplemap.cc:420:simplemap_dff$11357 (SB_DFFE).
  Merging $auto$simplemap.cc:277:simplemap_mux$12535 (A=1'0, B=$techmap\soc.cpu.$logic_and$../picorv32.v:1091$2189_Y, S=\resetn) into $auto$simplemap.cc:420:simplemap_dff$11358 (SB_DFFE).
  Merging $auto$simplemap.cc:277:simplemap_mux$12533 (A=1'0, B=$techmap\soc.cpu.$logic_and$../picorv32.v:1090$2185_Y, S=\resetn) into $auto$simplemap.cc:420:simplemap_dff$11359 (SB_DFFE).
  Merging $auto$simplemap.cc:277:simplemap_mux$12531 (A=1'0, B=$techmap\soc.cpu.$logic_and$../picorv32.v:1089$2181_Y, S=\resetn) into $auto$simplemap.cc:420:simplemap_dff$11360 (SB_DFFE).
  Merging $auto$simplemap.cc:277:simplemap_mux$12514 (A=1'0, B=$techmap\soc.cpu.$logic_and$../picorv32.v:1077$2141_Y, S=\resetn) into $auto$simplemap.cc:420:simplemap_dff$11370 (SB_DFFE).
  Merging $auto$simplemap.cc:277:simplemap_mux$12525 (A=1'0, B=$techmap\soc.cpu.$logic_and$../picorv32.v:1086$2169_Y, S=\resetn) into $auto$simplemap.cc:420:simplemap_dff$11363 (SB_DFFE).
  Merging $auto$simplemap.cc:277:simplemap_mux$12523 (A=1'0, B=$techmap\soc.cpu.$logic_and$../picorv32.v:1085$2165_Y, S=\resetn) into $auto$simplemap.cc:420:simplemap_dff$11364 (SB_DFFE).
  Merging $auto$simplemap.cc:277:simplemap_mux$12521 (A=1'0, B=$techmap\soc.cpu.$logic_and$../picorv32.v:1084$2161_Y, S=\resetn) into $auto$simplemap.cc:420:simplemap_dff$11365 (SB_DFFE).
  Merging $auto$simplemap.cc:277:simplemap_mux$12519 (A=1'0, B=$techmap\soc.cpu.$logic_and$../picorv32.v:1083$2157_Y, S=\resetn) into $auto$simplemap.cc:420:simplemap_dff$11366 (SB_DFFE).
  Merging $auto$simplemap.cc:277:simplemap_mux$12529 (A=1'0, B=$techmap\soc.cpu.$logic_and$../picorv32.v:1088$2177_Y, S=\resetn) into $auto$simplemap.cc:420:simplemap_dff$11361 (SB_DFFE).
  Merging $auto$simplemap.cc:277:simplemap_mux$12512 (A=1'0, B=$techmap\soc.cpu.$logic_and$../picorv32.v:1076$2139_Y, S=\resetn) into $auto$simplemap.cc:420:simplemap_dff$11371 (SB_DFFE).
  Merging $auto$simplemap.cc:277:simplemap_mux$12510 (A=1'0, B=$techmap\soc.cpu.$logic_and$../picorv32.v:1075$2137_Y, S=\resetn) into $auto$simplemap.cc:420:simplemap_dff$11372 (SB_DFFE).
  Merging $auto$simplemap.cc:277:simplemap_mux$12508 (A=1'0, B=$techmap\soc.cpu.$logic_and$../picorv32.v:1074$2135_Y, S=\resetn) into $auto$simplemap.cc:420:simplemap_dff$11373 (SB_DFFE).
  Merging $auto$simplemap.cc:277:simplemap_mux$12506 (A=1'0, B=$techmap\soc.cpu.$logic_and$../picorv32.v:1073$2133_Y, S=\resetn) into $auto$simplemap.cc:420:simplemap_dff$11374 (SB_DFFE).
  Merging $auto$simplemap.cc:277:simplemap_mux$12504 (A=1'0, B=$techmap\soc.cpu.$logic_and$../picorv32.v:1072$2131_Y, S=\resetn) into $auto$simplemap.cc:420:simplemap_dff$11375 (SB_DFFE).
  Merging $auto$simplemap.cc:277:simplemap_mux$12490 (A=1'0, B=$techmap\soc.cpu.$logic_and$../picorv32.v:1058$2109_Y, S=\resetn) into $auto$simplemap.cc:420:simplemap_dff$11386 (SB_DFFE).
  Merging $auto$simplemap.cc:277:simplemap_mux$12494 (A=1'0, B=$techmap\soc.cpu.$logic_and$../picorv32.v:1060$2113_Y, S=\resetn) into $auto$simplemap.cc:420:simplemap_dff$11384 (SB_DFFE).
  Merging $auto$simplemap.cc:277:simplemap_mux$12972 (A=$techmap\soc.cpu.$1\clear_prefetched_high_word[0:0], B=1'1, S=$techmap\soc.cpu.$logic_or$../picorv32.v:1332$2324_Y) into $auto$simplemap.cc:420:simplemap_dff$11394 (SB_DFF).
  Merging $auto$simplemap.cc:277:simplemap_mux$12488 (A=1'0, B=$techmap\soc.cpu.$logic_and$../picorv32.v:1057$2107_Y, S=\resetn) into $auto$simplemap.cc:420:simplemap_dff$11387 (SB_DFFE).
  Merging $auto$simplemap.cc:277:simplemap_mux$12486 (A=1'0, B=$techmap\soc.cpu.$logic_and$../picorv32.v:1056$2105_Y, S=\resetn) into $auto$simplemap.cc:420:simplemap_dff$11388 (SB_DFFE).
  Merging $auto$simplemap.cc:277:simplemap_mux$12484 (A=1'0, B=$techmap\soc.cpu.$logic_and$../picorv32.v:1055$2103_Y, S=\resetn) into $auto$simplemap.cc:420:simplemap_dff$11389 (SB_DFFE).
  Merging $auto$simplemap.cc:277:simplemap_mux$12492 (A=1'0, B=$techmap\soc.cpu.$logic_and$../picorv32.v:1059$2111_Y, S=\resetn) into $auto$simplemap.cc:420:simplemap_dff$11385 (SB_DFFE).
  Merging $auto$simplemap.cc:277:simplemap_mux$14094 (A=1'0, B=$techmap$techmap\soc.cpu.$procmux$3249.$reduce_or$/usr/bin/../share/yosys/techmap.v:441$12089_Y, S=\resetn) into $auto$simplemap.cc:420:simplemap_dff$11431 (SB_DFFE).
  Merging $auto$simplemap.cc:277:simplemap_mux$22330 (A=1'0, B=$techmap$techmap\soc.cpu.$procmux$4358.$reduce_or$/usr/bin/../share/yosys/techmap.v:441$12727_Y, S=$techmap$techmap\soc.cpu.$procmux$4358.$reduce_or$/usr/bin/../share/yosys/techmap.v:445$12714_Y) into $auto$simplemap.cc:420:simplemap_dff$11310 (SB_DFFE).
  Merging $auto$simplemap.cc:277:simplemap_mux$22325 (A=1'0, B=$techmap$techmap\soc.cpu.$procmux$4358.$reduce_or$/usr/bin/../share/yosys/techmap.v:441$12722_Y, S=$techmap$techmap\soc.cpu.$procmux$4358.$reduce_or$/usr/bin/../share/yosys/techmap.v:445$12714_Y) into $auto$simplemap.cc:420:simplemap_dff$11305 (SB_DFFE).
  Merging $auto$simplemap.cc:277:simplemap_mux$22326 (A=1'0, B=$techmap$techmap\soc.cpu.$procmux$4358.$reduce_or$/usr/bin/../share/yosys/techmap.v:441$12723_Y, S=$techmap$techmap\soc.cpu.$procmux$4358.$reduce_or$/usr/bin/../share/yosys/techmap.v:445$12714_Y) into $auto$simplemap.cc:420:simplemap_dff$11306 (SB_DFFE).
  Merging $auto$simplemap.cc:277:simplemap_mux$22327 (A=1'0, B=$techmap$techmap\soc.cpu.$procmux$4358.$reduce_or$/usr/bin/../share/yosys/techmap.v:441$12724_Y, S=$techmap$techmap\soc.cpu.$procmux$4358.$reduce_or$/usr/bin/../share/yosys/techmap.v:445$12714_Y) into $auto$simplemap.cc:420:simplemap_dff$11307 (SB_DFFE).
  Merging $auto$simplemap.cc:277:simplemap_mux$22328 (A=1'0, B=$techmap$techmap\soc.cpu.$procmux$4358.$reduce_or$/usr/bin/../share/yosys/techmap.v:441$12725_Y, S=$techmap$techmap\soc.cpu.$procmux$4358.$reduce_or$/usr/bin/../share/yosys/techmap.v:445$12714_Y) into $auto$simplemap.cc:420:simplemap_dff$11308 (SB_DFFE).
  Merging $auto$simplemap.cc:277:simplemap_mux$22329 (A=1'0, B=$techmap$techmap\soc.cpu.$procmux$4358.$reduce_or$/usr/bin/../share/yosys/techmap.v:441$12726_Y, S=$techmap$techmap\soc.cpu.$procmux$4358.$reduce_or$/usr/bin/../share/yosys/techmap.v:445$12714_Y) into $auto$simplemap.cc:420:simplemap_dff$11309 (SB_DFFE).
  Merging $auto$simplemap.cc:277:simplemap_mux$22354 (A=1'0, B=$techmap$techmap\soc.cpu.$procmux$4358.$reduce_or$/usr/bin/../share/yosys/techmap.v:441$12751_Y, S=$techmap$techmap\soc.cpu.$procmux$4358.$reduce_or$/usr/bin/../share/yosys/techmap.v:445$12714_Y) into $auto$simplemap.cc:420:simplemap_dff$11334 (SB_DFFE).
  Merging $auto$simplemap.cc:277:simplemap_mux$22331 (A=1'0, B=$techmap$techmap\soc.cpu.$procmux$4358.$reduce_or$/usr/bin/../share/yosys/techmap.v:441$12728_Y, S=$techmap$techmap\soc.cpu.$procmux$4358.$reduce_or$/usr/bin/../share/yosys/techmap.v:445$12714_Y) into $auto$simplemap.cc:420:simplemap_dff$11311 (SB_DFFE).
  Merging $auto$simplemap.cc:277:simplemap_mux$22333 (A=1'0, B=$techmap$techmap\soc.cpu.$procmux$4358.$reduce_or$/usr/bin/../share/yosys/techmap.v:441$12730_Y, S=$techmap$techmap\soc.cpu.$procmux$4358.$reduce_or$/usr/bin/../share/yosys/techmap.v:445$12714_Y) into $auto$simplemap.cc:420:simplemap_dff$11313 (SB_DFFE).
  Merging $auto$simplemap.cc:277:simplemap_mux$13779 (A=1'0, B=$techmap\soc.cpu.$procmux$3799_Y [23], S=\resetn) into $auto$simplemap.cc:420:simplemap_dff$11472 (SB_DFF).
  Merging $auto$simplemap.cc:277:simplemap_mux$22335 (A=1'0, B=$techmap$techmap\soc.cpu.$procmux$4358.$reduce_or$/usr/bin/../share/yosys/techmap.v:441$12732_Y, S=$techmap$techmap\soc.cpu.$procmux$4358.$reduce_or$/usr/bin/../share/yosys/techmap.v:445$12714_Y) into $auto$simplemap.cc:420:simplemap_dff$11315 (SB_DFFE).
  Merging $auto$simplemap.cc:277:simplemap_mux$14091 (A=1'0, B=$techmap$techmap\soc.cpu.$procmux$3249.$reduce_or$/usr/bin/../share/yosys/techmap.v:441$12086_Y, S=\resetn) into $auto$simplemap.cc:420:simplemap_dff$11428 (SB_DFFE).
  Merging $auto$simplemap.cc:277:simplemap_mux$14088 (A=1'0, B=$techmap$techmap\soc.cpu.$procmux$3275.$and$/usr/bin/../share/yosys/techmap.v:434$12128_Y, S=\resetn) into $auto$simplemap.cc:420:simplemap_dff$11433 (SB_DFFE).
  Merging $auto$simplemap.cc:277:simplemap_mux$14203 (A=1'0, B=$techmap\soc.cpu.$2\set_mem_do_wdata[0:0], S=\resetn) into $auto$simplemap.cc:420:simplemap_dff$11443 (SB_DFFE).
  Merging $auto$simplemap.cc:277:simplemap_mux$14076 (A=1'0, B=$techmap$techmap\soc.cpu.$procmux$3346.$reduce_or$/usr/bin/../share/yosys/techmap.v:441$12144_Y, S=\resetn) into $auto$simplemap.cc:420:simplemap_dff$11436 (SB_DFFE).
  Merging $auto$simplemap.cc:277:simplemap_mux$14074 (A=1'0, B=$techmap$techmap\soc.cpu.$procmux$3382.$and$/usr/bin/../share/yosys/techmap.v:434$12128_Y, S=\resetn) into $auto$simplemap.cc:420:simplemap_dff$11437 (SB_DFFE).
  Merging $auto$simplemap.cc:277:simplemap_mux$14069 (A=1'1, B=$techmap$techmap\soc.cpu.$procmux$3389.$reduce_or$/usr/bin/../share/yosys/techmap.v:441$12911_Y, S=\resetn) into $auto$simplemap.cc:420:simplemap_dff$11438 (SB_DFFE).
  Merging $auto$simplemap.cc:277:simplemap_mux$22336 (A=1'0, B=$techmap$techmap\soc.cpu.$procmux$4358.$reduce_or$/usr/bin/../share/yosys/techmap.v:441$12733_Y, S=$techmap$techmap\soc.cpu.$procmux$4358.$reduce_or$/usr/bin/../share/yosys/techmap.v:445$12714_Y) into $auto$simplemap.cc:420:simplemap_dff$11316 (SB_DFFE).
  Merging $auto$simplemap.cc:277:simplemap_mux$14063 (A=1'0, B=$techmap\soc.cpu.$eq$../picorv32.v:1573$2396_Y, S=\resetn) into $auto$simplemap.cc:420:simplemap_dff$11439 (SB_DFFE).
  Merging $auto$simplemap.cc:277:simplemap_mux$14192 (A=1'0, B=$techmap\soc.cpu.$procmux$3019_Y, S=\resetn) into $auto$simplemap.cc:420:simplemap_dff$11441 (SB_DFF).
  Merging $auto$simplemap.cc:277:simplemap_mux$14085 (A=1'0, B=$techmap$techmap\soc.cpu.$procmux$3288.$and$/usr/bin/../share/yosys/techmap.v:434$12128_Y, S=\resetn) into $auto$simplemap.cc:420:simplemap_dff$11434 (SB_DFFE).
  Merging $auto$simplemap.cc:277:simplemap_mux$13758 (A=1'0, B=$techmap\soc.cpu.$procmux$3799_Y [2], S=\resetn) into $auto$simplemap.cc:420:simplemap_dff$11451 (SB_DFF).
  Merging $auto$simplemap.cc:277:simplemap_mux$14202 (A=1'0, B=$techmap\soc.cpu.$2\set_mem_do_rdata[0:0], S=\resetn) into $auto$simplemap.cc:420:simplemap_dff$11444 (SB_DFFE).
  Merging $auto$simplemap.cc:277:simplemap_mux$13914 (A=$techmap\soc.cpu.$procmux$3728_Y, B=1'1, S=$techmap\soc.cpu.$0\set_mem_do_rinst[0:0]) into $auto$simplemap.cc:420:simplemap_dff$11445 (SB_DFFE).
  Merging $auto$simplemap.cc:277:simplemap_mux$13907 (A=$techmap\soc.cpu.$logic_and$../picorv32.v:1606$2412_Y, B=1'0, S=$techmap\soc.cpu.$logic_or$../picorv32.v:1982$2529_Y) into $auto$simplemap.cc:420:simplemap_dff$11446 (SB_DFFE).
  Merging $auto$simplemap.cc:277:simplemap_mux$22337 (A=1'0, B=$techmap$techmap\soc.cpu.$procmux$4358.$reduce_or$/usr/bin/../share/yosys/techmap.v:441$12734_Y, S=$techmap$techmap\soc.cpu.$procmux$4358.$reduce_or$/usr/bin/../share/yosys/techmap.v:445$12714_Y) into $auto$simplemap.cc:420:simplemap_dff$11317 (SB_DFFE).
  Merging $auto$simplemap.cc:277:simplemap_mux$22338 (A=1'0, B=$techmap$techmap\soc.cpu.$procmux$4358.$reduce_or$/usr/bin/../share/yosys/techmap.v:441$12735_Y, S=$techmap$techmap\soc.cpu.$procmux$4358.$reduce_or$/usr/bin/../share/yosys/techmap.v:445$12714_Y) into $auto$simplemap.cc:420:simplemap_dff$11318 (SB_DFFE).
  Merging $auto$simplemap.cc:277:simplemap_mux$22339 (A=1'0, B=$techmap$techmap\soc.cpu.$procmux$4358.$reduce_or$/usr/bin/../share/yosys/techmap.v:441$12736_Y, S=$techmap$techmap\soc.cpu.$procmux$4358.$reduce_or$/usr/bin/../share/yosys/techmap.v:445$12714_Y) into $auto$simplemap.cc:420:simplemap_dff$11319 (SB_DFFE).
  Merging $auto$simplemap.cc:277:simplemap_mux$22340 (A=1'0, B=$techmap$techmap\soc.cpu.$procmux$4358.$reduce_or$/usr/bin/../share/yosys/techmap.v:441$12737_Y, S=$techmap$techmap\soc.cpu.$procmux$4358.$reduce_or$/usr/bin/../share/yosys/techmap.v:445$12714_Y) into $auto$simplemap.cc:420:simplemap_dff$11320 (SB_DFFE).
  Merging $auto$simplemap.cc:277:simplemap_mux$22341 (A=1'0, B=$techmap$techmap\soc.cpu.$procmux$4358.$reduce_or$/usr/bin/../share/yosys/techmap.v:441$12738_Y, S=$techmap$techmap\soc.cpu.$procmux$4358.$reduce_or$/usr/bin/../share/yosys/techmap.v:445$12714_Y) into $auto$simplemap.cc:420:simplemap_dff$11321 (SB_DFFE).
  Merging $auto$simplemap.cc:277:simplemap_mux$22342 (A=1'0, B=$techmap$techmap\soc.cpu.$procmux$4358.$reduce_or$/usr/bin/../share/yosys/techmap.v:441$12739_Y, S=$techmap$techmap\soc.cpu.$procmux$4358.$reduce_or$/usr/bin/../share/yosys/techmap.v:445$12714_Y) into $auto$simplemap.cc:420:simplemap_dff$11322 (SB_DFFE).
  Merging $auto$simplemap.cc:277:simplemap_mux$22343 (A=1'0, B=$techmap$techmap\soc.cpu.$procmux$4358.$reduce_or$/usr/bin/../share/yosys/techmap.v:441$12740_Y, S=$techmap$techmap\soc.cpu.$procmux$4358.$reduce_or$/usr/bin/../share/yosys/techmap.v:445$12714_Y) into $auto$simplemap.cc:420:simplemap_dff$11323 (SB_DFFE).
  Merging $auto$simplemap.cc:277:simplemap_mux$22344 (A=1'0, B=$techmap$techmap\soc.cpu.$procmux$4358.$reduce_or$/usr/bin/../share/yosys/techmap.v:441$12741_Y, S=$techmap$techmap\soc.cpu.$procmux$4358.$reduce_or$/usr/bin/../share/yosys/techmap.v:445$12714_Y) into $auto$simplemap.cc:420:simplemap_dff$11324 (SB_DFFE).
  Merging $auto$simplemap.cc:277:simplemap_mux$22345 (A=1'0, B=$techmap$techmap\soc.cpu.$procmux$4358.$reduce_or$/usr/bin/../share/yosys/techmap.v:441$12742_Y, S=$techmap$techmap\soc.cpu.$procmux$4358.$reduce_or$/usr/bin/../share/yosys/techmap.v:445$12714_Y) into $auto$simplemap.cc:420:simplemap_dff$11325 (SB_DFFE).
  Merging $auto$simplemap.cc:277:simplemap_mux$22346 (A=1'0, B=$techmap$techmap\soc.cpu.$procmux$4358.$reduce_or$/usr/bin/../share/yosys/techmap.v:441$12743_Y, S=$techmap$techmap\soc.cpu.$procmux$4358.$reduce_or$/usr/bin/../share/yosys/techmap.v:445$12714_Y) into $auto$simplemap.cc:420:simplemap_dff$11326 (SB_DFFE).
  Merging $auto$simplemap.cc:277:simplemap_mux$22347 (A=1'0, B=$techmap$techmap\soc.cpu.$procmux$4358.$reduce_or$/usr/bin/../share/yosys/techmap.v:441$12744_Y, S=$techmap$techmap\soc.cpu.$procmux$4358.$reduce_or$/usr/bin/../share/yosys/techmap.v:445$12714_Y) into $auto$simplemap.cc:420:simplemap_dff$11327 (SB_DFFE).
  Merging $auto$simplemap.cc:277:simplemap_mux$22348 (A=1'0, B=$techmap$techmap\soc.cpu.$procmux$4358.$reduce_or$/usr/bin/../share/yosys/techmap.v:441$12745_Y, S=$techmap$techmap\soc.cpu.$procmux$4358.$reduce_or$/usr/bin/../share/yosys/techmap.v:445$12714_Y) into $auto$simplemap.cc:420:simplemap_dff$11328 (SB_DFFE).
  Merging $auto$simplemap.cc:277:simplemap_mux$22349 (A=1'0, B=$techmap$techmap\soc.cpu.$procmux$4358.$reduce_or$/usr/bin/../share/yosys/techmap.v:441$12746_Y, S=$techmap$techmap\soc.cpu.$procmux$4358.$reduce_or$/usr/bin/../share/yosys/techmap.v:445$12714_Y) into $auto$simplemap.cc:420:simplemap_dff$11329 (SB_DFFE).
  Merging $auto$simplemap.cc:277:simplemap_mux$13771 (A=1'0, B=$techmap\soc.cpu.$procmux$3799_Y [15], S=\resetn) into $auto$simplemap.cc:420:simplemap_dff$11464 (SB_DFF).
  Merging $auto$simplemap.cc:277:simplemap_mux$13774 (A=1'0, B=$techmap\soc.cpu.$procmux$3799_Y [18], S=\resetn) into $auto$simplemap.cc:420:simplemap_dff$11467 (SB_DFF).
  Merging $auto$simplemap.cc:277:simplemap_mux$22352 (A=1'0, B=$techmap$techmap\soc.cpu.$procmux$4358.$reduce_or$/usr/bin/../share/yosys/techmap.v:441$12749_Y, S=$techmap$techmap\soc.cpu.$procmux$4358.$reduce_or$/usr/bin/../share/yosys/techmap.v:445$12714_Y) into $auto$simplemap.cc:420:simplemap_dff$11332 (SB_DFFE).
  Merging $auto$simplemap.cc:277:simplemap_mux$14223 (A=1'0, B=$techmap\soc.cpu.$and$../picorv32.v:1546$2375_Y [19], S=\resetn) into $auto$simplemap.cc:420:simplemap_dff$11500 (SB_DFFE).
  Merging $auto$simplemap.cc:277:simplemap_mux$22353 (A=1'0, B=$techmap$techmap\soc.cpu.$procmux$4358.$reduce_or$/usr/bin/../share/yosys/techmap.v:441$12750_Y, S=$techmap$techmap\soc.cpu.$procmux$4358.$reduce_or$/usr/bin/../share/yosys/techmap.v:445$12714_Y) into $auto$simplemap.cc:420:simplemap_dff$11333 (SB_DFFE).
  Merging $auto$simplemap.cc:277:simplemap_mux$13776 (A=1'0, B=$techmap\soc.cpu.$procmux$3799_Y [20], S=\resetn) into $auto$simplemap.cc:420:simplemap_dff$11469 (SB_DFF).
  Merging $auto$simplemap.cc:277:simplemap_mux$13777 (A=1'0, B=$techmap\soc.cpu.$procmux$3799_Y [21], S=\resetn) into $auto$simplemap.cc:420:simplemap_dff$11470 (SB_DFF).
  Merging $auto$simplemap.cc:277:simplemap_mux$13778 (A=1'0, B=$techmap\soc.cpu.$procmux$3799_Y [22], S=\resetn) into $auto$simplemap.cc:420:simplemap_dff$11471 (SB_DFF).
  Merging $auto$simplemap.cc:277:simplemap_mux$22355 (A=1'0, B=$techmap$techmap\soc.cpu.$procmux$4358.$reduce_or$/usr/bin/../share/yosys/techmap.v:441$12752_Y, S=$techmap$techmap\soc.cpu.$procmux$4358.$reduce_or$/usr/bin/../share/yosys/techmap.v:445$12714_Y) into $auto$simplemap.cc:420:simplemap_dff$11335 (SB_DFFE).
  Merging $auto$simplemap.cc:277:simplemap_mux$13781 (A=1'0, B=$techmap\soc.cpu.$procmux$3799_Y [25], S=\resetn) into $auto$simplemap.cc:420:simplemap_dff$11474 (SB_DFF).
  Merging $auto$simplemap.cc:277:simplemap_mux$13784 (A=1'0, B=$techmap\soc.cpu.$procmux$3799_Y [28], S=\resetn) into $auto$simplemap.cc:420:simplemap_dff$11477 (SB_DFF).
  Merging $auto$simplemap.cc:277:simplemap_mux$13782 (A=1'0, B=$techmap\soc.cpu.$procmux$3799_Y [26], S=\resetn) into $auto$simplemap.cc:420:simplemap_dff$11475 (SB_DFF).
  Merging $auto$simplemap.cc:277:simplemap_mux$13783 (A=1'0, B=$techmap\soc.cpu.$procmux$3799_Y [27], S=\resetn) into $auto$simplemap.cc:420:simplemap_dff$11476 (SB_DFF).
  Merging $auto$simplemap.cc:277:simplemap_mux$13780 (A=1'0, B=$techmap\soc.cpu.$procmux$3799_Y [24], S=\resetn) into $auto$simplemap.cc:420:simplemap_dff$11473 (SB_DFF).
  Merging $auto$simplemap.cc:277:simplemap_mux$14211 (A=1'0, B=$techmap\soc.cpu.$and$../picorv32.v:1546$2375_Y [7], S=\resetn) into $auto$simplemap.cc:420:simplemap_dff$11488 (SB_DFFE).
  Merging $auto$simplemap.cc:277:simplemap_mux$14214 (A=1'0, B=$techmap\soc.cpu.$and$../picorv32.v:1546$2375_Y [10], S=\resetn) into $auto$simplemap.cc:420:simplemap_dff$11491 (SB_DFFE).
  Merging $auto$simplemap.cc:277:simplemap_mux$14216 (A=1'0, B=$techmap\soc.cpu.$and$../picorv32.v:1546$2375_Y [12], S=\resetn) into $auto$simplemap.cc:420:simplemap_dff$11493 (SB_DFFE).
  Merging $auto$simplemap.cc:277:simplemap_mux$14218 (A=1'0, B=$techmap\soc.cpu.$and$../picorv32.v:1546$2375_Y [14], S=\resetn) into $auto$simplemap.cc:420:simplemap_dff$11495 (SB_DFFE).
  Merging $auto$simplemap.cc:277:simplemap_mux$13787 (A=1'0, B=$techmap\soc.cpu.$procmux$3799_Y [31], S=\resetn) into $auto$simplemap.cc:420:simplemap_dff$11480 (SB_DFF).
  Merging $auto$simplemap.cc:277:simplemap_mux$14208 (A=1'0, B=$techmap\soc.cpu.$and$../picorv32.v:1546$2375_Y [4], S=\resetn) into $auto$simplemap.cc:420:simplemap_dff$11485 (SB_DFFE).
  Merging $auto$simplemap.cc:277:simplemap_mux$14209 (A=1'0, B=$techmap\soc.cpu.$and$../picorv32.v:1546$2375_Y [5], S=\resetn) into $auto$simplemap.cc:420:simplemap_dff$11486 (SB_DFFE).
  Merging $auto$simplemap.cc:277:simplemap_mux$14210 (A=1'0, B=$techmap\soc.cpu.$and$../picorv32.v:1546$2375_Y [6], S=\resetn) into $auto$simplemap.cc:420:simplemap_dff$11487 (SB_DFFE).
  Merging $auto$simplemap.cc:277:simplemap_mux$13786 (A=1'0, B=$techmap\soc.cpu.$procmux$3799_Y [30], S=\resetn) into $auto$simplemap.cc:420:simplemap_dff$11479 (SB_DFF).
  Merging $auto$simplemap.cc:277:simplemap_mux$13756 (A=1'0, B=$techmap\soc.cpu.$procmux$3799_Y [0], S=\resetn) into $auto$simplemap.cc:420:simplemap_dff$11449 (SB_DFF).
  Merging $auto$simplemap.cc:277:simplemap_mux$14215 (A=1'0, B=$techmap\soc.cpu.$and$../picorv32.v:1546$2375_Y [11], S=\resetn) into $auto$simplemap.cc:420:simplemap_dff$11492 (SB_DFFE).
  Merging $auto$simplemap.cc:277:simplemap_mux$14205 (A=1'0, B=$techmap$techmap\soc.cpu.$procmux$2621.$ternary$/usr/bin/../share/yosys/techmap.v:445$12127_Y, S=\resetn) into $auto$simplemap.cc:420:simplemap_dff$11482 (SB_DFFE).
  Merging $auto$simplemap.cc:277:simplemap_mux$14217 (A=1'0, B=$techmap\soc.cpu.$and$../picorv32.v:1546$2375_Y [13], S=\resetn) into $auto$simplemap.cc:420:simplemap_dff$11494 (SB_DFFE).
  Merging $auto$simplemap.cc:277:simplemap_mux$14219 (A=1'0, B=$techmap\soc.cpu.$and$../picorv32.v:1546$2375_Y [15], S=\resetn) into $auto$simplemap.cc:420:simplemap_dff$11496 (SB_DFFE).
  Merging $auto$simplemap.cc:277:simplemap_mux$14220 (A=1'0, B=$techmap\soc.cpu.$and$../picorv32.v:1546$2375_Y [16], S=\resetn) into $auto$simplemap.cc:420:simplemap_dff$11497 (SB_DFFE).
  Merging $auto$simplemap.cc:277:simplemap_mux$14207 (A=1'0, B=$techmap\soc.cpu.$and$../picorv32.v:1546$2375_Y [3], S=\resetn) into $auto$simplemap.cc:420:simplemap_dff$11484 (SB_DFFE).
  Merging $auto$simplemap.cc:277:simplemap_mux$14221 (A=1'0, B=$techmap\soc.cpu.$and$../picorv32.v:1546$2375_Y [17], S=\resetn) into $auto$simplemap.cc:420:simplemap_dff$11498 (SB_DFFE).
  Merging $auto$simplemap.cc:277:simplemap_mux$22350 (A=1'0, B=$techmap$techmap\soc.cpu.$procmux$4358.$reduce_or$/usr/bin/../share/yosys/techmap.v:441$12747_Y, S=$techmap$techmap\soc.cpu.$procmux$4358.$reduce_or$/usr/bin/../share/yosys/techmap.v:445$12714_Y) into $auto$simplemap.cc:420:simplemap_dff$11330 (SB_DFFE).
  Merging $auto$simplemap.cc:277:simplemap_mux$14224 (A=1'0, B=$techmap\soc.cpu.$and$../picorv32.v:1546$2375_Y [20], S=\resetn) into $auto$simplemap.cc:420:simplemap_dff$11501 (SB_DFFE).
  Merging $auto$simplemap.cc:277:simplemap_mux$14225 (A=1'0, B=$techmap\soc.cpu.$and$../picorv32.v:1546$2375_Y [21], S=\resetn) into $auto$simplemap.cc:420:simplemap_dff$11502 (SB_DFFE).
  Merging $auto$simplemap.cc:277:simplemap_mux$14226 (A=1'0, B=$techmap\soc.cpu.$and$../picorv32.v:1546$2375_Y [22], S=\resetn) into $auto$simplemap.cc:420:simplemap_dff$11503 (SB_DFFE).
  Merging $auto$simplemap.cc:277:simplemap_mux$13660 (A=1'1, B=\soc.cpu.cpuregs_rs1 [0], S=\resetn) into $auto$simplemap.cc:420:simplemap_dff$11513 (SB_DFFE).
  Merging $auto$simplemap.cc:277:simplemap_mux$14228 (A=1'0, B=$techmap\soc.cpu.$and$../picorv32.v:1546$2375_Y [24], S=\resetn) into $auto$simplemap.cc:420:simplemap_dff$11505 (SB_DFFE).
  Merging $auto$simplemap.cc:277:simplemap_mux$14229 (A=1'0, B=$techmap\soc.cpu.$and$../picorv32.v:1546$2375_Y [25], S=\resetn) into $auto$simplemap.cc:420:simplemap_dff$11506 (SB_DFFE).
  Merging $auto$simplemap.cc:277:simplemap_mux$14230 (A=1'0, B=$techmap\soc.cpu.$and$../picorv32.v:1546$2375_Y [26], S=\resetn) into $auto$simplemap.cc:420:simplemap_dff$11507 (SB_DFFE).
  Merging $auto$simplemap.cc:277:simplemap_mux$14231 (A=1'0, B=$techmap\soc.cpu.$and$../picorv32.v:1546$2375_Y [27], S=\resetn) into $auto$simplemap.cc:420:simplemap_dff$11508 (SB_DFFE).
  Merging $auto$simplemap.cc:277:simplemap_mux$14232 (A=1'0, B=$techmap\soc.cpu.$and$../picorv32.v:1546$2375_Y [28], S=\resetn) into $auto$simplemap.cc:420:simplemap_dff$11509 (SB_DFFE).
  Merging $auto$simplemap.cc:277:simplemap_mux$14234 (A=1'0, B=$techmap\soc.cpu.$and$../picorv32.v:1546$2375_Y [30], S=\resetn) into $auto$simplemap.cc:420:simplemap_dff$11511 (SB_DFFE).
  Merging $auto$simplemap.cc:277:simplemap_mux$14227 (A=1'0, B=$techmap\soc.cpu.$and$../picorv32.v:1546$2375_Y [23], S=\resetn) into $auto$simplemap.cc:420:simplemap_dff$11504 (SB_DFFE).
  Merging $auto$simplemap.cc:277:simplemap_mux$13663 (A=1'1, B=\soc.cpu.cpuregs_rs1 [3], S=\resetn) into $auto$simplemap.cc:420:simplemap_dff$11516 (SB_DFFE).
  Merging $auto$simplemap.cc:277:simplemap_mux$13661 (A=1'1, B=\soc.cpu.cpuregs_rs1 [1], S=\resetn) into $auto$simplemap.cc:420:simplemap_dff$11514 (SB_DFFE).
  Merging $auto$simplemap.cc:277:simplemap_mux$13670 (A=1'1, B=\soc.cpu.cpuregs_rs1 [10], S=\resetn) into $auto$simplemap.cc:420:simplemap_dff$11523 (SB_DFFE).
  Merging $auto$simplemap.cc:277:simplemap_mux$13662 (A=1'1, B=\soc.cpu.cpuregs_rs1 [2], S=\resetn) into $auto$simplemap.cc:420:simplemap_dff$11515 (SB_DFFE).
  Merging $auto$simplemap.cc:277:simplemap_mux$13664 (A=1'1, B=\soc.cpu.cpuregs_rs1 [4], S=\resetn) into $auto$simplemap.cc:420:simplemap_dff$11517 (SB_DFFE).
  Merging $auto$simplemap.cc:277:simplemap_mux$13665 (A=1'1, B=\soc.cpu.cpuregs_rs1 [5], S=\resetn) into $auto$simplemap.cc:420:simplemap_dff$11518 (SB_DFFE).
  Merging $auto$simplemap.cc:277:simplemap_mux$13666 (A=1'1, B=\soc.cpu.cpuregs_rs1 [6], S=\resetn) into $auto$simplemap.cc:420:simplemap_dff$11519 (SB_DFFE).
  Merging $auto$simplemap.cc:277:simplemap_mux$14212 (A=1'0, B=$techmap\soc.cpu.$and$../picorv32.v:1546$2375_Y [8], S=\resetn) into $auto$simplemap.cc:420:simplemap_dff$11489 (SB_DFFE).
  Merging $auto$simplemap.cc:277:simplemap_mux$13667 (A=1'1, B=\soc.cpu.cpuregs_rs1 [7], S=\resetn) into $auto$simplemap.cc:420:simplemap_dff$11520 (SB_DFFE).
  Merging $auto$simplemap.cc:277:simplemap_mux$14235 (A=1'0, B=$techmap\soc.cpu.$and$../picorv32.v:1546$2375_Y [31], S=\resetn) into $auto$simplemap.cc:420:simplemap_dff$11512 (SB_DFFE).
  Merging $auto$simplemap.cc:277:simplemap_mux$13669 (A=1'1, B=\soc.cpu.cpuregs_rs1 [9], S=\resetn) into $auto$simplemap.cc:420:simplemap_dff$11522 (SB_DFFE).
  Merging $auto$simplemap.cc:277:simplemap_mux$13671 (A=1'1, B=\soc.cpu.cpuregs_rs1 [11], S=\resetn) into $auto$simplemap.cc:420:simplemap_dff$11524 (SB_DFFE).
  Merging $auto$simplemap.cc:277:simplemap_mux$13672 (A=1'1, B=\soc.cpu.cpuregs_rs1 [12], S=\resetn) into $auto$simplemap.cc:420:simplemap_dff$11525 (SB_DFFE).
  Merging $auto$simplemap.cc:277:simplemap_mux$13673 (A=1'1, B=\soc.cpu.cpuregs_rs1 [13], S=\resetn) into $auto$simplemap.cc:420:simplemap_dff$11526 (SB_DFFE).
  Merging $auto$simplemap.cc:277:simplemap_mux$13677 (A=1'1, B=\soc.cpu.cpuregs_rs1 [17], S=\resetn) into $auto$simplemap.cc:420:simplemap_dff$11530 (SB_DFFE).
  Merging $auto$simplemap.cc:277:simplemap_mux$13675 (A=1'1, B=\soc.cpu.cpuregs_rs1 [15], S=\resetn) into $auto$simplemap.cc:420:simplemap_dff$11528 (SB_DFFE).
  Merging $auto$simplemap.cc:277:simplemap_mux$13674 (A=1'1, B=\soc.cpu.cpuregs_rs1 [14], S=\resetn) into $auto$simplemap.cc:420:simplemap_dff$11527 (SB_DFFE).
  Merging $auto$simplemap.cc:277:simplemap_mux$13676 (A=1'1, B=\soc.cpu.cpuregs_rs1 [16], S=\resetn) into $auto$simplemap.cc:420:simplemap_dff$11529 (SB_DFFE).
  Merging $auto$simplemap.cc:277:simplemap_mux$13678 (A=1'1, B=\soc.cpu.cpuregs_rs1 [18], S=\resetn) into $auto$simplemap.cc:420:simplemap_dff$11531 (SB_DFFE).
  Merging $auto$simplemap.cc:277:simplemap_mux$13679 (A=1'1, B=\soc.cpu.cpuregs_rs1 [19], S=\resetn) into $auto$simplemap.cc:420:simplemap_dff$11532 (SB_DFFE).
  Merging $auto$simplemap.cc:277:simplemap_mux$13680 (A=1'1, B=\soc.cpu.cpuregs_rs1 [20], S=\resetn) into $auto$simplemap.cc:420:simplemap_dff$11533 (SB_DFFE).
  Merging $auto$simplemap.cc:277:simplemap_mux$13682 (A=1'1, B=\soc.cpu.cpuregs_rs1 [22], S=\resetn) into $auto$simplemap.cc:420:simplemap_dff$11535 (SB_DFFE).
  Merging $auto$simplemap.cc:277:simplemap_mux$13683 (A=1'1, B=\soc.cpu.cpuregs_rs1 [23], S=\resetn) into $auto$simplemap.cc:420:simplemap_dff$11536 (SB_DFFE).
  Merging $auto$simplemap.cc:277:simplemap_mux$13684 (A=1'1, B=\soc.cpu.cpuregs_rs1 [24], S=\resetn) into $auto$simplemap.cc:420:simplemap_dff$11537 (SB_DFFE).
  Merging $auto$simplemap.cc:277:simplemap_mux$13685 (A=1'1, B=\soc.cpu.cpuregs_rs1 [25], S=\resetn) into $auto$simplemap.cc:420:simplemap_dff$11538 (SB_DFFE).
  Merging $auto$simplemap.cc:277:simplemap_mux$13686 (A=1'1, B=\soc.cpu.cpuregs_rs1 [26], S=\resetn) into $auto$simplemap.cc:420:simplemap_dff$11539 (SB_DFFE).
  Merging $auto$simplemap.cc:277:simplemap_mux$13687 (A=1'1, B=\soc.cpu.cpuregs_rs1 [27], S=\resetn) into $auto$simplemap.cc:420:simplemap_dff$11540 (SB_DFFE).
  Merging $auto$simplemap.cc:277:simplemap_mux$13688 (A=1'1, B=\soc.cpu.cpuregs_rs1 [28], S=\resetn) into $auto$simplemap.cc:420:simplemap_dff$11541 (SB_DFFE).
  Merging $auto$simplemap.cc:277:simplemap_mux$13689 (A=1'1, B=\soc.cpu.cpuregs_rs1 [29], S=\resetn) into $auto$simplemap.cc:420:simplemap_dff$11542 (SB_DFFE).
  Merging $auto$simplemap.cc:277:simplemap_mux$13690 (A=1'1, B=\soc.cpu.cpuregs_rs1 [30], S=\resetn) into $auto$simplemap.cc:420:simplemap_dff$11543 (SB_DFFE).
  Merging $auto$simplemap.cc:277:simplemap_mux$13691 (A=1'1, B=\soc.cpu.cpuregs_rs1 [31], S=\resetn) into $auto$simplemap.cc:420:simplemap_dff$11544 (SB_DFFE).
  Merging $auto$simplemap.cc:277:simplemap_mux$14125 (A=1'0, B=$techmap$techmap\soc.cpu.$procmux$3148.$ternary$/usr/bin/../share/yosys/techmap.v:445$12934_Y [1], S=\resetn) into $auto$simplemap.cc:420:simplemap_dff$11553 (SB_DFF).
  Merging $auto$simplemap.cc:277:simplemap_mux$13652 (A=1'0, B=\soc.cpu.irq_active, S=\resetn) into $auto$simplemap.cc:420:simplemap_dff$11546 (SB_DFFE).
  Merging $auto$simplemap.cc:277:simplemap_mux$13657 (A=1'0, B=$techmap$techmap\soc.cpu.$procmux$3836.$reduce_or$/usr/bin/../share/yosys/techmap.v:441$12130_Y, S=\resetn) into $auto$simplemap.cc:420:simplemap_dff$11545 (SB_DFFE).
  Merging $auto$simplemap.cc:277:simplemap_mux$14126 (A=1'0, B=$techmap$techmap\soc.cpu.$procmux$3148.$ternary$/usr/bin/../share/yosys/techmap.v:445$12934_Y [2], S=\resetn) into $auto$simplemap.cc:420:simplemap_dff$11554 (SB_DFF).
  Merging $auto$simplemap.cc:277:simplemap_mux$13668 (A=1'1, B=\soc.cpu.cpuregs_rs1 [8], S=\resetn) into $auto$simplemap.cc:420:simplemap_dff$11521 (SB_DFFE).
  Merging $auto$simplemap.cc:277:simplemap_mux$14127 (A=1'0, B=$techmap$techmap\soc.cpu.$procmux$3148.$ternary$/usr/bin/../share/yosys/techmap.v:445$12934_Y [3], S=\resetn) into $auto$simplemap.cc:420:simplemap_dff$11555 (SB_DFF).
  Merging $auto$simplemap.cc:277:simplemap_mux$14128 (A=1'0, B=$techmap$techmap\soc.cpu.$procmux$3148.$ternary$/usr/bin/../share/yosys/techmap.v:445$12934_Y [4], S=\resetn) into $auto$simplemap.cc:420:simplemap_dff$11556 (SB_DFF).
  Merging $auto$simplemap.cc:277:simplemap_mux$14129 (A=1'0, B=$techmap$techmap\soc.cpu.$procmux$3148.$ternary$/usr/bin/../share/yosys/techmap.v:445$12934_Y [5], S=\resetn) into $auto$simplemap.cc:420:simplemap_dff$11557 (SB_DFF).
  Merging $auto$simplemap.cc:277:simplemap_mux$14130 (A=1'0, B=$techmap$techmap\soc.cpu.$procmux$3148.$ternary$/usr/bin/../share/yosys/techmap.v:445$12934_Y [6], S=\resetn) into $auto$simplemap.cc:420:simplemap_dff$11558 (SB_DFF).
  Merging $auto$simplemap.cc:277:simplemap_mux$14131 (A=1'0, B=$techmap$techmap\soc.cpu.$procmux$3148.$ternary$/usr/bin/../share/yosys/techmap.v:445$12934_Y [7], S=\resetn) into $auto$simplemap.cc:420:simplemap_dff$11559 (SB_DFF).
  Merging $auto$simplemap.cc:277:simplemap_mux$14132 (A=1'0, B=$techmap$techmap\soc.cpu.$procmux$3148.$ternary$/usr/bin/../share/yosys/techmap.v:445$12934_Y [8], S=\resetn) into $auto$simplemap.cc:420:simplemap_dff$11560 (SB_DFF).
  Merging $auto$simplemap.cc:277:simplemap_mux$14133 (A=1'0, B=$techmap$techmap\soc.cpu.$procmux$3148.$ternary$/usr/bin/../share/yosys/techmap.v:445$12934_Y [9], S=\resetn) into $auto$simplemap.cc:420:simplemap_dff$11561 (SB_DFF).
  Merging $auto$simplemap.cc:277:simplemap_mux$14134 (A=1'0, B=$techmap$techmap\soc.cpu.$procmux$3148.$ternary$/usr/bin/../share/yosys/techmap.v:445$12934_Y [10], S=\resetn) into $auto$simplemap.cc:420:simplemap_dff$11562 (SB_DFF).
  Merging $auto$simplemap.cc:277:simplemap_mux$14135 (A=1'0, B=$techmap$techmap\soc.cpu.$procmux$3148.$ternary$/usr/bin/../share/yosys/techmap.v:445$12934_Y [11], S=\resetn) into $auto$simplemap.cc:420:simplemap_dff$11563 (SB_DFF).
  Merging $auto$simplemap.cc:277:simplemap_mux$14136 (A=1'0, B=$techmap$techmap\soc.cpu.$procmux$3148.$ternary$/usr/bin/../share/yosys/techmap.v:445$12934_Y [12], S=\resetn) into $auto$simplemap.cc:420:simplemap_dff$11564 (SB_DFF).
  Merging $auto$simplemap.cc:277:simplemap_mux$14137 (A=1'0, B=$techmap$techmap\soc.cpu.$procmux$3148.$ternary$/usr/bin/../share/yosys/techmap.v:445$12934_Y [13], S=\resetn) into $auto$simplemap.cc:420:simplemap_dff$11565 (SB_DFF).
  Merging $auto$simplemap.cc:277:simplemap_mux$14138 (A=1'0, B=$techmap$techmap\soc.cpu.$procmux$3148.$ternary$/usr/bin/../share/yosys/techmap.v:445$12934_Y [14], S=\resetn) into $auto$simplemap.cc:420:simplemap_dff$11566 (SB_DFF).
  Merging $auto$simplemap.cc:277:simplemap_mux$14139 (A=1'0, B=$techmap$techmap\soc.cpu.$procmux$3148.$ternary$/usr/bin/../share/yosys/techmap.v:445$12934_Y [15], S=\resetn) into $auto$simplemap.cc:420:simplemap_dff$11567 (SB_DFF).
  Merging $auto$simplemap.cc:277:simplemap_mux$14140 (A=1'0, B=$techmap$techmap\soc.cpu.$procmux$3148.$ternary$/usr/bin/../share/yosys/techmap.v:445$12934_Y [16], S=\resetn) into $auto$simplemap.cc:420:simplemap_dff$11568 (SB_DFF).
  Merging $auto$simplemap.cc:277:simplemap_mux$14141 (A=1'1, B=$techmap$techmap\soc.cpu.$procmux$3148.$ternary$/usr/bin/../share/yosys/techmap.v:445$12934_Y [17], S=\resetn) into $auto$simplemap.cc:420:simplemap_dff$11569 (SB_DFF).
  Merging $auto$simplemap.cc:277:simplemap_mux$14142 (A=1'0, B=$techmap$techmap\soc.cpu.$procmux$3148.$ternary$/usr/bin/../share/yosys/techmap.v:445$12934_Y [18], S=\resetn) into $auto$simplemap.cc:420:simplemap_dff$11570 (SB_DFF).
  Merging $auto$simplemap.cc:277:simplemap_mux$14153 (A=1'0, B=$techmap$techmap\soc.cpu.$procmux$3148.$ternary$/usr/bin/../share/yosys/techmap.v:445$12934_Y [29], S=\resetn) into $auto$simplemap.cc:420:simplemap_dff$11581 (SB_DFF).
  Merging $auto$simplemap.cc:277:simplemap_mux$14144 (A=1'0, B=$techmap$techmap\soc.cpu.$procmux$3148.$ternary$/usr/bin/../share/yosys/techmap.v:445$12934_Y [20], S=\resetn) into $auto$simplemap.cc:420:simplemap_dff$11572 (SB_DFF).
  Merging $auto$simplemap.cc:277:simplemap_mux$14145 (A=1'0, B=$techmap$techmap\soc.cpu.$procmux$3148.$ternary$/usr/bin/../share/yosys/techmap.v:445$12934_Y [21], S=\resetn) into $auto$simplemap.cc:420:simplemap_dff$11573 (SB_DFF).
  Merging $auto$simplemap.cc:277:simplemap_mux$14146 (A=1'0, B=$techmap$techmap\soc.cpu.$procmux$3148.$ternary$/usr/bin/../share/yosys/techmap.v:445$12934_Y [22], S=\resetn) into $auto$simplemap.cc:420:simplemap_dff$11574 (SB_DFF).
  Merging $auto$simplemap.cc:277:simplemap_mux$14147 (A=1'0, B=$techmap$techmap\soc.cpu.$procmux$3148.$ternary$/usr/bin/../share/yosys/techmap.v:445$12934_Y [23], S=\resetn) into $auto$simplemap.cc:420:simplemap_dff$11575 (SB_DFF).
  Merging $auto$simplemap.cc:277:simplemap_mux$14148 (A=1'0, B=$techmap$techmap\soc.cpu.$procmux$3148.$ternary$/usr/bin/../share/yosys/techmap.v:445$12934_Y [24], S=\resetn) into $auto$simplemap.cc:420:simplemap_dff$11576 (SB_DFF).
  Merging $auto$simplemap.cc:277:simplemap_mux$14149 (A=1'0, B=$techmap$techmap\soc.cpu.$procmux$3148.$ternary$/usr/bin/../share/yosys/techmap.v:445$12934_Y [25], S=\resetn) into $auto$simplemap.cc:420:simplemap_dff$11577 (SB_DFF).
  Merging $auto$simplemap.cc:277:simplemap_mux$14150 (A=1'0, B=$techmap$techmap\soc.cpu.$procmux$3148.$ternary$/usr/bin/../share/yosys/techmap.v:445$12934_Y [26], S=\resetn) into $auto$simplemap.cc:420:simplemap_dff$11578 (SB_DFF).
  Merging $auto$simplemap.cc:277:simplemap_mux$14151 (A=1'0, B=$techmap$techmap\soc.cpu.$procmux$3148.$ternary$/usr/bin/../share/yosys/techmap.v:445$12934_Y [27], S=\resetn) into $auto$simplemap.cc:420:simplemap_dff$11579 (SB_DFF).
  Merging $auto$simplemap.cc:277:simplemap_mux$14143 (A=1'0, B=$techmap$techmap\soc.cpu.$procmux$3148.$ternary$/usr/bin/../share/yosys/techmap.v:445$12934_Y [19], S=\resetn) into $auto$simplemap.cc:420:simplemap_dff$11571 (SB_DFF).
  Merging $auto$simplemap.cc:277:simplemap_mux$14154 (A=1'0, B=$techmap$techmap\soc.cpu.$procmux$3148.$ternary$/usr/bin/../share/yosys/techmap.v:445$12934_Y [30], S=\resetn) into $auto$simplemap.cc:420:simplemap_dff$11582 (SB_DFF).
  Merging $auto$simplemap.cc:277:simplemap_mux$14155 (A=1'0, B=$techmap$techmap\soc.cpu.$procmux$3148.$ternary$/usr/bin/../share/yosys/techmap.v:445$12934_Y [31], S=\resetn) into $auto$simplemap.cc:420:simplemap_dff$11583 (SB_DFF).
  Merging $auto$simplemap.cc:277:simplemap_mux$14124 (A=1'0, B=$techmap$techmap\soc.cpu.$procmux$3148.$ternary$/usr/bin/../share/yosys/techmap.v:445$12934_Y [0], S=\resetn) into $auto$simplemap.cc:420:simplemap_dff$11552 (SB_DFF).
  Merging $auto$simplemap.cc:277:simplemap_mux$14152 (A=1'0, B=$techmap$techmap\soc.cpu.$procmux$3148.$ternary$/usr/bin/../share/yosys/techmap.v:445$12934_Y [28], S=\resetn) into $auto$simplemap.cc:420:simplemap_dff$11580 (SB_DFF).
  Merging $auto$simplemap.cc:277:simplemap_mux$13094 (A=1'0, B=$techmap\soc.cpu.$procmux$3957_Y [18], S=\resetn) into $auto$simplemap.cc:420:simplemap_dff$11666 (SB_DFFE).
  Merging $auto$simplemap.cc:277:simplemap_mux$13076 (A=1'0, B=$techmap\soc.cpu.$procmux$3957_Y [0], S=\resetn) into $auto$simplemap.cc:420:simplemap_dff$11648 (SB_DFFE).
  Merging $auto$simplemap.cc:277:simplemap_mux$13077 (A=1'0, B=$techmap\soc.cpu.$procmux$3957_Y [1], S=\resetn) into $auto$simplemap.cc:420:simplemap_dff$11649 (SB_DFFE).
  Merging $auto$simplemap.cc:277:simplemap_mux$13078 (A=1'0, B=$techmap\soc.cpu.$procmux$3957_Y [2], S=\resetn) into $auto$simplemap.cc:420:simplemap_dff$11650 (SB_DFFE).
  Merging $auto$simplemap.cc:277:simplemap_mux$13079 (A=1'0, B=$techmap\soc.cpu.$procmux$3957_Y [3], S=\resetn) into $auto$simplemap.cc:420:simplemap_dff$11651 (SB_DFFE).
  Merging $auto$simplemap.cc:277:simplemap_mux$13080 (A=1'0, B=$techmap\soc.cpu.$procmux$3957_Y [4], S=\resetn) into $auto$simplemap.cc:420:simplemap_dff$11652 (SB_DFFE).
  Merging $auto$simplemap.cc:277:simplemap_mux$13081 (A=1'0, B=$techmap\soc.cpu.$procmux$3957_Y [5], S=\resetn) into $auto$simplemap.cc:420:simplemap_dff$11653 (SB_DFFE).
  Merging $auto$simplemap.cc:277:simplemap_mux$13082 (A=1'0, B=$techmap\soc.cpu.$procmux$3957_Y [6], S=\resetn) into $auto$simplemap.cc:420:simplemap_dff$11654 (SB_DFFE).
  Merging $auto$simplemap.cc:277:simplemap_mux$13083 (A=1'0, B=$techmap\soc.cpu.$procmux$3957_Y [7], S=\resetn) into $auto$simplemap.cc:420:simplemap_dff$11655 (SB_DFFE).
  Merging $auto$simplemap.cc:277:simplemap_mux$13085 (A=1'0, B=$techmap\soc.cpu.$procmux$3957_Y [9], S=\resetn) into $auto$simplemap.cc:420:simplemap_dff$11657 (SB_DFFE).
  Merging $auto$simplemap.cc:277:simplemap_mux$13086 (A=1'0, B=$techmap\soc.cpu.$procmux$3957_Y [10], S=\resetn) into $auto$simplemap.cc:420:simplemap_dff$11658 (SB_DFFE).
  Merging $auto$simplemap.cc:277:simplemap_mux$13087 (A=1'0, B=$techmap\soc.cpu.$procmux$3957_Y [11], S=\resetn) into $auto$simplemap.cc:420:simplemap_dff$11659 (SB_DFFE).
  Merging $auto$simplemap.cc:277:simplemap_mux$13088 (A=1'0, B=$techmap\soc.cpu.$procmux$3957_Y [12], S=\resetn) into $auto$simplemap.cc:420:simplemap_dff$11660 (SB_DFFE).
  Merging $auto$simplemap.cc:277:simplemap_mux$13089 (A=1'0, B=$techmap\soc.cpu.$procmux$3957_Y [13], S=\resetn) into $auto$simplemap.cc:420:simplemap_dff$11661 (SB_DFFE).
  Merging $auto$simplemap.cc:277:simplemap_mux$13090 (A=1'0, B=$techmap\soc.cpu.$procmux$3957_Y [14], S=\resetn) into $auto$simplemap.cc:420:simplemap_dff$11662 (SB_DFFE).
  Merging $auto$simplemap.cc:277:simplemap_mux$13091 (A=1'0, B=$techmap\soc.cpu.$procmux$3957_Y [15], S=\resetn) into $auto$simplemap.cc:420:simplemap_dff$11663 (SB_DFFE).
  Merging $auto$simplemap.cc:277:simplemap_mux$13092 (A=1'0, B=$techmap\soc.cpu.$procmux$3957_Y [16], S=\resetn) into $auto$simplemap.cc:420:simplemap_dff$11664 (SB_DFFE).
  Merging $auto$simplemap.cc:277:simplemap_mux$13099 (A=1'0, B=$techmap\soc.cpu.$procmux$3957_Y [23], S=\resetn) into $auto$simplemap.cc:420:simplemap_dff$11671 (SB_DFFE).
  Merging $auto$simplemap.cc:277:simplemap_mux$13095 (A=1'0, B=$techmap\soc.cpu.$procmux$3957_Y [19], S=\resetn) into $auto$simplemap.cc:420:simplemap_dff$11667 (SB_DFFE).
  Merging $auto$simplemap.cc:277:simplemap_mux$13096 (A=1'1, B=$techmap\soc.cpu.$procmux$3957_Y [20], S=\resetn) into $auto$simplemap.cc:420:simplemap_dff$11668 (SB_DFFE).
  Merging $auto$simplemap.cc:277:simplemap_mux$13097 (A=1'0, B=$techmap\soc.cpu.$procmux$3957_Y [21], S=\resetn) into $auto$simplemap.cc:420:simplemap_dff$11669 (SB_DFFE).
  Merging $auto$simplemap.cc:277:simplemap_mux$13093 (A=1'0, B=$techmap\soc.cpu.$procmux$3957_Y [17], S=\resetn) into $auto$simplemap.cc:420:simplemap_dff$11665 (SB_DFFE).
  Merging $auto$simplemap.cc:277:simplemap_mux$13098 (A=1'0, B=$techmap\soc.cpu.$procmux$3957_Y [22], S=\resetn) into $auto$simplemap.cc:420:simplemap_dff$11670 (SB_DFFE).
  Merging $auto$simplemap.cc:277:simplemap_mux$13100 (A=1'0, B=$techmap\soc.cpu.$procmux$3957_Y [24], S=\resetn) into $auto$simplemap.cc:420:simplemap_dff$11672 (SB_DFFE).
  Merging $auto$simplemap.cc:277:simplemap_mux$13101 (A=1'0, B=$techmap\soc.cpu.$procmux$3957_Y [25], S=\resetn) into $auto$simplemap.cc:420:simplemap_dff$11673 (SB_DFFE).
  Merging $auto$simplemap.cc:277:simplemap_mux$13102 (A=1'0, B=$techmap\soc.cpu.$procmux$3957_Y [26], S=\resetn) into $auto$simplemap.cc:420:simplemap_dff$11674 (SB_DFFE).
  Merging $auto$simplemap.cc:277:simplemap_mux$13103 (A=1'0, B=$techmap\soc.cpu.$procmux$3957_Y [27], S=\resetn) into $auto$simplemap.cc:420:simplemap_dff$11675 (SB_DFFE).
  Merging $auto$simplemap.cc:277:simplemap_mux$13104 (A=1'0, B=$techmap\soc.cpu.$procmux$3957_Y [28], S=\resetn) into $auto$simplemap.cc:420:simplemap_dff$11676 (SB_DFFE).
  Merging $auto$simplemap.cc:277:simplemap_mux$13105 (A=1'0, B=$techmap\soc.cpu.$procmux$3957_Y [29], S=\resetn) into $auto$simplemap.cc:420:simplemap_dff$11677 (SB_DFFE).
  Merging $auto$simplemap.cc:277:simplemap_mux$13106 (A=1'0, B=$techmap\soc.cpu.$procmux$3957_Y [30], S=\resetn) into $auto$simplemap.cc:420:simplemap_dff$11678 (SB_DFFE).
  Merging $auto$simplemap.cc:277:simplemap_mux$13107 (A=1'0, B=$techmap\soc.cpu.$procmux$3957_Y [31], S=\resetn) into $auto$simplemap.cc:420:simplemap_dff$11679 (SB_DFFE).
  Merging $auto$simplemap.cc:277:simplemap_mux$13012 (A=1'0, B=$auto$alumacc.cc:474:replace_alu$6572.AA [0], S=\resetn) into $auto$simplemap.cc:420:simplemap_dff$11680 (SB_DFFE).
  Merging $auto$simplemap.cc:277:simplemap_mux$13013 (A=1'0, B=$auto$alumacc.cc:474:replace_alu$6572.AA [1], S=\resetn) into $auto$simplemap.cc:420:simplemap_dff$11681 (SB_DFFE).
  Merging $auto$simplemap.cc:277:simplemap_mux$13019 (A=1'0, B=$auto$alumacc.cc:474:replace_alu$6572.AA [7], S=\resetn) into $auto$simplemap.cc:420:simplemap_dff$11687 (SB_DFFE).
  Merging $auto$simplemap.cc:277:simplemap_mux$13015 (A=1'0, B=$auto$alumacc.cc:474:replace_alu$6572.AA [3], S=\resetn) into $auto$simplemap.cc:420:simplemap_dff$11683 (SB_DFFE).
  Merging $auto$simplemap.cc:277:simplemap_mux$13016 (A=1'0, B=$auto$alumacc.cc:474:replace_alu$6572.AA [4], S=\resetn) into $auto$simplemap.cc:420:simplemap_dff$11684 (SB_DFFE).
  Merging $auto$simplemap.cc:277:simplemap_mux$13017 (A=1'0, B=$auto$alumacc.cc:474:replace_alu$6572.AA [5], S=\resetn) into $auto$simplemap.cc:420:simplemap_dff$11685 (SB_DFFE).
  Merging $auto$simplemap.cc:277:simplemap_mux$13014 (A=1'0, B=$auto$alumacc.cc:474:replace_alu$6572.AA [2], S=\resetn) into $auto$simplemap.cc:420:simplemap_dff$11682 (SB_DFFE).
  Merging $auto$simplemap.cc:277:simplemap_mux$13084 (A=1'0, B=$techmap\soc.cpu.$procmux$3957_Y [8], S=\resetn) into $auto$simplemap.cc:420:simplemap_dff$11656 (SB_DFFE).
  Merging $auto$simplemap.cc:277:simplemap_mux$13026 (A=1'0, B=$auto$alumacc.cc:474:replace_alu$6572.AA [14], S=\resetn) into $auto$simplemap.cc:420:simplemap_dff$11694 (SB_DFFE).
  Merging $auto$simplemap.cc:277:simplemap_mux$13021 (A=1'0, B=$auto$alumacc.cc:474:replace_alu$6572.AA [9], S=\resetn) into $auto$simplemap.cc:420:simplemap_dff$11689 (SB_DFFE).
  Merging $auto$simplemap.cc:277:simplemap_mux$13022 (A=1'0, B=$auto$alumacc.cc:474:replace_alu$6572.AA [10], S=\resetn) into $auto$simplemap.cc:420:simplemap_dff$11690 (SB_DFFE).
  Merging $auto$simplemap.cc:277:simplemap_mux$13023 (A=1'0, B=$auto$alumacc.cc:474:replace_alu$6572.AA [11], S=\resetn) into $auto$simplemap.cc:420:simplemap_dff$11691 (SB_DFFE).
  Merging $auto$simplemap.cc:277:simplemap_mux$13024 (A=1'0, B=$auto$alumacc.cc:474:replace_alu$6572.AA [12], S=\resetn) into $auto$simplemap.cc:420:simplemap_dff$11692 (SB_DFFE).
  Merging $auto$simplemap.cc:277:simplemap_mux$13018 (A=1'0, B=$auto$alumacc.cc:474:replace_alu$6572.AA [6], S=\resetn) into $auto$simplemap.cc:420:simplemap_dff$11686 (SB_DFFE).
  Merging $auto$simplemap.cc:277:simplemap_mux$13025 (A=1'0, B=$auto$alumacc.cc:474:replace_alu$6572.AA [13], S=\resetn) into $auto$simplemap.cc:420:simplemap_dff$11693 (SB_DFFE).
  Merging $auto$simplemap.cc:277:simplemap_mux$13032 (A=1'1, B=$auto$alumacc.cc:474:replace_alu$6572.AA [20], S=\resetn) into $auto$simplemap.cc:420:simplemap_dff$11700 (SB_DFFE).
  Merging $auto$simplemap.cc:277:simplemap_mux$13028 (A=1'0, B=$auto$alumacc.cc:474:replace_alu$6572.AA [16], S=\resetn) into $auto$simplemap.cc:420:simplemap_dff$11696 (SB_DFFE).
  Merging $auto$simplemap.cc:277:simplemap_mux$13029 (A=1'0, B=$auto$alumacc.cc:474:replace_alu$6572.AA [17], S=\resetn) into $auto$simplemap.cc:420:simplemap_dff$11697 (SB_DFFE).
  Merging $auto$simplemap.cc:277:simplemap_mux$13030 (A=1'0, B=$auto$alumacc.cc:474:replace_alu$6572.AA [18], S=\resetn) into $auto$simplemap.cc:420:simplemap_dff$11698 (SB_DFFE).
  Merging $auto$simplemap.cc:277:simplemap_mux$13027 (A=1'0, B=$auto$alumacc.cc:474:replace_alu$6572.AA [15], S=\resetn) into $auto$simplemap.cc:420:simplemap_dff$11695 (SB_DFFE).
  Merging $auto$simplemap.cc:277:simplemap_mux$13031 (A=1'0, B=$auto$alumacc.cc:474:replace_alu$6572.AA [19], S=\resetn) into $auto$simplemap.cc:420:simplemap_dff$11699 (SB_DFFE).
  Merging $auto$simplemap.cc:277:simplemap_mux$13033 (A=1'0, B=$auto$alumacc.cc:474:replace_alu$6572.AA [21], S=\resetn) into $auto$simplemap.cc:420:simplemap_dff$11701 (SB_DFFE).
  Merging $auto$simplemap.cc:277:simplemap_mux$13034 (A=1'0, B=$auto$alumacc.cc:474:replace_alu$6572.AA [22], S=\resetn) into $auto$simplemap.cc:420:simplemap_dff$11702 (SB_DFFE).
  Merging $auto$simplemap.cc:277:simplemap_mux$13035 (A=1'0, B=$auto$alumacc.cc:474:replace_alu$6572.AA [23], S=\resetn) into $auto$simplemap.cc:420:simplemap_dff$11703 (SB_DFFE).
  Merging $auto$simplemap.cc:277:simplemap_mux$13036 (A=1'0, B=$auto$alumacc.cc:474:replace_alu$6572.AA [24], S=\resetn) into $auto$simplemap.cc:420:simplemap_dff$11704 (SB_DFFE).
  Merging $auto$simplemap.cc:277:simplemap_mux$13037 (A=1'0, B=$auto$alumacc.cc:474:replace_alu$6572.AA [25], S=\resetn) into $auto$simplemap.cc:420:simplemap_dff$11705 (SB_DFFE).
  Merging $auto$simplemap.cc:277:simplemap_mux$13038 (A=1'0, B=$auto$alumacc.cc:474:replace_alu$6572.AA [26], S=\resetn) into $auto$simplemap.cc:420:simplemap_dff$11706 (SB_DFFE).
  Merging $auto$simplemap.cc:277:simplemap_mux$13042 (A=1'0, B=$auto$alumacc.cc:474:replace_alu$6572.AA [30], S=\resetn) into $auto$simplemap.cc:420:simplemap_dff$11710 (SB_DFFE).
  Merging $auto$simplemap.cc:277:simplemap_mux$13040 (A=1'0, B=$auto$alumacc.cc:474:replace_alu$6572.AA [28], S=\resetn) into $auto$simplemap.cc:420:simplemap_dff$11708 (SB_DFFE).
  Merging $auto$simplemap.cc:277:simplemap_mux$13041 (A=1'0, B=$auto$alumacc.cc:474:replace_alu$6572.AA [29], S=\resetn) into $auto$simplemap.cc:420:simplemap_dff$11709 (SB_DFFE).
  Merging $auto$simplemap.cc:277:simplemap_mux$13043 (A=1'0, B=$auto$alumacc.cc:474:replace_alu$6572.AA [31], S=\resetn) into $auto$simplemap.cc:420:simplemap_dff$11711 (SB_DFFE).
  Merging $auto$simplemap.cc:277:simplemap_mux$14625 (A=\soc.cpu.cpuregs.wen, B=1'0, S=$auto$simplemap.cc:256:simplemap_eqne$15408) into $auto$simplemap.cc:420:simplemap_dff$14409 (SB_DFF).
  Merging $auto$simplemap.cc:277:simplemap_mux$7726 (A=1'0, B=\soc.cpu.mem_wdata [5], S=\resetn) into $auto$simplemap.cc:420:simplemap_dff$7832 (SB_DFFE).
  Merging $auto$simplemap.cc:277:simplemap_mux$16405 (A=1'0, B=\soc.cpu.mem_wdata [7], S=\resetn) into $auto$simplemap.cc:420:simplemap_dff$16281 (SB_DFFE).
  Merging $auto$simplemap.cc:277:simplemap_mux$16403 (A=1'0, B=\soc.cpu.mem_wdata [5], S=\resetn) into $auto$simplemap.cc:420:simplemap_dff$16279 (SB_DFFE).
  Merging $auto$simplemap.cc:277:simplemap_mux$16399 (A=1'0, B=\soc.cpu.mem_wdata [1], S=\resetn) into $auto$simplemap.cc:420:simplemap_dff$16275 (SB_DFFE).
  Merging $auto$simplemap.cc:277:simplemap_mux$16400 (A=1'0, B=\soc.cpu.mem_wdata [2], S=\resetn) into $auto$simplemap.cc:420:simplemap_dff$16276 (SB_DFFE).
  Merging $auto$simplemap.cc:277:simplemap_mux$16401 (A=1'0, B=\soc.cpu.mem_wdata [3], S=\resetn) into $auto$simplemap.cc:420:simplemap_dff$16277 (SB_DFFE).
  Merging $auto$simplemap.cc:277:simplemap_mux$16402 (A=1'0, B=\soc.cpu.mem_wdata [4], S=\resetn) into $auto$simplemap.cc:420:simplemap_dff$16278 (SB_DFFE).
  Merging $auto$simplemap.cc:277:simplemap_mux$7653 (A=1'0, B=\soc.cpu.mem_wdata [28], S=\resetn) into $auto$simplemap.cc:420:simplemap_dff$7855 (SB_DFFE).
  Merging $auto$simplemap.cc:277:simplemap_mux$16404 (A=1'0, B=\soc.cpu.mem_wdata [6], S=\resetn) into $auto$simplemap.cc:420:simplemap_dff$16280 (SB_DFFE).
  Merging $auto$simplemap.cc:277:simplemap_mux$16414 (A=1'0, B=\soc.cpu.mem_wdata [8], S=\resetn) into $auto$simplemap.cc:420:simplemap_dff$16282 (SB_DFFE).
  Merging $auto$simplemap.cc:277:simplemap_mux$16415 (A=1'0, B=\soc.cpu.mem_wdata [9], S=\resetn) into $auto$simplemap.cc:420:simplemap_dff$16283 (SB_DFFE).
  Merging $auto$simplemap.cc:277:simplemap_mux$16416 (A=1'0, B=\soc.cpu.mem_wdata [10], S=\resetn) into $auto$simplemap.cc:420:simplemap_dff$16284 (SB_DFFE).
  Merging $auto$simplemap.cc:277:simplemap_mux$16417 (A=1'0, B=\soc.cpu.mem_wdata [11], S=\resetn) into $auto$simplemap.cc:420:simplemap_dff$16285 (SB_DFFE).
  Merging $auto$simplemap.cc:277:simplemap_mux$16418 (A=1'0, B=\soc.cpu.mem_wdata [12], S=\resetn) into $auto$simplemap.cc:420:simplemap_dff$16286 (SB_DFFE).
  Merging $auto$simplemap.cc:277:simplemap_mux$16419 (A=1'0, B=\soc.cpu.mem_wdata [13], S=\resetn) into $auto$simplemap.cc:420:simplemap_dff$16287 (SB_DFFE).
  Merging $auto$simplemap.cc:277:simplemap_mux$16420 (A=1'0, B=\soc.cpu.mem_wdata [14], S=\resetn) into $auto$simplemap.cc:420:simplemap_dff$16288 (SB_DFFE).
  Merging $auto$simplemap.cc:277:simplemap_mux$16421 (A=1'0, B=\soc.cpu.mem_wdata [15], S=\resetn) into $auto$simplemap.cc:420:simplemap_dff$16289 (SB_DFFE).
  Merging $auto$simplemap.cc:277:simplemap_mux$16430 (A=1'0, B=\soc.cpu.mem_wdata [16], S=\resetn) into $auto$simplemap.cc:420:simplemap_dff$16290 (SB_DFFE).
  Merging $auto$simplemap.cc:277:simplemap_mux$16431 (A=1'0, B=\soc.cpu.mem_wdata [17], S=\resetn) into $auto$simplemap.cc:420:simplemap_dff$16291 (SB_DFFE).
  Merging $auto$simplemap.cc:277:simplemap_mux$16432 (A=1'0, B=\soc.cpu.mem_wdata [18], S=\resetn) into $auto$simplemap.cc:420:simplemap_dff$16292 (SB_DFFE).
  Merging $auto$simplemap.cc:277:simplemap_mux$16433 (A=1'0, B=\soc.cpu.mem_wdata [19], S=\resetn) into $auto$simplemap.cc:420:simplemap_dff$16293 (SB_DFFE).
  Merging $auto$simplemap.cc:277:simplemap_mux$16434 (A=1'0, B=\soc.cpu.mem_wdata [20], S=\resetn) into $auto$simplemap.cc:420:simplemap_dff$16294 (SB_DFFE).
  Merging $auto$simplemap.cc:277:simplemap_mux$16435 (A=1'0, B=\soc.cpu.mem_wdata [21], S=\resetn) into $auto$simplemap.cc:420:simplemap_dff$16295 (SB_DFFE).
  Merging $auto$simplemap.cc:277:simplemap_mux$16436 (A=1'0, B=\soc.cpu.mem_wdata [22], S=\resetn) into $auto$simplemap.cc:420:simplemap_dff$16296 (SB_DFFE).
  Merging $auto$simplemap.cc:277:simplemap_mux$16437 (A=1'0, B=\soc.cpu.mem_wdata [23], S=\resetn) into $auto$simplemap.cc:420:simplemap_dff$16297 (SB_DFFE).
  Merging $auto$simplemap.cc:277:simplemap_mux$16446 (A=1'0, B=\soc.cpu.mem_wdata [24], S=\resetn) into $auto$simplemap.cc:420:simplemap_dff$16298 (SB_DFFE).
  Merging $auto$simplemap.cc:277:simplemap_mux$16447 (A=1'0, B=\soc.cpu.mem_wdata [25], S=\resetn) into $auto$simplemap.cc:420:simplemap_dff$16299 (SB_DFFE).
  Merging $auto$simplemap.cc:277:simplemap_mux$16448 (A=1'0, B=\soc.cpu.mem_wdata [26], S=\resetn) into $auto$simplemap.cc:420:simplemap_dff$16300 (SB_DFFE).
  Merging $auto$simplemap.cc:277:simplemap_mux$16449 (A=1'0, B=\soc.cpu.mem_wdata [27], S=\resetn) into $auto$simplemap.cc:420:simplemap_dff$16301 (SB_DFFE).
  Merging $auto$simplemap.cc:277:simplemap_mux$16450 (A=1'0, B=\soc.cpu.mem_wdata [28], S=\resetn) into $auto$simplemap.cc:420:simplemap_dff$16302 (SB_DFFE).
  Merging $auto$simplemap.cc:277:simplemap_mux$16451 (A=1'0, B=\soc.cpu.mem_wdata [29], S=\resetn) into $auto$simplemap.cc:420:simplemap_dff$16303 (SB_DFFE).
  Merging $auto$simplemap.cc:277:simplemap_mux$16452 (A=1'0, B=\soc.cpu.mem_wdata [30], S=\resetn) into $auto$simplemap.cc:420:simplemap_dff$16304 (SB_DFFE).
  Merging $auto$simplemap.cc:277:simplemap_mux$16453 (A=1'0, B=\soc.cpu.mem_wdata [31], S=\resetn) into $auto$simplemap.cc:420:simplemap_dff$16305 (SB_DFFE).
  Merging $auto$simplemap.cc:277:simplemap_mux$16585 (A=1'0, B=\ser_rx, S=\resetn) into $auto$simplemap.cc:420:simplemap_dff$16314 (SB_DFFE).
  Merging $auto$simplemap.cc:277:simplemap_mux$16632 (A=1'0, B=$techmap\soc.simpleuart.$procmux$5302_Y, S=\resetn) into $auto$simplemap.cc:420:simplemap_dff$16306 (SB_DFF).
  Merging $auto$simplemap.cc:277:simplemap_mux$16579 (A=1'0, B=\soc.simpleuart.recv_pattern [2], S=\resetn) into $auto$simplemap.cc:420:simplemap_dff$16308 (SB_DFFE).
  Merging $auto$simplemap.cc:277:simplemap_mux$16580 (A=1'0, B=\soc.simpleuart.recv_pattern [3], S=\resetn) into $auto$simplemap.cc:420:simplemap_dff$16309 (SB_DFFE).
  Merging $auto$simplemap.cc:277:simplemap_mux$16581 (A=1'0, B=\soc.simpleuart.recv_pattern [4], S=\resetn) into $auto$simplemap.cc:420:simplemap_dff$16310 (SB_DFFE).
  Merging $auto$simplemap.cc:277:simplemap_mux$16582 (A=1'0, B=\soc.simpleuart.recv_pattern [5], S=\resetn) into $auto$simplemap.cc:420:simplemap_dff$16311 (SB_DFFE).
  Merging $auto$simplemap.cc:277:simplemap_mux$16583 (A=1'0, B=\soc.simpleuart.recv_pattern [6], S=\resetn) into $auto$simplemap.cc:420:simplemap_dff$16312 (SB_DFFE).
  Merging $auto$simplemap.cc:277:simplemap_mux$16398 (A=1'1, B=\soc.cpu.mem_wdata [0], S=\resetn) into $auto$simplemap.cc:420:simplemap_dff$16274 (SB_DFFE).
  Merging $auto$simplemap.cc:277:simplemap_mux$16584 (A=1'0, B=\soc.simpleuart.recv_pattern [7], S=\resetn) into $auto$simplemap.cc:420:simplemap_dff$16313 (SB_DFFE).
  Merging $auto$simplemap.cc:277:simplemap_mux$16482 (A=1'0, B=$techmap$techmap\soc.simpleuart.$procmux$5328.$ternary$/usr/bin/../share/yosys/techmap.v:445$12975_Y [0], S=\resetn) into $auto$simplemap.cc:420:simplemap_dff$16315 (SB_DFF).
  Merging $auto$simplemap.cc:277:simplemap_mux$16483 (A=1'0, B=$techmap$techmap\soc.simpleuart.$procmux$5328.$ternary$/usr/bin/../share/yosys/techmap.v:445$12975_Y [1], S=\resetn) into $auto$simplemap.cc:420:simplemap_dff$16316 (SB_DFF).
  Merging $auto$simplemap.cc:277:simplemap_mux$16484 (A=1'0, B=$techmap$techmap\soc.simpleuart.$procmux$5328.$ternary$/usr/bin/../share/yosys/techmap.v:445$12975_Y [2], S=\resetn) into $auto$simplemap.cc:420:simplemap_dff$16317 (SB_DFF).
  Merging $auto$simplemap.cc:277:simplemap_mux$16485 (A=1'0, B=$techmap$techmap\soc.simpleuart.$procmux$5328.$ternary$/usr/bin/../share/yosys/techmap.v:445$12975_Y [3], S=\resetn) into $auto$simplemap.cc:420:simplemap_dff$16318 (SB_DFF).
  Merging $auto$simplemap.cc:277:simplemap_mux$16486 (A=1'0, B=$techmap$techmap\soc.simpleuart.$procmux$5328.$ternary$/usr/bin/../share/yosys/techmap.v:445$12975_Y [4], S=\resetn) into $auto$simplemap.cc:420:simplemap_dff$16319 (SB_DFF).
  Merging $auto$simplemap.cc:277:simplemap_mux$16487 (A=1'0, B=$techmap$techmap\soc.simpleuart.$procmux$5328.$ternary$/usr/bin/../share/yosys/techmap.v:445$12975_Y [5], S=\resetn) into $auto$simplemap.cc:420:simplemap_dff$16320 (SB_DFF).
  Merging $auto$simplemap.cc:277:simplemap_mux$16488 (A=1'0, B=$techmap$techmap\soc.simpleuart.$procmux$5328.$ternary$/usr/bin/../share/yosys/techmap.v:445$12975_Y [6], S=\resetn) into $auto$simplemap.cc:420:simplemap_dff$16321 (SB_DFF).
  Merging $auto$simplemap.cc:277:simplemap_mux$16578 (A=1'0, B=\soc.simpleuart.recv_pattern [1], S=\resetn) into $auto$simplemap.cc:420:simplemap_dff$16307 (SB_DFFE).
  Merging $auto$simplemap.cc:277:simplemap_mux$16489 (A=1'0, B=$techmap$techmap\soc.simpleuart.$procmux$5328.$ternary$/usr/bin/../share/yosys/techmap.v:445$12975_Y [7], S=\resetn) into $auto$simplemap.cc:420:simplemap_dff$16322 (SB_DFF).
  Merging $auto$simplemap.cc:277:simplemap_mux$16491 (A=1'0, B=$techmap$techmap\soc.simpleuart.$procmux$5328.$ternary$/usr/bin/../share/yosys/techmap.v:445$12975_Y [9], S=\resetn) into $auto$simplemap.cc:420:simplemap_dff$16324 (SB_DFF).
  Merging $auto$simplemap.cc:277:simplemap_mux$16492 (A=1'0, B=$techmap$techmap\soc.simpleuart.$procmux$5328.$ternary$/usr/bin/../share/yosys/techmap.v:445$12975_Y [10], S=\resetn) into $auto$simplemap.cc:420:simplemap_dff$16325 (SB_DFF).
  Merging $auto$simplemap.cc:277:simplemap_mux$16493 (A=1'0, B=$techmap$techmap\soc.simpleuart.$procmux$5328.$ternary$/usr/bin/../share/yosys/techmap.v:445$12975_Y [11], S=\resetn) into $auto$simplemap.cc:420:simplemap_dff$16326 (SB_DFF).
  Merging $auto$simplemap.cc:277:simplemap_mux$16494 (A=1'0, B=$techmap$techmap\soc.simpleuart.$procmux$5328.$ternary$/usr/bin/../share/yosys/techmap.v:445$12975_Y [12], S=\resetn) into $auto$simplemap.cc:420:simplemap_dff$16327 (SB_DFF).
  Merging $auto$simplemap.cc:277:simplemap_mux$16495 (A=1'0, B=$techmap$techmap\soc.simpleuart.$procmux$5328.$ternary$/usr/bin/../share/yosys/techmap.v:445$12975_Y [13], S=\resetn) into $auto$simplemap.cc:420:simplemap_dff$16328 (SB_DFF).
  Merging $auto$simplemap.cc:277:simplemap_mux$16496 (A=1'0, B=$techmap$techmap\soc.simpleuart.$procmux$5328.$ternary$/usr/bin/../share/yosys/techmap.v:445$12975_Y [14], S=\resetn) into $auto$simplemap.cc:420:simplemap_dff$16329 (SB_DFF).
  Merging $auto$simplemap.cc:277:simplemap_mux$16497 (A=1'0, B=$techmap$techmap\soc.simpleuart.$procmux$5328.$ternary$/usr/bin/../share/yosys/techmap.v:445$12975_Y [15], S=\resetn) into $auto$simplemap.cc:420:simplemap_dff$16330 (SB_DFF).
  Merging $auto$simplemap.cc:277:simplemap_mux$16498 (A=1'0, B=$techmap$techmap\soc.simpleuart.$procmux$5328.$ternary$/usr/bin/../share/yosys/techmap.v:445$12975_Y [16], S=\resetn) into $auto$simplemap.cc:420:simplemap_dff$16331 (SB_DFF).
  Merging $auto$simplemap.cc:277:simplemap_mux$16499 (A=1'0, B=$techmap$techmap\soc.simpleuart.$procmux$5328.$ternary$/usr/bin/../share/yosys/techmap.v:445$12975_Y [17], S=\resetn) into $auto$simplemap.cc:420:simplemap_dff$16332 (SB_DFF).
  Merging $auto$simplemap.cc:277:simplemap_mux$16500 (A=1'0, B=$techmap$techmap\soc.simpleuart.$procmux$5328.$ternary$/usr/bin/../share/yosys/techmap.v:445$12975_Y [18], S=\resetn) into $auto$simplemap.cc:420:simplemap_dff$16333 (SB_DFF).
  Merging $auto$simplemap.cc:277:simplemap_mux$16501 (A=1'0, B=$techmap$techmap\soc.simpleuart.$procmux$5328.$ternary$/usr/bin/../share/yosys/techmap.v:445$12975_Y [19], S=\resetn) into $auto$simplemap.cc:420:simplemap_dff$16334 (SB_DFF).
  Merging $auto$simplemap.cc:277:simplemap_mux$16502 (A=1'0, B=$techmap$techmap\soc.simpleuart.$procmux$5328.$ternary$/usr/bin/../share/yosys/techmap.v:445$12975_Y [20], S=\resetn) into $auto$simplemap.cc:420:simplemap_dff$16335 (SB_DFF).
  Merging $auto$simplemap.cc:277:simplemap_mux$16503 (A=1'0, B=$techmap$techmap\soc.simpleuart.$procmux$5328.$ternary$/usr/bin/../share/yosys/techmap.v:445$12975_Y [21], S=\resetn) into $auto$simplemap.cc:420:simplemap_dff$16336 (SB_DFF).
  Merging $auto$simplemap.cc:277:simplemap_mux$16504 (A=1'0, B=$techmap$techmap\soc.simpleuart.$procmux$5328.$ternary$/usr/bin/../share/yosys/techmap.v:445$12975_Y [22], S=\resetn) into $auto$simplemap.cc:420:simplemap_dff$16337 (SB_DFF).
  Merging $auto$simplemap.cc:277:simplemap_mux$16505 (A=1'0, B=$techmap$techmap\soc.simpleuart.$procmux$5328.$ternary$/usr/bin/../share/yosys/techmap.v:445$12975_Y [23], S=\resetn) into $auto$simplemap.cc:420:simplemap_dff$16338 (SB_DFF).
  Merging $auto$simplemap.cc:277:simplemap_mux$16506 (A=1'0, B=$techmap$techmap\soc.simpleuart.$procmux$5328.$ternary$/usr/bin/../share/yosys/techmap.v:445$12975_Y [24], S=\resetn) into $auto$simplemap.cc:420:simplemap_dff$16339 (SB_DFF).
  Merging $auto$simplemap.cc:277:simplemap_mux$16507 (A=1'0, B=$techmap$techmap\soc.simpleuart.$procmux$5328.$ternary$/usr/bin/../share/yosys/techmap.v:445$12975_Y [25], S=\resetn) into $auto$simplemap.cc:420:simplemap_dff$16340 (SB_DFF).
  Merging $auto$simplemap.cc:277:simplemap_mux$16508 (A=1'0, B=$techmap$techmap\soc.simpleuart.$procmux$5328.$ternary$/usr/bin/../share/yosys/techmap.v:445$12975_Y [26], S=\resetn) into $auto$simplemap.cc:420:simplemap_dff$16341 (SB_DFF).
  Merging $auto$simplemap.cc:277:simplemap_mux$16509 (A=1'0, B=$techmap$techmap\soc.simpleuart.$procmux$5328.$ternary$/usr/bin/../share/yosys/techmap.v:445$12975_Y [27], S=\resetn) into $auto$simplemap.cc:420:simplemap_dff$16342 (SB_DFF).
  Merging $auto$simplemap.cc:277:simplemap_mux$16510 (A=1'0, B=$techmap$techmap\soc.simpleuart.$procmux$5328.$ternary$/usr/bin/../share/yosys/techmap.v:445$12975_Y [28], S=\resetn) into $auto$simplemap.cc:420:simplemap_dff$16343 (SB_DFF).
  Merging $auto$simplemap.cc:277:simplemap_mux$16511 (A=1'0, B=$techmap$techmap\soc.simpleuart.$procmux$5328.$ternary$/usr/bin/../share/yosys/techmap.v:445$12975_Y [29], S=\resetn) into $auto$simplemap.cc:420:simplemap_dff$16344 (SB_DFF).
  Merging $auto$simplemap.cc:277:simplemap_mux$16512 (A=1'0, B=$techmap$techmap\soc.simpleuart.$procmux$5328.$ternary$/usr/bin/../share/yosys/techmap.v:445$12975_Y [30], S=\resetn) into $auto$simplemap.cc:420:simplemap_dff$16345 (SB_DFF).
  Merging $auto$simplemap.cc:277:simplemap_mux$16513 (A=1'0, B=$techmap$techmap\soc.simpleuart.$procmux$5328.$ternary$/usr/bin/../share/yosys/techmap.v:445$12975_Y [31], S=\resetn) into $auto$simplemap.cc:420:simplemap_dff$16346 (SB_DFF).
  Merging $auto$simplemap.cc:277:simplemap_mux$16462 (A=1'0, B=$techmap$techmap\soc.simpleuart.$procmux$5342.$ternary$/usr/bin/../share/yosys/techmap.v:445$11960_Y [0], S=\resetn) into $auto$simplemap.cc:420:simplemap_dff$16347 (SB_DFFE).
  Merging $auto$simplemap.cc:277:simplemap_mux$16463 (A=1'0, B=$techmap$techmap\soc.simpleuart.$procmux$5342.$ternary$/usr/bin/../share/yosys/techmap.v:445$11960_Y [1], S=\resetn) into $auto$simplemap.cc:420:simplemap_dff$16348 (SB_DFFE).
  Merging $auto$simplemap.cc:277:simplemap_mux$16464 (A=1'0, B=$techmap$techmap\soc.simpleuart.$procmux$5342.$ternary$/usr/bin/../share/yosys/techmap.v:445$11960_Y [2], S=\resetn) into $auto$simplemap.cc:420:simplemap_dff$16349 (SB_DFFE).
  Merging $auto$simplemap.cc:277:simplemap_mux$16698 (A=1'0, B=$techmap\soc.simpleuart.$procmux$5262_Y [3], S=\resetn) into $auto$simplemap.cc:420:simplemap_dff$16355 (SB_DFF).
  Merging $auto$simplemap.cc:277:simplemap_mux$16692 (A=1'1, B=$techmap\soc.simpleuart.$procmux$5270_Y, S=\resetn) into $auto$simplemap.cc:420:simplemap_dff$16351 (SB_DFFE).
  Merging $auto$simplemap.cc:277:simplemap_mux$16465 (A=1'0, B=$techmap$techmap\soc.simpleuart.$procmux$5342.$ternary$/usr/bin/../share/yosys/techmap.v:445$11960_Y [3], S=\resetn) into $auto$simplemap.cc:420:simplemap_dff$16350 (SB_DFFE).
  Merging $auto$simplemap.cc:277:simplemap_mux$16696 (A=1'0, B=$techmap\soc.simpleuart.$procmux$5262_Y [1], S=\resetn) into $auto$simplemap.cc:420:simplemap_dff$16353 (SB_DFFE).
  Merging $auto$simplemap.cc:277:simplemap_mux$16490 (A=1'0, B=$techmap$techmap\soc.simpleuart.$procmux$5328.$ternary$/usr/bin/../share/yosys/techmap.v:445$12975_Y [8], S=\resetn) into $auto$simplemap.cc:420:simplemap_dff$16323 (SB_DFF).
  Merging $auto$simplemap.cc:277:simplemap_mux$16697 (A=1'0, B=$techmap\soc.simpleuart.$procmux$5262_Y [2], S=\resetn) into $auto$simplemap.cc:420:simplemap_dff$16354 (SB_DFF).
  Merging $auto$simplemap.cc:277:simplemap_mux$16699 (A=1'0, B=$techmap\soc.simpleuart.$procmux$5262_Y [4], S=\resetn) into $auto$simplemap.cc:420:simplemap_dff$16356 (SB_DFF).
  Merging $auto$simplemap.cc:277:simplemap_mux$16700 (A=1'0, B=$techmap\soc.simpleuart.$procmux$5262_Y [5], S=\resetn) into $auto$simplemap.cc:420:simplemap_dff$16357 (SB_DFF).
  Merging $auto$simplemap.cc:277:simplemap_mux$16701 (A=1'0, B=$techmap\soc.simpleuart.$procmux$5262_Y [6], S=\resetn) into $auto$simplemap.cc:420:simplemap_dff$16358 (SB_DFF).
  Merging $auto$simplemap.cc:277:simplemap_mux$16702 (A=1'0, B=$techmap\soc.simpleuart.$procmux$5262_Y [7], S=\resetn) into $auto$simplemap.cc:420:simplemap_dff$16359 (SB_DFF).
  Merging $auto$simplemap.cc:277:simplemap_mux$16703 (A=1'0, B=$techmap\soc.simpleuart.$procmux$5262_Y [8], S=\resetn) into $auto$simplemap.cc:420:simplemap_dff$16360 (SB_DFF).
  Merging $auto$simplemap.cc:277:simplemap_mux$16704 (A=1'0, B=$techmap\soc.simpleuart.$procmux$5262_Y [9], S=\resetn) into $auto$simplemap.cc:420:simplemap_dff$16361 (SB_DFF).
  Merging $auto$simplemap.cc:277:simplemap_mux$16705 (A=1'0, B=$techmap\soc.simpleuart.$procmux$5262_Y [10], S=\resetn) into $auto$simplemap.cc:420:simplemap_dff$16362 (SB_DFF).
  Merging $auto$simplemap.cc:277:simplemap_mux$16706 (A=1'0, B=$techmap\soc.simpleuart.$procmux$5262_Y [11], S=\resetn) into $auto$simplemap.cc:420:simplemap_dff$16363 (SB_DFF).
  Merging $auto$simplemap.cc:277:simplemap_mux$16707 (A=1'0, B=$techmap\soc.simpleuart.$procmux$5262_Y [12], S=\resetn) into $auto$simplemap.cc:420:simplemap_dff$16364 (SB_DFF).
  Merging $auto$simplemap.cc:277:simplemap_mux$16708 (A=1'0, B=$techmap\soc.simpleuart.$procmux$5262_Y [13], S=\resetn) into $auto$simplemap.cc:420:simplemap_dff$16365 (SB_DFF).
  Merging $auto$simplemap.cc:277:simplemap_mux$16709 (A=1'0, B=$techmap\soc.simpleuart.$procmux$5262_Y [14], S=\resetn) into $auto$simplemap.cc:420:simplemap_dff$16366 (SB_DFF).
  Merging $auto$simplemap.cc:277:simplemap_mux$16710 (A=1'0, B=$techmap\soc.simpleuart.$procmux$5262_Y [15], S=\resetn) into $auto$simplemap.cc:420:simplemap_dff$16367 (SB_DFF).
  Merging $auto$simplemap.cc:277:simplemap_mux$16711 (A=1'0, B=$techmap\soc.simpleuart.$procmux$5262_Y [16], S=\resetn) into $auto$simplemap.cc:420:simplemap_dff$16368 (SB_DFF).
  Merging $auto$simplemap.cc:277:simplemap_mux$16712 (A=1'0, B=$techmap\soc.simpleuart.$procmux$5262_Y [17], S=\resetn) into $auto$simplemap.cc:420:simplemap_dff$16369 (SB_DFF).
  Merging $auto$simplemap.cc:277:simplemap_mux$16713 (A=1'0, B=$techmap\soc.simpleuart.$procmux$5262_Y [18], S=\resetn) into $auto$simplemap.cc:420:simplemap_dff$16370 (SB_DFF).
  Merging $auto$simplemap.cc:277:simplemap_mux$16714 (A=1'0, B=$techmap\soc.simpleuart.$procmux$5262_Y [19], S=\resetn) into $auto$simplemap.cc:420:simplemap_dff$16371 (SB_DFF).
  Merging $auto$simplemap.cc:277:simplemap_mux$16715 (A=1'0, B=$techmap\soc.simpleuart.$procmux$5262_Y [20], S=\resetn) into $auto$simplemap.cc:420:simplemap_dff$16372 (SB_DFF).
  Merging $auto$simplemap.cc:277:simplemap_mux$16716 (A=1'0, B=$techmap\soc.simpleuart.$procmux$5262_Y [21], S=\resetn) into $auto$simplemap.cc:420:simplemap_dff$16373 (SB_DFF).
  Merging $auto$simplemap.cc:277:simplemap_mux$16717 (A=1'0, B=$techmap\soc.simpleuart.$procmux$5262_Y [22], S=\resetn) into $auto$simplemap.cc:420:simplemap_dff$16374 (SB_DFF).
  Merging $auto$simplemap.cc:277:simplemap_mux$16718 (A=1'0, B=$techmap\soc.simpleuart.$procmux$5262_Y [23], S=\resetn) into $auto$simplemap.cc:420:simplemap_dff$16375 (SB_DFF).
  Merging $auto$simplemap.cc:277:simplemap_mux$16719 (A=1'0, B=$techmap\soc.simpleuart.$procmux$5262_Y [24], S=\resetn) into $auto$simplemap.cc:420:simplemap_dff$16376 (SB_DFF).
  Merging $auto$simplemap.cc:277:simplemap_mux$16720 (A=1'0, B=$techmap\soc.simpleuart.$procmux$5262_Y [25], S=\resetn) into $auto$simplemap.cc:420:simplemap_dff$16377 (SB_DFF).
  Merging $auto$simplemap.cc:277:simplemap_mux$16721 (A=1'0, B=$techmap\soc.simpleuart.$procmux$5262_Y [26], S=\resetn) into $auto$simplemap.cc:420:simplemap_dff$16378 (SB_DFF).
  Merging $auto$simplemap.cc:277:simplemap_mux$16722 (A=1'0, B=$techmap\soc.simpleuart.$procmux$5262_Y [27], S=\resetn) into $auto$simplemap.cc:420:simplemap_dff$16379 (SB_DFF).
  Merging $auto$simplemap.cc:277:simplemap_mux$16723 (A=1'0, B=$techmap\soc.simpleuart.$procmux$5262_Y [28], S=\resetn) into $auto$simplemap.cc:420:simplemap_dff$16380 (SB_DFF).
  Merging $auto$simplemap.cc:277:simplemap_mux$16724 (A=1'0, B=$techmap\soc.simpleuart.$procmux$5262_Y [29], S=\resetn) into $auto$simplemap.cc:420:simplemap_dff$16381 (SB_DFF).
  Merging $auto$simplemap.cc:277:simplemap_mux$16725 (A=1'0, B=$techmap\soc.simpleuart.$procmux$5262_Y [30], S=\resetn) into $auto$simplemap.cc:420:simplemap_dff$16382 (SB_DFF).
  Merging $auto$simplemap.cc:277:simplemap_mux$16726 (A=1'0, B=$techmap\soc.simpleuart.$procmux$5262_Y [31], S=\resetn) into $auto$simplemap.cc:420:simplemap_dff$16383 (SB_DFF).
  Merging $auto$simplemap.cc:277:simplemap_mux$16676 (A=1'0, B=$techmap\soc.simpleuart.$procmux$5281_Y [0], S=\resetn) into $auto$simplemap.cc:420:simplemap_dff$16384 (SB_DFFE).
  Merging $auto$simplemap.cc:277:simplemap_mux$16677 (A=1'0, B=$techmap\soc.simpleuart.$procmux$5281_Y [1], S=\resetn) into $auto$simplemap.cc:420:simplemap_dff$16385 (SB_DFFE).
  Merging $auto$simplemap.cc:277:simplemap_mux$16678 (A=1'0, B=$techmap\soc.simpleuart.$procmux$5281_Y [2], S=\resetn) into $auto$simplemap.cc:420:simplemap_dff$16386 (SB_DFFE).
  Merging $auto$simplemap.cc:277:simplemap_mux$16640 (A=1'1, B=$techmap\soc.simpleuart.$procmux$5292_Y [4], S=\resetn) into $auto$simplemap.cc:420:simplemap_dff$16392 (SB_DFFE).
  Merging $auto$simplemap.cc:277:simplemap_mux$16679 (A=1'0, B=$techmap\soc.simpleuart.$procmux$5281_Y [3], S=\resetn) into $auto$simplemap.cc:420:simplemap_dff$16387 (SB_DFFE).
  Merging $auto$simplemap.cc:277:simplemap_mux$16637 (A=1'1, B=$techmap\soc.simpleuart.$procmux$5292_Y [1], S=\resetn) into $auto$simplemap.cc:420:simplemap_dff$16389 (SB_DFFE).
  Merging $auto$simplemap.cc:277:simplemap_mux$16638 (A=1'1, B=$techmap\soc.simpleuart.$procmux$5292_Y [2], S=\resetn) into $auto$simplemap.cc:420:simplemap_dff$16390 (SB_DFFE).
  Merging $auto$simplemap.cc:277:simplemap_mux$16695 (A=1'0, B=$techmap\soc.simpleuart.$procmux$5262_Y [0], S=\resetn) into $auto$simplemap.cc:420:simplemap_dff$16352 (SB_DFF).
  Merging $auto$simplemap.cc:277:simplemap_mux$16639 (A=1'1, B=$techmap\soc.simpleuart.$procmux$5292_Y [3], S=\resetn) into $auto$simplemap.cc:420:simplemap_dff$16391 (SB_DFFE).
  Merging $auto$simplemap.cc:277:simplemap_mux$16641 (A=1'1, B=$techmap\soc.simpleuart.$procmux$5292_Y [5], S=\resetn) into $auto$simplemap.cc:420:simplemap_dff$16393 (SB_DFFE).
  Merging $auto$simplemap.cc:277:simplemap_mux$16642 (A=1'1, B=$techmap\soc.simpleuart.$procmux$5292_Y [6], S=\resetn) into $auto$simplemap.cc:420:simplemap_dff$16394 (SB_DFFE).
  Merging $auto$simplemap.cc:277:simplemap_mux$16643 (A=1'1, B=$techmap\soc.simpleuart.$procmux$5292_Y [7], S=\resetn) into $auto$simplemap.cc:420:simplemap_dff$16395 (SB_DFFE).
  Merging $auto$simplemap.cc:277:simplemap_mux$16644 (A=1'1, B=$techmap\soc.simpleuart.$procmux$5292_Y [8], S=\resetn) into $auto$simplemap.cc:420:simplemap_dff$16396 (SB_DFFE).
  Merging $auto$simplemap.cc:277:simplemap_mux$16636 (A=1'1, B=$techmap\soc.simpleuart.$procmux$5292_Y [0], S=\resetn) into $auto$simplemap.cc:420:simplemap_dff$16388 (SB_DFFE).
  Merging $auto$simplemap.cc:277:simplemap_mux$18764 (A=1'1, B=$auto$wreduce.cc:455:run$6419 [0], S=\soc.spimemio.xfer_resetn) into $auto$simplemap.cc:420:simplemap_dff$17186 (SB_DFF).
  Merging $auto$simplemap.cc:277:simplemap_mux$17313 (A=1'1, B=\soc.cpu.mem_wdata [31], S=\resetn) into $auto$simplemap.cc:420:simplemap_dff$17162 (SB_DFFE).
  Merging $auto$simplemap.cc:277:simplemap_mux$17342 (A=1'0, B=\soc.cpu.mem_wdata [1], S=\resetn) into $auto$simplemap.cc:420:simplemap_dff$17188 (SB_DFFE).
  Merging $auto$simplemap.cc:277:simplemap_mux$17344 (A=1'0, B=\soc.cpu.mem_wdata [3], S=\resetn) into $auto$simplemap.cc:420:simplemap_dff$17190 (SB_DFFE).
  Merging $auto$simplemap.cc:277:simplemap_mux$17323 (A=1'0, B=\soc.cpu.mem_wdata [18], S=\resetn) into $auto$simplemap.cc:420:simplemap_dff$17199 (SB_DFFE).
  Merging $auto$simplemap.cc:277:simplemap_mux$17337 (A=1'0, B=\soc.cpu.mem_wdata [5], S=\resetn) into $auto$simplemap.cc:420:simplemap_dff$17192 (SB_DFFE).
  Merging $auto$simplemap.cc:277:simplemap_mux$17339 (A=1'0, B=\soc.cpu.mem_wdata [4], S=\resetn) into $auto$simplemap.cc:420:simplemap_dff$17191 (SB_DFFE).
  Merging $auto$simplemap.cc:277:simplemap_mux$17330 (A=1'0, B=\soc.cpu.mem_wdata [9], S=\resetn) into $auto$simplemap.cc:420:simplemap_dff$17194 (SB_DFFE).
  Merging $auto$simplemap.cc:277:simplemap_mux$17331 (A=1'0, B=\soc.cpu.mem_wdata [10], S=\resetn) into $auto$simplemap.cc:420:simplemap_dff$17195 (SB_DFFE).
  Merging $auto$simplemap.cc:277:simplemap_mux$17329 (A=1'0, B=\soc.cpu.mem_wdata [8], S=\resetn) into $auto$simplemap.cc:420:simplemap_dff$17193 (SB_DFFE).
  Merging $auto$simplemap.cc:277:simplemap_mux$17332 (A=1'0, B=\soc.cpu.mem_wdata [11], S=\resetn) into $auto$simplemap.cc:420:simplemap_dff$17196 (SB_DFFE).
  Merging $auto$simplemap.cc:277:simplemap_mux$17341 (A=1'0, B=\soc.cpu.mem_wdata [0], S=\resetn) into $auto$simplemap.cc:420:simplemap_dff$17187 (SB_DFFE).
  Merging $auto$simplemap.cc:277:simplemap_mux$17322 (A=1'0, B=\soc.cpu.mem_wdata [17], S=\resetn) into $auto$simplemap.cc:420:simplemap_dff$17198 (SB_DFFE).
  Merging $auto$simplemap.cc:277:simplemap_mux$17324 (A=1'1, B=\soc.cpu.mem_wdata [19], S=\resetn) into $auto$simplemap.cc:420:simplemap_dff$17200 (SB_DFFE).
  Merging $auto$simplemap.cc:277:simplemap_mux$17574 (A=$techmap\soc.spimemio.$procmux$5799_Y [0], B=1'0, S=$techmap\soc.spimemio.$logic_or$spimemio.v:211$53_Y) into $auto$simplemap.cc:420:simplemap_dff$17209 (SB_DFFE).
  Merging $auto$simplemap.cc:277:simplemap_mux$17317 (A=1'0, B=\soc.cpu.mem_wdata [21], S=\resetn) into $auto$simplemap.cc:420:simplemap_dff$17202 (SB_DFFE).
  Merging $auto$simplemap.cc:277:simplemap_mux$17315 (A=1'0, B=\soc.cpu.mem_wdata [22], S=\resetn) into $auto$simplemap.cc:420:simplemap_dff$17203 (SB_DFFE).
  Merging $auto$simplemap.cc:277:simplemap_mux$17349 (A=1'1, B=$techmap\soc.spimemio.$logic_or$spimemio.v:100$31_Y, S=\resetn) into $auto$simplemap.cc:420:simplemap_dff$17204 (SB_DFF).
  Merging $auto$simplemap.cc:277:simplemap_mux$18434 (A=$techmap\soc.spimemio.xfer.$2\flash_io3_do[0:0], B=1'0, S=$auto$simplemap.cc:168:logic_reduce$18874) into $auto$simplemap.cc:420:simplemap_dff$17205 (SB_DFFN).
  Merging $auto$simplemap.cc:277:simplemap_mux$18432 (A=$techmap\soc.spimemio.xfer.$2\flash_io2_do[0:0], B=1'0, S=$auto$simplemap.cc:168:logic_reduce$18874) into $auto$simplemap.cc:420:simplemap_dff$17206 (SB_DFFN).
  Merging $auto$simplemap.cc:277:simplemap_mux$18431 (A=$techmap$techmap\soc.spimemio.xfer.$procmux$5664.$ternary$/usr/bin/../share/yosys/techmap.v:445$12127_Y, B=1'0, S=$auto$simplemap.cc:168:logic_reduce$18874) into $auto$simplemap.cc:420:simplemap_dff$17207 (SB_DFFN).
  Merging $auto$simplemap.cc:277:simplemap_mux$17321 (A=1'0, B=\soc.cpu.mem_wdata [16], S=\resetn) into $auto$simplemap.cc:420:simplemap_dff$17197 (SB_DFFE).
  Merging $auto$simplemap.cc:277:simplemap_mux$17319 (A=1'0, B=\soc.cpu.mem_wdata [20], S=\resetn) into $auto$simplemap.cc:420:simplemap_dff$17201 (SB_DFFE).
  Merging $auto$simplemap.cc:277:simplemap_mux$17575 (A=$techmap\soc.spimemio.$procmux$5799_Y [1], B=1'0, S=$techmap\soc.spimemio.$logic_or$spimemio.v:211$53_Y) into $auto$simplemap.cc:420:simplemap_dff$17210 (SB_DFFE).
  Merging $auto$simplemap.cc:277:simplemap_mux$17576 (A=$techmap\soc.spimemio.$procmux$5799_Y [2], B=1'0, S=$techmap\soc.spimemio.$logic_or$spimemio.v:211$53_Y) into $auto$simplemap.cc:420:simplemap_dff$17211 (SB_DFFE).
  Merging $auto$simplemap.cc:277:simplemap_mux$17571 (A=$techmap\soc.spimemio.$procmux$5814_Y, B=1'0, S=\soc.spimemio.jump) into $auto$simplemap.cc:420:simplemap_dff$17213 (SB_DFFE).
  Merging $auto$simplemap.cc:277:simplemap_mux$17568 (A=\soc.spimemio.rd_inc, B=1'0, S=\soc.spimemio.valid) into $auto$simplemap.cc:420:simplemap_dff$17214 (SB_DFFE).
  Merging $auto$simplemap.cc:277:simplemap_mux$17564 (A=$techmap\soc.spimemio.$procmux$5830_Y, B=1'0, S=$techmap\soc.spimemio.$logic_or$spimemio.v:211$53_Y) into $auto$simplemap.cc:420:simplemap_dff$17215 (SB_DFFE).
  Merging $auto$simplemap.cc:277:simplemap_mux$18429 (A=$techmap$techmap\soc.spimemio.xfer.$procmux$5612.$ternary$/usr/bin/../share/yosys/techmap.v:445$12127_Y, B=1'0, S=$auto$simplemap.cc:168:logic_reduce$18874) into $auto$simplemap.cc:420:simplemap_dff$17208 (SB_DFFN).
  Merging $auto$simplemap.cc:277:simplemap_mux$17577 (A=$techmap\soc.spimemio.$procmux$5799_Y [3], B=1'0, S=$techmap\soc.spimemio.$logic_or$spimemio.v:211$53_Y) into $auto$simplemap.cc:420:simplemap_dff$17212 (SB_DFFE).
  Merging $auto$simplemap.cc:277:simplemap_mux$17669 (A=$techmap\soc.spimemio.$procmux$5747_Y, B=1'0, S=$techmap\soc.spimemio.$logic_or$spimemio.v:211$53_Y) into $auto$simplemap.cc:420:simplemap_dff$17272 (SB_DFF).
  Merging $auto$simplemap.cc:277:simplemap_mux$17498 (A=$techmap\soc.spimemio.$procmux$5908_Y, B=1'0, S=$techmap\soc.spimemio.$logic_or$spimemio.v:211$53_Y) into $auto$simplemap.cc:420:simplemap_dff$17265 (SB_DFF).
  Merging $auto$simplemap.cc:277:simplemap_mux$17493 (A=$techmap\soc.spimemio.$procmux$5927_Y, B=1'0, S=$techmap\soc.spimemio.$logic_or$spimemio.v:211$53_Y) into $auto$simplemap.cc:420:simplemap_dff$17266 (SB_DFF).
  Merging $auto$simplemap.cc:277:simplemap_mux$17503 (A=$techmap\soc.spimemio.$procmux$5889_Y, B=1'0, S=$techmap\soc.spimemio.$logic_or$spimemio.v:211$53_Y) into $auto$simplemap.cc:420:simplemap_dff$17264 (SB_DFFE).
  Merging $auto$simplemap.cc:277:simplemap_mux$17470 (A=$techmap$techmap\soc.spimemio.$procmux$5937.$reduce_or$/usr/bin/../share/yosys/techmap.v:441$17486_Y, B=1'0, S=$techmap\soc.spimemio.$logic_or$spimemio.v:211$53_Y) into $auto$simplemap.cc:420:simplemap_dff$17268 (SB_DFFE).
  Merging $auto$simplemap.cc:277:simplemap_mux$17471 (A=$techmap$techmap\soc.spimemio.$procmux$5937.$reduce_or$/usr/bin/../share/yosys/techmap.v:441$17487_Y, B=1'0, S=$techmap\soc.spimemio.$logic_or$spimemio.v:211$53_Y) into $auto$simplemap.cc:420:simplemap_dff$17269 (SB_DFFE).
  Merging $auto$simplemap.cc:277:simplemap_mux$17469 (A=$techmap$techmap\soc.spimemio.$procmux$5937.$reduce_or$/usr/bin/../share/yosys/techmap.v:441$17485_Y, B=1'0, S=$techmap\soc.spimemio.$logic_or$spimemio.v:211$53_Y) into $auto$simplemap.cc:420:simplemap_dff$17267 (SB_DFFE).
  Merging $auto$simplemap.cc:277:simplemap_mux$17472 (A=$techmap$techmap\soc.spimemio.$procmux$5937.$reduce_or$/usr/bin/../share/yosys/techmap.v:441$17488_Y, B=1'0, S=$techmap\soc.spimemio.$logic_or$spimemio.v:211$53_Y) into $auto$simplemap.cc:420:simplemap_dff$17270 (SB_DFFE).
  Merging $auto$simplemap.cc:277:simplemap_mux$17507 (A=$techmap$techmap\soc.spimemio.$procmux$5844.$ternary$/usr/bin/../share/yosys/techmap.v:445$12140_Y, B=1'0, S=$techmap\soc.spimemio.$logic_or$spimemio.v:211$53_Y) into $auto$simplemap.cc:420:simplemap_dff$17271 (SB_DFF).
  Merging $auto$simplemap.cc:277:simplemap_mux$18671 (A=1'0, B=\soc.spimemio.din_tag [0], S=\soc.spimemio.xfer_resetn) into $auto$simplemap.cc:420:simplemap_dff$18418 (SB_DFFE).
  Merging $auto$simplemap.cc:277:simplemap_mux$18672 (A=1'0, B=\soc.spimemio.din_tag [1], S=\soc.spimemio.xfer_resetn) into $auto$simplemap.cc:420:simplemap_dff$18419 (SB_DFFE).
  Merging $auto$simplemap.cc:277:simplemap_mux$18673 (A=1'0, B=\soc.spimemio.din_tag [2], S=\soc.spimemio.xfer_resetn) into $auto$simplemap.cc:420:simplemap_dff$18420 (SB_DFFE).
  Merging $auto$simplemap.cc:277:simplemap_mux$18674 (A=1'0, B=\soc.spimemio.din_tag [3], S=\soc.spimemio.xfer_resetn) into $auto$simplemap.cc:420:simplemap_dff$18421 (SB_DFFE).
  Merging $auto$simplemap.cc:277:simplemap_mux$18665 (A=1'0, B=\soc.spimemio.xfer.din_ddr, S=\soc.spimemio.xfer_resetn) into $auto$simplemap.cc:420:simplemap_dff$18424 (SB_DFFE).
  Merging $auto$simplemap.cc:277:simplemap_mux$18017 (A=\soc.cpu.cpuregs.wen, B=1'0, S=$auto$simplemap.cc:256:simplemap_eqne$13929) into $auto$simplemap.cc:420:simplemap_dff$18014 (SB_DFF).
  Merging $auto$simplemap.cc:277:simplemap_mux$18753 (A=1'0, B=$techmap\soc.spimemio.xfer.$procmux$5382_Y [2], S=\soc.spimemio.xfer_resetn) into $auto$simplemap.cc:420:simplemap_dff$18396 (SB_DFFE).
  Merging $auto$simplemap.cc:277:simplemap_mux$18754 (A=1'0, B=$techmap\soc.spimemio.xfer.$procmux$5382_Y [3], S=\soc.spimemio.xfer_resetn) into $auto$simplemap.cc:420:simplemap_dff$18397 (SB_DFFE).
  Merging $auto$simplemap.cc:277:simplemap_mux$18736 (A=1'0, B=$techmap\soc.spimemio.xfer.$procmux$5392_Y [1], S=\soc.spimemio.xfer_resetn) into $auto$simplemap.cc:420:simplemap_dff$18399 (SB_DFFE).
  Merging $auto$simplemap.cc:277:simplemap_mux$18737 (A=1'0, B=$techmap\soc.spimemio.xfer.$procmux$5392_Y [2], S=\soc.spimemio.xfer_resetn) into $auto$simplemap.cc:420:simplemap_dff$18400 (SB_DFFE).
  Merging $auto$simplemap.cc:277:simplemap_mux$18763 (A=1'1, B=\soc.spimemio.xfer.next_fetch, S=\soc.spimemio.xfer_resetn) into $auto$simplemap.cc:420:simplemap_dff$18393 (SB_DFF).
  Merging $auto$simplemap.cc:277:simplemap_mux$18738 (A=1'0, B=$techmap\soc.spimemio.xfer.$procmux$5392_Y [3], S=\soc.spimemio.xfer_resetn) into $auto$simplemap.cc:420:simplemap_dff$18401 (SB_DFFE).
  Merging $auto$simplemap.cc:277:simplemap_mux$18735 (A=1'0, B=$techmap\soc.spimemio.xfer.$procmux$5392_Y [0], S=\soc.spimemio.xfer_resetn) into $auto$simplemap.cc:420:simplemap_dff$18398 (SB_DFFE).
  Merging $auto$simplemap.cc:277:simplemap_mux$18751 (A=1'0, B=$techmap\soc.spimemio.xfer.$procmux$5382_Y [0], S=\soc.spimemio.xfer_resetn) into $auto$simplemap.cc:420:simplemap_dff$18394 (SB_DFFE).
  Merging $auto$simplemap.cc:277:simplemap_mux$18752 (A=1'0, B=$techmap\soc.spimemio.xfer.$procmux$5382_Y [1], S=\soc.spimemio.xfer_resetn) into $auto$simplemap.cc:420:simplemap_dff$18395 (SB_DFFE).
  Merging $auto$simplemap.cc:277:simplemap_mux$18659 (A=1'0, B=$techmap\soc.spimemio.xfer.$procmux$5450_Y, S=\soc.spimemio.xfer_resetn) into $auto$simplemap.cc:420:simplemap_dff$18426 (SB_DFFE).
  Merging $auto$simplemap.cc:277:simplemap_mux$18669 (A=1'0, B=\soc.spimemio.din_rd, S=\soc.spimemio.xfer_resetn) into $auto$simplemap.cc:420:simplemap_dff$18422 (SB_DFFE).
  Merging $auto$simplemap.cc:277:simplemap_mux$18667 (A=1'0, B=\soc.spimemio.din_qspi, S=\soc.spimemio.xfer_resetn) into $auto$simplemap.cc:420:simplemap_dff$18423 (SB_DFFE).
  Merging $auto$simplemap.cc:277:simplemap_mux$18663 (A=1'0, B=\soc.spimemio.xfer.din_dspi, S=\soc.spimemio.xfer_resetn) into $auto$simplemap.cc:420:simplemap_dff$18425 (SB_DFFE).
  Merging $auto$simplemap.cc:277:simplemap_mux$17343 (A=1'0, B=\soc.cpu.mem_wdata [2], S=\resetn) into $auto$simplemap.cc:420:simplemap_dff$17189 (SB_DFFE).
  Merging $auto$simplemap.cc:277:simplemap_mux$7725 (A=1'0, B=\soc.cpu.mem_wdata [4], S=\resetn) into $auto$simplemap.cc:420:simplemap_dff$7831 (SB_DFFE).
  Merging $auto$simplemap.cc:277:simplemap_mux$7721 (A=1'0, B=\soc.cpu.mem_wdata [0], S=\resetn) into $auto$simplemap.cc:420:simplemap_dff$7827 (SB_DFFE).
  Merging $auto$simplemap.cc:277:simplemap_mux$7722 (A=1'0, B=\soc.cpu.mem_wdata [1], S=\resetn) into $auto$simplemap.cc:420:simplemap_dff$7828 (SB_DFFE).
  Merging $auto$simplemap.cc:277:simplemap_mux$7723 (A=1'0, B=\soc.cpu.mem_wdata [2], S=\resetn) into $auto$simplemap.cc:420:simplemap_dff$7829 (SB_DFFE).
  Merging $auto$simplemap.cc:277:simplemap_mux$13020 (A=1'0, B=$auto$alumacc.cc:474:replace_alu$6572.AA [8], S=\resetn) into $auto$simplemap.cc:420:simplemap_dff$11688 (SB_DFFE).
  Merging $auto$simplemap.cc:277:simplemap_mux$7679 (A=1'0, B=\soc.cpu.mem_wdata [22], S=\resetn) into $auto$simplemap.cc:420:simplemap_dff$7849 (SB_DFFE).
  Merging $auto$simplemap.cc:277:simplemap_mux$7650 (A=1'0, B=\soc.cpu.mem_wdata [25], S=\resetn) into $auto$simplemap.cc:420:simplemap_dff$7852 (SB_DFFE).
  Merging $auto$simplemap.cc:277:simplemap_mux$7727 (A=1'0, B=\soc.cpu.mem_wdata [6], S=\resetn) into $auto$simplemap.cc:420:simplemap_dff$7833 (SB_DFFE).
  Merging $auto$simplemap.cc:277:simplemap_mux$7728 (A=1'0, B=\soc.cpu.mem_wdata [7], S=\resetn) into $auto$simplemap.cc:420:simplemap_dff$7834 (SB_DFFE).
  Merging $auto$simplemap.cc:277:simplemap_mux$7699 (A=1'0, B=\soc.cpu.mem_wdata [10], S=\resetn) into $auto$simplemap.cc:420:simplemap_dff$7837 (SB_DFFE).
  Merging $auto$simplemap.cc:277:simplemap_mux$7700 (A=1'0, B=\soc.cpu.mem_wdata [11], S=\resetn) into $auto$simplemap.cc:420:simplemap_dff$7838 (SB_DFFE).
  Merging $auto$simplemap.cc:277:simplemap_mux$7680 (A=1'0, B=\soc.cpu.mem_wdata [23], S=\resetn) into $auto$simplemap.cc:420:simplemap_dff$7850 (SB_DFFE).
  Merging $auto$simplemap.cc:277:simplemap_mux$7702 (A=1'0, B=\soc.cpu.mem_wdata [13], S=\resetn) into $auto$simplemap.cc:420:simplemap_dff$7840 (SB_DFFE).
  Merging $auto$simplemap.cc:277:simplemap_mux$7698 (A=1'0, B=\soc.cpu.mem_wdata [9], S=\resetn) into $auto$simplemap.cc:420:simplemap_dff$7836 (SB_DFFE).
  Merging $auto$simplemap.cc:277:simplemap_mux$7651 (A=1'0, B=\soc.cpu.mem_wdata [26], S=\resetn) into $auto$simplemap.cc:420:simplemap_dff$7853 (SB_DFFE).
  Merging $auto$simplemap.cc:277:simplemap_mux$7652 (A=1'0, B=\soc.cpu.mem_wdata [27], S=\resetn) into $auto$simplemap.cc:420:simplemap_dff$7854 (SB_DFFE).
  Merging $auto$simplemap.cc:277:simplemap_mux$7676 (A=1'0, B=\soc.cpu.mem_wdata [19], S=\resetn) into $auto$simplemap.cc:420:simplemap_dff$7846 (SB_DFFE).
  Merging $auto$simplemap.cc:277:simplemap_mux$7677 (A=1'0, B=\soc.cpu.mem_wdata [20], S=\resetn) into $auto$simplemap.cc:420:simplemap_dff$7847 (SB_DFFE).
  Merging $auto$simplemap.cc:277:simplemap_mux$7678 (A=1'0, B=\soc.cpu.mem_wdata [21], S=\resetn) into $auto$simplemap.cc:420:simplemap_dff$7848 (SB_DFFE).
  Merging $auto$simplemap.cc:277:simplemap_mux$7701 (A=1'0, B=\soc.cpu.mem_wdata [12], S=\resetn) into $auto$simplemap.cc:420:simplemap_dff$7839 (SB_DFFE).
  Merging $auto$simplemap.cc:277:simplemap_mux$7703 (A=1'0, B=\soc.cpu.mem_wdata [14], S=\resetn) into $auto$simplemap.cc:420:simplemap_dff$7841 (SB_DFFE).
  Merging $auto$simplemap.cc:277:simplemap_mux$7649 (A=1'0, B=\soc.cpu.mem_wdata [24], S=\resetn) into $auto$simplemap.cc:420:simplemap_dff$7851 (SB_DFFE).
  Merging $auto$simplemap.cc:277:simplemap_mux$7704 (A=1'0, B=\soc.cpu.mem_wdata [15], S=\resetn) into $auto$simplemap.cc:420:simplemap_dff$7842 (SB_DFFE).
  Merging $auto$simplemap.cc:277:simplemap_mux$7673 (A=1'0, B=\soc.cpu.mem_wdata [16], S=\resetn) into $auto$simplemap.cc:420:simplemap_dff$7843 (SB_DFFE).
  Merging $auto$simplemap.cc:277:simplemap_mux$7674 (A=1'0, B=\soc.cpu.mem_wdata [17], S=\resetn) into $auto$simplemap.cc:420:simplemap_dff$7844 (SB_DFFE).
  Merging $auto$simplemap.cc:277:simplemap_mux$7724 (A=1'0, B=\soc.cpu.mem_wdata [3], S=\resetn) into $auto$simplemap.cc:420:simplemap_dff$7830 (SB_DFFE).
  Merging $auto$simplemap.cc:277:simplemap_mux$7654 (A=1'0, B=\soc.cpu.mem_wdata [29], S=\resetn) into $auto$simplemap.cc:420:simplemap_dff$7856 (SB_DFFE).
  Merging $auto$simplemap.cc:277:simplemap_mux$7655 (A=1'0, B=\soc.cpu.mem_wdata [30], S=\resetn) into $auto$simplemap.cc:420:simplemap_dff$7857 (SB_DFFE).
  Merging $auto$simplemap.cc:277:simplemap_mux$7656 (A=1'0, B=\soc.cpu.mem_wdata [31], S=\resetn) into $auto$simplemap.cc:420:simplemap_dff$7858 (SB_DFFE).
  Merging $auto$simplemap.cc:277:simplemap_mux$7675 (A=1'0, B=\soc.cpu.mem_wdata [18], S=\resetn) into $auto$simplemap.cc:420:simplemap_dff$7845 (SB_DFFE).
  Merging $auto$simplemap.cc:277:simplemap_mux$7697 (A=1'0, B=\soc.cpu.mem_wdata [8], S=\resetn) into $auto$simplemap.cc:420:simplemap_dff$7835 (SB_DFFE).

7.40. Executing ICE40_OPT pass (performing simple optimizations).

7.40.1. Running ICE40 specific optimizations.

7.40.2. Executing OPT_EXPR pass (perform const folding).
Optimizing module icebreaker_fit.
<suppressed ~836 debug messages>

7.40.3. Executing OPT_MERGE pass (detect identical cells).
Finding identical cells in module `\icebreaker_fit'.
<suppressed ~10200 debug messages>
Removed a total of 3400 cells.

7.40.4. Executing OPT_RMDFF pass (remove dff with constant values).

7.40.5. Executing OPT_CLEAN pass (remove unused cells and wires).
Finding unused cells or wires in module \icebreaker_fit..
Removed 436 unused cells and 8870 unused wires.
<suppressed ~437 debug messages>

7.40.6. Rerunning OPT passes. (Removed registers in this run.)

7.40.7. Running ICE40 specific optimizations.

7.40.8. Executing OPT_EXPR pass (perform const folding).
Optimizing module icebreaker_fit.

7.40.9. Executing OPT_MERGE pass (detect identical cells).
Finding identical cells in module `\icebreaker_fit'.
Removed a total of 0 cells.

7.40.10. Executing OPT_RMDFF pass (remove dff with constant values).

7.40.11. Executing OPT_CLEAN pass (remove unused cells and wires).
Finding unused cells or wires in module \icebreaker_fit..

7.40.12. Finished OPT passes. (There is nothing left to do.)

7.41. Executing TECHMAP pass (map to technology primitives).

7.41.1. Executing Verilog-2005 frontend: /usr/bin/../share/yosys/ice40/latches_map.v
Parsing Verilog input from `/usr/bin/../share/yosys/ice40/latches_map.v' to AST representation.
Generating RTLIL representation for module `\$_DLATCH_N_'.
Generating RTLIL representation for module `\$_DLATCH_P_'.
Successfully finished Verilog frontend.

7.41.2. Continuing TECHMAP pass.
No more expansions possible.

7.42. Executing ABC pass (technology mapping using ABC).

7.42.1. Extracting gate netlist of module `\icebreaker_fit' to `<abc-temp-dir>/input.blif'..
Extracted 7369 gates and 8807 wires to a netlist network with 1436 inputs and 1034 outputs.

7.42.1.1. Executing ABC.
Running ABC command: berkeley-abc -s -f <abc-temp-dir>/abc.script 2>&1
ABC: ABC command line: "source <abc-temp-dir>/abc.script".
ABC: 
ABC: + read_blif <abc-temp-dir>/input.blif 
ABC: + read_lut <abc-temp-dir>/lutdefs.txt 
ABC: + strash 
ABC: + ifraig 
ABC: + scorr 
ABC: Warning: The network is combinational (run "fraig" or "fraig_sweep").
ABC: + dc2 
ABC: + dretime 
ABC: + retime 
ABC: + strash 
ABC: + dch -f 
ABC: + if 
ABC: + mfs2 
ABC: + lutpack -S 1 
ABC: + dress 
ABC: Total number of equiv classes                =    1845.
ABC: Participating nodes from both networks       =    3902.
ABC: Participating nodes from the first network   =    1858. (  64.02 % of nodes)
ABC: Participating nodes from the second network  =    2044. (  70.43 % of nodes)
ABC: Node pairs (any polarity)                    =    1851. (  63.78 % of names can be moved)
ABC: Node pairs (same polarity)                   =    1419. (  48.90 % of names can be moved)
ABC: Total runtime =     0.14 sec
ABC: + write_blif <abc-temp-dir>/output.blif 

7.42.1.2. Re-integrating ABC results.
ABC RESULTS:              $lut cells:     5802
ABC RESULTS:        internal signals:     6337
ABC RESULTS:           input signals:     1436
ABC RESULTS:          output signals:     1034
Removing temp directory.
Removed 0 unused cells and 4176 unused wires.

7.43. Executing TECHMAP pass (map to technology primitives).

7.43.1. Executing Verilog-2005 frontend: /usr/bin/../share/yosys/ice40/cells_map.v
Parsing Verilog input from `/usr/bin/../share/yosys/ice40/cells_map.v' to AST representation.
Generating RTLIL representation for module `\$_DFF_N_'.
Generating RTLIL representation for module `\$_DFF_P_'.
Generating RTLIL representation for module `\$_DFFE_NN_'.
Generating RTLIL representation for module `\$_DFFE_PN_'.
Generating RTLIL representation for module `\$_DFFE_NP_'.
Generating RTLIL representation for module `\$_DFFE_PP_'.
Generating RTLIL representation for module `\$_DFF_NN0_'.
Generating RTLIL representation for module `\$_DFF_NN1_'.
Generating RTLIL representation for module `\$_DFF_PN0_'.
Generating RTLIL representation for module `\$_DFF_PN1_'.
Generating RTLIL representation for module `\$_DFF_NP0_'.
Generating RTLIL representation for module `\$_DFF_NP1_'.
Generating RTLIL representation for module `\$_DFF_PP0_'.
Generating RTLIL representation for module `\$_DFF_PP1_'.
Generating RTLIL representation for module `\$__DFFE_NN0'.
Generating RTLIL representation for module `\$__DFFE_NN1'.
Generating RTLIL representation for module `\$__DFFE_PN0'.
Generating RTLIL representation for module `\$__DFFE_PN1'.
Generating RTLIL representation for module `\$__DFFE_NP0'.
Generating RTLIL representation for module `\$__DFFE_NP1'.
Generating RTLIL representation for module `\$__DFFE_PP0'.
Generating RTLIL representation for module `\$__DFFE_PP1'.
Generating RTLIL representation for module `\$lut'.
Successfully finished Verilog frontend.

7.43.2. Continuing TECHMAP pass.
Using template $paramod\$lut\WIDTH=1\LUT=2'01 for cells of type $lut.
Using template $paramod\$lut\WIDTH=4\LUT=16'0000000000001110 for cells of type $lut.
Using template $paramod\$lut\WIDTH=2\LUT=4'0001 for cells of type $lut.
Using template $paramod\$lut\WIDTH=4\LUT=16'1000000000000000 for cells of type $lut.
Using template $paramod\$lut\WIDTH=3\LUT=8'10000000 for cells of type $lut.
Using template $paramod\$lut\WIDTH=3\LUT=8'11100000 for cells of type $lut.
Using template $paramod\$lut\WIDTH=4\LUT=16'0000000100000000 for cells of type $lut.
Using template $paramod\$lut\WIDTH=4\LUT=16'0000000000000001 for cells of type $lut.
Using template $paramod\$lut\WIDTH=3\LUT=8'00000001 for cells of type $lut.
Using template $paramod\$lut\WIDTH=4\LUT=16'0101001100000000 for cells of type $lut.
Using template $paramod\$lut\WIDTH=3\LUT=8'01010011 for cells of type $lut.
Using template $paramod\$lut\WIDTH=3\LUT=8'00010100 for cells of type $lut.
Using template $paramod\$lut\WIDTH=2\LUT=4'1000 for cells of type $lut.
Using template $paramod\$lut\WIDTH=2\LUT=4'0100 for cells of type $lut.
Using template $paramod\$lut\WIDTH=4\LUT=16'1110001100000000 for cells of type $lut.
Using template $paramod\$lut\WIDTH=4\LUT=16'0000000011111000 for cells of type $lut.
Using template $paramod\$lut\WIDTH=4\LUT=16'0000000010111111 for cells of type $lut.
Using template $paramod\$lut\WIDTH=4\LUT=16'0111111100000000 for cells of type $lut.
Using template $paramod\$lut\WIDTH=4\LUT=16'1111111111111110 for cells of type $lut.
Using template $paramod\$lut\WIDTH=4\LUT=16'0001000000000000 for cells of type $lut.
Using template $paramod\$lut\WIDTH=2\LUT=4'1011 for cells of type $lut.
Using template $paramod\$lut\WIDTH=2\LUT=4'1110 for cells of type $lut.
Using template $paramod\$lut\WIDTH=3\LUT=8'00010000 for cells of type $lut.
Using template $paramod\$lut\WIDTH=4\LUT=16'0000110000001010 for cells of type $lut.
Using template $paramod\$lut\WIDTH=4\LUT=16'0100000000000000 for cells of type $lut.
Using template $paramod\$lut\WIDTH=4\LUT=16'1011000010111011 for cells of type $lut.
Using template $paramod\$lut\WIDTH=4\LUT=16'1011000000000000 for cells of type $lut.
Using template $paramod\$lut\WIDTH=4\LUT=16'0000101100000000 for cells of type $lut.
Using template $paramod\$lut\WIDTH=4\LUT=16'0000000000001011 for cells of type $lut.
Using template $paramod\$lut\WIDTH=3\LUT=8'11010000 for cells of type $lut.
Using template $paramod\$lut\WIDTH=4\LUT=16'1100010100000000 for cells of type $lut.
Using template $paramod\$lut\WIDTH=4\LUT=16'1110111111111100 for cells of type $lut.
Using template $paramod\$lut\WIDTH=4\LUT=16'0000000000000111 for cells of type $lut.
Using template $paramod\$lut\WIDTH=4\LUT=16'1100101000000000 for cells of type $lut.
Using template $paramod\$lut\WIDTH=4\LUT=16'0000110100000000 for cells of type $lut.
Using template $paramod\$lut\WIDTH=2\LUT=4'0110 for cells of type $lut.
Using template $paramod\$lut\WIDTH=2\LUT=4'1001 for cells of type $lut.
Using template $paramod\$lut\WIDTH=3\LUT=8'01000000 for cells of type $lut.
Using template $paramod\$lut\WIDTH=4\LUT=16'0100000100000000 for cells of type $lut.
Using template $paramod\$lut\WIDTH=4\LUT=16'0111000000000000 for cells of type $lut.
Using template $paramod\$lut\WIDTH=4\LUT=16'1001000000001001 for cells of type $lut.
Using template $paramod\$lut\WIDTH=4\LUT=16'1011000000001011 for cells of type $lut.
Using template $paramod\$lut\WIDTH=3\LUT=8'10010000 for cells of type $lut.
Using template $paramod\$lut\WIDTH=4\LUT=16'0000111100010001 for cells of type $lut.
Using template $paramod\$lut\WIDTH=3\LUT=8'01011100 for cells of type $lut.
Using template $paramod\$lut\WIDTH=3\LUT=8'11001010 for cells of type $lut.
Using template $paramod\$lut\WIDTH=2\LUT=4'0111 for cells of type $lut.
Using template $paramod\$lut\WIDTH=4\LUT=16'0100111100000000 for cells of type $lut.
Using template $paramod\$lut\WIDTH=4\LUT=16'1111010001000100 for cells of type $lut.
Using template $paramod\$lut\WIDTH=3\LUT=8'11000101 for cells of type $lut.
Using template $paramod\$lut\WIDTH=3\LUT=8'10100011 for cells of type $lut.
Using template $paramod\$lut\WIDTH=3\LUT=8'00110101 for cells of type $lut.
Using template $paramod\$lut\WIDTH=4\LUT=16'0011010100000000 for cells of type $lut.
Using template $paramod\$lut\WIDTH=3\LUT=8'11110100 for cells of type $lut.
Using template $paramod\$lut\WIDTH=4\LUT=16'0000111111101110 for cells of type $lut.
Using template $paramod\$lut\WIDTH=4\LUT=16'0000110000000101 for cells of type $lut.
Using template $paramod\$lut\WIDTH=4\LUT=16'1001000000000000 for cells of type $lut.
Using template $paramod\$lut\WIDTH=4\LUT=16'1101000000000000 for cells of type $lut.
Using template $paramod\$lut\WIDTH=4\LUT=16'1110111000001111 for cells of type $lut.
Using template $paramod\$lut\WIDTH=4\LUT=16'1111000011101110 for cells of type $lut.
Using template $paramod\$lut\WIDTH=4\LUT=16'1111000000010001 for cells of type $lut.
Using template $paramod\$lut\WIDTH=4\LUT=16'0000000001111111 for cells of type $lut.
Using template $paramod\$lut\WIDTH=3\LUT=8'01110000 for cells of type $lut.
Using template $paramod\$lut\WIDTH=4\LUT=16'1111110000001010 for cells of type $lut.
Using template $paramod\$lut\WIDTH=4\LUT=16'0010111111111111 for cells of type $lut.
Using template $paramod\$lut\WIDTH=4\LUT=16'1011101100001111 for cells of type $lut.
Using template $paramod\$lut\WIDTH=4\LUT=16'0000000011111110 for cells of type $lut.
Using template $paramod\$lut\WIDTH=3\LUT=8'01000001 for cells of type $lut.
Using template $paramod\$lut\WIDTH=4\LUT=16'0001111100000000 for cells of type $lut.
Using template $paramod\$lut\WIDTH=3\LUT=8'00000111 for cells of type $lut.
Using template $paramod\$lut\WIDTH=3\LUT=8'00001101 for cells of type $lut.
Using template $paramod\$lut\WIDTH=4\LUT=16'0000000001001111 for cells of type $lut.
Using template $paramod\$lut\WIDTH=4\LUT=16'0000011101110111 for cells of type $lut.
Using template $paramod\$lut\WIDTH=4\LUT=16'0100111111111111 for cells of type $lut.
Using template $paramod\$lut\WIDTH=4\LUT=16'0000000011101111 for cells of type $lut.
Using template $paramod\$lut\WIDTH=4\LUT=16'1111111110110000 for cells of type $lut.
Using template $paramod\$lut\WIDTH=3\LUT=8'00001011 for cells of type $lut.
Using template $paramod\$lut\WIDTH=4\LUT=16'1011000011111111 for cells of type $lut.
Using template $paramod\$lut\WIDTH=3\LUT=8'10001111 for cells of type $lut.
Using template $paramod\$lut\WIDTH=4\LUT=16'0111000001110111 for cells of type $lut.
Using template $paramod\$lut\WIDTH=4\LUT=16'0001000111110000 for cells of type $lut.
Using template $paramod\$lut\WIDTH=4\LUT=16'0000111110111011 for cells of type $lut.
Using template $paramod\$lut\WIDTH=4\LUT=16'0000000010001111 for cells of type $lut.
Using template $paramod\$lut\WIDTH=4\LUT=16'1111000001001111 for cells of type $lut.
Using template $paramod\$lut\WIDTH=4\LUT=16'1111100010001000 for cells of type $lut.
Using template $paramod\$lut\WIDTH=4\LUT=16'1000110011001111 for cells of type $lut.
Using template $paramod\$lut\WIDTH=4\LUT=16'1000111110001000 for cells of type $lut.
Using template $paramod\$lut\WIDTH=3\LUT=8'10110000 for cells of type $lut.
Using template $paramod\$lut\WIDTH=4\LUT=16'0011011101110000 for cells of type $lut.
Using template $paramod\$lut\WIDTH=4\LUT=16'1011111100110000 for cells of type $lut.
Using template $paramod\$lut\WIDTH=4\LUT=16'1111010011111111 for cells of type $lut.
Using template $paramod\$lut\WIDTH=4\LUT=16'1011101110110000 for cells of type $lut.
Using template $paramod\$lut\WIDTH=4\LUT=16'0111000011111111 for cells of type $lut.
Using template $paramod\$lut\WIDTH=4\LUT=16'0000111000000000 for cells of type $lut.
Using template $paramod\$lut\WIDTH=4\LUT=16'0000000011110001 for cells of type $lut.
Using template $paramod\$lut\WIDTH=4\LUT=16'1111101011000000 for cells of type $lut.
Using template $paramod\$lut\WIDTH=3\LUT=8'00001110 for cells of type $lut.
Using template $paramod\$lut\WIDTH=4\LUT=16'1011111111111111 for cells of type $lut.
Using template $paramod\$lut\WIDTH=3\LUT=8'11101111 for cells of type $lut.
Using template $paramod\$lut\WIDTH=4\LUT=16'1110111100000000 for cells of type $lut.
Using template $paramod\$lut\WIDTH=4\LUT=16'1111111110000000 for cells of type $lut.
Using template $paramod\$lut\WIDTH=4\LUT=16'0011010111111111 for cells of type $lut.
Using template $paramod\$lut\WIDTH=4\LUT=16'1111111111110010 for cells of type $lut.
Using template $paramod\$lut\WIDTH=4\LUT=16'0011101000000000 for cells of type $lut.
Using template $paramod\$lut\WIDTH=3\LUT=8'00111010 for cells of type $lut.
Using template $paramod\$lut\WIDTH=4\LUT=16'1110000000000000 for cells of type $lut.
Using template $paramod\$lut\WIDTH=4\LUT=16'1011111100000000 for cells of type $lut.
Using template $paramod\$lut\WIDTH=3\LUT=8'01001111 for cells of type $lut.
Using template $paramod\$lut\WIDTH=4\LUT=16'0000000000011111 for cells of type $lut.
Using template $paramod\$lut\WIDTH=4\LUT=16'0101110011111111 for cells of type $lut.
Using template $paramod\$lut\WIDTH=4\LUT=16'0001110000000000 for cells of type $lut.
Using template $paramod\$lut\WIDTH=4\LUT=16'0000111011000000 for cells of type $lut.
Using template $paramod\$lut\WIDTH=4\LUT=16'0000111011101110 for cells of type $lut.
Using template $paramod\$lut\WIDTH=4\LUT=16'0001000000000001 for cells of type $lut.
Using template $paramod\$lut\WIDTH=4\LUT=16'1000111100000000 for cells of type $lut.
Using template $paramod\$lut\WIDTH=4\LUT=16'1000100011110000 for cells of type $lut.
Using template $paramod\$lut\WIDTH=4\LUT=16'1111000000111011 for cells of type $lut.
Using template $paramod\$lut\WIDTH=4\LUT=16'0000111110001000 for cells of type $lut.
Using template $paramod\$lut\WIDTH=4\LUT=16'1110101111000000 for cells of type $lut.
Using template $paramod\$lut\WIDTH=4\LUT=16'1010111111110011 for cells of type $lut.
Using template $paramod\$lut\WIDTH=4\LUT=16'0100010000001111 for cells of type $lut.
Using template $paramod\$lut\WIDTH=4\LUT=16'0011101011111111 for cells of type $lut.
Using template $paramod\$lut\WIDTH=4\LUT=16'0001010010000010 for cells of type $lut.
Using template $paramod\$lut\WIDTH=4\LUT=16'1111010000000000 for cells of type $lut.
Using template $paramod\$lut\WIDTH=4\LUT=16'0101001100110011 for cells of type $lut.
Using template $paramod\$lut\WIDTH=4\LUT=16'0000000000001101 for cells of type $lut.
Using template $paramod\$lut\WIDTH=4\LUT=16'1000111111111111 for cells of type $lut.
Using template $paramod\$lut\WIDTH=4\LUT=16'1111000010111011 for cells of type $lut.
Using template $paramod\$lut\WIDTH=3\LUT=8'11111000 for cells of type $lut.
Using template $paramod\$lut\WIDTH=4\LUT=16'0000010100110010 for cells of type $lut.
Using template $paramod\$lut\WIDTH=4\LUT=16'1010110000000000 for cells of type $lut.
Using template $paramod\$lut\WIDTH=3\LUT=8'10101100 for cells of type $lut.
Using template $paramod\$lut\WIDTH=4\LUT=16'1100111101010000 for cells of type $lut.
Using template $paramod\$lut\WIDTH=4\LUT=16'1111001100000101 for cells of type $lut.
Using template $paramod\$lut\WIDTH=4\LUT=16'1100111110100000 for cells of type $lut.
Using template $paramod\$lut\WIDTH=3\LUT=8'01111111 for cells of type $lut.
Using template $paramod\$lut\WIDTH=4\LUT=16'0000011100000000 for cells of type $lut.
Using template $paramod\$lut\WIDTH=4\LUT=16'0000101110111011 for cells of type $lut.
Using template $paramod\$lut\WIDTH=4\LUT=16'0000001100000101 for cells of type $lut.
Using template $paramod\$lut\WIDTH=4\LUT=16'0000111101000100 for cells of type $lut.
Using template $paramod\$lut\WIDTH=4\LUT=16'1111101000110000 for cells of type $lut.
Using template $paramod\$lut\WIDTH=4\LUT=16'1100101000111111 for cells of type $lut.
Using template $paramod\$lut\WIDTH=4\LUT=16'1111100011111111 for cells of type $lut.
Using template $paramod\$lut\WIDTH=3\LUT=8'10010110 for cells of type $lut.
Using template $paramod\$lut\WIDTH=4\LUT=16'0100011101110000 for cells of type $lut.
Using template $paramod\$lut\WIDTH=3\LUT=8'11110001 for cells of type $lut.
Using template $paramod\$lut\WIDTH=4\LUT=16'1100111100001010 for cells of type $lut.
Using template $paramod\$lut\WIDTH=3\LUT=8'00011111 for cells of type $lut.
Using template $paramod\$lut\WIDTH=4\LUT=16'1111100000000000 for cells of type $lut.
Using template $paramod\$lut\WIDTH=4\LUT=16'1111000100000000 for cells of type $lut.
Using template $paramod\$lut\WIDTH=4\LUT=16'0000000011110100 for cells of type $lut.
Using template $paramod\$lut\WIDTH=4\LUT=16'1111111000000000 for cells of type $lut.
Using template $paramod\$lut\WIDTH=3\LUT=8'11111110 for cells of type $lut.
Using template $paramod\$lut\WIDTH=4\LUT=16'0000101111111111 for cells of type $lut.
Using template $paramod\$lut\WIDTH=4\LUT=16'1110111011110000 for cells of type $lut.
Using template $paramod\$lut\WIDTH=3\LUT=8'00011110 for cells of type $lut.
Using template $paramod\$lut\WIDTH=4\LUT=16'1111011100001111 for cells of type $lut.
Using template $paramod\$lut\WIDTH=4\LUT=16'0111000011001100 for cells of type $lut.
Using template $paramod\$lut\WIDTH=4\LUT=16'1110000011111111 for cells of type $lut.
Using template $paramod\$lut\WIDTH=4\LUT=16'1111111100001011 for cells of type $lut.
Using template $paramod\$lut\WIDTH=4\LUT=16'1111000100001110 for cells of type $lut.
Using template $paramod\$lut\WIDTH=4\LUT=16'0000010100000011 for cells of type $lut.
Using template $paramod\$lut\WIDTH=4\LUT=16'1010110011111111 for cells of type $lut.
Using template $paramod\$lut\WIDTH=4\LUT=16'1110000000001100 for cells of type $lut.
Using template $paramod\$lut\WIDTH=4\LUT=16'1011101111110000 for cells of type $lut.
Using template $paramod\$lut\WIDTH=4\LUT=16'0100111111110000 for cells of type $lut.
Using template $paramod\$lut\WIDTH=4\LUT=16'0111011101110000 for cells of type $lut.
Using template $paramod\$lut\WIDTH=3\LUT=8'10111111 for cells of type $lut.
Using template $paramod\$lut\WIDTH=4\LUT=16'1111111101000000 for cells of type $lut.
Using template $paramod\$lut\WIDTH=4\LUT=16'1111111111110100 for cells of type $lut.
Using template $paramod\$lut\WIDTH=4\LUT=16'0011111111111010 for cells of type $lut.
Using template $paramod\$lut\WIDTH=4\LUT=16'0100010011110000 for cells of type $lut.
Using template $paramod\$lut\WIDTH=4\LUT=16'1100101010101100 for cells of type $lut.
Using template $paramod\$lut\WIDTH=4\LUT=16'1110111011100000 for cells of type $lut.
Using template $paramod\$lut\WIDTH=4\LUT=16'1110111111111111 for cells of type $lut.
Using template $paramod\$lut\WIDTH=4\LUT=16'1111000011101010 for cells of type $lut.
Using template $paramod\$lut\WIDTH=4\LUT=16'0011101000110011 for cells of type $lut.
Using template $paramod\$lut\WIDTH=4\LUT=16'0000011101110000 for cells of type $lut.
Using template $paramod\$lut\WIDTH=4\LUT=16'0111011111110000 for cells of type $lut.
Using template $paramod\$lut\WIDTH=4\LUT=16'0000011111111111 for cells of type $lut.
Using template $paramod\$lut\WIDTH=4\LUT=16'0000000111111111 for cells of type $lut.
Using template $paramod\$lut\WIDTH=4\LUT=16'0000111110110011 for cells of type $lut.
Using template $paramod\$lut\WIDTH=4\LUT=16'0000101100110000 for cells of type $lut.
Using template $paramod\$lut\WIDTH=4\LUT=16'0000011100110000 for cells of type $lut.
Using template $paramod\$lut\WIDTH=4\LUT=16'0100111101000100 for cells of type $lut.
Using template $paramod\$lut\WIDTH=4\LUT=16'0011000010111111 for cells of type $lut.
Using template $paramod\$lut\WIDTH=4\LUT=16'1111101011110011 for cells of type $lut.
Using template $paramod\$lut\WIDTH=4\LUT=16'1111101100000011 for cells of type $lut.
Using template $paramod\$lut\WIDTH=4\LUT=16'1111000001110111 for cells of type $lut.
Using template $paramod\$lut\WIDTH=4\LUT=16'1101011100000000 for cells of type $lut.
Using template $paramod\$lut\WIDTH=4\LUT=16'0000001100001010 for cells of type $lut.
Using template $paramod\$lut\WIDTH=4\LUT=16'0000111101110111 for cells of type $lut.
Using template $paramod\$lut\WIDTH=4\LUT=16'0001111100010001 for cells of type $lut.
Using template $paramod\$lut\WIDTH=4\LUT=16'1111111111100000 for cells of type $lut.
Using template $paramod\$lut\WIDTH=4\LUT=16'1111000010001000 for cells of type $lut.
Using template $paramod\$lut\WIDTH=4\LUT=16'0000110111000000 for cells of type $lut.
Using template $paramod\$lut\WIDTH=4\LUT=16'1000100010001111 for cells of type $lut.
Using template $paramod\$lut\WIDTH=4\LUT=16'0011110010101010 for cells of type $lut.
Using template $paramod\$lut\WIDTH=4\LUT=16'1111111111110001 for cells of type $lut.
Using template $paramod\$lut\WIDTH=4\LUT=16'1100101011111111 for cells of type $lut.
Using template $paramod\$lut\WIDTH=4\LUT=16'0000000011101011 for cells of type $lut.
Using template $paramod\$lut\WIDTH=4\LUT=16'1101111101010000 for cells of type $lut.
Using template $paramod\$lut\WIDTH=4\LUT=16'1111000001000100 for cells of type $lut.
Using template $paramod\$lut\WIDTH=4\LUT=16'0000101000001100 for cells of type $lut.
Using template $paramod\$lut\WIDTH=4\LUT=16'1111111101110000 for cells of type $lut.
Using template $paramod\$lut\WIDTH=4\LUT=16'1111111111111000 for cells of type $lut.
No more expansions possible.
<suppressed ~5167 debug messages>
Removed 0 unused cells and 5802 unused wires.

7.44. Executing HIERARCHY pass (managing design hierarchy).

7.44.1. Analyzing design hierarchy..
Top module:  \icebreaker_fit

7.44.2. Analyzing design hierarchy..
Top module:  \icebreaker_fit
Removed 0 unused modules.

7.45. Printing statistics.

=== icebreaker_fit ===

   Number of wires:               3537
   Number of wire bits:           6431
   Number of public wires:         344
   Number of public wire bits:    2642
   Number of memories:               0
   Number of memory bits:            0
   Number of processes:              0
   Number of cells:               4880
     SB_CARRY                      577
     SB_DFF                        127
     SB_DFFE                       363
     SB_DFFESR                     300
     SB_DFFESS                      51
     SB_DFFNSR                       4
     SB_DFFSR                      139
     SB_DFFSS                        5
     SB_IO                           4
     SB_LUT4                      3302
     SB_RAM40_4K                     4
     SB_SPRAM256KA                   4

7.46. Executing CHECK pass (checking for obvious problems).
checking module icebreaker_fit..
found and reported 0 problems.

7.47. Executing JSON backend.

End of script. Logfile hash: 06ea9e3157
CPU: user 12.45s system 0.06s, MEM: 69.73 MB total, 64.00 MB resident
Yosys 0.9 (git sha1 1979e0b)
Time spent: 23% 19x opt_merge (2 sec), 21% 23x opt_expr (2 sec), 21% 23x opt_clean (2 sec), ...
