
 /----------------------------------------------------------------------------\
 |                                                                            |
 |  yosys -- Yosys Open SYnthesis Suite                                       |
 |                                                                            |
 |  Copyright (C) 2012 - 2019  Clifford Wolf <clifford@clifford.at>           |
 |                                                                            |
 |  Permission to use, copy, modify, and/or distribute this software for any  |
 |  purpose with or without fee is hereby granted, provided that the above    |
 |  copyright notice and this permission notice appear in all copies.         |
 |                                                                            |
 |  THE SOFTWARE IS PROVIDED "AS IS" AND THE AUTHOR DISCLAIMS ALL WARRANTIES  |
 |  WITH REGARD TO THIS SOFTWARE INCLUDING ALL IMPLIED WARRANTIES OF          |
 |  MERCHANTABILITY AND FITNESS. IN NO EVENT SHALL THE AUTHOR BE LIABLE FOR   |
 |  ANY SPECIAL, DIRECT, INDIRECT, OR CONSEQUENTIAL DAMAGES OR ANY DAMAGES    |
 |  WHATSOEVER RESULTING FROM LOSS OF USE, DATA OR PROFITS, WHETHER IN AN     |
 |  ACTION OF CONTRACT, NEGLIGENCE OR OTHER TORTIOUS ACTION, ARISING OUT OF   |
 |  OR IN CONNECTION WITH THE USE OR PERFORMANCE OF THIS SOFTWARE.            |
 |                                                                            |
 \----------------------------------------------------------------------------/

 Yosys 0.9 (git sha1 1979e0b)


-- Running command `read_verilog -sv /mnt/toshiba4tb/workspace/projects/picorv32/picorv32.v /mnt/toshiba4tb/workspace/projects/picorv32/opt/rtl/ksa.v /mnt/toshiba4tb/workspace/projects/picorv32/opt/rtl/vedic_mul_32.v /mnt/toshiba4tb/workspace/projects/picorv32/opt/rtl/picorv32_pcpi_vedic_mul.v ; chparam -set ENABLE_MUL 1 -set ENABLE_VEDIC_MUL 0 -set USE_KSA 0 picorv32 ; synth -top picorv32 ; abc -g cmos2 ; opt -fast ; stat' --

1. Executing Verilog-2005 frontend: /mnt/toshiba4tb/workspace/projects/picorv32/picorv32.v
Parsing SystemVerilog input from `/mnt/toshiba4tb/workspace/projects/picorv32/picorv32.v' to AST representation.
Generating RTLIL representation for module `\picorv32'.
Generating RTLIL representation for module `\picorv32_regs'.
Generating RTLIL representation for module `\picorv32_pcpi_mul'.
Generating RTLIL representation for module `\picorv32_pcpi_fast_mul'.
Generating RTLIL representation for module `\picorv32_pcpi_div'.
Generating RTLIL representation for module `\picorv32_axi'.
Generating RTLIL representation for module `\picorv32_axi_adapter'.
Generating RTLIL representation for module `\picorv32_wb'.
Successfully finished Verilog frontend.

2. Executing Verilog-2005 frontend: /mnt/toshiba4tb/workspace/projects/picorv32/opt/rtl/ksa.v
Parsing SystemVerilog input from `/mnt/toshiba4tb/workspace/projects/picorv32/opt/rtl/ksa.v' to AST representation.
Generating RTLIL representation for module `\ksa'.
Successfully finished Verilog frontend.

3. Executing Verilog-2005 frontend: /mnt/toshiba4tb/workspace/projects/picorv32/opt/rtl/vedic_mul_32.v
Parsing SystemVerilog input from `/mnt/toshiba4tb/workspace/projects/picorv32/opt/rtl/vedic_mul_32.v' to AST representation.
Generating RTLIL representation for module `\vedic_mul_2x2'.
Generating RTLIL representation for module `\vedic_mul_4x4'.
Generating RTLIL representation for module `\vedic_mul_8x8'.
Generating RTLIL representation for module `\vedic_mul_16x16'.
Generating RTLIL representation for module `\vedic_mul_32x32'.
Successfully finished Verilog frontend.

4. Executing Verilog-2005 frontend: /mnt/toshiba4tb/workspace/projects/picorv32/opt/rtl/picorv32_pcpi_vedic_mul.v
Parsing SystemVerilog input from `/mnt/toshiba4tb/workspace/projects/picorv32/opt/rtl/picorv32_pcpi_vedic_mul.v' to AST representation.
Generating RTLIL representation for module `\picorv32_pcpi_vedic_mul'.
Successfully finished Verilog frontend.

5. Executing AST frontend in derive mode using pre-parsed AST for module `\picorv32'.
Parameter \ENABLE_MUL = 1
Parameter \ENABLE_VEDIC_MUL = 0
Parameter \USE_KSA = 0
Generating RTLIL representation for module `$paramod\picorv32\ENABLE_MUL=1\ENABLE_VEDIC_MUL=0\USE_KSA=0'.

6. Executing SYNTH pass.

6.1. Executing HIERARCHY pass (managing design hierarchy).

6.1.1. Analyzing design hierarchy..
Top module:  \picorv32
Used module:     \picorv32_pcpi_mul

6.1.2. Analyzing design hierarchy..
Top module:  \picorv32
Used module:     \picorv32_pcpi_mul
Removing unused module `\picorv32_pcpi_vedic_mul'.
Removing unused module `\vedic_mul_32x32'.
Removing unused module `\vedic_mul_16x16'.
Removing unused module `\vedic_mul_8x8'.
Removing unused module `\vedic_mul_4x4'.
Removing unused module `\vedic_mul_2x2'.
Removing unused module `\ksa'.
Removing unused module `\picorv32_wb'.
Removing unused module `\picorv32_axi_adapter'.
Removing unused module `\picorv32_axi'.
Removing unused module `\picorv32_pcpi_div'.
Removing unused module `\picorv32_pcpi_fast_mul'.
Removing unused module `\picorv32_regs'.
Removed 13 unused modules.

6.2. Executing PROC pass (convert processes to netlists).

6.2.1. Executing PROC_CLEAN pass (remove empty switches from decision trees).
Found and cleaned up 1 empty switch in `\picorv32_pcpi_mul.$proc$/mnt/toshiba4tb/workspace/projects/picorv32/picorv32.v:2282$732'.
Found and cleaned up 6 empty switches in `\picorv32.$proc$/mnt/toshiba4tb/workspace/projects/picorv32/picorv32.v:561$3830'.
Removing empty process `picorv32.$proc$/mnt/toshiba4tb/workspace/projects/picorv32/picorv32.v:561$3830'.
Found and cleaned up 1 empty switch in `\picorv32.$proc$/mnt/toshiba4tb/workspace/projects/picorv32/picorv32.v:1381$4192'.
Found and cleaned up 17 empty switches in `\picorv32.$proc$/mnt/toshiba4tb/workspace/projects/picorv32/picorv32.v:1435$4208'.
Found and cleaned up 1 empty switch in `\picorv32.$proc$/mnt/toshiba4tb/workspace/projects/picorv32/picorv32.v:208$4402'.
Removing empty process `picorv32.$proc$/mnt/toshiba4tb/workspace/projects/picorv32/picorv32.v:208$4402'.
Cleaned up 26 empty switches.

6.2.2. Executing PROC_RMDEAD pass (remove dead branches from decision trees).
Marked 4 switch rules as full_case in process $proc$/mnt/toshiba4tb/workspace/projects/picorv32/picorv32.v:2306$770 in module picorv32_pcpi_mul.
Removed 2 dead cases from process $proc$/mnt/toshiba4tb/workspace/projects/picorv32/picorv32.v:416$3796 in module picorv32.
Marked 2 switch rules as full_case in process $proc$/mnt/toshiba4tb/workspace/projects/picorv32/picorv32.v:416$3796 in module picorv32.
Marked 1 switch rules as full_case in process $proc$/mnt/toshiba4tb/workspace/projects/picorv32/picorv32.v:445$3799 in module picorv32.
Marked 1 switch rules as full_case in process $proc$/mnt/toshiba4tb/workspace/projects/picorv32/picorv32.v:340$3717 in module picorv32.
Marked 4 switch rules as full_case in process $proc$/mnt/toshiba4tb/workspace/projects/picorv32/picorv32.v:580$3839 in module picorv32.
Marked 48 switch rules as full_case in process $proc$/mnt/toshiba4tb/workspace/projects/picorv32/picorv32.v:716$3863 in module picorv32.
Marked 2 switch rules as full_case in process $proc$/mnt/toshiba4tb/workspace/projects/picorv32/picorv32.v:793$3864 in module picorv32.
Marked 3 switch rules as full_case in process $proc$/mnt/toshiba4tb/workspace/projects/picorv32/picorv32.v:824$3868 in module picorv32.
Marked 3 switch rules as full_case in process $proc$/mnt/toshiba4tb/workspace/projects/picorv32/picorv32.v:873$3870 in module picorv32.
Marked 8 switch rules as full_case in process $proc$/mnt/toshiba4tb/workspace/projects/picorv32/picorv32.v:1201$4134 in module picorv32.
Marked 2 switch rules as full_case in process $proc$/mnt/toshiba4tb/workspace/projects/picorv32/picorv32.v:1328$4169 in module picorv32.
Marked 2 switch rules as full_case in process $proc$/mnt/toshiba4tb/workspace/projects/picorv32/picorv32.v:1342$4174 in module picorv32.
Marked 38 switch rules as full_case in process $proc$/mnt/toshiba4tb/workspace/projects/picorv32/picorv32.v:1435$4208 in module picorv32.
Marked 1 switch rules as full_case in process $proc$/mnt/toshiba4tb/workspace/projects/picorv32/picorv32.v:405$3791 in module picorv32.
Removed a total of 2 dead cases.

6.2.3. Executing PROC_INIT pass (extract init attributes).

6.2.4. Executing PROC_ARST pass (detect async resets in processes).

6.2.5. Executing PROC_MUX pass (convert decision trees to multiplexers).
Creating decoders for process `\picorv32_pcpi_mul.$proc$/mnt/toshiba4tb/workspace/projects/picorv32/picorv32.v:2340$775'.
     1/3: $0\pcpi_ready[0:0]
     2/3: $0\pcpi_wr[0:0]
     3/3: $0\pcpi_rd[31:0]
Creating decoders for process `\picorv32_pcpi_mul.$proc$/mnt/toshiba4tb/workspace/projects/picorv32/picorv32.v:2306$770'.
     1/7: $0\mul_finish[0:0]
     2/7: $0\mul_waiting[0:0]
     3/7: $0\mul_counter[6:0]
     4/7: $0\rdx[63:0]
     5/7: $0\rd[63:0]
     6/7: $0\rs2[63:0]
     7/7: $0\rs1[63:0]
Creating decoders for process `\picorv32_pcpi_mul.$proc$/mnt/toshiba4tb/workspace/projects/picorv32/picorv32.v:2282$732'.
     1/27: $1\next_rdx[63:0]
     2/27: $1\j[31:0]
     3/27: { $1\next_rdt[63:0] [63] $1\next_rd[63:0] [63:60] }
     4/27: { $1\next_rdt[63:0] [59] $1\next_rd[63:0] [59:56] }
     5/27: { $1\next_rdt[63:0] [55] $1\next_rd[63:0] [55:52] }
     6/27: { $1\next_rdt[63:0] [51] $1\next_rd[63:0] [51:48] }
     7/27: { $1\next_rdt[63:0] [47] $1\next_rd[63:0] [47:44] }
     8/27: { $1\next_rdt[63:0] [43] $1\next_rd[63:0] [43:40] }
     9/27: { $1\next_rdt[63:0] [39] $1\next_rd[63:0] [39:36] }
    10/27: { $1\next_rdt[63:0] [35] $1\next_rd[63:0] [35:32] }
    11/27: { $1\next_rdt[63:0] [31] $1\next_rd[63:0] [31:28] }
    12/27: { $1\next_rdt[63:0] [27] $1\next_rd[63:0] [27:24] }
    13/27: { $1\next_rdt[63:0] [23] $1\next_rd[63:0] [23:20] }
    14/27: { $1\next_rdt[63:0] [19] $1\next_rd[63:0] [19:16] }
    15/27: { $1\next_rdt[63:0] [15] $1\next_rd[63:0] [15:12] }
    16/27: { $1\next_rdt[63:0] [11] $1\next_rd[63:0] [11:8] }
    17/27: { $1\next_rdt[63:0] [7] $1\next_rd[63:0] [7:4] }
    18/27: { $1\next_rdt[63:0] [3] $1\next_rd[63:0] [3:0] }
    19/27: { $1\next_rdt[63:0] [62:60] $1\next_rdt[63:0] [58:56] $1\next_rdt[63:0] [54:52] $1\next_rdt[63:0] [50:48] $1\next_rdt[63:0] [46:44] $1\next_rdt[63:0] [42:40] $1\next_rdt[63:0] [38:36] $1\next_rdt[63:0] [34:32] $1\next_rdt[63:0] [30:28] $1\next_rdt[63:0] [26:24] $1\next_rdt[63:0] [22:20] $1\next_rdt[63:0] [18:16] $1\next_rdt[63:0] [14:12] $1\next_rdt[63:0] [10:8] $1\next_rdt[63:0] [6:4] $1\next_rdt[63:0] [2:0] }
    20/27: $0\i[31:0]
    21/27: $0\next_rs2[63:0]
    22/27: $0\next_rs1[63:0]
    23/27: $0\j[31:0]
    24/27: $0\next_rdt[63:0]
    25/27: $0\next_rdx[63:0]
    26/27: $0\next_rd[63:0]
    27/27: $0\this_rs2[63:0]
Creating decoders for process `\picorv32_pcpi_mul.$proc$/mnt/toshiba4tb/workspace/projects/picorv32/picorv32.v:2254$726'.
     1/6: $0\pcpi_wait_q[0:0]
     2/6: $0\pcpi_wait[0:0]
     3/6: $0\instr_mulhu[0:0]
     4/6: $0\instr_mulhsu[0:0]
     5/6: $0\instr_mulh[0:0]
     6/6: $0\instr_mul[0:0]
Creating decoders for process `\picorv32.$proc$/mnt/toshiba4tb/workspace/projects/picorv32/picorv32.v:416$3796'.
     1/8: $3\mem_rdata_word[31:0]
     2/8: $2\mem_rdata_word[31:0]
     3/8: $1\mem_rdata_word[31:0]
     4/8: $1\mem_la_wstrb[3:0]
     5/8: $1\mem_la_wdata[31:0]
     6/8: $0\mem_rdata_word[31:0]
     7/8: $0\mem_la_wstrb[3:0]
     8/8: $0\mem_la_wdata[31:0]
Creating decoders for process `\picorv32.$proc$/mnt/toshiba4tb/workspace/projects/picorv32/picorv32.v:445$3799'.
     1/9: $0\mem_rdata_q[31:0] [31]
     2/9: $0\mem_rdata_q[31:0] [7]
     3/9: $0\mem_rdata_q[31:0] [24:20]
     4/9: $0\mem_rdata_q[31:0] [19:15]
     5/9: $0\mem_rdata_q[31:0] [6:0]
     6/9: $0\mem_rdata_q[31:0] [14:12]
     7/9: $0\mem_rdata_q[31:0] [11:8]
     8/9: $0\mem_rdata_q[31:0] [30:25]
     9/9: $0\next_insn_opcode[31:0]
Creating decoders for process `\picorv32.$proc$/mnt/toshiba4tb/workspace/projects/picorv32/picorv32.v:340$3717'.
     1/6: $1\pcpi_int_rd[31:0]
     2/6: $1\pcpi_int_wr[0:0]
     3/6: $0\pcpi_int_rd[31:0]
     4/6: $0\pcpi_int_wr[0:0]
     5/6: $0\pcpi_int_ready[0:0]
     6/6: $0\pcpi_int_wait[0:0]
Creating decoders for process `\picorv32.$proc$/mnt/toshiba4tb/workspace/projects/picorv32/picorv32.v:580$3839'.
     1/9: $0\mem_16bit_buffer[15:0]
     2/9: $0\prefetched_high_word[0:0]
     3/9: $0\mem_la_secondword[0:0]
     4/9: $0\mem_state[1:0]
     5/9: $0\mem_wstrb[3:0]
     6/9: $0\mem_wdata[31:0]
     7/9: $0\mem_addr[31:0]
     8/9: $0\mem_instr[0:0]
     9/9: $0\mem_valid[0:0]
Creating decoders for process `\picorv32.$proc$/mnt/toshiba4tb/workspace/projects/picorv32/picorv32.v:716$3863'.
     1/49: $48\new_ascii_instr[63:0]
     2/49: $47\new_ascii_instr[63:0]
     3/49: $46\new_ascii_instr[63:0]
     4/49: $45\new_ascii_instr[63:0]
     5/49: $44\new_ascii_instr[63:0]
     6/49: $43\new_ascii_instr[63:0]
     7/49: $42\new_ascii_instr[63:0]
     8/49: $41\new_ascii_instr[63:0]
     9/49: $40\new_ascii_instr[63:0]
    10/49: $39\new_ascii_instr[63:0]
    11/49: $38\new_ascii_instr[63:0]
    12/49: $37\new_ascii_instr[63:0]
    13/49: $36\new_ascii_instr[63:0]
    14/49: $35\new_ascii_instr[63:0]
    15/49: $34\new_ascii_instr[63:0]
    16/49: $33\new_ascii_instr[63:0]
    17/49: $32\new_ascii_instr[63:0]
    18/49: $31\new_ascii_instr[63:0]
    19/49: $30\new_ascii_instr[63:0]
    20/49: $29\new_ascii_instr[63:0]
    21/49: $28\new_ascii_instr[63:0]
    22/49: $27\new_ascii_instr[63:0]
    23/49: $26\new_ascii_instr[63:0]
    24/49: $25\new_ascii_instr[63:0]
    25/49: $24\new_ascii_instr[63:0]
    26/49: $23\new_ascii_instr[63:0]
    27/49: $22\new_ascii_instr[63:0]
    28/49: $21\new_ascii_instr[63:0]
    29/49: $20\new_ascii_instr[63:0]
    30/49: $19\new_ascii_instr[63:0]
    31/49: $18\new_ascii_instr[63:0]
    32/49: $17\new_ascii_instr[63:0]
    33/49: $16\new_ascii_instr[63:0]
    34/49: $15\new_ascii_instr[63:0]
    35/49: $14\new_ascii_instr[63:0]
    36/49: $13\new_ascii_instr[63:0]
    37/49: $12\new_ascii_instr[63:0]
    38/49: $11\new_ascii_instr[63:0]
    39/49: $10\new_ascii_instr[63:0]
    40/49: $9\new_ascii_instr[63:0]
    41/49: $8\new_ascii_instr[63:0]
    42/49: $7\new_ascii_instr[63:0]
    43/49: $6\new_ascii_instr[63:0]
    44/49: $5\new_ascii_instr[63:0]
    45/49: $4\new_ascii_instr[63:0]
    46/49: $3\new_ascii_instr[63:0]
    47/49: $2\new_ascii_instr[63:0]
    48/49: $1\new_ascii_instr[63:0]
    49/49: $0\new_ascii_instr[63:0]
Creating decoders for process `\picorv32.$proc$/mnt/toshiba4tb/workspace/projects/picorv32/picorv32.v:793$3864'.
     1/15: $0\dbg_next[0:0]
     2/15: $0\q_insn_rd[4:0]
     3/15: $0\q_insn_rs2[4:0]
     4/15: $0\q_insn_rs1[4:0]
     5/15: $0\q_insn_opcode[31:0]
     6/15: $0\q_insn_imm[31:0]
     7/15: $0\q_ascii_instr[63:0]
     8/15: $0\cached_insn_rd[4:0]
     9/15: $0\cached_insn_rs2[4:0]
    10/15: $0\cached_insn_rs1[4:0]
    11/15: $0\cached_insn_opcode[31:0]
    12/15: $0\cached_insn_imm[31:0]
    13/15: $0\cached_ascii_instr[63:0]
    14/15: $0\dbg_valid_insn[0:0]
    15/15: $0\dbg_insn_addr[31:0]
Creating decoders for process `\picorv32.$proc$/mnt/toshiba4tb/workspace/projects/picorv32/picorv32.v:824$3868'.
     1/19: $3\dbg_insn_opcode[31:0]
     2/19: $2\dbg_insn_rd[4:0]
     3/19: $2\dbg_insn_rs2[4:0]
     4/19: $2\dbg_insn_rs1[4:0]
     5/19: $2\dbg_insn_opcode[31:0]
     6/19: $2\dbg_insn_imm[31:0]
     7/19: $2\dbg_ascii_instr[63:0]
     8/19: $1\dbg_insn_rd[4:0]
     9/19: $1\dbg_insn_rs2[4:0]
    10/19: $1\dbg_insn_rs1[4:0]
    11/19: $1\dbg_insn_imm[31:0]
    12/19: $1\dbg_ascii_instr[63:0]
    13/19: $1\dbg_insn_opcode[31:0]
    14/19: $0\dbg_insn_rd[4:0]
    15/19: $0\dbg_insn_rs2[4:0]
    16/19: $0\dbg_insn_rs1[4:0]
    17/19: $0\dbg_insn_imm[31:0]
    18/19: $0\dbg_ascii_instr[63:0]
    19/19: $0\dbg_insn_opcode[31:0]
Creating decoders for process `\picorv32.$proc$/mnt/toshiba4tb/workspace/projects/picorv32/picorv32.v:873$3870'.
     1/81: $0\decoded_rs1[4:0] [4]
     2/81: $0\decoded_imm_j[31:0] [10]
     3/81: $0\decoded_imm_j[31:0] [7]
     4/81: $0\decoded_imm_j[31:0] [6]
     5/81: $0\decoded_imm_j[31:0] [3:1]
     6/81: $0\decoded_imm_j[31:0] [5]
     7/81: $0\decoded_imm_j[31:0] [9:8]
     8/81: $0\decoded_imm_j[31:0] [31:20]
     9/81: $0\decoded_imm_j[31:0] [4]
    10/81: $0\decoded_imm_j[31:0] [11]
    11/81: $0\decoded_imm_j[31:0] [0]
    12/81: $0\decoded_rs1[4:0] [3:0]
    13/81: $0\is_lbu_lhu_lw[0:0]
    14/81: $0\is_sltiu_bltu_sltu[0:0]
    15/81: $0\is_slti_blt_slt[0:0]
    16/81: $0\is_lui_auipc_jal_jalr_addi_add_sub[0:0]
    17/81: $0\is_lui_auipc_jal[0:0]
    18/81: $0\is_alu_reg_reg[0:0]
    19/81: $0\is_alu_reg_imm[0:0]
    20/81: $0\is_beq_bne_blt_bge_bltu_bgeu[0:0]
    21/81: $0\is_sll_srl_sra[0:0]
    22/81: $0\is_sb_sh_sw[0:0]
    23/81: $0\is_jalr_addi_slti_sltiu_xori_ori_andi[0:0]
    24/81: $0\is_slli_srli_srai[0:0]
    25/81: $0\is_lb_lh_lw_lbu_lhu[0:0]
    26/81: $0\compressed_instr[0:0]
    27/81: $0\is_compare[0:0]
    28/81: $0\decoded_imm[31:0]
    29/81: $0\decoded_rs2[4:0]
    30/81: $0\decoded_imm_j[31:0] [19:12]
    31/81: $0\decoded_rd[4:0]
    32/81: $0\instr_timer[0:0]
    33/81: $0\instr_waitirq[0:0]
    34/81: $0\instr_maskirq[0:0]
    35/81: $0\instr_retirq[0:0]
    36/81: $0\instr_setq[0:0]
    37/81: $0\instr_getq[0:0]
    38/81: $0\instr_fence[0:0]
    39/81: $0\instr_ecall_ebreak[0:0]
    40/81: $0\instr_rdinstrh[0:0]
    41/81: $0\instr_rdinstr[0:0]
    42/81: $0\instr_rdcycleh[0:0]
    43/81: $0\instr_rdcycle[0:0]
    44/81: $0\instr_and[0:0]
    45/81: $0\instr_or[0:0]
    46/81: $0\instr_sra[0:0]
    47/81: $0\instr_srl[0:0]
    48/81: $0\instr_xor[0:0]
    49/81: $0\instr_sltu[0:0]
    50/81: $0\instr_slt[0:0]
    51/81: $0\instr_sll[0:0]
    52/81: $0\instr_sub[0:0]
    53/81: $0\instr_add[0:0]
    54/81: $0\instr_srai[0:0]
    55/81: $0\instr_srli[0:0]
    56/81: $0\instr_slli[0:0]
    57/81: $0\instr_andi[0:0]
    58/81: $0\instr_ori[0:0]
    59/81: $0\instr_xori[0:0]
    60/81: $0\instr_sltiu[0:0]
    61/81: $0\instr_slti[0:0]
    62/81: $0\instr_addi[0:0]
    63/81: $0\instr_sw[0:0]
    64/81: $0\instr_sh[0:0]
    65/81: $0\instr_sb[0:0]
    66/81: $0\instr_lhu[0:0]
    67/81: $0\instr_lbu[0:0]
    68/81: $0\instr_lw[0:0]
    69/81: $0\instr_lh[0:0]
    70/81: $0\instr_lb[0:0]
    71/81: $0\instr_bgeu[0:0]
    72/81: $0\instr_bltu[0:0]
    73/81: $0\instr_bge[0:0]
    74/81: $0\instr_blt[0:0]
    75/81: $0\instr_bne[0:0]
    76/81: $0\instr_beq[0:0]
    77/81: $0\instr_jalr[0:0]
    78/81: $0\instr_jal[0:0]
    79/81: $0\instr_auipc[0:0]
    80/81: $0\instr_lui[0:0]
    81/81: $0\pcpi_insn[31:0]
Creating decoders for process `\picorv32.$proc$/mnt/toshiba4tb/workspace/projects/picorv32/picorv32.v:1201$4134'.
     1/9: $8\dbg_ascii_state[127:0]
     2/9: $7\dbg_ascii_state[127:0]
     3/9: $6\dbg_ascii_state[127:0]
     4/9: $5\dbg_ascii_state[127:0]
     5/9: $4\dbg_ascii_state[127:0]
     6/9: $3\dbg_ascii_state[127:0]
     7/9: $2\dbg_ascii_state[127:0]
     8/9: $1\dbg_ascii_state[127:0]
     9/9: $0\dbg_ascii_state[127:0]
Creating decoders for process `\picorv32.$proc$/mnt/toshiba4tb/workspace/projects/picorv32/picorv32.v:1282$4146'.
     1/4: $1\alu_out[31:0]
     2/4: $1\alu_out_0[0:0]
     3/4: $0\alu_out[31:0]
     4/4: $0\alu_out_0[0:0]
Creating decoders for process `\picorv32.$proc$/mnt/toshiba4tb/workspace/projects/picorv32/picorv32.v:1326$4168'.
     1/1: $0\clear_prefetched_high_word_q[0:0]
Creating decoders for process `\picorv32.$proc$/mnt/toshiba4tb/workspace/projects/picorv32/picorv32.v:1328$4169'.
     1/3: $2\clear_prefetched_high_word[0:0]
     2/3: $1\clear_prefetched_high_word[0:0]
     3/3: $0\clear_prefetched_high_word[0:0]
Creating decoders for process `\picorv32.$proc$/mnt/toshiba4tb/workspace/projects/picorv32/picorv32.v:1342$4174'.
     1/6: $2\cpuregs_write[0:0]
     2/6: $2\cpuregs_wrdata[31:0]
     3/6: $1\cpuregs_wrdata[31:0]
     4/6: $1\cpuregs_write[0:0]
     5/6: $0\cpuregs_wrdata[31:0]
     6/6: $0\cpuregs_write[0:0]
Creating decoders for process `\picorv32.$proc$/mnt/toshiba4tb/workspace/projects/picorv32/picorv32.v:1370$4186'.
     1/3: $0$memwr$\cpuregs$/mnt/toshiba4tb/workspace/projects/picorv32/picorv32.v:1377$3716_EN[31:0]$4187
     2/3: $0$memwr$\cpuregs$/mnt/toshiba4tb/workspace/projects/picorv32/picorv32.v:1377$3716_DATA[31:0]$4189
     3/3: $0$memwr$\cpuregs$/mnt/toshiba4tb/workspace/projects/picorv32/picorv32.v:1377$3716_ADDR[4:0]$4188
Creating decoders for process `\picorv32.$proc$/mnt/toshiba4tb/workspace/projects/picorv32/picorv32.v:1381$4192'.
     1/5: $1\cpuregs_rs2[31:0]
     2/5: $1\cpuregs_rs1[31:0]
     3/5: $0\cpuregs_rs2[31:0]
     4/5: $0\cpuregs_rs1[31:0]
     5/5: $0\decoded_rs[4:0]
Creating decoders for process `\picorv32.$proc$/mnt/toshiba4tb/workspace/projects/picorv32/picorv32.v:1435$4208'.
     1/93: $20\next_irq_pending[2:2]
     2/93: $19\next_irq_pending[2:2]
     3/93: $18\next_irq_pending[2:2]
     4/93: $17\next_irq_pending[2:2]
     5/93: $16\next_irq_pending[2:2]
     6/93: $15\next_irq_pending[2:2]
     7/93: $14\next_irq_pending[2:2]
     8/93: $2\next_irq_pending[31:0] [31:2]
     9/93: $3\set_mem_do_rdata[0:0]
    10/93: $2\next_irq_pending[31:0] [1]
    11/93: $3\set_mem_do_wdata[0:0]
    12/93: $2\next_irq_pending[31:0] [0]
    13/93: $4\set_mem_do_rinst[0:0]
    14/93: $3\set_mem_do_rinst[0:0]
    15/93: $4\set_mem_do_wdata[0:0]
    16/93: $12\next_irq_pending[1:1]
    17/93: $11\next_irq_pending[1:1]
    18/93: $10\next_irq_pending[1:1]
    19/93: $4\set_mem_do_rdata[0:0]
    20/93: $8\next_irq_pending[1:1]
    21/93: $7\next_irq_pending[1:1]
    22/93: $6\next_irq_pending[1:1]
    23/93: $5\next_irq_pending[1:1]
    24/93: $4\next_irq_pending[1:1]
    25/93: $13\next_irq_pending[1:1]
    26/93: $5\set_mem_do_rinst[0:0]
    27/93: $9\next_irq_pending[1:1]
    28/93: $3\next_irq_pending[31:0]
    29/93: $3\current_pc[31:0]
    30/93: $2\current_pc[31:0]
    31/93: $2\set_mem_do_wdata[0:0]
    32/93: $2\set_mem_do_rdata[0:0]
    33/93: $2\set_mem_do_rinst[0:0]
    34/93: $1\next_irq_pending[31:0]
    35/93: $1\current_pc[31:0]
    36/93: $1\set_mem_do_wdata[0:0]
    37/93: $1\set_mem_do_rdata[0:0]
    38/93: $1\set_mem_do_rinst[0:0]
    39/93: $0\current_pc[31:0]
    40/93: $0\irq_pending[31:0]
    41/93: $0\next_irq_pending[31:0] [2]
    42/93: { $0\next_irq_pending[31:0] [31:3] $0\next_irq_pending[31:0] [1:0] }
    43/93: $0\set_mem_do_wdata[0:0]
    44/93: $0\set_mem_do_rdata[0:0]
    45/93: $0\set_mem_do_rinst[0:0]
    46/93: $0\trace_valid[0:0]
    47/93: $0\do_waitirq[0:0]
    48/93: $0\decoder_pseudo_trigger_q[0:0]
    49/93: $0\decoder_pseudo_trigger[0:0]
    50/93: $0\decoder_trigger_q[0:0]
    51/93: $0\decoder_trigger[0:0]
    52/93: $0\alu_wait_2[0:0]
    53/93: $0\alu_wait[0:0]
    54/93: $0\alu_out_q[31:0]
    55/93: $0\alu_out_0_q[0:0]
    56/93: $0\reg_out[31:0]
    57/93: $0\reg_sh[4:0]
    58/93: $0\trap[0:0]
    59/93: $0\pcpi_timeout[0:0]
    60/93: $0\pcpi_timeout_counter[3:0]
    61/93: $0\latched_rd[4:0]
    62/93: $0\latched_is_lb[0:0]
    63/93: $0\latched_is_lh[0:0]
    64/93: $0\latched_is_lu[0:0]
    65/93: $0\latched_trace[0:0]
    66/93: $0\latched_compr[0:0]
    67/93: $0\latched_branch[0:0]
    68/93: $0\latched_stalu[0:0]
    69/93: $0\latched_store[0:0]
    70/93: $0\irq_state[1:0]
    71/93: $0\cpu_state[7:0]
    72/93: $0\dbg_rs2val_valid[0:0]
    73/93: $0\dbg_rs1val_valid[0:0]
    74/93: $0\dbg_rs2val[31:0]
    75/93: $0\dbg_rs1val[31:0]
    76/93: $0\mem_do_wdata[0:0]
    77/93: $0\mem_do_rdata[0:0]
    78/93: $0\mem_do_rinst[0:0]
    79/93: $0\mem_do_prefetch[0:0]
    80/93: $0\mem_wordsize[1:0]
    81/93: $0\timer[31:0]
    82/93: $0\irq_mask[31:0]
    83/93: $0\irq_active[0:0]
    84/93: $0\irq_delay[0:0]
    85/93: $0\reg_op2[31:0]
    86/93: $0\reg_op1[31:0]
    87/93: $0\reg_next_pc[31:0]
    88/93: $0\reg_pc[31:0]
    89/93: $0\count_instr[63:0]
    90/93: $0\count_cycle[63:0]
    91/93: $0\trace_data[35:0]
    92/93: $0\eoi[31:0]
    93/93: $0\pcpi_valid[0:0]
Creating decoders for process `\picorv32.$proc$/mnt/toshiba4tb/workspace/projects/picorv32/picorv32.v:1272$4389'.
     1/6: $0\alu_shr[31:0]
     2/6: $0\alu_shl[31:0]
     3/6: $0\alu_ltu[0:0]
     4/6: $0\alu_lts[0:0]
     5/6: $0\alu_eq[0:0]
     6/6: $0\alu_add_sub[31:0]
Creating decoders for process `\picorv32.$proc$/mnt/toshiba4tb/workspace/projects/picorv32/picorv32.v:405$3791'.
     1/2: $0\last_mem_valid[0:0]
     2/2: $0\mem_la_firstword_reg[0:0]

6.2.6. Executing PROC_DLATCH pass (convert process syncs to latches).
No latch inferred for signal `\picorv32_pcpi_mul.\i' from process `\picorv32_pcpi_mul.$proc$/mnt/toshiba4tb/workspace/projects/picorv32/picorv32.v:2282$732'.
No latch inferred for signal `\picorv32_pcpi_mul.\next_rs1' from process `\picorv32_pcpi_mul.$proc$/mnt/toshiba4tb/workspace/projects/picorv32/picorv32.v:2282$732'.
No latch inferred for signal `\picorv32_pcpi_mul.\next_rs2' from process `\picorv32_pcpi_mul.$proc$/mnt/toshiba4tb/workspace/projects/picorv32/picorv32.v:2282$732'.
No latch inferred for signal `\picorv32_pcpi_mul.\this_rs2' from process `\picorv32_pcpi_mul.$proc$/mnt/toshiba4tb/workspace/projects/picorv32/picorv32.v:2282$732'.
No latch inferred for signal `\picorv32_pcpi_mul.\next_rd' from process `\picorv32_pcpi_mul.$proc$/mnt/toshiba4tb/workspace/projects/picorv32/picorv32.v:2282$732'.
No latch inferred for signal `\picorv32_pcpi_mul.\next_rdx' from process `\picorv32_pcpi_mul.$proc$/mnt/toshiba4tb/workspace/projects/picorv32/picorv32.v:2282$732'.
No latch inferred for signal `\picorv32_pcpi_mul.\next_rdt' from process `\picorv32_pcpi_mul.$proc$/mnt/toshiba4tb/workspace/projects/picorv32/picorv32.v:2282$732'.
No latch inferred for signal `\picorv32_pcpi_mul.\j' from process `\picorv32_pcpi_mul.$proc$/mnt/toshiba4tb/workspace/projects/picorv32/picorv32.v:2282$732'.
No latch inferred for signal `\picorv32.\mem_la_wdata' from process `\picorv32.$proc$/mnt/toshiba4tb/workspace/projects/picorv32/picorv32.v:416$3796'.
No latch inferred for signal `\picorv32.\mem_la_wstrb' from process `\picorv32.$proc$/mnt/toshiba4tb/workspace/projects/picorv32/picorv32.v:416$3796'.
No latch inferred for signal `\picorv32.\mem_rdata_word' from process `\picorv32.$proc$/mnt/toshiba4tb/workspace/projects/picorv32/picorv32.v:416$3796'.
No latch inferred for signal `\picorv32.\pcpi_int_wr' from process `\picorv32.$proc$/mnt/toshiba4tb/workspace/projects/picorv32/picorv32.v:340$3717'.
No latch inferred for signal `\picorv32.\pcpi_int_rd' from process `\picorv32.$proc$/mnt/toshiba4tb/workspace/projects/picorv32/picorv32.v:340$3717'.
No latch inferred for signal `\picorv32.\pcpi_int_wait' from process `\picorv32.$proc$/mnt/toshiba4tb/workspace/projects/picorv32/picorv32.v:340$3717'.
No latch inferred for signal `\picorv32.\pcpi_int_ready' from process `\picorv32.$proc$/mnt/toshiba4tb/workspace/projects/picorv32/picorv32.v:340$3717'.
No latch inferred for signal `\picorv32.\new_ascii_instr' from process `\picorv32.$proc$/mnt/toshiba4tb/workspace/projects/picorv32/picorv32.v:716$3863'.
No latch inferred for signal `\picorv32.\dbg_insn_opcode' from process `\picorv32.$proc$/mnt/toshiba4tb/workspace/projects/picorv32/picorv32.v:824$3868'.
No latch inferred for signal `\picorv32.\dbg_ascii_instr' from process `\picorv32.$proc$/mnt/toshiba4tb/workspace/projects/picorv32/picorv32.v:824$3868'.
No latch inferred for signal `\picorv32.\dbg_insn_imm' from process `\picorv32.$proc$/mnt/toshiba4tb/workspace/projects/picorv32/picorv32.v:824$3868'.
No latch inferred for signal `\picorv32.\dbg_insn_rs1' from process `\picorv32.$proc$/mnt/toshiba4tb/workspace/projects/picorv32/picorv32.v:824$3868'.
No latch inferred for signal `\picorv32.\dbg_insn_rs2' from process `\picorv32.$proc$/mnt/toshiba4tb/workspace/projects/picorv32/picorv32.v:824$3868'.
No latch inferred for signal `\picorv32.\dbg_insn_rd' from process `\picorv32.$proc$/mnt/toshiba4tb/workspace/projects/picorv32/picorv32.v:824$3868'.
No latch inferred for signal `\picorv32.\dbg_ascii_state' from process `\picorv32.$proc$/mnt/toshiba4tb/workspace/projects/picorv32/picorv32.v:1201$4134'.
No latch inferred for signal `\picorv32.\alu_out' from process `\picorv32.$proc$/mnt/toshiba4tb/workspace/projects/picorv32/picorv32.v:1282$4146'.
No latch inferred for signal `\picorv32.\alu_out_0' from process `\picorv32.$proc$/mnt/toshiba4tb/workspace/projects/picorv32/picorv32.v:1282$4146'.
No latch inferred for signal `\picorv32.\clear_prefetched_high_word' from process `\picorv32.$proc$/mnt/toshiba4tb/workspace/projects/picorv32/picorv32.v:1328$4169'.
No latch inferred for signal `\picorv32.\cpuregs_write' from process `\picorv32.$proc$/mnt/toshiba4tb/workspace/projects/picorv32/picorv32.v:1342$4174'.
No latch inferred for signal `\picorv32.\cpuregs_wrdata' from process `\picorv32.$proc$/mnt/toshiba4tb/workspace/projects/picorv32/picorv32.v:1342$4174'.
No latch inferred for signal `\picorv32.\cpuregs_rs1' from process `\picorv32.$proc$/mnt/toshiba4tb/workspace/projects/picorv32/picorv32.v:1381$4192'.
No latch inferred for signal `\picorv32.\cpuregs_rs2' from process `\picorv32.$proc$/mnt/toshiba4tb/workspace/projects/picorv32/picorv32.v:1381$4192'.
No latch inferred for signal `\picorv32.\decoded_rs' from process `\picorv32.$proc$/mnt/toshiba4tb/workspace/projects/picorv32/picorv32.v:1381$4192'.
No latch inferred for signal `\picorv32.\alu_add_sub' from process `\picorv32.$proc$/mnt/toshiba4tb/workspace/projects/picorv32/picorv32.v:1272$4389'.
No latch inferred for signal `\picorv32.\alu_shl' from process `\picorv32.$proc$/mnt/toshiba4tb/workspace/projects/picorv32/picorv32.v:1272$4389'.
No latch inferred for signal `\picorv32.\alu_shr' from process `\picorv32.$proc$/mnt/toshiba4tb/workspace/projects/picorv32/picorv32.v:1272$4389'.
No latch inferred for signal `\picorv32.\alu_eq' from process `\picorv32.$proc$/mnt/toshiba4tb/workspace/projects/picorv32/picorv32.v:1272$4389'.
No latch inferred for signal `\picorv32.\alu_ltu' from process `\picorv32.$proc$/mnt/toshiba4tb/workspace/projects/picorv32/picorv32.v:1272$4389'.
No latch inferred for signal `\picorv32.\alu_lts' from process `\picorv32.$proc$/mnt/toshiba4tb/workspace/projects/picorv32/picorv32.v:1272$4389'.

6.2.7. Executing PROC_DFF pass (convert process syncs to FFs).
Creating register for signal `\picorv32_pcpi_mul.\pcpi_wr' using process `\picorv32_pcpi_mul.$proc$/mnt/toshiba4tb/workspace/projects/picorv32/picorv32.v:2340$775'.
  created $dff cell `$procdff$7323' with positive edge clock.
Creating register for signal `\picorv32_pcpi_mul.\pcpi_rd' using process `\picorv32_pcpi_mul.$proc$/mnt/toshiba4tb/workspace/projects/picorv32/picorv32.v:2340$775'.
  created $dff cell `$procdff$7324' with positive edge clock.
Creating register for signal `\picorv32_pcpi_mul.\pcpi_ready' using process `\picorv32_pcpi_mul.$proc$/mnt/toshiba4tb/workspace/projects/picorv32/picorv32.v:2340$775'.
  created $dff cell `$procdff$7325' with positive edge clock.
Creating register for signal `\picorv32_pcpi_mul.\rs1' using process `\picorv32_pcpi_mul.$proc$/mnt/toshiba4tb/workspace/projects/picorv32/picorv32.v:2306$770'.
  created $dff cell `$procdff$7326' with positive edge clock.
Creating register for signal `\picorv32_pcpi_mul.\rs2' using process `\picorv32_pcpi_mul.$proc$/mnt/toshiba4tb/workspace/projects/picorv32/picorv32.v:2306$770'.
  created $dff cell `$procdff$7327' with positive edge clock.
Creating register for signal `\picorv32_pcpi_mul.\rd' using process `\picorv32_pcpi_mul.$proc$/mnt/toshiba4tb/workspace/projects/picorv32/picorv32.v:2306$770'.
  created $dff cell `$procdff$7328' with positive edge clock.
Creating register for signal `\picorv32_pcpi_mul.\rdx' using process `\picorv32_pcpi_mul.$proc$/mnt/toshiba4tb/workspace/projects/picorv32/picorv32.v:2306$770'.
  created $dff cell `$procdff$7329' with positive edge clock.
Creating register for signal `\picorv32_pcpi_mul.\mul_counter' using process `\picorv32_pcpi_mul.$proc$/mnt/toshiba4tb/workspace/projects/picorv32/picorv32.v:2306$770'.
  created $dff cell `$procdff$7330' with positive edge clock.
Creating register for signal `\picorv32_pcpi_mul.\mul_waiting' using process `\picorv32_pcpi_mul.$proc$/mnt/toshiba4tb/workspace/projects/picorv32/picorv32.v:2306$770'.
  created $dff cell `$procdff$7331' with positive edge clock.
Creating register for signal `\picorv32_pcpi_mul.\mul_finish' using process `\picorv32_pcpi_mul.$proc$/mnt/toshiba4tb/workspace/projects/picorv32/picorv32.v:2306$770'.
  created $dff cell `$procdff$7332' with positive edge clock.
Creating register for signal `\picorv32_pcpi_mul.\pcpi_wait' using process `\picorv32_pcpi_mul.$proc$/mnt/toshiba4tb/workspace/projects/picorv32/picorv32.v:2254$726'.
  created $dff cell `$procdff$7333' with positive edge clock.
Creating register for signal `\picorv32_pcpi_mul.\instr_mulhsu' using process `\picorv32_pcpi_mul.$proc$/mnt/toshiba4tb/workspace/projects/picorv32/picorv32.v:2254$726'.
  created $dff cell `$procdff$7334' with positive edge clock.
Creating register for signal `\picorv32_pcpi_mul.\pcpi_wait_q' using process `\picorv32_pcpi_mul.$proc$/mnt/toshiba4tb/workspace/projects/picorv32/picorv32.v:2254$726'.
  created $dff cell `$procdff$7335' with positive edge clock.
Creating register for signal `\picorv32_pcpi_mul.\instr_mul' using process `\picorv32_pcpi_mul.$proc$/mnt/toshiba4tb/workspace/projects/picorv32/picorv32.v:2254$726'.
  created $dff cell `$procdff$7336' with positive edge clock.
Creating register for signal `\picorv32_pcpi_mul.\instr_mulh' using process `\picorv32_pcpi_mul.$proc$/mnt/toshiba4tb/workspace/projects/picorv32/picorv32.v:2254$726'.
  created $dff cell `$procdff$7337' with positive edge clock.
Creating register for signal `\picorv32_pcpi_mul.\instr_mulhu' using process `\picorv32_pcpi_mul.$proc$/mnt/toshiba4tb/workspace/projects/picorv32/picorv32.v:2254$726'.
  created $dff cell `$procdff$7338' with positive edge clock.
Creating register for signal `\picorv32.\next_insn_opcode' using process `\picorv32.$proc$/mnt/toshiba4tb/workspace/projects/picorv32/picorv32.v:445$3799'.
  created $dff cell `$procdff$7339' with positive edge clock.
Creating register for signal `\picorv32.\mem_rdata_q' using process `\picorv32.$proc$/mnt/toshiba4tb/workspace/projects/picorv32/picorv32.v:445$3799'.
  created $dff cell `$procdff$7340' with positive edge clock.
Creating register for signal `\picorv32.\mem_valid' using process `\picorv32.$proc$/mnt/toshiba4tb/workspace/projects/picorv32/picorv32.v:580$3839'.
  created $dff cell `$procdff$7341' with positive edge clock.
Creating register for signal `\picorv32.\mem_instr' using process `\picorv32.$proc$/mnt/toshiba4tb/workspace/projects/picorv32/picorv32.v:580$3839'.
  created $dff cell `$procdff$7342' with positive edge clock.
Creating register for signal `\picorv32.\mem_addr' using process `\picorv32.$proc$/mnt/toshiba4tb/workspace/projects/picorv32/picorv32.v:580$3839'.
  created $dff cell `$procdff$7343' with positive edge clock.
Creating register for signal `\picorv32.\mem_wdata' using process `\picorv32.$proc$/mnt/toshiba4tb/workspace/projects/picorv32/picorv32.v:580$3839'.
  created $dff cell `$procdff$7344' with positive edge clock.
Creating register for signal `\picorv32.\mem_wstrb' using process `\picorv32.$proc$/mnt/toshiba4tb/workspace/projects/picorv32/picorv32.v:580$3839'.
  created $dff cell `$procdff$7345' with positive edge clock.
Creating register for signal `\picorv32.\mem_state' using process `\picorv32.$proc$/mnt/toshiba4tb/workspace/projects/picorv32/picorv32.v:580$3839'.
  created $dff cell `$procdff$7346' with positive edge clock.
Creating register for signal `\picorv32.\mem_la_secondword' using process `\picorv32.$proc$/mnt/toshiba4tb/workspace/projects/picorv32/picorv32.v:580$3839'.
  created $dff cell `$procdff$7347' with positive edge clock.
Creating register for signal `\picorv32.\prefetched_high_word' using process `\picorv32.$proc$/mnt/toshiba4tb/workspace/projects/picorv32/picorv32.v:580$3839'.
  created $dff cell `$procdff$7348' with positive edge clock.
Creating register for signal `\picorv32.\mem_16bit_buffer' using process `\picorv32.$proc$/mnt/toshiba4tb/workspace/projects/picorv32/picorv32.v:580$3839'.
  created $dff cell `$procdff$7349' with positive edge clock.
Creating register for signal `\picorv32.\dbg_insn_addr' using process `\picorv32.$proc$/mnt/toshiba4tb/workspace/projects/picorv32/picorv32.v:793$3864'.
  created $dff cell `$procdff$7350' with positive edge clock.
Creating register for signal `\picorv32.\q_ascii_instr' using process `\picorv32.$proc$/mnt/toshiba4tb/workspace/projects/picorv32/picorv32.v:793$3864'.
  created $dff cell `$procdff$7351' with positive edge clock.
Creating register for signal `\picorv32.\q_insn_imm' using process `\picorv32.$proc$/mnt/toshiba4tb/workspace/projects/picorv32/picorv32.v:793$3864'.
  created $dff cell `$procdff$7352' with positive edge clock.
Creating register for signal `\picorv32.\q_insn_opcode' using process `\picorv32.$proc$/mnt/toshiba4tb/workspace/projects/picorv32/picorv32.v:793$3864'.
  created $dff cell `$procdff$7353' with positive edge clock.
Creating register for signal `\picorv32.\q_insn_rs1' using process `\picorv32.$proc$/mnt/toshiba4tb/workspace/projects/picorv32/picorv32.v:793$3864'.
  created $dff cell `$procdff$7354' with positive edge clock.
Creating register for signal `\picorv32.\q_insn_rs2' using process `\picorv32.$proc$/mnt/toshiba4tb/workspace/projects/picorv32/picorv32.v:793$3864'.
  created $dff cell `$procdff$7355' with positive edge clock.
Creating register for signal `\picorv32.\q_insn_rd' using process `\picorv32.$proc$/mnt/toshiba4tb/workspace/projects/picorv32/picorv32.v:793$3864'.
  created $dff cell `$procdff$7356' with positive edge clock.
Creating register for signal `\picorv32.\dbg_next' using process `\picorv32.$proc$/mnt/toshiba4tb/workspace/projects/picorv32/picorv32.v:793$3864'.
  created $dff cell `$procdff$7357' with positive edge clock.
Creating register for signal `\picorv32.\dbg_valid_insn' using process `\picorv32.$proc$/mnt/toshiba4tb/workspace/projects/picorv32/picorv32.v:793$3864'.
  created $dff cell `$procdff$7358' with positive edge clock.
Creating register for signal `\picorv32.\cached_ascii_instr' using process `\picorv32.$proc$/mnt/toshiba4tb/workspace/projects/picorv32/picorv32.v:793$3864'.
  created $dff cell `$procdff$7359' with positive edge clock.
Creating register for signal `\picorv32.\cached_insn_imm' using process `\picorv32.$proc$/mnt/toshiba4tb/workspace/projects/picorv32/picorv32.v:793$3864'.
  created $dff cell `$procdff$7360' with positive edge clock.
Creating register for signal `\picorv32.\cached_insn_opcode' using process `\picorv32.$proc$/mnt/toshiba4tb/workspace/projects/picorv32/picorv32.v:793$3864'.
  created $dff cell `$procdff$7361' with positive edge clock.
Creating register for signal `\picorv32.\cached_insn_rs1' using process `\picorv32.$proc$/mnt/toshiba4tb/workspace/projects/picorv32/picorv32.v:793$3864'.
  created $dff cell `$procdff$7362' with positive edge clock.
Creating register for signal `\picorv32.\cached_insn_rs2' using process `\picorv32.$proc$/mnt/toshiba4tb/workspace/projects/picorv32/picorv32.v:793$3864'.
  created $dff cell `$procdff$7363' with positive edge clock.
Creating register for signal `\picorv32.\cached_insn_rd' using process `\picorv32.$proc$/mnt/toshiba4tb/workspace/projects/picorv32/picorv32.v:793$3864'.
  created $dff cell `$procdff$7364' with positive edge clock.
Creating register for signal `\picorv32.\pcpi_insn' using process `\picorv32.$proc$/mnt/toshiba4tb/workspace/projects/picorv32/picorv32.v:873$3870'.
  created $dff cell `$procdff$7365' with positive edge clock.
Creating register for signal `\picorv32.\instr_lui' using process `\picorv32.$proc$/mnt/toshiba4tb/workspace/projects/picorv32/picorv32.v:873$3870'.
  created $dff cell `$procdff$7366' with positive edge clock.
Creating register for signal `\picorv32.\instr_auipc' using process `\picorv32.$proc$/mnt/toshiba4tb/workspace/projects/picorv32/picorv32.v:873$3870'.
  created $dff cell `$procdff$7367' with positive edge clock.
Creating register for signal `\picorv32.\instr_jal' using process `\picorv32.$proc$/mnt/toshiba4tb/workspace/projects/picorv32/picorv32.v:873$3870'.
  created $dff cell `$procdff$7368' with positive edge clock.
Creating register for signal `\picorv32.\instr_jalr' using process `\picorv32.$proc$/mnt/toshiba4tb/workspace/projects/picorv32/picorv32.v:873$3870'.
  created $dff cell `$procdff$7369' with positive edge clock.
Creating register for signal `\picorv32.\instr_beq' using process `\picorv32.$proc$/mnt/toshiba4tb/workspace/projects/picorv32/picorv32.v:873$3870'.
  created $dff cell `$procdff$7370' with positive edge clock.
Creating register for signal `\picorv32.\instr_bne' using process `\picorv32.$proc$/mnt/toshiba4tb/workspace/projects/picorv32/picorv32.v:873$3870'.
  created $dff cell `$procdff$7371' with positive edge clock.
Creating register for signal `\picorv32.\instr_blt' using process `\picorv32.$proc$/mnt/toshiba4tb/workspace/projects/picorv32/picorv32.v:873$3870'.
  created $dff cell `$procdff$7372' with positive edge clock.
Creating register for signal `\picorv32.\instr_bge' using process `\picorv32.$proc$/mnt/toshiba4tb/workspace/projects/picorv32/picorv32.v:873$3870'.
  created $dff cell `$procdff$7373' with positive edge clock.
Creating register for signal `\picorv32.\instr_bltu' using process `\picorv32.$proc$/mnt/toshiba4tb/workspace/projects/picorv32/picorv32.v:873$3870'.
  created $dff cell `$procdff$7374' with positive edge clock.
Creating register for signal `\picorv32.\instr_bgeu' using process `\picorv32.$proc$/mnt/toshiba4tb/workspace/projects/picorv32/picorv32.v:873$3870'.
  created $dff cell `$procdff$7375' with positive edge clock.
Creating register for signal `\picorv32.\instr_lb' using process `\picorv32.$proc$/mnt/toshiba4tb/workspace/projects/picorv32/picorv32.v:873$3870'.
  created $dff cell `$procdff$7376' with positive edge clock.
Creating register for signal `\picorv32.\instr_lh' using process `\picorv32.$proc$/mnt/toshiba4tb/workspace/projects/picorv32/picorv32.v:873$3870'.
  created $dff cell `$procdff$7377' with positive edge clock.
Creating register for signal `\picorv32.\instr_lw' using process `\picorv32.$proc$/mnt/toshiba4tb/workspace/projects/picorv32/picorv32.v:873$3870'.
  created $dff cell `$procdff$7378' with positive edge clock.
Creating register for signal `\picorv32.\instr_lbu' using process `\picorv32.$proc$/mnt/toshiba4tb/workspace/projects/picorv32/picorv32.v:873$3870'.
  created $dff cell `$procdff$7379' with positive edge clock.
Creating register for signal `\picorv32.\instr_lhu' using process `\picorv32.$proc$/mnt/toshiba4tb/workspace/projects/picorv32/picorv32.v:873$3870'.
  created $dff cell `$procdff$7380' with positive edge clock.
Creating register for signal `\picorv32.\instr_sb' using process `\picorv32.$proc$/mnt/toshiba4tb/workspace/projects/picorv32/picorv32.v:873$3870'.
  created $dff cell `$procdff$7381' with positive edge clock.
Creating register for signal `\picorv32.\instr_sh' using process `\picorv32.$proc$/mnt/toshiba4tb/workspace/projects/picorv32/picorv32.v:873$3870'.
  created $dff cell `$procdff$7382' with positive edge clock.
Creating register for signal `\picorv32.\instr_sw' using process `\picorv32.$proc$/mnt/toshiba4tb/workspace/projects/picorv32/picorv32.v:873$3870'.
  created $dff cell `$procdff$7383' with positive edge clock.
Creating register for signal `\picorv32.\instr_addi' using process `\picorv32.$proc$/mnt/toshiba4tb/workspace/projects/picorv32/picorv32.v:873$3870'.
  created $dff cell `$procdff$7384' with positive edge clock.
Creating register for signal `\picorv32.\instr_slti' using process `\picorv32.$proc$/mnt/toshiba4tb/workspace/projects/picorv32/picorv32.v:873$3870'.
  created $dff cell `$procdff$7385' with positive edge clock.
Creating register for signal `\picorv32.\instr_sltiu' using process `\picorv32.$proc$/mnt/toshiba4tb/workspace/projects/picorv32/picorv32.v:873$3870'.
  created $dff cell `$procdff$7386' with positive edge clock.
Creating register for signal `\picorv32.\instr_xori' using process `\picorv32.$proc$/mnt/toshiba4tb/workspace/projects/picorv32/picorv32.v:873$3870'.
  created $dff cell `$procdff$7387' with positive edge clock.
Creating register for signal `\picorv32.\instr_ori' using process `\picorv32.$proc$/mnt/toshiba4tb/workspace/projects/picorv32/picorv32.v:873$3870'.
  created $dff cell `$procdff$7388' with positive edge clock.
Creating register for signal `\picorv32.\instr_andi' using process `\picorv32.$proc$/mnt/toshiba4tb/workspace/projects/picorv32/picorv32.v:873$3870'.
  created $dff cell `$procdff$7389' with positive edge clock.
Creating register for signal `\picorv32.\instr_slli' using process `\picorv32.$proc$/mnt/toshiba4tb/workspace/projects/picorv32/picorv32.v:873$3870'.
  created $dff cell `$procdff$7390' with positive edge clock.
Creating register for signal `\picorv32.\instr_srli' using process `\picorv32.$proc$/mnt/toshiba4tb/workspace/projects/picorv32/picorv32.v:873$3870'.
  created $dff cell `$procdff$7391' with positive edge clock.
Creating register for signal `\picorv32.\instr_srai' using process `\picorv32.$proc$/mnt/toshiba4tb/workspace/projects/picorv32/picorv32.v:873$3870'.
  created $dff cell `$procdff$7392' with positive edge clock.
Creating register for signal `\picorv32.\instr_add' using process `\picorv32.$proc$/mnt/toshiba4tb/workspace/projects/picorv32/picorv32.v:873$3870'.
  created $dff cell `$procdff$7393' with positive edge clock.
Creating register for signal `\picorv32.\instr_sub' using process `\picorv32.$proc$/mnt/toshiba4tb/workspace/projects/picorv32/picorv32.v:873$3870'.
  created $dff cell `$procdff$7394' with positive edge clock.
Creating register for signal `\picorv32.\instr_sll' using process `\picorv32.$proc$/mnt/toshiba4tb/workspace/projects/picorv32/picorv32.v:873$3870'.
  created $dff cell `$procdff$7395' with positive edge clock.
Creating register for signal `\picorv32.\instr_slt' using process `\picorv32.$proc$/mnt/toshiba4tb/workspace/projects/picorv32/picorv32.v:873$3870'.
  created $dff cell `$procdff$7396' with positive edge clock.
Creating register for signal `\picorv32.\instr_sltu' using process `\picorv32.$proc$/mnt/toshiba4tb/workspace/projects/picorv32/picorv32.v:873$3870'.
  created $dff cell `$procdff$7397' with positive edge clock.
Creating register for signal `\picorv32.\instr_xor' using process `\picorv32.$proc$/mnt/toshiba4tb/workspace/projects/picorv32/picorv32.v:873$3870'.
  created $dff cell `$procdff$7398' with positive edge clock.
Creating register for signal `\picorv32.\instr_srl' using process `\picorv32.$proc$/mnt/toshiba4tb/workspace/projects/picorv32/picorv32.v:873$3870'.
  created $dff cell `$procdff$7399' with positive edge clock.
Creating register for signal `\picorv32.\instr_sra' using process `\picorv32.$proc$/mnt/toshiba4tb/workspace/projects/picorv32/picorv32.v:873$3870'.
  created $dff cell `$procdff$7400' with positive edge clock.
Creating register for signal `\picorv32.\instr_or' using process `\picorv32.$proc$/mnt/toshiba4tb/workspace/projects/picorv32/picorv32.v:873$3870'.
  created $dff cell `$procdff$7401' with positive edge clock.
Creating register for signal `\picorv32.\instr_and' using process `\picorv32.$proc$/mnt/toshiba4tb/workspace/projects/picorv32/picorv32.v:873$3870'.
  created $dff cell `$procdff$7402' with positive edge clock.
Creating register for signal `\picorv32.\instr_rdcycle' using process `\picorv32.$proc$/mnt/toshiba4tb/workspace/projects/picorv32/picorv32.v:873$3870'.
  created $dff cell `$procdff$7403' with positive edge clock.
Creating register for signal `\picorv32.\instr_rdcycleh' using process `\picorv32.$proc$/mnt/toshiba4tb/workspace/projects/picorv32/picorv32.v:873$3870'.
  created $dff cell `$procdff$7404' with positive edge clock.
Creating register for signal `\picorv32.\instr_rdinstr' using process `\picorv32.$proc$/mnt/toshiba4tb/workspace/projects/picorv32/picorv32.v:873$3870'.
  created $dff cell `$procdff$7405' with positive edge clock.
Creating register for signal `\picorv32.\instr_rdinstrh' using process `\picorv32.$proc$/mnt/toshiba4tb/workspace/projects/picorv32/picorv32.v:873$3870'.
  created $dff cell `$procdff$7406' with positive edge clock.
Creating register for signal `\picorv32.\instr_ecall_ebreak' using process `\picorv32.$proc$/mnt/toshiba4tb/workspace/projects/picorv32/picorv32.v:873$3870'.
  created $dff cell `$procdff$7407' with positive edge clock.
Creating register for signal `\picorv32.\instr_fence' using process `\picorv32.$proc$/mnt/toshiba4tb/workspace/projects/picorv32/picorv32.v:873$3870'.
  created $dff cell `$procdff$7408' with positive edge clock.
Creating register for signal `\picorv32.\instr_getq' using process `\picorv32.$proc$/mnt/toshiba4tb/workspace/projects/picorv32/picorv32.v:873$3870'.
  created $dff cell `$procdff$7409' with positive edge clock.
Creating register for signal `\picorv32.\instr_setq' using process `\picorv32.$proc$/mnt/toshiba4tb/workspace/projects/picorv32/picorv32.v:873$3870'.
  created $dff cell `$procdff$7410' with positive edge clock.
Creating register for signal `\picorv32.\instr_retirq' using process `\picorv32.$proc$/mnt/toshiba4tb/workspace/projects/picorv32/picorv32.v:873$3870'.
  created $dff cell `$procdff$7411' with positive edge clock.
Creating register for signal `\picorv32.\instr_maskirq' using process `\picorv32.$proc$/mnt/toshiba4tb/workspace/projects/picorv32/picorv32.v:873$3870'.
  created $dff cell `$procdff$7412' with positive edge clock.
Creating register for signal `\picorv32.\instr_waitirq' using process `\picorv32.$proc$/mnt/toshiba4tb/workspace/projects/picorv32/picorv32.v:873$3870'.
  created $dff cell `$procdff$7413' with positive edge clock.
Creating register for signal `\picorv32.\instr_timer' using process `\picorv32.$proc$/mnt/toshiba4tb/workspace/projects/picorv32/picorv32.v:873$3870'.
  created $dff cell `$procdff$7414' with positive edge clock.
Creating register for signal `\picorv32.\decoded_rd' using process `\picorv32.$proc$/mnt/toshiba4tb/workspace/projects/picorv32/picorv32.v:873$3870'.
  created $dff cell `$procdff$7415' with positive edge clock.
Creating register for signal `\picorv32.\decoded_rs1' using process `\picorv32.$proc$/mnt/toshiba4tb/workspace/projects/picorv32/picorv32.v:873$3870'.
  created $dff cell `$procdff$7416' with positive edge clock.
Creating register for signal `\picorv32.\decoded_rs2' using process `\picorv32.$proc$/mnt/toshiba4tb/workspace/projects/picorv32/picorv32.v:873$3870'.
  created $dff cell `$procdff$7417' with positive edge clock.
Creating register for signal `\picorv32.\decoded_imm' using process `\picorv32.$proc$/mnt/toshiba4tb/workspace/projects/picorv32/picorv32.v:873$3870'.
  created $dff cell `$procdff$7418' with positive edge clock.
Creating register for signal `\picorv32.\decoded_imm_j' using process `\picorv32.$proc$/mnt/toshiba4tb/workspace/projects/picorv32/picorv32.v:873$3870'.
  created $dff cell `$procdff$7419' with positive edge clock.
Creating register for signal `\picorv32.\compressed_instr' using process `\picorv32.$proc$/mnt/toshiba4tb/workspace/projects/picorv32/picorv32.v:873$3870'.
  created $dff cell `$procdff$7420' with positive edge clock.
Creating register for signal `\picorv32.\is_lui_auipc_jal' using process `\picorv32.$proc$/mnt/toshiba4tb/workspace/projects/picorv32/picorv32.v:873$3870'.
  created $dff cell `$procdff$7421' with positive edge clock.
Creating register for signal `\picorv32.\is_lb_lh_lw_lbu_lhu' using process `\picorv32.$proc$/mnt/toshiba4tb/workspace/projects/picorv32/picorv32.v:873$3870'.
  created $dff cell `$procdff$7422' with positive edge clock.
Creating register for signal `\picorv32.\is_slli_srli_srai' using process `\picorv32.$proc$/mnt/toshiba4tb/workspace/projects/picorv32/picorv32.v:873$3870'.
  created $dff cell `$procdff$7423' with positive edge clock.
Creating register for signal `\picorv32.\is_jalr_addi_slti_sltiu_xori_ori_andi' using process `\picorv32.$proc$/mnt/toshiba4tb/workspace/projects/picorv32/picorv32.v:873$3870'.
  created $dff cell `$procdff$7424' with positive edge clock.
Creating register for signal `\picorv32.\is_sb_sh_sw' using process `\picorv32.$proc$/mnt/toshiba4tb/workspace/projects/picorv32/picorv32.v:873$3870'.
  created $dff cell `$procdff$7425' with positive edge clock.
Creating register for signal `\picorv32.\is_sll_srl_sra' using process `\picorv32.$proc$/mnt/toshiba4tb/workspace/projects/picorv32/picorv32.v:873$3870'.
  created $dff cell `$procdff$7426' with positive edge clock.
Creating register for signal `\picorv32.\is_lui_auipc_jal_jalr_addi_add_sub' using process `\picorv32.$proc$/mnt/toshiba4tb/workspace/projects/picorv32/picorv32.v:873$3870'.
  created $dff cell `$procdff$7427' with positive edge clock.
Creating register for signal `\picorv32.\is_slti_blt_slt' using process `\picorv32.$proc$/mnt/toshiba4tb/workspace/projects/picorv32/picorv32.v:873$3870'.
  created $dff cell `$procdff$7428' with positive edge clock.
Creating register for signal `\picorv32.\is_sltiu_bltu_sltu' using process `\picorv32.$proc$/mnt/toshiba4tb/workspace/projects/picorv32/picorv32.v:873$3870'.
  created $dff cell `$procdff$7429' with positive edge clock.
Creating register for signal `\picorv32.\is_beq_bne_blt_bge_bltu_bgeu' using process `\picorv32.$proc$/mnt/toshiba4tb/workspace/projects/picorv32/picorv32.v:873$3870'.
  created $dff cell `$procdff$7430' with positive edge clock.
Creating register for signal `\picorv32.\is_lbu_lhu_lw' using process `\picorv32.$proc$/mnt/toshiba4tb/workspace/projects/picorv32/picorv32.v:873$3870'.
  created $dff cell `$procdff$7431' with positive edge clock.
Creating register for signal `\picorv32.\is_alu_reg_imm' using process `\picorv32.$proc$/mnt/toshiba4tb/workspace/projects/picorv32/picorv32.v:873$3870'.
  created $dff cell `$procdff$7432' with positive edge clock.
Creating register for signal `\picorv32.\is_alu_reg_reg' using process `\picorv32.$proc$/mnt/toshiba4tb/workspace/projects/picorv32/picorv32.v:873$3870'.
  created $dff cell `$procdff$7433' with positive edge clock.
Creating register for signal `\picorv32.\is_compare' using process `\picorv32.$proc$/mnt/toshiba4tb/workspace/projects/picorv32/picorv32.v:873$3870'.
  created $dff cell `$procdff$7434' with positive edge clock.
Creating register for signal `\picorv32.\clear_prefetched_high_word_q' using process `\picorv32.$proc$/mnt/toshiba4tb/workspace/projects/picorv32/picorv32.v:1326$4168'.
  created $dff cell `$procdff$7435' with positive edge clock.
Creating register for signal `\picorv32.$memwr$\cpuregs$/mnt/toshiba4tb/workspace/projects/picorv32/picorv32.v:1377$3716_EN' using process `\picorv32.$proc$/mnt/toshiba4tb/workspace/projects/picorv32/picorv32.v:1370$4186'.
  created $dff cell `$procdff$7436' with positive edge clock.
Creating register for signal `\picorv32.$memwr$\cpuregs$/mnt/toshiba4tb/workspace/projects/picorv32/picorv32.v:1377$3716_ADDR' using process `\picorv32.$proc$/mnt/toshiba4tb/workspace/projects/picorv32/picorv32.v:1370$4186'.
  created $dff cell `$procdff$7437' with positive edge clock.
Creating register for signal `\picorv32.$memwr$\cpuregs$/mnt/toshiba4tb/workspace/projects/picorv32/picorv32.v:1377$3716_DATA' using process `\picorv32.$proc$/mnt/toshiba4tb/workspace/projects/picorv32/picorv32.v:1370$4186'.
  created $dff cell `$procdff$7438' with positive edge clock.
Creating register for signal `\picorv32.\trap' using process `\picorv32.$proc$/mnt/toshiba4tb/workspace/projects/picorv32/picorv32.v:1435$4208'.
  created $dff cell `$procdff$7439' with positive edge clock.
Creating register for signal `\picorv32.\pcpi_valid' using process `\picorv32.$proc$/mnt/toshiba4tb/workspace/projects/picorv32/picorv32.v:1435$4208'.
  created $dff cell `$procdff$7440' with positive edge clock.
Creating register for signal `\picorv32.\eoi' using process `\picorv32.$proc$/mnt/toshiba4tb/workspace/projects/picorv32/picorv32.v:1435$4208'.
  created $dff cell `$procdff$7441' with positive edge clock.
Creating register for signal `\picorv32.\trace_valid' using process `\picorv32.$proc$/mnt/toshiba4tb/workspace/projects/picorv32/picorv32.v:1435$4208'.
  created $dff cell `$procdff$7442' with positive edge clock.
Creating register for signal `\picorv32.\trace_data' using process `\picorv32.$proc$/mnt/toshiba4tb/workspace/projects/picorv32/picorv32.v:1435$4208'.
  created $dff cell `$procdff$7443' with positive edge clock.
Creating register for signal `\picorv32.\count_cycle' using process `\picorv32.$proc$/mnt/toshiba4tb/workspace/projects/picorv32/picorv32.v:1435$4208'.
  created $dff cell `$procdff$7444' with positive edge clock.
Creating register for signal `\picorv32.\count_instr' using process `\picorv32.$proc$/mnt/toshiba4tb/workspace/projects/picorv32/picorv32.v:1435$4208'.
  created $dff cell `$procdff$7445' with positive edge clock.
Creating register for signal `\picorv32.\reg_pc' using process `\picorv32.$proc$/mnt/toshiba4tb/workspace/projects/picorv32/picorv32.v:1435$4208'.
  created $dff cell `$procdff$7446' with positive edge clock.
Creating register for signal `\picorv32.\reg_next_pc' using process `\picorv32.$proc$/mnt/toshiba4tb/workspace/projects/picorv32/picorv32.v:1435$4208'.
  created $dff cell `$procdff$7447' with positive edge clock.
Creating register for signal `\picorv32.\reg_op1' using process `\picorv32.$proc$/mnt/toshiba4tb/workspace/projects/picorv32/picorv32.v:1435$4208'.
  created $dff cell `$procdff$7448' with positive edge clock.
Creating register for signal `\picorv32.\reg_op2' using process `\picorv32.$proc$/mnt/toshiba4tb/workspace/projects/picorv32/picorv32.v:1435$4208'.
  created $dff cell `$procdff$7449' with positive edge clock.
Creating register for signal `\picorv32.\reg_out' using process `\picorv32.$proc$/mnt/toshiba4tb/workspace/projects/picorv32/picorv32.v:1435$4208'.
  created $dff cell `$procdff$7450' with positive edge clock.
Creating register for signal `\picorv32.\reg_sh' using process `\picorv32.$proc$/mnt/toshiba4tb/workspace/projects/picorv32/picorv32.v:1435$4208'.
  created $dff cell `$procdff$7451' with positive edge clock.
Creating register for signal `\picorv32.\irq_delay' using process `\picorv32.$proc$/mnt/toshiba4tb/workspace/projects/picorv32/picorv32.v:1435$4208'.
  created $dff cell `$procdff$7452' with positive edge clock.
Creating register for signal `\picorv32.\irq_active' using process `\picorv32.$proc$/mnt/toshiba4tb/workspace/projects/picorv32/picorv32.v:1435$4208'.
  created $dff cell `$procdff$7453' with positive edge clock.
Creating register for signal `\picorv32.\irq_mask' using process `\picorv32.$proc$/mnt/toshiba4tb/workspace/projects/picorv32/picorv32.v:1435$4208'.
  created $dff cell `$procdff$7454' with positive edge clock.
Creating register for signal `\picorv32.\irq_pending' using process `\picorv32.$proc$/mnt/toshiba4tb/workspace/projects/picorv32/picorv32.v:1435$4208'.
  created $dff cell `$procdff$7455' with positive edge clock.
Creating register for signal `\picorv32.\timer' using process `\picorv32.$proc$/mnt/toshiba4tb/workspace/projects/picorv32/picorv32.v:1435$4208'.
  created $dff cell `$procdff$7456' with positive edge clock.
Creating register for signal `\picorv32.\mem_wordsize' using process `\picorv32.$proc$/mnt/toshiba4tb/workspace/projects/picorv32/picorv32.v:1435$4208'.
  created $dff cell `$procdff$7457' with positive edge clock.
Creating register for signal `\picorv32.\mem_do_prefetch' using process `\picorv32.$proc$/mnt/toshiba4tb/workspace/projects/picorv32/picorv32.v:1435$4208'.
  created $dff cell `$procdff$7458' with positive edge clock.
Creating register for signal `\picorv32.\mem_do_rinst' using process `\picorv32.$proc$/mnt/toshiba4tb/workspace/projects/picorv32/picorv32.v:1435$4208'.
  created $dff cell `$procdff$7459' with positive edge clock.
Creating register for signal `\picorv32.\mem_do_rdata' using process `\picorv32.$proc$/mnt/toshiba4tb/workspace/projects/picorv32/picorv32.v:1435$4208'.
  created $dff cell `$procdff$7460' with positive edge clock.
Creating register for signal `\picorv32.\mem_do_wdata' using process `\picorv32.$proc$/mnt/toshiba4tb/workspace/projects/picorv32/picorv32.v:1435$4208'.
  created $dff cell `$procdff$7461' with positive edge clock.
Creating register for signal `\picorv32.\decoder_trigger' using process `\picorv32.$proc$/mnt/toshiba4tb/workspace/projects/picorv32/picorv32.v:1435$4208'.
  created $dff cell `$procdff$7462' with positive edge clock.
Creating register for signal `\picorv32.\decoder_trigger_q' using process `\picorv32.$proc$/mnt/toshiba4tb/workspace/projects/picorv32/picorv32.v:1435$4208'.
  created $dff cell `$procdff$7463' with positive edge clock.
Creating register for signal `\picorv32.\decoder_pseudo_trigger' using process `\picorv32.$proc$/mnt/toshiba4tb/workspace/projects/picorv32/picorv32.v:1435$4208'.
  created $dff cell `$procdff$7464' with positive edge clock.
Creating register for signal `\picorv32.\decoder_pseudo_trigger_q' using process `\picorv32.$proc$/mnt/toshiba4tb/workspace/projects/picorv32/picorv32.v:1435$4208'.
  created $dff cell `$procdff$7465' with positive edge clock.
Creating register for signal `\picorv32.\dbg_rs1val' using process `\picorv32.$proc$/mnt/toshiba4tb/workspace/projects/picorv32/picorv32.v:1435$4208'.
  created $dff cell `$procdff$7466' with positive edge clock.
Creating register for signal `\picorv32.\dbg_rs2val' using process `\picorv32.$proc$/mnt/toshiba4tb/workspace/projects/picorv32/picorv32.v:1435$4208'.
  created $dff cell `$procdff$7467' with positive edge clock.
Creating register for signal `\picorv32.\dbg_rs1val_valid' using process `\picorv32.$proc$/mnt/toshiba4tb/workspace/projects/picorv32/picorv32.v:1435$4208'.
  created $dff cell `$procdff$7468' with positive edge clock.
Creating register for signal `\picorv32.\dbg_rs2val_valid' using process `\picorv32.$proc$/mnt/toshiba4tb/workspace/projects/picorv32/picorv32.v:1435$4208'.
  created $dff cell `$procdff$7469' with positive edge clock.
Creating register for signal `\picorv32.\cpu_state' using process `\picorv32.$proc$/mnt/toshiba4tb/workspace/projects/picorv32/picorv32.v:1435$4208'.
  created $dff cell `$procdff$7470' with positive edge clock.
Creating register for signal `\picorv32.\irq_state' using process `\picorv32.$proc$/mnt/toshiba4tb/workspace/projects/picorv32/picorv32.v:1435$4208'.
  created $dff cell `$procdff$7471' with positive edge clock.
Creating register for signal `\picorv32.\set_mem_do_rinst' using process `\picorv32.$proc$/mnt/toshiba4tb/workspace/projects/picorv32/picorv32.v:1435$4208'.
  created $dff cell `$procdff$7472' with positive edge clock.
Creating register for signal `\picorv32.\set_mem_do_rdata' using process `\picorv32.$proc$/mnt/toshiba4tb/workspace/projects/picorv32/picorv32.v:1435$4208'.
  created $dff cell `$procdff$7473' with positive edge clock.
Creating register for signal `\picorv32.\set_mem_do_wdata' using process `\picorv32.$proc$/mnt/toshiba4tb/workspace/projects/picorv32/picorv32.v:1435$4208'.
  created $dff cell `$procdff$7474' with positive edge clock.
Creating register for signal `\picorv32.\latched_store' using process `\picorv32.$proc$/mnt/toshiba4tb/workspace/projects/picorv32/picorv32.v:1435$4208'.
  created $dff cell `$procdff$7475' with positive edge clock.
Creating register for signal `\picorv32.\latched_stalu' using process `\picorv32.$proc$/mnt/toshiba4tb/workspace/projects/picorv32/picorv32.v:1435$4208'.
  created $dff cell `$procdff$7476' with positive edge clock.
Creating register for signal `\picorv32.\latched_branch' using process `\picorv32.$proc$/mnt/toshiba4tb/workspace/projects/picorv32/picorv32.v:1435$4208'.
  created $dff cell `$procdff$7477' with positive edge clock.
Creating register for signal `\picorv32.\latched_compr' using process `\picorv32.$proc$/mnt/toshiba4tb/workspace/projects/picorv32/picorv32.v:1435$4208'.
  created $dff cell `$procdff$7478' with positive edge clock.
Creating register for signal `\picorv32.\latched_trace' using process `\picorv32.$proc$/mnt/toshiba4tb/workspace/projects/picorv32/picorv32.v:1435$4208'.
  created $dff cell `$procdff$7479' with positive edge clock.
Creating register for signal `\picorv32.\latched_is_lu' using process `\picorv32.$proc$/mnt/toshiba4tb/workspace/projects/picorv32/picorv32.v:1435$4208'.
  created $dff cell `$procdff$7480' with positive edge clock.
Creating register for signal `\picorv32.\latched_is_lh' using process `\picorv32.$proc$/mnt/toshiba4tb/workspace/projects/picorv32/picorv32.v:1435$4208'.
  created $dff cell `$procdff$7481' with positive edge clock.
Creating register for signal `\picorv32.\latched_is_lb' using process `\picorv32.$proc$/mnt/toshiba4tb/workspace/projects/picorv32/picorv32.v:1435$4208'.
  created $dff cell `$procdff$7482' with positive edge clock.
Creating register for signal `\picorv32.\latched_rd' using process `\picorv32.$proc$/mnt/toshiba4tb/workspace/projects/picorv32/picorv32.v:1435$4208'.
  created $dff cell `$procdff$7483' with positive edge clock.
Creating register for signal `\picorv32.\current_pc' using process `\picorv32.$proc$/mnt/toshiba4tb/workspace/projects/picorv32/picorv32.v:1435$4208'.
  created $dff cell `$procdff$7484' with positive edge clock.
Creating register for signal `\picorv32.\pcpi_timeout_counter' using process `\picorv32.$proc$/mnt/toshiba4tb/workspace/projects/picorv32/picorv32.v:1435$4208'.
  created $dff cell `$procdff$7485' with positive edge clock.
Creating register for signal `\picorv32.\pcpi_timeout' using process `\picorv32.$proc$/mnt/toshiba4tb/workspace/projects/picorv32/picorv32.v:1435$4208'.
  created $dff cell `$procdff$7486' with positive edge clock.
Creating register for signal `\picorv32.\next_irq_pending' using process `\picorv32.$proc$/mnt/toshiba4tb/workspace/projects/picorv32/picorv32.v:1435$4208'.
  created $dff cell `$procdff$7487' with positive edge clock.
Creating register for signal `\picorv32.\do_waitirq' using process `\picorv32.$proc$/mnt/toshiba4tb/workspace/projects/picorv32/picorv32.v:1435$4208'.
  created $dff cell `$procdff$7488' with positive edge clock.
Creating register for signal `\picorv32.\alu_out_q' using process `\picorv32.$proc$/mnt/toshiba4tb/workspace/projects/picorv32/picorv32.v:1435$4208'.
  created $dff cell `$procdff$7489' with positive edge clock.
Creating register for signal `\picorv32.\alu_out_0_q' using process `\picorv32.$proc$/mnt/toshiba4tb/workspace/projects/picorv32/picorv32.v:1435$4208'.
  created $dff cell `$procdff$7490' with positive edge clock.
Creating register for signal `\picorv32.\alu_wait' using process `\picorv32.$proc$/mnt/toshiba4tb/workspace/projects/picorv32/picorv32.v:1435$4208'.
  created $dff cell `$procdff$7491' with positive edge clock.
Creating register for signal `\picorv32.\alu_wait_2' using process `\picorv32.$proc$/mnt/toshiba4tb/workspace/projects/picorv32/picorv32.v:1435$4208'.
  created $dff cell `$procdff$7492' with positive edge clock.
Creating register for signal `\picorv32.\mem_la_firstword_reg' using process `\picorv32.$proc$/mnt/toshiba4tb/workspace/projects/picorv32/picorv32.v:405$3791'.
  created $dff cell `$procdff$7493' with positive edge clock.
Creating register for signal `\picorv32.\last_mem_valid' using process `\picorv32.$proc$/mnt/toshiba4tb/workspace/projects/picorv32/picorv32.v:405$3791'.
  created $dff cell `$procdff$7494' with positive edge clock.

6.2.8. Executing PROC_CLEAN pass (remove empty switches from decision trees).
Found and cleaned up 1 empty switch in `\picorv32_pcpi_mul.$proc$/mnt/toshiba4tb/workspace/projects/picorv32/picorv32.v:2340$775'.
Removing empty process `picorv32_pcpi_mul.$proc$/mnt/toshiba4tb/workspace/projects/picorv32/picorv32.v:2340$775'.
Found and cleaned up 5 empty switches in `\picorv32_pcpi_mul.$proc$/mnt/toshiba4tb/workspace/projects/picorv32/picorv32.v:2306$770'.
Removing empty process `picorv32_pcpi_mul.$proc$/mnt/toshiba4tb/workspace/projects/picorv32/picorv32.v:2306$770'.
Removing empty process `picorv32_pcpi_mul.$proc$/mnt/toshiba4tb/workspace/projects/picorv32/picorv32.v:2282$732'.
Found and cleaned up 2 empty switches in `\picorv32_pcpi_mul.$proc$/mnt/toshiba4tb/workspace/projects/picorv32/picorv32.v:2254$726'.
Removing empty process `picorv32_pcpi_mul.$proc$/mnt/toshiba4tb/workspace/projects/picorv32/picorv32.v:2254$726'.
Found and cleaned up 3 empty switches in `\picorv32.$proc$/mnt/toshiba4tb/workspace/projects/picorv32/picorv32.v:416$3796'.
Removing empty process `picorv32.$proc$/mnt/toshiba4tb/workspace/projects/picorv32/picorv32.v:416$3796'.
Found and cleaned up 19 empty switches in `\picorv32.$proc$/mnt/toshiba4tb/workspace/projects/picorv32/picorv32.v:445$3799'.
Removing empty process `picorv32.$proc$/mnt/toshiba4tb/workspace/projects/picorv32/picorv32.v:445$3799'.
Found and cleaned up 1 empty switch in `\picorv32.$proc$/mnt/toshiba4tb/workspace/projects/picorv32/picorv32.v:340$3717'.
Removing empty process `picorv32.$proc$/mnt/toshiba4tb/workspace/projects/picorv32/picorv32.v:340$3717'.
Found and cleaned up 16 empty switches in `\picorv32.$proc$/mnt/toshiba4tb/workspace/projects/picorv32/picorv32.v:580$3839'.
Removing empty process `picorv32.$proc$/mnt/toshiba4tb/workspace/projects/picorv32/picorv32.v:580$3839'.
Found and cleaned up 48 empty switches in `\picorv32.$proc$/mnt/toshiba4tb/workspace/projects/picorv32/picorv32.v:716$3863'.
Removing empty process `picorv32.$proc$/mnt/toshiba4tb/workspace/projects/picorv32/picorv32.v:716$3863'.
Found and cleaned up 5 empty switches in `\picorv32.$proc$/mnt/toshiba4tb/workspace/projects/picorv32/picorv32.v:793$3864'.
Removing empty process `picorv32.$proc$/mnt/toshiba4tb/workspace/projects/picorv32/picorv32.v:793$3864'.
Found and cleaned up 3 empty switches in `\picorv32.$proc$/mnt/toshiba4tb/workspace/projects/picorv32/picorv32.v:824$3868'.
Removing empty process `picorv32.$proc$/mnt/toshiba4tb/workspace/projects/picorv32/picorv32.v:824$3868'.
Found and cleaned up 22 empty switches in `\picorv32.$proc$/mnt/toshiba4tb/workspace/projects/picorv32/picorv32.v:873$3870'.
Removing empty process `picorv32.$proc$/mnt/toshiba4tb/workspace/projects/picorv32/picorv32.v:873$3870'.
Found and cleaned up 8 empty switches in `\picorv32.$proc$/mnt/toshiba4tb/workspace/projects/picorv32/picorv32.v:1201$4134'.
Removing empty process `picorv32.$proc$/mnt/toshiba4tb/workspace/projects/picorv32/picorv32.v:1201$4134'.
Found and cleaned up 2 empty switches in `\picorv32.$proc$/mnt/toshiba4tb/workspace/projects/picorv32/picorv32.v:1282$4146'.
Removing empty process `picorv32.$proc$/mnt/toshiba4tb/workspace/projects/picorv32/picorv32.v:1282$4146'.
Removing empty process `picorv32.$proc$/mnt/toshiba4tb/workspace/projects/picorv32/picorv32.v:1326$4168'.
Found and cleaned up 2 empty switches in `\picorv32.$proc$/mnt/toshiba4tb/workspace/projects/picorv32/picorv32.v:1328$4169'.
Removing empty process `picorv32.$proc$/mnt/toshiba4tb/workspace/projects/picorv32/picorv32.v:1328$4169'.
Found and cleaned up 2 empty switches in `\picorv32.$proc$/mnt/toshiba4tb/workspace/projects/picorv32/picorv32.v:1342$4174'.
Removing empty process `picorv32.$proc$/mnt/toshiba4tb/workspace/projects/picorv32/picorv32.v:1342$4174'.
Found and cleaned up 1 empty switch in `\picorv32.$proc$/mnt/toshiba4tb/workspace/projects/picorv32/picorv32.v:1370$4186'.
Removing empty process `picorv32.$proc$/mnt/toshiba4tb/workspace/projects/picorv32/picorv32.v:1370$4186'.
Removing empty process `picorv32.$proc$/mnt/toshiba4tb/workspace/projects/picorv32/picorv32.v:1381$4192'.
Found and cleaned up 58 empty switches in `\picorv32.$proc$/mnt/toshiba4tb/workspace/projects/picorv32/picorv32.v:1435$4208'.
Removing empty process `picorv32.$proc$/mnt/toshiba4tb/workspace/projects/picorv32/picorv32.v:1435$4208'.
Removing empty process `picorv32.$proc$/mnt/toshiba4tb/workspace/projects/picorv32/picorv32.v:1272$4389'.
Found and cleaned up 2 empty switches in `\picorv32.$proc$/mnt/toshiba4tb/workspace/projects/picorv32/picorv32.v:405$3791'.
Removing empty process `picorv32.$proc$/mnt/toshiba4tb/workspace/projects/picorv32/picorv32.v:405$3791'.
Cleaned up 200 empty switches.

6.3. Executing OPT_EXPR pass (perform const folding).
Optimizing module picorv32_pcpi_mul.
<suppressed ~14 debug messages>
Optimizing module picorv32.
<suppressed ~831 debug messages>

6.4. Executing OPT_CLEAN pass (remove unused cells and wires).
Finding unused cells or wires in module \picorv32_pcpi_mul..
Finding unused cells or wires in module \picorv32..
Removed 722 unused cells and 2311 unused wires.
<suppressed ~779 debug messages>

6.5. Executing CHECK pass (checking for obvious problems).
checking module picorv32..
checking module picorv32_pcpi_mul..
found and reported 0 problems.

6.6. Executing OPT pass (performing simple optimizations).

6.6.1. Executing OPT_EXPR pass (perform const folding).
Optimizing module picorv32.
Optimizing module picorv32_pcpi_mul.

6.6.2. Executing OPT_MERGE pass (detect identical cells).
Finding identical cells in module `\picorv32'.
<suppressed ~594 debug messages>
Finding identical cells in module `\picorv32_pcpi_mul'.
Removed a total of 198 cells.

6.6.3. Executing OPT_MUXTREE pass (detect dead branches in mux trees).
Running muxtree optimizer on module \picorv32..
  Creating internal representation of mux trees.
  Evaluating internal representation of mux trees.
  Analyzing evaluation results.
    dead port 2/2 on $mux $procmux$4489.
    dead port 2/2 on $mux $procmux$4496.
    dead port 1/4 on $pmux $procmux$4731.
    dead port 3/4 on $pmux $procmux$4731.
    dead port 4/4 on $pmux $procmux$4731.
    dead port 1/3 on $pmux $procmux$4736.
    dead port 3/3 on $pmux $procmux$4736.
    dead port 1/8 on $pmux $procmux$5639.
    dead port 2/8 on $pmux $procmux$5639.
    dead port 1/5 on $pmux $procmux$5663.
    dead port 2/5 on $pmux $procmux$5663.
    dead port 2/2 on $mux $procmux$5668.
    dead port 1/5 on $pmux $procmux$5672.
    dead port 2/5 on $pmux $procmux$5672.
    dead port 2/2 on $mux $procmux$5677.
    dead port 2/2 on $mux $procmux$5695.
    dead port 2/2 on $mux $procmux$5705.
    dead port 2/2 on $mux $procmux$5707.
    dead port 2/2 on $mux $procmux$5713.
    dead port 2/2 on $mux $procmux$5720.
    dead port 2/2 on $mux $procmux$5722.
    dead port 2/2 on $mux $procmux$5728.
    dead port 2/2 on $mux $procmux$5749.
    dead port 2/2 on $mux $procmux$5752.
    dead port 2/2 on $mux $procmux$5764.
    dead port 2/2 on $mux $procmux$5771.
    dead port 2/2 on $mux $procmux$5774.
    dead port 2/2 on $mux $procmux$5798.
    dead port 2/2 on $mux $procmux$5801.
    dead port 2/2 on $mux $procmux$5810.
    dead port 2/2 on $mux $procmux$5813.
    dead port 2/2 on $mux $procmux$5821.
    dead port 2/2 on $mux $procmux$5823.
    dead port 2/2 on $mux $procmux$5826.
    dead port 2/2 on $mux $procmux$5887.
    dead port 2/2 on $mux $procmux$5889.
    dead port 2/2 on $mux $procmux$5892.
    dead port 2/2 on $mux $procmux$6055.
    dead port 2/2 on $mux $procmux$6060.
    dead port 2/2 on $mux $procmux$6063.
    dead port 1/3 on $pmux $procmux$6122.
    dead port 2/2 on $mux $procmux$6154.
    dead port 2/2 on $mux $procmux$6167.
    dead port 2/2 on $mux $procmux$6180.
    dead port 1/8 on $pmux $procmux$6387.
    dead port 2/8 on $pmux $procmux$6387.
    dead port 3/8 on $pmux $procmux$6387.
    dead port 4/8 on $pmux $procmux$6387.
    dead port 5/8 on $pmux $procmux$6387.
    dead port 4/11 on $pmux $procmux$6430.
    dead port 5/11 on $pmux $procmux$6430.
    dead port 6/11 on $pmux $procmux$6430.
    dead port 7/11 on $pmux $procmux$6430.
    dead port 8/11 on $pmux $procmux$6430.
    dead port 1/8 on $pmux $procmux$6641.
    dead port 2/8 on $pmux $procmux$6641.
    dead port 3/8 on $pmux $procmux$6641.
    dead port 4/8 on $pmux $procmux$6641.
    dead port 5/8 on $pmux $procmux$6641.
    dead port 4/12 on $pmux $procmux$6728.
    dead port 5/12 on $pmux $procmux$6728.
    dead port 6/12 on $pmux $procmux$6728.
    dead port 7/12 on $pmux $procmux$6728.
    dead port 8/12 on $pmux $procmux$6728.
    dead port 4/12 on $pmux $procmux$6928.
    dead port 5/12 on $pmux $procmux$6928.
    dead port 6/12 on $pmux $procmux$6928.
    dead port 7/12 on $pmux $procmux$6928.
    dead port 8/12 on $pmux $procmux$6928.
    dead port 4/11 on $pmux $procmux$7112.
    dead port 5/11 on $pmux $procmux$7112.
    dead port 6/11 on $pmux $procmux$7112.
    dead port 7/11 on $pmux $procmux$7112.
    dead port 8/11 on $pmux $procmux$7112.
    dead port 1/8 on $pmux $procmux$7162.
    dead port 2/8 on $pmux $procmux$7162.
    dead port 3/8 on $pmux $procmux$7162.
    dead port 4/8 on $pmux $procmux$7162.
    dead port 5/8 on $pmux $procmux$7162.
Running muxtree optimizer on module \picorv32_pcpi_mul..
  Creating internal representation of mux trees.
  Evaluating internal representation of mux trees.
      Replacing known input bits on port A of cell $procmux$4417: \mul_waiting -> 1'0
  Analyzing evaluation results.
Removed 79 multiplexer ports.
<suppressed ~165 debug messages>

6.6.4. Executing OPT_REDUCE pass (consolidate $*mux and $reduce_* inputs).
  Optimizing cells in module \picorv32.
    New input vector for $reduce_or cell $reduce_or$/mnt/toshiba4tb/workspace/projects/picorv32/picorv32.v:879$3876: { \instr_slti \instr_sltiu \instr_slt \instr_sltu \is_beq_bne_blt_bge_bltu_bgeu }
    New input vector for $reduce_or cell $reduce_or$/mnt/toshiba4tb/workspace/projects/picorv32/picorv32.v:878$3875: { \instr_lw \instr_lbu \instr_lhu }
    New input vector for $reduce_or cell $reduce_or$/mnt/toshiba4tb/workspace/projects/picorv32/picorv32.v:877$3874: { \instr_bltu \instr_sltiu \instr_sltu }
    New input vector for $reduce_or cell $reduce_or$/mnt/toshiba4tb/workspace/projects/picorv32/picorv32.v:876$3873: { \instr_blt \instr_slti \instr_slt }
    New input vector for $reduce_or cell $reduce_or$/mnt/toshiba4tb/workspace/projects/picorv32/picorv32.v:391$3746: { \mem_state [0] \mem_state [1] }
    New input vector for $reduce_or cell $reduce_or$/mnt/toshiba4tb/workspace/projects/picorv32/picorv32.v:1971$4375: { \reg_pc [0] \reg_pc [1] }
    New input vector for $reduce_or cell $reduce_or$/mnt/toshiba4tb/workspace/projects/picorv32/picorv32.v:1123$4116: { $eq$/mnt/toshiba4tb/workspace/projects/picorv32/picorv32.v:1055$3951_Y $eq$/mnt/toshiba4tb/workspace/projects/picorv32/picorv32.v:1057$3955_Y $eq$/mnt/toshiba4tb/workspace/projects/picorv32/picorv32.v:1059$3959_Y $eq$/mnt/toshiba4tb/workspace/projects/picorv32/picorv32.v:1060$3961_Y $eq$/mnt/toshiba4tb/workspace/projects/picorv32/picorv32.v:1064$3967_Y $eq$/mnt/toshiba4tb/workspace/projects/picorv32/picorv32.v:1074$3983_Y }
    New input vector for $reduce_or cell $reduce_or$/mnt/toshiba4tb/workspace/projects/picorv32/picorv32.v:1114$4108: { $logic_and$/mnt/toshiba4tb/workspace/projects/picorv32/picorv32.v:1114$4101_Y $logic_and$/mnt/toshiba4tb/workspace/projects/picorv32/picorv32.v:1112$4104_Y $logic_and$/mnt/toshiba4tb/workspace/projects/picorv32/picorv32.v:1111$4107_Y }
    New input vector for $reduce_and cell $reduce_and$/mnt/toshiba4tb/workspace/projects/picorv32/picorv32.v:391$3751: { \mem_state [0] \mem_state [1] }
    New ctrl vector for $pmux cell $procmux$5663: $auto$opt_reduce.cc:132:opt_mux$7496
    Consolidated identical input bits for $mux cell $procmux$5685:
      Old ports: A=0, B=32'11111111111111111111111111111111, Y=$0$memwr$\cpuregs$/mnt/toshiba4tb/workspace/projects/picorv32/picorv32.v:1377$3716_EN[31:0]$4187
      New ports: A=1'0, B=1'1, Y=$0$memwr$\cpuregs$/mnt/toshiba4tb/workspace/projects/picorv32/picorv32.v:1377$3716_EN[31:0]$4187 [0]
      New connections: $0$memwr$\cpuregs$/mnt/toshiba4tb/workspace/projects/picorv32/picorv32.v:1377$3716_EN[31:0]$4187 [31:1] = { $0$memwr$\cpuregs$/mnt/toshiba4tb/workspace/projects/picorv32/picorv32.v:1377$3716_EN[31:0]$4187 [0] $0$memwr$\cpuregs$/mnt/toshiba4tb/workspace/projects/picorv32/picorv32.v:1377$3716_EN[31:0]$4187 [0] $0$memwr$\cpuregs$/mnt/toshiba4tb/workspace/projects/picorv32/picorv32.v:1377$3716_EN[31:0]$4187 [0] $0$memwr$\cpuregs$/mnt/toshiba4tb/workspace/projects/picorv32/picorv32.v:1377$3716_EN[31:0]$4187 [0] $0$memwr$\cpuregs$/mnt/toshiba4tb/workspace/projects/picorv32/picorv32.v:1377$3716_EN[31:0]$4187 [0] $0$memwr$\cpuregs$/mnt/toshiba4tb/workspace/projects/picorv32/picorv32.v:1377$3716_EN[31:0]$4187 [0] $0$memwr$\cpuregs$/mnt/toshiba4tb/workspace/projects/picorv32/picorv32.v:1377$3716_EN[31:0]$4187 [0] $0$memwr$\cpuregs$/mnt/toshiba4tb/workspace/projects/picorv32/picorv32.v:1377$3716_EN[31:0]$4187 [0] $0$memwr$\cpuregs$/mnt/toshiba4tb/workspace/projects/picorv32/picorv32.v:1377$3716_EN[31:0]$4187 [0] $0$memwr$\cpuregs$/mnt/toshiba4tb/workspace/projects/picorv32/picorv32.v:1377$3716_EN[31:0]$4187 [0] $0$memwr$\cpuregs$/mnt/toshiba4tb/workspace/projects/picorv32/picorv32.v:1377$3716_EN[31:0]$4187 [0] $0$memwr$\cpuregs$/mnt/toshiba4tb/workspace/projects/picorv32/picorv32.v:1377$3716_EN[31:0]$4187 [0] $0$memwr$\cpuregs$/mnt/toshiba4tb/workspace/projects/picorv32/picorv32.v:1377$3716_EN[31:0]$4187 [0] $0$memwr$\cpuregs$/mnt/toshiba4tb/workspace/projects/picorv32/picorv32.v:1377$3716_EN[31:0]$4187 [0] $0$memwr$\cpuregs$/mnt/toshiba4tb/workspace/projects/picorv32/picorv32.v:1377$3716_EN[31:0]$4187 [0] $0$memwr$\cpuregs$/mnt/toshiba4tb/workspace/projects/picorv32/picorv32.v:1377$3716_EN[31:0]$4187 [0] $0$memwr$\cpuregs$/mnt/toshiba4tb/workspace/projects/picorv32/picorv32.v:1377$3716_EN[31:0]$4187 [0] $0$memwr$\cpuregs$/mnt/toshiba4tb/workspace/projects/picorv32/picorv32.v:1377$3716_EN[31:0]$4187 [0] $0$memwr$\cpuregs$/mnt/toshiba4tb/workspace/projects/picorv32/picorv32.v:1377$3716_EN[31:0]$4187 [0] $0$memwr$\cpuregs$/mnt/toshiba4tb/workspace/projects/picorv32/picorv32.v:1377$3716_EN[31:0]$4187 [0] $0$memwr$\cpuregs$/mnt/toshiba4tb/workspace/projects/picorv32/picorv32.v:1377$3716_EN[31:0]$4187 [0] $0$memwr$\cpuregs$/mnt/toshiba4tb/workspace/projects/picorv32/picorv32.v:1377$3716_EN[31:0]$4187 [0] $0$memwr$\cpuregs$/mnt/toshiba4tb/workspace/projects/picorv32/picorv32.v:1377$3716_EN[31:0]$4187 [0] $0$memwr$\cpuregs$/mnt/toshiba4tb/workspace/projects/picorv32/picorv32.v:1377$3716_EN[31:0]$4187 [0] $0$memwr$\cpuregs$/mnt/toshiba4tb/workspace/projects/picorv32/picorv32.v:1377$3716_EN[31:0]$4187 [0] $0$memwr$\cpuregs$/mnt/toshiba4tb/workspace/projects/picorv32/picorv32.v:1377$3716_EN[31:0]$4187 [0] $0$memwr$\cpuregs$/mnt/toshiba4tb/workspace/projects/picorv32/picorv32.v:1377$3716_EN[31:0]$4187 [0] $0$memwr$\cpuregs$/mnt/toshiba4tb/workspace/projects/picorv32/picorv32.v:1377$3716_EN[31:0]$4187 [0] $0$memwr$\cpuregs$/mnt/toshiba4tb/workspace/projects/picorv32/picorv32.v:1377$3716_EN[31:0]$4187 [0] $0$memwr$\cpuregs$/mnt/toshiba4tb/workspace/projects/picorv32/picorv32.v:1377$3716_EN[31:0]$4187 [0] $0$memwr$\cpuregs$/mnt/toshiba4tb/workspace/projects/picorv32/picorv32.v:1377$3716_EN[31:0]$4187 [0] }
    New ctrl vector for $mux cell $procmux$5698: { }
    New ctrl vector for $mux cell $procmux$5711: { }
    New ctrl vector for $mux cell $procmux$5726: { }
    New ctrl vector for $mux cell $procmux$5731: { }
    New ctrl vector for $pmux cell $procmux$5759: { }
    New ctrl vector for $pmux cell $procmux$6144: { $procmux$5772_CMP $auto$opt_reduce.cc:132:opt_mux$7498 }
    New ctrl vector for $pmux cell $procmux$6157: { $auto$opt_reduce.cc:132:opt_mux$7500 $procmux$5750_CMP }
    New ctrl vector for $pmux cell $procmux$6170: { $procmux$5799_CMP $auto$opt_reduce.cc:132:opt_mux$7502 }
    New ctrl vector for $pmux cell $procmux$6367: { $procmux$5761_CMP $procmux$5760_CMP $procmux$5799_CMP $procmux$6147_CMP $procmux$5750_CMP }
    New ctrl vector for $pmux cell $procmux$6430: { \is_slli_srli_srai $auto$opt_reduce.cc:132:opt_mux$7504 }
    New ctrl vector for $pmux cell $procmux$6478: { $eq$/mnt/toshiba4tb/workspace/projects/picorv32/picorv32.v:1346$4175_Y $procmux$5799_CMP }
    New ctrl vector for $pmux cell $procmux$6575: { $eq$/mnt/toshiba4tb/workspace/projects/picorv32/picorv32.v:1346$4175_Y $procmux$5799_CMP }
    New ctrl vector for $pmux cell $procmux$6618: { $eq$/mnt/toshiba4tb/workspace/projects/picorv32/picorv32.v:1346$4175_Y $procmux$5761_CMP $procmux$5760_CMP $procmux$5799_CMP $auto$opt_reduce.cc:132:opt_mux$7506 }
    New ctrl vector for $pmux cell $procmux$6728: { \instr_trap \is_rdcycle_rdcycleh_rdinstr_rdinstrh $logic_and$/mnt/toshiba4tb/workspace/projects/picorv32/picorv32.v:1729$4294_Y \is_slli_srli_srai $auto$opt_reduce.cc:132:opt_mux$7508 }
    New ctrl vector for $pmux cell $procmux$6902: { $eq$/mnt/toshiba4tb/workspace/projects/picorv32/picorv32.v:1346$4175_Y $procmux$5761_CMP $procmux$5760_CMP $procmux$6147_CMP }
    New ctrl vector for $pmux cell $procmux$6928: { \instr_trap $logic_and$/mnt/toshiba4tb/workspace/projects/picorv32/picorv32.v:1729$4294_Y $auto$opt_reduce.cc:132:opt_mux$7512 $auto$opt_reduce.cc:132:opt_mux$7510 }
    New ctrl vector for $pmux cell $procmux$7112: { $auto$opt_reduce.cc:132:opt_mux$7516 $auto$opt_reduce.cc:132:opt_mux$7514 }
    New ctrl vector for $pmux cell $procmux$7265: { }
    New input vector for $reduce_or cell $auto$opt_reduce.cc:126:opt_mux$7515: { \is_slli_srli_srai \instr_rdcycle \instr_rdcycleh \instr_rdinstr \instr_rdinstrh $logic_and$/mnt/toshiba4tb/workspace/projects/picorv32/picorv32.v:1729$4294_Y }
    New input vector for $reduce_or cell $auto$opt_reduce.cc:126:opt_mux$7497: { $procmux$6152_CMP $procmux$6147_CMP $procmux$5799_CMP $procmux$5761_CMP $procmux$5760_CMP $procmux$5750_CMP $eq$/mnt/toshiba4tb/workspace/projects/picorv32/picorv32.v:1346$4175_Y }
    New input vector for $reduce_or cell $auto$opt_reduce.cc:126:opt_mux$7499: { $procmux$6152_CMP $procmux$6147_CMP $procmux$5799_CMP $procmux$5772_CMP $procmux$5761_CMP $procmux$5760_CMP $eq$/mnt/toshiba4tb/workspace/projects/picorv32/picorv32.v:1346$4175_Y }
    New input vector for $reduce_or cell $auto$opt_reduce.cc:126:opt_mux$7501: { $procmux$6152_CMP $procmux$6147_CMP $procmux$5772_CMP $procmux$5761_CMP $procmux$5760_CMP $procmux$5750_CMP $eq$/mnt/toshiba4tb/workspace/projects/picorv32/picorv32.v:1346$4175_Y }
    New input vector for $reduce_or cell $auto$opt_reduce.cc:126:opt_mux$7503: { \is_lui_auipc_jal \is_jalr_addi_slti_sltiu_xori_ori_andi \instr_rdcycle \instr_rdcycleh \instr_rdinstr \instr_rdinstrh $logic_and$/mnt/toshiba4tb/workspace/projects/picorv32/picorv32.v:1729$4294_Y }
    New input vector for $reduce_or cell $auto$opt_reduce.cc:126:opt_mux$7511: { \is_slli_srli_srai \instr_rdcycle \instr_rdcycleh \instr_rdinstr \instr_rdinstrh }
    New input vector for $reduce_or cell $auto$opt_reduce.cc:126:opt_mux$7515: { \instr_rdcycle \instr_rdcycleh \instr_rdinstr \instr_rdinstrh \is_slli_srli_srai $logic_and$/mnt/toshiba4tb/workspace/projects/picorv32/picorv32.v:1729$4294_Y }
    New input vector for $reduce_or cell $auto$opt_reduce.cc:126:opt_mux$7503: { \instr_rdcycle \instr_rdcycleh \instr_rdinstr \instr_rdinstrh \is_lui_auipc_jal \is_jalr_addi_slti_sltiu_xori_ori_andi $logic_and$/mnt/toshiba4tb/workspace/projects/picorv32/picorv32.v:1729$4294_Y }
    New input vector for $reduce_or cell $auto$opt_reduce.cc:126:opt_mux$7511: { \instr_rdcycle \instr_rdcycleh \instr_rdinstr \instr_rdinstrh \is_slli_srli_srai }
  Optimizing cells in module \picorv32.
  Optimizing cells in module \picorv32_pcpi_mul.
    New input vector for $reduce_or cell $reduce_or$/mnt/toshiba4tb/workspace/projects/picorv32/picorv32.v:2248$722: { \instr_mulhsu \instr_mulh }
    New input vector for $reduce_or cell $reduce_or$/mnt/toshiba4tb/workspace/projects/picorv32/picorv32.v:2247$721: { \instr_mulhsu \instr_mulh \instr_mulhu }
    New input vector for $reduce_or cell $reduce_or$/mnt/toshiba4tb/workspace/projects/picorv32/picorv32.v:2246$720: { \instr_mulhsu \instr_mul \instr_mulh \instr_mulhu }
  Optimizing cells in module \picorv32_pcpi_mul.
Performed a total of 41 changes.

6.6.5. Executing OPT_MERGE pass (detect identical cells).
Finding identical cells in module `\picorv32'.
<suppressed ~57 debug messages>
Finding identical cells in module `\picorv32_pcpi_mul'.
<suppressed ~9 debug messages>
Removed a total of 22 cells.

6.6.6. Executing OPT_RMDFF pass (remove dff with constant values).
Removing $procdff$7409 ($dff) from module picorv32.
Removing $procdff$7410 ($dff) from module picorv32.
Removing $procdff$7411 ($dff) from module picorv32.
Removing $procdff$7412 ($dff) from module picorv32.
Removing $procdff$7413 ($dff) from module picorv32.
Removing $procdff$7414 ($dff) from module picorv32.
Removing $procdff$7420 ($dff) from module picorv32.
Removing $procdff$7441 ($dff) from module picorv32.
Removing $procdff$7442 ($dff) from module picorv32.
Removing $procdff$7443 ($dff) from module picorv32.
Removing $procdff$7454 ($dff) from module picorv32.
Replaced 11 DFF cells.

6.6.7. Executing OPT_CLEAN pass (remove unused cells and wires).
Finding unused cells or wires in module \picorv32..
Finding unused cells or wires in module \picorv32_pcpi_mul..
Removed 24 unused cells and 281 unused wires.
<suppressed ~30 debug messages>

6.6.8. Executing OPT_EXPR pass (perform const folding).
Optimizing module picorv32.
<suppressed ~5 debug messages>
Optimizing module picorv32_pcpi_mul.

6.6.9. Rerunning OPT passes. (Maybe there is more to do..)

6.6.10. Executing OPT_MUXTREE pass (detect dead branches in mux trees).
Running muxtree optimizer on module \picorv32..
  Creating internal representation of mux trees.
  Evaluating internal representation of mux trees.
  Analyzing evaluation results.
Running muxtree optimizer on module \picorv32_pcpi_mul..
  Creating internal representation of mux trees.
  Evaluating internal representation of mux trees.
  Analyzing evaluation results.
Removed 0 multiplexer ports.
<suppressed ~151 debug messages>

6.6.11. Executing OPT_REDUCE pass (consolidate $*mux and $reduce_* inputs).
  Optimizing cells in module \picorv32.
    New ctrl vector for $pmux cell $procmux$4849: { $logic_and$/mnt/toshiba4tb/workspace/projects/picorv32/picorv32.v:395$3766_Y $auto$opt_reduce.cc:132:opt_mux$7518 }
    New ctrl vector for $pmux cell $procmux$6238: $auto$opt_reduce.cc:132:opt_mux$7520
    New ctrl vector for $pmux cell $procmux$6255: { $procmux$5799_CMP $auto$opt_reduce.cc:132:opt_mux$7522 }
    New ctrl vector for $pmux cell $procmux$6687: { $eq$/mnt/toshiba4tb/workspace/projects/picorv32/picorv32.v:1346$4175_Y $procmux$5761_CMP $procmux$5760_CMP $procmux$5799_CMP $procmux$6147_CMP $auto$opt_reduce.cc:132:opt_mux$7524 }
    New ctrl vector for $pmux cell $procmux$7290: $auto$opt_reduce.cc:132:opt_mux$7526
  Optimizing cells in module \picorv32.
  Optimizing cells in module \picorv32_pcpi_mul.
Performed a total of 5 changes.

6.6.12. Executing OPT_MERGE pass (detect identical cells).
Finding identical cells in module `\picorv32'.
<suppressed ~6 debug messages>
Finding identical cells in module `\picorv32_pcpi_mul'.
Removed a total of 2 cells.

6.6.13. Executing OPT_RMDFF pass (remove dff with constant values).

6.6.14. Executing OPT_CLEAN pass (remove unused cells and wires).
Finding unused cells or wires in module \picorv32..
Finding unused cells or wires in module \picorv32_pcpi_mul..
Removed 0 unused cells and 7 unused wires.
<suppressed ~1 debug messages>

6.6.15. Executing OPT_EXPR pass (perform const folding).
Optimizing module picorv32.
Optimizing module picorv32_pcpi_mul.

6.6.16. Rerunning OPT passes. (Maybe there is more to do..)

6.6.17. Executing OPT_MUXTREE pass (detect dead branches in mux trees).
Running muxtree optimizer on module \picorv32..
  Creating internal representation of mux trees.
  Evaluating internal representation of mux trees.
  Analyzing evaluation results.
Running muxtree optimizer on module \picorv32_pcpi_mul..
  Creating internal representation of mux trees.
  Evaluating internal representation of mux trees.
  Analyzing evaluation results.
Removed 0 multiplexer ports.
<suppressed ~151 debug messages>

6.6.18. Executing OPT_REDUCE pass (consolidate $*mux and $reduce_* inputs).
  Optimizing cells in module \picorv32.
  Optimizing cells in module \picorv32_pcpi_mul.
Performed a total of 0 changes.

6.6.19. Executing OPT_MERGE pass (detect identical cells).
Finding identical cells in module `\picorv32'.
Finding identical cells in module `\picorv32_pcpi_mul'.
Removed a total of 0 cells.

6.6.20. Executing OPT_RMDFF pass (remove dff with constant values).

6.6.21. Executing OPT_CLEAN pass (remove unused cells and wires).
Finding unused cells or wires in module \picorv32..
Finding unused cells or wires in module \picorv32_pcpi_mul..

6.6.22. Executing OPT_EXPR pass (perform const folding).
Optimizing module picorv32.
Optimizing module picorv32_pcpi_mul.

6.6.23. Finished OPT passes. (There is nothing left to do.)

6.7. Executing WREDUCE pass (reducing word size of cells).
Removed top 1 bits (of 2) from port B of cell picorv32.$procmux$4487_CMP0 ($eq).
Removed top 16 bits (of 32) from mux cell picorv32.$procmux$4493 ($pmux).
Removed top 24 bits (of 32) from mux cell picorv32.$procmux$4484 ($pmux).
Removed top 5 bits (of 8) from port B of cell picorv32.$procmux$6147_CMP0 ($eq).
Removed cell picorv32.$procmux$6128 ($mux).
Removed cell picorv32.$procmux$6125 ($mux).
Removed top 4 bits (of 8) from port B of cell picorv32.$procmux$5799_CMP0 ($eq).
Removed top 6 bits (of 8) from port B of cell picorv32.$procmux$5772_CMP0 ($eq).
Removed top 2 bits (of 8) from port B of cell picorv32.$procmux$5761_CMP0 ($eq).
Removed top 3 bits (of 8) from port B of cell picorv32.$procmux$5760_CMP0 ($eq).
Removed top 7 bits (of 8) from port B of cell picorv32.$procmux$5750_CMP0 ($eq).
Removed cell picorv32.$procmux$5689 ($mux).
Removed cell picorv32.$procmux$5687 ($mux).
Removed cell picorv32.$procmux$5680 ($mux).
Removed top 31 bits (of 32) from FF cell picorv32.$procdff$7436 ($dff).
Removed top 4 bits (of 8) from mux cell picorv32.$procmux$6724 ($pmux).
Removed top 1 bits (of 2) from port B of cell picorv32.$procmux$4801_CMP0 ($eq).
Removed cell picorv32.$procmux$6443 ($mux).
Removed cell picorv32.$procmux$6424 ($mux).
Removed cell picorv32.$procmux$6415 ($mux).
Removed cell picorv32.$procmux$6378 ($mux).
Removed cell picorv32.$procmux$6380 ($mux).
Removed cell picorv32.$procmux$6370 ($mux).
Removed cell picorv32.$procmux$6365 ($mux).
Removed cell picorv32.$procmux$6363 ($mux).
Removed top 3 bits (of 4) from port A of cell picorv32.$shl$/mnt/toshiba4tb/workspace/projects/picorv32/picorv32.v:434$3798 ($shl).
Removed top 30 bits (of 32) from mux cell picorv32.$ternary$/mnt/toshiba4tb/workspace/projects/picorv32/picorv32.v:632$3859 ($mux).
Removed top 1 bits (of 7) from port B of cell picorv32.$eq$/mnt/toshiba4tb/workspace/projects/picorv32/picorv32.v:882$3878 ($eq).
Removed top 2 bits (of 7) from port B of cell picorv32.$eq$/mnt/toshiba4tb/workspace/projects/picorv32/picorv32.v:883$3879 ($eq).
Removed top 5 bits (of 7) from port B of cell picorv32.$eq$/mnt/toshiba4tb/workspace/projects/picorv32/picorv32.v:890$3893 ($eq).
Removed top 1 bits (of 7) from port B of cell picorv32.$eq$/mnt/toshiba4tb/workspace/projects/picorv32/picorv32.v:891$3894 ($eq).
Removed top 2 bits (of 7) from port B of cell picorv32.$eq$/mnt/toshiba4tb/workspace/projects/picorv32/picorv32.v:892$3895 ($eq).
Removed top 1 bits (of 7) from port B of cell picorv32.$eq$/mnt/toshiba4tb/workspace/projects/picorv32/picorv32.v:893$3896 ($eq).
Removed top 2 bits (of 3) from port B of cell picorv32.$eq$/mnt/toshiba4tb/workspace/projects/picorv32/picorv32.v:1056$3953 ($eq).
Removed top 1 bits (of 3) from port B of cell picorv32.$eq$/mnt/toshiba4tb/workspace/projects/picorv32/picorv32.v:1064$3967 ($eq).
Removed top 1 bits (of 3) from port B of cell picorv32.$eq$/mnt/toshiba4tb/workspace/projects/picorv32/picorv32.v:1074$3983 ($eq).
Removed top 1 bits (of 7) from port B of cell picorv32.$eq$/mnt/toshiba4tb/workspace/projects/picorv32/picorv32.v:1081$4001 ($eq).
Removed top 3 bits (of 7) from port B of cell picorv32.$eq$/mnt/toshiba4tb/workspace/projects/picorv32/picorv32.v:1103$4077 ($eq).
Removed top 1 bits (of 8) from port B of cell picorv32.$eq$/mnt/toshiba4tb/workspace/projects/picorv32/picorv32.v:1346$4175 ($eq).
Removed top 29 bits (of 32) from mux cell picorv32.$ternary$/mnt/toshiba4tb/workspace/projects/picorv32/picorv32.v:1350$4176 ($mux).
Removed top 29 bits (of 32) from port B of cell picorv32.$add$/mnt/toshiba4tb/workspace/projects/picorv32/picorv32.v:1350$4177 ($add).
Removed top 31 bits (of 32) from port B of cell picorv32.$sub$/mnt/toshiba4tb/workspace/projects/picorv32/picorv32.v:1459$4213 ($sub).
Removed top 28 bits (of 32) from port Y of cell picorv32.$sub$/mnt/toshiba4tb/workspace/projects/picorv32/picorv32.v:1459$4213 ($sub).
Removed top 31 bits (of 32) from port B of cell picorv32.$add$/mnt/toshiba4tb/workspace/projects/picorv32/picorv32.v:1466$4215 ($add).
Removed top 29 bits (of 32) from port B of cell picorv32.$add$/mnt/toshiba4tb/workspace/projects/picorv32/picorv32.v:1593$4267 ($add).
Removed top 31 bits (of 32) from port B of cell picorv32.$add$/mnt/toshiba4tb/workspace/projects/picorv32/picorv32.v:1597$4268 ($add).
Removed top 29 bits (of 32) from port B of cell picorv32.$ge$/mnt/toshiba4tb/workspace/projects/picorv32/picorv32.v:1868$4326 ($ge).
Removed top 29 bits (of 32) from port B of cell picorv32.$sub$/mnt/toshiba4tb/workspace/projects/picorv32/picorv32.v:1875$4334 ($sub).
Removed top 27 bits (of 32) from port Y of cell picorv32.$sub$/mnt/toshiba4tb/workspace/projects/picorv32/picorv32.v:1875$4334 ($sub).
Removed top 31 bits (of 32) from port B of cell picorv32.$sub$/mnt/toshiba4tb/workspace/projects/picorv32/picorv32.v:1883$4341 ($sub).
Removed top 27 bits (of 32) from port Y of cell picorv32.$sub$/mnt/toshiba4tb/workspace/projects/picorv32/picorv32.v:1883$4341 ($sub).
Removed top 1 bits (of 2) from port B of cell picorv32.$eq$/mnt/toshiba4tb/workspace/projects/picorv32/picorv32.v:1963$4366 ($eq).
Removed top 16 bits (of 32) from wire picorv32.$2\mem_rdata_word[31:0].
Removed top 24 bits (of 32) from wire picorv32.$3\mem_rdata_word[31:0].
Removed top 4 bits (of 8) from wire picorv32.$procmux$6724_Y.
Removed top 28 bits (of 32) from wire picorv32.$sub$/mnt/toshiba4tb/workspace/projects/picorv32/picorv32.v:1459$4213_Y.
Removed top 27 bits (of 32) from wire picorv32.$sub$/mnt/toshiba4tb/workspace/projects/picorv32/picorv32.v:1875$4334_Y.
Removed top 27 bits (of 32) from wire picorv32.$sub$/mnt/toshiba4tb/workspace/projects/picorv32/picorv32.v:1883$4341_Y.
Removed top 29 bits (of 32) from wire picorv32.$ternary$/mnt/toshiba4tb/workspace/projects/picorv32/picorv32.v:1350$4176_Y.
Removed top 3 bits (of 64) from mux cell picorv32_pcpi_mul.$procmux$4432 ($mux).
Removed top 6 bits (of 7) from port B of cell picorv32_pcpi_mul.$eq$/mnt/toshiba4tb/workspace/projects/picorv32/picorv32.v:2260$730 ($eq).
Removed top 1 bits (of 7) from port B of cell picorv32_pcpi_mul.$eq$/mnt/toshiba4tb/workspace/projects/picorv32/picorv32.v:2260$728 ($eq).
Removed top 1 bits (of 5) from port Y of cell picorv32_pcpi_mul.$add$/mnt/toshiba4tb/workspace/projects/picorv32/picorv32.v:2298$766 ($add).
Removed top 1 bits (of 5) from port A of cell picorv32_pcpi_mul.$add$/mnt/toshiba4tb/workspace/projects/picorv32/picorv32.v:2298$766 ($add).
Removed top 31 bits (of 32) from port B of cell picorv32_pcpi_mul.$sub$/mnt/toshiba4tb/workspace/projects/picorv32/picorv32.v:2332$774 ($sub).
Removed top 25 bits (of 32) from port Y of cell picorv32_pcpi_mul.$sub$/mnt/toshiba4tb/workspace/projects/picorv32/picorv32.v:2332$774 ($sub).
Removed top 26 bits (of 32) from mux cell picorv32_pcpi_mul.$ternary$/mnt/toshiba4tb/workspace/projects/picorv32/picorv32.v:2324$772 ($mux).
Removed top 32 bits (of 64) from mux cell picorv32_pcpi_mul.$ternary$/mnt/toshiba4tb/workspace/projects/picorv32/picorv32.v:2346$778 ($mux).
Removed top 2 bits (of 3) from port B of cell picorv32_pcpi_mul.$procmux$4473_CMP0 ($eq).
Removed top 1 bits (of 3) from port B of cell picorv32_pcpi_mul.$procmux$4467_CMP0 ($eq).
Removed top 1 bits (of 3) from port B of cell picorv32_pcpi_mul.$procmux$4462_CMP0 ($eq).
Removed top 1 bits (of 5) from port Y of cell picorv32_pcpi_mul.$add$/mnt/toshiba4tb/workspace/projects/picorv32/picorv32.v:2298$765 ($add).
Removed top 1 bits (of 5) from wire picorv32_pcpi_mul.$add$/mnt/toshiba4tb/workspace/projects/picorv32/picorv32.v:2298$765_Y.
Removed top 3 bits (of 64) from wire picorv32_pcpi_mul.$procmux$4432_Y.
Removed top 25 bits (of 32) from wire picorv32_pcpi_mul.$sub$/mnt/toshiba4tb/workspace/projects/picorv32/picorv32.v:2332$774_Y.
Removed top 32 bits (of 64) from wire picorv32_pcpi_mul.$ternary$/mnt/toshiba4tb/workspace/projects/picorv32/picorv32.v:2346$778_Y.
Removed top 4 bits (of 64) from wire picorv32_pcpi_mul.next_rdt.
Removed top 3 bits (of 64) from wire picorv32_pcpi_mul.next_rdx.
Removed top 1 bits (of 64) from wire picorv32_pcpi_mul.next_rs1.

6.8. Executing PEEPOPT pass (run peephole optimizers).

6.9. Executing OPT_CLEAN pass (remove unused cells and wires).
Finding unused cells or wires in module \picorv32..
Finding unused cells or wires in module \picorv32_pcpi_mul..
Removed 0 unused cells and 28 unused wires.
<suppressed ~2 debug messages>

6.10. Executing TECHMAP pass (map to technology primitives).

6.10.1. Executing Verilog-2005 frontend: /usr/bin/../share/yosys/cmp2lut.v
Parsing Verilog input from `/usr/bin/../share/yosys/cmp2lut.v' to AST representation.
Generating RTLIL representation for module `\_90_lut_cmp_'.
Successfully finished Verilog frontend.

6.10.2. Continuing TECHMAP pass.
No more expansions possible.
<suppressed ~664 debug messages>

6.11. Executing ALUMACC pass (create $alu and $macc cells).
Extracting $alu and $macc cells in module picorv32:
  creating $macc model for $add$/mnt/toshiba4tb/workspace/projects/picorv32/picorv32.v:1273$4391 ($add).
  creating $macc model for $add$/mnt/toshiba4tb/workspace/projects/picorv32/picorv32.v:1350$4177 ($add).
  creating $macc model for $add$/mnt/toshiba4tb/workspace/projects/picorv32/picorv32.v:1466$4215 ($add).
  creating $macc model for $add$/mnt/toshiba4tb/workspace/projects/picorv32/picorv32.v:1593$4267 ($add).
  creating $macc model for $add$/mnt/toshiba4tb/workspace/projects/picorv32/picorv32.v:1597$4268 ($add).
  creating $macc model for $add$/mnt/toshiba4tb/workspace/projects/picorv32/picorv32.v:1602$4269 ($add).
  creating $macc model for $add$/mnt/toshiba4tb/workspace/projects/picorv32/picorv32.v:1839$4317 ($add).
  creating $macc model for $add$/mnt/toshiba4tb/workspace/projects/picorv32/picorv32.v:1902$4345 ($add).
  creating $macc model for $sub$/mnt/toshiba4tb/workspace/projects/picorv32/picorv32.v:1273$4390 ($sub).
  creating $macc model for $sub$/mnt/toshiba4tb/workspace/projects/picorv32/picorv32.v:1459$4213 ($sub).
  creating $macc model for $sub$/mnt/toshiba4tb/workspace/projects/picorv32/picorv32.v:1875$4334 ($sub).
  creating $macc model for $sub$/mnt/toshiba4tb/workspace/projects/picorv32/picorv32.v:1883$4341 ($sub).
  creating $alu model for $macc $sub$/mnt/toshiba4tb/workspace/projects/picorv32/picorv32.v:1883$4341.
  creating $alu model for $macc $sub$/mnt/toshiba4tb/workspace/projects/picorv32/picorv32.v:1875$4334.
  creating $alu model for $macc $sub$/mnt/toshiba4tb/workspace/projects/picorv32/picorv32.v:1459$4213.
  creating $alu model for $macc $sub$/mnt/toshiba4tb/workspace/projects/picorv32/picorv32.v:1273$4390.
  creating $alu model for $macc $add$/mnt/toshiba4tb/workspace/projects/picorv32/picorv32.v:1902$4345.
  creating $alu model for $macc $add$/mnt/toshiba4tb/workspace/projects/picorv32/picorv32.v:1839$4317.
  creating $alu model for $macc $add$/mnt/toshiba4tb/workspace/projects/picorv32/picorv32.v:1602$4269.
  creating $alu model for $macc $add$/mnt/toshiba4tb/workspace/projects/picorv32/picorv32.v:1597$4268.
  creating $alu model for $macc $add$/mnt/toshiba4tb/workspace/projects/picorv32/picorv32.v:1593$4267.
  creating $alu model for $macc $add$/mnt/toshiba4tb/workspace/projects/picorv32/picorv32.v:1466$4215.
  creating $alu model for $macc $add$/mnt/toshiba4tb/workspace/projects/picorv32/picorv32.v:1350$4177.
  creating $alu model for $macc $add$/mnt/toshiba4tb/workspace/projects/picorv32/picorv32.v:1273$4391.
  creating $alu model for $ge$/mnt/toshiba4tb/workspace/projects/picorv32/picorv32.v:1868$4326 ($ge): new $alu
  creating $alu model for $lt$/mnt/toshiba4tb/workspace/projects/picorv32/picorv32.v:1275$4395 ($lt): new $alu
  creating $alu model for $lt$/mnt/toshiba4tb/workspace/projects/picorv32/picorv32.v:1276$4396 ($lt): new $alu
  creating $alu model for $eq$/mnt/toshiba4tb/workspace/projects/picorv32/picorv32.v:1274$4394 ($eq): merged with $lt$/mnt/toshiba4tb/workspace/projects/picorv32/picorv32.v:1276$4396.
  creating $alu cell for $ge$/mnt/toshiba4tb/workspace/projects/picorv32/picorv32.v:1868$4326: $auto$alumacc.cc:474:replace_alu$7544
  creating $alu cell for $lt$/mnt/toshiba4tb/workspace/projects/picorv32/picorv32.v:1276$4396, $eq$/mnt/toshiba4tb/workspace/projects/picorv32/picorv32.v:1274$4394: $auto$alumacc.cc:474:replace_alu$7553
  creating $alu cell for $lt$/mnt/toshiba4tb/workspace/projects/picorv32/picorv32.v:1275$4395: $auto$alumacc.cc:474:replace_alu$7564
  creating $alu cell for $add$/mnt/toshiba4tb/workspace/projects/picorv32/picorv32.v:1273$4391: $auto$alumacc.cc:474:replace_alu$7577
  creating $alu cell for $add$/mnt/toshiba4tb/workspace/projects/picorv32/picorv32.v:1350$4177: $auto$alumacc.cc:474:replace_alu$7580
  creating $alu cell for $add$/mnt/toshiba4tb/workspace/projects/picorv32/picorv32.v:1466$4215: $auto$alumacc.cc:474:replace_alu$7583
  creating $alu cell for $add$/mnt/toshiba4tb/workspace/projects/picorv32/picorv32.v:1593$4267: $auto$alumacc.cc:474:replace_alu$7586
  creating $alu cell for $add$/mnt/toshiba4tb/workspace/projects/picorv32/picorv32.v:1597$4268: $auto$alumacc.cc:474:replace_alu$7589
  creating $alu cell for $add$/mnt/toshiba4tb/workspace/projects/picorv32/picorv32.v:1602$4269: $auto$alumacc.cc:474:replace_alu$7592
  creating $alu cell for $add$/mnt/toshiba4tb/workspace/projects/picorv32/picorv32.v:1839$4317: $auto$alumacc.cc:474:replace_alu$7595
  creating $alu cell for $add$/mnt/toshiba4tb/workspace/projects/picorv32/picorv32.v:1902$4345: $auto$alumacc.cc:474:replace_alu$7598
  creating $alu cell for $sub$/mnt/toshiba4tb/workspace/projects/picorv32/picorv32.v:1273$4390: $auto$alumacc.cc:474:replace_alu$7601
  creating $alu cell for $sub$/mnt/toshiba4tb/workspace/projects/picorv32/picorv32.v:1459$4213: $auto$alumacc.cc:474:replace_alu$7604
  creating $alu cell for $sub$/mnt/toshiba4tb/workspace/projects/picorv32/picorv32.v:1875$4334: $auto$alumacc.cc:474:replace_alu$7607
  creating $alu cell for $sub$/mnt/toshiba4tb/workspace/projects/picorv32/picorv32.v:1883$4341: $auto$alumacc.cc:474:replace_alu$7610
  created 15 $alu and 0 $macc cells.
Extracting $alu and $macc cells in module picorv32_pcpi_mul:
  creating $macc model for $add$/mnt/toshiba4tb/workspace/projects/picorv32/picorv32.v:2298$735 ($add).
  creating $macc model for $add$/mnt/toshiba4tb/workspace/projects/picorv32/picorv32.v:2298$736 ($add).
  creating $macc model for $add$/mnt/toshiba4tb/workspace/projects/picorv32/picorv32.v:2298$737 ($add).
  creating $macc model for $add$/mnt/toshiba4tb/workspace/projects/picorv32/picorv32.v:2298$738 ($add).
  creating $macc model for $add$/mnt/toshiba4tb/workspace/projects/picorv32/picorv32.v:2298$739 ($add).
  creating $macc model for $add$/mnt/toshiba4tb/workspace/projects/picorv32/picorv32.v:2298$740 ($add).
  creating $macc model for $add$/mnt/toshiba4tb/workspace/projects/picorv32/picorv32.v:2298$741 ($add).
  creating $macc model for $add$/mnt/toshiba4tb/workspace/projects/picorv32/picorv32.v:2298$742 ($add).
  creating $macc model for $add$/mnt/toshiba4tb/workspace/projects/picorv32/picorv32.v:2298$743 ($add).
  creating $macc model for $add$/mnt/toshiba4tb/workspace/projects/picorv32/picorv32.v:2298$744 ($add).
  creating $macc model for $add$/mnt/toshiba4tb/workspace/projects/picorv32/picorv32.v:2298$745 ($add).
  creating $macc model for $add$/mnt/toshiba4tb/workspace/projects/picorv32/picorv32.v:2298$746 ($add).
  creating $macc model for $add$/mnt/toshiba4tb/workspace/projects/picorv32/picorv32.v:2298$747 ($add).
  creating $macc model for $add$/mnt/toshiba4tb/workspace/projects/picorv32/picorv32.v:2298$748 ($add).
  creating $macc model for $add$/mnt/toshiba4tb/workspace/projects/picorv32/picorv32.v:2298$749 ($add).
  creating $macc model for $add$/mnt/toshiba4tb/workspace/projects/picorv32/picorv32.v:2298$750 ($add).
  creating $macc model for $add$/mnt/toshiba4tb/workspace/projects/picorv32/picorv32.v:2298$751 ($add).
  creating $macc model for $add$/mnt/toshiba4tb/workspace/projects/picorv32/picorv32.v:2298$752 ($add).
  creating $macc model for $add$/mnt/toshiba4tb/workspace/projects/picorv32/picorv32.v:2298$753 ($add).
  creating $macc model for $add$/mnt/toshiba4tb/workspace/projects/picorv32/picorv32.v:2298$754 ($add).
  creating $macc model for $add$/mnt/toshiba4tb/workspace/projects/picorv32/picorv32.v:2298$755 ($add).
  creating $macc model for $add$/mnt/toshiba4tb/workspace/projects/picorv32/picorv32.v:2298$756 ($add).
  creating $macc model for $add$/mnt/toshiba4tb/workspace/projects/picorv32/picorv32.v:2298$757 ($add).
  creating $macc model for $add$/mnt/toshiba4tb/workspace/projects/picorv32/picorv32.v:2298$758 ($add).
  creating $macc model for $add$/mnt/toshiba4tb/workspace/projects/picorv32/picorv32.v:2298$759 ($add).
  creating $macc model for $add$/mnt/toshiba4tb/workspace/projects/picorv32/picorv32.v:2298$760 ($add).
  creating $macc model for $add$/mnt/toshiba4tb/workspace/projects/picorv32/picorv32.v:2298$761 ($add).
  creating $macc model for $add$/mnt/toshiba4tb/workspace/projects/picorv32/picorv32.v:2298$762 ($add).
  creating $macc model for $add$/mnt/toshiba4tb/workspace/projects/picorv32/picorv32.v:2298$763 ($add).
  creating $macc model for $add$/mnt/toshiba4tb/workspace/projects/picorv32/picorv32.v:2298$764 ($add).
  creating $macc model for $add$/mnt/toshiba4tb/workspace/projects/picorv32/picorv32.v:2298$765 ($add).
  creating $macc model for $add$/mnt/toshiba4tb/workspace/projects/picorv32/picorv32.v:2298$766 ($add).
  creating $macc model for $sub$/mnt/toshiba4tb/workspace/projects/picorv32/picorv32.v:2332$774 ($sub).
  merging $macc model for $add$/mnt/toshiba4tb/workspace/projects/picorv32/picorv32.v:2298$765 into $add$/mnt/toshiba4tb/workspace/projects/picorv32/picorv32.v:2298$766.
  merging $macc model for $add$/mnt/toshiba4tb/workspace/projects/picorv32/picorv32.v:2298$763 into $add$/mnt/toshiba4tb/workspace/projects/picorv32/picorv32.v:2298$764.
  merging $macc model for $add$/mnt/toshiba4tb/workspace/projects/picorv32/picorv32.v:2298$761 into $add$/mnt/toshiba4tb/workspace/projects/picorv32/picorv32.v:2298$762.
  merging $macc model for $add$/mnt/toshiba4tb/workspace/projects/picorv32/picorv32.v:2298$759 into $add$/mnt/toshiba4tb/workspace/projects/picorv32/picorv32.v:2298$760.
  merging $macc model for $add$/mnt/toshiba4tb/workspace/projects/picorv32/picorv32.v:2298$757 into $add$/mnt/toshiba4tb/workspace/projects/picorv32/picorv32.v:2298$758.
  merging $macc model for $add$/mnt/toshiba4tb/workspace/projects/picorv32/picorv32.v:2298$755 into $add$/mnt/toshiba4tb/workspace/projects/picorv32/picorv32.v:2298$756.
  merging $macc model for $add$/mnt/toshiba4tb/workspace/projects/picorv32/picorv32.v:2298$753 into $add$/mnt/toshiba4tb/workspace/projects/picorv32/picorv32.v:2298$754.
  merging $macc model for $add$/mnt/toshiba4tb/workspace/projects/picorv32/picorv32.v:2298$751 into $add$/mnt/toshiba4tb/workspace/projects/picorv32/picorv32.v:2298$752.
  merging $macc model for $add$/mnt/toshiba4tb/workspace/projects/picorv32/picorv32.v:2298$749 into $add$/mnt/toshiba4tb/workspace/projects/picorv32/picorv32.v:2298$750.
  merging $macc model for $add$/mnt/toshiba4tb/workspace/projects/picorv32/picorv32.v:2298$747 into $add$/mnt/toshiba4tb/workspace/projects/picorv32/picorv32.v:2298$748.
  merging $macc model for $add$/mnt/toshiba4tb/workspace/projects/picorv32/picorv32.v:2298$745 into $add$/mnt/toshiba4tb/workspace/projects/picorv32/picorv32.v:2298$746.
  merging $macc model for $add$/mnt/toshiba4tb/workspace/projects/picorv32/picorv32.v:2298$743 into $add$/mnt/toshiba4tb/workspace/projects/picorv32/picorv32.v:2298$744.
  merging $macc model for $add$/mnt/toshiba4tb/workspace/projects/picorv32/picorv32.v:2298$741 into $add$/mnt/toshiba4tb/workspace/projects/picorv32/picorv32.v:2298$742.
  merging $macc model for $add$/mnt/toshiba4tb/workspace/projects/picorv32/picorv32.v:2298$739 into $add$/mnt/toshiba4tb/workspace/projects/picorv32/picorv32.v:2298$740.
  merging $macc model for $add$/mnt/toshiba4tb/workspace/projects/picorv32/picorv32.v:2298$737 into $add$/mnt/toshiba4tb/workspace/projects/picorv32/picorv32.v:2298$738.
  merging $macc model for $add$/mnt/toshiba4tb/workspace/projects/picorv32/picorv32.v:2298$735 into $add$/mnt/toshiba4tb/workspace/projects/picorv32/picorv32.v:2298$736.
  creating $alu model for $macc $sub$/mnt/toshiba4tb/workspace/projects/picorv32/picorv32.v:2332$774.
  creating $macc cell for $add$/mnt/toshiba4tb/workspace/projects/picorv32/picorv32.v:2298$750: $auto$alumacc.cc:354:replace_macc$7613
  creating $macc cell for $add$/mnt/toshiba4tb/workspace/projects/picorv32/picorv32.v:2298$760: $auto$alumacc.cc:354:replace_macc$7614
  creating $macc cell for $add$/mnt/toshiba4tb/workspace/projects/picorv32/picorv32.v:2298$748: $auto$alumacc.cc:354:replace_macc$7615
  creating $macc cell for $add$/mnt/toshiba4tb/workspace/projects/picorv32/picorv32.v:2298$754: $auto$alumacc.cc:354:replace_macc$7616
  creating $macc cell for $add$/mnt/toshiba4tb/workspace/projects/picorv32/picorv32.v:2298$746: $auto$alumacc.cc:354:replace_macc$7617
  creating $macc cell for $add$/mnt/toshiba4tb/workspace/projects/picorv32/picorv32.v:2298$762: $auto$alumacc.cc:354:replace_macc$7618
  creating $macc cell for $add$/mnt/toshiba4tb/workspace/projects/picorv32/picorv32.v:2298$744: $auto$alumacc.cc:354:replace_macc$7619
  creating $macc cell for $add$/mnt/toshiba4tb/workspace/projects/picorv32/picorv32.v:2298$758: $auto$alumacc.cc:354:replace_macc$7620
  creating $macc cell for $add$/mnt/toshiba4tb/workspace/projects/picorv32/picorv32.v:2298$742: $auto$alumacc.cc:354:replace_macc$7621
  creating $macc cell for $add$/mnt/toshiba4tb/workspace/projects/picorv32/picorv32.v:2298$764: $auto$alumacc.cc:354:replace_macc$7622
  creating $macc cell for $add$/mnt/toshiba4tb/workspace/projects/picorv32/picorv32.v:2298$740: $auto$alumacc.cc:354:replace_macc$7623
  creating $macc cell for $add$/mnt/toshiba4tb/workspace/projects/picorv32/picorv32.v:2298$752: $auto$alumacc.cc:354:replace_macc$7624
  creating $macc cell for $add$/mnt/toshiba4tb/workspace/projects/picorv32/picorv32.v:2298$738: $auto$alumacc.cc:354:replace_macc$7625
  creating $macc cell for $add$/mnt/toshiba4tb/workspace/projects/picorv32/picorv32.v:2298$766: $auto$alumacc.cc:354:replace_macc$7626
  creating $macc cell for $add$/mnt/toshiba4tb/workspace/projects/picorv32/picorv32.v:2298$736: $auto$alumacc.cc:354:replace_macc$7627
  creating $macc cell for $add$/mnt/toshiba4tb/workspace/projects/picorv32/picorv32.v:2298$756: $auto$alumacc.cc:354:replace_macc$7628
  creating $alu cell for $sub$/mnt/toshiba4tb/workspace/projects/picorv32/picorv32.v:2332$774: $auto$alumacc.cc:474:replace_alu$7629
  created 1 $alu and 16 $macc cells.

6.12. Executing SHARE pass (SAT-based resource sharing).
Found 2 cells in module picorv32 that may be considered for resource sharing.
  Analyzing resource sharing options for $memrd$\cpuregs$/mnt/toshiba4tb/workspace/projects/picorv32/picorv32.v:1386$4196 ($memrd):
    Found 4 activation_patterns using ctrl signal { $reduce_bool$/mnt/toshiba4tb/workspace/projects/picorv32/picorv32.v:1386$4197_Y $procmux$5760_CMP $procmux$5761_CMP $auto$opt_reduce.cc:132:opt_mux$7516 $auto$opt_reduce.cc:132:opt_mux$7508 $auto$opt_reduce.cc:132:opt_mux$7504 \is_slli_srli_srai \resetn }.
    Found 1 candidates: $memrd$\cpuregs$/mnt/toshiba4tb/workspace/projects/picorv32/picorv32.v:1385$4193
    Analyzing resource sharing with $memrd$\cpuregs$/mnt/toshiba4tb/workspace/projects/picorv32/picorv32.v:1385$4193 ($memrd):
      Found 1 activation_patterns using ctrl signal { $reduce_bool$/mnt/toshiba4tb/workspace/projects/picorv32/picorv32.v:1385$4194_Y $procmux$5761_CMP \is_rdcycle_rdcycleh_rdinstr_rdinstrh \is_lui_auipc_jal \resetn }.
      Activation pattern for cell $memrd$\cpuregs$/mnt/toshiba4tb/workspace/projects/picorv32/picorv32.v:1386$4196: { $reduce_bool$/mnt/toshiba4tb/workspace/projects/picorv32/picorv32.v:1386$4197_Y $procmux$5761_CMP $auto$opt_reduce.cc:132:opt_mux$7516 $auto$opt_reduce.cc:132:opt_mux$7508 \resetn } = 5'11001
      Activation pattern for cell $memrd$\cpuregs$/mnt/toshiba4tb/workspace/projects/picorv32/picorv32.v:1386$4196: { $reduce_bool$/mnt/toshiba4tb/workspace/projects/picorv32/picorv32.v:1386$4197_Y $procmux$5760_CMP \resetn } = 3'111
      Activation pattern for cell $memrd$\cpuregs$/mnt/toshiba4tb/workspace/projects/picorv32/picorv32.v:1386$4196: { $reduce_bool$/mnt/toshiba4tb/workspace/projects/picorv32/picorv32.v:1386$4197_Y $procmux$5761_CMP $auto$opt_reduce.cc:132:opt_mux$7504 \is_slli_srli_srai } = 4'1100
      Activation pattern for cell $memrd$\cpuregs$/mnt/toshiba4tb/workspace/projects/picorv32/picorv32.v:1386$4196: { $reduce_bool$/mnt/toshiba4tb/workspace/projects/picorv32/picorv32.v:1386$4197_Y $procmux$5760_CMP } = 2'11
      Activation pattern for cell $memrd$\cpuregs$/mnt/toshiba4tb/workspace/projects/picorv32/picorv32.v:1385$4193: { $reduce_bool$/mnt/toshiba4tb/workspace/projects/picorv32/picorv32.v:1385$4194_Y $procmux$5761_CMP \is_rdcycle_rdcycleh_rdinstr_rdinstrh \is_lui_auipc_jal \resetn } = 5'11001
      Adding exclusive control bits: \instr_bge vs. \instr_bgeu
      Adding exclusive control bits: \instr_bne vs. \instr_bgeu
      Adding exclusive control bits: \instr_bne vs. \instr_bge
      Adding exclusive control bits: \instr_beq vs. \instr_bgeu
      Adding exclusive control bits: \instr_beq vs. \instr_bge
      Adding exclusive control bits: \instr_beq vs. \instr_bne
      Adding exclusive control bits: $procmux$5761_CMP vs. $procmux$5760_CMP
      Adding exclusive control bits: \instr_trap vs. \is_rdcycle_rdcycleh_rdinstr_rdinstrh
      Adding exclusive control bits: \instr_rdinstr vs. \instr_rdinstrh
      Adding exclusive control bits: \instr_rdcycleh vs. \instr_rdinstrh
      Adding exclusive control bits: \instr_rdcycleh vs. \instr_rdinstr
      Adding exclusive control bits: \instr_rdcycle vs. \instr_rdinstrh
      Adding exclusive control bits: \instr_rdcycle vs. \instr_rdinstr
      Adding exclusive control bits: \instr_rdcycle vs. \instr_rdcycleh
      Adding exclusive control bits: $procmux$5761_CMP vs. $procmux$5760_CMP
      Adding exclusive control bits: \is_slli_srli_srai vs. $auto$opt_reduce.cc:132:opt_mux$7504
      Adding exclusive control bits: $procmux$5761_CMP vs. $procmux$5760_CMP
      Adding exclusive control bits: \instr_trap vs. \is_rdcycle_rdcycleh_rdinstr_rdinstrh
      Adding exclusive control bits: $procmux$5761_CMP vs. $procmux$5760_CMP
      Adding exclusive control bits: $auto$opt_reduce.cc:132:opt_mux$7508 vs. $logic_and$/mnt/toshiba4tb/workspace/projects/picorv32/picorv32.v:1729$4294_Y
      Adding exclusive control bits: \is_slli_srli_srai vs. $auto$opt_reduce.cc:132:opt_mux$7508
      Adding exclusive control bits: \is_slli_srli_srai vs. $logic_and$/mnt/toshiba4tb/workspace/projects/picorv32/picorv32.v:1729$4294_Y
      Adding exclusive control bits: \is_slli_srli_srai vs. \is_rdcycle_rdcycleh_rdinstr_rdinstrh
      Adding exclusive control bits: \is_rdcycle_rdcycleh_rdinstr_rdinstrh vs. $auto$opt_reduce.cc:132:opt_mux$7508
      Adding exclusive control bits: \is_rdcycle_rdcycleh_rdinstr_rdinstrh vs. $logic_and$/mnt/toshiba4tb/workspace/projects/picorv32/picorv32.v:1729$4294_Y
      Adding exclusive control bits: \instr_trap vs. $auto$opt_reduce.cc:132:opt_mux$7508
      Adding exclusive control bits: \instr_trap vs. \is_slli_srli_srai
      Adding exclusive control bits: \instr_trap vs. $logic_and$/mnt/toshiba4tb/workspace/projects/picorv32/picorv32.v:1729$4294_Y
      Adding exclusive control bits: \instr_trap vs. \is_rdcycle_rdcycleh_rdinstr_rdinstrh
      Adding exclusive control bits: $procmux$5761_CMP vs. $procmux$5760_CMP
      Adding exclusive control bits: $auto$opt_reduce.cc:132:opt_mux$7508 vs. $logic_and$/mnt/toshiba4tb/workspace/projects/picorv32/picorv32.v:1729$4294_Y
      Adding exclusive control bits: \instr_trap vs. $auto$opt_reduce.cc:132:opt_mux$7508
      Adding exclusive control bits: \instr_trap vs. $logic_and$/mnt/toshiba4tb/workspace/projects/picorv32/picorv32.v:1729$4294_Y
      Adding exclusive control bits: \instr_sh vs. \instr_sw
      Adding exclusive control bits: \instr_sb vs. \instr_sw
      Adding exclusive control bits: \instr_sb vs. \instr_sh
      Adding exclusive control bits: $procmux$5761_CMP vs. $procmux$5760_CMP
      Adding exclusive control bits: $auto$opt_reduce.cc:132:opt_mux$7508 vs. $auto$opt_reduce.cc:132:opt_mux$7516
      Adding exclusive control bits: \is_lui_auipc_jal vs. \is_rdcycle_rdcycleh_rdinstr_rdinstrh
      Size of SAT problem: 11 cells, 213 variables, 547 clauses
      According to the SAT solver this pair of cells can not be shared.
      Model from SAT solver: { $reduce_bool$/mnt/toshiba4tb/workspace/projects/picorv32/picorv32.v:1386$4197_Y $reduce_bool$/mnt/toshiba4tb/workspace/projects/picorv32/picorv32.v:1385$4194_Y $procmux$5760_CMP $procmux$5761_CMP $auto$opt_reduce.cc:132:opt_mux$7516 $auto$opt_reduce.cc:132:opt_mux$7508 $auto$opt_reduce.cc:132:opt_mux$7504 \is_rdcycle_rdcycleh_rdinstr_rdinstrh \is_slli_srli_srai \is_lui_auipc_jal \resetn } = 11'11010000001
  Analyzing resource sharing options for $memrd$\cpuregs$/mnt/toshiba4tb/workspace/projects/picorv32/picorv32.v:1385$4193 ($memrd):
    Found 1 activation_patterns using ctrl signal { $reduce_bool$/mnt/toshiba4tb/workspace/projects/picorv32/picorv32.v:1385$4194_Y $procmux$5761_CMP \is_rdcycle_rdcycleh_rdinstr_rdinstrh \is_lui_auipc_jal \resetn }.
    No candidates found.

6.13. Executing OPT pass (performing simple optimizations).

6.13.1. Executing OPT_EXPR pass (perform const folding).
Optimizing module picorv32.
<suppressed ~2 debug messages>
Optimizing module picorv32_pcpi_mul.

6.13.2. Executing OPT_MERGE pass (detect identical cells).
Finding identical cells in module `\picorv32'.
Finding identical cells in module `\picorv32_pcpi_mul'.
Removed a total of 0 cells.

6.13.3. Executing OPT_MUXTREE pass (detect dead branches in mux trees).
Running muxtree optimizer on module \picorv32..
  Creating internal representation of mux trees.
  Evaluating internal representation of mux trees.
  Analyzing evaluation results.
Running muxtree optimizer on module \picorv32_pcpi_mul..
  Creating internal representation of mux trees.
  Evaluating internal representation of mux trees.
  Analyzing evaluation results.
Removed 0 multiplexer ports.
<suppressed ~149 debug messages>

6.13.4. Executing OPT_REDUCE pass (consolidate $*mux and $reduce_* inputs).
  Optimizing cells in module \picorv32.
    New input vector for $reduce_or cell $auto$alumacc.cc:509:replace_alu$7551: { $auto$rtlil.cc:1832:Not$7548 $auto$rtlil.cc:1835:ReduceAnd$7550 }
    New input vector for $reduce_and cell $auto$alumacc.cc:64:get_eq$7549: { $auto$alumacc.cc:490:replace_alu$7545 [0] $auto$alumacc.cc:490:replace_alu$7545 [1] $auto$alumacc.cc:490:replace_alu$7545 [2] $auto$alumacc.cc:490:replace_alu$7545 [3] $auto$alumacc.cc:490:replace_alu$7545 [4] }
    New input vector for $reduce_and cell $auto$alumacc.cc:64:get_eq$7556: { $auto$alumacc.cc:490:replace_alu$7554 [0] $auto$alumacc.cc:490:replace_alu$7554 [1] $auto$alumacc.cc:490:replace_alu$7554 [2] $auto$alumacc.cc:490:replace_alu$7554 [3] $auto$alumacc.cc:490:replace_alu$7554 [4] $auto$alumacc.cc:490:replace_alu$7554 [5] $auto$alumacc.cc:490:replace_alu$7554 [6] $auto$alumacc.cc:490:replace_alu$7554 [7] $auto$alumacc.cc:490:replace_alu$7554 [8] $auto$alumacc.cc:490:replace_alu$7554 [9] $auto$alumacc.cc:490:replace_alu$7554 [10] $auto$alumacc.cc:490:replace_alu$7554 [11] $auto$alumacc.cc:490:replace_alu$7554 [12] $auto$alumacc.cc:490:replace_alu$7554 [13] $auto$alumacc.cc:490:replace_alu$7554 [14] $auto$alumacc.cc:490:replace_alu$7554 [15] $auto$alumacc.cc:490:replace_alu$7554 [16] $auto$alumacc.cc:490:replace_alu$7554 [17] $auto$alumacc.cc:490:replace_alu$7554 [18] $auto$alumacc.cc:490:replace_alu$7554 [19] $auto$alumacc.cc:490:replace_alu$7554 [20] $auto$alumacc.cc:490:replace_alu$7554 [21] $auto$alumacc.cc:490:replace_alu$7554 [22] $auto$alumacc.cc:490:replace_alu$7554 [23] $auto$alumacc.cc:490:replace_alu$7554 [24] $auto$alumacc.cc:490:replace_alu$7554 [25] $auto$alumacc.cc:490:replace_alu$7554 [26] $auto$alumacc.cc:490:replace_alu$7554 [27] $auto$alumacc.cc:490:replace_alu$7554 [28] $auto$alumacc.cc:490:replace_alu$7554 [29] $auto$alumacc.cc:490:replace_alu$7554 [30] $auto$alumacc.cc:490:replace_alu$7554 [31] }
    New input vector for $reduce_and cell $auto$alumacc.cc:64:get_eq$7567: { $auto$alumacc.cc:490:replace_alu$7565 [0] $auto$alumacc.cc:490:replace_alu$7565 [1] $auto$alumacc.cc:490:replace_alu$7565 [2] $auto$alumacc.cc:490:replace_alu$7565 [3] $auto$alumacc.cc:490:replace_alu$7565 [4] $auto$alumacc.cc:490:replace_alu$7565 [5] $auto$alumacc.cc:490:replace_alu$7565 [6] $auto$alumacc.cc:490:replace_alu$7565 [7] $auto$alumacc.cc:490:replace_alu$7565 [8] $auto$alumacc.cc:490:replace_alu$7565 [9] $auto$alumacc.cc:490:replace_alu$7565 [10] $auto$alumacc.cc:490:replace_alu$7565 [11] $auto$alumacc.cc:490:replace_alu$7565 [12] $auto$alumacc.cc:490:replace_alu$7565 [13] $auto$alumacc.cc:490:replace_alu$7565 [14] $auto$alumacc.cc:490:replace_alu$7565 [15] $auto$alumacc.cc:490:replace_alu$7565 [16] $auto$alumacc.cc:490:replace_alu$7565 [17] $auto$alumacc.cc:490:replace_alu$7565 [18] $auto$alumacc.cc:490:replace_alu$7565 [19] $auto$alumacc.cc:490:replace_alu$7565 [20] $auto$alumacc.cc:490:replace_alu$7565 [21] $auto$alumacc.cc:490:replace_alu$7565 [22] $auto$alumacc.cc:490:replace_alu$7565 [23] $auto$alumacc.cc:490:replace_alu$7565 [24] $auto$alumacc.cc:490:replace_alu$7565 [25] $auto$alumacc.cc:490:replace_alu$7565 [26] $auto$alumacc.cc:490:replace_alu$7565 [27] $auto$alumacc.cc:490:replace_alu$7565 [28] $auto$alumacc.cc:490:replace_alu$7565 [29] $auto$alumacc.cc:490:replace_alu$7565 [30] $auto$alumacc.cc:490:replace_alu$7565 [31] }
  Optimizing cells in module \picorv32.
  Optimizing cells in module \picorv32_pcpi_mul.
Performed a total of 4 changes.

6.13.5. Executing OPT_MERGE pass (detect identical cells).
Finding identical cells in module `\picorv32'.
Finding identical cells in module `\picorv32_pcpi_mul'.
Removed a total of 0 cells.

6.13.6. Executing OPT_RMDFF pass (remove dff with constant values).

6.13.7. Executing OPT_CLEAN pass (remove unused cells and wires).
Finding unused cells or wires in module \picorv32..
Finding unused cells or wires in module \picorv32_pcpi_mul..
Removed 16 unused cells and 22 unused wires.
<suppressed ~18 debug messages>

6.13.8. Executing OPT_EXPR pass (perform const folding).
Optimizing module picorv32.
Optimizing module picorv32_pcpi_mul.

6.13.9. Rerunning OPT passes. (Maybe there is more to do..)

6.13.10. Executing OPT_MUXTREE pass (detect dead branches in mux trees).
Running muxtree optimizer on module \picorv32..
  Creating internal representation of mux trees.
  Evaluating internal representation of mux trees.
  Analyzing evaluation results.
Running muxtree optimizer on module \picorv32_pcpi_mul..
  Creating internal representation of mux trees.
  Evaluating internal representation of mux trees.
  Analyzing evaluation results.
Removed 0 multiplexer ports.
<suppressed ~149 debug messages>

6.13.11. Executing OPT_REDUCE pass (consolidate $*mux and $reduce_* inputs).
  Optimizing cells in module \picorv32.
  Optimizing cells in module \picorv32_pcpi_mul.
Performed a total of 0 changes.

6.13.12. Executing OPT_MERGE pass (detect identical cells).
Finding identical cells in module `\picorv32'.
Finding identical cells in module `\picorv32_pcpi_mul'.
Removed a total of 0 cells.

6.13.13. Executing OPT_RMDFF pass (remove dff with constant values).

6.13.14. Executing OPT_CLEAN pass (remove unused cells and wires).
Finding unused cells or wires in module \picorv32..
Finding unused cells or wires in module \picorv32_pcpi_mul..

6.13.15. Executing OPT_EXPR pass (perform const folding).
Optimizing module picorv32.
Optimizing module picorv32_pcpi_mul.

6.13.16. Finished OPT passes. (There is nothing left to do.)

6.14. Executing FSM pass (extract and optimize FSM).

6.14.1. Executing FSM_DETECT pass (finding FSMs in design).
Found FSM state register picorv32.cpu_state.
Not marking picorv32.mem_state as FSM state register:
    Users of register don't seem to benefit from recoding.
Found FSM state register picorv32.mem_wordsize.

6.14.2. Executing FSM_EXTRACT pass (extracting FSM from design).
Extracting FSM `\cpu_state' from module `\picorv32'.
  found $dff cell for state register: $procdff$7470
  root of input selection tree: $0\cpu_state[7:0]
  found reset state: 8'10000000 (guessed from mux tree)
  found ctrl input: $logic_and$/mnt/toshiba4tb/workspace/projects/picorv32/picorv32.v:1971$4377_Y
  found ctrl input: $logic_and$/mnt/toshiba4tb/workspace/projects/picorv32/picorv32.v:1955$4358_Y
  found ctrl input: \resetn
  found state code: 8'01000000
  found ctrl input: $auto$opt_reduce.cc:132:opt_mux$7520
  found ctrl input: $procmux$6147_CMP
  found ctrl input: $procmux$5799_CMP
  found ctrl input: $procmux$5760_CMP
  found ctrl input: $procmux$5761_CMP
  found ctrl input: $eq$/mnt/toshiba4tb/workspace/projects/picorv32/picorv32.v:1346$4175_Y
  found ctrl input: $logic_or$/mnt/toshiba4tb/workspace/projects/picorv32/picorv32.v:1890$4343_Y
  found ctrl input: $logic_and$/mnt/toshiba4tb/workspace/projects/picorv32/picorv32.v:1905$4347_Y
  found ctrl input: $eq$/mnt/toshiba4tb/workspace/projects/picorv32/picorv32.v:1864$4325_Y
  found ctrl input: \is_beq_bne_blt_bge_bltu_bgeu
  found ctrl input: \mem_done
  found ctrl input: \is_sll_srl_sra
  found ctrl input: \is_sb_sh_sw
  found ctrl input: \instr_trap
  found state code: 8'00001000
  found state code: 8'00000100
  found state code: 8'00000010
  found ctrl input: \pcpi_mul_ready
  found ctrl input: $logic_and$/mnt/toshiba4tb/workspace/projects/picorv32/picorv32.v:1638$4275_Y
  found state code: 8'10000000
  found ctrl input: $auto$opt_reduce.cc:132:opt_mux$7508
  found ctrl input: \is_slli_srli_srai
  found ctrl input: $logic_and$/mnt/toshiba4tb/workspace/projects/picorv32/picorv32.v:1729$4294_Y
  found ctrl input: \is_rdcycle_rdcycleh_rdinstr_rdinstrh
  found state code: 8'00000001
  found ctrl input: \decoder_trigger
  found ctrl input: \instr_jal
  found state code: 8'00100000
  found ctrl input: $logic_and$/mnt/toshiba4tb/workspace/projects/picorv32/picorv32.v:1963$4368_Y
  found ctrl input: $logic_and$/mnt/toshiba4tb/workspace/projects/picorv32/picorv32.v:1956$4361_Y
  found ctrl output: $procmux$6152_CMP
  found ctrl output: $procmux$6147_CMP
  found ctrl output: $procmux$5799_CMP
  found ctrl output: $procmux$5772_CMP
  found ctrl output: $procmux$5761_CMP
  found ctrl output: $procmux$5760_CMP
  found ctrl output: $procmux$5750_CMP
  found ctrl output: $eq$/mnt/toshiba4tb/workspace/projects/picorv32/picorv32.v:1346$4175_Y
  ctrl inputs: { $logic_and$/mnt/toshiba4tb/workspace/projects/picorv32/picorv32.v:1971$4377_Y $logic_and$/mnt/toshiba4tb/workspace/projects/picorv32/picorv32.v:1963$4368_Y $logic_and$/mnt/toshiba4tb/workspace/projects/picorv32/picorv32.v:1956$4361_Y $logic_and$/mnt/toshiba4tb/workspace/projects/picorv32/picorv32.v:1955$4358_Y $logic_and$/mnt/toshiba4tb/workspace/projects/picorv32/picorv32.v:1905$4347_Y $logic_or$/mnt/toshiba4tb/workspace/projects/picorv32/picorv32.v:1890$4343_Y $eq$/mnt/toshiba4tb/workspace/projects/picorv32/picorv32.v:1864$4325_Y $logic_and$/mnt/toshiba4tb/workspace/projects/picorv32/picorv32.v:1729$4294_Y $logic_and$/mnt/toshiba4tb/workspace/projects/picorv32/picorv32.v:1638$4275_Y $auto$opt_reduce.cc:132:opt_mux$7520 $auto$opt_reduce.cc:132:opt_mux$7508 \is_rdcycle_rdcycleh_rdinstr_rdinstrh \is_beq_bne_blt_bge_bltu_bgeu \is_sll_srl_sra \is_sb_sh_sw \is_slli_srli_srai \decoder_trigger \instr_trap \instr_jal \mem_done \pcpi_mul_ready \resetn }
  ctrl outputs: { $eq$/mnt/toshiba4tb/workspace/projects/picorv32/picorv32.v:1346$4175_Y $procmux$5750_CMP $procmux$5760_CMP $procmux$5761_CMP $procmux$5772_CMP $procmux$5799_CMP $procmux$6147_CMP $procmux$6152_CMP $0\cpu_state[7:0] }
  transition: 8'10000000 22'0--0-----------------0 -> 8'01000000 16'0000000101000000
  transition: 8'10000000 22'0--0-----------------1 -> 8'10000000 16'0000000110000000
  transition: 8'10000000 22'0001-----------------0 -> 8'01000000 16'0000000101000000
  transition: 8'10000000 22'0001-----------------1 -> 8'10000000 16'0000000110000000
  transition: 8'10000000 22'0011------------------ -> 8'10000000 16'0000000110000000
  transition: 8'10000000 22'01-1------------------ -> 8'10000000 16'0000000110000000
  transition: 8'10000000 22'1--------------------- -> 8'10000000 16'0000000110000000
  transition: 8'01000000 22'0--0-----------------0 -> 8'01000000 16'1000000001000000
  transition: 8'01000000 22'0--0------------0----1 -> 8'01000000 16'1000000001000000
  transition: 8'01000000 22'0--0------------1-0--1 -> 8'00100000 16'1000000000100000
  transition: 8'01000000 22'0--0------------1-1--1 -> 8'01000000 16'1000000001000000
  transition: 8'01000000 22'0001-----------------0 -> 8'01000000 16'1000000001000000
  transition: 8'01000000 22'0001------------0----1 -> 8'01000000 16'1000000001000000
  transition: 8'01000000 22'0001------------1-0--1 -> 8'00100000 16'1000000000100000
  transition: 8'01000000 22'0001------------1-1--1 -> 8'01000000 16'1000000001000000
  transition: 8'01000000 22'0011------------------ -> 8'10000000 16'1000000010000000
  transition: 8'01000000 22'01-1------------------ -> 8'10000000 16'1000000010000000
  transition: 8'01000000 22'1--------------------- -> 8'10000000 16'1000000010000000
  transition: 8'00100000 22'0--0-----------------0 -> 8'01000000 16'0001000001000000
  transition: 8'00100000 22'0--0---0--00-000-0---1 -> 8'00001000 16'0001000000001000
  transition: 8'00100000 22'0--0---0--00--10-----1 -> 8'00000010 16'0001000000000010
  transition: 8'00100000 22'0--0---0--00-1-0-----1 -> 8'00000100 16'0001000000000100
  transition: 8'00100000 22'0--0----0--------1--01 -> 8'00100000 16'0001000000100000
  transition: 8'00100000 22'0--0----1--------1--01 -> 8'10000000 16'0001000010000000
  transition: 8'00100000 22'0--0-------------1--11 -> 8'01000000 16'0001000001000000
  transition: 8'00100000 22'0--0-------1---------1 -> 8'01000000 16'0001000001000000
  transition: 8'00100000 22'0--0---1-------------1 -> 8'00000001 16'0001000000000001
  transition: 8'00100000 22'0--0-----------1-----1 -> 8'00000100 16'0001000000000100
  transition: 8'00100000 22'0--0------1----------1 -> 8'00001000 16'0001000000001000
  transition: 8'00100000 22'0001-----------------0 -> 8'01000000 16'0001000001000000
  transition: 8'00100000 22'0001---0--00-000-0---1 -> 8'00001000 16'0001000000001000
  transition: 8'00100000 22'0001---0--00--10-----1 -> 8'00000010 16'0001000000000010
  transition: 8'00100000 22'0001---0--00-1-0-----1 -> 8'00000100 16'0001000000000100
  transition: 8'00100000 22'0001----0--------1--01 -> 8'00100000 16'0001000000100000
  transition: 8'00100000 22'0001----1--------1--01 -> 8'10000000 16'0001000010000000
  transition: 8'00100000 22'0001-------------1--11 -> 8'01000000 16'0001000001000000
  transition: 8'00100000 22'0001-------1---------1 -> 8'01000000 16'0001000001000000
  transition: 8'00100000 22'0001---1-------------1 -> 8'00000001 16'0001000000000001
  transition: 8'00100000 22'0001-----------1-----1 -> 8'00000100 16'0001000000000100
  transition: 8'00100000 22'0001------1----------1 -> 8'00001000 16'0001000000001000
  transition: 8'00100000 22'0011------------------ -> 8'10000000 16'0001000010000000
  transition: 8'00100000 22'01-1------------------ -> 8'10000000 16'0001000010000000
  transition: 8'00100000 22'1--------------------- -> 8'10000000 16'0001000010000000
  transition: 8'00001000 22'0--0-----------------0 -> 8'01000000 16'0000010001000000
  transition: 8'00001000 22'0--0--------0--------1 -> 8'01000000 16'0000010001000000
  transition: 8'00001000 22'0--0--------1------0-1 -> 8'00001000 16'0000010000001000
  transition: 8'00001000 22'0--0--------1------1-1 -> 8'01000000 16'0000010001000000
  transition: 8'00001000 22'0001-----------------0 -> 8'01000000 16'0000010001000000
  transition: 8'00001000 22'0001--------0--------1 -> 8'01000000 16'0000010001000000
  transition: 8'00001000 22'0001--------1------0-1 -> 8'00001000 16'0000010000001000
  transition: 8'00001000 22'0001--------1------1-1 -> 8'01000000 16'0000010001000000
  transition: 8'00001000 22'0011------------------ -> 8'10000000 16'0000010010000000
  transition: 8'00001000 22'01-1------------------ -> 8'10000000 16'0000010010000000
  transition: 8'00001000 22'1--------------------- -> 8'10000000 16'0000010010000000
  transition: 8'00000100 22'0--0-----------------0 -> 8'01000000 16'0000001001000000
  transition: 8'00000100 22'0--0--0--------------1 -> 8'00000100 16'0000001000000100
  transition: 8'00000100 22'0--0--1--------------1 -> 8'01000000 16'0000001001000000
  transition: 8'00000100 22'0001-----------------0 -> 8'01000000 16'0000001001000000
  transition: 8'00000100 22'0001--0--------------1 -> 8'00000100 16'0000001000000100
  transition: 8'00000100 22'0001--1--------------1 -> 8'01000000 16'0000001001000000
  transition: 8'00000100 22'0011------------------ -> 8'10000000 16'0000001010000000
  transition: 8'00000100 22'01-1------------------ -> 8'10000000 16'0000001010000000
  transition: 8'00000100 22'1--------------------- -> 8'10000000 16'0000001010000000
  transition: 8'00000010 22'0--0-----------------0 -> 8'01000000 16'0000100001000000
  transition: 8'00000010 22'0--0-0---------------1 -> 8'00000010 16'0000100000000010
  transition: 8'00000010 22'0--001---------------1 -> 8'00000010 16'0000100000000010
  transition: 8'00000010 22'0--011---------------1 -> 8'01000000 16'0000100001000000
  transition: 8'00000010 22'0001-----------------0 -> 8'01000000 16'0000100001000000
  transition: 8'00000010 22'0001-0---------------1 -> 8'00000010 16'0000100000000010
  transition: 8'00000010 22'000101---------------1 -> 8'00000010 16'0000100000000010
  transition: 8'00000010 22'000111---------------1 -> 8'01000000 16'0000100001000000
  transition: 8'00000010 22'0011------------------ -> 8'10000000 16'0000100010000000
  transition: 8'00000010 22'01-1------------------ -> 8'10000000 16'0000100010000000
  transition: 8'00000010 22'1--------------------- -> 8'10000000 16'0000100010000000
  transition: 8'00000001 22'0--0-----------------0 -> 8'01000000 16'0100000001000000
  transition: 8'00000001 22'0--0-0---------------1 -> 8'00000001 16'0100000000000001
  transition: 8'00000001 22'0--001---------------1 -> 8'00000001 16'0100000000000001
  transition: 8'00000001 22'0--011---------------1 -> 8'01000000 16'0100000001000000
  transition: 8'00000001 22'0001-----------------0 -> 8'01000000 16'0100000001000000
  transition: 8'00000001 22'0001-0---------------1 -> 8'00000001 16'0100000000000001
  transition: 8'00000001 22'000101---------------1 -> 8'00000001 16'0100000000000001
  transition: 8'00000001 22'000111---------------1 -> 8'01000000 16'0100000001000000
  transition: 8'00000001 22'0011------------------ -> 8'10000000 16'0100000010000000
  transition: 8'00000001 22'01-1------------------ -> 8'10000000 16'0100000010000000
  transition: 8'00000001 22'1--------------------- -> 8'10000000 16'0100000010000000
Extracting FSM `\mem_wordsize' from module `\picorv32'.
  found $dff cell for state register: $procdff$7457
  root of input selection tree: $0\mem_wordsize[1:0]
  found ctrl input: \resetn
  found ctrl input: $procmux$5750_CMP
  found ctrl input: $procmux$5772_CMP
  found ctrl input: $eq$/mnt/toshiba4tb/workspace/projects/picorv32/picorv32.v:1346$4175_Y
  found ctrl input: $logic_or$/mnt/toshiba4tb/workspace/projects/picorv32/picorv32.v:1890$4343_Y
  found ctrl input: \mem_do_rdata
  found ctrl input: \instr_lw
  found ctrl input: $logic_or$/mnt/toshiba4tb/workspace/projects/picorv32/picorv32.v:1920$4352_Y
  found ctrl input: $logic_or$/mnt/toshiba4tb/workspace/projects/picorv32/picorv32.v:1919$4351_Y
  found state code: 2'00
  found state code: 2'01
  found state code: 2'10
  found ctrl input: \mem_do_wdata
  found ctrl input: \instr_sw
  found ctrl input: \instr_sh
  found ctrl input: \instr_sb
  found ctrl output: $procmux$4490_CMP
  found ctrl output: $eq$/mnt/toshiba4tb/workspace/projects/picorv32/picorv32.v:1956$4359_Y
  found ctrl output: $eq$/mnt/toshiba4tb/workspace/projects/picorv32/picorv32.v:1963$4366_Y
  ctrl inputs: { $logic_or$/mnt/toshiba4tb/workspace/projects/picorv32/picorv32.v:1920$4352_Y $logic_or$/mnt/toshiba4tb/workspace/projects/picorv32/picorv32.v:1919$4351_Y $logic_or$/mnt/toshiba4tb/workspace/projects/picorv32/picorv32.v:1890$4343_Y $eq$/mnt/toshiba4tb/workspace/projects/picorv32/picorv32.v:1346$4175_Y $procmux$5750_CMP $procmux$5772_CMP \instr_sw \instr_sh \instr_sb \instr_lw \mem_do_wdata \mem_do_rdata \resetn }
  ctrl outputs: { $eq$/mnt/toshiba4tb/workspace/projects/picorv32/picorv32.v:1963$4366_Y $eq$/mnt/toshiba4tb/workspace/projects/picorv32/picorv32.v:1956$4359_Y $procmux$4490_CMP $0\mem_wordsize[1:0] }
  transition:       2'00 13'------------0 ->       2'00 5'01000
  transition:       2'00 13'---000------1 ->       2'00 5'01000
  transition:       2'00 13'---1--------1 ->       2'00 5'01000
  transition:       2'00 13'--0--1------1 ->       2'00 5'01000
  transition:       2'00 13'--1--1000-0-1 -> INVALID_STATE(2'xx) 5'010xx  <ignored invalid transition!>
  transition:       2'00 13'--1--1--1-0-1 ->       2'10 5'01010
  transition:       2'00 13'--1--1-1--0-1 ->       2'01 5'01001
  transition:       2'00 13'--1--11---0-1 ->       2'00 5'01000
  transition:       2'00 13'--1--1----1-1 ->       2'00 5'01000
  transition:       2'00 13'--0-1-------1 ->       2'00 5'01000
  transition:       2'00 13'001-1----0-01 -> INVALID_STATE(2'xx) 5'010xx  <ignored invalid transition!>
  transition:       2'00 13'-11-1------01 ->       2'10 5'01010
  transition:       2'00 13'1-1-1------01 ->       2'01 5'01001
  transition:       2'00 13'--1-1----1-01 ->       2'00 5'01000
  transition:       2'00 13'--1-1------11 ->       2'00 5'01000
  transition:       2'10 13'------------0 ->       2'10 5'00110
  transition:       2'10 13'---000------1 ->       2'10 5'00110
  transition:       2'10 13'---1--------1 ->       2'00 5'00100
  transition:       2'10 13'--0--1------1 ->       2'10 5'00110
  transition:       2'10 13'--1--1000-0-1 -> INVALID_STATE(2'xx) 5'001xx  <ignored invalid transition!>
  transition:       2'10 13'--1--1--1-0-1 ->       2'10 5'00110
  transition:       2'10 13'--1--1-1--0-1 ->       2'01 5'00101
  transition:       2'10 13'--1--11---0-1 ->       2'00 5'00100
  transition:       2'10 13'--1--1----1-1 ->       2'10 5'00110
  transition:       2'10 13'--0-1-------1 ->       2'10 5'00110
  transition:       2'10 13'001-1----0-01 -> INVALID_STATE(2'xx) 5'001xx  <ignored invalid transition!>
  transition:       2'10 13'-11-1------01 ->       2'10 5'00110
  transition:       2'10 13'1-1-1------01 ->       2'01 5'00101
  transition:       2'10 13'--1-1----1-01 ->       2'00 5'00100
  transition:       2'10 13'--1-1------11 ->       2'10 5'00110
  transition:       2'01 13'------------0 ->       2'01 5'10001
  transition:       2'01 13'---000------1 ->       2'01 5'10001
  transition:       2'01 13'---1--------1 ->       2'00 5'10000
  transition:       2'01 13'--0--1------1 ->       2'01 5'10001
  transition:       2'01 13'--1--1000-0-1 -> INVALID_STATE(2'xx) 5'100xx  <ignored invalid transition!>
  transition:       2'01 13'--1--1--1-0-1 ->       2'10 5'10010
  transition:       2'01 13'--1--1-1--0-1 ->       2'01 5'10001
  transition:       2'01 13'--1--11---0-1 ->       2'00 5'10000
  transition:       2'01 13'--1--1----1-1 ->       2'01 5'10001
  transition:       2'01 13'--0-1-------1 ->       2'01 5'10001
  transition:       2'01 13'001-1----0-01 -> INVALID_STATE(2'xx) 5'100xx  <ignored invalid transition!>
  transition:       2'01 13'-11-1------01 ->       2'10 5'10010
  transition:       2'01 13'1-1-1------01 ->       2'01 5'10001
  transition:       2'01 13'--1-1----1-01 ->       2'00 5'10000
  transition:       2'01 13'--1-1------11 ->       2'01 5'10001

6.14.3. Executing FSM_OPT pass (simple optimizations of FSMs).
Optimizing FSM `$fsm$\mem_wordsize$7642' from module `\picorv32'.
Optimizing FSM `$fsm$\cpu_state$7632' from module `\picorv32'.
  Removing unused input signal $auto$opt_reduce.cc:132:opt_mux$7520.

6.14.4. Executing OPT_CLEAN pass (remove unused cells and wires).
Finding unused cells or wires in module \picorv32..
Finding unused cells or wires in module \picorv32_pcpi_mul..
Removed 39 unused cells and 39 unused wires.
<suppressed ~40 debug messages>

6.14.5. Executing FSM_OPT pass (simple optimizations of FSMs).
Optimizing FSM `$fsm$\cpu_state$7632' from module `\picorv32'.
  Removing unused output signal $0\cpu_state[7:0] [0].
  Removing unused output signal $0\cpu_state[7:0] [1].
  Removing unused output signal $0\cpu_state[7:0] [2].
  Removing unused output signal $0\cpu_state[7:0] [3].
  Removing unused output signal $0\cpu_state[7:0] [4].
  Removing unused output signal $0\cpu_state[7:0] [5].
  Removing unused output signal $0\cpu_state[7:0] [6].
  Removing unused output signal $0\cpu_state[7:0] [7].
Optimizing FSM `$fsm$\mem_wordsize$7642' from module `\picorv32'.
  Removing unused output signal $0\mem_wordsize[1:0] [0].
  Removing unused output signal $0\mem_wordsize[1:0] [1].

6.14.6. Executing FSM_RECODE pass (re-assigning FSM state encoding).
Recoding FSM `$fsm$\cpu_state$7632' from module `\picorv32' using `auto' encoding:
  mapping auto encoding to `one-hot` for this FSM.
  10000000 -> ------1
  01000000 -> -----1-
  00100000 -> ----1--
  00001000 -> ---1---
  00000100 -> --1----
  00000010 -> -1-----
  00000001 -> 1------
Recoding FSM `$fsm$\mem_wordsize$7642' from module `\picorv32' using `auto' encoding:
  mapping auto encoding to `one-hot` for this FSM.
  00 -> --1
  10 -> -1-
  01 -> 1--

6.14.7. Executing FSM_INFO pass (dumping all available information on FSM cells).

FSM `$fsm$\cpu_state$7632' from module `\picorv32':
-------------------------------------

  Information on FSM $fsm$\cpu_state$7632 (\cpu_state):

  Number of input signals:   21
  Number of output signals:   8
  Number of state bits:       7

  Input signals:
    0: \resetn
    1: \pcpi_mul_ready
    2: \mem_done
    3: \instr_jal
    4: \instr_trap
    5: \decoder_trigger
    6: \is_slli_srli_srai
    7: \is_sb_sh_sw
    8: \is_sll_srl_sra
    9: \is_beq_bne_blt_bge_bltu_bgeu
   10: \is_rdcycle_rdcycleh_rdinstr_rdinstrh
   11: $auto$opt_reduce.cc:132:opt_mux$7508
   12: $logic_and$/mnt/toshiba4tb/workspace/projects/picorv32/picorv32.v:1638$4275_Y
   13: $logic_and$/mnt/toshiba4tb/workspace/projects/picorv32/picorv32.v:1729$4294_Y
   14: $eq$/mnt/toshiba4tb/workspace/projects/picorv32/picorv32.v:1864$4325_Y
   15: $logic_or$/mnt/toshiba4tb/workspace/projects/picorv32/picorv32.v:1890$4343_Y
   16: $logic_and$/mnt/toshiba4tb/workspace/projects/picorv32/picorv32.v:1905$4347_Y
   17: $logic_and$/mnt/toshiba4tb/workspace/projects/picorv32/picorv32.v:1955$4358_Y
   18: $logic_and$/mnt/toshiba4tb/workspace/projects/picorv32/picorv32.v:1956$4361_Y
   19: $logic_and$/mnt/toshiba4tb/workspace/projects/picorv32/picorv32.v:1963$4368_Y
   20: $logic_and$/mnt/toshiba4tb/workspace/projects/picorv32/picorv32.v:1971$4377_Y

  Output signals:
    0: $procmux$6152_CMP
    1: $procmux$6147_CMP
    2: $procmux$5799_CMP
    3: $procmux$5772_CMP
    4: $procmux$5761_CMP
    5: $procmux$5760_CMP
    6: $procmux$5750_CMP
    7: $eq$/mnt/toshiba4tb/workspace/projects/picorv32/picorv32.v:1346$4175_Y

  State encoding:
    0:  7'------1  <RESET STATE>
    1:  7'-----1-
    2:  7'----1--
    3:  7'---1---
    4:  7'--1----
    5:  7'-1-----
    6:  7'1------

  Transition Table (state_in, ctrl_in, state_out, ctrl_out):
      0:     0 21'0--0----------------1   ->     0 8'00000001
      1:     0 21'0001----------------1   ->     0 8'00000001
      2:     0 21'0011-----------------   ->     0 8'00000001
      3:     0 21'01-1-----------------   ->     0 8'00000001
      4:     0 21'1--------------------   ->     0 8'00000001
      5:     0 21'0--0----------------0   ->     1 8'00000001
      6:     0 21'0001----------------0   ->     1 8'00000001
      7:     1 21'0011-----------------   ->     0 8'10000000
      8:     1 21'01-1-----------------   ->     0 8'10000000
      9:     1 21'1--------------------   ->     0 8'10000000
     10:     1 21'0--0----------------0   ->     1 8'10000000
     11:     1 21'0001----------------0   ->     1 8'10000000
     12:     1 21'0--0-----------1-1--1   ->     1 8'10000000
     13:     1 21'0001-----------1-1--1   ->     1 8'10000000
     14:     1 21'0--0-----------0----1   ->     1 8'10000000
     15:     1 21'0001-----------0----1   ->     1 8'10000000
     16:     1 21'0--0-----------1-0--1   ->     2 8'10000000
     17:     1 21'0001-----------1-0--1   ->     2 8'10000000
     18:     2 21'0--0----1-------1--01   ->     0 8'00010000
     19:     2 21'0001----1-------1--01   ->     0 8'00010000
     20:     2 21'0011-----------------   ->     0 8'00010000
     21:     2 21'01-1-----------------   ->     0 8'00010000
     22:     2 21'1--------------------   ->     0 8'00010000
     23:     2 21'0--0----------------0   ->     1 8'00010000
     24:     2 21'0001----------------0   ->     1 8'00010000
     25:     2 21'0--0------------1--11   ->     1 8'00010000
     26:     2 21'0001------------1--11   ->     1 8'00010000
     27:     2 21'0--0------1---------1   ->     1 8'00010000
     28:     2 21'0001------1---------1   ->     1 8'00010000
     29:     2 21'0--0----0-------1--01   ->     2 8'00010000
     30:     2 21'0001----0-------1--01   ->     2 8'00010000
     31:     2 21'0--0---0-00-000-0---1   ->     3 8'00010000
     32:     2 21'0001---0-00-000-0---1   ->     3 8'00010000
     33:     2 21'0--0-----1----------1   ->     3 8'00010000
     34:     2 21'0001-----1----------1   ->     3 8'00010000
     35:     2 21'0--0---0-00-1-0-----1   ->     4 8'00010000
     36:     2 21'0001---0-00-1-0-----1   ->     4 8'00010000
     37:     2 21'0--0----------1-----1   ->     4 8'00010000
     38:     2 21'0001----------1-----1   ->     4 8'00010000
     39:     2 21'0--0---0-00--10-----1   ->     5 8'00010000
     40:     2 21'0001---0-00--10-----1   ->     5 8'00010000
     41:     2 21'0--0---1------------1   ->     6 8'00010000
     42:     2 21'0001---1------------1   ->     6 8'00010000
     43:     3 21'0011-----------------   ->     0 8'00000100
     44:     3 21'01-1-----------------   ->     0 8'00000100
     45:     3 21'1--------------------   ->     0 8'00000100
     46:     3 21'0--0----------------0   ->     1 8'00000100
     47:     3 21'0001----------------0   ->     1 8'00000100
     48:     3 21'0--0-------1------1-1   ->     1 8'00000100
     49:     3 21'0001-------1------1-1   ->     1 8'00000100
     50:     3 21'0--0-------0--------1   ->     1 8'00000100
     51:     3 21'0001-------0--------1   ->     1 8'00000100
     52:     3 21'0--0-------1------0-1   ->     3 8'00000100
     53:     3 21'0001-------1------0-1   ->     3 8'00000100
     54:     4 21'0011-----------------   ->     0 8'00000010
     55:     4 21'01-1-----------------   ->     0 8'00000010
     56:     4 21'1--------------------   ->     0 8'00000010
     57:     4 21'0--0----------------0   ->     1 8'00000010
     58:     4 21'0001----------------0   ->     1 8'00000010
     59:     4 21'0--0--1-------------1   ->     1 8'00000010
     60:     4 21'0001--1-------------1   ->     1 8'00000010
     61:     4 21'0--0--0-------------1   ->     4 8'00000010
     62:     4 21'0001--0-------------1   ->     4 8'00000010
     63:     5 21'0011-----------------   ->     0 8'00001000
     64:     5 21'01-1-----------------   ->     0 8'00001000
     65:     5 21'1--------------------   ->     0 8'00001000
     66:     5 21'0--0----------------0   ->     1 8'00001000
     67:     5 21'0001----------------0   ->     1 8'00001000
     68:     5 21'0--011--------------1   ->     1 8'00001000
     69:     5 21'000111--------------1   ->     1 8'00001000
     70:     5 21'0--0-0--------------1   ->     5 8'00001000
     71:     5 21'0001-0--------------1   ->     5 8'00001000
     72:     5 21'0--001--------------1   ->     5 8'00001000
     73:     5 21'000101--------------1   ->     5 8'00001000
     74:     6 21'0011-----------------   ->     0 8'01000000
     75:     6 21'01-1-----------------   ->     0 8'01000000
     76:     6 21'1--------------------   ->     0 8'01000000
     77:     6 21'0--0----------------0   ->     1 8'01000000
     78:     6 21'0001----------------0   ->     1 8'01000000
     79:     6 21'0--011--------------1   ->     1 8'01000000
     80:     6 21'000111--------------1   ->     1 8'01000000
     81:     6 21'0--0-0--------------1   ->     6 8'01000000
     82:     6 21'0001-0--------------1   ->     6 8'01000000
     83:     6 21'0--001--------------1   ->     6 8'01000000
     84:     6 21'000101--------------1   ->     6 8'01000000

-------------------------------------

FSM `$fsm$\mem_wordsize$7642' from module `\picorv32':
-------------------------------------

  Information on FSM $fsm$\mem_wordsize$7642 (\mem_wordsize):

  Number of input signals:   13
  Number of output signals:   3
  Number of state bits:       3

  Input signals:
    0: \resetn
    1: \mem_do_rdata
    2: \mem_do_wdata
    3: \instr_lw
    4: \instr_sb
    5: \instr_sh
    6: \instr_sw
    7: $procmux$5772_CMP
    8: $procmux$5750_CMP
    9: $eq$/mnt/toshiba4tb/workspace/projects/picorv32/picorv32.v:1346$4175_Y
   10: $logic_or$/mnt/toshiba4tb/workspace/projects/picorv32/picorv32.v:1890$4343_Y
   11: $logic_or$/mnt/toshiba4tb/workspace/projects/picorv32/picorv32.v:1919$4351_Y
   12: $logic_or$/mnt/toshiba4tb/workspace/projects/picorv32/picorv32.v:1920$4352_Y

  Output signals:
    0: $procmux$4490_CMP
    1: $eq$/mnt/toshiba4tb/workspace/projects/picorv32/picorv32.v:1956$4359_Y
    2: $eq$/mnt/toshiba4tb/workspace/projects/picorv32/picorv32.v:1963$4366_Y

  State encoding:
    0:      3'--1
    1:      3'-1-
    2:      3'1--

  Transition Table (state_in, ctrl_in, state_out, ctrl_out):
      0:     0 13'------------0   ->     0 3'010
      1:     0 13'--1-1----1-01   ->     0 3'010
      2:     0 13'--1-1------11   ->     0 3'010
      3:     0 13'--1--11---0-1   ->     0 3'010
      4:     0 13'--1--1----1-1   ->     0 3'010
      5:     0 13'---000------1   ->     0 3'010
      6:     0 13'--0--1------1   ->     0 3'010
      7:     0 13'--0-1-------1   ->     0 3'010
      8:     0 13'---1--------1   ->     0 3'010
      9:     0 13'-11-1------01   ->     1 3'010
     10:     0 13'--1--1--1-0-1   ->     1 3'010
     11:     0 13'1-1-1------01   ->     2 3'010
     12:     0 13'--1--1-1--0-1   ->     2 3'010
     13:     1 13'--1-1----1-01   ->     0 3'001
     14:     1 13'--1--11---0-1   ->     0 3'001
     15:     1 13'---1--------1   ->     0 3'001
     16:     1 13'------------0   ->     1 3'001
     17:     1 13'-11-1------01   ->     1 3'001
     18:     1 13'--1-1------11   ->     1 3'001
     19:     1 13'--1--1--1-0-1   ->     1 3'001
     20:     1 13'--1--1----1-1   ->     1 3'001
     21:     1 13'---000------1   ->     1 3'001
     22:     1 13'--0--1------1   ->     1 3'001
     23:     1 13'--0-1-------1   ->     1 3'001
     24:     1 13'1-1-1------01   ->     2 3'001
     25:     1 13'--1--1-1--0-1   ->     2 3'001
     26:     2 13'--1-1----1-01   ->     0 3'100
     27:     2 13'--1--11---0-1   ->     0 3'100
     28:     2 13'---1--------1   ->     0 3'100
     29:     2 13'-11-1------01   ->     1 3'100
     30:     2 13'--1--1--1-0-1   ->     1 3'100
     31:     2 13'------------0   ->     2 3'100
     32:     2 13'1-1-1------01   ->     2 3'100
     33:     2 13'--1-1------11   ->     2 3'100
     34:     2 13'--1--1-1--0-1   ->     2 3'100
     35:     2 13'--1--1----1-1   ->     2 3'100
     36:     2 13'---000------1   ->     2 3'100
     37:     2 13'--0--1------1   ->     2 3'100
     38:     2 13'--0-1-------1   ->     2 3'100

-------------------------------------

6.14.8. Executing FSM_MAP pass (mapping FSMs to basic logic).
Mapping FSM `$fsm$\cpu_state$7632' from module `\picorv32'.
Mapping FSM `$fsm$\mem_wordsize$7642' from module `\picorv32'.

6.15. Executing OPT pass (performing simple optimizations).

6.15.1. Executing OPT_EXPR pass (perform const folding).
Optimizing module picorv32.
<suppressed ~6 debug messages>
Optimizing module picorv32_pcpi_mul.

6.15.2. Executing OPT_MERGE pass (detect identical cells).
Finding identical cells in module `\picorv32'.
<suppressed ~51 debug messages>
Finding identical cells in module `\picorv32_pcpi_mul'.
Removed a total of 17 cells.

6.15.3. Executing OPT_RMDFF pass (remove dff with constant values).

6.15.4. Executing OPT_CLEAN pass (remove unused cells and wires).
Finding unused cells or wires in module \picorv32..
Finding unused cells or wires in module \picorv32_pcpi_mul..
Removed 0 unused cells and 36 unused wires.
<suppressed ~1 debug messages>

6.15.5. Finished fast OPT passes.

6.16. Executing MEMORY pass.

6.16.1. Executing MEMORY_DFF pass (merging $dff cells to $memrd and $memwr).
Checking cell `$memwr$\cpuregs$/mnt/toshiba4tb/workspace/projects/picorv32/picorv32.v:1377$4401' in module `\picorv32': merged $dff to cell.
Checking cell `$memrd$\cpuregs$/mnt/toshiba4tb/workspace/projects/picorv32/picorv32.v:1385$4193' in module `\picorv32': merged address $dff to cell.
Checking cell `$memrd$\cpuregs$/mnt/toshiba4tb/workspace/projects/picorv32/picorv32.v:1386$4196' in module `\picorv32': merged address $dff to cell.

6.16.2. Executing OPT_CLEAN pass (remove unused cells and wires).
Finding unused cells or wires in module \picorv32..
Finding unused cells or wires in module \picorv32_pcpi_mul..
Removed 3 unused cells and 3 unused wires.
<suppressed ~4 debug messages>

6.16.3. Executing MEMORY_SHARE pass (consolidating $memrd/$memwr cells).

6.16.4. Executing OPT_CLEAN pass (remove unused cells and wires).
Finding unused cells or wires in module \picorv32..
Finding unused cells or wires in module \picorv32_pcpi_mul..

6.16.5. Executing MEMORY_COLLECT pass (generating $mem cells).
Collecting $memrd, $memwr and $meminit for memory `\cpuregs' in module `\picorv32':
  $memwr$\cpuregs$/mnt/toshiba4tb/workspace/projects/picorv32/picorv32.v:1377$4401 ($memwr)
  $memrd$\cpuregs$/mnt/toshiba4tb/workspace/projects/picorv32/picorv32.v:1385$4193 ($memrd)
  $memrd$\cpuregs$/mnt/toshiba4tb/workspace/projects/picorv32/picorv32.v:1386$4196 ($memrd)

6.17. Executing OPT_CLEAN pass (remove unused cells and wires).
Finding unused cells or wires in module \picorv32..
Finding unused cells or wires in module \picorv32_pcpi_mul..

6.18. Executing OPT pass (performing simple optimizations).

6.18.1. Executing OPT_EXPR pass (perform const folding).
Optimizing module picorv32.
<suppressed ~99 debug messages>
Optimizing module picorv32_pcpi_mul.
<suppressed ~11 debug messages>

6.18.2. Executing OPT_MERGE pass (detect identical cells).
Finding identical cells in module `\picorv32'.
<suppressed ~3 debug messages>
Finding identical cells in module `\picorv32_pcpi_mul'.
Removed a total of 1 cells.

6.18.3. Executing OPT_RMDFF pass (remove dff with constant values).

6.18.4. Executing OPT_CLEAN pass (remove unused cells and wires).
Finding unused cells or wires in module \picorv32..
Finding unused cells or wires in module \picorv32_pcpi_mul..
Removed 16 unused cells and 34 unused wires.
<suppressed ~21 debug messages>

6.18.5. Finished fast OPT passes.

6.19. Executing MEMORY_MAP pass (converting $mem cells to logic and flip-flops).
Mapping memory cell \cpuregs in module \picorv32:
  created 32 $dff cells and 0 static cells of width 32.
  read interface: 2 $dff and 62 $mux cells.
  write interface: 32 write mux blocks.

6.20. Executing OPT pass (performing simple optimizations).

6.20.1. Executing OPT_EXPR pass (perform const folding).
Optimizing module picorv32.
<suppressed ~10 debug messages>
Optimizing module picorv32_pcpi_mul.

6.20.2. Executing OPT_MERGE pass (detect identical cells).
Finding identical cells in module `\picorv32'.
<suppressed ~6 debug messages>
Finding identical cells in module `\picorv32_pcpi_mul'.
Removed a total of 2 cells.

6.20.3. Executing OPT_MUXTREE pass (detect dead branches in mux trees).
Running muxtree optimizer on module \picorv32..
  Creating internal representation of mux trees.
  Evaluating internal representation of mux trees.
  Analyzing evaluation results.
    dead port 4/5 on $pmux $procmux$6367.
    dead port 2/3 on $pmux $procmux$6426.
    dead port 3/6 on $pmux $procmux$6618.
    dead port 1/2 on $mux $procmux$6634.
    dead port 2/2 on $mux $procmux$6634.
    dead port 2/5 on $pmux $procmux$6902.
    dead port 1/4 on $pmux $procmux$6912.
    dead port 2/4 on $pmux $procmux$6912.
    dead port 3/4 on $pmux $procmux$6912.
    dead port 4/4 on $pmux $procmux$6912.
    dead port 1/3 on $pmux $procmux$7109.
Running muxtree optimizer on module \picorv32_pcpi_mul..
  Creating internal representation of mux trees.
  Evaluating internal representation of mux trees.
  Analyzing evaluation results.
Removed 11 multiplexer ports.
<suppressed ~161 debug messages>

6.20.4. Executing OPT_REDUCE pass (consolidate $*mux and $reduce_* inputs).
  Optimizing cells in module \picorv32.
    New input vector for $reduce_or cell $auto$opt_reduce.cc:126:opt_mux$7501: { \cpu_state [0] \cpu_state [1] \cpu_state [2] \cpu_state [4] \cpu_state [5] \cpu_state [6] }
    New input vector for $reduce_or cell $auto$opt_reduce.cc:126:opt_mux$7497: { \cpu_state [0] \cpu_state [1] \cpu_state [2] \cpu_state [3] \cpu_state [4] \cpu_state [6] }
    New input vector for $reduce_or cell $auto$fsm_map.cc:144:implement_pattern_cache$7927: { $auto$fsm_map.cc:118:implement_pattern_cache$7921 $auto$fsm_map.cc:118:implement_pattern_cache$7917 $auto$fsm_map.cc:118:implement_pattern_cache$7913 $auto$fsm_map.cc:74:implement_pattern_cache$7909 $auto$fsm_map.cc:118:implement_pattern_cache$7907 $auto$fsm_map.cc:74:implement_pattern_cache$7903 $auto$fsm_map.cc:118:implement_pattern_cache$7901 $auto$fsm_map.cc:118:implement_pattern_cache$7925 }
    New input vector for $reduce_or cell $auto$fsm_map.cc:144:implement_pattern_cache$7863: { $auto$fsm_map.cc:118:implement_pattern_cache$7845 $auto$fsm_map.cc:118:implement_pattern_cache$7841 $auto$fsm_map.cc:118:implement_pattern_cache$7849 $auto$fsm_map.cc:118:implement_pattern_cache$7861 $auto$fsm_map.cc:118:implement_pattern_cache$7857 $auto$fsm_map.cc:118:implement_pattern_cache$7853 }
    New input vector for $reduce_or cell $auto$fsm_map.cc:144:implement_pattern_cache$7838: { $auto$fsm_map.cc:118:implement_pattern_cache$7836 $auto$fsm_map.cc:118:implement_pattern_cache$7820 $auto$fsm_map.cc:118:implement_pattern_cache$7816 $auto$fsm_map.cc:118:implement_pattern_cache$7828 $auto$fsm_map.cc:118:implement_pattern_cache$7832 $auto$fsm_map.cc:118:implement_pattern_cache$7824 }
    New input vector for $reduce_or cell $auto$fsm_map.cc:144:implement_pattern_cache$7813: { $auto$fsm_map.cc:118:implement_pattern_cache$7811 $auto$fsm_map.cc:118:implement_pattern_cache$7791 $auto$fsm_map.cc:118:implement_pattern_cache$7795 $auto$fsm_map.cc:118:implement_pattern_cache$7803 $auto$fsm_map.cc:118:implement_pattern_cache$7799 $auto$fsm_map.cc:118:implement_pattern_cache$7807 }
    New input vector for $reduce_or cell $auto$fsm_map.cc:144:implement_pattern_cache$7788: { $auto$fsm_map.cc:118:implement_pattern_cache$7774 $auto$fsm_map.cc:118:implement_pattern_cache$7778 $auto$fsm_map.cc:118:implement_pattern_cache$7782 $auto$fsm_map.cc:118:implement_pattern_cache$7786 $auto$fsm_map.cc:118:implement_pattern_cache$7770 $auto$fsm_map.cc:118:implement_pattern_cache$7766 }
    New input vector for $reduce_or cell $auto$fsm_map.cc:144:implement_pattern_cache$7763: { $auto$fsm_map.cc:118:implement_pattern_cache$7749 $auto$fsm_map.cc:118:implement_pattern_cache$7757 $auto$fsm_map.cc:118:implement_pattern_cache$7761 $auto$fsm_map.cc:118:implement_pattern_cache$7753 }
    New input vector for $reduce_or cell $auto$fsm_map.cc:144:implement_pattern_cache$7746: { $auto$fsm_map.cc:118:implement_pattern_cache$7728 $auto$fsm_map.cc:118:implement_pattern_cache$7744 $auto$fsm_map.cc:118:implement_pattern_cache$7738 $auto$fsm_map.cc:118:implement_pattern_cache$7724 $auto$fsm_map.cc:118:implement_pattern_cache$7720 $auto$fsm_map.cc:74:implement_pattern_cache$7676 $auto$fsm_map.cc:118:implement_pattern_cache$7716 $auto$fsm_map.cc:118:implement_pattern_cache$7688 $auto$fsm_map.cc:118:implement_pattern_cache$7712 $auto$fsm_map.cc:118:implement_pattern_cache$7684 $auto$fsm_map.cc:118:implement_pattern_cache$7708 $auto$fsm_map.cc:118:implement_pattern_cache$7704 $auto$fsm_map.cc:118:implement_pattern_cache$7680 $auto$fsm_map.cc:74:implement_pattern_cache$7674 $auto$fsm_map.cc:118:implement_pattern_cache$7700 $auto$fsm_map.cc:118:implement_pattern_cache$7696 $auto$fsm_map.cc:118:implement_pattern_cache$7692 $auto$fsm_map.cc:118:implement_pattern_cache$7732 }
    New input vector for $reduce_or cell $auto$fsm_map.cc:144:implement_pattern_cache$7673: { $auto$fsm_map.cc:118:implement_pattern_cache$7653 $auto$fsm_map.cc:118:implement_pattern_cache$7661 $auto$fsm_map.cc:118:implement_pattern_cache$7657 $auto$fsm_map.cc:74:implement_pattern_cache$7671 $auto$fsm_map.cc:74:implement_pattern_cache$7669 $auto$fsm_map.cc:74:implement_pattern_cache$7667 $auto$fsm_map.cc:118:implement_pattern_cache$7665 }
    New input vector for $reduce_or cell $auto$fsm_map.cc:105:implement_pattern_cache$7743: { \cpu_state [5] \cpu_state [6] }
    Consolidated identical input bits for $pmux cell $procmux$4509:
      Old ports: A=\reg_op2, B={ \reg_op2 [15:0] \reg_op2 [15:0] \reg_op2 [7:0] \reg_op2 [7:0] \reg_op2 [7:0] \reg_op2 [7:0] }, Y=\mem_la_wdata
      New ports: A=\reg_op2 [31:8], B={ \reg_op2 [15:0] \reg_op2 [15:0] \reg_op2 [7:0] \reg_op2 [7:0] }, Y=\mem_la_wdata [31:8]
      New connections: \mem_la_wdata [7:0] = \reg_op2 [7:0]
    Consolidated identical input bits for $pmux cell $procmux$6359:
      Old ports: A=\mem_rdata_word, B={ \mem_rdata_word [15] \mem_rdata_word [15] \mem_rdata_word [15] \mem_rdata_word [15] \mem_rdata_word [15] \mem_rdata_word [15] \mem_rdata_word [15] \mem_rdata_word [15] \mem_rdata_word [15] \mem_rdata_word [15] \mem_rdata_word [15] \mem_rdata_word [15] \mem_rdata_word [15] \mem_rdata_word [15] \mem_rdata_word [15] \mem_rdata_word [15] \mem_rdata_word [15:0] \mem_rdata_word [7] \mem_rdata_word [7] \mem_rdata_word [7] \mem_rdata_word [7] \mem_rdata_word [7] \mem_rdata_word [7] \mem_rdata_word [7] \mem_rdata_word [7] \mem_rdata_word [7] \mem_rdata_word [7] \mem_rdata_word [7] \mem_rdata_word [7] \mem_rdata_word [7] \mem_rdata_word [7] \mem_rdata_word [7] \mem_rdata_word [7] \mem_rdata_word [7] \mem_rdata_word [7] \mem_rdata_word [7] \mem_rdata_word [7] \mem_rdata_word [7] \mem_rdata_word [7] \mem_rdata_word [7] \mem_rdata_word [7] \mem_rdata_word [7:0] }, Y=$procmux$6359_Y
      New ports: A=\mem_rdata_word [31:8], B={ \mem_rdata_word [15] \mem_rdata_word [15] \mem_rdata_word [15] \mem_rdata_word [15] \mem_rdata_word [15] \mem_rdata_word [15] \mem_rdata_word [15] \mem_rdata_word [15] \mem_rdata_word [15] \mem_rdata_word [15] \mem_rdata_word [15] \mem_rdata_word [15] \mem_rdata_word [15] \mem_rdata_word [15] \mem_rdata_word [15] \mem_rdata_word [15] \mem_rdata_word [15:7] \mem_rdata_word [7] \mem_rdata_word [7] \mem_rdata_word [7] \mem_rdata_word [7] \mem_rdata_word [7] \mem_rdata_word [7] \mem_rdata_word [7] \mem_rdata_word [7] \mem_rdata_word [7] \mem_rdata_word [7] \mem_rdata_word [7] \mem_rdata_word [7] \mem_rdata_word [7] \mem_rdata_word [7] \mem_rdata_word [7] \mem_rdata_word [7] \mem_rdata_word [7] \mem_rdata_word [7] \mem_rdata_word [7] \mem_rdata_word [7] \mem_rdata_word [7] \mem_rdata_word [7] \mem_rdata_word [7] }, Y=$procmux$6359_Y [31:8]
      New connections: $procmux$6359_Y [7:0] = \mem_rdata_word [7:0]
    Consolidated identical input bits for $mux cell $ternary$/mnt/toshiba4tb/workspace/projects/picorv32/picorv32.v:1350$4176:
      Old ports: A=3'100, B=3'010, Y=$auto$wreduce.cc:455:run$7533 [2:0]
      New ports: A=2'10, B=2'01, Y=$auto$wreduce.cc:455:run$7533 [2:1]
      New connections: $auto$wreduce.cc:455:run$7533 [0] = 1'0
    Consolidated identical input bits for $mux cell $ternary$/mnt/toshiba4tb/workspace/projects/picorv32/picorv32.v:397$3782:
      Old ports: A={ \reg_op1 [31:2] 2'00 }, B={ \next_pc [31:2] 2'00 }, Y=\mem_la_addr
      New ports: A=\reg_op1 [31:2], B=\next_pc [31:2], Y=\mem_la_addr [31:2]
      New connections: \mem_la_addr [1:0] = 2'00
    Consolidated identical input bits for $mux cell $ternary$/mnt/toshiba4tb/workspace/projects/picorv32/picorv32.v:426$3797:
      Old ports: A=4'0011, B=4'1100, Y=$ternary$/mnt/toshiba4tb/workspace/projects/picorv32/picorv32.v:426$3797_Y
      New ports: A=2'01, B=2'10, Y={ $ternary$/mnt/toshiba4tb/workspace/projects/picorv32/picorv32.v:426$3797_Y [2] $ternary$/mnt/toshiba4tb/workspace/projects/picorv32/picorv32.v:426$3797_Y [0] }
      New connections: { $ternary$/mnt/toshiba4tb/workspace/projects/picorv32/picorv32.v:426$3797_Y [3] $ternary$/mnt/toshiba4tb/workspace/projects/picorv32/picorv32.v:426$3797_Y [1] } = { $ternary$/mnt/toshiba4tb/workspace/projects/picorv32/picorv32.v:426$3797_Y [2] $ternary$/mnt/toshiba4tb/workspace/projects/picorv32/picorv32.v:426$3797_Y [0] }
    Consolidated identical input bits for $mux cell $ternary$/mnt/toshiba4tb/workspace/projects/picorv32/picorv32.v:632$3859:
      Old ports: A=2'11, B=2'00, Y=$procmux$4797_Y
      New ports: A=1'1, B=1'0, Y=$procmux$4797_Y [0]
      New connections: $procmux$4797_Y [1] = $procmux$4797_Y [0]
  Optimizing cells in module \picorv32.
  Optimizing cells in module \picorv32_pcpi_mul.
    Consolidated identical input bits for $mux cell $procmux$4432:
      Old ports: A={ \next_rdt [59] 3'000 \next_rdt [55] 3'000 \next_rdt [51] 3'000 \next_rdt [47] 3'000 \next_rdt [43] 3'000 \next_rdt [39] 3'000 \next_rdt [35] 3'000 \next_rdt [31] 3'000 \next_rdt [27] 3'000 \next_rdt [23] 3'000 \next_rdt [19] 3'000 \next_rdt [15] 3'000 \next_rdt [11] 3'000 \next_rdt [7] 3'000 \next_rdt [3] 4'0000 }, B=61'0000000000000000000000000000000000000000000000000000000000000, Y=$auto$wreduce.cc:455:run$7535 [60:0]
      New ports: A={ \next_rdt [59] \next_rdt [55] \next_rdt [51] \next_rdt [47] \next_rdt [43] \next_rdt [39] \next_rdt [35] \next_rdt [31] \next_rdt [27] \next_rdt [23] \next_rdt [19] \next_rdt [15] \next_rdt [11] \next_rdt [7] \next_rdt [3] }, B=15'000000000000000, Y={ $auto$wreduce.cc:455:run$7535 [60] $auto$wreduce.cc:455:run$7535 [56] $auto$wreduce.cc:455:run$7535 [52] $auto$wreduce.cc:455:run$7535 [48] $auto$wreduce.cc:455:run$7535 [44] $auto$wreduce.cc:455:run$7535 [40] $auto$wreduce.cc:455:run$7535 [36] $auto$wreduce.cc:455:run$7535 [32] $auto$wreduce.cc:455:run$7535 [28] $auto$wreduce.cc:455:run$7535 [24] $auto$wreduce.cc:455:run$7535 [20] $auto$wreduce.cc:455:run$7535 [16] $auto$wreduce.cc:455:run$7535 [12] $auto$wreduce.cc:455:run$7535 [8] $auto$wreduce.cc:455:run$7535 [4] }
      New connections: { $auto$wreduce.cc:455:run$7535 [59:57] $auto$wreduce.cc:455:run$7535 [55:53] $auto$wreduce.cc:455:run$7535 [51:49] $auto$wreduce.cc:455:run$7535 [47:45] $auto$wreduce.cc:455:run$7535 [43:41] $auto$wreduce.cc:455:run$7535 [39:37] $auto$wreduce.cc:455:run$7535 [35:33] $auto$wreduce.cc:455:run$7535 [31:29] $auto$wreduce.cc:455:run$7535 [27:25] $auto$wreduce.cc:455:run$7535 [23:21] $auto$wreduce.cc:455:run$7535 [19:17] $auto$wreduce.cc:455:run$7535 [15:13] $auto$wreduce.cc:455:run$7535 [11:9] $auto$wreduce.cc:455:run$7535 [7:5] $auto$wreduce.cc:455:run$7535 [3:0] } = 46'0000000000000000000000000000000000000000000000
    Consolidated identical input bits for $mux cell $procmux$4445:
      Old ports: A={ 32'00000000000000000000000000000000 \pcpi_rs2 }, B={ \pcpi_rs2 [31] \pcpi_rs2 [31] \pcpi_rs2 [31] \pcpi_rs2 [31] \pcpi_rs2 [31] \pcpi_rs2 [31] \pcpi_rs2 [31] \pcpi_rs2 [31] \pcpi_rs2 [31] \pcpi_rs2 [31] \pcpi_rs2 [31] \pcpi_rs2 [31] \pcpi_rs2 [31] \pcpi_rs2 [31] \pcpi_rs2 [31] \pcpi_rs2 [31] \pcpi_rs2 [31] \pcpi_rs2 [31] \pcpi_rs2 [31] \pcpi_rs2 [31] \pcpi_rs2 [31] \pcpi_rs2 [31] \pcpi_rs2 [31] \pcpi_rs2 [31] \pcpi_rs2 [31] \pcpi_rs2 [31] \pcpi_rs2 [31] \pcpi_rs2 [31] \pcpi_rs2 [31] \pcpi_rs2 [31] \pcpi_rs2 [31] \pcpi_rs2 [31] \pcpi_rs2 }, Y=$procmux$4445_Y
      New ports: A=1'0, B=\pcpi_rs2 [31], Y=$procmux$4445_Y [32]
      New connections: { $procmux$4445_Y [63:33] $procmux$4445_Y [31:0] } = { $procmux$4445_Y [32] $procmux$4445_Y [32] $procmux$4445_Y [32] $procmux$4445_Y [32] $procmux$4445_Y [32] $procmux$4445_Y [32] $procmux$4445_Y [32] $procmux$4445_Y [32] $procmux$4445_Y [32] $procmux$4445_Y [32] $procmux$4445_Y [32] $procmux$4445_Y [32] $procmux$4445_Y [32] $procmux$4445_Y [32] $procmux$4445_Y [32] $procmux$4445_Y [32] $procmux$4445_Y [32] $procmux$4445_Y [32] $procmux$4445_Y [32] $procmux$4445_Y [32] $procmux$4445_Y [32] $procmux$4445_Y [32] $procmux$4445_Y [32] $procmux$4445_Y [32] $procmux$4445_Y [32] $procmux$4445_Y [32] $procmux$4445_Y [32] $procmux$4445_Y [32] $procmux$4445_Y [32] $procmux$4445_Y [32] $procmux$4445_Y [32] \pcpi_rs2 }
    Consolidated identical input bits for $mux cell $procmux$4454:
      Old ports: A={ 32'00000000000000000000000000000000 \pcpi_rs1 }, B={ \pcpi_rs1 [31] \pcpi_rs1 [31] \pcpi_rs1 [31] \pcpi_rs1 [31] \pcpi_rs1 [31] \pcpi_rs1 [31] \pcpi_rs1 [31] \pcpi_rs1 [31] \pcpi_rs1 [31] \pcpi_rs1 [31] \pcpi_rs1 [31] \pcpi_rs1 [31] \pcpi_rs1 [31] \pcpi_rs1 [31] \pcpi_rs1 [31] \pcpi_rs1 [31] \pcpi_rs1 [31] \pcpi_rs1 [31] \pcpi_rs1 [31] \pcpi_rs1 [31] \pcpi_rs1 [31] \pcpi_rs1 [31] \pcpi_rs1 [31] \pcpi_rs1 [31] \pcpi_rs1 [31] \pcpi_rs1 [31] \pcpi_rs1 [31] \pcpi_rs1 [31] \pcpi_rs1 [31] \pcpi_rs1 [31] \pcpi_rs1 [31] \pcpi_rs1 [31] \pcpi_rs1 }, Y=$procmux$4454_Y
      New ports: A=1'0, B=\pcpi_rs1 [31], Y=$procmux$4454_Y [32]
      New connections: { $procmux$4454_Y [63:33] $procmux$4454_Y [31:0] } = { $procmux$4454_Y [32] $procmux$4454_Y [32] $procmux$4454_Y [32] $procmux$4454_Y [32] $procmux$4454_Y [32] $procmux$4454_Y [32] $procmux$4454_Y [32] $procmux$4454_Y [32] $procmux$4454_Y [32] $procmux$4454_Y [32] $procmux$4454_Y [32] $procmux$4454_Y [32] $procmux$4454_Y [32] $procmux$4454_Y [32] $procmux$4454_Y [32] $procmux$4454_Y [32] $procmux$4454_Y [32] $procmux$4454_Y [32] $procmux$4454_Y [32] $procmux$4454_Y [32] $procmux$4454_Y [32] $procmux$4454_Y [32] $procmux$4454_Y [32] $procmux$4454_Y [32] $procmux$4454_Y [32] $procmux$4454_Y [32] $procmux$4454_Y [32] $procmux$4454_Y [32] $procmux$4454_Y [32] $procmux$4454_Y [32] $procmux$4454_Y [32] \pcpi_rs1 }
    Consolidated identical input bits for $mux cell $ternary$/mnt/toshiba4tb/workspace/projects/picorv32/picorv32.v:2324$772:
      Old ports: A=6'011110, B=6'111110, Y=$ternary$/mnt/toshiba4tb/workspace/projects/picorv32/picorv32.v:2324$772_Y [5:0]
      New ports: A=1'0, B=1'1, Y=$ternary$/mnt/toshiba4tb/workspace/projects/picorv32/picorv32.v:2324$772_Y [5]
      New connections: $ternary$/mnt/toshiba4tb/workspace/projects/picorv32/picorv32.v:2324$772_Y [4:0] = 5'11110
  Optimizing cells in module \picorv32_pcpi_mul.
Performed a total of 21 changes.

6.20.5. Executing OPT_MERGE pass (detect identical cells).
Finding identical cells in module `\picorv32'.
Finding identical cells in module `\picorv32_pcpi_mul'.
Removed a total of 0 cells.

6.20.6. Executing OPT_RMDFF pass (remove dff with constant values).

6.20.7. Executing OPT_CLEAN pass (remove unused cells and wires).
Finding unused cells or wires in module \picorv32..
Finding unused cells or wires in module \picorv32_pcpi_mul..
Removed 0 unused cells and 105 unused wires.
<suppressed ~1 debug messages>

6.20.8. Executing OPT_EXPR pass (perform const folding).
Optimizing module picorv32.
<suppressed ~1 debug messages>
Optimizing module picorv32_pcpi_mul.
<suppressed ~3 debug messages>

6.20.9. Rerunning OPT passes. (Maybe there is more to do..)

6.20.10. Executing OPT_MUXTREE pass (detect dead branches in mux trees).
Running muxtree optimizer on module \picorv32..
  Creating internal representation of mux trees.
  Evaluating internal representation of mux trees.
  Analyzing evaluation results.
Running muxtree optimizer on module \picorv32_pcpi_mul..
  Creating internal representation of mux trees.
  Evaluating internal representation of mux trees.
  Analyzing evaluation results.
Removed 0 multiplexer ports.
<suppressed ~161 debug messages>

6.20.11. Executing OPT_REDUCE pass (consolidate $*mux and $reduce_* inputs).
  Optimizing cells in module \picorv32.
  Optimizing cells in module \picorv32_pcpi_mul.
Performed a total of 0 changes.

6.20.12. Executing OPT_MERGE pass (detect identical cells).
Finding identical cells in module `\picorv32'.
Finding identical cells in module `\picorv32_pcpi_mul'.
Removed a total of 0 cells.

6.20.13. Executing OPT_RMDFF pass (remove dff with constant values).

6.20.14. Executing OPT_CLEAN pass (remove unused cells and wires).
Finding unused cells or wires in module \picorv32..
Finding unused cells or wires in module \picorv32_pcpi_mul..
Removed 0 unused cells and 1 unused wires.
<suppressed ~1 debug messages>

6.20.15. Executing OPT_EXPR pass (perform const folding).
Optimizing module picorv32.
Optimizing module picorv32_pcpi_mul.

6.20.16. Finished OPT passes. (There is nothing left to do.)

6.21. Executing TECHMAP pass (map to technology primitives).

6.21.1. Executing Verilog-2005 frontend: <techmap.v>
Parsing Verilog input from `<techmap.v>' to AST representation.
Generating RTLIL representation for module `\_90_simplemap_bool_ops'.
Generating RTLIL representation for module `\_90_simplemap_reduce_ops'.
Generating RTLIL representation for module `\_90_simplemap_logic_ops'.
Generating RTLIL representation for module `\_90_simplemap_compare_ops'.
Generating RTLIL representation for module `\_90_simplemap_various'.
Generating RTLIL representation for module `\_90_simplemap_registers'.
Generating RTLIL representation for module `\_90_shift_ops_shr_shl_sshl_sshr'.
Generating RTLIL representation for module `\_90_shift_shiftx'.
Generating RTLIL representation for module `\_90_fa'.
Generating RTLIL representation for module `\_90_lcu'.
Generating RTLIL representation for module `\_90_alu'.
Generating RTLIL representation for module `\_90_macc'.
Generating RTLIL representation for module `\_90_alumacc'.
Generating RTLIL representation for module `\$__div_mod_u'.
Generating RTLIL representation for module `\$__div_mod'.
Generating RTLIL representation for module `\_90_div'.
Generating RTLIL representation for module `\_90_mod'.
Generating RTLIL representation for module `\_90_pow'.
Generating RTLIL representation for module `\_90_pmux'.
Generating RTLIL representation for module `\_90_lut'.
Successfully finished Verilog frontend.

6.21.2. Continuing TECHMAP pass.
Using extmapper simplemap for cells of type $mux.
Using extmapper simplemap for cells of type $dff.
Using extmapper simplemap for cells of type $not.
Using extmapper simplemap for cells of type $or.
Using template $paramod\_90_alu\A_SIGNED=1\B_SIGNED=1\A_WIDTH=32\B_WIDTH=32\Y_WIDTH=32 for cells of type $alu.
Using template $paramod\_90_alu\A_SIGNED=0\B_SIGNED=0\A_WIDTH=1\B_WIDTH=64\Y_WIDTH=64 for cells of type $alu.
Using extmapper simplemap for cells of type $and.
Using extmapper simplemap for cells of type $reduce_and.
Using template $paramod\_90_alu\A_SIGNED=0\B_SIGNED=0\A_WIDTH=4\B_WIDTH=1\Y_WIDTH=4 for cells of type $alu.
Using template $paramod\_90_alu\A_SIGNED=0\B_SIGNED=0\A_WIDTH=5\B_WIDTH=3\Y_WIDTH=5 for cells of type $alu.
Using extmapper simplemap for cells of type $xor.
Using template $paramod\_90_alu\A_SIGNED=0\B_SIGNED=0\A_WIDTH=32\B_WIDTH=32\Y_WIDTH=32 for cells of type $alu.
Using extmapper simplemap for cells of type $eq.
Using extmapper simplemap for cells of type $reduce_or.
Using template $paramod$constmap:66d421c313e4e958be776b99540ac2de3b59fdbc$paramod$9b74a473ccd678a23e1df4cc12019cbbece20051\_90_shift_ops_shr_shl_sshl_sshr for cells of type $shl.
Using template $paramod\_90_pmux\WIDTH=4\S_WIDTH=2 for cells of type $pmux.
Using template $paramod\_90_pmux\WIDTH=8\S_WIDTH=3 for cells of type $pmux.
Using template $paramod\_90_pmux\WIDTH=32\S_WIDTH=2 for cells of type $pmux.
Using template $paramod\_90_pmux\WIDTH=24\S_WIDTH=2 for cells of type $pmux.
Using template $paramod\_90_pmux\WIDTH=1\S_WIDTH=2 for cells of type $pmux.
Using template $paramod\_90_alu\A_SIGNED=0\B_SIGNED=0\A_WIDTH=3\B_WIDTH=32\Y_WIDTH=32 for cells of type $alu.
Using template $paramod\_90_pmux\WIDTH=1\S_WIDTH=5 for cells of type $pmux.
Using template $paramod\_90_pmux\WIDTH=32\S_WIDTH=4 for cells of type $pmux.
Using template $paramod\_90_pmux\WIDTH=32\S_WIDTH=5 for cells of type $pmux.
Using template $paramod\_90_pmux\WIDTH=1\S_WIDTH=4 for cells of type $pmux.
Using template $paramod\_90_pmux\WIDTH=1\S_WIDTH=3 for cells of type $pmux.
Using extmapper simplemap for cells of type $logic_not.
Using template $paramod\_90_pmux\WIDTH=2\S_WIDTH=4 for cells of type $pmux.
Using template $paramod\_90_pmux\WIDTH=5\S_WIDTH=2 for cells of type $pmux.
Using template $paramod\_90_pmux\WIDTH=32\S_WIDTH=3 for cells of type $pmux.
Using template $paramod\_90_alu\A_SIGNED=0\B_SIGNED=0\A_WIDTH=3\B_WIDTH=5\Y_WIDTH=5 for cells of type $alu.
Using extmapper simplemap for cells of type $logic_and.
Using extmapper simplemap for cells of type $logic_or.
Using extmapper simplemap for cells of type $reduce_bool.
Using template $paramod\_90_alu\A_SIGNED=0\B_SIGNED=0\A_WIDTH=5\B_WIDTH=1\Y_WIDTH=5 for cells of type $alu.
Using extmapper simplemap for cells of type $pos.
Using template $paramod\_90_lcu\WIDTH=32 for cells of type $lcu.
Using template $paramod\_90_lcu\WIDTH=64 for cells of type $lcu.
Using template $paramod\_90_lcu\WIDTH=4 for cells of type $lcu.
Using template $paramod\_90_lcu\WIDTH=5 for cells of type $lcu.
Using extmapper maccmap for cells of type $macc.
  add \rd [51:48] (4 bits, unsigned)
  add \this_rs2 [51:48] (4 bits, unsigned)
  add \rdx [51:48] (4 bits, unsigned)
  add \rd [27:24] (4 bits, unsigned)
  add \this_rs2 [27:24] (4 bits, unsigned)
  add \rdx [27:24] (4 bits, unsigned)
  add \rd [39:36] (4 bits, unsigned)
  add \this_rs2 [39:36] (4 bits, unsigned)
  add \rdx [39:36] (4 bits, unsigned)
  add \rd [23:20] (4 bits, unsigned)
  add \this_rs2 [23:20] (4 bits, unsigned)
  add \rdx [23:20] (4 bits, unsigned)
  add \rd [55:52] (4 bits, unsigned)
  add \this_rs2 [55:52] (4 bits, unsigned)
  add \rdx [55:52] (4 bits, unsigned)
  add \rd [19:16] (4 bits, unsigned)
  add \this_rs2 [19:16] (4 bits, unsigned)
  add \rdx [19:16] (4 bits, unsigned)
  add \rd [47:44] (4 bits, unsigned)
  add \this_rs2 [47:44] (4 bits, unsigned)
  add \rdx [47:44] (4 bits, unsigned)
  add \rd [15:12] (4 bits, unsigned)
  add \this_rs2 [15:12] (4 bits, unsigned)
  add \rdx [15:12] (4 bits, unsigned)
  add \rd [59:56] (4 bits, unsigned)
  add \this_rs2 [59:56] (4 bits, unsigned)
  add \rdx [59:56] (4 bits, unsigned)
  add \rd [11:8] (4 bits, unsigned)
  add \this_rs2 [11:8] (4 bits, unsigned)
  add \rdx [11:8] (4 bits, unsigned)
  add \rd [35:32] (4 bits, unsigned)
  add \this_rs2 [35:32] (4 bits, unsigned)
  add \rdx [35:32] (4 bits, unsigned)
  add \rd [7:4] (4 bits, unsigned)
  add \this_rs2 [7:4] (4 bits, unsigned)
  add \rdx [7:4] (4 bits, unsigned)
  add \rd [63:60] (4 bits, unsigned)
  add \this_rs2 [63:60] (4 bits, unsigned)
  add \rdx [63:60] (4 bits, unsigned)
  add \rd [3:0] (4 bits, unsigned)
  add \this_rs2 [3:0] (4 bits, unsigned)
  add \rdx [3:0] (4 bits, unsigned)
  add \rd [43:40] (4 bits, unsigned)
  add \this_rs2 [43:40] (4 bits, unsigned)
  add \rdx [43:40] (4 bits, unsigned)
Using template $paramod\_90_alu\A_SIGNED=0\B_SIGNED=0\A_WIDTH=7\B_WIDTH=1\Y_WIDTH=7 for cells of type $alu.
  add \rd [31:28] (4 bits, unsigned)
  add \this_rs2 [31:28] (4 bits, unsigned)
  add \rdx [31:28] (4 bits, unsigned)
Using template $paramod\_90_fa\WIDTH=4 for cells of type $fa.
Using template $paramod\_90_alu\A_SIGNED=0\B_SIGNED=0\A_WIDTH=5\B_WIDTH=5\Y_WIDTH=5 for cells of type $alu.
Using template $paramod\_90_alu\A_SIGNED=0\B_SIGNED=0\A_WIDTH=4\B_WIDTH=4\Y_WIDTH=4 for cells of type $alu.
Using template $paramod\_90_lcu\WIDTH=7 for cells of type $lcu.
No more expansions possible.
<suppressed ~5138 debug messages>

6.22. Executing OPT pass (performing simple optimizations).

6.22.1. Executing OPT_EXPR pass (perform const folding).
Optimizing module picorv32.
<suppressed ~1970 debug messages>
Optimizing module picorv32_pcpi_mul.
<suppressed ~323 debug messages>

6.22.2. Executing OPT_MERGE pass (detect identical cells).
Finding identical cells in module `\picorv32'.
<suppressed ~3657 debug messages>
Finding identical cells in module `\picorv32_pcpi_mul'.
<suppressed ~9 debug messages>
Removed a total of 1222 cells.

6.22.3. Executing OPT_RMDFF pass (remove dff with constant values).

6.22.4. Executing OPT_CLEAN pass (remove unused cells and wires).
Finding unused cells or wires in module \picorv32..
Finding unused cells or wires in module \picorv32_pcpi_mul..
Removed 503 unused cells and 3295 unused wires.
<suppressed ~505 debug messages>

6.22.5. Finished fast OPT passes.

6.23. Executing ABC pass (technology mapping using ABC).

6.23.1. Extracting gate netlist of module `\picorv32' to `<abc-temp-dir>/input.blif'..
Extracted 9045 gates and 10770 wires to a netlist network with 1722 inputs and 1713 outputs.

6.23.1.1. Executing ABC.
Running ABC command: berkeley-abc -s -f <abc-temp-dir>/abc.script 2>&1
ABC: ABC command line: "source <abc-temp-dir>/abc.script".
ABC: 
ABC: + read_blif <abc-temp-dir>/input.blif 
ABC: + read_library <abc-temp-dir>/stdcells.genlib 
ABC: Entered genlib library with 17 gates from file "<abc-temp-dir>/stdcells.genlib".
ABC: + strash 
ABC: + dretime 
ABC: + retime 
ABC: + map 
ABC: + write_blif <abc-temp-dir>/output.blif 

6.23.1.2. Re-integrating ABC results.
ABC RESULTS:               AND cells:      143
ABC RESULTS:            ANDNOT cells:      715
ABC RESULTS:              AOI3 cells:      271
ABC RESULTS:              AOI4 cells:      119
ABC RESULTS:               MUX cells:     4441
ABC RESULTS:              NAND cells:      318
ABC RESULTS:               NOR cells:      154
ABC RESULTS:               NOT cells:      398
ABC RESULTS:              OAI3 cells:      285
ABC RESULTS:              OAI4 cells:      103
ABC RESULTS:                OR cells:      594
ABC RESULTS:             ORNOT cells:      136
ABC RESULTS:              XNOR cells:      137
ABC RESULTS:               XOR cells:      322
ABC RESULTS:        internal signals:     7335
ABC RESULTS:           input signals:     1722
ABC RESULTS:          output signals:     1713
Removing temp directory.

6.23.2. Extracting gate netlist of module `\picorv32_pcpi_mul' to `<abc-temp-dir>/input.blif'..
Extracted 1255 gates and 1643 wires to a netlist network with 386 inputs and 303 outputs.

6.23.2.1. Executing ABC.
Running ABC command: berkeley-abc -s -f <abc-temp-dir>/abc.script 2>&1
ABC: ABC command line: "source <abc-temp-dir>/abc.script".
ABC: 
ABC: + read_blif <abc-temp-dir>/input.blif 
ABC: + read_library <abc-temp-dir>/stdcells.genlib 
ABC: Entered genlib library with 17 gates from file "<abc-temp-dir>/stdcells.genlib".
ABC: + strash 
ABC: + dretime 
ABC: + retime 
ABC: + map 
ABC: + write_blif <abc-temp-dir>/output.blif 

6.23.2.2. Re-integrating ABC results.
ABC RESULTS:               AND cells:      116
ABC RESULTS:            ANDNOT cells:      185
ABC RESULTS:              AOI3 cells:       65
ABC RESULTS:               MUX cells:      375
ABC RESULTS:              NAND cells:       64
ABC RESULTS:               NOR cells:        4
ABC RESULTS:               NOT cells:        6
ABC RESULTS:              OAI3 cells:       31
ABC RESULTS:                OR cells:       58
ABC RESULTS:             ORNOT cells:       36
ABC RESULTS:              XNOR cells:      112
ABC RESULTS:               XOR cells:      117
ABC RESULTS:        internal signals:      954
ABC RESULTS:           input signals:      386
ABC RESULTS:          output signals:      303
Removing temp directory.

6.24. Executing OPT pass (performing simple optimizations).

6.24.1. Executing OPT_EXPR pass (perform const folding).
Optimizing module picorv32.
<suppressed ~1644 debug messages>
Optimizing module picorv32_pcpi_mul.
<suppressed ~279 debug messages>

6.24.2. Executing OPT_MERGE pass (detect identical cells).
Finding identical cells in module `\picorv32'.
<suppressed ~18 debug messages>
Finding identical cells in module `\picorv32_pcpi_mul'.
<suppressed ~3 debug messages>
Removed a total of 7 cells.

6.24.3. Executing OPT_RMDFF pass (remove dff with constant values).

6.24.4. Executing OPT_CLEAN pass (remove unused cells and wires).
Finding unused cells or wires in module \picorv32..
Finding unused cells or wires in module \picorv32_pcpi_mul..
Removed 12 unused cells and 5365 unused wires.
<suppressed ~34 debug messages>

6.24.5. Finished fast OPT passes.

6.25. Executing HIERARCHY pass (managing design hierarchy).

6.25.1. Analyzing design hierarchy..
Top module:  \picorv32
Used module:     \picorv32_pcpi_mul

6.25.2. Analyzing design hierarchy..
Top module:  \picorv32
Used module:     \picorv32_pcpi_mul
Removed 0 unused modules.

6.26. Printing statistics.

=== picorv32 ===

   Number of wires:               7716
   Number of wire bits:          10338
   Number of public wires:         184
   Number of public wire bits:    2343
   Number of memories:               0
   Number of memory bits:            0
   Number of processes:              0
   Number of cells:               9773
     $_ANDNOT_                     715
     $_AND_                        142
     $_AOI3_                       271
     $_AOI4_                       119
     $_DFF_P_                     1653
     $_MUX_                       4441
     $_NAND_                       318
     $_NOR_                        151
     $_NOT_                        387
     $_OAI3_                       285
     $_OAI4_                       103
     $_ORNOT_                      136
     $_OR_                         592
     $_XNOR_                       137
     $_XOR_                        322
     picorv32_pcpi_mul               1

=== picorv32_pcpi_mul ===

   Number of wires:                907
   Number of wire bits:           1884
   Number of public wires:          30
   Number of public wire bits:     718
   Number of memories:               0
   Number of memory bits:            0
   Number of processes:              0
   Number of cells:               1471
     $_ANDNOT_                     185
     $_AND_                        116
     $_AOI3_                        65
     $_DFF_P_                      304
     $_MUX_                        375
     $_NAND_                        64
     $_NOR_                          4
     $_NOT_                          5
     $_OAI3_                        31
     $_ORNOT_                       36
     $_OR_                          57
     $_XNOR_                       112
     $_XOR_                        117

=== design hierarchy ===

   picorv32                          1
     picorv32_pcpi_mul               1

   Number of wires:               8623
   Number of wire bits:          12222
   Number of public wires:         214
   Number of public wire bits:    3061
   Number of memories:               0
   Number of memory bits:            0
   Number of processes:              0
   Number of cells:              11243
     $_ANDNOT_                     900
     $_AND_                        258
     $_AOI3_                       336
     $_AOI4_                       119
     $_DFF_P_                     1957
     $_MUX_                       4816
     $_NAND_                       382
     $_NOR_                        155
     $_NOT_                        392
     $_OAI3_                       316
     $_OAI4_                       103
     $_ORNOT_                      172
     $_OR_                         649
     $_XNOR_                       249
     $_XOR_                        439

6.27. Executing CHECK pass (checking for obvious problems).
checking module picorv32..
checking module picorv32_pcpi_mul..
found and reported 0 problems.

7. Executing ABC pass (technology mapping using ABC).

7.1. Extracting gate netlist of module `\picorv32' to `<abc-temp-dir>/input.blif'..
Extracted 8119 gates and 9841 wires to a netlist network with 1722 inputs and 1713 outputs.

7.1.1. Executing ABC.
Running ABC command: berkeley-abc -s -f <abc-temp-dir>/abc.script 2>&1
ABC: ABC command line: "source <abc-temp-dir>/abc.script".
ABC: 
ABC: + read_blif <abc-temp-dir>/input.blif 
ABC: + read_library <abc-temp-dir>/stdcells.genlib 
ABC: Entered genlib library with 6 gates from file "<abc-temp-dir>/stdcells.genlib".
ABC: + strash 
ABC: + ifraig 
ABC: + scorr 
ABC: Warning: The network is combinational (run "fraig" or "fraig_sweep").
ABC: + dc2 
ABC: + dretime 
ABC: + retime 
ABC: + strash 
ABC: + &get -n 
ABC: + &dch -f 
ABC: + &nf 
ABC: + &put 
ABC: + write_blif <abc-temp-dir>/output.blif 

7.1.2. Re-integrating ABC results.
ABC RESULTS:               BUF cells:       32
ABC RESULTS:              NAND cells:    10942
ABC RESULTS:               NOR cells:     4377
ABC RESULTS:               NOT cells:     1033
ABC RESULTS:        internal signals:     6406
ABC RESULTS:           input signals:     1722
ABC RESULTS:          output signals:     1713
Removing temp directory.

7.2. Extracting gate netlist of module `\picorv32_pcpi_mul' to `<abc-temp-dir>/input.blif'..
Extracted 1167 gates and 1553 wires to a netlist network with 386 inputs and 303 outputs.

7.2.1. Executing ABC.
Running ABC command: berkeley-abc -s -f <abc-temp-dir>/abc.script 2>&1
ABC: ABC command line: "source <abc-temp-dir>/abc.script".
ABC: 
ABC: + read_blif <abc-temp-dir>/input.blif 
ABC: + read_library <abc-temp-dir>/stdcells.genlib 
ABC: Entered genlib library with 6 gates from file "<abc-temp-dir>/stdcells.genlib".
ABC: + strash 
ABC: + ifraig 
ABC: + scorr 
ABC: Warning: The network is combinational (run "fraig" or "fraig_sweep").
ABC: + dc2 
ABC: + dretime 
ABC: + retime 
ABC: + strash 
ABC: + &get -n 
ABC: + &dch -f 
ABC: + &nf 
ABC: + &put 
ABC: + write_blif <abc-temp-dir>/output.blif 

7.2.2. Re-integrating ABC results.
ABC RESULTS:              NAND cells:     1179
ABC RESULTS:               NOR cells:      996
ABC RESULTS:               NOT cells:      416
ABC RESULTS:        internal signals:      864
ABC RESULTS:           input signals:      386
ABC RESULTS:          output signals:      303
Removing temp directory.

8. Executing OPT pass (performing simple optimizations).

8.1. Executing OPT_EXPR pass (perform const folding).
Optimizing module picorv32.
Optimizing module picorv32_pcpi_mul.

8.2. Executing OPT_MERGE pass (detect identical cells).
Finding identical cells in module `\picorv32'.
Finding identical cells in module `\picorv32_pcpi_mul'.
Removed a total of 0 cells.

8.3. Executing OPT_RMDFF pass (remove dff with constant values).
Removing $auto$simplemap.cc:420:simplemap_dff$16899 ($_DFF_P_) from module picorv32.
Removing $auto$simplemap.cc:420:simplemap_dff$16900 ($_DFF_P_) from module picorv32.
Removing $auto$simplemap.cc:420:simplemap_dff$16901 ($_DFF_P_) from module picorv32.
Removing $auto$simplemap.cc:420:simplemap_dff$16902 ($_DFF_P_) from module picorv32.
Removing $auto$simplemap.cc:420:simplemap_dff$16903 ($_DFF_P_) from module picorv32.
Removing $auto$simplemap.cc:420:simplemap_dff$16904 ($_DFF_P_) from module picorv32.
Removing $auto$simplemap.cc:420:simplemap_dff$16905 ($_DFF_P_) from module picorv32.
Removing $auto$simplemap.cc:420:simplemap_dff$16906 ($_DFF_P_) from module picorv32.
Removing $auto$simplemap.cc:420:simplemap_dff$16907 ($_DFF_P_) from module picorv32.
Removing $auto$simplemap.cc:420:simplemap_dff$16908 ($_DFF_P_) from module picorv32.
Removing $auto$simplemap.cc:420:simplemap_dff$16909 ($_DFF_P_) from module picorv32.
Removing $auto$simplemap.cc:420:simplemap_dff$16910 ($_DFF_P_) from module picorv32.
Removing $auto$simplemap.cc:420:simplemap_dff$16911 ($_DFF_P_) from module picorv32.
Removing $auto$simplemap.cc:420:simplemap_dff$16912 ($_DFF_P_) from module picorv32.
Removing $auto$simplemap.cc:420:simplemap_dff$16913 ($_DFF_P_) from module picorv32.
Removing $auto$simplemap.cc:420:simplemap_dff$16914 ($_DFF_P_) from module picorv32.
Removing $auto$simplemap.cc:420:simplemap_dff$16915 ($_DFF_P_) from module picorv32.
Removing $auto$simplemap.cc:420:simplemap_dff$16916 ($_DFF_P_) from module picorv32.
Removing $auto$simplemap.cc:420:simplemap_dff$16917 ($_DFF_P_) from module picorv32.
Removing $auto$simplemap.cc:420:simplemap_dff$16918 ($_DFF_P_) from module picorv32.
Removing $auto$simplemap.cc:420:simplemap_dff$16919 ($_DFF_P_) from module picorv32.
Removing $auto$simplemap.cc:420:simplemap_dff$16920 ($_DFF_P_) from module picorv32.
Removing $auto$simplemap.cc:420:simplemap_dff$16921 ($_DFF_P_) from module picorv32.
Removing $auto$simplemap.cc:420:simplemap_dff$16922 ($_DFF_P_) from module picorv32.
Removing $auto$simplemap.cc:420:simplemap_dff$16923 ($_DFF_P_) from module picorv32.
Removing $auto$simplemap.cc:420:simplemap_dff$16924 ($_DFF_P_) from module picorv32.
Removing $auto$simplemap.cc:420:simplemap_dff$16925 ($_DFF_P_) from module picorv32.
Removing $auto$simplemap.cc:420:simplemap_dff$16926 ($_DFF_P_) from module picorv32.
Removing $auto$simplemap.cc:420:simplemap_dff$16927 ($_DFF_P_) from module picorv32.
Removing $auto$simplemap.cc:420:simplemap_dff$16928 ($_DFF_P_) from module picorv32.
Removing $auto$simplemap.cc:420:simplemap_dff$16929 ($_DFF_P_) from module picorv32.
Removing $auto$simplemap.cc:420:simplemap_dff$16930 ($_DFF_P_) from module picorv32.
Replaced 32 DFF cells.

8.4. Executing OPT_CLEAN pass (remove unused cells and wires).
Finding unused cells or wires in module \picorv32..
Finding unused cells or wires in module \picorv32_pcpi_mul..
Removed 0 unused cells and 11426 unused wires.
<suppressed ~2 debug messages>

8.5. Rerunning OPT passes. (Removed registers in this run.)

8.6. Executing OPT_EXPR pass (perform const folding).
Optimizing module picorv32.
Optimizing module picorv32_pcpi_mul.

8.7. Executing OPT_MERGE pass (detect identical cells).
Finding identical cells in module `\picorv32'.
Finding identical cells in module `\picorv32_pcpi_mul'.
Removed a total of 0 cells.

8.8. Executing OPT_RMDFF pass (remove dff with constant values).

8.9. Executing OPT_CLEAN pass (remove unused cells and wires).
Finding unused cells or wires in module \picorv32..
Finding unused cells or wires in module \picorv32_pcpi_mul..

8.10. Finished fast OPT passes.

9. Printing statistics.

=== picorv32 ===

   Number of wires:              15949
   Number of wire bits:          18571
   Number of public wires:         184
   Number of public wire bits:    2343
   Number of memories:               0
   Number of memory bits:            0
   Number of processes:              0
   Number of cells:              17974
     $_DFF_P_                     1621
     $_NAND_                     10942
     $_NOR_                       4377
     $_NOT_                       1033
     picorv32_pcpi_mul               1

=== picorv32_pcpi_mul ===

   Number of wires:               2331
   Number of wire bits:           3308
   Number of public wires:          30
   Number of public wire bits:     718
   Number of memories:               0
   Number of memory bits:            0
   Number of processes:              0
   Number of cells:               2895
     $_DFF_P_                      304
     $_NAND_                      1179
     $_NOR_                        996
     $_NOT_                        416

=== design hierarchy ===

   picorv32                          1
     picorv32_pcpi_mul               1

   Number of wires:              18280
   Number of wire bits:          21879
   Number of public wires:         214
   Number of public wire bits:    3061
   Number of memories:               0
   Number of memory bits:            0
   Number of processes:              0
   Number of cells:              20868
     $_DFF_P_                     1925
     $_NAND_                     12121
     $_NOR_                       5373
     $_NOT_                       1449

End of script. Logfile hash: 0493a16b74
CPU: user 8.90s system 0.05s, MEM: 82.44 MB total, 74.25 MB resident
Yosys 0.9 (git sha1 1979e0b)
Time spent: 30% 21x opt_merge (2 sec), 20% 24x opt_clean (1 sec), ...
